weather,city,scenario,time_slice,severity,weather_year,analysis_state_sha256,zone,zone_label,floor,area_m2,high_tail_pct,mean_p_tail,mean_warm_tail,mean_cold_tail,mean_expected_tsv
ahmedabad_ssp245_baseline_2020s_heatwave_extreme_2029,Ahmedabad,ssp245,baseline_2020s,heatwave_extreme,2029,9436ee906dedc67f3c2b0e60fbc76f5c6f16b1a1019219ff5a71bc232e1f45b8,core_bottom,Core bottom,bottom,983.54,7.327586206896551,0.10203693551318033,0.07358003721636688,0.028456898296813454,0.24264749248325784
ahmedabad_ssp245_baseline_2020s_heatwave_extreme_2029,Ahmedabad,ssp245,baseline_2020s,heatwave_extreme,2029,9436ee906dedc67f3c2b0e60fbc76f5c6f16b1a1019219ff5a71bc232e1f45b8,core_mid,Core middle,middle,983.54,18.025622605363985,0.11974782839453865,0.09317909209647571,0.02656873629806294,0.296618313901126
ahmedabad_ssp245_baseline_2020s_heatwave_extreme_2029,Ahmedabad,ssp245,baseline_2020s,heatwave_extreme,2029,9436ee906dedc67f3c2b0e60fbc76f5c6f16b1a1019219ff5a71bc232e1f45b8,core_top,Core top,top,983.54,13.403975095785443,0.10655026610484512,0.07849908736729558,0.028051178737549545,0.24900374317602278
ahmedabad_ssp245_baseline_2020s_heatwave_extreme_2029,Ahmedabad,ssp245,baseline_2020s,heatwave_extreme,2029,9436ee906dedc67f3c2b0e60fbc76f5c6f16b1a1019219ff5a71bc232e1f45b8,perimeter_top_zn_3,Top P3,top,207.34,18.49257662835249,0.1234434123799819,0.09656774123910487,0.026875671140877022,0.31252780918517514
ahmedabad_ssp245_baseline_2020s_heatwave_extreme_2029,Ahmedabad,ssp245,baseline_2020s,heatwave_extreme,2029,9436ee906dedc67f3c2b0e60fbc76f5c6f16b1a1019219ff5a71bc232e1f45b8,perimeter_top_zn_2,Top P2,top,131.26,15.630986590038315,0.11475118124989181,0.08773175783813762,0.027019423411754197,0.2927013740264867
ahmedabad_ssp245_baseline_2020s_heatwave_extreme_2029,Ahmedabad,ssp245,baseline_2020s,heatwave_extreme,2029,9436ee906dedc67f3c2b0e60fbc76f5c6f16b1a1019219ff5a71bc232e1f45b8,perimeter_top_zn_1,Top P1,top,207.34,37.535919540229884,0.18972652458687383,0.1678181544873017,0.021908370099572146,0.5499358903465964
ahmedabad_ssp245_baseline_2020s_heatwave_extreme_2029,Ahmedabad,ssp245,baseline_2020s,heatwave_extreme,2029,9436ee906dedc67f3c2b0e60fbc76f5c6f16b1a1019219ff5a71bc232e1f45b8,perimeter_top_zn_4,Top P4,top,131.25,12.24257662835249,0.10645983472021939,0.07876657835726172,0.027693256362957653,0.2605197548213035
ahmedabad_ssp245_baseline_2020s_heatwave_extreme_2029,Ahmedabad,ssp245,baseline_2020s,heatwave_extreme,2029,9436ee906dedc67f3c2b0e60fbc76f5c6f16b1a1019219ff5a71bc232e1f45b8,perimeter_bot_zn_3,Bottom P3,bottom,207.34,14.032567049808428,0.11534613334886365,0.0881539139812665,0.027192219367597147,0.2800916419446564
ahmedabad_ssp245_baseline_2020s_heatwave_extreme_2029,Ahmedabad,ssp245,baseline_2020s,heatwave_extreme,2029,9436ee906dedc67f3c2b0e60fbc76f5c6f16b1a1019219ff5a71bc232e1f45b8,perimeter_bot_zn_2,Bottom P2,bottom,131.26,12.577825670498086,0.11253211999315556,0.08486223274405236,0.0276698872491032,0.2821351422615571
ahmedabad_ssp245_baseline_2020s_heatwave_extreme_2029,Ahmedabad,ssp245,baseline_2020s,heatwave_extreme,2029,9436ee906dedc67f3c2b0e60fbc76f5c6f16b1a1019219ff5a71bc232e1f45b8,perimeter_bot_zn_1,Bottom P1,bottom,207.34,52.74185823754789,0.2324766406639554,0.21384363226837638,0.01863300839557903,0.6972082140491876
ahmedabad_ssp245_baseline_2020s_heatwave_extreme_2029,Ahmedabad,ssp245,baseline_2020s,heatwave_extreme,2029,9436ee906dedc67f3c2b0e60fbc76f5c6f16b1a1019219ff5a71bc232e1f45b8,perimeter_bot_zn_4,Bottom P4,bottom,131.25,9.913793103448276,0.10227442849772582,0.07410574920367988,0.028168679294045935,0.24599070957721625
ahmedabad_ssp245_baseline_2020s_heatwave_extreme_2029,Ahmedabad,ssp245,baseline_2020s,heatwave_extreme,2029,9436ee906dedc67f3c2b0e60fbc76f5c6f16b1a1019219ff5a71bc232e1f45b8,perimeter_mid_zn_3,Middle P3,middle,207.34,23.13817049808429,0.13577481269198538,0.11011001516227883,0.025664797529706556,0.3574076267502729
ahmedabad_ssp245_baseline_2020s_heatwave_extreme_2029,Ahmedabad,ssp245,baseline_2020s,heatwave_extreme,2029,9436ee906dedc67f3c2b0e60fbc76f5c6f16b1a1019219ff5a71bc232e1f45b8,perimeter_mid_zn_2,Middle P2,middle,131.26,16.834291187739463,0.11655840166753882,0.0897862202644779,0.02677218140306092,0.29766202762181204
ahmedabad_ssp245_baseline_2020s_heatwave_extreme_2029,Ahmedabad,ssp245,baseline_2020s,heatwave_extreme,2029,9436ee906dedc67f3c2b0e60fbc76f5c6f16b1a1019219ff5a71bc232e1f45b8,perimeter_mid_zn_1,Middle P1,middle,207.34,45.390325670498086,0.21562760157015093,0.1955427151546685,0.020084886415482416,0.6339407505535374
ahmedabad_ssp245_baseline_2020s_heatwave_extreme_2029,Ahmedabad,ssp245,baseline_2020s,heatwave_extreme,2029,9436ee906dedc67f3c2b0e60fbc76f5c6f16b1a1019219ff5a71bc232e1f45b8,perimeter_mid_zn_4,Middle P4,middle,131.25,14.27801724137931,0.11005990356173999,0.08288492047915037,0.027174983082589615,0.2755889650313976
ahmedabad_ssp245_baseline_2020s_hot_2029,Ahmedabad,ssp245,baseline_2020s,hot,2029,9436ee906dedc67f3c2b0e60fbc76f5c6f16b1a1019219ff5a71bc232e1f45b8,core_bottom,Core bottom,bottom,983.54,7.327586206896551,0.10203693551318033,0.07358003721636688,0.028456898296813454,0.24264749248325784
ahmedabad_ssp245_baseline_2020s_hot_2029,Ahmedabad,ssp245,baseline_2020s,hot,2029,9436ee906dedc67f3c2b0e60fbc76f5c6f16b1a1019219ff5a71bc232e1f45b8,core_mid,Core middle,middle,983.54,18.025622605363985,0.11974782839453865,0.09317909209647571,0.02656873629806294,0.296618313901126
ahmedabad_ssp245_baseline_2020s_hot_2029,Ahmedabad,ssp245,baseline_2020s,hot,2029,9436ee906dedc67f3c2b0e60fbc76f5c6f16b1a1019219ff5a71bc232e1f45b8,core_top,Core top,top,983.54,13.403975095785443,0.10655026610484512,0.07849908736729558,0.028051178737549545,0.24900374317602278
ahmedabad_ssp245_baseline_2020s_hot_2029,Ahmedabad,ssp245,baseline_2020s,hot,2029,9436ee906dedc67f3c2b0e60fbc76f5c6f16b1a1019219ff5a71bc232e1f45b8,perimeter_top_zn_3,Top P3,top,207.34,18.49257662835249,0.1234434123799819,0.09656774123910487,0.026875671140877022,0.31252780918517514
ahmedabad_ssp245_baseline_2020s_hot_2029,Ahmedabad,ssp245,baseline_2020s,hot,2029,9436ee906dedc67f3c2b0e60fbc76f5c6f16b1a1019219ff5a71bc232e1f45b8,perimeter_top_zn_2,Top P2,top,131.26,15.630986590038315,0.11475118124989181,0.08773175783813762,0.027019423411754197,0.2927013740264867
ahmedabad_ssp245_baseline_2020s_hot_2029,Ahmedabad,ssp245,baseline_2020s,hot,2029,9436ee906dedc67f3c2b0e60fbc76f5c6f16b1a1019219ff5a71bc232e1f45b8,perimeter_top_zn_1,Top P1,top,207.34,37.535919540229884,0.18972652458687383,0.1678181544873017,0.021908370099572146,0.5499358903465964
ahmedabad_ssp245_baseline_2020s_hot_2029,Ahmedabad,ssp245,baseline_2020s,hot,2029,9436ee906dedc67f3c2b0e60fbc76f5c6f16b1a1019219ff5a71bc232e1f45b8,perimeter_top_zn_4,Top P4,top,131.25,12.24257662835249,0.10645983472021939,0.07876657835726172,0.027693256362957653,0.2605197548213035
ahmedabad_ssp245_baseline_2020s_hot_2029,Ahmedabad,ssp245,baseline_2020s,hot,2029,9436ee906dedc67f3c2b0e60fbc76f5c6f16b1a1019219ff5a71bc232e1f45b8,perimeter_bot_zn_3,Bottom P3,bottom,207.34,14.032567049808428,0.11534613334886365,0.0881539139812665,0.027192219367597147,0.2800916419446564
ahmedabad_ssp245_baseline_2020s_hot_2029,Ahmedabad,ssp245,baseline_2020s,hot,2029,9436ee906dedc67f3c2b0e60fbc76f5c6f16b1a1019219ff5a71bc232e1f45b8,perimeter_bot_zn_2,Bottom P2,bottom,131.26,12.577825670498086,0.11253211999315556,0.08486223274405236,0.0276698872491032,0.2821351422615571
ahmedabad_ssp245_baseline_2020s_hot_2029,Ahmedabad,ssp245,baseline_2020s,hot,2029,9436ee906dedc67f3c2b0e60fbc76f5c6f16b1a1019219ff5a71bc232e1f45b8,perimeter_bot_zn_1,Bottom P1,bottom,207.34,52.74185823754789,0.2324766406639554,0.21384363226837638,0.01863300839557903,0.6972082140491876
ahmedabad_ssp245_baseline_2020s_hot_2029,Ahmedabad,ssp245,baseline_2020s,hot,2029,9436ee906dedc67f3c2b0e60fbc76f5c6f16b1a1019219ff5a71bc232e1f45b8,perimeter_bot_zn_4,Bottom P4,bottom,131.25,9.913793103448276,0.10227442849772582,0.07410574920367988,0.028168679294045935,0.24599070957721625
ahmedabad_ssp245_baseline_2020s_hot_2029,Ahmedabad,ssp245,baseline_2020s,hot,2029,9436ee906dedc67f3c2b0e60fbc76f5c6f16b1a1019219ff5a71bc232e1f45b8,perimeter_mid_zn_3,Middle P3,middle,207.34,23.13817049808429,0.13577481269198538,0.11011001516227883,0.025664797529706556,0.3574076267502729
ahmedabad_ssp245_baseline_2020s_hot_2029,Ahmedabad,ssp245,baseline_2020s,hot,2029,9436ee906dedc67f3c2b0e60fbc76f5c6f16b1a1019219ff5a71bc232e1f45b8,perimeter_mid_zn_2,Middle P2,middle,131.26,16.834291187739463,0.11655840166753882,0.0897862202644779,0.02677218140306092,0.29766202762181204
ahmedabad_ssp245_baseline_2020s_hot_2029,Ahmedabad,ssp245,baseline_2020s,hot,2029,9436ee906dedc67f3c2b0e60fbc76f5c6f16b1a1019219ff5a71bc232e1f45b8,perimeter_mid_zn_1,Middle P1,middle,207.34,45.390325670498086,0.21562760157015093,0.1955427151546685,0.020084886415482416,0.6339407505535374
ahmedabad_ssp245_baseline_2020s_hot_2029,Ahmedabad,ssp245,baseline_2020s,hot,2029,9436ee906dedc67f3c2b0e60fbc76f5c6f16b1a1019219ff5a71bc232e1f45b8,perimeter_mid_zn_4,Middle P4,middle,131.25,14.27801724137931,0.11005990356173999,0.08288492047915037,0.027174983082589615,0.2755889650313976
ahmedabad_ssp245_baseline_2020s_typical_2025,Ahmedabad,ssp245,baseline_2020s,typical,2025,230f4d3a6394e63152852cb7bb21641d03e0d52a1c8304ce6b3cf4bed5a3c611,core_bottom,Core bottom,bottom,983.54,2.6281130268199235,0.08532969829232978,0.05490978091842115,0.03041991737390863,0.17879937105494023
ahmedabad_ssp245_baseline_2020s_typical_2025,Ahmedabad,ssp245,baseline_2020s,typical,2025,230f4d3a6394e63152852cb7bb21641d03e0d52a1c8304ce6b3cf4bed5a3c611,core_mid,Core middle,middle,983.54,8.339319923371647,0.09418737808978064,0.0655938894601099,0.028593488629670746,0.20852322631925468
ahmedabad_ssp245_baseline_2020s_typical_2025,Ahmedabad,ssp245,baseline_2020s,typical,2025,230f4d3a6394e63152852cb7bb21641d03e0d52a1c8304ce6b3cf4bed5a3c611,core_top,Core top,top,983.54,6.752873563218391,0.087644729288102,0.057771465358009,0.029873263930093,0.17708837331785107
ahmedabad_ssp245_baseline_2020s_typical_2025,Ahmedabad,ssp245,baseline_2020s,typical,2025,230f4d3a6394e63152852cb7bb21641d03e0d52a1c8304ce6b3cf4bed5a3c611,perimeter_top_zn_3,Top P3,top,207.34,10.853687739463602,0.10109533581120998,0.0722078180405685,0.028887517770641472,0.23003138850105123
ahmedabad_ssp245_baseline_2020s_typical_2025,Ahmedabad,ssp245,baseline_2020s,typical,2025,230f4d3a6394e63152852cb7bb21641d03e0d52a1c8304ce6b3cf4bed5a3c611,perimeter_top_zn_2,Top P2,top,131.26,8.90205938697318,0.09767751465723,0.0688478219494807,0.0288296927077493,0.22993565346804717
ahmedabad_ssp245_baseline_2020s_typical_2025,Ahmedabad,ssp245,baseline_2020s,typical,2025,230f4d3a6394e63152852cb7bb21641d03e0d52a1c8304ce6b3cf4bed5a3c611,perimeter_top_zn_1,Top P1,top,207.34,29.669540229885055,0.16531363201325783,0.1410522125315138,0.02426141948174403,0.46245614994326195
ahmedabad_ssp245_baseline_2020s_typical_2025,Ahmedabad,ssp245,baseline_2020s,typical,2025,230f4d3a6394e63152852cb7bb21641d03e0d52a1c8304ce6b3cf4bed5a3c611,perimeter_top_zn_4,Top P4,top,131.25,7.26772030651341,0.09333516003461301,0.06428534325803907,0.02904981677657394,0.21237296492547716
ahmedabad_ssp245_baseline_2020s_typical_2025,Ahmedabad,ssp245,baseline_2020s,typical,2025,230f4d3a6394e63152852cb7bb21641d03e0d52a1c8304ce6b3cf4bed5a3c611,perimeter_bot_zn_3,Bottom P3,bottom,207.34,5.890804597701149,0.09078760779813394,0.0616679953679289,0.029119612430205048,0.19015304750857043
ahmedabad_ssp245_baseline_2020s_typical_2025,Ahmedabad,ssp245,baseline_2020s,typical,2025,230f4d3a6394e63152852cb7bb21641d03e0d52a1c8304ce6b3cf4bed5a3c611,perimeter_bot_zn_2,Bottom P2,bottom,131.26,6.327825670498084,0.09339844376868017,0.06407466244695831,0.02932378132172186,0.21573772607027217
ahmedabad_ssp245_baseline_2020s_typical_2025,Ahmedabad,ssp245,baseline_2020s,typical,2025,230f4d3a6394e63152852cb7bb21641d03e0d52a1c8304ce6b3cf4bed5a3c611,perimeter_bot_zn_1,Bottom P1,bottom,207.34,42.792145593869726,0.204324199818005,0.1837406944157578,0.02058350540224721,0.6046153943128559
ahmedabad_ssp245_baseline_2020s_typical_2025,Ahmedabad,ssp245,baseline_2020s,typical,2025,230f4d3a6394e63152852cb7bb21641d03e0d52a1c8304ce6b3cf4bed5a3c611,perimeter_bot_zn_4,Bottom P4,bottom,131.25,5.064655172413793,0.08819783526352652,0.05834759077480084,0.02985024448872568,0.192917319625057
ahmedabad_ssp245_baseline_2020s_typical_2025,Ahmedabad,ssp245,baseline_2020s,typical,2025,230f4d3a6394e63152852cb7bb21641d03e0d52a1c8304ce6b3cf4bed5a3c611,perimeter_mid_zn_3,Middle P3,middle,207.34,13.212404214559387,0.10769388540216943,0.0799728345737094,0.027721050828460013,0.2605560275756557
ahmedabad_ssp245_baseline_2020s_typical_2025,Ahmedabad,ssp245,baseline_2020s,typical,2025,230f4d3a6394e63152852cb7bb21641d03e0d52a1c8304ce6b3cf4bed5a3c611,perimeter_mid_zn_2,Middle P2,middle,131.26,8.866139846743296,0.09714236725430338,0.06851992649442143,0.02862244075988194,0.22780124545216107
ahmedabad_ssp245_baseline_2020s_typical_2025,Ahmedabad,ssp245,baseline_2020s,typical,2025,230f4d3a6394e63152852cb7bb21641d03e0d52a1c8304ce6b3cf4bed5a3c611,perimeter_mid_zn_1,Middle P1,middle,207.34,35.06944444444444,0.18682970032812074,0.16431420002448446,0.022515500303636277,0.5363951598192782
ahmedabad_ssp245_baseline_2020s_typical_2025,Ahmedabad,ssp245,baseline_2020s,typical,2025,230f4d3a6394e63152852cb7bb21641d03e0d52a1c8304ce6b3cf4bed5a3c611,perimeter_mid_zn_4,Middle P4,middle,131.25,7.363505747126436,0.09366785847600935,0.06504268723776853,0.02862517123824082,0.21624171053739896
ahmedabad_ssp245_late_2080s_heatwave_extreme_2081,Ahmedabad,ssp245,late_2080s,heatwave_extreme,2081,938bd161cc876d9d0cb1f0b68ebf0355715c8cde89fca9074f2743aecf88c3da,core_bottom,Core bottom,bottom,983.54,8.866139846743296,0.10367518815525459,0.07446389171380507,0.029211296441449524,0.23369088904177734
ahmedabad_ssp245_late_2080s_heatwave_extreme_2081,Ahmedabad,ssp245,late_2080s,heatwave_extreme,2081,938bd161cc876d9d0cb1f0b68ebf0355715c8cde89fca9074f2743aecf88c3da,core_mid,Core middle,middle,983.54,20.55795019157088,0.1231384628231127,0.09606644056305437,0.027072022260058316,0.30153470959870293
ahmedabad_ssp245_late_2080s_heatwave_extreme_2081,Ahmedabad,ssp245,late_2080s,heatwave_extreme,2081,938bd161cc876d9d0cb1f0b68ebf0355715c8cde89fca9074f2743aecf88c3da,core_top,Core top,top,983.54,16.169779693486593,0.1121035857653331,0.08359064957572118,0.02851293618961191,0.2540963047116419
ahmedabad_ssp245_late_2080s_heatwave_extreme_2081,Ahmedabad,ssp245,late_2080s,heatwave_extreme,2081,938bd161cc876d9d0cb1f0b68ebf0355715c8cde89fca9074f2743aecf88c3da,perimeter_top_zn_3,Top P3,top,207.34,21.857040229885058,0.13177951434615187,0.10505255427657782,0.026726960069574063,0.33021472512914146
ahmedabad_ssp245_late_2080s_heatwave_extreme_2081,Ahmedabad,ssp245,late_2080s,heatwave_extreme,2081,938bd161cc876d9d0cb1f0b68ebf0355715c8cde89fca9074f2743aecf88c3da,perimeter_top_zn_2,Top P2,top,131.26,18.259099616858236,0.12117388665357927,0.09407467237850776,0.0270992142750715,0.30560809858583077
ahmedabad_ssp245_late_2080s_heatwave_extreme_2081,Ahmedabad,ssp245,late_2080s,heatwave_extreme,2081,938bd161cc876d9d0cb1f0b68ebf0355715c8cde89fca9074f2743aecf88c3da,perimeter_top_zn_1,Top P1,top,207.34,42.1036877394636,0.20007403519088662,0.17787518638920555,0.022198848801681065,0.5712792301110495
ahmedabad_ssp245_late_2080s_heatwave_extreme_2081,Ahmedabad,ssp245,late_2080s,heatwave_extreme,2081,938bd161cc876d9d0cb1f0b68ebf0355715c8cde89fca9074f2743aecf88c3da,perimeter_top_zn_4,Top P4,top,131.25,13.864942528735632,0.11033525032123886,0.08263419510816068,0.027701055213078182,0.2648334665712518
ahmedabad_ssp245_late_2080s_heatwave_extreme_2081,Ahmedabad,ssp245,late_2080s,heatwave_extreme,2081,938bd161cc876d9d0cb1f0b68ebf0355715c8cde89fca9074f2743aecf88c3da,perimeter_bot_zn_3,Bottom P3,bottom,207.34,17.037835249042146,0.11911171381314949,0.09165117100282158,0.027460542810327906,0.28399169508943173
ahmedabad_ssp245_late_2080s_heatwave_extreme_2081,Ahmedabad,ssp245,late_2080s,heatwave_extreme,2081,938bd161cc876d9d0cb1f0b68ebf0355715c8cde89fca9074f2743aecf88c3da,perimeter_bot_zn_2,Bottom P2,bottom,131.26,14.906609195402298,0.11487519422735204,0.08687912837044208,0.027996065856909967,0.2820710867107563
ahmedabad_ssp245_late_2080s_heatwave_extreme_2081,Ahmedabad,ssp245,late_2080s,heatwave_extreme,2081,938bd161cc876d9d0cb1f0b68ebf0355715c8cde89fca9074f2743aecf88c3da,perimeter_bot_zn_1,Bottom P1,bottom,207.34,57.189894636015325,0.24557611132356746,0.2272275844129459,0.01834852691062158,0.7372748972018719
ahmedabad_ssp245_late_2080s_heatwave_extreme_2081,Ahmedabad,ssp245,late_2080s,heatwave_extreme,2081,938bd161cc876d9d0cb1f0b68ebf0355715c8cde89fca9074f2743aecf88c3da,perimeter_bot_zn_4,Bottom P4,bottom,131.25,11.26676245210728,0.10527914042425252,0.07663076616736919,0.028648374256883324,0.24322676675205912
ahmedabad_ssp245_late_2080s_heatwave_extreme_2081,Ahmedabad,ssp245,late_2080s,heatwave_extreme,2081,938bd161cc876d9d0cb1f0b68ebf0355715c8cde89fca9074f2743aecf88c3da,perimeter_mid_zn_3,Middle P3,middle,207.34,26.10751915708812,0.14181916118212037,0.1162417051440905,0.025577456038029862,0.3700420734899727
ahmedabad_ssp245_late_2080s_heatwave_extreme_2081,Ahmedabad,ssp245,late_2080s,heatwave_extreme,2081,938bd161cc876d9d0cb1f0b68ebf0355715c8cde89fca9074f2743aecf88c3da,perimeter_mid_zn_2,Middle P2,middle,131.26,18.827825670498086,0.12179534752354547,0.09487948993369678,0.026915857589848685,0.3076592307319571
ahmedabad_ssp245_late_2080s_heatwave_extreme_2081,Ahmedabad,ssp245,late_2080s,heatwave_extreme,2081,938bd161cc876d9d0cb1f0b68ebf0355715c8cde89fca9074f2743aecf88c3da,perimeter_mid_zn_1,Middle P1,middle,207.34,49.5749521072797,0.22475444295844357,0.20457414050853698,0.020180302449906606,0.6558085446570334
ahmedabad_ssp245_late_2080s_heatwave_extreme_2081,Ahmedabad,ssp245,late_2080s,heatwave_extreme,2081,938bd161cc876d9d0cb1f0b68ebf0355715c8cde89fca9074f2743aecf88c3da,perimeter_mid_zn_4,Middle P4,middle,131.25,15.613026819923373,0.11438342052100069,0.08720411510867784,0.027179305412322843,0.2805475699951872
ahmedabad_ssp245_late_2080s_hot_2081,Ahmedabad,ssp245,late_2080s,hot,2081,938bd161cc876d9d0cb1f0b68ebf0355715c8cde89fca9074f2743aecf88c3da,core_bottom,Core bottom,bottom,983.54,8.866139846743296,0.10367518815525459,0.07446389171380507,0.029211296441449524,0.23369088904177734
ahmedabad_ssp245_late_2080s_hot_2081,Ahmedabad,ssp245,late_2080s,hot,2081,938bd161cc876d9d0cb1f0b68ebf0355715c8cde89fca9074f2743aecf88c3da,core_mid,Core middle,middle,983.54,20.55795019157088,0.1231384628231127,0.09606644056305437,0.027072022260058316,0.30153470959870293
ahmedabad_ssp245_late_2080s_hot_2081,Ahmedabad,ssp245,late_2080s,hot,2081,938bd161cc876d9d0cb1f0b68ebf0355715c8cde89fca9074f2743aecf88c3da,core_top,Core top,top,983.54,16.169779693486593,0.1121035857653331,0.08359064957572118,0.02851293618961191,0.2540963047116419
ahmedabad_ssp245_late_2080s_hot_2081,Ahmedabad,ssp245,late_2080s,hot,2081,938bd161cc876d9d0cb1f0b68ebf0355715c8cde89fca9074f2743aecf88c3da,perimeter_top_zn_3,Top P3,top,207.34,21.857040229885058,0.13177951434615187,0.10505255427657782,0.026726960069574063,0.33021472512914146
ahmedabad_ssp245_late_2080s_hot_2081,Ahmedabad,ssp245,late_2080s,hot,2081,938bd161cc876d9d0cb1f0b68ebf0355715c8cde89fca9074f2743aecf88c3da,perimeter_top_zn_2,Top P2,top,131.26,18.259099616858236,0.12117388665357927,0.09407467237850776,0.0270992142750715,0.30560809858583077
ahmedabad_ssp245_late_2080s_hot_2081,Ahmedabad,ssp245,late_2080s,hot,2081,938bd161cc876d9d0cb1f0b68ebf0355715c8cde89fca9074f2743aecf88c3da,perimeter_top_zn_1,Top P1,top,207.34,42.1036877394636,0.20007403519088662,0.17787518638920555,0.022198848801681065,0.5712792301110495
ahmedabad_ssp245_late_2080s_hot_2081,Ahmedabad,ssp245,late_2080s,hot,2081,938bd161cc876d9d0cb1f0b68ebf0355715c8cde89fca9074f2743aecf88c3da,perimeter_top_zn_4,Top P4,top,131.25,13.864942528735632,0.11033525032123886,0.08263419510816068,0.027701055213078182,0.2648334665712518
ahmedabad_ssp245_late_2080s_hot_2081,Ahmedabad,ssp245,late_2080s,hot,2081,938bd161cc876d9d0cb1f0b68ebf0355715c8cde89fca9074f2743aecf88c3da,perimeter_bot_zn_3,Bottom P3,bottom,207.34,17.037835249042146,0.11911171381314949,0.09165117100282158,0.027460542810327906,0.28399169508943173
ahmedabad_ssp245_late_2080s_hot_2081,Ahmedabad,ssp245,late_2080s,hot,2081,938bd161cc876d9d0cb1f0b68ebf0355715c8cde89fca9074f2743aecf88c3da,perimeter_bot_zn_2,Bottom P2,bottom,131.26,14.906609195402298,0.11487519422735204,0.08687912837044208,0.027996065856909967,0.2820710867107563
ahmedabad_ssp245_late_2080s_hot_2081,Ahmedabad,ssp245,late_2080s,hot,2081,938bd161cc876d9d0cb1f0b68ebf0355715c8cde89fca9074f2743aecf88c3da,perimeter_bot_zn_1,Bottom P1,bottom,207.34,57.189894636015325,0.24557611132356746,0.2272275844129459,0.01834852691062158,0.7372748972018719
ahmedabad_ssp245_late_2080s_hot_2081,Ahmedabad,ssp245,late_2080s,hot,2081,938bd161cc876d9d0cb1f0b68ebf0355715c8cde89fca9074f2743aecf88c3da,perimeter_bot_zn_4,Bottom P4,bottom,131.25,11.26676245210728,0.10527914042425252,0.07663076616736919,0.028648374256883324,0.24322676675205912
ahmedabad_ssp245_late_2080s_hot_2081,Ahmedabad,ssp245,late_2080s,hot,2081,938bd161cc876d9d0cb1f0b68ebf0355715c8cde89fca9074f2743aecf88c3da,perimeter_mid_zn_3,Middle P3,middle,207.34,26.10751915708812,0.14181916118212037,0.1162417051440905,0.025577456038029862,0.3700420734899727
ahmedabad_ssp245_late_2080s_hot_2081,Ahmedabad,ssp245,late_2080s,hot,2081,938bd161cc876d9d0cb1f0b68ebf0355715c8cde89fca9074f2743aecf88c3da,perimeter_mid_zn_2,Middle P2,middle,131.26,18.827825670498086,0.12179534752354547,0.09487948993369678,0.026915857589848685,0.3076592307319571
ahmedabad_ssp245_late_2080s_hot_2081,Ahmedabad,ssp245,late_2080s,hot,2081,938bd161cc876d9d0cb1f0b68ebf0355715c8cde89fca9074f2743aecf88c3da,perimeter_mid_zn_1,Middle P1,middle,207.34,49.5749521072797,0.22475444295844357,0.20457414050853698,0.020180302449906606,0.6558085446570334
ahmedabad_ssp245_late_2080s_hot_2081,Ahmedabad,ssp245,late_2080s,hot,2081,938bd161cc876d9d0cb1f0b68ebf0355715c8cde89fca9074f2743aecf88c3da,perimeter_mid_zn_4,Middle P4,middle,131.25,15.613026819923373,0.11438342052100069,0.08720411510867784,0.027179305412322843,0.2805475699951872
ahmedabad_ssp245_late_2080s_typical_2086,Ahmedabad,ssp245,late_2080s,typical,2086,684693e80f1e7728fba0439ed5181649bf62b91ae747fb1c452c76be2c2cb689,core_bottom,Core bottom,bottom,983.54,6.770833333333333,0.0941645024603221,0.06386012216253605,0.03030438029778605,0.20480467224768728
ahmedabad_ssp245_late_2080s_typical_2086,Ahmedabad,ssp245,late_2080s,typical,2086,684693e80f1e7728fba0439ed5181649bf62b91ae747fb1c452c76be2c2cb689,core_mid,Core middle,middle,983.54,13.781130268199234,0.10794109087965943,0.07954732663748817,0.028393764242171257,0.24601240918173842
ahmedabad_ssp245_late_2080s_typical_2086,Ahmedabad,ssp245,late_2080s,typical,2086,684693e80f1e7728fba0439ed5181649bf62b91ae747fb1c452c76be2c2cb689,core_top,Core top,top,983.54,12.182710727969347,0.10209554919817572,0.07278243269848501,0.029313116499690706,0.2211499004012115
ahmedabad_ssp245_late_2080s_typical_2086,Ahmedabad,ssp245,late_2080s,typical,2086,684693e80f1e7728fba0439ed5181649bf62b91ae747fb1c452c76be2c2cb689,perimeter_top_zn_3,Top P3,top,207.34,15.966235632183908,0.11722065414873757,0.08897231889721827,0.028248335251519305,0.2766396393101787
ahmedabad_ssp245_late_2080s_typical_2086,Ahmedabad,ssp245,late_2080s,typical,2086,684693e80f1e7728fba0439ed5181649bf62b91ae747fb1c452c76be2c2cb689,perimeter_top_zn_2,Top P2,top,131.26,13.523706896551724,0.11156692766441502,0.0832998882689789,0.028267039395436122,0.27303585307916073
ahmedabad_ssp245_late_2080s_typical_2086,Ahmedabad,ssp245,late_2080s,typical,2086,684693e80f1e7728fba0439ed5181649bf62b91ae747fb1c452c76be2c2cb689,perimeter_top_zn_1,Top P1,top,207.34,35.06345785440613,0.18137847362058857,0.15757611161928625,0.023802362001302316,0.5059128948688232
ahmedabad_ssp245_late_2080s_typical_2086,Ahmedabad,ssp245,late_2080s,typical,2086,684693e80f1e7728fba0439ed5181649bf62b91ae747fb1c452c76be2c2cb689,perimeter_top_zn_4,Top P4,top,131.25,10.308908045977011,0.10253193748825952,0.07396474769007784,0.028567189798181673,0.24090439687313261
ahmedabad_ssp245_late_2080s_typical_2086,Ahmedabad,ssp245,late_2080s,typical,2086,684693e80f1e7728fba0439ed5181649bf62b91ae747fb1c452c76be2c2cb689,perimeter_bot_zn_3,Bottom P3,bottom,207.34,11.727729885057471,0.10343699248463462,0.07464576282270183,0.02879122966193278,0.22605642360754116
ahmedabad_ssp245_late_2080s_typical_2086,Ahmedabad,ssp245,late_2080s,typical,2086,684693e80f1e7728fba0439ed5181649bf62b91ae747fb1c452c76be2c2cb689,perimeter_bot_zn_2,Bottom P2,bottom,131.26,10.644157088122604,0.10387111903356488,0.07462459085775687,0.029246528175808008,0.2441387089979932
ahmedabad_ssp245_late_2080s_typical_2086,Ahmedabad,ssp245,late_2080s,typical,2086,684693e80f1e7728fba0439ed5181649bf62b91ae747fb1c452c76be2c2cb689,perimeter_bot_zn_1,Bottom P1,bottom,207.34,46.809147509578544,0.21685551238111672,0.19654289040276496,0.020312621978351757,0.6366269350364263
ahmedabad_ssp245_late_2080s_typical_2086,Ahmedabad,ssp245,late_2080s,typical,2086,684693e80f1e7728fba0439ed5181649bf62b91ae747fb1c452c76be2c2cb689,perimeter_bot_zn_4,Bottom P4,bottom,131.25,8.057950191570882,0.0962451998524996,0.0666111279982615,0.02963407185423811,0.21726556987883283
ahmedabad_ssp245_late_2080s_typical_2086,Ahmedabad,ssp245,late_2080s,typical,2086,684693e80f1e7728fba0439ed5181649bf62b91ae747fb1c452c76be2c2cb689,perimeter_mid_zn_3,Middle P3,middle,207.34,17.983716475095786,0.12303046695500548,0.0956007410155835,0.027429725939421994,0.3008458888016138
ahmedabad_ssp245_late_2080s_typical_2086,Ahmedabad,ssp245,late_2080s,typical,2086,684693e80f1e7728fba0439ed5181649bf62b91ae747fb1c452c76be2c2cb689,perimeter_mid_zn_2,Middle P2,middle,131.26,13.080699233716475,0.1098415663076301,0.08166123827903976,0.02818032802859035,0.2675855840167039
ahmedabad_ssp245_late_2080s_typical_2086,Ahmedabad,ssp245,late_2080s,typical,2086,684693e80f1e7728fba0439ed5181649bf62b91ae747fb1c452c76be2c2cb689,perimeter_mid_zn_1,Middle P1,middle,207.34,40.433429118773944,0.2020522814439563,0.17979515300538673,0.022257128438569553,0.5743778783124522
ahmedabad_ssp245_late_2080s_typical_2086,Ahmedabad,ssp245,late_2080s,typical,2086,684693e80f1e7728fba0439ed5181649bf62b91ae747fb1c452c76be2c2cb689,perimeter_mid_zn_4,Middle P4,middle,131.25,10.96743295019157,0.10375248193354467,0.07546718907486773,0.02828529285867694,0.24702982382086006
ahmedabad_ssp245_mid_2050s_heatwave_extreme_2059,Ahmedabad,ssp245,mid_2050s,heatwave_extreme,2059,fb6d6335ff6678fe333abc3a6e5c05bff8b29b7c81c3f92a26cfe467e02670e3,core_bottom,Core bottom,bottom,983.54,12.332375478927203,0.10747472814479295,0.07811054515803342,0.029364182986759524,0.24777245300625836
ahmedabad_ssp245_mid_2050s_heatwave_extreme_2059,Ahmedabad,ssp245,mid_2050s,heatwave_extreme,2059,fb6d6335ff6678fe333abc3a6e5c05bff8b29b7c81c3f92a26cfe467e02670e3,core_mid,Core middle,middle,983.54,20.04310344827586,0.12333437197567838,0.0957538429765326,0.027580528999145777,0.2970214100001766
ahmedabad_ssp245_mid_2050s_heatwave_extreme_2059,Ahmedabad,ssp245,mid_2050s,heatwave_extreme,2059,fb6d6335ff6678fe333abc3a6e5c05bff8b29b7c81c3f92a26cfe467e02670e3,core_top,Core top,top,983.54,17.708333333333336,0.11558443761947915,0.08694261541395847,0.028641822205520688,0.2632152709408408
ahmedabad_ssp245_mid_2050s_heatwave_extreme_2059,Ahmedabad,ssp245,mid_2050s,heatwave_extreme,2059,fb6d6335ff6678fe333abc3a6e5c05bff8b29b7c81c3f92a26cfe467e02670e3,perimeter_top_zn_3,Top P3,top,207.34,21.49185823754789,0.1314381236969897,0.10419805366825803,0.027240070028731668,0.3253397320354844
ahmedabad_ssp245_mid_2050s_heatwave_extreme_2059,Ahmedabad,ssp245,mid_2050s,heatwave_extreme,2059,fb6d6335ff6678fe333abc3a6e5c05bff8b29b7c81c3f92a26cfe467e02670e3,perimeter_top_zn_2,Top P2,top,131.26,19.067289272030653,0.12471792450559618,0.09759340748082493,0.02712451702477125,0.3156416987979955
ahmedabad_ssp245_mid_2050s_heatwave_extreme_2059,Ahmedabad,ssp245,mid_2050s,heatwave_extreme,2059,fb6d6335ff6678fe333abc3a6e5c05bff8b29b7c81c3f92a26cfe467e02670e3,perimeter_top_zn_1,Top P1,top,207.34,40.002394636015325,0.1909382737263179,0.16829458661095312,0.02264368711536475,0.5468450096244184
ahmedabad_ssp245_mid_2050s_heatwave_extreme_2059,Ahmedabad,ssp245,mid_2050s,heatwave_extreme,2059,fb6d6335ff6678fe333abc3a6e5c05bff8b29b7c81c3f92a26cfe467e02670e3,perimeter_top_zn_4,Top P4,top,131.25,14.475574712643677,0.11236316863796952,0.084825748649916,0.02753741998805353,0.2731282860924922
ahmedabad_ssp245_mid_2050s_heatwave_extreme_2059,Ahmedabad,ssp245,mid_2050s,heatwave_extreme,2059,fb6d6335ff6678fe333abc3a6e5c05bff8b29b7c81c3f92a26cfe467e02670e3,perimeter_bot_zn_3,Bottom P3,bottom,207.34,18.259099616858236,0.12068769999708562,0.09295015656073725,0.027737543436348367,0.2849665015437277
ahmedabad_ssp245_mid_2050s_heatwave_extreme_2059,Ahmedabad,ssp245,mid_2050s,heatwave_extreme,2059,fb6d6335ff6678fe333abc3a6e5c05bff8b29b7c81c3f92a26cfe467e02670e3,perimeter_bot_zn_2,Bottom P2,bottom,131.26,16.349377394636015,0.11842309542682337,0.09033545372514562,0.028087641701677754,0.29104315984791895
ahmedabad_ssp245_mid_2050s_heatwave_extreme_2059,Ahmedabad,ssp245,mid_2050s,heatwave_extreme,2059,fb6d6335ff6678fe333abc3a6e5c05bff8b29b7c81c3f92a26cfe467e02670e3,perimeter_bot_zn_1,Bottom P1,bottom,207.34,52.843630268199234,0.23160393900387735,0.212798920583876,0.018805018420001336,0.696656743727276
ahmedabad_ssp245_mid_2050s_heatwave_extreme_2059,Ahmedabad,ssp245,mid_2050s,heatwave_extreme,2059,fb6d6335ff6678fe333abc3a6e5c05bff8b29b7c81c3f92a26cfe467e02670e3,perimeter_bot_zn_4,Bottom P4,bottom,131.25,13.098659003831417,0.10900652271792337,0.08055280163707756,0.028453721080845807,0.2575256349163869
ahmedabad_ssp245_mid_2050s_heatwave_extreme_2059,Ahmedabad,ssp245,mid_2050s,heatwave_extreme,2059,fb6d6335ff6678fe333abc3a6e5c05bff8b29b7c81c3f92a26cfe467e02670e3,perimeter_mid_zn_3,Middle P3,middle,207.34,23.37763409961686,0.13703054555165067,0.11066521098045543,0.02636533457119523,0.3523340192664424
ahmedabad_ssp245_mid_2050s_heatwave_extreme_2059,Ahmedabad,ssp245,mid_2050s,heatwave_extreme,2059,fb6d6335ff6678fe333abc3a6e5c05bff8b29b7c81c3f92a26cfe467e02670e3,perimeter_mid_zn_2,Middle P2,middle,131.26,18.983477011494255,0.12330830155297426,0.0961377964848144,0.02717050506815986,0.3107214314682253
ahmedabad_ssp245_mid_2050s_heatwave_extreme_2059,Ahmedabad,ssp245,mid_2050s,heatwave_extreme,2059,fb6d6335ff6678fe333abc3a6e5c05bff8b29b7c81c3f92a26cfe467e02670e3,perimeter_mid_zn_1,Middle P1,middle,207.34,45.76149425287356,0.2131589666142955,0.19229546885302298,0.02086349776127254,0.6224547739344439
ahmedabad_ssp245_mid_2050s_heatwave_extreme_2059,Ahmedabad,ssp245,mid_2050s,heatwave_extreme,2059,fb6d6335ff6678fe333abc3a6e5c05bff8b29b7c81c3f92a26cfe467e02670e3,perimeter_mid_zn_4,Middle P4,middle,131.25,15.834530651340998,0.11518867916043515,0.08794076724461426,0.027247911915820898,0.2838839583447988
ahmedabad_ssp245_mid_2050s_hot_2059,Ahmedabad,ssp245,mid_2050s,hot,2059,fb6d6335ff6678fe333abc3a6e5c05bff8b29b7c81c3f92a26cfe467e02670e3,core_bottom,Core bottom,bottom,983.54,12.332375478927203,0.10747472814479295,0.07811054515803342,0.029364182986759524,0.24777245300625836
ahmedabad_ssp245_mid_2050s_hot_2059,Ahmedabad,ssp245,mid_2050s,hot,2059,fb6d6335ff6678fe333abc3a6e5c05bff8b29b7c81c3f92a26cfe467e02670e3,core_mid,Core middle,middle,983.54,20.04310344827586,0.12333437197567838,0.0957538429765326,0.027580528999145777,0.2970214100001766
ahmedabad_ssp245_mid_2050s_hot_2059,Ahmedabad,ssp245,mid_2050s,hot,2059,fb6d6335ff6678fe333abc3a6e5c05bff8b29b7c81c3f92a26cfe467e02670e3,core_top,Core top,top,983.54,17.708333333333336,0.11558443761947915,0.08694261541395847,0.028641822205520688,0.2632152709408408
ahmedabad_ssp245_mid_2050s_hot_2059,Ahmedabad,ssp245,mid_2050s,hot,2059,fb6d6335ff6678fe333abc3a6e5c05bff8b29b7c81c3f92a26cfe467e02670e3,perimeter_top_zn_3,Top P3,top,207.34,21.49185823754789,0.1314381236969897,0.10419805366825803,0.027240070028731668,0.3253397320354844
ahmedabad_ssp245_mid_2050s_hot_2059,Ahmedabad,ssp245,mid_2050s,hot,2059,fb6d6335ff6678fe333abc3a6e5c05bff8b29b7c81c3f92a26cfe467e02670e3,perimeter_top_zn_2,Top P2,top,131.26,19.067289272030653,0.12471792450559618,0.09759340748082493,0.02712451702477125,0.3156416987979955
ahmedabad_ssp245_mid_2050s_hot_2059,Ahmedabad,ssp245,mid_2050s,hot,2059,fb6d6335ff6678fe333abc3a6e5c05bff8b29b7c81c3f92a26cfe467e02670e3,perimeter_top_zn_1,Top P1,top,207.34,40.002394636015325,0.1909382737263179,0.16829458661095312,0.02264368711536475,0.5468450096244184
ahmedabad_ssp245_mid_2050s_hot_2059,Ahmedabad,ssp245,mid_2050s,hot,2059,fb6d6335ff6678fe333abc3a6e5c05bff8b29b7c81c3f92a26cfe467e02670e3,perimeter_top_zn_4,Top P4,top,131.25,14.475574712643677,0.11236316863796952,0.084825748649916,0.02753741998805353,0.2731282860924922
ahmedabad_ssp245_mid_2050s_hot_2059,Ahmedabad,ssp245,mid_2050s,hot,2059,fb6d6335ff6678fe333abc3a6e5c05bff8b29b7c81c3f92a26cfe467e02670e3,perimeter_bot_zn_3,Bottom P3,bottom,207.34,18.259099616858236,0.12068769999708562,0.09295015656073725,0.027737543436348367,0.2849665015437277
ahmedabad_ssp245_mid_2050s_hot_2059,Ahmedabad,ssp245,mid_2050s,hot,2059,fb6d6335ff6678fe333abc3a6e5c05bff8b29b7c81c3f92a26cfe467e02670e3,perimeter_bot_zn_2,Bottom P2,bottom,131.26,16.349377394636015,0.11842309542682337,0.09033545372514562,0.028087641701677754,0.29104315984791895
ahmedabad_ssp245_mid_2050s_hot_2059,Ahmedabad,ssp245,mid_2050s,hot,2059,fb6d6335ff6678fe333abc3a6e5c05bff8b29b7c81c3f92a26cfe467e02670e3,perimeter_bot_zn_1,Bottom P1,bottom,207.34,52.843630268199234,0.23160393900387735,0.212798920583876,0.018805018420001336,0.696656743727276
ahmedabad_ssp245_mid_2050s_hot_2059,Ahmedabad,ssp245,mid_2050s,hot,2059,fb6d6335ff6678fe333abc3a6e5c05bff8b29b7c81c3f92a26cfe467e02670e3,perimeter_bot_zn_4,Bottom P4,bottom,131.25,13.098659003831417,0.10900652271792337,0.08055280163707756,0.028453721080845807,0.2575256349163869
ahmedabad_ssp245_mid_2050s_hot_2059,Ahmedabad,ssp245,mid_2050s,hot,2059,fb6d6335ff6678fe333abc3a6e5c05bff8b29b7c81c3f92a26cfe467e02670e3,perimeter_mid_zn_3,Middle P3,middle,207.34,23.37763409961686,0.13703054555165067,0.11066521098045543,0.02636533457119523,0.3523340192664424
ahmedabad_ssp245_mid_2050s_hot_2059,Ahmedabad,ssp245,mid_2050s,hot,2059,fb6d6335ff6678fe333abc3a6e5c05bff8b29b7c81c3f92a26cfe467e02670e3,perimeter_mid_zn_2,Middle P2,middle,131.26,18.983477011494255,0.12330830155297426,0.0961377964848144,0.02717050506815986,0.3107214314682253
ahmedabad_ssp245_mid_2050s_hot_2059,Ahmedabad,ssp245,mid_2050s,hot,2059,fb6d6335ff6678fe333abc3a6e5c05bff8b29b7c81c3f92a26cfe467e02670e3,perimeter_mid_zn_1,Middle P1,middle,207.34,45.76149425287356,0.2131589666142955,0.19229546885302298,0.02086349776127254,0.6224547739344439
ahmedabad_ssp245_mid_2050s_hot_2059,Ahmedabad,ssp245,mid_2050s,hot,2059,fb6d6335ff6678fe333abc3a6e5c05bff8b29b7c81c3f92a26cfe467e02670e3,perimeter_mid_zn_4,Middle P4,middle,131.25,15.834530651340998,0.11518867916043515,0.08794076724461426,0.027247911915820898,0.2838839583447988
ahmedabad_ssp245_mid_2050s_typical_2058,Ahmedabad,ssp245,mid_2050s,typical,2058,14764b81667bcb7b4cfa1d3386da1ab8feb0fde78546892e0da8f8bcc130f59c,core_bottom,Core bottom,bottom,983.54,3.1309865900383143,0.08610172625081076,0.055272872091779016,0.030828854159031745,0.18585164406404256
ahmedabad_ssp245_mid_2050s_typical_2058,Ahmedabad,ssp245,mid_2050s,typical,2058,14764b81667bcb7b4cfa1d3386da1ab8feb0fde78546892e0da8f8bcc130f59c,core_mid,Core middle,middle,983.54,8.596743295019158,0.09508230707319244,0.06600007229528998,0.029082234777902456,0.21483578090882505
ahmedabad_ssp245_mid_2050s_typical_2058,Ahmedabad,ssp245,mid_2050s,typical,2058,14764b81667bcb7b4cfa1d3386da1ab8feb0fde78546892e0da8f8bcc130f59c,core_top,Core top,top,983.54,6.854645593869732,0.0885002500026426,0.05808864891292907,0.03041160108971352,0.18375615910141394
ahmedabad_ssp245_mid_2050s_typical_2058,Ahmedabad,ssp245,mid_2050s,typical,2058,14764b81667bcb7b4cfa1d3386da1ab8feb0fde78546892e0da8f8bcc130f59c,perimeter_top_zn_3,Top P3,top,207.34,10.428639846743296,0.10096881461468141,0.07180713677209699,0.029161677842584423,0.2324848306674299
ahmedabad_ssp245_mid_2050s_typical_2058,Ahmedabad,ssp245,mid_2050s,typical,2058,14764b81667bcb7b4cfa1d3386da1ab8feb0fde78546892e0da8f8bcc130f59c,perimeter_top_zn_2,Top P2,top,131.26,8.034003831417625,0.09699474169354297,0.06778587938971697,0.02920886230382598,0.23341231923475173
ahmedabad_ssp245_mid_2050s_typical_2058,Ahmedabad,ssp245,mid_2050s,typical,2058,14764b81667bcb7b4cfa1d3386da1ab8feb0fde78546892e0da8f8bcc130f59c,perimeter_top_zn_1,Top P1,top,207.34,28.220785440613028,0.16282836722237481,0.1385936543791041,0.024234712843270705,0.45400874602696084
ahmedabad_ssp245_mid_2050s_typical_2058,Ahmedabad,ssp245,mid_2050s,typical,2058,14764b81667bcb7b4cfa1d3386da1ab8feb0fde78546892e0da8f8bcc130f59c,perimeter_top_zn_4,Top P4,top,131.25,6.926484674329501,0.0928618834769828,0.06348505229190736,0.029376831185075447,0.21588069128169243
ahmedabad_ssp245_mid_2050s_typical_2058,Ahmedabad,ssp245,mid_2050s,typical,2058,14764b81667bcb7b4cfa1d3386da1ab8feb0fde78546892e0da8f8bcc130f59c,perimeter_bot_zn_3,Bottom P3,bottom,207.34,6.010536398467433,0.08966221948753018,0.06004586846694142,0.029616351020588762,0.19103379242149
ahmedabad_ssp245_mid_2050s_typical_2058,Ahmedabad,ssp245,mid_2050s,typical,2058,14764b81667bcb7b4cfa1d3386da1ab8feb0fde78546892e0da8f8bcc130f59c,perimeter_bot_zn_2,Bottom P2,bottom,131.26,5.603448275862069,0.09274154492637514,0.06268931479433906,0.03005223013203608,0.21633279271255965
ahmedabad_ssp245_mid_2050s_typical_2058,Ahmedabad,ssp245,mid_2050s,typical,2058,14764b81667bcb7b4cfa1d3386da1ab8feb0fde78546892e0da8f8bcc130f59c,perimeter_bot_zn_1,Bottom P1,bottom,207.34,41.30747126436782,0.20044888348315404,0.1796324275592583,0.02081645592389574,0.5884515527296221
ahmedabad_ssp245_mid_2050s_typical_2058,Ahmedabad,ssp245,mid_2050s,typical,2058,14764b81667bcb7b4cfa1d3386da1ab8feb0fde78546892e0da8f8bcc130f59c,perimeter_bot_zn_4,Bottom P4,bottom,131.25,4.639607279693487,0.08782969145950921,0.057301945931731345,0.030527745527777865,0.1949961853708724
ahmedabad_ssp245_mid_2050s_typical_2058,Ahmedabad,ssp245,mid_2050s,typical,2058,14764b81667bcb7b4cfa1d3386da1ab8feb0fde78546892e0da8f8bcc130f59c,perimeter_mid_zn_3,Middle P3,middle,207.34,12.841235632183908,0.10765144537991995,0.07943965867736022,0.028211786702559735,0.2617927281970049
ahmedabad_ssp245_mid_2050s_typical_2058,Ahmedabad,ssp245,mid_2050s,typical,2058,14764b81667bcb7b4cfa1d3386da1ab8feb0fde78546892e0da8f8bcc130f59c,perimeter_mid_zn_2,Middle P2,middle,131.26,8.171695402298852,0.09674623677701012,0.06768410257593474,0.029062134201075392,0.23208592950623752
ahmedabad_ssp245_mid_2050s_typical_2058,Ahmedabad,ssp245,mid_2050s,typical,2058,14764b81667bcb7b4cfa1d3386da1ab8feb0fde78546892e0da8f8bcc130f59c,perimeter_mid_zn_1,Middle P1,middle,207.34,33.979885057471265,0.18415946104197523,0.16160543591017795,0.02255402513179726,0.5256200368991794
ahmedabad_ssp245_mid_2050s_typical_2058,Ahmedabad,ssp245,mid_2050s,typical,2058,14764b81667bcb7b4cfa1d3386da1ab8feb0fde78546892e0da8f8bcc130f59c,perimeter_mid_zn_4,Middle P4,middle,131.25,7.387452107279693,0.09394762152400311,0.0647444413647937,0.02920318015920941,0.221130350517095
ahmedabad_ssp245_near_2030s_heatwave_extreme_2034,Ahmedabad,ssp245,near_2030s,heatwave_extreme,2034,6efe6eca3f3ac504d6d33de946f3048d2957eede94e1946fd3c3e7be4c65a86d,core_bottom,Core bottom,bottom,983.54,5.4477969348659006,0.09037229670452532,0.060135860195179594,0.03023643650934573,0.19239676103820746
ahmedabad_ssp245_near_2030s_heatwave_extreme_2034,Ahmedabad,ssp245,near_2030s,heatwave_extreme,2034,6efe6eca3f3ac504d6d33de946f3048d2957eede94e1946fd3c3e7be4c65a86d,core_mid,Core middle,middle,983.54,12.31441570881226,0.10285304808516146,0.07414280892976682,0.028710239155394637,0.22931792676270707
ahmedabad_ssp245_near_2030s_heatwave_extreme_2034,Ahmedabad,ssp245,near_2030s,heatwave_extreme,2034,6efe6eca3f3ac504d6d33de946f3048d2957eede94e1946fd3c3e7be4c65a86d,core_top,Core top,top,983.54,10.243055555555555,0.0958978429469746,0.06588881365264412,0.03000902929433048,0.19697714650408402
ahmedabad_ssp245_near_2030s_heatwave_extreme_2034,Ahmedabad,ssp245,near_2030s,heatwave_extreme,2034,6efe6eca3f3ac504d6d33de946f3048d2957eede94e1946fd3c3e7be4c65a86d,perimeter_top_zn_3,Top P3,top,207.34,13.769157088122604,0.10871724444825367,0.07986414192357703,0.028853102524676634,0.24792655445711856
ahmedabad_ssp245_near_2030s_heatwave_extreme_2034,Ahmedabad,ssp245,near_2030s,heatwave_extreme,2034,6efe6eca3f3ac504d6d33de946f3048d2957eede94e1946fd3c3e7be4c65a86d,perimeter_top_zn_2,Top P2,top,131.26,11.362547892720306,0.10367189438980594,0.07467531365130795,0.028996580738497993,0.2444792782363713
ahmedabad_ssp245_near_2030s_heatwave_extreme_2034,Ahmedabad,ssp245,near_2030s,heatwave_extreme,2034,6efe6eca3f3ac504d6d33de946f3048d2957eede94e1946fd3c3e7be4c65a86d,perimeter_top_zn_1,Top P1,top,207.34,30.926724137931032,0.1680550434688192,0.14357312308310824,0.024481920385710947,0.46688934558913253
ahmedabad_ssp245_near_2030s_heatwave_extreme_2034,Ahmedabad,ssp245,near_2030s,heatwave_extreme,2034,6efe6eca3f3ac504d6d33de946f3048d2957eede94e1946fd3c3e7be4c65a86d,perimeter_top_zn_4,Top P4,top,131.25,7.992097701149426,0.09563734855393732,0.06658177282706919,0.029055575726868142,0.21625684869780798
ahmedabad_ssp245_near_2030s_heatwave_extreme_2034,Ahmedabad,ssp245,near_2030s,heatwave_extreme,2034,6efe6eca3f3ac504d6d33de946f3048d2957eede94e1946fd3c3e7be4c65a86d,perimeter_bot_zn_3,Bottom P3,bottom,207.34,8.97389846743295,0.09696844687160833,0.06805601460178752,0.028912432269820803,0.20578625606445994
ahmedabad_ssp245_near_2030s_heatwave_extreme_2034,Ahmedabad,ssp245,near_2030s,heatwave_extreme,2034,6efe6eca3f3ac504d6d33de946f3048d2957eede94e1946fd3c3e7be4c65a86d,perimeter_bot_zn_2,Bottom P2,bottom,131.26,8.50095785440613,0.09760062911307307,0.06810476770373623,0.02949586140933684,0.2220183779231424
ahmedabad_ssp245_near_2030s_heatwave_extreme_2034,Ahmedabad,ssp245,near_2030s,heatwave_extreme,2034,6efe6eca3f3ac504d6d33de946f3048d2957eede94e1946fd3c3e7be4c65a86d,perimeter_bot_zn_1,Bottom P1,bottom,207.34,44.73778735632184,0.20964335189216549,0.18912752459852258,0.020515827293642902,0.6168374741975223
ahmedabad_ssp245_near_2030s_heatwave_extreme_2034,Ahmedabad,ssp245,near_2030s,heatwave_extreme,2034,6efe6eca3f3ac504d6d33de946f3048d2957eede94e1946fd3c3e7be4c65a86d,perimeter_bot_zn_4,Bottom P4,bottom,131.25,5.681273946360153,0.09034780608945066,0.06030673617153639,0.03004106991791427,0.1947502891582429
ahmedabad_ssp245_near_2030s_heatwave_extreme_2034,Ahmedabad,ssp245,near_2030s,heatwave_extreme,2034,6efe6eca3f3ac504d6d33de946f3048d2957eede94e1946fd3c3e7be4c65a86d,perimeter_mid_zn_3,Middle P3,middle,207.34,15.846503831417625,0.1152356870246096,0.08749566514628637,0.027740021878323216,0.27807900838899147
ahmedabad_ssp245_near_2030s_heatwave_extreme_2034,Ahmedabad,ssp245,near_2030s,heatwave_extreme,2034,6efe6eca3f3ac504d6d33de946f3048d2957eede94e1946fd3c3e7be4c65a86d,perimeter_mid_zn_2,Middle P2,middle,131.26,11.548132183908045,0.1031552560148,0.0744181792678845,0.028737076746915502,0.2420619783544986
ahmedabad_ssp245_near_2030s_heatwave_extreme_2034,Ahmedabad,ssp245,near_2030s,heatwave_extreme,2034,6efe6eca3f3ac504d6d33de946f3048d2957eede94e1946fd3c3e7be4c65a86d,perimeter_mid_zn_1,Middle P1,middle,207.34,37.47006704980843,0.19053157096271997,0.167938682833926,0.022592888128793984,0.5451283075334453
ahmedabad_ssp245_near_2030s_heatwave_extreme_2034,Ahmedabad,ssp245,near_2030s,heatwave_extreme,2034,6efe6eca3f3ac504d6d33de946f3048d2957eede94e1946fd3c3e7be4c65a86d,perimeter_mid_zn_4,Middle P4,middle,131.25,8.794300766283525,0.09763399509013782,0.06888994592655864,0.02874404916357917,0.22345652649529082
ahmedabad_ssp245_near_2030s_hot_2034,Ahmedabad,ssp245,near_2030s,hot,2034,6efe6eca3f3ac504d6d33de946f3048d2957eede94e1946fd3c3e7be4c65a86d,core_bottom,Core bottom,bottom,983.54,5.4477969348659006,0.09037229670452532,0.060135860195179594,0.03023643650934573,0.19239676103820746
ahmedabad_ssp245_near_2030s_hot_2034,Ahmedabad,ssp245,near_2030s,hot,2034,6efe6eca3f3ac504d6d33de946f3048d2957eede94e1946fd3c3e7be4c65a86d,core_mid,Core middle,middle,983.54,12.31441570881226,0.10285304808516146,0.07414280892976682,0.028710239155394637,0.22931792676270707
ahmedabad_ssp245_near_2030s_hot_2034,Ahmedabad,ssp245,near_2030s,hot,2034,6efe6eca3f3ac504d6d33de946f3048d2957eede94e1946fd3c3e7be4c65a86d,core_top,Core top,top,983.54,10.243055555555555,0.0958978429469746,0.06588881365264412,0.03000902929433048,0.19697714650408402
ahmedabad_ssp245_near_2030s_hot_2034,Ahmedabad,ssp245,near_2030s,hot,2034,6efe6eca3f3ac504d6d33de946f3048d2957eede94e1946fd3c3e7be4c65a86d,perimeter_top_zn_3,Top P3,top,207.34,13.769157088122604,0.10871724444825367,0.07986414192357703,0.028853102524676634,0.24792655445711856
ahmedabad_ssp245_near_2030s_hot_2034,Ahmedabad,ssp245,near_2030s,hot,2034,6efe6eca3f3ac504d6d33de946f3048d2957eede94e1946fd3c3e7be4c65a86d,perimeter_top_zn_2,Top P2,top,131.26,11.362547892720306,0.10367189438980594,0.07467531365130795,0.028996580738497993,0.2444792782363713
ahmedabad_ssp245_near_2030s_hot_2034,Ahmedabad,ssp245,near_2030s,hot,2034,6efe6eca3f3ac504d6d33de946f3048d2957eede94e1946fd3c3e7be4c65a86d,perimeter_top_zn_1,Top P1,top,207.34,30.926724137931032,0.1680550434688192,0.14357312308310824,0.024481920385710947,0.46688934558913253
ahmedabad_ssp245_near_2030s_hot_2034,Ahmedabad,ssp245,near_2030s,hot,2034,6efe6eca3f3ac504d6d33de946f3048d2957eede94e1946fd3c3e7be4c65a86d,perimeter_top_zn_4,Top P4,top,131.25,7.992097701149426,0.09563734855393732,0.06658177282706919,0.029055575726868142,0.21625684869780798
ahmedabad_ssp245_near_2030s_hot_2034,Ahmedabad,ssp245,near_2030s,hot,2034,6efe6eca3f3ac504d6d33de946f3048d2957eede94e1946fd3c3e7be4c65a86d,perimeter_bot_zn_3,Bottom P3,bottom,207.34,8.97389846743295,0.09696844687160833,0.06805601460178752,0.028912432269820803,0.20578625606445994
ahmedabad_ssp245_near_2030s_hot_2034,Ahmedabad,ssp245,near_2030s,hot,2034,6efe6eca3f3ac504d6d33de946f3048d2957eede94e1946fd3c3e7be4c65a86d,perimeter_bot_zn_2,Bottom P2,bottom,131.26,8.50095785440613,0.09760062911307307,0.06810476770373623,0.02949586140933684,0.2220183779231424
ahmedabad_ssp245_near_2030s_hot_2034,Ahmedabad,ssp245,near_2030s,hot,2034,6efe6eca3f3ac504d6d33de946f3048d2957eede94e1946fd3c3e7be4c65a86d,perimeter_bot_zn_1,Bottom P1,bottom,207.34,44.73778735632184,0.20964335189216549,0.18912752459852258,0.020515827293642902,0.6168374741975223
ahmedabad_ssp245_near_2030s_hot_2034,Ahmedabad,ssp245,near_2030s,hot,2034,6efe6eca3f3ac504d6d33de946f3048d2957eede94e1946fd3c3e7be4c65a86d,perimeter_bot_zn_4,Bottom P4,bottom,131.25,5.681273946360153,0.09034780608945066,0.06030673617153639,0.03004106991791427,0.1947502891582429
ahmedabad_ssp245_near_2030s_hot_2034,Ahmedabad,ssp245,near_2030s,hot,2034,6efe6eca3f3ac504d6d33de946f3048d2957eede94e1946fd3c3e7be4c65a86d,perimeter_mid_zn_3,Middle P3,middle,207.34,15.846503831417625,0.1152356870246096,0.08749566514628637,0.027740021878323216,0.27807900838899147
ahmedabad_ssp245_near_2030s_hot_2034,Ahmedabad,ssp245,near_2030s,hot,2034,6efe6eca3f3ac504d6d33de946f3048d2957eede94e1946fd3c3e7be4c65a86d,perimeter_mid_zn_2,Middle P2,middle,131.26,11.548132183908045,0.1031552560148,0.0744181792678845,0.028737076746915502,0.2420619783544986
ahmedabad_ssp245_near_2030s_hot_2034,Ahmedabad,ssp245,near_2030s,hot,2034,6efe6eca3f3ac504d6d33de946f3048d2957eede94e1946fd3c3e7be4c65a86d,perimeter_mid_zn_1,Middle P1,middle,207.34,37.47006704980843,0.19053157096271997,0.167938682833926,0.022592888128793984,0.5451283075334453
ahmedabad_ssp245_near_2030s_hot_2034,Ahmedabad,ssp245,near_2030s,hot,2034,6efe6eca3f3ac504d6d33de946f3048d2957eede94e1946fd3c3e7be4c65a86d,perimeter_mid_zn_4,Middle P4,middle,131.25,8.794300766283525,0.09763399509013782,0.06888994592655864,0.02874404916357917,0.22345652649529082
ahmedabad_ssp245_near_2030s_typical_2032,Ahmedabad,ssp245,near_2030s,typical,2032,cfb16e95b84f46ca8126be0b92e7563c97a93a373a228d3388dc116b98f75b9f,core_bottom,Core bottom,bottom,983.54,2.412595785440613,0.08709360358918128,0.05685359449633192,0.030240009092849365,0.19143073504682598
ahmedabad_ssp245_near_2030s_typical_2032,Ahmedabad,ssp245,near_2030s,typical,2032,cfb16e95b84f46ca8126be0b92e7563c97a93a373a228d3388dc116b98f75b9f,core_mid,Core middle,middle,983.54,7.890325670498084,0.09465072218049551,0.06580966184348612,0.028841060337009398,0.21490386913480866
ahmedabad_ssp245_near_2030s_typical_2032,Ahmedabad,ssp245,near_2030s,typical,2032,cfb16e95b84f46ca8126be0b92e7563c97a93a373a228d3388dc116b98f75b9f,core_top,Core top,top,983.54,5.914750957854406,0.08737728141189238,0.057335528422087265,0.030041752989805114,0.1811020319232353
ahmedabad_ssp245_near_2030s_typical_2032,Ahmedabad,ssp245,near_2030s,typical,2032,cfb16e95b84f46ca8126be0b92e7563c97a93a373a228d3388dc116b98f75b9f,perimeter_top_zn_3,Top P3,top,207.34,9.08764367816092,0.09843673405017377,0.06952995841985281,0.02890677563032096,0.22435489437657996
ahmedabad_ssp245_near_2030s_typical_2032,Ahmedabad,ssp245,near_2030s,typical,2032,cfb16e95b84f46ca8126be0b92e7563c97a93a373a228d3388dc116b98f75b9f,perimeter_top_zn_2,Top P2,top,131.26,7.770593869731801,0.09464992621516692,0.06578118661473197,0.028868739600434956,0.2242575404685111
ahmedabad_ssp245_near_2030s_typical_2032,Ahmedabad,ssp245,near_2030s,typical,2032,cfb16e95b84f46ca8126be0b92e7563c97a93a373a228d3388dc116b98f75b9f,perimeter_top_zn_1,Top P1,top,207.34,24.61685823754789,0.15069018466979583,0.12636588456948158,0.02432430010031424,0.4215492342407474
ahmedabad_ssp245_near_2030s_typical_2032,Ahmedabad,ssp245,near_2030s,typical,2032,cfb16e95b84f46ca8126be0b92e7563c97a93a373a228d3388dc116b98f75b9f,perimeter_top_zn_4,Top P4,top,131.25,6.812739463601533,0.09138646365772381,0.06211717808895684,0.02926928556876697,0.20725759370423014
ahmedabad_ssp245_near_2030s_typical_2032,Ahmedabad,ssp245,near_2030s,typical,2032,cfb16e95b84f46ca8126be0b92e7563c97a93a373a228d3388dc116b98f75b9f,perimeter_bot_zn_3,Bottom P3,bottom,207.34,5.112547892720307,0.08981124290560195,0.06055111839702278,0.029260124508579177,0.1905764342471872
ahmedabad_ssp245_near_2030s_typical_2032,Ahmedabad,ssp245,near_2030s,typical,2032,cfb16e95b84f46ca8126be0b92e7563c97a93a373a228d3388dc116b98f75b9f,perimeter_bot_zn_2,Bottom P2,bottom,131.26,5.172413793103448,0.0914534600937907,0.06190529302626998,0.029548167067520715,0.2123036693941416
ahmedabad_ssp245_near_2030s_typical_2032,Ahmedabad,ssp245,near_2030s,typical,2032,cfb16e95b84f46ca8126be0b92e7563c97a93a373a228d3388dc116b98f75b9f,perimeter_bot_zn_1,Bottom P1,bottom,207.34,39.439655172413794,0.18927329429931272,0.16797011420163066,0.021303180097682037,0.556152239580373
ahmedabad_ssp245_near_2030s_typical_2032,Ahmedabad,ssp245,near_2030s,typical,2032,cfb16e95b84f46ca8126be0b92e7563c97a93a373a228d3388dc116b98f75b9f,perimeter_bot_zn_4,Bottom P4,bottom,131.25,3.633860153256705,0.08592667635729277,0.05583771882148083,0.030088957535811936,0.1893025144416548
ahmedabad_ssp245_near_2030s_typical_2032,Ahmedabad,ssp245,near_2030s,typical,2032,cfb16e95b84f46ca8126be0b92e7563c97a93a373a228d3388dc116b98f75b9f,perimeter_mid_zn_3,Middle P3,middle,207.34,12.003113026819925,0.10640188211561658,0.07853892785644201,0.027862954259174563,0.2575665068584762
ahmedabad_ssp245_near_2030s_typical_2032,Ahmedabad,ssp245,near_2030s,typical,2032,cfb16e95b84f46ca8126be0b92e7563c97a93a373a228d3388dc116b98f75b9f,perimeter_mid_zn_2,Middle P2,middle,131.26,8.081896551724139,0.09528100454600076,0.06650411672865654,0.028776887817344214,0.22618104006685555
ahmedabad_ssp245_near_2030s_typical_2032,Ahmedabad,ssp245,near_2030s,typical,2032,cfb16e95b84f46ca8126be0b92e7563c97a93a373a228d3388dc116b98f75b9f,perimeter_mid_zn_1,Middle P1,middle,207.34,31.764846743295017,0.1736471040224098,0.15120627020048139,0.02244083382192842,0.5007381385751221
ahmedabad_ssp245_near_2030s_typical_2032,Ahmedabad,ssp245,near_2030s,typical,2032,cfb16e95b84f46ca8126be0b92e7563c97a93a373a228d3388dc116b98f75b9f,perimeter_mid_zn_4,Middle P4,middle,131.25,7.315613026819924,0.09281103775671327,0.06389008963243524,0.02892094812427803,0.21521432924168513
ahmedabad_ssp585_baseline_2020s_heatwave_extreme_2027,Ahmedabad,ssp585,baseline_2020s,heatwave_extreme,2027,83eb83d36bde149a73f0e4b476be97c2571af1f88ae362f827add814d1fa0573,core_bottom,Core bottom,bottom,983.54,14.23611111111111,0.11691532437092472,0.0883331554972498,0.028582168873674922,0.2872048443485088
ahmedabad_ssp585_baseline_2020s_heatwave_extreme_2027,Ahmedabad,ssp585,baseline_2020s,heatwave_extreme,2027,83eb83d36bde149a73f0e4b476be97c2571af1f88ae362f827add814d1fa0573,core_mid,Core middle,middle,983.54,23.030411877394634,0.13418195059421123,0.10759034910536117,0.02659160148885007,0.34419581739963395
ahmedabad_ssp585_baseline_2020s_heatwave_extreme_2027,Ahmedabad,ssp585,baseline_2020s,heatwave_extreme,2027,83eb83d36bde149a73f0e4b476be97c2571af1f88ae362f827add814d1fa0573,core_top,Core top,top,983.54,18.23515325670498,0.12151512378519307,0.0936774155526454,0.027837708232547664,0.29649240776462166
ahmedabad_ssp585_baseline_2020s_heatwave_extreme_2027,Ahmedabad,ssp585,baseline_2020s,heatwave_extreme,2027,83eb83d36bde149a73f0e4b476be97c2571af1f88ae362f827add814d1fa0573,perimeter_top_zn_3,Top P3,top,207.34,23.16810344827586,0.13805649537755427,0.11201889774470164,0.026037597632852637,0.3623168476885955
ahmedabad_ssp585_baseline_2020s_heatwave_extreme_2027,Ahmedabad,ssp585,baseline_2020s,heatwave_extreme,2027,83eb83d36bde149a73f0e4b476be97c2571af1f88ae362f827add814d1fa0573,perimeter_top_zn_2,Top P2,top,131.26,19.97126436781609,0.12840689672250558,0.10233885380572155,0.026068042916784013,0.34353792878593187
ahmedabad_ssp585_baseline_2020s_heatwave_extreme_2027,Ahmedabad,ssp585,baseline_2020s,heatwave_extreme,2027,83eb83d36bde149a73f0e4b476be97c2571af1f88ae362f827add814d1fa0573,perimeter_top_zn_1,Top P1,top,207.34,41.75646551724138,0.1987804202286372,0.17748778467191476,0.02129263555672244,0.5837767864279889
ahmedabad_ssp585_baseline_2020s_heatwave_extreme_2027,Ahmedabad,ssp585,baseline_2020s,heatwave_extreme,2027,83eb83d36bde149a73f0e4b476be97c2571af1f88ae362f827add814d1fa0573,perimeter_top_zn_4,Top P4,top,131.25,17.881944444444446,0.11950605535364336,0.09260898239839684,0.02689707295524654,0.30437735719644593
ahmedabad_ssp585_baseline_2020s_heatwave_extreme_2027,Ahmedabad,ssp585,baseline_2020s,heatwave_extreme,2027,83eb83d36bde149a73f0e4b476be97c2571af1f88ae362f827add814d1fa0573,perimeter_bot_zn_3,Bottom P3,bottom,207.34,21.24640804597701,0.13360071814499636,0.10686787659954904,0.026732841545447302,0.3365404483589657
ahmedabad_ssp585_baseline_2020s_heatwave_extreme_2027,Ahmedabad,ssp585,baseline_2020s,heatwave_extreme,2027,83eb83d36bde149a73f0e4b476be97c2571af1f88ae362f827add814d1fa0573,perimeter_bot_zn_2,Bottom P2,bottom,131.26,19.42049808429119,0.12932030515188517,0.10238664805331808,0.026933657098567102,0.3390600442860798
ahmedabad_ssp585_baseline_2020s_heatwave_extreme_2027,Ahmedabad,ssp585,baseline_2020s,heatwave_extreme,2027,83eb83d36bde149a73f0e4b476be97c2571af1f88ae362f827add814d1fa0573,perimeter_bot_zn_1,Bottom P1,bottom,207.34,55.22629310344828,0.23450034338683964,0.21636991843544848,0.01813042495139117,0.7177459587049146
ahmedabad_ssp585_baseline_2020s_heatwave_extreme_2027,Ahmedabad,ssp585,baseline_2020s,heatwave_extreme,2027,83eb83d36bde149a73f0e4b476be97c2571af1f88ae362f827add814d1fa0573,perimeter_bot_zn_4,Bottom P4,bottom,131.25,17.037835249042146,0.12056024871929984,0.0929695544757709,0.027590694243528936,0.30110465372251705
ahmedabad_ssp585_baseline_2020s_heatwave_extreme_2027,Ahmedabad,ssp585,baseline_2020s,heatwave_extreme,2027,83eb83d36bde149a73f0e4b476be97c2571af1f88ae362f827add814d1fa0573,perimeter_mid_zn_3,Middle P3,middle,207.34,27.328783524904214,0.1469570848314378,0.12214362897041077,0.024813455861027022,0.40183877760719144
ahmedabad_ssp585_baseline_2020s_heatwave_extreme_2027,Ahmedabad,ssp585,baseline_2020s,heatwave_extreme,2027,83eb83d36bde149a73f0e4b476be97c2571af1f88ae362f827add814d1fa0573,perimeter_mid_zn_2,Middle P2,middle,131.26,21.461925287356323,0.1303363545880477,0.10446107806570978,0.025875276522337922,0.3473257691106329
ahmedabad_ssp585_baseline_2020s_heatwave_extreme_2027,Ahmedabad,ssp585,baseline_2020s,heatwave_extreme,2027,83eb83d36bde149a73f0e4b476be97c2571af1f88ae362f827add814d1fa0573,perimeter_mid_zn_1,Middle P1,middle,207.34,49.19181034482759,0.22231674433762336,0.20287726348373278,0.01943948085389057,0.6656836372770217
ahmedabad_ssp585_baseline_2020s_heatwave_extreme_2027,Ahmedabad,ssp585,baseline_2020s,heatwave_extreme,2027,83eb83d36bde149a73f0e4b476be97c2571af1f88ae362f827add814d1fa0573,perimeter_mid_zn_4,Middle P4,middle,131.25,20.462164750957854,0.12488939855306835,0.09842733621764108,0.026462062335427285,0.32393631765995395
ahmedabad_ssp585_baseline_2020s_hot_2027,Ahmedabad,ssp585,baseline_2020s,hot,2027,83eb83d36bde149a73f0e4b476be97c2571af1f88ae362f827add814d1fa0573,core_bottom,Core bottom,bottom,983.54,14.23611111111111,0.11691532437092472,0.0883331554972498,0.028582168873674922,0.2872048443485088
ahmedabad_ssp585_baseline_2020s_hot_2027,Ahmedabad,ssp585,baseline_2020s,hot,2027,83eb83d36bde149a73f0e4b476be97c2571af1f88ae362f827add814d1fa0573,core_mid,Core middle,middle,983.54,23.030411877394634,0.13418195059421123,0.10759034910536117,0.02659160148885007,0.34419581739963395
ahmedabad_ssp585_baseline_2020s_hot_2027,Ahmedabad,ssp585,baseline_2020s,hot,2027,83eb83d36bde149a73f0e4b476be97c2571af1f88ae362f827add814d1fa0573,core_top,Core top,top,983.54,18.23515325670498,0.12151512378519307,0.0936774155526454,0.027837708232547664,0.29649240776462166
ahmedabad_ssp585_baseline_2020s_hot_2027,Ahmedabad,ssp585,baseline_2020s,hot,2027,83eb83d36bde149a73f0e4b476be97c2571af1f88ae362f827add814d1fa0573,perimeter_top_zn_3,Top P3,top,207.34,23.16810344827586,0.13805649537755427,0.11201889774470164,0.026037597632852637,0.3623168476885955
ahmedabad_ssp585_baseline_2020s_hot_2027,Ahmedabad,ssp585,baseline_2020s,hot,2027,83eb83d36bde149a73f0e4b476be97c2571af1f88ae362f827add814d1fa0573,perimeter_top_zn_2,Top P2,top,131.26,19.97126436781609,0.12840689672250558,0.10233885380572155,0.026068042916784013,0.34353792878593187
ahmedabad_ssp585_baseline_2020s_hot_2027,Ahmedabad,ssp585,baseline_2020s,hot,2027,83eb83d36bde149a73f0e4b476be97c2571af1f88ae362f827add814d1fa0573,perimeter_top_zn_1,Top P1,top,207.34,41.75646551724138,0.1987804202286372,0.17748778467191476,0.02129263555672244,0.5837767864279889
ahmedabad_ssp585_baseline_2020s_hot_2027,Ahmedabad,ssp585,baseline_2020s,hot,2027,83eb83d36bde149a73f0e4b476be97c2571af1f88ae362f827add814d1fa0573,perimeter_top_zn_4,Top P4,top,131.25,17.881944444444446,0.11950605535364336,0.09260898239839684,0.02689707295524654,0.30437735719644593
ahmedabad_ssp585_baseline_2020s_hot_2027,Ahmedabad,ssp585,baseline_2020s,hot,2027,83eb83d36bde149a73f0e4b476be97c2571af1f88ae362f827add814d1fa0573,perimeter_bot_zn_3,Bottom P3,bottom,207.34,21.24640804597701,0.13360071814499636,0.10686787659954904,0.026732841545447302,0.3365404483589657
ahmedabad_ssp585_baseline_2020s_hot_2027,Ahmedabad,ssp585,baseline_2020s,hot,2027,83eb83d36bde149a73f0e4b476be97c2571af1f88ae362f827add814d1fa0573,perimeter_bot_zn_2,Bottom P2,bottom,131.26,19.42049808429119,0.12932030515188517,0.10238664805331808,0.026933657098567102,0.3390600442860798
ahmedabad_ssp585_baseline_2020s_hot_2027,Ahmedabad,ssp585,baseline_2020s,hot,2027,83eb83d36bde149a73f0e4b476be97c2571af1f88ae362f827add814d1fa0573,perimeter_bot_zn_1,Bottom P1,bottom,207.34,55.22629310344828,0.23450034338683964,0.21636991843544848,0.01813042495139117,0.7177459587049146
ahmedabad_ssp585_baseline_2020s_hot_2027,Ahmedabad,ssp585,baseline_2020s,hot,2027,83eb83d36bde149a73f0e4b476be97c2571af1f88ae362f827add814d1fa0573,perimeter_bot_zn_4,Bottom P4,bottom,131.25,17.037835249042146,0.12056024871929984,0.0929695544757709,0.027590694243528936,0.30110465372251705
ahmedabad_ssp585_baseline_2020s_hot_2027,Ahmedabad,ssp585,baseline_2020s,hot,2027,83eb83d36bde149a73f0e4b476be97c2571af1f88ae362f827add814d1fa0573,perimeter_mid_zn_3,Middle P3,middle,207.34,27.328783524904214,0.1469570848314378,0.12214362897041077,0.024813455861027022,0.40183877760719144
ahmedabad_ssp585_baseline_2020s_hot_2027,Ahmedabad,ssp585,baseline_2020s,hot,2027,83eb83d36bde149a73f0e4b476be97c2571af1f88ae362f827add814d1fa0573,perimeter_mid_zn_2,Middle P2,middle,131.26,21.461925287356323,0.1303363545880477,0.10446107806570978,0.025875276522337922,0.3473257691106329
ahmedabad_ssp585_baseline_2020s_hot_2027,Ahmedabad,ssp585,baseline_2020s,hot,2027,83eb83d36bde149a73f0e4b476be97c2571af1f88ae362f827add814d1fa0573,perimeter_mid_zn_1,Middle P1,middle,207.34,49.19181034482759,0.22231674433762336,0.20287726348373278,0.01943948085389057,0.6656836372770217
ahmedabad_ssp585_baseline_2020s_hot_2027,Ahmedabad,ssp585,baseline_2020s,hot,2027,83eb83d36bde149a73f0e4b476be97c2571af1f88ae362f827add814d1fa0573,perimeter_mid_zn_4,Middle P4,middle,131.25,20.462164750957854,0.12488939855306835,0.09842733621764108,0.026462062335427285,0.32393631765995395
ahmedabad_ssp585_baseline_2020s_typical_2025,Ahmedabad,ssp585,baseline_2020s,typical,2025,f513690e57359d0b270e71b27386db42c7255f624bce2eeea381419bfe19e4db,core_bottom,Core bottom,bottom,983.54,7.740660919540229,0.09658049129944749,0.06582946543385751,0.03075102586558997,0.2132026852169436
ahmedabad_ssp585_baseline_2020s_typical_2025,Ahmedabad,ssp585,baseline_2020s,typical,2025,f513690e57359d0b270e71b27386db42c7255f624bce2eeea381419bfe19e4db,core_mid,Core middle,middle,983.54,12.984913793103448,0.10581905295866016,0.07679152823162802,0.029027524727032145,0.2389173527431746
ahmedabad_ssp585_baseline_2020s_typical_2025,Ahmedabad,ssp585,baseline_2020s,typical,2025,f513690e57359d0b270e71b27386db42c7255f624bce2eeea381419bfe19e4db,core_top,Core top,top,983.54,11.38050766283525,0.0994375926028802,0.06926120130810887,0.03017639129477133,0.2113718960811766
ahmedabad_ssp585_baseline_2020s_typical_2025,Ahmedabad,ssp585,baseline_2020s,typical,2025,f513690e57359d0b270e71b27386db42c7255f624bce2eeea381419bfe19e4db,perimeter_top_zn_3,Top P3,top,207.34,13.76317049808429,0.10905700813352454,0.08017542503643255,0.028881583097091986,0.2558817483780294
ahmedabad_ssp585_baseline_2020s_typical_2025,Ahmedabad,ssp585,baseline_2020s,typical,2025,f513690e57359d0b270e71b27386db42c7255f624bce2eeea381419bfe19e4db,perimeter_top_zn_2,Top P2,top,131.26,11.901340996168583,0.1067785237019087,0.07824854586705864,0.028529977834850066,0.2613495822824803
ahmedabad_ssp585_baseline_2020s_typical_2025,Ahmedabad,ssp585,baseline_2020s,typical,2025,f513690e57359d0b270e71b27386db42c7255f624bce2eeea381419bfe19e4db,perimeter_top_zn_1,Top P1,top,207.34,31.872605363984675,0.1689878952104688,0.14482479164177478,0.024163103568694045,0.4770533095309203
ahmedabad_ssp585_baseline_2020s_typical_2025,Ahmedabad,ssp585,baseline_2020s,typical,2025,f513690e57359d0b270e71b27386db42c7255f624bce2eeea381419bfe19e4db,perimeter_top_zn_4,Top P4,top,131.25,10.374760536398467,0.10049035710393743,0.071610962292175,0.02887939481176242,0.2361744509950508
ahmedabad_ssp585_baseline_2020s_typical_2025,Ahmedabad,ssp585,baseline_2020s,typical,2025,f513690e57359d0b270e71b27386db42c7255f624bce2eeea381419bfe19e4db,perimeter_bot_zn_3,Bottom P3,bottom,207.34,10.775862068965516,0.10167734804431644,0.07238196303732997,0.029295385006986474,0.2236495608944034
ahmedabad_ssp585_baseline_2020s_typical_2025,Ahmedabad,ssp585,baseline_2020s,typical,2025,f513690e57359d0b270e71b27386db42c7255f624bce2eeea381419bfe19e4db,perimeter_bot_zn_2,Bottom P2,bottom,131.26,11.045258620689655,0.10567987918541757,0.07632594203471181,0.029353937150705767,0.2515881517004614
ahmedabad_ssp585_baseline_2020s_typical_2025,Ahmedabad,ssp585,baseline_2020s,typical,2025,f513690e57359d0b270e71b27386db42c7255f624bce2eeea381419bfe19e4db,perimeter_bot_zn_1,Bottom P1,bottom,207.34,43.13338122605364,0.20255610581362918,0.1817015768659936,0.02085452894763555,0.6037591054497045
ahmedabad_ssp585_baseline_2020s_typical_2025,Ahmedabad,ssp585,baseline_2020s,typical,2025,f513690e57359d0b270e71b27386db42c7255f624bce2eeea381419bfe19e4db,perimeter_bot_zn_4,Bottom P4,bottom,131.25,9.26125478927203,0.09842067385441178,0.06861812361901656,0.029802550235395214,0.22294097046382536
ahmedabad_ssp585_baseline_2020s_typical_2025,Ahmedabad,ssp585,baseline_2020s,typical,2025,f513690e57359d0b270e71b27386db42c7255f624bce2eeea381419bfe19e4db,perimeter_mid_zn_3,Middle P3,middle,207.34,15.044300766283525,0.11378190800948976,0.08587747419274624,0.02790443381674352,0.2793466573165499
ahmedabad_ssp585_baseline_2020s_typical_2025,Ahmedabad,ssp585,baseline_2020s,typical,2025,f513690e57359d0b270e71b27386db42c7255f624bce2eeea381419bfe19e4db,perimeter_mid_zn_2,Middle P2,middle,131.26,12.278496168582375,0.10640307625691717,0.07780968575545237,0.028593390501464803,0.2590675421179324
ahmedabad_ssp585_baseline_2020s_typical_2025,Ahmedabad,ssp585,baseline_2020s,typical,2025,f513690e57359d0b270e71b27386db42c7255f624bce2eeea381419bfe19e4db,perimeter_mid_zn_1,Middle P1,middle,207.34,36.55411877394636,0.18808952887918945,0.16559341326336977,0.022496115615819667,0.5432246740964654
ahmedabad_ssp585_baseline_2020s_typical_2025,Ahmedabad,ssp585,baseline_2020s,typical,2025,f513690e57359d0b270e71b27386db42c7255f624bce2eeea381419bfe19e4db,perimeter_mid_zn_4,Middle P4,middle,131.25,11.344588122605364,0.102155562687289,0.07347262917513338,0.02868293351215561,0.24276286320520557
ahmedabad_ssp585_late_2080s_heatwave_extreme_2088,Ahmedabad,ssp585,late_2080s,heatwave_extreme,2088,3fd68b62d6bfcf8503b28b2b0fd3b2395cfac091b12d6381de4bd04f1e914a26,core_bottom,Core bottom,bottom,983.54,23.233955938697317,0.1365340936183857,0.10816267670371518,0.028371416914670516,0.32344603718668924
ahmedabad_ssp585_late_2080s_heatwave_extreme_2088,Ahmedabad,ssp585,late_2080s,heatwave_extreme,2088,3fd68b62d6bfcf8503b28b2b0fd3b2395cfac091b12d6381de4bd04f1e914a26,core_mid,Core middle,middle,983.54,28.72365900383142,0.15147499803356282,0.125503641820064,0.025971356213498806,0.3764542896141526
ahmedabad_ssp585_late_2080s_heatwave_extreme_2088,Ahmedabad,ssp585,late_2080s,heatwave_extreme,2088,3fd68b62d6bfcf8503b28b2b0fd3b2395cfac091b12d6381de4bd04f1e914a26,core_top,Core top,top,983.54,27.113266283524908,0.14314569401612692,0.115842357441175,0.027303336574951917,0.33991965407017577
ahmedabad_ssp585_late_2080s_heatwave_extreme_2088,Ahmedabad,ssp585,late_2080s,heatwave_extreme,2088,3fd68b62d6bfcf8503b28b2b0fd3b2395cfac091b12d6381de4bd04f1e914a26,perimeter_top_zn_3,Top P3,top,207.34,30.14248084291188,0.1596470947406209,0.13404442326878724,0.02560267147183364,0.4050839310302902
ahmedabad_ssp585_late_2080s_heatwave_extreme_2088,Ahmedabad,ssp585,late_2080s,heatwave_extreme,2088,3fd68b62d6bfcf8503b28b2b0fd3b2395cfac091b12d6381de4bd04f1e914a26,perimeter_top_zn_2,Top P2,top,131.26,27.173132183908045,0.14808274951367428,0.12265649647150863,0.025426253042165642,0.3826276154552915
ahmedabad_ssp585_late_2080s_heatwave_extreme_2088,Ahmedabad,ssp585,late_2080s,heatwave_extreme,2088,3fd68b62d6bfcf8503b28b2b0fd3b2395cfac091b12d6381de4bd04f1e914a26,perimeter_top_zn_1,Top P1,top,207.34,49.12595785440613,0.2245905116043136,0.20351455120739556,0.02107596039691803,0.6447975291791829
ahmedabad_ssp585_late_2080s_heatwave_extreme_2088,Ahmedabad,ssp585,late_2080s,heatwave_extreme,2088,3fd68b62d6bfcf8503b28b2b0fd3b2395cfac091b12d6381de4bd04f1e914a26,perimeter_top_zn_4,Top P4,top,131.25,22.32998084291188,0.13217949400612938,0.10598005560361441,0.026199438402514975,0.32730623741379833
ahmedabad_ssp585_late_2080s_heatwave_extreme_2088,Ahmedabad,ssp585,late_2080s,heatwave_extreme,2088,3fd68b62d6bfcf8503b28b2b0fd3b2395cfac091b12d6381de4bd04f1e914a26,perimeter_bot_zn_3,Bottom P3,bottom,207.34,26.772030651340994,0.15112039600151345,0.1246119510803137,0.026508444921199747,0.36566260483404145
ahmedabad_ssp585_late_2080s_heatwave_extreme_2088,Ahmedabad,ssp585,late_2080s,heatwave_extreme,2088,3fd68b62d6bfcf8503b28b2b0fd3b2395cfac091b12d6381de4bd04f1e914a26,perimeter_bot_zn_2,Bottom P2,bottom,131.26,25.526819923371647,0.14440309906704998,0.11776893051056606,0.026634168556483928,0.36089114324961546
ahmedabad_ssp585_late_2080s_heatwave_extreme_2088,Ahmedabad,ssp585,late_2080s,heatwave_extreme,2088,3fd68b62d6bfcf8503b28b2b0fd3b2395cfac091b12d6381de4bd04f1e914a26,perimeter_bot_zn_1,Bottom P1,bottom,207.34,61.470306513409966,0.2679233770844476,0.2512423259144675,0.016681051169980074,0.8168412862122754
ahmedabad_ssp585_late_2080s_heatwave_extreme_2088,Ahmedabad,ssp585,late_2080s,heatwave_extreme,2088,3fd68b62d6bfcf8503b28b2b0fd3b2395cfac091b12d6381de4bd04f1e914a26,perimeter_bot_zn_4,Bottom P4,bottom,131.25,22.97653256704981,0.13483795125466017,0.10750257690141417,0.027335374353245998,0.32316772696917095
ahmedabad_ssp585_late_2080s_heatwave_extreme_2088,Ahmedabad,ssp585,late_2080s,heatwave_extreme,2088,3fd68b62d6bfcf8503b28b2b0fd3b2395cfac091b12d6381de4bd04f1e914a26,perimeter_mid_zn_3,Middle P3,middle,207.34,31.782806513409962,0.16654684277760345,0.14197794986412401,0.02456889291347945,0.4357714694931988
ahmedabad_ssp585_late_2080s_heatwave_extreme_2088,Ahmedabad,ssp585,late_2080s,heatwave_extreme,2088,3fd68b62d6bfcf8503b28b2b0fd3b2395cfac091b12d6381de4bd04f1e914a26,perimeter_mid_zn_2,Middle P2,middle,131.26,27.84363026819923,0.14803288464693537,0.12257820346609688,0.025454681180838483,0.3810026210739407
ahmedabad_ssp585_late_2080s_heatwave_extreme_2088,Ahmedabad,ssp585,late_2080s,heatwave_extreme,2088,3fd68b62d6bfcf8503b28b2b0fd3b2395cfac091b12d6381de4bd04f1e914a26,perimeter_mid_zn_1,Middle P1,middle,207.34,54.25646551724138,0.2460025334562087,0.22671059496388316,0.019291938492325553,0.7187587465312083
ahmedabad_ssp585_late_2080s_heatwave_extreme_2088,Ahmedabad,ssp585,late_2080s,heatwave_extreme,2088,3fd68b62d6bfcf8503b28b2b0fd3b2395cfac091b12d6381de4bd04f1e914a26,perimeter_mid_zn_4,Middle P4,middle,131.25,25.10775862068966,0.13775243658202616,0.11197155213605263,0.025780884445973533,0.34736012200870353
ahmedabad_ssp585_late_2080s_hot_2088,Ahmedabad,ssp585,late_2080s,hot,2088,3fd68b62d6bfcf8503b28b2b0fd3b2395cfac091b12d6381de4bd04f1e914a26,core_bottom,Core bottom,bottom,983.54,23.233955938697317,0.1365340936183857,0.10816267670371518,0.028371416914670516,0.32344603718668924
ahmedabad_ssp585_late_2080s_hot_2088,Ahmedabad,ssp585,late_2080s,hot,2088,3fd68b62d6bfcf8503b28b2b0fd3b2395cfac091b12d6381de4bd04f1e914a26,core_mid,Core middle,middle,983.54,28.72365900383142,0.15147499803356282,0.125503641820064,0.025971356213498806,0.3764542896141526
ahmedabad_ssp585_late_2080s_hot_2088,Ahmedabad,ssp585,late_2080s,hot,2088,3fd68b62d6bfcf8503b28b2b0fd3b2395cfac091b12d6381de4bd04f1e914a26,core_top,Core top,top,983.54,27.113266283524908,0.14314569401612692,0.115842357441175,0.027303336574951917,0.33991965407017577
ahmedabad_ssp585_late_2080s_hot_2088,Ahmedabad,ssp585,late_2080s,hot,2088,3fd68b62d6bfcf8503b28b2b0fd3b2395cfac091b12d6381de4bd04f1e914a26,perimeter_top_zn_3,Top P3,top,207.34,30.14248084291188,0.1596470947406209,0.13404442326878724,0.02560267147183364,0.4050839310302902
ahmedabad_ssp585_late_2080s_hot_2088,Ahmedabad,ssp585,late_2080s,hot,2088,3fd68b62d6bfcf8503b28b2b0fd3b2395cfac091b12d6381de4bd04f1e914a26,perimeter_top_zn_2,Top P2,top,131.26,27.173132183908045,0.14808274951367428,0.12265649647150863,0.025426253042165642,0.3826276154552915
ahmedabad_ssp585_late_2080s_hot_2088,Ahmedabad,ssp585,late_2080s,hot,2088,3fd68b62d6bfcf8503b28b2b0fd3b2395cfac091b12d6381de4bd04f1e914a26,perimeter_top_zn_1,Top P1,top,207.34,49.12595785440613,0.2245905116043136,0.20351455120739556,0.02107596039691803,0.6447975291791829
ahmedabad_ssp585_late_2080s_hot_2088,Ahmedabad,ssp585,late_2080s,hot,2088,3fd68b62d6bfcf8503b28b2b0fd3b2395cfac091b12d6381de4bd04f1e914a26,perimeter_top_zn_4,Top P4,top,131.25,22.32998084291188,0.13217949400612938,0.10598005560361441,0.026199438402514975,0.32730623741379833
ahmedabad_ssp585_late_2080s_hot_2088,Ahmedabad,ssp585,late_2080s,hot,2088,3fd68b62d6bfcf8503b28b2b0fd3b2395cfac091b12d6381de4bd04f1e914a26,perimeter_bot_zn_3,Bottom P3,bottom,207.34,26.772030651340994,0.15112039600151345,0.1246119510803137,0.026508444921199747,0.36566260483404145
ahmedabad_ssp585_late_2080s_hot_2088,Ahmedabad,ssp585,late_2080s,hot,2088,3fd68b62d6bfcf8503b28b2b0fd3b2395cfac091b12d6381de4bd04f1e914a26,perimeter_bot_zn_2,Bottom P2,bottom,131.26,25.526819923371647,0.14440309906704998,0.11776893051056606,0.026634168556483928,0.36089114324961546
ahmedabad_ssp585_late_2080s_hot_2088,Ahmedabad,ssp585,late_2080s,hot,2088,3fd68b62d6bfcf8503b28b2b0fd3b2395cfac091b12d6381de4bd04f1e914a26,perimeter_bot_zn_1,Bottom P1,bottom,207.34,61.470306513409966,0.2679233770844476,0.2512423259144675,0.016681051169980074,0.8168412862122754
ahmedabad_ssp585_late_2080s_hot_2088,Ahmedabad,ssp585,late_2080s,hot,2088,3fd68b62d6bfcf8503b28b2b0fd3b2395cfac091b12d6381de4bd04f1e914a26,perimeter_bot_zn_4,Bottom P4,bottom,131.25,22.97653256704981,0.13483795125466017,0.10750257690141417,0.027335374353245998,0.32316772696917095
ahmedabad_ssp585_late_2080s_hot_2088,Ahmedabad,ssp585,late_2080s,hot,2088,3fd68b62d6bfcf8503b28b2b0fd3b2395cfac091b12d6381de4bd04f1e914a26,perimeter_mid_zn_3,Middle P3,middle,207.34,31.782806513409962,0.16654684277760345,0.14197794986412401,0.02456889291347945,0.4357714694931988
ahmedabad_ssp585_late_2080s_hot_2088,Ahmedabad,ssp585,late_2080s,hot,2088,3fd68b62d6bfcf8503b28b2b0fd3b2395cfac091b12d6381de4bd04f1e914a26,perimeter_mid_zn_2,Middle P2,middle,131.26,27.84363026819923,0.14803288464693537,0.12257820346609688,0.025454681180838483,0.3810026210739407
ahmedabad_ssp585_late_2080s_hot_2088,Ahmedabad,ssp585,late_2080s,hot,2088,3fd68b62d6bfcf8503b28b2b0fd3b2395cfac091b12d6381de4bd04f1e914a26,perimeter_mid_zn_1,Middle P1,middle,207.34,54.25646551724138,0.2460025334562087,0.22671059496388316,0.019291938492325553,0.7187587465312083
ahmedabad_ssp585_late_2080s_hot_2088,Ahmedabad,ssp585,late_2080s,hot,2088,3fd68b62d6bfcf8503b28b2b0fd3b2395cfac091b12d6381de4bd04f1e914a26,perimeter_mid_zn_4,Middle P4,middle,131.25,25.10775862068966,0.13775243658202616,0.11197155213605263,0.025780884445973533,0.34736012200870353
ahmedabad_ssp585_late_2080s_typical_2087,Ahmedabad,ssp585,late_2080s,typical,2087,f0343596362a2e7923658e0e721f851162aae15f56f059752eb96bf73f6ffa54,core_bottom,Core bottom,bottom,983.54,9.416906130268199,0.10159919451930485,0.07237031586720007,0.029228878652104787,0.22656271718704316
ahmedabad_ssp585_late_2080s_typical_2087,Ahmedabad,ssp585,late_2080s,typical,2087,f0343596362a2e7923658e0e721f851162aae15f56f059752eb96bf73f6ffa54,core_mid,Core middle,middle,983.54,16.96000957854406,0.11739678134622879,0.09001596381532526,0.02738081753090353,0.2752310284940901
ahmedabad_ssp585_late_2080s_typical_2087,Ahmedabad,ssp585,late_2080s,typical,2087,f0343596362a2e7923658e0e721f851162aae15f56f059752eb96bf73f6ffa54,core_top,Core top,top,983.54,14.786877394636017,0.1091438787553179,0.08047096680416467,0.02867291195115324,0.24054092974105823
ahmedabad_ssp585_late_2080s_typical_2087,Ahmedabad,ssp585,late_2080s,typical,2087,f0343596362a2e7923658e0e721f851162aae15f56f059752eb96bf73f6ffa54,perimeter_top_zn_3,Top P3,top,207.34,18.40876436781609,0.12531630994032092,0.09785892663570835,0.027457383304612573,0.3006987763803339
ahmedabad_ssp585_late_2080s_typical_2087,Ahmedabad,ssp585,late_2080s,typical,2087,f0343596362a2e7923658e0e721f851162aae15f56f059752eb96bf73f6ffa54,perimeter_top_zn_2,Top P2,top,131.26,15.589080459770116,0.11773233471506421,0.09025260186138638,0.02747973285367783,0.28754475848963473
ahmedabad_ssp585_late_2080s_typical_2087,Ahmedabad,ssp585,late_2080s,typical,2087,f0343596362a2e7923658e0e721f851162aae15f56f059752eb96bf73f6ffa54,perimeter_top_zn_1,Top P1,top,207.34,38.18247126436782,0.19456913091131753,0.17168839034141342,0.022880740569904114,0.5450534353530269
ahmedabad_ssp585_late_2080s_typical_2087,Ahmedabad,ssp585,late_2080s,typical,2087,f0343596362a2e7923658e0e721f851162aae15f56f059752eb96bf73f6ffa54,perimeter_top_zn_4,Top P4,top,131.25,12.176724137931034,0.1076931695108591,0.07981847546700525,0.027874694043853843,0.2531789407058175
ahmedabad_ssp585_late_2080s_typical_2087,Ahmedabad,ssp585,late_2080s,typical,2087,f0343596362a2e7923658e0e721f851162aae15f56f059752eb96bf73f6ffa54,perimeter_bot_zn_3,Bottom P3,bottom,207.34,14.34985632183908,0.11346460094148152,0.08573141602129797,0.02773318492018355,0.25831743498279447
ahmedabad_ssp585_late_2080s_typical_2087,Ahmedabad,ssp585,late_2080s,typical,2087,f0343596362a2e7923658e0e721f851162aae15f56f059752eb96bf73f6ffa54,perimeter_bot_zn_2,Bottom P2,bottom,131.26,14.152298850574713,0.11293821608369992,0.08477009751490974,0.028168118568790174,0.2688355188890384
ahmedabad_ssp585_late_2080s_typical_2087,Ahmedabad,ssp585,late_2080s,typical,2087,f0343596362a2e7923658e0e721f851162aae15f56f059752eb96bf73f6ffa54,perimeter_bot_zn_1,Bottom P1,bottom,207.34,50.77825670498084,0.23799685426163156,0.21930481127701465,0.018692042984616908,0.7017090876457351
ahmedabad_ssp585_late_2080s_typical_2087,Ahmedabad,ssp585,late_2080s,typical,2087,f0343596362a2e7923658e0e721f851162aae15f56f059752eb96bf73f6ffa54,perimeter_bot_zn_4,Bottom P4,bottom,131.25,10.79382183908046,0.10346692083681125,0.0747886265673647,0.028678294269446555,0.23485947030113327
ahmedabad_ssp585_late_2080s_typical_2087,Ahmedabad,ssp585,late_2080s,typical,2087,f0343596362a2e7923658e0e721f851162aae15f56f059752eb96bf73f6ffa54,perimeter_mid_zn_3,Middle P3,middle,207.34,20.01317049808429,0.1320441380297243,0.10565836494738348,0.02638577308234082,0.32974492032490527
ahmedabad_ssp585_late_2080s_typical_2087,Ahmedabad,ssp585,late_2080s,typical,2087,f0343596362a2e7923658e0e721f851162aae15f56f059752eb96bf73f6ffa54,perimeter_mid_zn_2,Middle P2,middle,131.26,15.918342911877396,0.11706040496914234,0.08964966488278416,0.027410740086358194,0.2846601163693111
ahmedabad_ssp585_late_2080s_typical_2087,Ahmedabad,ssp585,late_2080s,typical,2087,f0343596362a2e7923658e0e721f851162aae15f56f059752eb96bf73f6ffa54,perimeter_mid_zn_1,Middle P1,middle,207.34,42.88194444444444,0.21673187714766623,0.19579507200493632,0.020936805142729897,0.6190731665994736
ahmedabad_ssp585_late_2080s_typical_2087,Ahmedabad,ssp585,late_2080s,typical,2087,f0343596362a2e7923658e0e721f851162aae15f56f059752eb96bf73f6ffa54,perimeter_mid_zn_4,Middle P4,middle,131.25,13.613505747126437,0.11036702446082607,0.08281464265225459,0.027552381808571478,0.26303130792006046
ahmedabad_ssp585_mid_2050s_heatwave_extreme_2051,Ahmedabad,ssp585,mid_2050s,heatwave_extreme,2051,dbbe5f0ba62c446cf425567226cf5cd7ee19febc10f2152e48063a50b82495a7,core_bottom,Core bottom,bottom,983.54,8.117816091954024,0.10003542931082143,0.07080073049799333,0.029234698812828096,0.2303668879841494
ahmedabad_ssp585_mid_2050s_heatwave_extreme_2051,Ahmedabad,ssp585,mid_2050s,heatwave_extreme,2051,dbbe5f0ba62c446cf425567226cf5cd7ee19febc10f2152e48063a50b82495a7,core_mid,Core middle,middle,983.54,16.343390804597703,0.11625670435171244,0.089084616069855,0.02717208828185743,0.28427089087079044
ahmedabad_ssp585_mid_2050s_heatwave_extreme_2051,Ahmedabad,ssp585,mid_2050s,heatwave_extreme,2051,dbbe5f0ba62c446cf425567226cf5cd7ee19febc10f2152e48063a50b82495a7,core_top,Core top,top,983.54,13.757183908045977,0.10752586451282097,0.07901933355745547,0.02850653095536549,0.24512438756059668
ahmedabad_ssp585_mid_2050s_heatwave_extreme_2051,Ahmedabad,ssp585,mid_2050s,heatwave_extreme,2051,dbbe5f0ba62c446cf425567226cf5cd7ee19febc10f2152e48063a50b82495a7,perimeter_top_zn_3,Top P3,top,207.34,18.773946360153257,0.12495860420988988,0.09780588952942226,0.027152714680467614,0.3113334091022036
ahmedabad_ssp585_mid_2050s_heatwave_extreme_2051,Ahmedabad,ssp585,mid_2050s,heatwave_extreme,2051,dbbe5f0ba62c446cf425567226cf5cd7ee19febc10f2152e48063a50b82495a7,perimeter_top_zn_2,Top P2,top,131.26,15.888409961685824,0.11794817314728377,0.09069429632696462,0.027253876820319156,0.29730785286888184
ahmedabad_ssp585_mid_2050s_heatwave_extreme_2051,Ahmedabad,ssp585,mid_2050s,heatwave_extreme,2051,dbbe5f0ba62c446cf425567226cf5cd7ee19febc10f2152e48063a50b82495a7,perimeter_top_zn_1,Top P1,top,207.34,38.72725095785441,0.19229596597209422,0.1697302413410757,0.02256572463101854,0.5486941958652078
ahmedabad_ssp585_mid_2050s_heatwave_extreme_2051,Ahmedabad,ssp585,mid_2050s,heatwave_extreme,2051,dbbe5f0ba62c446cf425567226cf5cd7ee19febc10f2152e48063a50b82495a7,perimeter_top_zn_4,Top P4,top,131.25,13.044779693486591,0.10812105196936816,0.0802600957161432,0.027860956253224968,0.26261928486808267
ahmedabad_ssp585_mid_2050s_heatwave_extreme_2051,Ahmedabad,ssp585,mid_2050s,heatwave_extreme,2051,dbbe5f0ba62c446cf425567226cf5cd7ee19febc10f2152e48063a50b82495a7,perimeter_bot_zn_3,Bottom P3,bottom,207.34,14.307950191570882,0.11346368606756113,0.08573707887753211,0.027726607190029024,0.2685878938039333
ahmedabad_ssp585_mid_2050s_heatwave_extreme_2051,Ahmedabad,ssp585,mid_2050s,heatwave_extreme,2051,dbbe5f0ba62c446cf425567226cf5cd7ee19febc10f2152e48063a50b82495a7,perimeter_bot_zn_2,Bottom P2,bottom,131.26,12.793342911877396,0.11229029415214124,0.08430245709827418,0.02798783705386706,0.2794227732845911
ahmedabad_ssp585_mid_2050s_heatwave_extreme_2051,Ahmedabad,ssp585,mid_2050s,heatwave_extreme,2051,dbbe5f0ba62c446cf425567226cf5cd7ee19febc10f2152e48063a50b82495a7,perimeter_bot_zn_1,Bottom P1,bottom,207.34,52.33477011494253,0.23347687307665824,0.21458322900638227,0.01889364407027597,0.6966539866419067
ahmedabad_ssp585_mid_2050s_heatwave_extreme_2051,Ahmedabad,ssp585,mid_2050s,heatwave_extreme,2051,dbbe5f0ba62c446cf425567226cf5cd7ee19febc10f2152e48063a50b82495a7,perimeter_bot_zn_4,Bottom P4,bottom,131.25,10.704022988505747,0.10385429943823138,0.07505821128025914,0.02879608815797224,0.24455646231183345
ahmedabad_ssp585_mid_2050s_heatwave_extreme_2051,Ahmedabad,ssp585,mid_2050s,heatwave_extreme,2051,dbbe5f0ba62c446cf425567226cf5cd7ee19febc10f2152e48063a50b82495a7,perimeter_mid_zn_3,Middle P3,middle,207.34,22.32998084291188,0.1330928439796571,0.10695483205957967,0.026138011920077402,0.34643885399647484
ahmedabad_ssp585_mid_2050s_heatwave_extreme_2051,Ahmedabad,ssp585,mid_2050s,heatwave_extreme,2051,dbbe5f0ba62c446cf425567226cf5cd7ee19febc10f2152e48063a50b82495a7,perimeter_mid_zn_2,Middle P2,middle,131.26,16.29549808429119,0.11706368654686021,0.08994737339205594,0.02711631315480427,0.29508908391794714
ahmedabad_ssp585_mid_2050s_heatwave_extreme_2051,Ahmedabad,ssp585,mid_2050s,heatwave_extreme,2051,dbbe5f0ba62c446cf425567226cf5cd7ee19febc10f2152e48063a50b82495a7,perimeter_mid_zn_1,Middle P1,middle,207.34,45.30651340996169,0.21573323320068968,0.1951847116070821,0.0205485215936076,0.628519367130024
ahmedabad_ssp585_mid_2050s_heatwave_extreme_2051,Ahmedabad,ssp585,mid_2050s,heatwave_extreme,2051,dbbe5f0ba62c446cf425567226cf5cd7ee19febc10f2152e48063a50b82495a7,perimeter_mid_zn_4,Middle P4,middle,131.25,14.254070881226053,0.11054134085549508,0.08306610723684223,0.027475233618652856,0.2727098820920362
ahmedabad_ssp585_mid_2050s_hot_2050,Ahmedabad,ssp585,mid_2050s,hot,2050,4dce1d20cdd882a0cd2cdf2b025f9695dabcf61cb26e754bf6fa79422ecef01d,core_bottom,Core bottom,bottom,983.54,8.985871647509578,0.10068703446313346,0.07123083112922174,0.02945620333391172,0.22780400510046056
ahmedabad_ssp585_mid_2050s_hot_2050,Ahmedabad,ssp585,mid_2050s,hot,2050,4dce1d20cdd882a0cd2cdf2b025f9695dabcf61cb26e754bf6fa79422ecef01d,core_mid,Core middle,middle,983.54,17.69037356321839,0.11749389581956546,0.08983516689786693,0.027658728921698527,0.2791799062586685
ahmedabad_ssp585_mid_2050s_hot_2050,Ahmedabad,ssp585,mid_2050s,hot,2050,4dce1d20cdd882a0cd2cdf2b025f9695dabcf61cb26e754bf6fa79422ecef01d,core_top,Core top,top,983.54,14.834770114942527,0.10848186843411553,0.07946471127173399,0.02901715716238154,0.2402500731939854
ahmedabad_ssp585_mid_2050s_hot_2050,Ahmedabad,ssp585,mid_2050s,hot,2050,4dce1d20cdd882a0cd2cdf2b025f9695dabcf61cb26e754bf6fa79422ecef01d,perimeter_top_zn_3,Top P3,top,207.34,19.04932950191571,0.12485104172190412,0.09721186575367181,0.027639175968232295,0.3023822365869151
ahmedabad_ssp585_mid_2050s_hot_2050,Ahmedabad,ssp585,mid_2050s,hot,2050,4dce1d20cdd882a0cd2cdf2b025f9695dabcf61cb26e754bf6fa79422ecef01d,perimeter_top_zn_2,Top P2,top,131.26,16.103927203065137,0.1170855438557462,0.08927482376831862,0.027810720087427573,0.2898388858073165
ahmedabad_ssp585_mid_2050s_hot_2050,Ahmedabad,ssp585,mid_2050s,hot,2050,4dce1d20cdd882a0cd2cdf2b025f9695dabcf61cb26e754bf6fa79422ecef01d,perimeter_top_zn_1,Top P1,top,207.34,37.12883141762452,0.1872026958326422,0.1642299166974104,0.022972779135231797,0.5284057960827945
ahmedabad_ssp585_mid_2050s_hot_2050,Ahmedabad,ssp585,mid_2050s,hot,2050,4dce1d20cdd882a0cd2cdf2b025f9695dabcf61cb26e754bf6fa79422ecef01d,perimeter_top_zn_4,Top P4,top,131.25,12.17073754789272,0.10586459935210459,0.07775410719369083,0.028110492158413755,0.2513589144276569
ahmedabad_ssp585_mid_2050s_hot_2050,Ahmedabad,ssp585,mid_2050s,hot,2050,4dce1d20cdd882a0cd2cdf2b025f9695dabcf61cb26e754bf6fa79422ecef01d,perimeter_bot_zn_3,Bottom P3,bottom,207.34,14.427681992337165,0.11250016141789744,0.08455067420408657,0.027949487213810867,0.2591162869192388
ahmedabad_ssp585_mid_2050s_hot_2050,Ahmedabad,ssp585,mid_2050s,hot,2050,4dce1d20cdd882a0cd2cdf2b025f9695dabcf61cb26e754bf6fa79422ecef01d,perimeter_bot_zn_2,Bottom P2,bottom,131.26,13.284243295019158,0.11011967827052525,0.08161822019772241,0.028501458072802834,0.2660042774495149
ahmedabad_ssp585_mid_2050s_hot_2050,Ahmedabad,ssp585,mid_2050s,hot,2050,4dce1d20cdd882a0cd2cdf2b025f9695dabcf61cb26e754bf6fa79422ecef01d,perimeter_bot_zn_1,Bottom P1,bottom,207.34,51.293103448275865,0.22755224388408604,0.20831049709478028,0.019241746789305778,0.6793609480853252
ahmedabad_ssp585_mid_2050s_hot_2050,Ahmedabad,ssp585,mid_2050s,hot,2050,4dce1d20cdd882a0cd2cdf2b025f9695dabcf61cb26e754bf6fa79422ecef01d,perimeter_bot_zn_4,Bottom P4,bottom,131.25,9.782088122605364,0.10018910811755158,0.07132587023832081,0.02886323787923077,0.23099592551679224
ahmedabad_ssp585_mid_2050s_hot_2050,Ahmedabad,ssp585,mid_2050s,hot,2050,4dce1d20cdd882a0cd2cdf2b025f9695dabcf61cb26e754bf6fa79422ecef01d,perimeter_mid_zn_3,Middle P3,middle,207.34,21.797174329501914,0.1333761083502862,0.10687138793175555,0.026504720418530667,0.3384248006399981
ahmedabad_ssp585_mid_2050s_hot_2050,Ahmedabad,ssp585,mid_2050s,hot,2050,4dce1d20cdd882a0cd2cdf2b025f9695dabcf61cb26e754bf6fa79422ecef01d,perimeter_mid_zn_2,Middle P2,middle,131.26,16.307471264367816,0.11706325732143602,0.08945174559460635,0.02761151172682967,0.28997819247324347
ahmedabad_ssp585_mid_2050s_hot_2050,Ahmedabad,ssp585,mid_2050s,hot,2050,4dce1d20cdd882a0cd2cdf2b025f9695dabcf61cb26e754bf6fa79422ecef01d,perimeter_mid_zn_1,Middle P1,middle,207.34,43.61230842911878,0.21158706466331434,0.19047542475816265,0.021111639905151695,0.6113394402683137
ahmedabad_ssp585_mid_2050s_hot_2050,Ahmedabad,ssp585,mid_2050s,hot,2050,4dce1d20cdd882a0cd2cdf2b025f9695dabcf61cb26e754bf6fa79422ecef01d,perimeter_mid_zn_4,Middle P4,middle,131.25,13.667385057471265,0.10936991795810785,0.08175913574758577,0.027610782210522093,0.26484911052705723
ahmedabad_ssp585_mid_2050s_typical_2055,Ahmedabad,ssp585,mid_2050s,typical,2055,6dbebbcb2b5f7d9f293064c11e6eb2f025e97ea293d30fa4e42fec0a1d4a749c,core_bottom,Core bottom,bottom,983.54,2.957375478927203,0.08357737442652269,0.052499575099461335,0.03107779932706135,0.1663052433480401
ahmedabad_ssp585_mid_2050s_typical_2055,Ahmedabad,ssp585,mid_2050s,typical,2055,6dbebbcb2b5f7d9f293064c11e6eb2f025e97ea293d30fa4e42fec0a1d4a749c,core_mid,Core middle,middle,983.54,8.183668582375478,0.09096029919247238,0.061151650201846396,0.02980864899062598,0.18335873977160527
ahmedabad_ssp585_mid_2050s_typical_2055,Ahmedabad,ssp585,mid_2050s,typical,2055,6dbebbcb2b5f7d9f293064c11e6eb2f025e97ea293d30fa4e42fec0a1d4a749c,core_top,Core top,top,983.54,6.65110153256705,0.08571548213883637,0.054566391862699605,0.031149090276136764,0.15725201253676
ahmedabad_ssp585_mid_2050s_typical_2055,Ahmedabad,ssp585,mid_2050s,typical,2055,6dbebbcb2b5f7d9f293064c11e6eb2f025e97ea293d30fa4e42fec0a1d4a749c,perimeter_top_zn_3,Top P3,top,207.34,9.416906130268199,0.09652051596362998,0.0667092986457305,0.029811217317899482,0.20280173892629608
ahmedabad_ssp585_mid_2050s_typical_2055,Ahmedabad,ssp585,mid_2050s,typical,2055,6dbebbcb2b5f7d9f293064c11e6eb2f025e97ea293d30fa4e42fec0a1d4a749c,perimeter_top_zn_2,Top P2,top,131.26,7.429358237547892,0.09310022932286616,0.06341412257221599,0.029686106750650164,0.2077930864783659
ahmedabad_ssp585_mid_2050s_typical_2055,Ahmedabad,ssp585,mid_2050s,typical,2055,6dbebbcb2b5f7d9f293064c11e6eb2f025e97ea293d30fa4e42fec0a1d4a749c,perimeter_top_zn_1,Top P1,top,207.34,27.424568965517242,0.1568304016082561,0.13182125067050876,0.025009150937747325,0.4243113459532272
ahmedabad_ssp585_mid_2050s_typical_2055,Ahmedabad,ssp585,mid_2050s,typical,2055,6dbebbcb2b5f7d9f293064c11e6eb2f025e97ea293d30fa4e42fec0a1d4a749c,perimeter_top_zn_4,Top P4,top,131.25,6.17816091954023,0.08942649029425574,0.059564070226867695,0.029862420067388047,0.19136806816924748
ahmedabad_ssp585_mid_2050s_typical_2055,Ahmedabad,ssp585,mid_2050s,typical,2055,6dbebbcb2b5f7d9f293064c11e6eb2f025e97ea293d30fa4e42fec0a1d4a749c,perimeter_bot_zn_3,Bottom P3,bottom,207.34,5.543582375478928,0.08529591061746018,0.054985289786847746,0.03031062083061244,0.1601388453050295
ahmedabad_ssp585_mid_2050s_typical_2055,Ahmedabad,ssp585,mid_2050s,typical,2055,6dbebbcb2b5f7d9f293064c11e6eb2f025e97ea293d30fa4e42fec0a1d4a749c,perimeter_bot_zn_2,Bottom P2,bottom,131.26,5.184386973180077,0.0882778824915445,0.0577627400849465,0.030515142406598007,0.1878840154792262
ahmedabad_ssp585_mid_2050s_typical_2055,Ahmedabad,ssp585,mid_2050s,typical,2055,6dbebbcb2b5f7d9f293064c11e6eb2f025e97ea293d30fa4e42fec0a1d4a749c,perimeter_bot_zn_1,Bottom P1,bottom,207.34,37.88912835249042,0.1936367173702367,0.17234920813760923,0.021287509232627448,0.5580896198945282
ahmedabad_ssp585_mid_2050s_typical_2055,Ahmedabad,ssp585,mid_2050s,typical,2055,6dbebbcb2b5f7d9f293064c11e6eb2f025e97ea293d30fa4e42fec0a1d4a749c,perimeter_bot_zn_4,Bottom P4,bottom,131.25,3.7356321839080464,0.08382114448923157,0.052886303256489284,0.03093484123274229,0.16835070295939897
ahmedabad_ssp585_mid_2050s_typical_2055,Ahmedabad,ssp585,mid_2050s,typical,2055,6dbebbcb2b5f7d9f293064c11e6eb2f025e97ea293d30fa4e42fec0a1d4a749c,perimeter_mid_zn_3,Middle P3,middle,207.34,10.949473180076629,0.10119902901383511,0.07223721242075344,0.028961816593081672,0.22585959808520958
ahmedabad_ssp585_mid_2050s_typical_2055,Ahmedabad,ssp585,mid_2050s,typical,2055,6dbebbcb2b5f7d9f293064c11e6eb2f025e97ea293d30fa4e42fec0a1d4a749c,perimeter_mid_zn_2,Middle P2,middle,131.26,7.159961685823754,0.09206448596979634,0.06241670534097441,0.02964778062882193,0.20389817827084858
ahmedabad_ssp585_mid_2050s_typical_2055,Ahmedabad,ssp585,mid_2050s,typical,2055,6dbebbcb2b5f7d9f293064c11e6eb2f025e97ea293d30fa4e42fec0a1d4a749c,perimeter_mid_zn_1,Middle P1,middle,207.34,32.00431034482759,0.17637206005398964,0.15295596987693044,0.023416090177059205,0.4906926173230327
ahmedabad_ssp585_mid_2050s_typical_2055,Ahmedabad,ssp585,mid_2050s,typical,2055,6dbebbcb2b5f7d9f293064c11e6eb2f025e97ea293d30fa4e42fec0a1d4a749c,perimeter_mid_zn_4,Middle P4,middle,131.25,6.4415708812260535,0.08987535476877258,0.060168634134626205,0.029706720634146373,0.19490090475963864
ahmedabad_ssp585_near_2030s_heatwave_extreme_2037,Ahmedabad,ssp585,near_2030s,heatwave_extreme,2037,468b3e53a7f6a6177a4fa444d418ec938c50b48d71f0566cd58a3900cf0619e1,core_bottom,Core bottom,bottom,983.54,4.406130268199234,0.09072323216487103,0.06067439390533074,0.0300488382595403,0.2026707759717493
ahmedabad_ssp585_near_2030s_heatwave_extreme_2037,Ahmedabad,ssp585,near_2030s,heatwave_extreme,2037,468b3e53a7f6a6177a4fa444d418ec938c50b48d71f0566cd58a3900cf0619e1,core_mid,Core middle,middle,983.54,11.176963601532568,0.10287823939812035,0.07473089843978382,0.028147340958336525,0.2413946976050711
ahmedabad_ssp585_near_2030s_heatwave_extreme_2037,Ahmedabad,ssp585,near_2030s,heatwave_extreme,2037,468b3e53a7f6a6177a4fa444d418ec938c50b48d71f0566cd58a3900cf0619e1,core_top,Core top,top,983.54,9.11757662835249,0.09518230793794086,0.06549276278659316,0.0296895451513477,0.2056070643472692
ahmedabad_ssp585_near_2030s_heatwave_extreme_2037,Ahmedabad,ssp585,near_2030s,heatwave_extreme,2037,468b3e53a7f6a6177a4fa444d418ec938c50b48d71f0566cd58a3900cf0619e1,perimeter_top_zn_3,Top P3,top,207.34,12.284482758620689,0.10793473116033314,0.0795223945775203,0.028412336582812826,0.25553116717701346
ahmedabad_ssp585_near_2030s_heatwave_extreme_2037,Ahmedabad,ssp585,near_2030s,heatwave_extreme,2037,468b3e53a7f6a6177a4fa444d418ec938c50b48d71f0566cd58a3900cf0619e1,perimeter_top_zn_2,Top P2,top,131.26,10.530411877394636,0.10312646073134776,0.07446373062683546,0.0286627301045123,0.25028460083264
ahmedabad_ssp585_near_2030s_heatwave_extreme_2037,Ahmedabad,ssp585,near_2030s,heatwave_extreme,2037,468b3e53a7f6a6177a4fa444d418ec938c50b48d71f0566cd58a3900cf0619e1,perimeter_top_zn_1,Top P1,top,207.34,30.801005747126435,0.17164798834360523,0.14795289712247056,0.023695091221134657,0.4820115800848597
ahmedabad_ssp585_near_2030s_heatwave_extreme_2037,Ahmedabad,ssp585,near_2030s,heatwave_extreme,2037,468b3e53a7f6a6177a4fa444d418ec938c50b48d71f0566cd58a3900cf0619e1,perimeter_top_zn_4,Top P4,top,131.25,8.381226053639846,0.09741053784469228,0.06840741608392892,0.029003121760763362,0.22670252142000907
ahmedabad_ssp585_near_2030s_heatwave_extreme_2037,Ahmedabad,ssp585,near_2030s,heatwave_extreme,2037,468b3e53a7f6a6177a4fa444d418ec938c50b48d71f0566cd58a3900cf0619e1,perimeter_bot_zn_3,Bottom P3,bottom,207.34,7.716714559386974,0.09736921811061314,0.06884140790916508,0.028527810201448053,0.21591626619490156
ahmedabad_ssp585_near_2030s_heatwave_extreme_2037,Ahmedabad,ssp585,near_2030s,heatwave_extreme,2037,468b3e53a7f6a6177a4fa444d418ec938c50b48d71f0566cd58a3900cf0619e1,perimeter_bot_zn_2,Bottom P2,bottom,131.26,8.147749042145595,0.09971029132662751,0.07031892778485045,0.029391363541777064,0.23592414010410334
ahmedabad_ssp585_near_2030s_heatwave_extreme_2037,Ahmedabad,ssp585,near_2030s,heatwave_extreme,2037,468b3e53a7f6a6177a4fa444d418ec938c50b48d71f0566cd58a3900cf0619e1,perimeter_bot_zn_1,Bottom P1,bottom,207.34,44.94731800766284,0.21123957206260158,0.1909392451527582,0.02030032690984337,0.620417533849076
ahmedabad_ssp585_near_2030s_heatwave_extreme_2037,Ahmedabad,ssp585,near_2030s,heatwave_extreme,2037,468b3e53a7f6a6177a4fa444d418ec938c50b48d71f0566cd58a3900cf0619e1,perimeter_bot_zn_4,Bottom P4,bottom,131.25,6.118295019157088,0.09236920816136722,0.062439407701907375,0.029929800459459848,0.20722719748181595
ahmedabad_ssp585_near_2030s_heatwave_extreme_2037,Ahmedabad,ssp585,near_2030s,heatwave_extreme,2037,468b3e53a7f6a6177a4fa444d418ec938c50b48d71f0566cd58a3900cf0619e1,perimeter_mid_zn_3,Middle P3,middle,207.34,14.451628352490422,0.11509955947931512,0.08796161881312808,0.02713794066618704,0.2884120584296505
ahmedabad_ssp585_near_2030s_heatwave_extreme_2037,Ahmedabad,ssp585,near_2030s,heatwave_extreme,2037,468b3e53a7f6a6177a4fa444d418ec938c50b48d71f0566cd58a3900cf0619e1,perimeter_mid_zn_2,Middle P2,middle,131.26,10.43462643678161,0.10263527083307437,0.07412609024534458,0.02850918058772978,0.24798404859628775
ahmedabad_ssp585_near_2030s_heatwave_extreme_2037,Ahmedabad,ssp585,near_2030s,heatwave_extreme,2037,468b3e53a7f6a6177a4fa444d418ec938c50b48d71f0566cd58a3900cf0619e1,perimeter_mid_zn_1,Middle P1,middle,207.34,36.57806513409962,0.19380053036830164,0.1719487179465453,0.021851812421756357,0.5570600441073514
ahmedabad_ssp585_near_2030s_heatwave_extreme_2037,Ahmedabad,ssp585,near_2030s,heatwave_extreme,2037,468b3e53a7f6a6177a4fa444d418ec938c50b48d71f0566cd58a3900cf0619e1,perimeter_mid_zn_4,Middle P4,middle,131.25,8.764367816091955,0.09848347520352851,0.06971900004039829,0.028764475163130222,0.23303654516613154
ahmedabad_ssp585_near_2030s_hot_2037,Ahmedabad,ssp585,near_2030s,hot,2037,468b3e53a7f6a6177a4fa444d418ec938c50b48d71f0566cd58a3900cf0619e1,core_bottom,Core bottom,bottom,983.54,4.406130268199234,0.09072323216487103,0.06067439390533074,0.0300488382595403,0.2026707759717493
ahmedabad_ssp585_near_2030s_hot_2037,Ahmedabad,ssp585,near_2030s,hot,2037,468b3e53a7f6a6177a4fa444d418ec938c50b48d71f0566cd58a3900cf0619e1,core_mid,Core middle,middle,983.54,11.176963601532568,0.10287823939812035,0.07473089843978382,0.028147340958336525,0.2413946976050711
ahmedabad_ssp585_near_2030s_hot_2037,Ahmedabad,ssp585,near_2030s,hot,2037,468b3e53a7f6a6177a4fa444d418ec938c50b48d71f0566cd58a3900cf0619e1,core_top,Core top,top,983.54,9.11757662835249,0.09518230793794086,0.06549276278659316,0.0296895451513477,0.2056070643472692
ahmedabad_ssp585_near_2030s_hot_2037,Ahmedabad,ssp585,near_2030s,hot,2037,468b3e53a7f6a6177a4fa444d418ec938c50b48d71f0566cd58a3900cf0619e1,perimeter_top_zn_3,Top P3,top,207.34,12.284482758620689,0.10793473116033314,0.0795223945775203,0.028412336582812826,0.25553116717701346
ahmedabad_ssp585_near_2030s_hot_2037,Ahmedabad,ssp585,near_2030s,hot,2037,468b3e53a7f6a6177a4fa444d418ec938c50b48d71f0566cd58a3900cf0619e1,perimeter_top_zn_2,Top P2,top,131.26,10.530411877394636,0.10312646073134776,0.07446373062683546,0.0286627301045123,0.25028460083264
ahmedabad_ssp585_near_2030s_hot_2037,Ahmedabad,ssp585,near_2030s,hot,2037,468b3e53a7f6a6177a4fa444d418ec938c50b48d71f0566cd58a3900cf0619e1,perimeter_top_zn_1,Top P1,top,207.34,30.801005747126435,0.17164798834360523,0.14795289712247056,0.023695091221134657,0.4820115800848597
ahmedabad_ssp585_near_2030s_hot_2037,Ahmedabad,ssp585,near_2030s,hot,2037,468b3e53a7f6a6177a4fa444d418ec938c50b48d71f0566cd58a3900cf0619e1,perimeter_top_zn_4,Top P4,top,131.25,8.381226053639846,0.09741053784469228,0.06840741608392892,0.029003121760763362,0.22670252142000907
ahmedabad_ssp585_near_2030s_hot_2037,Ahmedabad,ssp585,near_2030s,hot,2037,468b3e53a7f6a6177a4fa444d418ec938c50b48d71f0566cd58a3900cf0619e1,perimeter_bot_zn_3,Bottom P3,bottom,207.34,7.716714559386974,0.09736921811061314,0.06884140790916508,0.028527810201448053,0.21591626619490156
ahmedabad_ssp585_near_2030s_hot_2037,Ahmedabad,ssp585,near_2030s,hot,2037,468b3e53a7f6a6177a4fa444d418ec938c50b48d71f0566cd58a3900cf0619e1,perimeter_bot_zn_2,Bottom P2,bottom,131.26,8.147749042145595,0.09971029132662751,0.07031892778485045,0.029391363541777064,0.23592414010410334
ahmedabad_ssp585_near_2030s_hot_2037,Ahmedabad,ssp585,near_2030s,hot,2037,468b3e53a7f6a6177a4fa444d418ec938c50b48d71f0566cd58a3900cf0619e1,perimeter_bot_zn_1,Bottom P1,bottom,207.34,44.94731800766284,0.21123957206260158,0.1909392451527582,0.02030032690984337,0.620417533849076
ahmedabad_ssp585_near_2030s_hot_2037,Ahmedabad,ssp585,near_2030s,hot,2037,468b3e53a7f6a6177a4fa444d418ec938c50b48d71f0566cd58a3900cf0619e1,perimeter_bot_zn_4,Bottom P4,bottom,131.25,6.118295019157088,0.09236920816136722,0.062439407701907375,0.029929800459459848,0.20722719748181595
ahmedabad_ssp585_near_2030s_hot_2037,Ahmedabad,ssp585,near_2030s,hot,2037,468b3e53a7f6a6177a4fa444d418ec938c50b48d71f0566cd58a3900cf0619e1,perimeter_mid_zn_3,Middle P3,middle,207.34,14.451628352490422,0.11509955947931512,0.08796161881312808,0.02713794066618704,0.2884120584296505
ahmedabad_ssp585_near_2030s_hot_2037,Ahmedabad,ssp585,near_2030s,hot,2037,468b3e53a7f6a6177a4fa444d418ec938c50b48d71f0566cd58a3900cf0619e1,perimeter_mid_zn_2,Middle P2,middle,131.26,10.43462643678161,0.10263527083307437,0.07412609024534458,0.02850918058772978,0.24798404859628775
ahmedabad_ssp585_near_2030s_hot_2037,Ahmedabad,ssp585,near_2030s,hot,2037,468b3e53a7f6a6177a4fa444d418ec938c50b48d71f0566cd58a3900cf0619e1,perimeter_mid_zn_1,Middle P1,middle,207.34,36.57806513409962,0.19380053036830164,0.1719487179465453,0.021851812421756357,0.5570600441073514
ahmedabad_ssp585_near_2030s_hot_2037,Ahmedabad,ssp585,near_2030s,hot,2037,468b3e53a7f6a6177a4fa444d418ec938c50b48d71f0566cd58a3900cf0619e1,perimeter_mid_zn_4,Middle P4,middle,131.25,8.764367816091955,0.09848347520352851,0.06971900004039829,0.028764475163130222,0.23303654516613154
ahmedabad_ssp585_near_2030s_typical_2031,Ahmedabad,ssp585,near_2030s,typical,2031,0a6fae5b8c3feb580e078949424689e87e4b5cd03cf31a91e41a0ab2ddd61e09,core_bottom,Core bottom,bottom,983.54,7.165948275862069,0.09666921961809773,0.06666956481637996,0.02999965480171776,0.22293375496601384
ahmedabad_ssp585_near_2030s_typical_2031,Ahmedabad,ssp585,near_2030s,typical,2031,0a6fae5b8c3feb580e078949424689e87e4b5cd03cf31a91e41a0ab2ddd61e09,core_mid,Core middle,middle,983.54,14.337883141762454,0.10868701468122545,0.08048332508652734,0.028203689594698114,0.2573066255676127
ahmedabad_ssp585_near_2030s_typical_2031,Ahmedabad,ssp585,near_2030s,typical,2031,0a6fae5b8c3feb580e078949424689e87e4b5cd03cf31a91e41a0ab2ddd61e09,core_top,Core top,top,983.54,11.302681992337165,0.10019002129091897,0.07085351081270862,0.029336510478210356,0.2223511871851918
ahmedabad_ssp585_near_2030s_typical_2031,Ahmedabad,ssp585,near_2030s,typical,2031,0a6fae5b8c3feb580e078949424689e87e4b5cd03cf31a91e41a0ab2ddd61e09,perimeter_top_zn_3,Top P3,top,207.34,15.463362068965516,0.11323106853161818,0.08461890602032734,0.028612162511290846,0.26782101880848735
ahmedabad_ssp585_near_2030s_typical_2031,Ahmedabad,ssp585,near_2030s,typical,2031,0a6fae5b8c3feb580e078949424689e87e4b5cd03cf31a91e41a0ab2ddd61e09,perimeter_top_zn_2,Top P2,top,131.26,12.78735632183908,0.10877625230715166,0.08002875203346357,0.028747500273688085,0.2666728010001
ahmedabad_ssp585_near_2030s_typical_2031,Ahmedabad,ssp585,near_2030s,typical,2031,0a6fae5b8c3feb580e078949424689e87e4b5cd03cf31a91e41a0ab2ddd61e09,perimeter_top_zn_1,Top P1,top,207.34,28.418342911877392,0.16099089501835195,0.13682711449234525,0.02416378052600671,0.45213064982889783
ahmedabad_ssp585_near_2030s_typical_2031,Ahmedabad,ssp585,near_2030s,typical,2031,0a6fae5b8c3feb580e078949424689e87e4b5cd03cf31a91e41a0ab2ddd61e09,perimeter_top_zn_4,Top P4,top,131.25,10.075431034482758,0.09963627948466801,0.07069525761410266,0.028941021870565357,0.23245376024333908
ahmedabad_ssp585_near_2030s_typical_2031,Ahmedabad,ssp585,near_2030s,typical,2031,0a6fae5b8c3feb580e078949424689e87e4b5cd03cf31a91e41a0ab2ddd61e09,perimeter_bot_zn_3,Bottom P3,bottom,207.34,11.691810344827585,0.10460537882705516,0.07547050178753724,0.02913487703951791,0.23016446994983905
ahmedabad_ssp585_near_2030s_typical_2031,Ahmedabad,ssp585,near_2030s,typical,2031,0a6fae5b8c3feb580e078949424689e87e4b5cd03cf31a91e41a0ab2ddd61e09,perimeter_bot_zn_2,Bottom P2,bottom,131.26,10.380747126436782,0.10460092528353862,0.07505014382507491,0.029550781458463713,0.24769918392165713
ahmedabad_ssp585_near_2030s_typical_2031,Ahmedabad,ssp585,near_2030s,typical,2031,0a6fae5b8c3feb580e078949424689e87e4b5cd03cf31a91e41a0ab2ddd61e09,perimeter_bot_zn_1,Bottom P1,bottom,207.34,39.331896551724135,0.19082851826598954,0.16923442136824587,0.02159409689774366,0.5589081907335409
ahmedabad_ssp585_near_2030s_typical_2031,Ahmedabad,ssp585,near_2030s,typical,2031,0a6fae5b8c3feb580e078949424689e87e4b5cd03cf31a91e41a0ab2ddd61e09,perimeter_bot_zn_4,Bottom P4,bottom,131.25,8.602729885057471,0.09786026915084556,0.06798044476195121,0.02987982438889435,0.21983000601740774
ahmedabad_ssp585_near_2030s_typical_2031,Ahmedabad,ssp585,near_2030s,typical,2031,0a6fae5b8c3feb580e078949424689e87e4b5cd03cf31a91e41a0ab2ddd61e09,perimeter_mid_zn_3,Middle P3,middle,207.34,18.39080459770115,0.12145306649523904,0.09380086088369974,0.02765220561153931,0.30005786013642116
ahmedabad_ssp585_near_2030s_typical_2031,Ahmedabad,ssp585,near_2030s,typical,2031,0a6fae5b8c3feb580e078949424689e87e4b5cd03cf31a91e41a0ab2ddd61e09,perimeter_mid_zn_2,Middle P2,middle,131.26,13.517720306513409,0.10895855414271731,0.08043078006596673,0.028527774076750594,0.2680512933652718
ahmedabad_ssp585_near_2030s_typical_2031,Ahmedabad,ssp585,near_2030s,typical,2031,0a6fae5b8c3feb580e078949424689e87e4b5cd03cf31a91e41a0ab2ddd61e09,perimeter_mid_zn_1,Middle P1,middle,207.34,35.021551724137936,0.18190021384375837,0.1594178601991255,0.022482353644632875,0.523507994072402
ahmedabad_ssp585_near_2030s_typical_2031,Ahmedabad,ssp585,near_2030s,typical,2031,0a6fae5b8c3feb580e078949424689e87e4b5cd03cf31a91e41a0ab2ddd61e09,perimeter_mid_zn_4,Middle P4,middle,131.25,11.829501915708812,0.10290507377092205,0.07423254906001833,0.02867252471090372,0.24622244168778476
beijing_ssp245_baseline_2020s_heatwave_extreme_2025,Beijing,ssp245,baseline_2020s,heatwave_extreme,2025,f41638845eb57abe1b03f2c9249b7264602f55f6ba371a3f2b4d46a7723fec53,core_bottom,Core bottom,bottom,983.54,3.0471743295019156,0.10612512546335492,0.08494455904710567,0.02118056641624925,0.29266946707190716
beijing_ssp245_baseline_2020s_heatwave_extreme_2025,Beijing,ssp245,baseline_2020s,heatwave_extreme,2025,f41638845eb57abe1b03f2c9249b7264602f55f6ba371a3f2b4d46a7723fec53,core_mid,Core middle,middle,983.54,3.514128352490421,0.09071421182634506,0.0671513977402467,0.023562814086098362,0.21236350866403667
beijing_ssp245_baseline_2020s_heatwave_extreme_2025,Beijing,ssp245,baseline_2020s,heatwave_extreme,2025,f41638845eb57abe1b03f2c9249b7264602f55f6ba371a3f2b4d46a7723fec53,core_top,Core top,top,983.54,2.9454022988505746,0.08332246376854506,0.05743053199513057,0.025891931773414496,0.1409722028658108
beijing_ssp245_baseline_2020s_heatwave_extreme_2025,Beijing,ssp245,baseline_2020s,heatwave_extreme,2025,f41638845eb57abe1b03f2c9249b7264602f55f6ba371a3f2b4d46a7723fec53,perimeter_top_zn_3,Top P3,top,207.34,4.525862068965517,0.08344390109157765,0.05358959498771304,0.0298543061038646,0.08219197684152399
beijing_ssp245_baseline_2020s_heatwave_extreme_2025,Beijing,ssp245,baseline_2020s,heatwave_extreme,2025,f41638845eb57abe1b03f2c9249b7264602f55f6ba371a3f2b4d46a7723fec53,perimeter_top_zn_2,Top P2,top,131.26,3.34051724137931,0.08168561026262232,0.05341124688110125,0.028274363381521072,0.10422381267687492
beijing_ssp245_baseline_2020s_heatwave_extreme_2025,Beijing,ssp245,baseline_2020s,heatwave_extreme,2025,f41638845eb57abe1b03f2c9249b7264602f55f6ba371a3f2b4d46a7723fec53,perimeter_top_zn_1,Top P1,top,207.34,6.435584291187739,0.10388186339314485,0.07944850300265194,0.024433360390492913,0.2264891850205298
beijing_ssp245_baseline_2020s_heatwave_extreme_2025,Beijing,ssp245,baseline_2020s,heatwave_extreme,2025,f41638845eb57abe1b03f2c9249b7264602f55f6ba371a3f2b4d46a7723fec53,perimeter_top_zn_4,Top P4,top,131.25,2.490421455938697,0.08328024038394712,0.05508706888466738,0.02819317149927974,0.1155506611233126
beijing_ssp245_baseline_2020s_heatwave_extreme_2025,Beijing,ssp245,baseline_2020s,heatwave_extreme,2025,f41638845eb57abe1b03f2c9249b7264602f55f6ba371a3f2b4d46a7723fec53,perimeter_bot_zn_3,Bottom P3,bottom,207.34,3.4722222222222223,0.08026648585858998,0.05040323918323359,0.029863246675356385,0.06582805254117699
beijing_ssp245_baseline_2020s_heatwave_extreme_2025,Beijing,ssp245,baseline_2020s,heatwave_extreme,2025,f41638845eb57abe1b03f2c9249b7264602f55f6ba371a3f2b4d46a7723fec53,perimeter_bot_zn_2,Bottom P2,bottom,131.26,2.490421455938697,0.0790672767289761,0.05173088676731952,0.027336389961656583,0.1023243126351743
beijing_ssp245_baseline_2020s_heatwave_extreme_2025,Beijing,ssp245,baseline_2020s,heatwave_extreme,2025,f41638845eb57abe1b03f2c9249b7264602f55f6ba371a3f2b4d46a7723fec53,perimeter_bot_zn_1,Bottom P1,bottom,207.34,5.866858237547893,0.09923786308906435,0.07410006042195429,0.02513780266711006,0.19843574196128969
beijing_ssp245_baseline_2020s_heatwave_extreme_2025,Beijing,ssp245,baseline_2020s,heatwave_extreme,2025,f41638845eb57abe1b03f2c9249b7264602f55f6ba371a3f2b4d46a7723fec53,perimeter_bot_zn_4,Bottom P4,bottom,131.25,2.1132662835249043,0.08093765184413276,0.053928031441985304,0.02700962040214746,0.11958283940793119
beijing_ssp245_baseline_2020s_heatwave_extreme_2025,Beijing,ssp245,baseline_2020s,heatwave_extreme,2025,f41638845eb57abe1b03f2c9249b7264602f55f6ba371a3f2b4d46a7723fec53,perimeter_mid_zn_3,Middle P3,middle,207.34,5.501676245210728,0.08734831162866083,0.06032142924809234,0.027026882380568485,0.12608780810675638
beijing_ssp245_baseline_2020s_heatwave_extreme_2025,Beijing,ssp245,baseline_2020s,heatwave_extreme,2025,f41638845eb57abe1b03f2c9249b7264602f55f6ba371a3f2b4d46a7723fec53,perimeter_mid_zn_2,Middle P2,middle,131.26,3.2207854406130267,0.08377583345297224,0.05772606969156019,0.02604976376141205,0.14083962746941547
beijing_ssp245_baseline_2020s_heatwave_extreme_2025,Beijing,ssp245,baseline_2020s,heatwave_extreme,2025,f41638845eb57abe1b03f2c9249b7264602f55f6ba371a3f2b4d46a7723fec53,perimeter_mid_zn_1,Middle P1,middle,207.34,7.608955938697318,0.11031983247678794,0.08764578660129806,0.02267404587548989,0.27027502858803765
beijing_ssp245_baseline_2020s_heatwave_extreme_2025,Beijing,ssp245,baseline_2020s,heatwave_extreme,2025,f41638845eb57abe1b03f2c9249b7264602f55f6ba371a3f2b4d46a7723fec53,perimeter_mid_zn_4,Middle P4,middle,131.25,2.5981800766283527,0.08549395042471142,0.05957578656554019,0.025918163859171228,0.1492994000852784
beijing_ssp245_baseline_2020s_hot_2025,Beijing,ssp245,baseline_2020s,hot,2025,f41638845eb57abe1b03f2c9249b7264602f55f6ba371a3f2b4d46a7723fec53,core_bottom,Core bottom,bottom,983.54,3.0471743295019156,0.10612512546335492,0.08494455904710567,0.02118056641624925,0.29266946707190716
beijing_ssp245_baseline_2020s_hot_2025,Beijing,ssp245,baseline_2020s,hot,2025,f41638845eb57abe1b03f2c9249b7264602f55f6ba371a3f2b4d46a7723fec53,core_mid,Core middle,middle,983.54,3.514128352490421,0.09071421182634506,0.0671513977402467,0.023562814086098362,0.21236350866403667
beijing_ssp245_baseline_2020s_hot_2025,Beijing,ssp245,baseline_2020s,hot,2025,f41638845eb57abe1b03f2c9249b7264602f55f6ba371a3f2b4d46a7723fec53,core_top,Core top,top,983.54,2.9454022988505746,0.08332246376854506,0.05743053199513057,0.025891931773414496,0.1409722028658108
beijing_ssp245_baseline_2020s_hot_2025,Beijing,ssp245,baseline_2020s,hot,2025,f41638845eb57abe1b03f2c9249b7264602f55f6ba371a3f2b4d46a7723fec53,perimeter_top_zn_3,Top P3,top,207.34,4.525862068965517,0.08344390109157765,0.05358959498771304,0.0298543061038646,0.08219197684152399
beijing_ssp245_baseline_2020s_hot_2025,Beijing,ssp245,baseline_2020s,hot,2025,f41638845eb57abe1b03f2c9249b7264602f55f6ba371a3f2b4d46a7723fec53,perimeter_top_zn_2,Top P2,top,131.26,3.34051724137931,0.08168561026262232,0.05341124688110125,0.028274363381521072,0.10422381267687492
beijing_ssp245_baseline_2020s_hot_2025,Beijing,ssp245,baseline_2020s,hot,2025,f41638845eb57abe1b03f2c9249b7264602f55f6ba371a3f2b4d46a7723fec53,perimeter_top_zn_1,Top P1,top,207.34,6.435584291187739,0.10388186339314485,0.07944850300265194,0.024433360390492913,0.2264891850205298
beijing_ssp245_baseline_2020s_hot_2025,Beijing,ssp245,baseline_2020s,hot,2025,f41638845eb57abe1b03f2c9249b7264602f55f6ba371a3f2b4d46a7723fec53,perimeter_top_zn_4,Top P4,top,131.25,2.490421455938697,0.08328024038394712,0.05508706888466738,0.02819317149927974,0.1155506611233126
beijing_ssp245_baseline_2020s_hot_2025,Beijing,ssp245,baseline_2020s,hot,2025,f41638845eb57abe1b03f2c9249b7264602f55f6ba371a3f2b4d46a7723fec53,perimeter_bot_zn_3,Bottom P3,bottom,207.34,3.4722222222222223,0.08026648585858998,0.05040323918323359,0.029863246675356385,0.06582805254117699
beijing_ssp245_baseline_2020s_hot_2025,Beijing,ssp245,baseline_2020s,hot,2025,f41638845eb57abe1b03f2c9249b7264602f55f6ba371a3f2b4d46a7723fec53,perimeter_bot_zn_2,Bottom P2,bottom,131.26,2.490421455938697,0.0790672767289761,0.05173088676731952,0.027336389961656583,0.1023243126351743
beijing_ssp245_baseline_2020s_hot_2025,Beijing,ssp245,baseline_2020s,hot,2025,f41638845eb57abe1b03f2c9249b7264602f55f6ba371a3f2b4d46a7723fec53,perimeter_bot_zn_1,Bottom P1,bottom,207.34,5.866858237547893,0.09923786308906435,0.07410006042195429,0.02513780266711006,0.19843574196128969
beijing_ssp245_baseline_2020s_hot_2025,Beijing,ssp245,baseline_2020s,hot,2025,f41638845eb57abe1b03f2c9249b7264602f55f6ba371a3f2b4d46a7723fec53,perimeter_bot_zn_4,Bottom P4,bottom,131.25,2.1132662835249043,0.08093765184413276,0.053928031441985304,0.02700962040214746,0.11958283940793119
beijing_ssp245_baseline_2020s_hot_2025,Beijing,ssp245,baseline_2020s,hot,2025,f41638845eb57abe1b03f2c9249b7264602f55f6ba371a3f2b4d46a7723fec53,perimeter_mid_zn_3,Middle P3,middle,207.34,5.501676245210728,0.08734831162866083,0.06032142924809234,0.027026882380568485,0.12608780810675638
beijing_ssp245_baseline_2020s_hot_2025,Beijing,ssp245,baseline_2020s,hot,2025,f41638845eb57abe1b03f2c9249b7264602f55f6ba371a3f2b4d46a7723fec53,perimeter_mid_zn_2,Middle P2,middle,131.26,3.2207854406130267,0.08377583345297224,0.05772606969156019,0.02604976376141205,0.14083962746941547
beijing_ssp245_baseline_2020s_hot_2025,Beijing,ssp245,baseline_2020s,hot,2025,f41638845eb57abe1b03f2c9249b7264602f55f6ba371a3f2b4d46a7723fec53,perimeter_mid_zn_1,Middle P1,middle,207.34,7.608955938697318,0.11031983247678794,0.08764578660129806,0.02267404587548989,0.27027502858803765
beijing_ssp245_baseline_2020s_hot_2025,Beijing,ssp245,baseline_2020s,hot,2025,f41638845eb57abe1b03f2c9249b7264602f55f6ba371a3f2b4d46a7723fec53,perimeter_mid_zn_4,Middle P4,middle,131.25,2.5981800766283527,0.08549395042471142,0.05957578656554019,0.025918163859171228,0.1492994000852784
beijing_ssp245_baseline_2020s_typical_2026,Beijing,ssp245,baseline_2020s,typical,2026,54cffa022e03e1253d0a64acfde9cb2ad01163e0a6efbb9a5a4b071dd9ec70d6,core_bottom,Core bottom,bottom,983.54,0.43103448275862066,0.1013193876914978,0.07971864656752183,0.02160074112397597,0.26489762424547547
beijing_ssp245_baseline_2020s_typical_2026,Beijing,ssp245,baseline_2020s,typical,2026,54cffa022e03e1253d0a64acfde9cb2ad01163e0a6efbb9a5a4b071dd9ec70d6,core_mid,Core middle,middle,983.54,0.5507662835249042,0.08080492054758562,0.05660531324422758,0.024199607303358038,0.16156180551147598
beijing_ssp245_baseline_2020s_typical_2026,Beijing,ssp245,baseline_2020s,typical,2026,54cffa022e03e1253d0a64acfde9cb2ad01163e0a6efbb9a5a4b071dd9ec70d6,core_top,Core top,top,983.54,0.646551724137931,0.07548346447132143,0.04889798045053122,0.026585484020790206,0.0959408262981809
beijing_ssp245_baseline_2020s_typical_2026,Beijing,ssp245,baseline_2020s,typical,2026,54cffa022e03e1253d0a64acfde9cb2ad01163e0a6efbb9a5a4b071dd9ec70d6,perimeter_top_zn_3,Top P3,top,207.34,1.2751436781609196,0.07348880997270843,0.04155835142123631,0.03193045855147213,0.015470982978221508
beijing_ssp245_baseline_2020s_typical_2026,Beijing,ssp245,baseline_2020s,typical,2026,54cffa022e03e1253d0a64acfde9cb2ad01163e0a6efbb9a5a4b071dd9ec70d6,perimeter_top_zn_2,Top P2,top,131.26,0.6285919540229885,0.07399447952399175,0.044016972229955625,0.02997750729403612,0.05155135984297112
beijing_ssp245_baseline_2020s_typical_2026,Beijing,ssp245,baseline_2020s,typical,2026,54cffa022e03e1253d0a64acfde9cb2ad01163e0a6efbb9a5a4b071dd9ec70d6,perimeter_top_zn_1,Top P1,top,207.34,4.0888409961685825,0.09523981423901128,0.0695592618797829,0.02568055235922838,0.17464945336866367
beijing_ssp245_baseline_2020s_typical_2026,Beijing,ssp245,baseline_2020s,typical,2026,54cffa022e03e1253d0a64acfde9cb2ad01163e0a6efbb9a5a4b071dd9ec70d6,perimeter_top_zn_4,Top P4,top,131.25,0.35919540229885055,0.07709875780015181,0.047517482693002905,0.0295812751071489,0.06813706538042978
beijing_ssp245_baseline_2020s_typical_2026,Beijing,ssp245,baseline_2020s,typical,2026,54cffa022e03e1253d0a64acfde9cb2ad01163e0a6efbb9a5a4b071dd9ec70d6,perimeter_bot_zn_3,Bottom P3,bottom,207.34,0.17959770114942528,0.06957652521802744,0.03758099143548558,0.03199553378254186,-0.005696718310645273
beijing_ssp245_baseline_2020s_typical_2026,Beijing,ssp245,baseline_2020s,typical,2026,54cffa022e03e1253d0a64acfde9cb2ad01163e0a6efbb9a5a4b071dd9ec70d6,perimeter_bot_zn_2,Bottom P2,bottom,131.26,0.17959770114942528,0.07189688116750927,0.043053283913674766,0.028843597253834494,0.04958424112409971
beijing_ssp245_baseline_2020s_typical_2026,Beijing,ssp245,baseline_2020s,typical,2026,54cffa022e03e1253d0a64acfde9cb2ad01163e0a6efbb9a5a4b071dd9ec70d6,perimeter_bot_zn_1,Bottom P1,bottom,207.34,1.1494252873563218,0.08430166587607545,0.057237798568020554,0.02706386730805489,0.11661460005100761
beijing_ssp245_baseline_2020s_typical_2026,Beijing,ssp245,baseline_2020s,typical,2026,54cffa022e03e1253d0a64acfde9cb2ad01163e0a6efbb9a5a4b071dd9ec70d6,perimeter_bot_zn_4,Bottom P4,bottom,131.25,0.04190613026819923,0.07415868171715531,0.045832378300537095,0.02832630341661821,0.06822784110934711
beijing_ssp245_baseline_2020s_typical_2026,Beijing,ssp245,baseline_2020s,typical,2026,54cffa022e03e1253d0a64acfde9cb2ad01163e0a6efbb9a5a4b071dd9ec70d6,perimeter_mid_zn_3,Middle P3,middle,207.34,1.3529693486590038,0.07526473349362382,0.04643849590245743,0.028826237591166384,0.054760751364294834
beijing_ssp245_baseline_2020s_typical_2026,Beijing,ssp245,baseline_2020s,typical,2026,54cffa022e03e1253d0a64acfde9cb2ad01163e0a6efbb9a5a4b071dd9ec70d6,perimeter_mid_zn_2,Middle P2,middle,131.26,0.43103448275862066,0.0756163840157928,0.04824575859499324,0.027370625420799568,0.09055412201314626
beijing_ssp245_baseline_2020s_typical_2026,Beijing,ssp245,baseline_2020s,typical,2026,54cffa022e03e1253d0a64acfde9cb2ad01163e0a6efbb9a5a4b071dd9ec70d6,perimeter_mid_zn_1,Middle P1,middle,207.34,5.08860153256705,0.10099264099865082,0.07706878885717784,0.023923852141472975,0.21702624867315312
beijing_ssp245_baseline_2020s_typical_2026,Beijing,ssp245,baseline_2020s,typical,2026,54cffa022e03e1253d0a64acfde9cb2ad01163e0a6efbb9a5a4b071dd9ec70d6,perimeter_mid_zn_4,Middle P4,middle,131.25,0.24545019157088122,0.07889699946513404,0.0517593853224035,0.027137614142730537,0.10263306965333663
beijing_ssp245_late_2080s_heatwave_extreme_2084,Beijing,ssp245,late_2080s,heatwave_extreme,2084,55f30099243d212003ebe7a5c04fff9306df81159d60e512cd78ea7a2a5a6558,core_bottom,Core bottom,bottom,983.54,9.656369731800767,0.12064019238618778,0.09981161312467081,0.020828579261516964,0.32743600453027094
beijing_ssp245_late_2080s_heatwave_extreme_2084,Beijing,ssp245,late_2080s,heatwave_extreme,2084,55f30099243d212003ebe7a5c04fff9306df81159d60e512cd78ea7a2a5a6558,core_mid,Core middle,middle,983.54,10.099377394636015,0.10944265910128013,0.08729656216395408,0.02214609693732604,0.2805379418931601
beijing_ssp245_late_2080s_heatwave_extreme_2084,Beijing,ssp245,late_2080s,heatwave_extreme,2084,55f30099243d212003ebe7a5c04fff9306df81159d60e512cd78ea7a2a5a6558,core_top,Core top,top,983.54,9.500718390804598,0.10083112441576143,0.0766747677855959,0.024156356630165538,0.2180055416030422
beijing_ssp245_late_2080s_heatwave_extreme_2084,Beijing,ssp245,late_2080s,heatwave_extreme,2084,55f30099243d212003ebe7a5c04fff9306df81159d60e512cd78ea7a2a5a6558,perimeter_top_zn_3,Top P3,top,207.34,11.248802681992338,0.10227216183847099,0.0747455060829933,0.02752665575547768,0.17387770333796695
beijing_ssp245_late_2080s_heatwave_extreme_2084,Beijing,ssp245,late_2080s,heatwave_extreme,2084,55f30099243d212003ebe7a5c04fff9306df81159d60e512cd78ea7a2a5a6558,perimeter_top_zn_2,Top P2,top,131.26,9.728208812260537,0.09653117670476886,0.07070896673023833,0.025822209974530535,0.1840405014836018
beijing_ssp245_late_2080s_heatwave_extreme_2084,Beijing,ssp245,late_2080s,heatwave_extreme,2084,55f30099243d212003ebe7a5c04fff9306df81159d60e512cd78ea7a2a5a6558,perimeter_top_zn_1,Top P1,top,207.34,11.913314176245212,0.12332998143250441,0.10091060556818586,0.022419375864318546,0.30364980324814833
beijing_ssp245_late_2080s_heatwave_extreme_2084,Beijing,ssp245,late_2080s,heatwave_extreme,2084,55f30099243d212003ebe7a5c04fff9306df81159d60e512cd78ea7a2a5a6558,perimeter_top_zn_4,Top P4,top,131.25,8.991858237547893,0.10066846139790687,0.0745923496249544,0.026076111772952475,0.1924212216223722
beijing_ssp245_late_2080s_heatwave_extreme_2084,Beijing,ssp245,late_2080s,heatwave_extreme,2084,55f30099243d212003ebe7a5c04fff9306df81159d60e512cd78ea7a2a5a6558,perimeter_bot_zn_3,Bottom P3,bottom,207.34,10.398706896551724,0.09763782506082325,0.06981615156087609,0.027821673499947165,0.15266667689549485
beijing_ssp245_late_2080s_heatwave_extreme_2084,Beijing,ssp245,late_2080s,heatwave_extreme,2084,55f30099243d212003ebe7a5c04fff9306df81159d60e512cd78ea7a2a5a6558,perimeter_bot_zn_2,Bottom P2,bottom,131.26,8.602729885057471,0.09416963306853438,0.06862268999892009,0.025546943069614293,0.1758950567483431
beijing_ssp245_late_2080s_heatwave_extreme_2084,Beijing,ssp245,late_2080s,heatwave_extreme,2084,55f30099243d212003ebe7a5c04fff9306df81159d60e512cd78ea7a2a5a6558,perimeter_bot_zn_1,Bottom P1,bottom,207.34,12.488026819923371,0.12169662643138641,0.0990998516442661,0.02259677478712031,0.29331938522141415
beijing_ssp245_late_2080s_heatwave_extreme_2084,Beijing,ssp245,late_2080s,heatwave_extreme,2084,55f30099243d212003ebe7a5c04fff9306df81159d60e512cd78ea7a2a5a6558,perimeter_bot_zn_4,Bottom P4,bottom,131.25,8.435105363984674,0.0963787334489049,0.07132153461270893,0.025057198836195966,0.1940152521508036
beijing_ssp245_late_2080s_heatwave_extreme_2084,Beijing,ssp245,late_2080s,heatwave_extreme,2084,55f30099243d212003ebe7a5c04fff9306df81159d60e512cd78ea7a2a5a6558,perimeter_mid_zn_3,Middle P3,middle,207.34,12.05699233716475,0.10616113620922445,0.08124626912160998,0.024914867087614468,0.21693486248941954
beijing_ssp245_late_2080s_heatwave_extreme_2084,Beijing,ssp245,late_2080s,heatwave_extreme,2084,55f30099243d212003ebe7a5c04fff9306df81159d60e512cd78ea7a2a5a6558,perimeter_mid_zn_2,Middle P2,middle,131.26,9.626436781609195,0.09920962543908766,0.07509122487062578,0.024118400568461894,0.2152671484429153
beijing_ssp245_late_2080s_heatwave_extreme_2084,Beijing,ssp245,late_2080s,heatwave_extreme,2084,55f30099243d212003ebe7a5c04fff9306df81159d60e512cd78ea7a2a5a6558,perimeter_mid_zn_1,Middle P1,middle,207.34,13.344109195402298,0.13011371477487707,0.10934196888628395,0.020771745888593138,0.34581444839005715
beijing_ssp245_late_2080s_heatwave_extreme_2084,Beijing,ssp245,late_2080s,heatwave_extreme,2084,55f30099243d212003ebe7a5c04fff9306df81159d60e512cd78ea7a2a5a6558,perimeter_mid_zn_4,Middle P4,middle,131.25,9.584530651340996,0.10404751803904651,0.08002960754055985,0.02401791049848666,0.22685273150661323
beijing_ssp245_late_2080s_hot_2084,Beijing,ssp245,late_2080s,hot,2084,55f30099243d212003ebe7a5c04fff9306df81159d60e512cd78ea7a2a5a6558,core_bottom,Core bottom,bottom,983.54,9.656369731800767,0.12064019238618778,0.09981161312467081,0.020828579261516964,0.32743600453027094
beijing_ssp245_late_2080s_hot_2084,Beijing,ssp245,late_2080s,hot,2084,55f30099243d212003ebe7a5c04fff9306df81159d60e512cd78ea7a2a5a6558,core_mid,Core middle,middle,983.54,10.099377394636015,0.10944265910128013,0.08729656216395408,0.02214609693732604,0.2805379418931601
beijing_ssp245_late_2080s_hot_2084,Beijing,ssp245,late_2080s,hot,2084,55f30099243d212003ebe7a5c04fff9306df81159d60e512cd78ea7a2a5a6558,core_top,Core top,top,983.54,9.500718390804598,0.10083112441576143,0.0766747677855959,0.024156356630165538,0.2180055416030422
beijing_ssp245_late_2080s_hot_2084,Beijing,ssp245,late_2080s,hot,2084,55f30099243d212003ebe7a5c04fff9306df81159d60e512cd78ea7a2a5a6558,perimeter_top_zn_3,Top P3,top,207.34,11.248802681992338,0.10227216183847099,0.0747455060829933,0.02752665575547768,0.17387770333796695
beijing_ssp245_late_2080s_hot_2084,Beijing,ssp245,late_2080s,hot,2084,55f30099243d212003ebe7a5c04fff9306df81159d60e512cd78ea7a2a5a6558,perimeter_top_zn_2,Top P2,top,131.26,9.728208812260537,0.09653117670476886,0.07070896673023833,0.025822209974530535,0.1840405014836018
beijing_ssp245_late_2080s_hot_2084,Beijing,ssp245,late_2080s,hot,2084,55f30099243d212003ebe7a5c04fff9306df81159d60e512cd78ea7a2a5a6558,perimeter_top_zn_1,Top P1,top,207.34,11.913314176245212,0.12332998143250441,0.10091060556818586,0.022419375864318546,0.30364980324814833
beijing_ssp245_late_2080s_hot_2084,Beijing,ssp245,late_2080s,hot,2084,55f30099243d212003ebe7a5c04fff9306df81159d60e512cd78ea7a2a5a6558,perimeter_top_zn_4,Top P4,top,131.25,8.991858237547893,0.10066846139790687,0.0745923496249544,0.026076111772952475,0.1924212216223722
beijing_ssp245_late_2080s_hot_2084,Beijing,ssp245,late_2080s,hot,2084,55f30099243d212003ebe7a5c04fff9306df81159d60e512cd78ea7a2a5a6558,perimeter_bot_zn_3,Bottom P3,bottom,207.34,10.398706896551724,0.09763782506082325,0.06981615156087609,0.027821673499947165,0.15266667689549485
beijing_ssp245_late_2080s_hot_2084,Beijing,ssp245,late_2080s,hot,2084,55f30099243d212003ebe7a5c04fff9306df81159d60e512cd78ea7a2a5a6558,perimeter_bot_zn_2,Bottom P2,bottom,131.26,8.602729885057471,0.09416963306853438,0.06862268999892009,0.025546943069614293,0.1758950567483431
beijing_ssp245_late_2080s_hot_2084,Beijing,ssp245,late_2080s,hot,2084,55f30099243d212003ebe7a5c04fff9306df81159d60e512cd78ea7a2a5a6558,perimeter_bot_zn_1,Bottom P1,bottom,207.34,12.488026819923371,0.12169662643138641,0.0990998516442661,0.02259677478712031,0.29331938522141415
beijing_ssp245_late_2080s_hot_2084,Beijing,ssp245,late_2080s,hot,2084,55f30099243d212003ebe7a5c04fff9306df81159d60e512cd78ea7a2a5a6558,perimeter_bot_zn_4,Bottom P4,bottom,131.25,8.435105363984674,0.0963787334489049,0.07132153461270893,0.025057198836195966,0.1940152521508036
beijing_ssp245_late_2080s_hot_2084,Beijing,ssp245,late_2080s,hot,2084,55f30099243d212003ebe7a5c04fff9306df81159d60e512cd78ea7a2a5a6558,perimeter_mid_zn_3,Middle P3,middle,207.34,12.05699233716475,0.10616113620922445,0.08124626912160998,0.024914867087614468,0.21693486248941954
beijing_ssp245_late_2080s_hot_2084,Beijing,ssp245,late_2080s,hot,2084,55f30099243d212003ebe7a5c04fff9306df81159d60e512cd78ea7a2a5a6558,perimeter_mid_zn_2,Middle P2,middle,131.26,9.626436781609195,0.09920962543908766,0.07509122487062578,0.024118400568461894,0.2152671484429153
beijing_ssp245_late_2080s_hot_2084,Beijing,ssp245,late_2080s,hot,2084,55f30099243d212003ebe7a5c04fff9306df81159d60e512cd78ea7a2a5a6558,perimeter_mid_zn_1,Middle P1,middle,207.34,13.344109195402298,0.13011371477487707,0.10934196888628395,0.020771745888593138,0.34581444839005715
beijing_ssp245_late_2080s_hot_2084,Beijing,ssp245,late_2080s,hot,2084,55f30099243d212003ebe7a5c04fff9306df81159d60e512cd78ea7a2a5a6558,perimeter_mid_zn_4,Middle P4,middle,131.25,9.584530651340996,0.10404751803904651,0.08002960754055985,0.02401791049848666,0.22685273150661323
beijing_ssp245_late_2080s_typical_2083,Beijing,ssp245,late_2080s,typical,2083,f5c8c4568aa865e644f6e3976364a74ea604558cc4b44d33ab5b322ba97ef3ec,core_bottom,Core bottom,bottom,983.54,9.273227969348659,0.117317697999957,0.09738137859983148,0.019936319400125514,0.32817818669038484
beijing_ssp245_late_2080s_typical_2083,Beijing,ssp245,late_2080s,typical,2083,f5c8c4568aa865e644f6e3976364a74ea604558cc4b44d33ab5b322ba97ef3ec,core_mid,Core middle,middle,983.54,10.24904214559387,0.10671790576024706,0.0848841183885559,0.021833787371691157,0.2699975453740065
beijing_ssp245_late_2080s_typical_2083,Beijing,ssp245,late_2080s,typical,2083,f5c8c4568aa865e644f6e3976364a74ea604558cc4b44d33ab5b322ba97ef3ec,core_top,Core top,top,983.54,8.584770114942529,0.09752601018296804,0.07344053020977132,0.02408547997319673,0.19659712337125018
beijing_ssp245_late_2080s_typical_2083,Beijing,ssp245,late_2080s,typical,2083,f5c8c4568aa865e644f6e3976364a74ea604558cc4b44d33ab5b322ba97ef3ec,perimeter_top_zn_3,Top P3,top,207.34,11.452346743295019,0.10114405916847248,0.07298103791521729,0.028163021253255198,0.1487346571165354
beijing_ssp245_late_2080s_typical_2083,Beijing,ssp245,late_2080s,typical,2083,f5c8c4568aa865e644f6e3976364a74ea604558cc4b44d33ab5b322ba97ef3ec,perimeter_top_zn_2,Top P2,top,131.26,9.285201149425287,0.0952483743011137,0.06877542455919075,0.026472949741922953,0.1582254736000232
beijing_ssp245_late_2080s_typical_2083,Beijing,ssp245,late_2080s,typical,2083,f5c8c4568aa865e644f6e3976364a74ea604558cc4b44d33ab5b322ba97ef3ec,perimeter_top_zn_1,Top P1,top,207.34,12.529932950191572,0.12126224540175456,0.09850983300808973,0.022752412393664847,0.2885391181051699
beijing_ssp245_late_2080s_typical_2083,Beijing,ssp245,late_2080s,typical,2083,f5c8c4568aa865e644f6e3976364a74ea604558cc4b44d33ab5b322ba97ef3ec,perimeter_top_zn_4,Top P4,top,131.25,8.327346743295019,0.09724634487932468,0.07053296461158791,0.02671338026773678,0.16407769031017563
beijing_ssp245_late_2080s_typical_2083,Beijing,ssp245,late_2080s,typical,2083,f5c8c4568aa865e644f6e3976364a74ea604558cc4b44d33ab5b322ba97ef3ec,perimeter_bot_zn_3,Bottom P3,bottom,207.34,11.416427203065133,0.09994793480958925,0.07138804499173877,0.028559889817850462,0.1357960155400526
beijing_ssp245_late_2080s_typical_2083,Beijing,ssp245,late_2080s,typical,2083,f5c8c4568aa865e644f6e3976364a74ea604558cc4b44d33ab5b322ba97ef3ec,perimeter_bot_zn_2,Bottom P2,bottom,131.26,8.189655172413794,0.09290958442043085,0.06725573244268677,0.025653851977744075,0.1533028889039767
beijing_ssp245_late_2080s_typical_2083,Beijing,ssp245,late_2080s,typical,2083,f5c8c4568aa865e644f6e3976364a74ea604558cc4b44d33ab5b322ba97ef3ec,perimeter_bot_zn_1,Bottom P1,bottom,207.34,13.601532567049809,0.1188532619503366,0.0957586953650747,0.0230945665852619,0.2712894873823319
beijing_ssp245_late_2080s_typical_2083,Beijing,ssp245,late_2080s,typical,2083,f5c8c4568aa865e644f6e3976364a74ea604558cc4b44d33ab5b322ba97ef3ec,perimeter_bot_zn_4,Bottom P4,bottom,131.25,8.399185823754788,0.09534593791883997,0.06990877049032847,0.025437167428511504,0.1715080578502479
beijing_ssp245_late_2080s_typical_2083,Beijing,ssp245,late_2080s,typical,2083,f5c8c4568aa865e644f6e3976364a74ea604558cc4b44d33ab5b322ba97ef3ec,perimeter_mid_zn_3,Middle P3,middle,207.34,12.937021072796934,0.10677560406330133,0.08168280905288139,0.025092795010419944,0.19713623818471088
beijing_ssp245_late_2080s_typical_2083,Beijing,ssp245,late_2080s,typical,2083,f5c8c4568aa865e644f6e3976364a74ea604558cc4b44d33ab5b322ba97ef3ec,perimeter_mid_zn_2,Middle P2,middle,131.26,9.309147509578544,0.09778714607526273,0.07337327022389803,0.024413875851364696,0.19245178213332614
beijing_ssp245_late_2080s_typical_2083,Beijing,ssp245,late_2080s,typical,2083,f5c8c4568aa865e644f6e3976364a74ea604558cc4b44d33ab5b322ba97ef3ec,perimeter_mid_zn_1,Middle P1,middle,207.34,14.367816091954023,0.1296194857825508,0.10867748378660713,0.02094200199594368,0.3364969643111158
beijing_ssp245_late_2080s_typical_2083,Beijing,ssp245,late_2080s,typical,2083,f5c8c4568aa865e644f6e3976364a74ea604558cc4b44d33ab5b322ba97ef3ec,perimeter_mid_zn_4,Middle P4,middle,131.25,9.285201149425287,0.10095925847084541,0.07661542957902875,0.024343828891816667,0.20304868403470308
beijing_ssp245_mid_2050s_heatwave_extreme_2050,Beijing,ssp245,mid_2050s,heatwave_extreme,2050,b393995a38e165e399eee3579acd4bb70ad4eacaf3d784d63c4f12dd1252b11f,core_bottom,Core bottom,bottom,983.54,6.39367816091954,0.11107657327696892,0.09010245404772682,0.020974119229242093,0.3033691453459758
beijing_ssp245_mid_2050s_heatwave_extreme_2050,Beijing,ssp245,mid_2050s,heatwave_extreme,2050,b393995a38e165e399eee3579acd4bb70ad4eacaf3d784d63c4f12dd1252b11f,core_mid,Core middle,middle,983.54,7.3036398467432955,0.10097985038506152,0.07831581493466512,0.0226640354503964,0.25131106470677855
beijing_ssp245_mid_2050s_heatwave_extreme_2050,Beijing,ssp245,mid_2050s,heatwave_extreme,2050,b393995a38e165e399eee3579acd4bb70ad4eacaf3d784d63c4f12dd1252b11f,core_top,Core top,top,983.54,6.603208812260536,0.09288822387342514,0.06813329964554136,0.024754924227883775,0.18806083875015997
beijing_ssp245_mid_2050s_heatwave_extreme_2050,Beijing,ssp245,mid_2050s,heatwave_extreme,2050,b393995a38e165e399eee3579acd4bb70ad4eacaf3d784d63c4f12dd1252b11f,perimeter_top_zn_3,Top P3,top,207.34,8.764367816091955,0.09665950235131657,0.06818051544764976,0.0284789869036668,0.1487801261234043
beijing_ssp245_mid_2050s_heatwave_extreme_2050,Beijing,ssp245,mid_2050s,heatwave_extreme,2050,b393995a38e165e399eee3579acd4bb70ad4eacaf3d784d63c4f12dd1252b11f,perimeter_top_zn_2,Top P2,top,131.26,6.968390804597702,0.09143427122198146,0.06477330912504937,0.02666096209693208,0.15915691803767348
beijing_ssp245_mid_2050s_heatwave_extreme_2050,Beijing,ssp245,mid_2050s,heatwave_extreme,2050,b393995a38e165e399eee3579acd4bb70ad4eacaf3d784d63c4f12dd1252b11f,perimeter_top_zn_1,Top P1,top,207.34,9.788074712643677,0.11611396883387107,0.09313037451753621,0.02298359431633485,0.27895461976107533
beijing_ssp245_mid_2050s_heatwave_extreme_2050,Beijing,ssp245,mid_2050s,heatwave_extreme,2050,b393995a38e165e399eee3579acd4bb70ad4eacaf3d784d63c4f12dd1252b11f,perimeter_top_zn_4,Top P4,top,131.25,6.423611111111111,0.09386673471350687,0.0670398474244202,0.026826887289086675,0.165036320626271
beijing_ssp245_mid_2050s_heatwave_extreme_2050,Beijing,ssp245,mid_2050s,heatwave_extreme,2050,b393995a38e165e399eee3579acd4bb70ad4eacaf3d784d63c4f12dd1252b11f,perimeter_bot_zn_3,Bottom P3,bottom,207.34,8.231561302681992,0.09333314741090215,0.06476040200923099,0.028572745401671172,0.13396157897323002
beijing_ssp245_mid_2050s_heatwave_extreme_2050,Beijing,ssp245,mid_2050s,heatwave_extreme,2050,b393995a38e165e399eee3579acd4bb70ad4eacaf3d784d63c4f12dd1252b11f,perimeter_bot_zn_2,Bottom P2,bottom,131.26,5.950670498084292,0.08878535551255802,0.06258282488216672,0.026202530630391293,0.15410932521886078
beijing_ssp245_mid_2050s_heatwave_extreme_2050,Beijing,ssp245,mid_2050s,heatwave_extreme,2050,b393995a38e165e399eee3579acd4bb70ad4eacaf3d784d63c4f12dd1252b11f,perimeter_bot_zn_1,Bottom P1,bottom,207.34,11.649904214559387,0.11634710254800533,0.09313068261280409,0.023216419935201238,0.27389912371707265
beijing_ssp245_mid_2050s_heatwave_extreme_2050,Beijing,ssp245,mid_2050s,heatwave_extreme,2050,b393995a38e165e399eee3579acd4bb70ad4eacaf3d784d63c4f12dd1252b11f,perimeter_bot_zn_4,Bottom P4,bottom,131.25,5.932710727969349,0.09119998146479877,0.06550660331187577,0.02569337815292299,0.1719768279554403
beijing_ssp245_mid_2050s_heatwave_extreme_2050,Beijing,ssp245,mid_2050s,heatwave_extreme,2050,b393995a38e165e399eee3579acd4bb70ad4eacaf3d784d63c4f12dd1252b11f,perimeter_mid_zn_3,Middle P3,middle,207.34,10.201149425287356,0.1013442617198216,0.07552098027154824,0.02582328144827335,0.19427509845613591
beijing_ssp245_mid_2050s_heatwave_extreme_2050,Beijing,ssp245,mid_2050s,heatwave_extreme,2050,b393995a38e165e399eee3579acd4bb70ad4eacaf3d784d63c4f12dd1252b11f,perimeter_mid_zn_2,Middle P2,middle,131.26,6.752873563218391,0.09319129716255925,0.06819596526734183,0.02499533189521742,0.1887317356746799
beijing_ssp245_mid_2050s_heatwave_extreme_2050,Beijing,ssp245,mid_2050s,heatwave_extreme,2050,b393995a38e165e399eee3579acd4bb70ad4eacaf3d784d63c4f12dd1252b11f,perimeter_mid_zn_1,Middle P1,middle,207.34,11.793582375478927,0.12380670403651155,0.10238796209455271,0.021418741941958835,0.32364017975488735
beijing_ssp245_mid_2050s_heatwave_extreme_2050,Beijing,ssp245,mid_2050s,heatwave_extreme,2050,b393995a38e165e399eee3579acd4bb70ad4eacaf3d784d63c4f12dd1252b11f,perimeter_mid_zn_4,Middle P4,middle,131.25,6.788793103448276,0.09659708390808334,0.0717540140267862,0.024843069881297135,0.19868236351605317
beijing_ssp245_mid_2050s_hot_2050,Beijing,ssp245,mid_2050s,hot,2050,b393995a38e165e399eee3579acd4bb70ad4eacaf3d784d63c4f12dd1252b11f,core_bottom,Core bottom,bottom,983.54,6.39367816091954,0.11107657327696892,0.09010245404772682,0.020974119229242093,0.3033691453459758
beijing_ssp245_mid_2050s_hot_2050,Beijing,ssp245,mid_2050s,hot,2050,b393995a38e165e399eee3579acd4bb70ad4eacaf3d784d63c4f12dd1252b11f,core_mid,Core middle,middle,983.54,7.3036398467432955,0.10097985038506152,0.07831581493466512,0.0226640354503964,0.25131106470677855
beijing_ssp245_mid_2050s_hot_2050,Beijing,ssp245,mid_2050s,hot,2050,b393995a38e165e399eee3579acd4bb70ad4eacaf3d784d63c4f12dd1252b11f,core_top,Core top,top,983.54,6.603208812260536,0.09288822387342514,0.06813329964554136,0.024754924227883775,0.18806083875015997
beijing_ssp245_mid_2050s_hot_2050,Beijing,ssp245,mid_2050s,hot,2050,b393995a38e165e399eee3579acd4bb70ad4eacaf3d784d63c4f12dd1252b11f,perimeter_top_zn_3,Top P3,top,207.34,8.764367816091955,0.09665950235131657,0.06818051544764976,0.0284789869036668,0.1487801261234043
beijing_ssp245_mid_2050s_hot_2050,Beijing,ssp245,mid_2050s,hot,2050,b393995a38e165e399eee3579acd4bb70ad4eacaf3d784d63c4f12dd1252b11f,perimeter_top_zn_2,Top P2,top,131.26,6.968390804597702,0.09143427122198146,0.06477330912504937,0.02666096209693208,0.15915691803767348
beijing_ssp245_mid_2050s_hot_2050,Beijing,ssp245,mid_2050s,hot,2050,b393995a38e165e399eee3579acd4bb70ad4eacaf3d784d63c4f12dd1252b11f,perimeter_top_zn_1,Top P1,top,207.34,9.788074712643677,0.11611396883387107,0.09313037451753621,0.02298359431633485,0.27895461976107533
beijing_ssp245_mid_2050s_hot_2050,Beijing,ssp245,mid_2050s,hot,2050,b393995a38e165e399eee3579acd4bb70ad4eacaf3d784d63c4f12dd1252b11f,perimeter_top_zn_4,Top P4,top,131.25,6.423611111111111,0.09386673471350687,0.0670398474244202,0.026826887289086675,0.165036320626271
beijing_ssp245_mid_2050s_hot_2050,Beijing,ssp245,mid_2050s,hot,2050,b393995a38e165e399eee3579acd4bb70ad4eacaf3d784d63c4f12dd1252b11f,perimeter_bot_zn_3,Bottom P3,bottom,207.34,8.231561302681992,0.09333314741090215,0.06476040200923099,0.028572745401671172,0.13396157897323002
beijing_ssp245_mid_2050s_hot_2050,Beijing,ssp245,mid_2050s,hot,2050,b393995a38e165e399eee3579acd4bb70ad4eacaf3d784d63c4f12dd1252b11f,perimeter_bot_zn_2,Bottom P2,bottom,131.26,5.950670498084292,0.08878535551255802,0.06258282488216672,0.026202530630391293,0.15410932521886078
beijing_ssp245_mid_2050s_hot_2050,Beijing,ssp245,mid_2050s,hot,2050,b393995a38e165e399eee3579acd4bb70ad4eacaf3d784d63c4f12dd1252b11f,perimeter_bot_zn_1,Bottom P1,bottom,207.34,11.649904214559387,0.11634710254800533,0.09313068261280409,0.023216419935201238,0.27389912371707265
beijing_ssp245_mid_2050s_hot_2050,Beijing,ssp245,mid_2050s,hot,2050,b393995a38e165e399eee3579acd4bb70ad4eacaf3d784d63c4f12dd1252b11f,perimeter_bot_zn_4,Bottom P4,bottom,131.25,5.932710727969349,0.09119998146479877,0.06550660331187577,0.02569337815292299,0.1719768279554403
beijing_ssp245_mid_2050s_hot_2050,Beijing,ssp245,mid_2050s,hot,2050,b393995a38e165e399eee3579acd4bb70ad4eacaf3d784d63c4f12dd1252b11f,perimeter_mid_zn_3,Middle P3,middle,207.34,10.201149425287356,0.1013442617198216,0.07552098027154824,0.02582328144827335,0.19427509845613591
beijing_ssp245_mid_2050s_hot_2050,Beijing,ssp245,mid_2050s,hot,2050,b393995a38e165e399eee3579acd4bb70ad4eacaf3d784d63c4f12dd1252b11f,perimeter_mid_zn_2,Middle P2,middle,131.26,6.752873563218391,0.09319129716255925,0.06819596526734183,0.02499533189521742,0.1887317356746799
beijing_ssp245_mid_2050s_hot_2050,Beijing,ssp245,mid_2050s,hot,2050,b393995a38e165e399eee3579acd4bb70ad4eacaf3d784d63c4f12dd1252b11f,perimeter_mid_zn_1,Middle P1,middle,207.34,11.793582375478927,0.12380670403651155,0.10238796209455271,0.021418741941958835,0.32364017975488735
beijing_ssp245_mid_2050s_hot_2050,Beijing,ssp245,mid_2050s,hot,2050,b393995a38e165e399eee3579acd4bb70ad4eacaf3d784d63c4f12dd1252b11f,perimeter_mid_zn_4,Middle P4,middle,131.25,6.788793103448276,0.09659708390808334,0.0717540140267862,0.024843069881297135,0.19868236351605317
beijing_ssp245_mid_2050s_typical_2056,Beijing,ssp245,mid_2050s,typical,2056,2cb806956e74805c11ec3ff09283a73fe7afa607e7976ec3036dd46a2fcd01a7,core_bottom,Core bottom,bottom,983.54,3.4123563218390807,0.10648832466367786,0.0860089517037484,0.02047937295992945,0.28807369949429035
beijing_ssp245_mid_2050s_typical_2056,Beijing,ssp245,mid_2050s,typical,2056,2cb806956e74805c11ec3ff09283a73fe7afa607e7976ec3036dd46a2fcd01a7,core_mid,Core middle,middle,983.54,3.1309865900383143,0.0888355827102498,0.06607103445175794,0.022764548258491862,0.20112405060166186
beijing_ssp245_mid_2050s_typical_2056,Beijing,ssp245,mid_2050s,typical,2056,2cb806956e74805c11ec3ff09283a73fe7afa607e7976ec3036dd46a2fcd01a7,core_top,Core top,top,983.54,2.8316570881226055,0.08170319737196241,0.05634687701312663,0.02535632035883578,0.13084585299326412
beijing_ssp245_mid_2050s_typical_2056,Beijing,ssp245,mid_2050s,typical,2056,2cb806956e74805c11ec3ff09283a73fe7afa607e7976ec3036dd46a2fcd01a7,perimeter_top_zn_3,Top P3,top,207.34,4.005028735632184,0.08283382117080824,0.05289286643419891,0.029940954736609328,0.06928686907638841
beijing_ssp245_mid_2050s_typical_2056,Beijing,ssp245,mid_2050s,typical,2056,2cb806956e74805c11ec3ff09283a73fe7afa607e7976ec3036dd46a2fcd01a7,perimeter_top_zn_2,Top P2,top,131.26,2.9693486590038316,0.08051568436049364,0.05239500830462247,0.028120676055871163,0.09146644991596768
beijing_ssp245_mid_2050s_typical_2056,Beijing,ssp245,mid_2050s,typical,2056,2cb806956e74805c11ec3ff09283a73fe7afa607e7976ec3036dd46a2fcd01a7,perimeter_top_zn_1,Top P1,top,207.34,7.0761494252873565,0.10511458521974572,0.0810698666038898,0.02404471861585592,0.22049163702909427
beijing_ssp245_mid_2050s_typical_2056,Beijing,ssp245,mid_2050s,typical,2056,2cb806956e74805c11ec3ff09283a73fe7afa607e7976ec3036dd46a2fcd01a7,perimeter_top_zn_4,Top P4,top,131.25,2.50838122605364,0.08361782697447849,0.05565964590390775,0.027958181070570742,0.10553528468819677
beijing_ssp245_mid_2050s_typical_2056,Beijing,ssp245,mid_2050s,typical,2056,2cb806956e74805c11ec3ff09283a73fe7afa607e7976ec3036dd46a2fcd01a7,perimeter_bot_zn_3,Bottom P3,bottom,207.34,3.7775383141762453,0.08063597464691459,0.050789151754588424,0.029846822892326166,0.056955261584390265
beijing_ssp245_mid_2050s_typical_2056,Beijing,ssp245,mid_2050s,typical,2056,2cb806956e74805c11ec3ff09283a73fe7afa607e7976ec3036dd46a2fcd01a7,perimeter_bot_zn_2,Bottom P2,bottom,131.26,2.280890804597701,0.07793843988137376,0.05080130512017036,0.02713713476120341,0.08927491688857275
beijing_ssp245_mid_2050s_typical_2056,Beijing,ssp245,mid_2050s,typical,2056,2cb806956e74805c11ec3ff09283a73fe7afa607e7976ec3036dd46a2fcd01a7,perimeter_bot_zn_1,Bottom P1,bottom,207.34,6.417624521072797,0.0982230528224,0.07327438200320166,0.024948670819198347,0.1847689330173681
beijing_ssp245_mid_2050s_typical_2056,Beijing,ssp245,mid_2050s,typical,2056,2cb806956e74805c11ec3ff09283a73fe7afa607e7976ec3036dd46a2fcd01a7,perimeter_bot_zn_4,Bottom P4,bottom,131.25,1.9157088122605364,0.08026286277450444,0.05371894686733965,0.02654391590716479,0.10821696237258648
beijing_ssp245_mid_2050s_typical_2056,Beijing,ssp245,mid_2050s,typical,2056,2cb806956e74805c11ec3ff09283a73fe7afa607e7976ec3036dd46a2fcd01a7,perimeter_mid_zn_3,Middle P3,middle,207.34,5.004789272030651,0.08673318125146096,0.05983419006592701,0.02689899118553394,0.11465926096341773
beijing_ssp245_mid_2050s_typical_2056,Beijing,ssp245,mid_2050s,typical,2056,2cb806956e74805c11ec3ff09283a73fe7afa607e7976ec3036dd46a2fcd01a7,perimeter_mid_zn_2,Middle P2,middle,131.26,2.693965517241379,0.08239877838513728,0.0566271089252229,0.025771669459914374,0.12738709730967868
beijing_ssp245_mid_2050s_typical_2056,Beijing,ssp245,mid_2050s,typical,2056,2cb806956e74805c11ec3ff09283a73fe7afa607e7976ec3036dd46a2fcd01a7,perimeter_mid_zn_1,Middle P1,middle,207.34,8.333333333333332,0.11220838852547099,0.08994598519191961,0.02226240333355138,0.26676161553681266
beijing_ssp245_mid_2050s_typical_2056,Beijing,ssp245,mid_2050s,typical,2056,2cb806956e74805c11ec3ff09283a73fe7afa607e7976ec3036dd46a2fcd01a7,perimeter_mid_zn_4,Middle P4,middle,131.25,2.4664750957854404,0.08543706687848439,0.059946201095445406,0.025490865783038986,0.13962160116828348
beijing_ssp245_near_2030s_heatwave_extreme_2039,Beijing,ssp245,near_2030s,heatwave_extreme,2039,d04f212755242b6a78c5565d142d684c87b263be6ce0094b814f2f49b68bc710,core_bottom,Core bottom,bottom,983.54,0.8261494252873564,0.09881968985915954,0.07644498454024605,0.02237470531891349,0.2569350528812504
beijing_ssp245_near_2030s_heatwave_extreme_2039,Beijing,ssp245,near_2030s,heatwave_extreme,2039,d04f212755242b6a78c5565d142d684c87b263be6ce0094b814f2f49b68bc710,core_mid,Core middle,middle,983.54,0.46096743295019155,0.07968245386322192,0.054734071171610575,0.024948382691611353,0.14872110266221006
beijing_ssp245_near_2030s_heatwave_extreme_2039,Beijing,ssp245,near_2030s,heatwave_extreme,2039,d04f212755242b6a78c5565d142d684c87b263be6ce0094b814f2f49b68bc710,core_top,Core top,top,983.54,0.3232758620689655,0.07545147320223076,0.04761188199793361,0.027839591204297152,0.08437400024154576
beijing_ssp245_near_2030s_heatwave_extreme_2039,Beijing,ssp245,near_2030s,heatwave_extreme,2039,d04f212755242b6a78c5565d142d684c87b263be6ce0094b814f2f49b68bc710,perimeter_top_zn_3,Top P3,top,207.34,0.7303639846743295,0.07419583799107396,0.040972650436157276,0.03322318755491669,0.010730568606597018
beijing_ssp245_near_2030s_heatwave_extreme_2039,Beijing,ssp245,near_2030s,heatwave_extreme,2039,d04f212755242b6a78c5565d142d684c87b263be6ce0094b814f2f49b68bc710,perimeter_top_zn_2,Top P2,top,131.26,0.4789272030651341,0.0753936388990815,0.04419357825520669,0.03120006064387481,0.051002946023223465
beijing_ssp245_near_2030s_heatwave_extreme_2039,Beijing,ssp245,near_2030s,heatwave_extreme,2039,d04f212755242b6a78c5565d142d684c87b263be6ce0094b814f2f49b68bc710,perimeter_top_zn_1,Top P1,top,207.34,4.064894636015326,0.09419638830324012,0.06796586816617282,0.026230520137067295,0.17409048803499472
beijing_ssp245_near_2030s_heatwave_extreme_2039,Beijing,ssp245,near_2030s,heatwave_extreme,2039,d04f212755242b6a78c5565d142d684c87b263be6ce0094b814f2f49b68bc710,perimeter_top_zn_4,Top P4,top,131.25,0.24545019157088122,0.07784469577991086,0.04708819414422735,0.030756501635683522,0.0652544165649264
beijing_ssp245_near_2030s_heatwave_extreme_2039,Beijing,ssp245,near_2030s,heatwave_extreme,2039,d04f212755242b6a78c5565d142d684c87b263be6ce0094b814f2f49b68bc710,perimeter_bot_zn_3,Bottom P3,bottom,207.34,0.101772030651341,0.0705386654372814,0.03744004639708597,0.03309861904019543,-0.0073243756585854285
beijing_ssp245_near_2030s_heatwave_extreme_2039,Beijing,ssp245,near_2030s,heatwave_extreme,2039,d04f212755242b6a78c5565d142d684c87b263be6ce0094b814f2f49b68bc710,perimeter_bot_zn_2,Bottom P2,bottom,131.26,0.11973180076628352,0.07389952753063013,0.043608945409028696,0.030290582121601434,0.04512150549374058
beijing_ssp245_near_2030s_heatwave_extreme_2039,Beijing,ssp245,near_2030s,heatwave_extreme,2039,d04f212755242b6a78c5565d142d684c87b263be6ce0094b814f2f49b68bc710,perimeter_bot_zn_1,Bottom P1,bottom,207.34,0.8022030651340997,0.0831440922037302,0.05521584229756341,0.02792824990616679,0.1098200209485063
beijing_ssp245_near_2030s_heatwave_extreme_2039,Beijing,ssp245,near_2030s,heatwave_extreme,2039,d04f212755242b6a78c5565d142d684c87b263be6ce0094b814f2f49b68bc710,perimeter_bot_zn_4,Bottom P4,bottom,131.25,0.047892720306513405,0.07503428236599004,0.045468811505635615,0.02956547086035442,0.06339227162284714
beijing_ssp245_near_2030s_heatwave_extreme_2039,Beijing,ssp245,near_2030s,heatwave_extreme,2039,d04f212755242b6a78c5565d142d684c87b263be6ce0094b814f2f49b68bc710,perimeter_mid_zn_3,Middle P3,middle,207.34,0.7962164750957854,0.07523214386907001,0.045166653473859286,0.030065490395210726,0.04637004727263847
beijing_ssp245_near_2030s_heatwave_extreme_2039,Beijing,ssp245,near_2030s,heatwave_extreme,2039,d04f212755242b6a78c5565d142d684c87b263be6ce0094b814f2f49b68bc710,perimeter_mid_zn_2,Middle P2,middle,131.26,0.37116858237547895,0.07666538802955265,0.048327768489063214,0.028337619540489446,0.085645979096318
beijing_ssp245_near_2030s_heatwave_extreme_2039,Beijing,ssp245,near_2030s,heatwave_extreme,2039,d04f212755242b6a78c5565d142d684c87b263be6ce0094b814f2f49b68bc710,perimeter_mid_zn_1,Middle P1,middle,207.34,5.687260536398467,0.10161394119522009,0.07707428772419948,0.024539653471020613,0.21938002093283263
beijing_ssp245_near_2030s_heatwave_extreme_2039,Beijing,ssp245,near_2030s,heatwave_extreme,2039,d04f212755242b6a78c5565d142d684c87b263be6ce0094b814f2f49b68bc710,perimeter_mid_zn_4,Middle P4,middle,131.25,0.28735632183908044,0.07931712861315586,0.051192562915690305,0.028124565697465558,0.09886933962988619
beijing_ssp245_near_2030s_hot_2034,Beijing,ssp245,near_2030s,hot,2034,ad1141d1413227533fd44aa8c3312c7131ff62d58571a016015c68c60950b7c3,core_bottom,Core bottom,bottom,983.54,2.310823754789272,0.10395496173226988,0.08258085928523246,0.021374102447037423,0.2765461806477412
beijing_ssp245_near_2030s_hot_2034,Beijing,ssp245,near_2030s,hot,2034,ad1141d1413227533fd44aa8c3312c7131ff62d58571a016015c68c60950b7c3,core_mid,Core middle,middle,983.54,1.670258620689655,0.08662575264653134,0.06289269367709731,0.02373305896943403,0.19193927429095767
beijing_ssp245_near_2030s_hot_2034,Beijing,ssp245,near_2030s,hot,2034,ad1141d1413227533fd44aa8c3312c7131ff62d58571a016015c68c60950b7c3,core_top,Core top,top,983.54,1.3350095785440612,0.07924188164034252,0.053043521901735786,0.02619835973860673,0.1179056324831514
beijing_ssp245_near_2030s_hot_2034,Beijing,ssp245,near_2030s,hot,2034,ad1141d1413227533fd44aa8c3312c7131ff62d58571a016015c68c60950b7c3,perimeter_top_zn_3,Top P3,top,207.34,2.681992337164751,0.07822073888566865,0.047546617954146914,0.030674120931521727,0.0502175580501978
beijing_ssp245_near_2030s_hot_2034,Beijing,ssp245,near_2030s,hot,2034,ad1141d1413227533fd44aa8c3312c7131ff62d58571a016015c68c60950b7c3,perimeter_top_zn_2,Top P2,top,131.26,1.598419540229885,0.07703608855790732,0.04832630487727813,0.02870978368062919,0.0779462284492246
beijing_ssp245_near_2030s_hot_2034,Beijing,ssp245,near_2030s,hot,2034,ad1141d1413227533fd44aa8c3312c7131ff62d58571a016015c68c60950b7c3,perimeter_top_zn_1,Top P1,top,207.34,4.621647509578544,0.09954312444386937,0.07486326582900425,0.024679858614865113,0.20257591288811094
beijing_ssp245_near_2030s_hot_2034,Beijing,ssp245,near_2030s,hot,2034,ad1141d1413227533fd44aa8c3312c7131ff62d58571a016015c68c60950b7c3,perimeter_top_zn_4,Top P4,top,131.25,1.329022988505747,0.08041965831569305,0.051869552993134,0.028550105322559048,0.09487265840752898
beijing_ssp245_near_2030s_hot_2034,Beijing,ssp245,near_2030s,hot,2034,ad1141d1413227533fd44aa8c3312c7131ff62d58571a016015c68c60950b7c3,perimeter_bot_zn_3,Bottom P3,bottom,207.34,1.1853448275862069,0.07384930936566338,0.04299546572044349,0.03085384364521989,0.03221167805603046
beijing_ssp245_near_2030s_hot_2034,Beijing,ssp245,near_2030s,hot,2034,ad1141d1413227533fd44aa8c3312c7131ff62d58571a016015c68c60950b7c3,perimeter_bot_zn_2,Bottom P2,bottom,131.26,0.8022030651340997,0.07454194305087725,0.04642151136257261,0.02812043168830464,0.07363217178143325
beijing_ssp245_near_2030s_hot_2034,Beijing,ssp245,near_2030s,hot,2034,ad1141d1413227533fd44aa8c3312c7131ff62d58571a016015c68c60950b7c3,perimeter_bot_zn_1,Bottom P1,bottom,207.34,4.034961685823755,0.09418272662941458,0.06855332542000511,0.025629401209409472,0.1667833786861111
beijing_ssp245_near_2030s_hot_2034,Beijing,ssp245,near_2030s,hot,2034,ad1141d1413227533fd44aa8c3312c7131ff62d58571a016015c68c60950b7c3,perimeter_bot_zn_4,Bottom P4,bottom,131.25,0.5507662835249042,0.07608434392262645,0.048377728936656275,0.027706614985970168,0.09183364482671716
beijing_ssp245_near_2030s_hot_2034,Beijing,ssp245,near_2030s,hot,2034,ad1141d1413227533fd44aa8c3312c7131ff62d58571a016015c68c60950b7c3,perimeter_mid_zn_3,Middle P3,middle,207.34,3.0830938697318007,0.08162391895696033,0.05384216602633875,0.02778175293062158,0.09358382515476697
beijing_ssp245_near_2030s_hot_2034,Beijing,ssp245,near_2030s,hot,2034,ad1141d1413227533fd44aa8c3312c7131ff62d58571a016015c68c60950b7c3,perimeter_mid_zn_2,Middle P2,middle,131.26,1.3888888888888888,0.07902385129128209,0.05251336086939947,0.026510490421882617,0.11529579502817967
beijing_ssp245_near_2030s_hot_2034,Beijing,ssp245,near_2030s,hot,2034,ad1141d1413227533fd44aa8c3312c7131ff62d58571a016015c68c60950b7c3,perimeter_mid_zn_1,Middle P1,middle,207.34,5.771072796934866,0.10612133470725148,0.08322519448265109,0.022896140224600396,0.24670776873044015
beijing_ssp245_near_2030s_hot_2034,Beijing,ssp245,near_2030s,hot,2034,ad1141d1413227533fd44aa8c3312c7131ff62d58571a016015c68c60950b7c3,perimeter_mid_zn_4,Middle P4,middle,131.25,1.2332375478927202,0.08241275328012888,0.05610349278636562,0.026309260493763267,0.12770763560772558
beijing_ssp245_near_2030s_typical_2035,Beijing,ssp245,near_2030s,typical,2035,8fe7934ec102258594e94bbfefff8d5650e9cdf066a9477a48575c1097b36bcb,core_bottom,Core bottom,bottom,983.54,2.7598180076628354,0.10492168743800843,0.08327517461123558,0.02164651282677285,0.2828679576374981
beijing_ssp245_near_2030s_typical_2035,Beijing,ssp245,near_2030s,typical,2035,8fe7934ec102258594e94bbfefff8d5650e9cdf066a9477a48575c1097b36bcb,core_mid,Core middle,middle,983.54,1.969588122605364,0.08573725255653601,0.061127986661042535,0.02460926589549348,0.17336841398348699
beijing_ssp245_near_2030s_typical_2035,Beijing,ssp245,near_2030s,typical,2035,8fe7934ec102258594e94bbfefff8d5650e9cdf066a9477a48575c1097b36bcb,core_top,Core top,top,983.54,1.430795019157088,0.07974877632930036,0.05225431943546233,0.027494456893838032,0.1000019969143082
beijing_ssp245_near_2030s_typical_2035,Beijing,ssp245,near_2030s,typical,2035,8fe7934ec102258594e94bbfefff8d5650e9cdf066a9477a48575c1097b36bcb,perimeter_top_zn_3,Top P3,top,207.34,2.3946360153256707,0.08077501906809909,0.04800377818039918,0.03277124088769991,0.0343665849266958
beijing_ssp245_near_2030s_typical_2035,Beijing,ssp245,near_2030s,typical,2035,8fe7934ec102258594e94bbfefff8d5650e9cdf066a9477a48575c1097b36bcb,perimeter_top_zn_2,Top P2,top,131.26,1.4547413793103448,0.07915855782022664,0.04797063591971216,0.031187921900514486,0.05780640641758894
beijing_ssp245_near_2030s_typical_2035,Beijing,ssp245,near_2030s,typical,2035,8fe7934ec102258594e94bbfefff8d5650e9cdf066a9477a48575c1097b36bcb,perimeter_top_zn_1,Top P1,top,207.34,6.112308429118774,0.10038696095272191,0.07447932433296607,0.02590763661975585,0.19486981331360384
beijing_ssp245_near_2030s_typical_2035,Beijing,ssp245,near_2030s,typical,2035,8fe7934ec102258594e94bbfefff8d5650e9cdf066a9477a48575c1097b36bcb,perimeter_top_zn_4,Top P4,top,131.25,1.1613984674329503,0.0806740208485754,0.05001978758500418,0.030654233263571227,0.07323066627483463
beijing_ssp245_near_2030s_typical_2035,Beijing,ssp245,near_2030s,typical,2035,8fe7934ec102258594e94bbfefff8d5650e9cdf066a9477a48575c1097b36bcb,perimeter_bot_zn_3,Bottom P3,bottom,207.34,1.424808429118774,0.07765728332162737,0.04538350817360478,0.032273775148022585,0.020685843453083323
beijing_ssp245_near_2030s_typical_2035,Beijing,ssp245,near_2030s,typical,2035,8fe7934ec102258594e94bbfefff8d5650e9cdf066a9477a48575c1097b36bcb,perimeter_bot_zn_2,Bottom P2,bottom,131.26,0.7602969348659003,0.0771737599273041,0.04731387035331111,0.02985988957399299,0.05712626229420333
beijing_ssp245_near_2030s_typical_2035,Beijing,ssp245,near_2030s,typical,2035,8fe7934ec102258594e94bbfefff8d5650e9cdf066a9477a48575c1097b36bcb,perimeter_bot_zn_1,Bottom P1,bottom,207.34,4.190613026819923,0.09069663011899928,0.06287267696690234,0.027823953152096955,0.13459323078462174
beijing_ssp245_near_2030s_typical_2035,Beijing,ssp245,near_2030s,typical,2035,8fe7934ec102258594e94bbfefff8d5650e9cdf066a9477a48575c1097b36bcb,perimeter_bot_zn_4,Bottom P4,bottom,131.25,0.34123563218390807,0.07789467711532863,0.04868875446104243,0.0292059226542862,0.07195373616104568
beijing_ssp245_near_2030s_typical_2035,Beijing,ssp245,near_2030s,typical,2035,8fe7934ec102258594e94bbfefff8d5650e9cdf066a9477a48575c1097b36bcb,perimeter_mid_zn_3,Middle P3,middle,207.34,3.0411877394636013,0.08396262663073786,0.05466064602749688,0.02930198060324098,0.07940293274548131
beijing_ssp245_near_2030s_typical_2035,Beijing,ssp245,near_2030s,typical,2035,8fe7934ec102258594e94bbfefff8d5650e9cdf066a9477a48575c1097b36bcb,perimeter_mid_zn_2,Middle P2,middle,131.26,1.1673850574712643,0.080591999335512,0.052508162795985296,0.028083836539526705,0.09679226309041038
beijing_ssp245_near_2030s_typical_2035,Beijing,ssp245,near_2030s,typical,2035,8fe7934ec102258594e94bbfefff8d5650e9cdf066a9477a48575c1097b36bcb,perimeter_mid_zn_1,Middle P1,middle,207.34,8.387212643678161,0.10920693963204428,0.08515470242618416,0.02405223720586012,0.24853255171467786
beijing_ssp245_near_2030s_typical_2035,Beijing,ssp245,near_2030s,typical,2035,8fe7934ec102258594e94bbfefff8d5650e9cdf066a9477a48575c1097b36bcb,perimeter_mid_zn_4,Middle P4,middle,131.25,0.9758141762452108,0.08220724576056462,0.05444187684483305,0.027765368915731566,0.1097365978442733
beijing_ssp585_baseline_2020s_heatwave_extreme_2029,Beijing,ssp585,baseline_2020s,heatwave_extreme,2029,58f8a9567baf58e59925e26cba77c89cb785f88a864fd780e00073be06b4adcc,core_bottom,Core bottom,bottom,983.54,3.442289272030651,0.10833368405228158,0.08731879893658233,0.021014885115699256,0.2907937870422547
beijing_ssp585_baseline_2020s_heatwave_extreme_2029,Beijing,ssp585,baseline_2020s,heatwave_extreme,2029,58f8a9567baf58e59925e26cba77c89cb785f88a864fd780e00073be06b4adcc,core_mid,Core middle,middle,983.54,2.771791187739464,0.08907725702336958,0.06547951705004909,0.02359773997332048,0.1945161518597178
beijing_ssp585_baseline_2020s_heatwave_extreme_2029,Beijing,ssp585,baseline_2020s,heatwave_extreme,2029,58f8a9567baf58e59925e26cba77c89cb785f88a864fd780e00073be06b4adcc,core_top,Core top,top,983.54,2.1551724137931036,0.08209084565470252,0.05570203605380268,0.026388809600899843,0.12055537201406288
beijing_ssp585_baseline_2020s_heatwave_extreme_2029,Beijing,ssp585,baseline_2020s,heatwave_extreme,2029,58f8a9567baf58e59925e26cba77c89cb785f88a864fd780e00073be06b4adcc,perimeter_top_zn_3,Top P3,top,207.34,3.7595785440613025,0.08237769069529555,0.051164589721488254,0.031213100973807296,0.05682985420174825
beijing_ssp585_baseline_2020s_heatwave_extreme_2029,Beijing,ssp585,baseline_2020s,heatwave_extreme,2029,58f8a9567baf58e59925e26cba77c89cb785f88a864fd780e00073be06b4adcc,perimeter_top_zn_2,Top P2,top,131.26,2.5323275862068964,0.08109486094849411,0.05151737141911337,0.02957748952938074,0.08129570646006747
beijing_ssp585_baseline_2020s_heatwave_extreme_2029,Beijing,ssp585,baseline_2020s,heatwave_extreme,2029,58f8a9567baf58e59925e26cba77c89cb785f88a864fd780e00073be06b4adcc,perimeter_top_zn_1,Top P1,top,207.34,6.645114942528736,0.1042740784775292,0.07926213784896906,0.025011940628560138,0.21195711413124968
beijing_ssp585_baseline_2020s_heatwave_extreme_2029,Beijing,ssp585,baseline_2020s,heatwave_extreme,2029,58f8a9567baf58e59925e26cba77c89cb785f88a864fd780e00073be06b4adcc,perimeter_top_zn_4,Top P4,top,131.25,2.687978927203065,0.08367099915364888,0.05455864711602841,0.029112352037620467,0.09447672770944472
beijing_ssp585_baseline_2020s_heatwave_extreme_2029,Beijing,ssp585,baseline_2020s,heatwave_extreme,2029,58f8a9567baf58e59925e26cba77c89cb785f88a864fd780e00073be06b4adcc,perimeter_bot_zn_3,Bottom P3,bottom,207.34,2.687978927203065,0.07842439914660143,0.04729538931007545,0.031129009836525976,0.03931395619306159
beijing_ssp585_baseline_2020s_heatwave_extreme_2029,Beijing,ssp585,baseline_2020s,heatwave_extreme,2029,58f8a9567baf58e59925e26cba77c89cb785f88a864fd780e00073be06b4adcc,perimeter_bot_zn_2,Bottom P2,bottom,131.26,1.3709291187739463,0.07762746746724086,0.04898157169699171,0.02864589577024915,0.0748396938322096
beijing_ssp585_baseline_2020s_heatwave_extreme_2029,Beijing,ssp585,baseline_2020s,heatwave_extreme,2029,58f8a9567baf58e59925e26cba77c89cb785f88a864fd780e00073be06b4adcc,perimeter_bot_zn_1,Bottom P1,bottom,207.34,5.884818007662835,0.09714316157331415,0.07092544503187291,0.02621771654144123,0.1661020010810869
beijing_ssp585_baseline_2020s_heatwave_extreme_2029,Beijing,ssp585,baseline_2020s,heatwave_extreme,2029,58f8a9567baf58e59925e26cba77c89cb785f88a864fd780e00073be06b4adcc,perimeter_bot_zn_4,Bottom P4,bottom,131.25,1.4008620689655173,0.08000068269882768,0.05205891284421693,0.02794176985461076,0.09399350537226721
beijing_ssp585_baseline_2020s_heatwave_extreme_2029,Beijing,ssp585,baseline_2020s,heatwave_extreme,2029,58f8a9567baf58e59925e26cba77c89cb785f88a864fd780e00073be06b4adcc,perimeter_mid_zn_3,Middle P3,middle,207.34,4.633620689655173,0.08581384996210838,0.057842240789876195,0.02797160917223218,0.10045638423104956
beijing_ssp585_baseline_2020s_heatwave_extreme_2029,Beijing,ssp585,baseline_2020s,heatwave_extreme,2029,58f8a9567baf58e59925e26cba77c89cb785f88a864fd780e00073be06b4adcc,perimeter_mid_zn_2,Middle P2,middle,131.26,2.382662835249042,0.08295269621200996,0.05616081689903245,0.026791879312977506,0.1183537862145213
beijing_ssp585_baseline_2020s_heatwave_extreme_2029,Beijing,ssp585,baseline_2020s,heatwave_extreme,2029,58f8a9567baf58e59925e26cba77c89cb785f88a864fd780e00073be06b4adcc,perimeter_mid_zn_1,Middle P1,middle,207.34,8.734434865900383,0.11234398976968206,0.08934336220172066,0.023000627567961396,0.26265595074797754
beijing_ssp585_baseline_2020s_heatwave_extreme_2029,Beijing,ssp585,baseline_2020s,heatwave_extreme,2029,58f8a9567baf58e59925e26cba77c89cb785f88a864fd780e00073be06b4adcc,perimeter_mid_zn_4,Middle P4,middle,131.25,2.891522988505747,0.08592533053088397,0.05939713336720927,0.0265281971636747,0.13008089480746038
beijing_ssp585_baseline_2020s_hot_2029,Beijing,ssp585,baseline_2020s,hot,2029,58f8a9567baf58e59925e26cba77c89cb785f88a864fd780e00073be06b4adcc,core_bottom,Core bottom,bottom,983.54,3.442289272030651,0.10833368405228158,0.08731879893658233,0.021014885115699256,0.2907937870422547
beijing_ssp585_baseline_2020s_hot_2029,Beijing,ssp585,baseline_2020s,hot,2029,58f8a9567baf58e59925e26cba77c89cb785f88a864fd780e00073be06b4adcc,core_mid,Core middle,middle,983.54,2.771791187739464,0.08907725702336958,0.06547951705004909,0.02359773997332048,0.1945161518597178
beijing_ssp585_baseline_2020s_hot_2029,Beijing,ssp585,baseline_2020s,hot,2029,58f8a9567baf58e59925e26cba77c89cb785f88a864fd780e00073be06b4adcc,core_top,Core top,top,983.54,2.1551724137931036,0.08209084565470252,0.05570203605380268,0.026388809600899843,0.12055537201406288
beijing_ssp585_baseline_2020s_hot_2029,Beijing,ssp585,baseline_2020s,hot,2029,58f8a9567baf58e59925e26cba77c89cb785f88a864fd780e00073be06b4adcc,perimeter_top_zn_3,Top P3,top,207.34,3.7595785440613025,0.08237769069529555,0.051164589721488254,0.031213100973807296,0.05682985420174825
beijing_ssp585_baseline_2020s_hot_2029,Beijing,ssp585,baseline_2020s,hot,2029,58f8a9567baf58e59925e26cba77c89cb785f88a864fd780e00073be06b4adcc,perimeter_top_zn_2,Top P2,top,131.26,2.5323275862068964,0.08109486094849411,0.05151737141911337,0.02957748952938074,0.08129570646006747
beijing_ssp585_baseline_2020s_hot_2029,Beijing,ssp585,baseline_2020s,hot,2029,58f8a9567baf58e59925e26cba77c89cb785f88a864fd780e00073be06b4adcc,perimeter_top_zn_1,Top P1,top,207.34,6.645114942528736,0.1042740784775292,0.07926213784896906,0.025011940628560138,0.21195711413124968
beijing_ssp585_baseline_2020s_hot_2029,Beijing,ssp585,baseline_2020s,hot,2029,58f8a9567baf58e59925e26cba77c89cb785f88a864fd780e00073be06b4adcc,perimeter_top_zn_4,Top P4,top,131.25,2.687978927203065,0.08367099915364888,0.05455864711602841,0.029112352037620467,0.09447672770944472
beijing_ssp585_baseline_2020s_hot_2029,Beijing,ssp585,baseline_2020s,hot,2029,58f8a9567baf58e59925e26cba77c89cb785f88a864fd780e00073be06b4adcc,perimeter_bot_zn_3,Bottom P3,bottom,207.34,2.687978927203065,0.07842439914660143,0.04729538931007545,0.031129009836525976,0.03931395619306159
beijing_ssp585_baseline_2020s_hot_2029,Beijing,ssp585,baseline_2020s,hot,2029,58f8a9567baf58e59925e26cba77c89cb785f88a864fd780e00073be06b4adcc,perimeter_bot_zn_2,Bottom P2,bottom,131.26,1.3709291187739463,0.07762746746724086,0.04898157169699171,0.02864589577024915,0.0748396938322096
beijing_ssp585_baseline_2020s_hot_2029,Beijing,ssp585,baseline_2020s,hot,2029,58f8a9567baf58e59925e26cba77c89cb785f88a864fd780e00073be06b4adcc,perimeter_bot_zn_1,Bottom P1,bottom,207.34,5.884818007662835,0.09714316157331415,0.07092544503187291,0.02621771654144123,0.1661020010810869
beijing_ssp585_baseline_2020s_hot_2029,Beijing,ssp585,baseline_2020s,hot,2029,58f8a9567baf58e59925e26cba77c89cb785f88a864fd780e00073be06b4adcc,perimeter_bot_zn_4,Bottom P4,bottom,131.25,1.4008620689655173,0.08000068269882768,0.05205891284421693,0.02794176985461076,0.09399350537226721
beijing_ssp585_baseline_2020s_hot_2029,Beijing,ssp585,baseline_2020s,hot,2029,58f8a9567baf58e59925e26cba77c89cb785f88a864fd780e00073be06b4adcc,perimeter_mid_zn_3,Middle P3,middle,207.34,4.633620689655173,0.08581384996210838,0.057842240789876195,0.02797160917223218,0.10045638423104956
beijing_ssp585_baseline_2020s_hot_2029,Beijing,ssp585,baseline_2020s,hot,2029,58f8a9567baf58e59925e26cba77c89cb785f88a864fd780e00073be06b4adcc,perimeter_mid_zn_2,Middle P2,middle,131.26,2.382662835249042,0.08295269621200996,0.05616081689903245,0.026791879312977506,0.1183537862145213
beijing_ssp585_baseline_2020s_hot_2029,Beijing,ssp585,baseline_2020s,hot,2029,58f8a9567baf58e59925e26cba77c89cb785f88a864fd780e00073be06b4adcc,perimeter_mid_zn_1,Middle P1,middle,207.34,8.734434865900383,0.11234398976968206,0.08934336220172066,0.023000627567961396,0.26265595074797754
beijing_ssp585_baseline_2020s_hot_2029,Beijing,ssp585,baseline_2020s,hot,2029,58f8a9567baf58e59925e26cba77c89cb785f88a864fd780e00073be06b4adcc,perimeter_mid_zn_4,Middle P4,middle,131.25,2.891522988505747,0.08592533053088397,0.05939713336720927,0.0265281971636747,0.13008089480746038
beijing_ssp585_baseline_2020s_typical_2026,Beijing,ssp585,baseline_2020s,typical,2026,0939cce69c6d5b0d4971a5b6657ac75d6d882f002b8629dd389b7b59b340db93,core_bottom,Core bottom,bottom,983.54,2.209051724137931,0.1020076300794028,0.08013765313024758,0.021869976949155236,0.26765434666622834
beijing_ssp585_baseline_2020s_typical_2026,Beijing,ssp585,baseline_2020s,typical,2026,0939cce69c6d5b0d4971a5b6657ac75d6d882f002b8629dd389b7b59b340db93,core_mid,Core middle,middle,983.54,0.25742337164750956,0.07914061661524444,0.05458164460574798,0.024558972009496454,0.15323479156314496
beijing_ssp585_baseline_2020s_typical_2026,Beijing,ssp585,baseline_2020s,typical,2026,0939cce69c6d5b0d4971a5b6657ac75d6d882f002b8629dd389b7b59b340db93,core_top,Core top,top,983.54,0.1736111111111111,0.07419654669421208,0.047049799921986615,0.02714674677222546,0.08574358530601307
beijing_ssp585_baseline_2020s_typical_2026,Beijing,ssp585,baseline_2020s,typical,2026,0939cce69c6d5b0d4971a5b6657ac75d6d882f002b8629dd389b7b59b340db93,perimeter_top_zn_3,Top P3,top,207.34,0.10775862068965517,0.0710773611384608,0.038539905451366166,0.03253745568709464,0.004786405880738924
beijing_ssp585_baseline_2020s_typical_2026,Beijing,ssp585,baseline_2020s,typical,2026,0939cce69c6d5b0d4971a5b6657ac75d6d882f002b8629dd389b7b59b340db93,perimeter_top_zn_2,Top P2,top,131.26,0.19157088122605362,0.07330076183092966,0.04287696691666831,0.030423794914261344,0.04525753033274292
beijing_ssp585_baseline_2020s_typical_2026,Beijing,ssp585,baseline_2020s,typical,2026,0939cce69c6d5b0d4971a5b6657ac75d6d882f002b8629dd389b7b59b340db93,perimeter_top_zn_1,Top P1,top,207.34,3.9750957854406135,0.09533256401999626,0.06940393910483034,0.025928624915165923,0.1762669726843619
beijing_ssp585_baseline_2020s_typical_2026,Beijing,ssp585,baseline_2020s,typical,2026,0939cce69c6d5b0d4971a5b6657ac75d6d882f002b8629dd389b7b59b340db93,perimeter_top_zn_4,Top P4,top,131.25,0.14367816091954022,0.07663041989961207,0.04659630822888004,0.030034111670732017,0.06526516131267425
beijing_ssp585_baseline_2020s_typical_2026,Beijing,ssp585,baseline_2020s,typical,2026,0939cce69c6d5b0d4971a5b6657ac75d6d882f002b8629dd389b7b59b340db93,perimeter_bot_zn_3,Bottom P3,bottom,207.34,0.017959770114942528,0.06831486952377143,0.035921951633834784,0.03239291788993664,-0.01229882027182028
beijing_ssp585_baseline_2020s_typical_2026,Beijing,ssp585,baseline_2020s,typical,2026,0939cce69c6d5b0d4971a5b6657ac75d6d882f002b8629dd389b7b59b340db93,perimeter_bot_zn_2,Bottom P2,bottom,131.26,0.06585249042145594,0.07200929827145586,0.042507735226759186,0.029501563044696675,0.04630048606316257
beijing_ssp585_baseline_2020s_typical_2026,Beijing,ssp585,baseline_2020s,typical,2026,0939cce69c6d5b0d4971a5b6657ac75d6d882f002b8629dd389b7b59b340db93,perimeter_bot_zn_1,Bottom P1,bottom,207.34,0.6884578544061303,0.08392935774881853,0.05631180287485316,0.02761755487396537,0.11280999579264125
beijing_ssp585_baseline_2020s_typical_2026,Beijing,ssp585,baseline_2020s,typical,2026,0939cce69c6d5b0d4971a5b6657ac75d6d882f002b8629dd389b7b59b340db93,perimeter_bot_zn_4,Bottom P4,bottom,131.25,0.017959770114942528,0.0744795912505512,0.045466540225924675,0.02901305102462652,0.06457739819215434
beijing_ssp585_baseline_2020s_typical_2026,Beijing,ssp585,baseline_2020s,typical,2026,0939cce69c6d5b0d4971a5b6657ac75d6d882f002b8629dd389b7b59b340db93,perimeter_mid_zn_3,Middle P3,middle,207.34,0.19755747126436785,0.07226969424237754,0.04280962588025125,0.02946006836212629,0.03995052381960521
beijing_ssp585_baseline_2020s_typical_2026,Beijing,ssp585,baseline_2020s,typical,2026,0939cce69c6d5b0d4971a5b6657ac75d6d882f002b8629dd389b7b59b340db93,perimeter_mid_zn_2,Middle P2,middle,131.26,0.14966475095785442,0.0754945796193605,0.04765200951585807,0.02784257010350243,0.08399780639529719
beijing_ssp585_baseline_2020s_typical_2026,Beijing,ssp585,baseline_2020s,typical,2026,0939cce69c6d5b0d4971a5b6657ac75d6d882f002b8629dd389b7b59b340db93,perimeter_mid_zn_1,Middle P1,middle,207.34,4.6994731800766285,0.10141608072089361,0.07724925896186975,0.024166821759023863,0.21941730118135488
beijing_ssp585_baseline_2020s_typical_2026,Beijing,ssp585,baseline_2020s,typical,2026,0939cce69c6d5b0d4971a5b6657ac75d6d882f002b8629dd389b7b59b340db93,perimeter_mid_zn_4,Middle P4,middle,131.25,0.13769157088122605,0.07850593743257109,0.05100795789092103,0.02749797954165006,0.0996042090480622
beijing_ssp585_late_2080s_heatwave_extreme_2089,Beijing,ssp585,late_2080s,heatwave_extreme,2089,61a3c8e04f2499057d092e367281edcab4ae3400a9e703a52630fb76273f2fd6,core_bottom,Core bottom,bottom,983.54,10.865660919540229,0.12133703494747626,0.10043800043448863,0.020899034512987635,0.3346117102225236
beijing_ssp585_late_2080s_heatwave_extreme_2089,Beijing,ssp585,late_2080s,heatwave_extreme,2089,61a3c8e04f2499057d092e367281edcab4ae3400a9e703a52630fb76273f2fd6,core_mid,Core middle,middle,983.54,12.488026819923371,0.11373839954552283,0.09178103315511271,0.021957366390410123,0.29497008143929304
beijing_ssp585_late_2080s_heatwave_extreme_2089,Beijing,ssp585,late_2080s,heatwave_extreme,2089,61a3c8e04f2499057d092e367281edcab4ae3400a9e703a52630fb76273f2fd6,core_top,Core top,top,983.54,10.698036398467432,0.10316368802793766,0.07893480246958423,0.02422888555835343,0.22382339266171888
beijing_ssp585_late_2080s_heatwave_extreme_2089,Beijing,ssp585,late_2080s,heatwave_extreme,2089,61a3c8e04f2499057d092e367281edcab4ae3400a9e703a52630fb76273f2fd6,perimeter_top_zn_3,Top P3,top,207.34,13.128591954022989,0.10988638594522623,0.08234096007356714,0.027545425871659094,0.19715560736052692
beijing_ssp585_late_2080s_heatwave_extreme_2089,Beijing,ssp585,late_2080s,heatwave_extreme,2089,61a3c8e04f2499057d092e367281edcab4ae3400a9e703a52630fb76273f2fd6,perimeter_top_zn_2,Top P2,top,131.26,10.674090038314176,0.10036439630732338,0.07418822452152314,0.02617617178580024,0.1914007776888603
beijing_ssp585_late_2080s_heatwave_extreme_2089,Beijing,ssp585,late_2080s,heatwave_extreme,2089,61a3c8e04f2499057d092e367281edcab4ae3400a9e703a52630fb76273f2fd6,perimeter_top_zn_1,Top P1,top,207.34,14.529454022988505,0.12695655721638446,0.10461555002575028,0.022341007190634175,0.317945271291969
beijing_ssp585_late_2080s_heatwave_extreme_2089,Beijing,ssp585,late_2080s,heatwave_extreme,2089,61a3c8e04f2499057d092e367281edcab4ae3400a9e703a52630fb76273f2fd6,perimeter_top_zn_4,Top P4,top,131.25,10.027538314176246,0.10207564658827964,0.07557651130625286,0.026499135282026784,0.19362720099026567
beijing_ssp585_late_2080s_heatwave_extreme_2089,Beijing,ssp585,late_2080s,heatwave_extreme,2089,61a3c8e04f2499057d092e367281edcab4ae3400a9e703a52630fb76273f2fd6,perimeter_bot_zn_3,Bottom P3,bottom,207.34,12.811302681992338,0.1078826201565263,0.08017449049002329,0.02770812966650302,0.1864523840329733
beijing_ssp585_late_2080s_heatwave_extreme_2089,Beijing,ssp585,late_2080s,heatwave_extreme,2089,61a3c8e04f2499057d092e367281edcab4ae3400a9e703a52630fb76273f2fd6,perimeter_bot_zn_2,Bottom P2,bottom,131.26,9.584530651340996,0.09792091670610072,0.07217635081521631,0.0257445658908844,0.18467057370188064
beijing_ssp585_late_2080s_heatwave_extreme_2089,Beijing,ssp585,late_2080s,heatwave_extreme,2089,61a3c8e04f2499057d092e367281edcab4ae3400a9e703a52630fb76273f2fd6,perimeter_bot_zn_1,Bottom P1,bottom,207.34,18.53448275862069,0.13268759515108547,0.11085914330468005,0.021828451846405427,0.33612482122600795
beijing_ssp585_late_2080s_heatwave_extreme_2089,Beijing,ssp585,late_2080s,heatwave_extreme,2089,61a3c8e04f2499057d092e367281edcab4ae3400a9e703a52630fb76273f2fd6,perimeter_bot_zn_4,Bottom P4,bottom,131.25,9.758141762452107,0.10058254934341383,0.07511176042712804,0.02547078891628579,0.20129487815243477
beijing_ssp585_late_2080s_heatwave_extreme_2089,Beijing,ssp585,late_2080s,heatwave_extreme,2089,61a3c8e04f2499057d092e367281edcab4ae3400a9e703a52630fb76273f2fd6,perimeter_mid_zn_3,Middle P3,middle,207.34,15.547174329501914,0.11652915716203101,0.09186880880290146,0.02466034835912954,0.25103404090259357
beijing_ssp585_late_2080s_heatwave_extreme_2089,Beijing,ssp585,late_2080s,heatwave_extreme,2089,61a3c8e04f2499057d092e367281edcab4ae3400a9e703a52630fb76273f2fd6,perimeter_mid_zn_2,Middle P2,middle,131.26,11.22485632183908,0.1036182161076941,0.07938034977188282,0.024237866335811285,0.22405503938413032
beijing_ssp585_late_2080s_heatwave_extreme_2089,Beijing,ssp585,late_2080s,heatwave_extreme,2089,61a3c8e04f2499057d092e367281edcab4ae3400a9e703a52630fb76273f2fd6,perimeter_mid_zn_1,Middle P1,middle,207.34,16.876197318007662,0.13563947097806017,0.11501711356190214,0.02062235741615804,0.36796708167260345
beijing_ssp585_late_2080s_heatwave_extreme_2089,Beijing,ssp585,late_2080s,heatwave_extreme,2089,61a3c8e04f2499057d092e367281edcab4ae3400a9e703a52630fb76273f2fd6,perimeter_mid_zn_4,Middle P4,middle,131.25,11.015325670498084,0.10631361118409596,0.08198903015713471,0.02432458102696125,0.23144401357832203
beijing_ssp585_late_2080s_hot_2089,Beijing,ssp585,late_2080s,hot,2089,61a3c8e04f2499057d092e367281edcab4ae3400a9e703a52630fb76273f2fd6,core_bottom,Core bottom,bottom,983.54,10.865660919540229,0.12133703494747626,0.10043800043448863,0.020899034512987635,0.3346117102225236
beijing_ssp585_late_2080s_hot_2089,Beijing,ssp585,late_2080s,hot,2089,61a3c8e04f2499057d092e367281edcab4ae3400a9e703a52630fb76273f2fd6,core_mid,Core middle,middle,983.54,12.488026819923371,0.11373839954552283,0.09178103315511271,0.021957366390410123,0.29497008143929304
beijing_ssp585_late_2080s_hot_2089,Beijing,ssp585,late_2080s,hot,2089,61a3c8e04f2499057d092e367281edcab4ae3400a9e703a52630fb76273f2fd6,core_top,Core top,top,983.54,10.698036398467432,0.10316368802793766,0.07893480246958423,0.02422888555835343,0.22382339266171888
beijing_ssp585_late_2080s_hot_2089,Beijing,ssp585,late_2080s,hot,2089,61a3c8e04f2499057d092e367281edcab4ae3400a9e703a52630fb76273f2fd6,perimeter_top_zn_3,Top P3,top,207.34,13.128591954022989,0.10988638594522623,0.08234096007356714,0.027545425871659094,0.19715560736052692
beijing_ssp585_late_2080s_hot_2089,Beijing,ssp585,late_2080s,hot,2089,61a3c8e04f2499057d092e367281edcab4ae3400a9e703a52630fb76273f2fd6,perimeter_top_zn_2,Top P2,top,131.26,10.674090038314176,0.10036439630732338,0.07418822452152314,0.02617617178580024,0.1914007776888603
beijing_ssp585_late_2080s_hot_2089,Beijing,ssp585,late_2080s,hot,2089,61a3c8e04f2499057d092e367281edcab4ae3400a9e703a52630fb76273f2fd6,perimeter_top_zn_1,Top P1,top,207.34,14.529454022988505,0.12695655721638446,0.10461555002575028,0.022341007190634175,0.317945271291969
beijing_ssp585_late_2080s_hot_2089,Beijing,ssp585,late_2080s,hot,2089,61a3c8e04f2499057d092e367281edcab4ae3400a9e703a52630fb76273f2fd6,perimeter_top_zn_4,Top P4,top,131.25,10.027538314176246,0.10207564658827964,0.07557651130625286,0.026499135282026784,0.19362720099026567
beijing_ssp585_late_2080s_hot_2089,Beijing,ssp585,late_2080s,hot,2089,61a3c8e04f2499057d092e367281edcab4ae3400a9e703a52630fb76273f2fd6,perimeter_bot_zn_3,Bottom P3,bottom,207.34,12.811302681992338,0.1078826201565263,0.08017449049002329,0.02770812966650302,0.1864523840329733
beijing_ssp585_late_2080s_hot_2089,Beijing,ssp585,late_2080s,hot,2089,61a3c8e04f2499057d092e367281edcab4ae3400a9e703a52630fb76273f2fd6,perimeter_bot_zn_2,Bottom P2,bottom,131.26,9.584530651340996,0.09792091670610072,0.07217635081521631,0.0257445658908844,0.18467057370188064
beijing_ssp585_late_2080s_hot_2089,Beijing,ssp585,late_2080s,hot,2089,61a3c8e04f2499057d092e367281edcab4ae3400a9e703a52630fb76273f2fd6,perimeter_bot_zn_1,Bottom P1,bottom,207.34,18.53448275862069,0.13268759515108547,0.11085914330468005,0.021828451846405427,0.33612482122600795
beijing_ssp585_late_2080s_hot_2089,Beijing,ssp585,late_2080s,hot,2089,61a3c8e04f2499057d092e367281edcab4ae3400a9e703a52630fb76273f2fd6,perimeter_bot_zn_4,Bottom P4,bottom,131.25,9.758141762452107,0.10058254934341383,0.07511176042712804,0.02547078891628579,0.20129487815243477
beijing_ssp585_late_2080s_hot_2089,Beijing,ssp585,late_2080s,hot,2089,61a3c8e04f2499057d092e367281edcab4ae3400a9e703a52630fb76273f2fd6,perimeter_mid_zn_3,Middle P3,middle,207.34,15.547174329501914,0.11652915716203101,0.09186880880290146,0.02466034835912954,0.25103404090259357
beijing_ssp585_late_2080s_hot_2089,Beijing,ssp585,late_2080s,hot,2089,61a3c8e04f2499057d092e367281edcab4ae3400a9e703a52630fb76273f2fd6,perimeter_mid_zn_2,Middle P2,middle,131.26,11.22485632183908,0.1036182161076941,0.07938034977188282,0.024237866335811285,0.22405503938413032
beijing_ssp585_late_2080s_hot_2089,Beijing,ssp585,late_2080s,hot,2089,61a3c8e04f2499057d092e367281edcab4ae3400a9e703a52630fb76273f2fd6,perimeter_mid_zn_1,Middle P1,middle,207.34,16.876197318007662,0.13563947097806017,0.11501711356190214,0.02062235741615804,0.36796708167260345
beijing_ssp585_late_2080s_hot_2089,Beijing,ssp585,late_2080s,hot,2089,61a3c8e04f2499057d092e367281edcab4ae3400a9e703a52630fb76273f2fd6,perimeter_mid_zn_4,Middle P4,middle,131.25,11.015325670498084,0.10631361118409596,0.08198903015713471,0.02432458102696125,0.23144401357832203
beijing_ssp585_late_2080s_typical_2084,Beijing,ssp585,late_2080s,typical,2084,9c93ef095f0db77ee081e760098184fea71d19d2b1ef09aef7508e6103bde1d9,core_bottom,Core bottom,bottom,983.54,9.327107279693486,0.11746310857826854,0.09618552522827475,0.02127758334999379,0.32116034813938926
beijing_ssp585_late_2080s_typical_2084,Beijing,ssp585,late_2080s,typical,2084,9c93ef095f0db77ee081e760098184fea71d19d2b1ef09aef7508e6103bde1d9,core_mid,Core middle,middle,983.54,10.482519157088124,0.10780076247259039,0.08512745294399904,0.022673309528591357,0.2724786657179806
beijing_ssp585_late_2080s_typical_2084,Beijing,ssp585,late_2080s,typical,2084,9c93ef095f0db77ee081e760098184fea71d19d2b1ef09aef7508e6103bde1d9,core_top,Core top,top,983.54,9.099616858237548,0.10005726887076151,0.07523556318226846,0.024821705688493057,0.21064103453336622
beijing_ssp585_late_2080s_typical_2084,Beijing,ssp585,late_2080s,typical,2084,9c93ef095f0db77ee081e760098184fea71d19d2b1ef09aef7508e6103bde1d9,perimeter_top_zn_3,Top P3,top,207.34,11.48227969348659,0.10645870357902439,0.0777831590145432,0.028675544564481188,0.17672897556221573
beijing_ssp585_late_2080s_typical_2084,Beijing,ssp585,late_2080s,typical,2084,9c93ef095f0db77ee081e760098184fea71d19d2b1ef09aef7508e6103bde1d9,perimeter_top_zn_2,Top P2,top,131.26,9.386973180076629,0.09899061476733487,0.07168912430916301,0.027301490458171866,0.17783900444204548
beijing_ssp585_late_2080s_typical_2084,Beijing,ssp585,late_2080s,typical,2084,9c93ef095f0db77ee081e760098184fea71d19d2b1ef09aef7508e6103bde1d9,perimeter_top_zn_1,Top P1,top,207.34,12.128831417624522,0.12122679256853715,0.09786965380660508,0.023357138761932073,0.29396959007756207
beijing_ssp585_late_2080s_typical_2084,Beijing,ssp585,late_2080s,typical,2084,9c93ef095f0db77ee081e760098184fea71d19d2b1ef09aef7508e6103bde1d9,perimeter_top_zn_4,Top P4,top,131.25,8.674568965517242,0.10019864841543909,0.07275357724613889,0.02744507116930021,0.18153464073660108
beijing_ssp585_late_2080s_typical_2084,Beijing,ssp585,late_2080s,typical,2084,9c93ef095f0db77ee081e760098184fea71d19d2b1ef09aef7508e6103bde1d9,perimeter_bot_zn_3,Bottom P3,bottom,207.34,11.38050766283525,0.10160185487407504,0.07267653833537485,0.028925316538700188,0.15836969589033123
beijing_ssp585_late_2080s_typical_2084,Beijing,ssp585,late_2080s,typical,2084,9c93ef095f0db77ee081e760098184fea71d19d2b1ef09aef7508e6103bde1d9,perimeter_bot_zn_2,Bottom P2,bottom,131.26,8.6147030651341,0.09490865285237256,0.0679695024819116,0.026939150370460966,0.16804807755862747
beijing_ssp585_late_2080s_typical_2084,Beijing,ssp585,late_2080s,typical,2084,9c93ef095f0db77ee081e760098184fea71d19d2b1ef09aef7508e6103bde1d9,perimeter_bot_zn_1,Bottom P1,bottom,207.34,13.924808429118773,0.12234707945730357,0.09861586596274845,0.023731213494555127,0.28977152648471893
beijing_ssp585_late_2080s_typical_2084,Beijing,ssp585,late_2080s,typical,2084,9c93ef095f0db77ee081e760098184fea71d19d2b1ef09aef7508e6103bde1d9,perimeter_bot_zn_4,Bottom P4,bottom,131.25,8.31537356321839,0.09717671680942427,0.07093227613805186,0.026244440671372413,0.18577905811948345
beijing_ssp585_late_2080s_typical_2084,Beijing,ssp585,late_2080s,typical,2084,9c93ef095f0db77ee081e760098184fea71d19d2b1ef09aef7508e6103bde1d9,perimeter_mid_zn_3,Middle P3,middle,207.34,13.463840996168583,0.11192663138189489,0.08603720594600282,0.025889425435892066,0.22456305281310512
beijing_ssp585_late_2080s_typical_2084,Beijing,ssp585,late_2080s,typical,2084,9c93ef095f0db77ee081e760098184fea71d19d2b1ef09aef7508e6103bde1d9,perimeter_mid_zn_2,Middle P2,middle,131.26,9.578544061302683,0.10078572830508893,0.0755368359543591,0.025248892350729833,0.20884382423528322
beijing_ssp585_late_2080s_typical_2084,Beijing,ssp585,late_2080s,typical,2084,9c93ef095f0db77ee081e760098184fea71d19d2b1ef09aef7508e6103bde1d9,perimeter_mid_zn_1,Middle P1,middle,207.34,14.307950191570882,0.12894973353772093,0.1072406855373803,0.021709048000340625,0.3400313518634805
beijing_ssp585_late_2080s_typical_2084,Beijing,ssp585,late_2080s,typical,2084,9c93ef095f0db77ee081e760098184fea71d19d2b1ef09aef7508e6103bde1d9,perimeter_mid_zn_4,Middle P4,middle,131.25,9.123563218390805,0.10289956986235871,0.07766356866748092,0.025236001194877795,0.2156530365615982
beijing_ssp585_mid_2050s_heatwave_extreme_2052,Beijing,ssp585,mid_2050s,heatwave_extreme,2052,204f80e6a8df47f44a0c247f08bceee9df2e50e5268535262466eb452e1e3d9e,core_bottom,Core bottom,bottom,983.54,7.650862068965517,0.11607326077622322,0.09545858240209322,0.02061467837413001,0.31492978164320007
beijing_ssp585_mid_2050s_heatwave_extreme_2052,Beijing,ssp585,mid_2050s,heatwave_extreme,2052,204f80e6a8df47f44a0c247f08bceee9df2e50e5268535262466eb452e1e3d9e,core_mid,Core middle,middle,983.54,9.883860153256704,0.1066128779725816,0.08393851420103922,0.02267436377154237,0.25220814563926736
beijing_ssp585_mid_2050s_heatwave_extreme_2052,Beijing,ssp585,mid_2050s,heatwave_extreme,2052,204f80e6a8df47f44a0c247f08bceee9df2e50e5268535262466eb452e1e3d9e,core_top,Core top,top,983.54,8.369252873563218,0.09808832867889174,0.0729361627359854,0.025152165942906334,0.17891780392064718
beijing_ssp585_mid_2050s_heatwave_extreme_2052,Beijing,ssp585,mid_2050s,heatwave_extreme,2052,204f80e6a8df47f44a0c247f08bceee9df2e50e5268535262466eb452e1e3d9e,perimeter_top_zn_3,Top P3,top,207.34,10.476532567049809,0.10421951089204158,0.07523059954048737,0.02898891135155421,0.1427007339824256
beijing_ssp585_mid_2050s_heatwave_extreme_2052,Beijing,ssp585,mid_2050s,heatwave_extreme,2052,204f80e6a8df47f44a0c247f08bceee9df2e50e5268535262466eb452e1e3d9e,perimeter_top_zn_2,Top P2,top,131.26,8.692528735632184,0.0967498470300141,0.06897228904744437,0.027777557982569735,0.141024273113852
beijing_ssp585_mid_2050s_heatwave_extreme_2052,Beijing,ssp585,mid_2050s,heatwave_extreme,2052,204f80e6a8df47f44a0c247f08bceee9df2e50e5268535262466eb452e1e3d9e,perimeter_top_zn_1,Top P1,top,207.34,12.625718390804597,0.12051356214215048,0.09754694771410548,0.022966614428045,0.27793729310587095
beijing_ssp585_mid_2050s_heatwave_extreme_2052,Beijing,ssp585,mid_2050s,heatwave_extreme,2052,204f80e6a8df47f44a0c247f08bceee9df2e50e5268535262466eb452e1e3d9e,perimeter_top_zn_4,Top P4,top,131.25,7.477250957854406,0.09627485439744225,0.06872076983569178,0.027554084561750476,0.14675800251612814
beijing_ssp585_mid_2050s_heatwave_extreme_2052,Beijing,ssp585,mid_2050s,heatwave_extreme,2052,204f80e6a8df47f44a0c247f08bceee9df2e50e5268535262466eb452e1e3d9e,perimeter_bot_zn_3,Bottom P3,bottom,207.34,10.099377394636015,0.10208141601244028,0.07305668218743093,0.029024733825009343,0.13278891851258806
beijing_ssp585_mid_2050s_heatwave_extreme_2052,Beijing,ssp585,mid_2050s,heatwave_extreme,2052,204f80e6a8df47f44a0c247f08bceee9df2e50e5268535262466eb452e1e3d9e,perimeter_bot_zn_2,Bottom P2,bottom,131.26,7.674808429118773,0.09429861770554644,0.06714340400751823,0.027155213698028216,0.1383660445435013
beijing_ssp585_mid_2050s_heatwave_extreme_2052,Beijing,ssp585,mid_2050s,heatwave_extreme,2052,204f80e6a8df47f44a0c247f08bceee9df2e50e5268535262466eb452e1e3d9e,perimeter_bot_zn_1,Bottom P1,bottom,207.34,13.176484674329503,0.11797308261347972,0.09424180703593812,0.0237312755775416,0.25833409600702856
beijing_ssp585_mid_2050s_heatwave_extreme_2052,Beijing,ssp585,mid_2050s,heatwave_extreme,2052,204f80e6a8df47f44a0c247f08bceee9df2e50e5268535262466eb452e1e3d9e,perimeter_bot_zn_4,Bottom P4,bottom,131.25,7.0102969348659006,0.09436274795935505,0.06793879769930716,0.026423950260047895,0.15195898012097214
beijing_ssp585_mid_2050s_heatwave_extreme_2052,Beijing,ssp585,mid_2050s,heatwave_extreme,2052,204f80e6a8df47f44a0c247f08bceee9df2e50e5268535262466eb452e1e3d9e,perimeter_mid_zn_3,Middle P3,middle,207.34,12.338362068965516,0.11055370794927938,0.08457856902133867,0.025975138927940695,0.19467279992489134
beijing_ssp585_mid_2050s_heatwave_extreme_2052,Beijing,ssp585,mid_2050s,heatwave_extreme,2052,204f80e6a8df47f44a0c247f08bceee9df2e50e5268535262466eb452e1e3d9e,perimeter_mid_zn_2,Middle P2,middle,131.26,8.87212643678161,0.09879567922205933,0.07340618966298287,0.02538948955907646,0.17628820230479644
beijing_ssp585_mid_2050s_heatwave_extreme_2052,Beijing,ssp585,mid_2050s,heatwave_extreme,2052,204f80e6a8df47f44a0c247f08bceee9df2e50e5268535262466eb452e1e3d9e,perimeter_mid_zn_1,Middle P1,middle,207.34,15.271791187739463,0.13080089769360273,0.1095912477658447,0.02120964992775803,0.33322560665245093
beijing_ssp585_mid_2050s_heatwave_extreme_2052,Beijing,ssp585,mid_2050s,heatwave_extreme,2052,204f80e6a8df47f44a0c247f08bceee9df2e50e5268535262466eb452e1e3d9e,perimeter_mid_zn_4,Middle P4,middle,131.25,8.321360153256704,0.09970428327268986,0.0746072611335078,0.02509702213918206,0.184740272618212
beijing_ssp585_mid_2050s_hot_2052,Beijing,ssp585,mid_2050s,hot,2052,204f80e6a8df47f44a0c247f08bceee9df2e50e5268535262466eb452e1e3d9e,core_bottom,Core bottom,bottom,983.54,7.650862068965517,0.11607326077622322,0.09545858240209322,0.02061467837413001,0.31492978164320007
beijing_ssp585_mid_2050s_hot_2052,Beijing,ssp585,mid_2050s,hot,2052,204f80e6a8df47f44a0c247f08bceee9df2e50e5268535262466eb452e1e3d9e,core_mid,Core middle,middle,983.54,9.883860153256704,0.1066128779725816,0.08393851420103922,0.02267436377154237,0.25220814563926736
beijing_ssp585_mid_2050s_hot_2052,Beijing,ssp585,mid_2050s,hot,2052,204f80e6a8df47f44a0c247f08bceee9df2e50e5268535262466eb452e1e3d9e,core_top,Core top,top,983.54,8.369252873563218,0.09808832867889174,0.0729361627359854,0.025152165942906334,0.17891780392064718
beijing_ssp585_mid_2050s_hot_2052,Beijing,ssp585,mid_2050s,hot,2052,204f80e6a8df47f44a0c247f08bceee9df2e50e5268535262466eb452e1e3d9e,perimeter_top_zn_3,Top P3,top,207.34,10.476532567049809,0.10421951089204158,0.07523059954048737,0.02898891135155421,0.1427007339824256
beijing_ssp585_mid_2050s_hot_2052,Beijing,ssp585,mid_2050s,hot,2052,204f80e6a8df47f44a0c247f08bceee9df2e50e5268535262466eb452e1e3d9e,perimeter_top_zn_2,Top P2,top,131.26,8.692528735632184,0.0967498470300141,0.06897228904744437,0.027777557982569735,0.141024273113852
beijing_ssp585_mid_2050s_hot_2052,Beijing,ssp585,mid_2050s,hot,2052,204f80e6a8df47f44a0c247f08bceee9df2e50e5268535262466eb452e1e3d9e,perimeter_top_zn_1,Top P1,top,207.34,12.625718390804597,0.12051356214215048,0.09754694771410548,0.022966614428045,0.27793729310587095
beijing_ssp585_mid_2050s_hot_2052,Beijing,ssp585,mid_2050s,hot,2052,204f80e6a8df47f44a0c247f08bceee9df2e50e5268535262466eb452e1e3d9e,perimeter_top_zn_4,Top P4,top,131.25,7.477250957854406,0.09627485439744225,0.06872076983569178,0.027554084561750476,0.14675800251612814
beijing_ssp585_mid_2050s_hot_2052,Beijing,ssp585,mid_2050s,hot,2052,204f80e6a8df47f44a0c247f08bceee9df2e50e5268535262466eb452e1e3d9e,perimeter_bot_zn_3,Bottom P3,bottom,207.34,10.099377394636015,0.10208141601244028,0.07305668218743093,0.029024733825009343,0.13278891851258806
beijing_ssp585_mid_2050s_hot_2052,Beijing,ssp585,mid_2050s,hot,2052,204f80e6a8df47f44a0c247f08bceee9df2e50e5268535262466eb452e1e3d9e,perimeter_bot_zn_2,Bottom P2,bottom,131.26,7.674808429118773,0.09429861770554644,0.06714340400751823,0.027155213698028216,0.1383660445435013
beijing_ssp585_mid_2050s_hot_2052,Beijing,ssp585,mid_2050s,hot,2052,204f80e6a8df47f44a0c247f08bceee9df2e50e5268535262466eb452e1e3d9e,perimeter_bot_zn_1,Bottom P1,bottom,207.34,13.176484674329503,0.11797308261347972,0.09424180703593812,0.0237312755775416,0.25833409600702856
beijing_ssp585_mid_2050s_hot_2052,Beijing,ssp585,mid_2050s,hot,2052,204f80e6a8df47f44a0c247f08bceee9df2e50e5268535262466eb452e1e3d9e,perimeter_bot_zn_4,Bottom P4,bottom,131.25,7.0102969348659006,0.09436274795935505,0.06793879769930716,0.026423950260047895,0.15195898012097214
beijing_ssp585_mid_2050s_hot_2052,Beijing,ssp585,mid_2050s,hot,2052,204f80e6a8df47f44a0c247f08bceee9df2e50e5268535262466eb452e1e3d9e,perimeter_mid_zn_3,Middle P3,middle,207.34,12.338362068965516,0.11055370794927938,0.08457856902133867,0.025975138927940695,0.19467279992489134
beijing_ssp585_mid_2050s_hot_2052,Beijing,ssp585,mid_2050s,hot,2052,204f80e6a8df47f44a0c247f08bceee9df2e50e5268535262466eb452e1e3d9e,perimeter_mid_zn_2,Middle P2,middle,131.26,8.87212643678161,0.09879567922205933,0.07340618966298287,0.02538948955907646,0.17628820230479644
beijing_ssp585_mid_2050s_hot_2052,Beijing,ssp585,mid_2050s,hot,2052,204f80e6a8df47f44a0c247f08bceee9df2e50e5268535262466eb452e1e3d9e,perimeter_mid_zn_1,Middle P1,middle,207.34,15.271791187739463,0.13080089769360273,0.1095912477658447,0.02120964992775803,0.33322560665245093
beijing_ssp585_mid_2050s_hot_2052,Beijing,ssp585,mid_2050s,hot,2052,204f80e6a8df47f44a0c247f08bceee9df2e50e5268535262466eb452e1e3d9e,perimeter_mid_zn_4,Middle P4,middle,131.25,8.321360153256704,0.09970428327268986,0.0746072611335078,0.02509702213918206,0.184740272618212
beijing_ssp585_mid_2050s_typical_2053,Beijing,ssp585,mid_2050s,typical,2053,0c7d7c60b501fa25cbf91227b2fdc9c621da5a5ee23fb8dd3b134f7056eefbc3,core_bottom,Core bottom,bottom,983.54,2.861590038314176,0.10251235706324446,0.08103801616511247,0.021474340898131994,0.26875676269858445
beijing_ssp585_mid_2050s_typical_2053,Beijing,ssp585,mid_2050s,typical,2053,0c7d7c60b501fa25cbf91227b2fdc9c621da5a5ee23fb8dd3b134f7056eefbc3,core_mid,Core middle,middle,983.54,2.101293103448276,0.08826685543008143,0.06469352512020025,0.02357333030988118,0.19953466985967414
beijing_ssp585_mid_2050s_typical_2053,Beijing,ssp585,mid_2050s,typical,2053,0c7d7c60b501fa25cbf91227b2fdc9c621da5a5ee23fb8dd3b134f7056eefbc3,core_top,Core top,top,983.54,1.766044061302682,0.08060379778227895,0.05464706555570001,0.025956732226578943,0.13124129885077623
beijing_ssp585_mid_2050s_typical_2053,Beijing,ssp585,mid_2050s,typical,2053,0c7d7c60b501fa25cbf91227b2fdc9c621da5a5ee23fb8dd3b134f7056eefbc3,perimeter_top_zn_3,Top P3,top,207.34,3.2088122605363987,0.07953639488320847,0.049798868909057575,0.029737525974150896,0.07175498671477235
beijing_ssp585_mid_2050s_typical_2053,Beijing,ssp585,mid_2050s,typical,2053,0c7d7c60b501fa25cbf91227b2fdc9c621da5a5ee23fb8dd3b134f7056eefbc3,perimeter_top_zn_2,Top P2,top,131.26,1.8977490421455938,0.07743450265681734,0.049439084102340325,0.027995418554477007,0.0949056901660237
beijing_ssp585_mid_2050s_typical_2053,Beijing,ssp585,mid_2050s,typical,2053,0c7d7c60b501fa25cbf91227b2fdc9c621da5a5ee23fb8dd3b134f7056eefbc3,perimeter_top_zn_1,Top P1,top,207.34,4.442049808429119,0.0996789974241197,0.07533170158753592,0.024347295836583776,0.20925411011088382
beijing_ssp585_mid_2050s_typical_2053,Beijing,ssp585,mid_2050s,typical,2053,0c7d7c60b501fa25cbf91227b2fdc9c621da5a5ee23fb8dd3b134f7056eefbc3,perimeter_top_zn_4,Top P4,top,131.25,1.4427681992337165,0.0806926961449511,0.05272492969460371,0.02796776645034739,0.10550870290420174
beijing_ssp585_mid_2050s_typical_2053,Beijing,ssp585,mid_2050s,typical,2053,0c7d7c60b501fa25cbf91227b2fdc9c621da5a5ee23fb8dd3b134f7056eefbc3,perimeter_bot_zn_3,Bottom P3,bottom,207.34,1.293103448275862,0.07492756308301733,0.04519889894734633,0.02972866413567101,0.05165309318815059
beijing_ssp585_mid_2050s_typical_2053,Beijing,ssp585,mid_2050s,typical,2053,0c7d7c60b501fa25cbf91227b2fdc9c621da5a5ee23fb8dd3b134f7056eefbc3,perimeter_bot_zn_2,Bottom P2,bottom,131.26,0.6525383141762453,0.07434145122862615,0.04700549514042044,0.027335956088205715,0.08766496609331245
beijing_ssp585_mid_2050s_typical_2053,Beijing,ssp585,mid_2050s,typical,2053,0c7d7c60b501fa25cbf91227b2fdc9c621da5a5ee23fb8dd3b134f7056eefbc3,perimeter_bot_zn_1,Bottom P1,bottom,207.34,4.693486590038314,0.09746380099697273,0.07311554177843972,0.024348259218533008,0.19488403283539235
beijing_ssp585_mid_2050s_typical_2053,Beijing,ssp585,mid_2050s,typical,2053,0c7d7c60b501fa25cbf91227b2fdc9c621da5a5ee23fb8dd3b134f7056eefbc3,perimeter_bot_zn_4,Bottom P4,bottom,131.25,0.7004310344827587,0.07721213418297904,0.050242953882592825,0.026969180300386204,0.1059831946570842
beijing_ssp585_mid_2050s_typical_2053,Beijing,ssp585,mid_2050s,typical,2053,0c7d7c60b501fa25cbf91227b2fdc9c621da5a5ee23fb8dd3b134f7056eefbc3,perimeter_mid_zn_3,Middle P3,middle,207.34,3.9990421455938696,0.08375962177627488,0.056863328793230625,0.026896292983044263,0.11669069552671303
beijing_ssp585_mid_2050s_typical_2053,Beijing,ssp585,mid_2050s,typical,2053,0c7d7c60b501fa25cbf91227b2fdc9c621da5a5ee23fb8dd3b134f7056eefbc3,perimeter_mid_zn_2,Middle P2,middle,131.26,1.7540708812260535,0.08018603378311834,0.05418707356025274,0.025998960222865606,0.1284699612028599
beijing_ssp585_mid_2050s_typical_2053,Beijing,ssp585,mid_2050s,typical,2053,0c7d7c60b501fa25cbf91227b2fdc9c621da5a5ee23fb8dd3b134f7056eefbc3,perimeter_mid_zn_1,Middle P1,middle,207.34,5.711206896551724,0.10608422876235825,0.08348177948327007,0.02260244927908817,0.2515191730144796
beijing_ssp585_mid_2050s_typical_2053,Beijing,ssp585,mid_2050s,typical,2053,0c7d7c60b501fa25cbf91227b2fdc9c621da5a5ee23fb8dd3b134f7056eefbc3,perimeter_mid_zn_4,Middle P4,middle,131.25,1.532567049808429,0.08326153995189771,0.05748395349694794,0.02577758645494977,0.13844150177730932
beijing_ssp585_near_2030s_heatwave_extreme_2030,Beijing,ssp585,near_2030s,heatwave_extreme,2030,e36ac931bb17e3c18269c1148acb960f6fd0e2e89592aead766563921d6eaa53,core_bottom,Core bottom,bottom,983.54,3.7595785440613025,0.10979695293019065,0.08885950648943515,0.020937446440755497,0.2981013091018118
beijing_ssp585_near_2030s_heatwave_extreme_2030,Beijing,ssp585,near_2030s,heatwave_extreme,2030,e36ac931bb17e3c18269c1148acb960f6fd0e2e89592aead766563921d6eaa53,core_mid,Core middle,middle,983.54,3.7954980842911876,0.09134809304301054,0.06792813440022313,0.023419958642787404,0.19840707987127104
beijing_ssp585_near_2030s_heatwave_extreme_2030,Beijing,ssp585,near_2030s,heatwave_extreme,2030,e36ac931bb17e3c18269c1148acb960f6fd0e2e89592aead766563921d6eaa53,core_top,Core top,top,983.54,3.1429597701149428,0.08489658749367733,0.05835580810367253,0.026540779390004803,0.11893857820325375
beijing_ssp585_near_2030s_heatwave_extreme_2030,Beijing,ssp585,near_2030s,heatwave_extreme,2030,e36ac931bb17e3c18269c1148acb960f6fd0e2e89592aead766563921d6eaa53,perimeter_top_zn_3,Top P3,top,207.34,5.0826149425287355,0.08748504701905131,0.05590998825856433,0.03157505876048699,0.05804702196285696
beijing_ssp585_near_2030s_heatwave_extreme_2030,Beijing,ssp585,near_2030s,heatwave_extreme,2030,e36ac931bb17e3c18269c1148acb960f6fd0e2e89592aead766563921d6eaa53,perimeter_top_zn_2,Top P2,top,131.26,3.400383141762452,0.08416173263369371,0.05438718499599731,0.0297745476376964,0.07793025020525857
beijing_ssp585_near_2030s_heatwave_extreme_2030,Beijing,ssp585,near_2030s,heatwave_extreme,2030,e36ac931bb17e3c18269c1148acb960f6fd0e2e89592aead766563921d6eaa53,perimeter_top_zn_1,Top P1,top,207.34,9.003831417624522,0.10989807451626583,0.08495666956047526,0.024941404955790572,0.22524847691209904
beijing_ssp585_near_2030s_heatwave_extreme_2030,Beijing,ssp585,near_2030s,heatwave_extreme,2030,e36ac931bb17e3c18269c1148acb960f6fd0e2e89592aead766563921d6eaa53,perimeter_top_zn_4,Top P4,top,131.25,3.298611111111111,0.08675957536016536,0.05719199630037535,0.029567579059790013,0.09276598643818804
beijing_ssp585_near_2030s_heatwave_extreme_2030,Beijing,ssp585,near_2030s,heatwave_extreme,2030,e36ac931bb17e3c18269c1148acb960f6fd0e2e89592aead766563921d6eaa53,perimeter_bot_zn_3,Bottom P3,bottom,207.34,3.2806513409961684,0.08350714963668847,0.052213202332105434,0.03129394730458304,0.04115700696985218
beijing_ssp585_near_2030s_heatwave_extreme_2030,Beijing,ssp585,near_2030s,heatwave_extreme,2030,e36ac931bb17e3c18269c1148acb960f6fd0e2e89592aead766563921d6eaa53,perimeter_bot_zn_2,Bottom P2,bottom,131.26,2.17911877394636,0.0812108830418469,0.05210530155962128,0.029105581482225616,0.07017017741159737
beijing_ssp585_near_2030s_heatwave_extreme_2030,Beijing,ssp585,near_2030s,heatwave_extreme,2030,e36ac931bb17e3c18269c1148acb960f6fd0e2e89592aead766563921d6eaa53,perimeter_bot_zn_1,Bottom P1,bottom,207.34,6.423611111111111,0.09966401669798765,0.07291428264602037,0.02674973405196728,0.1669303337247901
beijing_ssp585_near_2030s_heatwave_extreme_2030,Beijing,ssp585,near_2030s,heatwave_extreme,2030,e36ac931bb17e3c18269c1148acb960f6fd0e2e89592aead766563921d6eaa53,perimeter_bot_zn_4,Bottom P4,bottom,131.25,1.9276819923371646,0.08288488026094619,0.05457774177271698,0.028307138488229213,0.09114364615809736
beijing_ssp585_near_2030s_heatwave_extreme_2030,Beijing,ssp585,near_2030s,heatwave_extreme,2030,e36ac931bb17e3c18269c1148acb960f6fd0e2e89592aead766563921d6eaa53,perimeter_mid_zn_3,Middle P3,middle,207.34,5.9446839080459775,0.09135304695570726,0.06322030533970222,0.02813274161600505,0.10499857981626885
beijing_ssp585_near_2030s_heatwave_extreme_2030,Beijing,ssp585,near_2030s,heatwave_extreme,2030,e36ac931bb17e3c18269c1148acb960f6fd0e2e89592aead766563921d6eaa53,perimeter_mid_zn_2,Middle P2,middle,131.26,3.1609195402298855,0.08575584564699604,0.058663413081627244,0.027092432565368793,0.11489927725234997
beijing_ssp585_near_2030s_heatwave_extreme_2030,Beijing,ssp585,near_2030s,heatwave_extreme,2030,e36ac931bb17e3c18269c1148acb960f6fd0e2e89592aead766563921d6eaa53,perimeter_mid_zn_1,Middle P1,middle,207.34,11.613984674329501,0.1199619233447199,0.09700712798223733,0.022954795362482582,0.28254625085152757
beijing_ssp585_near_2030s_heatwave_extreme_2030,Beijing,ssp585,near_2030s,heatwave_extreme,2030,e36ac931bb17e3c18269c1148acb960f6fd0e2e89592aead766563921d6eaa53,perimeter_mid_zn_4,Middle P4,middle,131.25,3.466235632183908,0.0887310247416075,0.06201464826340602,0.026716376478201485,0.13051749703407167
beijing_ssp585_near_2030s_hot_2037,Beijing,ssp585,near_2030s,hot,2037,efcdb6ebcbd3e1d095186785e5688e0c61c84315b888e1b0409f46597f49bc70,core_bottom,Core bottom,bottom,983.54,4.657567049808429,0.10951521001193405,0.08770558339011966,0.021809626621814397,0.2956774331907993
beijing_ssp585_near_2030s_hot_2037,Beijing,ssp585,near_2030s,hot,2037,efcdb6ebcbd3e1d095186785e5688e0c61c84315b888e1b0409f46597f49bc70,core_mid,Core middle,middle,983.54,3.1070402298850572,0.08896574938613601,0.0644143002214342,0.024551449164701804,0.1844871345211883
beijing_ssp585_near_2030s_hot_2037,Beijing,ssp585,near_2030s,hot,2037,efcdb6ebcbd3e1d095186785e5688e0c61c84315b888e1b0409f46597f49bc70,core_top,Core top,top,983.54,2.687978927203065,0.08282488944675546,0.055365357035782166,0.027459532410973306,0.1100767754333262
beijing_ssp585_near_2030s_hot_2037,Beijing,ssp585,near_2030s,hot,2037,efcdb6ebcbd3e1d095186785e5688e0c61c84315b888e1b0409f46597f49bc70,perimeter_top_zn_3,Top P3,top,207.34,4.591714559386973,0.08703790403713746,0.054817176813634835,0.032220727223502624,0.06432095192538544
beijing_ssp585_near_2030s_hot_2037,Beijing,ssp585,near_2030s,hot,2037,efcdb6ebcbd3e1d095186785e5688e0c61c84315b888e1b0409f46597f49bc70,perimeter_top_zn_2,Top P2,top,131.26,2.987308429118774,0.0833642788576939,0.05275374857503189,0.03061053028266201,0.07747445007610264
beijing_ssp585_near_2030s_hot_2037,Beijing,ssp585,near_2030s,hot,2037,efcdb6ebcbd3e1d095186785e5688e0c61c84315b888e1b0409f46597f49bc70,perimeter_top_zn_1,Top P1,top,207.34,8.075909961685824,0.10848946315360722,0.08290110294322636,0.025588360210380853,0.22446946265775164
beijing_ssp585_near_2030s_hot_2037,Beijing,ssp585,near_2030s,hot,2037,efcdb6ebcbd3e1d095186785e5688e0c61c84315b888e1b0409f46597f49bc70,perimeter_top_zn_4,Top P4,top,131.25,3.071120689655172,0.08615495230970176,0.05583457541125702,0.030320376898444742,0.09447090426073342
beijing_ssp585_near_2030s_hot_2037,Beijing,ssp585,near_2030s,hot,2037,efcdb6ebcbd3e1d095186785e5688e0c61c84315b888e1b0409f46597f49bc70,perimeter_bot_zn_3,Bottom P3,bottom,207.34,3.6458333333333335,0.0844551304878129,0.052642335817735225,0.03181279467007768,0.05250392249654248
beijing_ssp585_near_2030s_hot_2037,Beijing,ssp585,near_2030s,hot,2037,efcdb6ebcbd3e1d095186785e5688e0c61c84315b888e1b0409f46597f49bc70,perimeter_bot_zn_2,Bottom P2,bottom,131.26,1.766044061302682,0.0809909794678652,0.051224207235397626,0.02976677223246757,0.07578259989649028
beijing_ssp585_near_2030s_hot_2037,Beijing,ssp585,near_2030s,hot,2037,efcdb6ebcbd3e1d095186785e5688e0c61c84315b888e1b0409f46597f49bc70,perimeter_bot_zn_1,Bottom P1,bottom,207.34,7.8244731800766285,0.10278735442601779,0.07545756166055977,0.027329792765458025,0.17976138914288825
beijing_ssp585_near_2030s_hot_2037,Beijing,ssp585,near_2030s,hot,2037,efcdb6ebcbd3e1d095186785e5688e0c61c84315b888e1b0409f46597f49bc70,perimeter_bot_zn_4,Bottom P4,bottom,131.25,1.6463122605363985,0.08287191028191335,0.05355618006093258,0.02931573022098077,0.09180832491386623
beijing_ssp585_near_2030s_hot_2037,Beijing,ssp585,near_2030s,hot,2037,efcdb6ebcbd3e1d095186785e5688e0c61c84315b888e1b0409f46597f49bc70,perimeter_mid_zn_3,Middle P3,middle,207.34,5.765086206896552,0.09168568819229825,0.06278011266533973,0.028905575526958525,0.10890088025769797
beijing_ssp585_near_2030s_hot_2037,Beijing,ssp585,near_2030s,hot,2037,efcdb6ebcbd3e1d095186785e5688e0c61c84315b888e1b0409f46597f49bc70,perimeter_mid_zn_2,Middle P2,middle,131.26,2.448515325670498,0.08447618947720772,0.056460336318885876,0.02801585315832185,0.10864837329810732
beijing_ssp585_near_2030s_hot_2037,Beijing,ssp585,near_2030s,hot,2037,efcdb6ebcbd3e1d095186785e5688e0c61c84315b888e1b0409f46597f49bc70,perimeter_mid_zn_1,Middle P1,middle,207.34,10.398706896551724,0.11684554125466065,0.09320342595720445,0.023642115297456207,0.2762364368241647
beijing_ssp585_near_2030s_hot_2037,Beijing,ssp585,near_2030s,hot,2037,efcdb6ebcbd3e1d095186785e5688e0c61c84315b888e1b0409f46597f49bc70,perimeter_mid_zn_4,Middle P4,middle,131.25,2.789750957854406,0.08728784513081601,0.059629517236177654,0.02765832789463836,0.12701982898912229
beijing_ssp585_near_2030s_typical_2032,Beijing,ssp585,near_2030s,typical,2032,f28931732478f78b2961cf836058a68d97508d71445ae52a600249d93e66b240,core_bottom,Core bottom,bottom,983.54,3.466235632183908,0.10450615968100367,0.08336399665407451,0.02114216302692916,0.28225487558697976
beijing_ssp585_near_2030s_typical_2032,Beijing,ssp585,near_2030s,typical,2032,f28931732478f78b2961cf836058a68d97508d71445ae52a600249d93e66b240,core_mid,Core middle,middle,983.54,2.244971264367816,0.08824580761232018,0.06484796047693304,0.02339784713538713,0.20625534953420543
beijing_ssp585_near_2030s_typical_2032,Beijing,ssp585,near_2030s,typical,2032,f28931732478f78b2961cf836058a68d97508d71445ae52a600249d93e66b240,core_top,Core top,top,983.54,1.873802681992337,0.07998791668055377,0.05425294743137393,0.025734969249179843,0.13479549004887129
beijing_ssp585_near_2030s_typical_2032,Beijing,ssp585,near_2030s,typical,2032,f28931732478f78b2961cf836058a68d97508d71445ae52a600249d93e66b240,perimeter_top_zn_3,Top P3,top,207.34,3.316570881226054,0.07973637266479684,0.04996818420399155,0.029768188460805284,0.07408305314523159
beijing_ssp585_near_2030s_typical_2032,Beijing,ssp585,near_2030s,typical,2032,f28931732478f78b2961cf836058a68d97508d71445ae52a600249d93e66b240,perimeter_top_zn_2,Top P2,top,131.26,2.077346743295019,0.0774741378760482,0.04968001890763189,0.027794118968416312,0.09809117582445281
beijing_ssp585_near_2030s_typical_2032,Beijing,ssp585,near_2030s,typical,2032,f28931732478f78b2961cf836058a68d97508d71445ae52a600249d93e66b240,perimeter_top_zn_1,Top P1,top,207.34,5.932710727969349,0.10212110729059681,0.07803702650760555,0.024084080782991263,0.22023691030314835
beijing_ssp585_near_2030s_typical_2032,Beijing,ssp585,near_2030s,typical,2032,f28931732478f78b2961cf836058a68d97508d71445ae52a600249d93e66b240,perimeter_top_zn_4,Top P4,top,131.25,1.694204980842912,0.08085947315531934,0.05294241984587803,0.027917053309441307,0.11014961870849523
beijing_ssp585_near_2030s_typical_2032,Beijing,ssp585,near_2030s,typical,2032,f28931732478f78b2961cf836058a68d97508d71445ae52a600249d93e66b240,perimeter_bot_zn_3,Bottom P3,bottom,207.34,2.1551724137931036,0.07574046880489178,0.04554608449003333,0.03019438431485845,0.05569241034599253
beijing_ssp585_near_2030s_typical_2032,Beijing,ssp585,near_2030s,typical,2032,f28931732478f78b2961cf836058a68d97508d71445ae52a600249d93e66b240,perimeter_bot_zn_2,Bottom P2,bottom,131.26,1.2033045977011494,0.07554899388082349,0.04804365329652484,0.027505340584298647,0.09278304753158828
beijing_ssp585_near_2030s_typical_2032,Beijing,ssp585,near_2030s,typical,2032,f28931732478f78b2961cf836058a68d97508d71445ae52a600249d93e66b240,perimeter_bot_zn_1,Bottom P1,bottom,207.34,5.363984674329502,0.0984827928345342,0.07362053469794676,0.024862258136587444,0.1976221194076352
beijing_ssp585_near_2030s_typical_2032,Beijing,ssp585,near_2030s,typical,2032,f28931732478f78b2961cf836058a68d97508d71445ae52a600249d93e66b240,perimeter_bot_zn_4,Bottom P4,bottom,131.25,0.8920019157088124,0.07708382561010704,0.05011730509975406,0.026966520510352986,0.11071706760745827
beijing_ssp585_near_2030s_typical_2032,Beijing,ssp585,near_2030s,typical,2032,f28931732478f78b2961cf836058a68d97508d71445ae52a600249d93e66b240,perimeter_mid_zn_3,Middle P3,middle,207.34,4.340277777777778,0.08382184764535801,0.056877149585837415,0.0269446980595206,0.120622318598713
beijing_ssp585_near_2030s_typical_2032,Beijing,ssp585,near_2030s,typical,2032,f28931732478f78b2961cf836058a68d97508d71445ae52a600249d93e66b240,perimeter_mid_zn_2,Middle P2,middle,131.26,1.7061781609195403,0.07939333968645411,0.05350882141939873,0.025884518267055377,0.13213726471521273
beijing_ssp585_near_2030s_typical_2032,Beijing,ssp585,near_2030s,typical,2032,f28931732478f78b2961cf836058a68d97508d71445ae52a600249d93e66b240,perimeter_mid_zn_1,Middle P1,middle,207.34,6.645114942528736,0.10795638789926551,0.08538193853339626,0.02257444936586925,0.2617160403987827
beijing_ssp585_near_2030s_typical_2032,Beijing,ssp585,near_2030s,typical,2032,f28931732478f78b2961cf836058a68d97508d71445ae52a600249d93e66b240,perimeter_mid_zn_4,Middle P4,middle,131.25,1.460727969348659,0.08277988084233703,0.056987119222062524,0.025792761620274506,0.14267070050137004
guangzhou_ssp245_baseline_2020s_heatwave_extreme_2028,Guangzhou,ssp245,baseline_2020s,heatwave_extreme,2028,9c553c0c0eb09f2143c1c94ed6604305f7782f6cad7710174ec18a6c25651446,core_bottom,Core bottom,bottom,983.54,1.358955938697318,0.08212260502224192,0.05189027030590094,0.030232334716340983,0.1881641259003407
guangzhou_ssp245_baseline_2020s_heatwave_extreme_2028,Guangzhou,ssp245,baseline_2020s,heatwave_extreme,2028,9c553c0c0eb09f2143c1c94ed6604305f7782f6cad7710174ec18a6c25651446,core_mid,Core middle,middle,983.54,5.393917624521072,0.08409686453819544,0.053944851989591126,0.03015201254860432,0.17992212175655406
guangzhou_ssp245_baseline_2020s_heatwave_extreme_2028,Guangzhou,ssp245,baseline_2020s,heatwave_extreme,2028,9c553c0c0eb09f2143c1c94ed6604305f7782f6cad7710174ec18a6c25651446,core_top,Core top,top,983.54,4.783285440613027,0.07920003017765011,0.04772357439012998,0.03147645578752013,0.1491615447307446
guangzhou_ssp245_baseline_2020s_heatwave_extreme_2028,Guangzhou,ssp245,baseline_2020s,heatwave_extreme,2028,9c553c0c0eb09f2143c1c94ed6604305f7782f6cad7710174ec18a6c25651446,perimeter_top_zn_3,Top P3,top,207.34,6.878591954022989,0.09019349726433881,0.059268207980410846,0.030925289283927966,0.1783900340112094
guangzhou_ssp245_baseline_2020s_heatwave_extreme_2028,Guangzhou,ssp245,baseline_2020s,heatwave_extreme,2028,9c553c0c0eb09f2143c1c94ed6604305f7782f6cad7710174ec18a6c25651446,perimeter_top_zn_2,Top P2,top,131.26,5.004789272030651,0.08151481106003766,0.049811049359935335,0.03170376170010233,0.1478366339295351
guangzhou_ssp245_baseline_2020s_heatwave_extreme_2028,Guangzhou,ssp245,baseline_2020s,heatwave_extreme,2028,9c553c0c0eb09f2143c1c94ed6604305f7782f6cad7710174ec18a6c25651446,perimeter_top_zn_1,Top P1,top,207.34,11.230842911877396,0.10727958520907833,0.07850640564923883,0.028773179559839508,0.2607096010138927
guangzhou_ssp245_baseline_2020s_heatwave_extreme_2028,Guangzhou,ssp245,baseline_2020s,heatwave_extreme,2028,9c553c0c0eb09f2143c1c94ed6604305f7782f6cad7710174ec18a6c25651446,perimeter_top_zn_4,Top P4,top,131.25,4.14272030651341,0.08014876630311504,0.04859840415727697,0.03155036214583808,0.14727038391813246
guangzhou_ssp245_baseline_2020s_heatwave_extreme_2028,Guangzhou,ssp245,baseline_2020s,heatwave_extreme,2028,9c553c0c0eb09f2143c1c94ed6604305f7782f6cad7710174ec18a6c25651446,perimeter_bot_zn_3,Bottom P3,bottom,207.34,4.6875,0.08589085569219188,0.05479053561288018,0.031100320079311697,0.1576291611761166
guangzhou_ssp245_baseline_2020s_heatwave_extreme_2028,Guangzhou,ssp245,baseline_2020s,heatwave_extreme,2028,9c553c0c0eb09f2143c1c94ed6604305f7782f6cad7710174ec18a6c25651446,perimeter_bot_zn_2,Bottom P2,bottom,131.26,2.4245689655172415,0.07653048526085286,0.04439364772016125,0.03213683754069161,0.1221782544900596
guangzhou_ssp245_baseline_2020s_heatwave_extreme_2028,Guangzhou,ssp245,baseline_2020s,heatwave_extreme,2028,9c553c0c0eb09f2143c1c94ed6604305f7782f6cad7710174ec18a6c25651446,perimeter_bot_zn_1,Bottom P1,bottom,207.34,19.96527777777778,0.12405800736398089,0.09604364929705594,0.028014358066924948,0.29845307585191116
guangzhou_ssp245_baseline_2020s_heatwave_extreme_2028,Guangzhou,ssp245,baseline_2020s,heatwave_extreme,2028,9c553c0c0eb09f2143c1c94ed6604305f7782f6cad7710174ec18a6c25651446,perimeter_bot_zn_4,Bottom P4,bottom,131.25,1.9456417624521074,0.07646566844302828,0.04453203923809806,0.031933629204930224,0.13113086565719528
guangzhou_ssp245_baseline_2020s_heatwave_extreme_2028,Guangzhou,ssp245,baseline_2020s,heatwave_extreme,2028,9c553c0c0eb09f2143c1c94ed6604305f7782f6cad7710174ec18a6c25651446,perimeter_mid_zn_3,Middle P3,middle,207.34,8.806273946360154,0.09649889321084894,0.06693301522789633,0.02956587798295262,0.21559270394316393
guangzhou_ssp245_baseline_2020s_heatwave_extreme_2028,Guangzhou,ssp245,baseline_2020s,heatwave_extreme,2028,9c553c0c0eb09f2143c1c94ed6604305f7782f6cad7710174ec18a6c25651446,perimeter_mid_zn_2,Middle P2,middle,131.26,4.394157088122606,0.08125227824128027,0.05007763957112789,0.031174638670152393,0.15613859484651893
guangzhou_ssp245_baseline_2020s_heatwave_extreme_2028,Guangzhou,ssp245,baseline_2020s,heatwave_extreme,2028,9c553c0c0eb09f2143c1c94ed6604305f7782f6cad7710174ec18a6c25651446,perimeter_mid_zn_1,Middle P1,middle,207.34,14.547413793103448,0.11847673284258538,0.09133871926451495,0.027138013578070438,0.3161501152761114
guangzhou_ssp245_baseline_2020s_heatwave_extreme_2028,Guangzhou,ssp245,baseline_2020s,heatwave_extreme,2028,9c553c0c0eb09f2143c1c94ed6604305f7782f6cad7710174ec18a6c25651446,perimeter_mid_zn_4,Middle P4,middle,131.25,3.771551724137931,0.08060740751523317,0.04972694869976361,0.030880458815469563,0.15939508564555224
guangzhou_ssp245_baseline_2020s_hot_2027,Guangzhou,ssp245,baseline_2020s,hot,2027,99de4fae1e68e1e3c39f4d2ea5f8467499c115b8cf6e9645bcb957b4408a730d,core_bottom,Core bottom,bottom,983.54,1.0237068965517242,0.07725656398584739,0.04764229288665708,0.029614271099190317,0.16819248411839452
guangzhou_ssp245_baseline_2020s_hot_2027,Guangzhou,ssp245,baseline_2020s,hot,2027,99de4fae1e68e1e3c39f4d2ea5f8467499c115b8cf6e9645bcb957b4408a730d,core_mid,Core middle,middle,983.54,3.0172413793103448,0.07827531201669044,0.04856964087988414,0.029705671136806295,0.1577382127305821
guangzhou_ssp245_baseline_2020s_hot_2027,Guangzhou,ssp245,baseline_2020s,hot,2027,99de4fae1e68e1e3c39f4d2ea5f8467499c115b8cf6e9645bcb957b4408a730d,core_top,Core top,top,983.54,3.1609195402298855,0.07482866524623696,0.04370770360696864,0.031120961639268318,0.13240868180811358
guangzhou_ssp245_baseline_2020s_hot_2027,Guangzhou,ssp245,baseline_2020s,hot,2027,99de4fae1e68e1e3c39f4d2ea5f8467499c115b8cf6e9645bcb957b4408a730d,perimeter_top_zn_3,Top P3,top,207.34,5.37595785440613,0.08326056649071215,0.052533522552966276,0.03072704393774587,0.1587823792311554
guangzhou_ssp245_baseline_2020s_hot_2027,Guangzhou,ssp245,baseline_2020s,hot,2027,99de4fae1e68e1e3c39f4d2ea5f8467499c115b8cf6e9645bcb957b4408a730d,perimeter_top_zn_2,Top P2,top,131.26,3.364463601532567,0.0775749460653865,0.04609161869667817,0.031483327368708326,0.13618360475130992
guangzhou_ssp245_baseline_2020s_hot_2027,Guangzhou,ssp245,baseline_2020s,hot,2027,99de4fae1e68e1e3c39f4d2ea5f8467499c115b8cf6e9645bcb957b4408a730d,perimeter_top_zn_1,Top P1,top,207.34,9.566570881226054,0.10020288412280613,0.07225900965373003,0.027943874469076098,0.2430469564632786
guangzhou_ssp245_baseline_2020s_hot_2027,Guangzhou,ssp245,baseline_2020s,hot,2027,99de4fae1e68e1e3c39f4d2ea5f8467499c115b8cf6e9645bcb957b4408a730d,perimeter_top_zn_4,Top P4,top,131.25,1.9875478927203067,0.07581918345411019,0.04475564159391808,0.03106354186019211,0.13579544260611848
guangzhou_ssp245_baseline_2020s_hot_2027,Guangzhou,ssp245,baseline_2020s,hot,2027,99de4fae1e68e1e3c39f4d2ea5f8467499c115b8cf6e9645bcb957b4408a730d,perimeter_bot_zn_3,Bottom P3,bottom,207.34,1.7181513409961684,0.07802721447822275,0.0469475764479828,0.031079638030239956,0.13462970966550572
guangzhou_ssp245_baseline_2020s_hot_2027,Guangzhou,ssp245,baseline_2020s,hot,2027,99de4fae1e68e1e3c39f4d2ea5f8467499c115b8cf6e9645bcb957b4408a730d,perimeter_bot_zn_2,Bottom P2,bottom,131.26,1.08955938697318,0.07257200172087365,0.04057561274574645,0.0319963889751272,0.11124893540153663
guangzhou_ssp245_baseline_2020s_hot_2027,Guangzhou,ssp245,baseline_2020s,hot,2027,99de4fae1e68e1e3c39f4d2ea5f8467499c115b8cf6e9645bcb957b4408a730d,perimeter_bot_zn_1,Bottom P1,bottom,207.34,17.037835249042146,0.11750524656996987,0.09056825726382235,0.02693698930614753,0.2889613273720851
guangzhou_ssp245_baseline_2020s_hot_2027,Guangzhou,ssp245,baseline_2020s,hot,2027,99de4fae1e68e1e3c39f4d2ea5f8467499c115b8cf6e9645bcb957b4408a730d,perimeter_bot_zn_4,Bottom P4,bottom,131.25,0.6345785440613027,0.07264457819829481,0.04109876591759516,0.031545812280699644,0.12205110272525399
guangzhou_ssp245_baseline_2020s_hot_2027,Guangzhou,ssp245,baseline_2020s,hot,2027,99de4fae1e68e1e3c39f4d2ea5f8467499c115b8cf6e9645bcb957b4408a730d,perimeter_mid_zn_3,Middle P3,middle,207.34,5.681273946360153,0.08734657245252586,0.05798848988340009,0.029358082569125768,0.18860896277042194
guangzhou_ssp245_baseline_2020s_hot_2027,Guangzhou,ssp245,baseline_2020s,hot,2027,99de4fae1e68e1e3c39f4d2ea5f8467499c115b8cf6e9645bcb957b4408a730d,perimeter_mid_zn_2,Middle P2,middle,131.26,2.514367816091954,0.07666156477826983,0.04563548418720453,0.031026080591065302,0.13947881625609923
guangzhou_ssp245_baseline_2020s_hot_2027,Guangzhou,ssp245,baseline_2020s,hot,2027,99de4fae1e68e1e3c39f4d2ea5f8467499c115b8cf6e9645bcb957b4408a730d,perimeter_mid_zn_1,Middle P1,middle,207.34,12.404214559386974,0.11163111607765693,0.08553369584062022,0.0260974202370367,0.2989556202950425
guangzhou_ssp245_baseline_2020s_hot_2027,Guangzhou,ssp245,baseline_2020s,hot,2027,99de4fae1e68e1e3c39f4d2ea5f8467499c115b8cf6e9645bcb957b4408a730d,perimeter_mid_zn_4,Middle P4,middle,131.25,1.700191570881226,0.07616479936170917,0.045641123277596396,0.03052367608411277,0.14451579619066912
guangzhou_ssp245_baseline_2020s_typical_2025,Guangzhou,ssp245,baseline_2020s,typical,2025,2cd5200d476b5b5a613e84e866cda2cbcef1d13949a5ce85a2ec03d437970af0,core_bottom,Core bottom,bottom,983.54,2.586206896551724,0.08521992420881158,0.05551505423879333,0.02970486997001826,0.20256605750249548
guangzhou_ssp245_baseline_2020s_typical_2025,Guangzhou,ssp245,baseline_2020s,typical,2025,2cd5200d476b5b5a613e84e866cda2cbcef1d13949a5ce85a2ec03d437970af0,core_mid,Core middle,middle,983.54,6.669061302681992,0.08745417104494235,0.05779389053472974,0.029660280510212605,0.19376649003676566
guangzhou_ssp245_baseline_2020s_typical_2025,Guangzhou,ssp245,baseline_2020s,typical,2025,2cd5200d476b5b5a613e84e866cda2cbcef1d13949a5ce85a2ec03d437970af0,core_top,Core top,top,983.54,5.531609195402299,0.08228341496755671,0.05144493667271891,0.0308384782948378,0.1639097565108923
guangzhou_ssp245_baseline_2020s_typical_2025,Guangzhou,ssp245,baseline_2020s,typical,2025,2cd5200d476b5b5a613e84e866cda2cbcef1d13949a5ce85a2ec03d437970af0,perimeter_top_zn_3,Top P3,top,207.34,8.71647509578544,0.09425188577325533,0.0640036127207443,0.030248273052511022,0.20126416729315538
guangzhou_ssp245_baseline_2020s_typical_2025,Guangzhou,ssp245,baseline_2020s,typical,2025,2cd5200d476b5b5a613e84e866cda2cbcef1d13949a5ce85a2ec03d437970af0,perimeter_top_zn_2,Top P2,top,131.26,5.992576628352491,0.08595246746841732,0.055042237244988884,0.030910230223428443,0.1712551601784945
guangzhou_ssp245_baseline_2020s_typical_2025,Guangzhou,ssp245,baseline_2020s,typical,2025,2cd5200d476b5b5a613e84e866cda2cbcef1d13949a5ce85a2ec03d437970af0,perimeter_top_zn_1,Top P1,top,207.34,12.02705938697318,0.10848317248116728,0.08050106794031879,0.02798210454084848,0.27761496449332007
guangzhou_ssp245_baseline_2020s_typical_2025,Guangzhou,ssp245,baseline_2020s,typical,2025,2cd5200d476b5b5a613e84e866cda2cbcef1d13949a5ce85a2ec03d437970af0,perimeter_top_zn_4,Top P4,top,131.25,5.346024904214559,0.08338304409084356,0.05259677888032707,0.030786265210516486,0.16807454878298336
guangzhou_ssp245_baseline_2020s_typical_2025,Guangzhou,ssp245,baseline_2020s,typical,2025,2cd5200d476b5b5a613e84e866cda2cbcef1d13949a5ce85a2ec03d437970af0,perimeter_bot_zn_3,Bottom P3,bottom,207.34,7.08213601532567,0.09098118604355428,0.06044432849801008,0.030536857545544204,0.18202030407654904
guangzhou_ssp245_baseline_2020s_typical_2025,Guangzhou,ssp245,baseline_2020s,typical,2025,2cd5200d476b5b5a613e84e866cda2cbcef1d13949a5ce85a2ec03d437970af0,perimeter_bot_zn_2,Bottom P2,bottom,131.26,3.9571360153256707,0.08060878890872508,0.04917882548516234,0.03142996342356274,0.14448196735487473
guangzhou_ssp245_baseline_2020s_typical_2025,Guangzhou,ssp245,baseline_2020s,typical,2025,2cd5200d476b5b5a613e84e866cda2cbcef1d13949a5ce85a2ec03d437970af0,perimeter_bot_zn_1,Bottom P1,bottom,207.34,20.677681992337167,0.12463944326445647,0.09751833253818872,0.02712111072626776,0.3161743690433745
guangzhou_ssp245_baseline_2020s_typical_2025,Guangzhou,ssp245,baseline_2020s,typical,2025,2cd5200d476b5b5a613e84e866cda2cbcef1d13949a5ce85a2ec03d437970af0,perimeter_bot_zn_4,Bottom P4,bottom,131.25,2.9394157088122608,0.07970665068906675,0.048587705094324446,0.031118945594742303,0.15280308615086927
guangzhou_ssp245_baseline_2020s_typical_2025,Guangzhou,ssp245,baseline_2020s,typical,2025,2cd5200d476b5b5a613e84e866cda2cbcef1d13949a5ce85a2ec03d437970af0,perimeter_mid_zn_3,Middle P3,middle,207.34,10.548371647509578,0.10007778624881333,0.07099904551117688,0.029078740737636454,0.2351526895067283
guangzhou_ssp245_baseline_2020s_typical_2025,Guangzhou,ssp245,baseline_2020s,typical,2025,2cd5200d476b5b5a613e84e866cda2cbcef1d13949a5ce85a2ec03d437970af0,perimeter_mid_zn_2,Middle P2,middle,131.26,6.483477011494252,0.0860505744807095,0.05557035999373717,0.030480214486972333,0.17837072331586604
guangzhou_ssp245_baseline_2020s_typical_2025,Guangzhou,ssp245,baseline_2020s,typical,2025,2cd5200d476b5b5a613e84e866cda2cbcef1d13949a5ce85a2ec03d437970af0,perimeter_mid_zn_1,Middle P1,middle,207.34,16.29549808429119,0.12124571286200303,0.0948991358650503,0.02634657699695273,0.33501009250713687
guangzhou_ssp245_baseline_2020s_typical_2025,Guangzhou,ssp245,baseline_2020s,typical,2025,2cd5200d476b5b5a613e84e866cda2cbcef1d13949a5ce85a2ec03d437970af0,perimeter_mid_zn_4,Middle P4,middle,131.25,5.693247126436781,0.08497913756133597,0.05481804595760407,0.0301610916037319,0.18149888271328088
guangzhou_ssp245_late_2080s_heatwave_extreme_2088,Guangzhou,ssp245,late_2080s,heatwave_extreme,2088,ff1b7160ac7fec1df402839ac95fbcd585ec085df863f19f848a0fd6eda3678e,core_bottom,Core bottom,bottom,983.54,10.913553639846743,0.10977202939811902,0.08298487004032715,0.026787159357791863,0.28743691162660184
guangzhou_ssp245_late_2080s_heatwave_extreme_2088,Guangzhou,ssp245,late_2080s,heatwave_extreme,2088,ff1b7160ac7fec1df402839ac95fbcd585ec085df863f19f848a0fd6eda3678e,core_mid,Core middle,middle,983.54,19.72581417624521,0.12499432356057051,0.0989158916578943,0.02607843190267621,0.3249485664554103
guangzhou_ssp245_late_2080s_heatwave_extreme_2088,Guangzhou,ssp245,late_2080s,heatwave_extreme,2088,ff1b7160ac7fec1df402839ac95fbcd585ec085df863f19f848a0fd6eda3678e,core_top,Core top,top,983.54,16.349377394636015,0.11390516273682645,0.08647172825305698,0.027433434483769482,0.27609353317472196
guangzhou_ssp245_late_2080s_heatwave_extreme_2088,Guangzhou,ssp245,late_2080s,heatwave_extreme,2088,ff1b7160ac7fec1df402839ac95fbcd585ec085df863f19f848a0fd6eda3678e,perimeter_top_zn_3,Top P3,top,207.34,21.611590038314176,0.13312353539740066,0.10663317203412673,0.02649036336327393,0.342807837976879
guangzhou_ssp245_late_2080s_heatwave_extreme_2088,Guangzhou,ssp245,late_2080s,heatwave_extreme,2088,ff1b7160ac7fec1df402839ac95fbcd585ec085df863f19f848a0fd6eda3678e,perimeter_top_zn_2,Top P2,top,131.26,16.93007662835249,0.11490592775235862,0.08714422649024607,0.027761701262112547,0.272450808188917
guangzhou_ssp245_late_2080s_heatwave_extreme_2088,Guangzhou,ssp245,late_2080s,heatwave_extreme,2088,ff1b7160ac7fec1df402839ac95fbcd585ec085df863f19f848a0fd6eda3678e,perimeter_top_zn_1,Top P1,top,207.34,27.424568965517242,0.15366913842426655,0.12984034144123338,0.023828796983033154,0.43713199106292905
guangzhou_ssp245_late_2080s_heatwave_extreme_2088,Guangzhou,ssp245,late_2080s,heatwave_extreme,2088,ff1b7160ac7fec1df402839ac95fbcd585ec085df863f19f848a0fd6eda3678e,perimeter_top_zn_4,Top P4,top,131.25,14.774904214559387,0.10759506090237236,0.07966325769939779,0.027931803202974566,0.25121521501843913
guangzhou_ssp245_late_2080s_heatwave_extreme_2088,Guangzhou,ssp245,late_2080s,heatwave_extreme,2088,ff1b7160ac7fec1df402839ac95fbcd585ec085df863f19f848a0fd6eda3678e,perimeter_bot_zn_3,Bottom P3,bottom,207.34,19.749760536398465,0.129429974609377,0.10248577494839504,0.026944199660981955,0.32530558550560595
guangzhou_ssp245_late_2080s_heatwave_extreme_2088,Guangzhou,ssp245,late_2080s,heatwave_extreme,2088,ff1b7160ac7fec1df402839ac95fbcd585ec085df863f19f848a0fd6eda3678e,perimeter_bot_zn_2,Bottom P2,bottom,131.26,13.278256704980842,0.10806431970617603,0.07963256702685445,0.02843175267932158,0.24564286448523462
guangzhou_ssp245_late_2080s_heatwave_extreme_2088,Guangzhou,ssp245,late_2080s,heatwave_extreme,2088,ff1b7160ac7fec1df402839ac95fbcd585ec085df863f19f848a0fd6eda3678e,perimeter_bot_zn_1,Bottom P1,bottom,207.34,37.40421455938697,0.170148750387396,0.147317260629551,0.022831489757845005,0.4872910230087298
guangzhou_ssp245_late_2080s_heatwave_extreme_2088,Guangzhou,ssp245,late_2080s,heatwave_extreme,2088,ff1b7160ac7fec1df402839ac95fbcd585ec085df863f19f848a0fd6eda3678e,perimeter_bot_zn_4,Bottom P4,bottom,131.25,12.541906130268199,0.10585058041167146,0.0776872683071261,0.02816331210454535,0.2461715612747654
guangzhou_ssp245_late_2080s_heatwave_extreme_2088,Guangzhou,ssp245,late_2080s,heatwave_extreme,2088,ff1b7160ac7fec1df402839ac95fbcd585ec085df863f19f848a0fd6eda3678e,perimeter_mid_zn_3,Middle P3,middle,207.34,26.269157088122608,0.14363400545075766,0.11858697406633381,0.025047031384423865,0.39147008915741666
guangzhou_ssp245_late_2080s_heatwave_extreme_2088,Guangzhou,ssp245,late_2080s,heatwave_extreme,2088,ff1b7160ac7fec1df402839ac95fbcd585ec085df863f19f848a0fd6eda3678e,perimeter_mid_zn_2,Middle P2,middle,131.26,17.869971264367816,0.11646578678120506,0.08921427660558366,0.02725151017562141,0.2835595406421514
guangzhou_ssp245_late_2080s_heatwave_extreme_2088,Guangzhou,ssp245,late_2080s,heatwave_extreme,2088,ff1b7160ac7fec1df402839ac95fbcd585ec085df863f19f848a0fd6eda3678e,perimeter_mid_zn_1,Middle P1,middle,207.34,34.14750957854406,0.17191252866282358,0.1499591450909107,0.021953383571912878,0.5111693569826807
guangzhou_ssp245_late_2080s_heatwave_extreme_2088,Guangzhou,ssp245,late_2080s,heatwave_extreme,2088,ff1b7160ac7fec1df402839ac95fbcd585ec085df863f19f848a0fd6eda3678e,perimeter_mid_zn_4,Middle P4,middle,131.25,16.403256704980844,0.11243893912769741,0.08539739292317028,0.02704154620452713,0.2764695235127334
guangzhou_ssp245_late_2080s_hot_2083,Guangzhou,ssp245,late_2080s,hot,2083,ea7e8ffffb5f046d4e4157ebb17450248249b2a3a65ad812f96f047eee2734db,core_bottom,Core bottom,bottom,983.54,6.016522988505748,0.09904489341828719,0.07095563937884254,0.02808925403944465,0.25250258093022226
guangzhou_ssp245_late_2080s_hot_2083,Guangzhou,ssp245,late_2080s,hot,2083,ea7e8ffffb5f046d4e4157ebb17450248249b2a3a65ad812f96f047eee2734db,core_mid,Core middle,middle,983.54,15.367576628352491,0.11212320323824196,0.085027353749102,0.027095849489139963,0.28634148869163417
guangzhou_ssp245_late_2080s_hot_2083,Guangzhou,ssp245,late_2080s,hot,2083,ea7e8ffffb5f046d4e4157ebb17450248249b2a3a65ad812f96f047eee2734db,core_top,Core top,top,983.54,12.661637931034484,0.1026394080088519,0.07425370040874646,0.02838570760010545,0.24559136366139925
guangzhou_ssp245_late_2080s_hot_2083,Guangzhou,ssp245,late_2080s,hot,2083,ea7e8ffffb5f046d4e4157ebb17450248249b2a3a65ad812f96f047eee2734db,perimeter_top_zn_3,Top P3,top,207.34,18.09147509578544,0.1226339152927927,0.09588841944996497,0.026745495842827725,0.3148424383451711
guangzhou_ssp245_late_2080s_hot_2083,Guangzhou,ssp245,late_2080s,hot,2083,ea7e8ffffb5f046d4e4157ebb17450248249b2a3a65ad812f96f047eee2734db,perimeter_top_zn_2,Top P2,top,131.26,13.254310344827585,0.10436775822356516,0.07627496268989169,0.028092795533673474,0.24841614774963094
guangzhou_ssp245_late_2080s_hot_2083,Guangzhou,ssp245,late_2080s,hot,2083,ea7e8ffffb5f046d4e4157ebb17450248249b2a3a65ad812f96f047eee2734db,perimeter_top_zn_1,Top P1,top,207.34,25.0419061302682,0.14717769870168568,0.12292669616791044,0.024251002533775236,0.4209429719872356
guangzhou_ssp245_late_2080s_hot_2083,Guangzhou,ssp245,late_2080s,hot,2083,ea7e8ffffb5f046d4e4157ebb17450248249b2a3a65ad812f96f047eee2734db,perimeter_top_zn_4,Top P4,top,131.25,12.188697318007662,0.10062300566350763,0.07239798702357803,0.0282250186399296,0.23831505946470477
guangzhou_ssp245_late_2080s_hot_2083,Guangzhou,ssp245,late_2080s,hot,2083,ea7e8ffffb5f046d4e4157ebb17450248249b2a3a65ad812f96f047eee2734db,perimeter_bot_zn_3,Bottom P3,bottom,207.34,13.397988505747128,0.1145897140204223,0.08740674582378265,0.027182968196639647,0.28666690803206396
guangzhou_ssp245_late_2080s_hot_2083,Guangzhou,ssp245,late_2080s,hot,2083,ea7e8ffffb5f046d4e4157ebb17450248249b2a3a65ad812f96f047eee2734db,perimeter_bot_zn_2,Bottom P2,bottom,131.26,8.010057471264368,0.09476151371732558,0.06602254111108583,0.02873897260623976,0.21362687233054387
guangzhou_ssp245_late_2080s_hot_2083,Guangzhou,ssp245,late_2080s,hot,2083,ea7e8ffffb5f046d4e4157ebb17450248249b2a3a65ad812f96f047eee2734db,perimeter_bot_zn_1,Bottom P1,bottom,207.34,34.69827586206897,0.16224784838602224,0.13944045105212863,0.022807397333893614,0.47214459653566937
guangzhou_ssp245_late_2080s_hot_2083,Guangzhou,ssp245,late_2080s,hot,2083,ea7e8ffffb5f046d4e4157ebb17450248249b2a3a65ad812f96f047eee2734db,perimeter_bot_zn_4,Bottom P4,bottom,131.25,8.135775862068966,0.09435346282209481,0.06537533734016962,0.028978125481925177,0.21897616151831753
guangzhou_ssp245_late_2080s_hot_2083,Guangzhou,ssp245,late_2080s,hot,2083,ea7e8ffffb5f046d4e4157ebb17450248249b2a3a65ad812f96f047eee2734db,perimeter_mid_zn_3,Middle P3,middle,207.34,21.49185823754789,0.1320550016480341,0.10639274824442792,0.025662253403606186,0.357567024892436
guangzhou_ssp245_late_2080s_hot_2083,Guangzhou,ssp245,late_2080s,hot,2083,ea7e8ffffb5f046d4e4157ebb17450248249b2a3a65ad812f96f047eee2734db,perimeter_mid_zn_2,Middle P2,middle,131.26,13.505747126436782,0.10440745647314843,0.07648284986532218,0.027924606607826245,0.25141148437779376
guangzhou_ssp245_late_2080s_hot_2083,Guangzhou,ssp245,late_2080s,hot,2083,ea7e8ffffb5f046d4e4157ebb17450248249b2a3a65ad812f96f047eee2734db,perimeter_mid_zn_1,Middle P1,middle,207.34,32.435344827586206,0.16654051188895255,0.14406995942899323,0.02247055245995931,0.49534430189288664
guangzhou_ssp245_late_2080s_hot_2083,Guangzhou,ssp245,late_2080s,hot,2083,ea7e8ffffb5f046d4e4157ebb17450248249b2a3a65ad812f96f047eee2734db,perimeter_mid_zn_4,Middle P4,middle,131.25,13.565613026819923,0.10359951904998853,0.07589292012027267,0.027706598929715855,0.2538843755060191
guangzhou_ssp245_late_2080s_typical_2084,Guangzhou,ssp245,late_2080s,typical,2084,b4c4081e07459d2c526eaec675765586a4481bdfcaa3510b770e25bf55473d44,core_bottom,Core bottom,bottom,983.54,2.3227969348659006,0.08808136961512737,0.05911599581655725,0.02896537379857012,0.2103849151351552
guangzhou_ssp245_late_2080s_typical_2084,Guangzhou,ssp245,late_2080s,typical,2084,b4c4081e07459d2c526eaec675765586a4481bdfcaa3510b770e25bf55473d44,core_mid,Core middle,middle,983.54,8.177681992337165,0.09460300280717228,0.06637097044282109,0.02823203236435119,0.22196062235571432
guangzhou_ssp245_late_2080s_typical_2084,Guangzhou,ssp245,late_2080s,typical,2084,b4c4081e07459d2c526eaec675765586a4481bdfcaa3510b770e25bf55473d44,core_top,Core top,top,983.54,6.800766283524904,0.08720042195179592,0.057199421972219236,0.030000999979576688,0.18229897271497578
guangzhou_ssp245_late_2080s_typical_2084,Guangzhou,ssp245,late_2080s,typical,2084,b4c4081e07459d2c526eaec675765586a4481bdfcaa3510b770e25bf55473d44,perimeter_top_zn_3,Top P3,top,207.34,10.374760536398467,0.10253484204380675,0.07350589316409667,0.02902894887971008,0.23268406852787066
guangzhou_ssp245_late_2080s_typical_2084,Guangzhou,ssp245,late_2080s,typical,2084,b4c4081e07459d2c526eaec675765586a4481bdfcaa3510b770e25bf55473d44,perimeter_top_zn_2,Top P2,top,131.26,7.273706896551724,0.08945827427743303,0.059091918382430594,0.030366355895002438,0.18230246076585038
guangzhou_ssp245_late_2080s_typical_2084,Guangzhou,ssp245,late_2080s,typical,2084,b4c4081e07459d2c526eaec675765586a4481bdfcaa3510b770e25bf55473d44,perimeter_top_zn_1,Top P1,top,207.34,16.61278735632184,0.12496135630468674,0.09824521803010301,0.026716138274583724,0.3304610361411767
guangzhou_ssp245_late_2080s_typical_2084,Guangzhou,ssp245,late_2080s,typical,2084,b4c4081e07459d2c526eaec675765586a4481bdfcaa3510b770e25bf55473d44,perimeter_top_zn_4,Top P4,top,131.25,7.040229885057471,0.08721602776580299,0.05700439162274922,0.030211636143053774,0.1793021013179175
guangzhou_ssp245_late_2080s_typical_2084,Guangzhou,ssp245,late_2080s,typical,2084,b4c4081e07459d2c526eaec675765586a4481bdfcaa3510b770e25bf55473d44,perimeter_bot_zn_3,Bottom P3,bottom,207.34,7.860392720306514,0.09881338095020088,0.0699237283588306,0.028889652591370295,0.21411885328827213
guangzhou_ssp245_late_2080s_typical_2084,Guangzhou,ssp245,late_2080s,typical,2084,b4c4081e07459d2c526eaec675765586a4481bdfcaa3510b770e25bf55473d44,perimeter_bot_zn_2,Bottom P2,bottom,131.26,4.148706896551724,0.08297051916916048,0.05248312360046867,0.03048739556869181,0.15458409279707092
guangzhou_ssp245_late_2080s_typical_2084,Guangzhou,ssp245,late_2080s,typical,2084,b4c4081e07459d2c526eaec675765586a4481bdfcaa3510b770e25bf55473d44,perimeter_bot_zn_1,Bottom P1,bottom,207.34,29.196599616858236,0.14813517780946184,0.1227989686391864,0.02533620917027543,0.3929225058589031
guangzhou_ssp245_late_2080s_typical_2084,Guangzhou,ssp245,late_2080s,typical,2084,b4c4081e07459d2c526eaec675765586a4481bdfcaa3510b770e25bf55473d44,perimeter_bot_zn_4,Bottom P4,bottom,131.25,3.747605363984674,0.08294317466517122,0.05239506635862408,0.030548108306547143,0.16198298096284658
guangzhou_ssp245_late_2080s_typical_2084,Guangzhou,ssp245,late_2080s,typical,2084,b4c4081e07459d2c526eaec675765586a4481bdfcaa3510b770e25bf55473d44,perimeter_mid_zn_3,Middle P3,middle,207.34,13.380028735632186,0.1122856657402387,0.08479487776037722,0.027490787979861465,0.2791846444060251
guangzhou_ssp245_late_2080s_typical_2084,Guangzhou,ssp245,late_2080s,typical,2084,b4c4081e07459d2c526eaec675765586a4481bdfcaa3510b770e25bf55473d44,perimeter_mid_zn_2,Middle P2,middle,131.26,7.1240421455938705,0.08932630813647861,0.05962769612330958,0.029698612013169038,0.18935860003113325
guangzhou_ssp245_late_2080s_typical_2084,Guangzhou,ssp245,late_2080s,typical,2084,b4c4081e07459d2c526eaec675765586a4481bdfcaa3510b770e25bf55473d44,perimeter_mid_zn_1,Middle P1,middle,207.34,21.97677203065134,0.14200038138612095,0.11713787005026469,0.02486251133585628,0.4008839789820847
guangzhou_ssp245_late_2080s_typical_2084,Guangzhou,ssp245,late_2080s,typical,2084,b4c4081e07459d2c526eaec675765586a4481bdfcaa3510b770e25bf55473d44,perimeter_mid_zn_4,Middle P4,middle,131.25,7.315613026819924,0.08872337459813592,0.05924456257391382,0.02947881202422211,0.1928645515984366
guangzhou_ssp245_mid_2050s_heatwave_extreme_2055,Guangzhou,ssp245,mid_2050s,heatwave_extreme,2055,814dbb88edd6e8df74122c70abbba78bb29d71defd49b6d59b82388acdd6d516,core_bottom,Core bottom,bottom,983.54,5.262212643678161,0.09165292119010088,0.0626514110445126,0.029001510145588265,0.22541777367400423
guangzhou_ssp245_mid_2050s_heatwave_extreme_2055,Guangzhou,ssp245,mid_2050s,heatwave_extreme,2055,814dbb88edd6e8df74122c70abbba78bb29d71defd49b6d59b82388acdd6d516,core_mid,Core middle,middle,983.54,10.985392720306514,0.09866388888577565,0.0703625357758889,0.02830135310988675,0.23514998048877955
guangzhou_ssp245_mid_2050s_heatwave_extreme_2055,Guangzhou,ssp245,mid_2050s,heatwave_extreme,2055,814dbb88edd6e8df74122c70abbba78bb29d71defd49b6d59b82388acdd6d516,core_top,Core top,top,983.54,9.410919540229886,0.09220864928930597,0.06260714476369009,0.029601504525615878,0.2012204793643952
guangzhou_ssp245_mid_2050s_heatwave_extreme_2055,Guangzhou,ssp245,mid_2050s,heatwave_extreme,2055,814dbb88edd6e8df74122c70abbba78bb29d71defd49b6d59b82388acdd6d516,perimeter_top_zn_3,Top P3,top,207.34,13.080699233716475,0.10673881031137822,0.07853248117852223,0.028206329132855996,0.255214695775313
guangzhou_ssp245_mid_2050s_heatwave_extreme_2055,Guangzhou,ssp245,mid_2050s,heatwave_extreme,2055,814dbb88edd6e8df74122c70abbba78bb29d71defd49b6d59b82388acdd6d516,perimeter_top_zn_2,Top P2,top,131.26,9.889846743295019,0.09544662882339344,0.06616439056601482,0.029282238257378614,0.21378631344509377
guangzhou_ssp245_mid_2050s_heatwave_extreme_2055,Guangzhou,ssp245,mid_2050s,heatwave_extreme,2055,814dbb88edd6e8df74122c70abbba78bb29d71defd49b6d59b82388acdd6d516,perimeter_top_zn_1,Top P1,top,207.34,18.654214559386972,0.1293941794738133,0.10367335734681059,0.025720822127002704,0.35435960518948384
guangzhou_ssp245_mid_2050s_heatwave_extreme_2055,Guangzhou,ssp245,mid_2050s,heatwave_extreme,2055,814dbb88edd6e8df74122c70abbba78bb29d71defd49b6d59b82388acdd6d516,perimeter_top_zn_4,Top P4,top,131.25,8.518917624521073,0.09183857558851895,0.06251653080670765,0.029322044781811305,0.2055925332259009
guangzhou_ssp245_mid_2050s_heatwave_extreme_2055,Guangzhou,ssp245,mid_2050s,heatwave_extreme,2055,814dbb88edd6e8df74122c70abbba78bb29d71defd49b6d59b82388acdd6d516,perimeter_bot_zn_3,Bottom P3,bottom,207.34,11.66786398467433,0.10392161277619288,0.07512617613425544,0.02879543664193745,0.2398266467591915
guangzhou_ssp245_mid_2050s_heatwave_extreme_2055,Guangzhou,ssp245,mid_2050s,heatwave_extreme,2055,814dbb88edd6e8df74122c70abbba78bb29d71defd49b6d59b82388acdd6d516,perimeter_bot_zn_2,Bottom P2,bottom,131.26,7.650862068965517,0.09020573533476545,0.06035090431652854,0.02985483101823691,0.19212036906382307
guangzhou_ssp245_mid_2050s_heatwave_extreme_2055,Guangzhou,ssp245,mid_2050s,heatwave_extreme,2055,814dbb88edd6e8df74122c70abbba78bb29d71defd49b6d59b82388acdd6d516,perimeter_bot_zn_1,Bottom P1,bottom,207.34,27.101293103448278,0.14581626248714044,0.1213498576030169,0.02446640488412354,0.4033465032197353
guangzhou_ssp245_mid_2050s_heatwave_extreme_2055,Guangzhou,ssp245,mid_2050s,heatwave_extreme,2055,814dbb88edd6e8df74122c70abbba78bb29d71defd49b6d59b82388acdd6d516,perimeter_bot_zn_4,Bottom P4,bottom,131.25,6.842672413793103,0.08959741889357177,0.0598885614862728,0.02970885740729897,0.19708655707413486
guangzhou_ssp245_mid_2050s_heatwave_extreme_2055,Guangzhou,ssp245,mid_2050s,heatwave_extreme,2055,814dbb88edd6e8df74122c70abbba78bb29d71defd49b6d59b82388acdd6d516,perimeter_mid_zn_3,Middle P3,middle,207.34,15.439415708812259,0.11357272860366448,0.08649751937697718,0.0270752092266873,0.2910100691143101
guangzhou_ssp245_mid_2050s_heatwave_extreme_2055,Guangzhou,ssp245,mid_2050s,heatwave_extreme,2055,814dbb88edd6e8df74122c70abbba78bb29d71defd49b6d59b82388acdd6d516,perimeter_mid_zn_2,Middle P2,middle,131.26,9.446839080459771,0.09521800817035987,0.0662127376811256,0.02900527048923427,0.21746105354092682
guangzhou_ssp245_mid_2050s_heatwave_extreme_2055,Guangzhou,ssp245,mid_2050s,heatwave_extreme,2055,814dbb88edd6e8df74122c70abbba78bb29d71defd49b6d59b82388acdd6d516,perimeter_mid_zn_1,Middle P1,middle,207.34,24.263649425287355,0.1457782173344999,0.12188293426422495,0.02389528307027493,0.4193634328659887
guangzhou_ssp245_mid_2050s_heatwave_extreme_2055,Guangzhou,ssp245,mid_2050s,heatwave_extreme,2055,814dbb88edd6e8df74122c70abbba78bb29d71defd49b6d59b82388acdd6d516,perimeter_mid_zn_4,Middle P4,middle,131.25,9.07567049808429,0.09390926533670535,0.06503540017826963,0.02887386515843573,0.2184892267898381
guangzhou_ssp245_mid_2050s_hot_2051,Guangzhou,ssp245,mid_2050s,hot,2051,734e1a85d1bc907a2c1a472f8b4008c184d1e4b6233be292e45479a0c8a06b52,core_bottom,Core bottom,bottom,983.54,4.3821839080459775,0.09175625708427468,0.06314203220986497,0.02861422487440971,0.22155819275533295
guangzhou_ssp245_mid_2050s_hot_2051,Guangzhou,ssp245,mid_2050s,hot,2051,734e1a85d1bc907a2c1a472f8b4008c184d1e4b6233be292e45479a0c8a06b52,core_mid,Core middle,middle,983.54,10.859674329501916,0.10081035270234599,0.07271541935229812,0.028094933350047858,0.23757064644265186
guangzhou_ssp245_mid_2050s_hot_2051,Guangzhou,ssp245,mid_2050s,hot,2051,734e1a85d1bc907a2c1a472f8b4008c184d1e4b6233be292e45479a0c8a06b52,core_top,Core top,top,983.54,8.860153256704981,0.09323938590488867,0.06366965938449821,0.02956972652039046,0.1994118958864955
guangzhou_ssp245_mid_2050s_hot_2051,Guangzhou,ssp245,mid_2050s,hot,2051,734e1a85d1bc907a2c1a472f8b4008c184d1e4b6233be292e45479a0c8a06b52,perimeter_top_zn_3,Top P3,top,207.34,13.47581417624521,0.10845788992082817,0.07999748461572025,0.028460405305107912,0.25307140158085933
guangzhou_ssp245_mid_2050s_hot_2051,Guangzhou,ssp245,mid_2050s,hot,2051,734e1a85d1bc907a2c1a472f8b4008c184d1e4b6233be292e45479a0c8a06b52,perimeter_top_zn_2,Top P2,top,131.26,9.794061302681992,0.09591858197284382,0.06607397196487028,0.02984461000797355,0.20237939307027245
guangzhou_ssp245_mid_2050s_hot_2051,Guangzhou,ssp245,mid_2050s,hot,2051,734e1a85d1bc907a2c1a472f8b4008c184d1e4b6233be292e45479a0c8a06b52,perimeter_top_zn_1,Top P1,top,207.34,16.52897509578544,0.12359820194280641,0.09757918974581367,0.026019012196992736,0.3321983402472875
guangzhou_ssp245_mid_2050s_hot_2051,Guangzhou,ssp245,mid_2050s,hot,2051,734e1a85d1bc907a2c1a472f8b4008c184d1e4b6233be292e45479a0c8a06b52,perimeter_top_zn_4,Top P4,top,131.25,9.021791187739463,0.09174884831279376,0.062110834081545274,0.029638014231248486,0.19424073771839498
guangzhou_ssp245_mid_2050s_hot_2051,Guangzhou,ssp245,mid_2050s,hot,2051,734e1a85d1bc907a2c1a472f8b4008c184d1e4b6233be292e45479a0c8a06b52,perimeter_bot_zn_3,Bottom P3,bottom,207.34,9.99161877394636,0.10289917154414314,0.0742786785082979,0.028620493035845237,0.2289718022462548
guangzhou_ssp245_mid_2050s_hot_2051,Guangzhou,ssp245,mid_2050s,hot,2051,734e1a85d1bc907a2c1a472f8b4008c184d1e4b6233be292e45479a0c8a06b52,perimeter_bot_zn_2,Bottom P2,bottom,131.26,5.950670498084292,0.08781734181143623,0.05779518617347857,0.030022155637957668,0.17344216684193334
guangzhou_ssp245_mid_2050s_hot_2051,Guangzhou,ssp245,mid_2050s,hot,2051,734e1a85d1bc907a2c1a472f8b4008c184d1e4b6233be292e45479a0c8a06b52,perimeter_bot_zn_1,Bottom P1,bottom,207.34,26.813936781609193,0.14233694417926296,0.11728913308791655,0.025047811091346402,0.38553415684673914
guangzhou_ssp245_mid_2050s_hot_2051,Guangzhou,ssp245,mid_2050s,hot,2051,734e1a85d1bc907a2c1a472f8b4008c184d1e4b6233be292e45479a0c8a06b52,perimeter_bot_zn_4,Bottom P4,bottom,131.25,5.369971264367816,0.08703451925354307,0.057097741972663534,0.029936777280879536,0.17785619523846996
guangzhou_ssp245_mid_2050s_hot_2051,Guangzhou,ssp245,mid_2050s,hot,2051,734e1a85d1bc907a2c1a472f8b4008c184d1e4b6233be292e45479a0c8a06b52,perimeter_mid_zn_3,Middle P3,middle,207.34,16.271551724137932,0.11689886673521935,0.08982505557221857,0.027073811163000786,0.2940885816900133
guangzhou_ssp245_mid_2050s_hot_2051,Guangzhou,ssp245,mid_2050s,hot,2051,734e1a85d1bc907a2c1a472f8b4008c184d1e4b6233be292e45479a0c8a06b52,perimeter_mid_zn_2,Middle P2,middle,131.26,10.087404214559387,0.09641934368654352,0.06720672518217186,0.029212618504371672,0.21043936095983085
guangzhou_ssp245_mid_2050s_hot_2051,Guangzhou,ssp245,mid_2050s,hot,2051,734e1a85d1bc907a2c1a472f8b4008c184d1e4b6233be292e45479a0c8a06b52,perimeter_mid_zn_1,Middle P1,middle,207.34,21.743295019157088,0.13911186613238555,0.11477678059650473,0.024335085535880825,0.3987489949950527
guangzhou_ssp245_mid_2050s_hot_2051,Guangzhou,ssp245,mid_2050s,hot,2051,734e1a85d1bc907a2c1a472f8b4008c184d1e4b6233be292e45479a0c8a06b52,perimeter_mid_zn_4,Middle P4,middle,131.25,9.841954022988505,0.09410505908165541,0.06514083986132455,0.028964219220330868,0.20965447805446835
guangzhou_ssp245_mid_2050s_typical_2054,Guangzhou,ssp245,mid_2050s,typical,2054,8ff5ffceea572cd3eddb1b57a6867499ceb35c18760694510d7a2bc5438932b5,core_bottom,Core bottom,bottom,983.54,1.7480842911877392,0.08602648294453645,0.058235201707990285,0.027791281236546166,0.20481638582669764
guangzhou_ssp245_mid_2050s_typical_2054,Guangzhou,ssp245,mid_2050s,typical,2054,8ff5ffceea572cd3eddb1b57a6867499ceb35c18760694510d7a2bc5438932b5,core_mid,Core middle,middle,983.54,8.494971264367816,0.09408143530957716,0.06668791648277467,0.027393518826802497,0.22045175908925937
guangzhou_ssp245_mid_2050s_typical_2054,Guangzhou,ssp245,mid_2050s,typical,2054,8ff5ffceea572cd3eddb1b57a6867499ceb35c18760694510d7a2bc5438932b5,core_top,Core top,top,983.54,7.447318007662836,0.08749485589985406,0.05834825483004257,0.029146601069811488,0.18308097865873668
guangzhou_ssp245_mid_2050s_typical_2054,Guangzhou,ssp245,mid_2050s,typical,2054,8ff5ffceea572cd3eddb1b57a6867499ceb35c18760694510d7a2bc5438932b5,perimeter_top_zn_3,Top P3,top,207.34,11.33860153256705,0.1040896009173482,0.07538963366511511,0.02869996725223308,0.2344153246778492
guangzhou_ssp245_mid_2050s_typical_2054,Guangzhou,ssp245,mid_2050s,typical,2054,8ff5ffceea572cd3eddb1b57a6867499ceb35c18760694510d7a2bc5438932b5,perimeter_top_zn_2,Top P2,top,131.26,8.022030651340996,0.0897420096914255,0.060009436985226684,0.029732572706198807,0.1819916102803472
guangzhou_ssp245_mid_2050s_typical_2054,Guangzhou,ssp245,mid_2050s,typical,2054,8ff5ffceea572cd3eddb1b57a6867499ceb35c18760694510d7a2bc5438932b5,perimeter_top_zn_1,Top P1,top,207.34,15.888409961685824,0.12317136449485264,0.09719405428587166,0.025977310208980975,0.3250303704496995
guangzhou_ssp245_mid_2050s_typical_2054,Guangzhou,ssp245,mid_2050s,typical,2054,8ff5ffceea572cd3eddb1b57a6867499ceb35c18760694510d7a2bc5438932b5,perimeter_top_zn_4,Top P4,top,131.25,7.153975095785441,0.08734807556159596,0.0576446781042982,0.029703397457297758,0.17739636046602034
guangzhou_ssp245_mid_2050s_typical_2054,Guangzhou,ssp245,mid_2050s,typical,2054,8ff5ffceea572cd3eddb1b57a6867499ceb35c18760694510d7a2bc5438932b5,perimeter_bot_zn_3,Bottom P3,bottom,207.34,6.609195402298851,0.09637538538847638,0.06778263820077014,0.028592747187706234,0.21015324437676522
guangzhou_ssp245_mid_2050s_typical_2054,Guangzhou,ssp245,mid_2050s,typical,2054,8ff5ffceea572cd3eddb1b57a6867499ceb35c18760694510d7a2bc5438932b5,perimeter_bot_zn_2,Bottom P2,bottom,131.26,3.0052681992337167,0.08129961656151055,0.05128075975918709,0.03001885680232346,0.15179564634760154
guangzhou_ssp245_mid_2050s_typical_2054,Guangzhou,ssp245,mid_2050s,typical,2054,8ff5ffceea572cd3eddb1b57a6867499ceb35c18760694510d7a2bc5438932b5,perimeter_bot_zn_1,Bottom P1,bottom,207.34,27.933429118773944,0.1454818353510582,0.12089826285074576,0.024583572500312418,0.3881674697627444
guangzhou_ssp245_mid_2050s_typical_2054,Guangzhou,ssp245,mid_2050s,typical,2054,8ff5ffceea572cd3eddb1b57a6867499ceb35c18760694510d7a2bc5438932b5,perimeter_bot_zn_4,Bottom P4,bottom,131.25,2.849616858237548,0.08091809035603793,0.05103081917538311,0.029887271180654824,0.15822036938162512
guangzhou_ssp245_mid_2050s_typical_2054,Guangzhou,ssp245,mid_2050s,typical,2054,8ff5ffceea572cd3eddb1b57a6867499ceb35c18760694510d7a2bc5438932b5,perimeter_mid_zn_3,Middle P3,middle,207.34,13.631465517241379,0.11198783815596199,0.0848903942786753,0.027097443877286687,0.27639309762908826
guangzhou_ssp245_mid_2050s_typical_2054,Guangzhou,ssp245,mid_2050s,typical,2054,8ff5ffceea572cd3eddb1b57a6867499ceb35c18760694510d7a2bc5438932b5,perimeter_mid_zn_2,Middle P2,middle,131.26,7.405411877394635,0.08883783452883703,0.059720081370859136,0.0291177531579779,0.1855808054508687
guangzhou_ssp245_mid_2050s_typical_2054,Guangzhou,ssp245,mid_2050s,typical,2054,8ff5ffceea572cd3eddb1b57a6867499ceb35c18760694510d7a2bc5438932b5,perimeter_mid_zn_1,Middle P1,middle,207.34,21.330220306513407,0.13890002583834532,0.11492902102385749,0.023971004814487815,0.39403551498093364
guangzhou_ssp245_mid_2050s_typical_2054,Guangzhou,ssp245,mid_2050s,typical,2054,8ff5ffceea572cd3eddb1b57a6867499ceb35c18760694510d7a2bc5438932b5,perimeter_mid_zn_4,Middle P4,middle,131.25,6.7828065134099615,0.08800566511519886,0.059122781157297334,0.028882883957901527,0.1891321036599637
guangzhou_ssp245_near_2030s_heatwave_extreme_2034,Guangzhou,ssp245,near_2030s,heatwave_extreme,2034,8878132b585c77202c9ad0cef0f5d98b3ea8605fad648e67a69a137b51e4fa6c,core_bottom,Core bottom,bottom,983.54,1.5924329501915708,0.08252389464986562,0.05193580263373451,0.030588092016131115,0.18602086718091487
guangzhou_ssp245_near_2030s_heatwave_extreme_2034,Guangzhou,ssp245,near_2030s,heatwave_extreme,2034,8878132b585c77202c9ad0cef0f5d98b3ea8605fad648e67a69a137b51e4fa6c,core_mid,Core middle,middle,983.54,5.63338122605364,0.0844011665103329,0.05411242339287267,0.030288743117460232,0.17873148063881056
guangzhou_ssp245_near_2030s_heatwave_extreme_2034,Guangzhou,ssp245,near_2030s,heatwave_extreme,2034,8878132b585c77202c9ad0cef0f5d98b3ea8605fad648e67a69a137b51e4fa6c,core_top,Core top,top,983.54,5.094588122605364,0.08035323677026539,0.04898005981483119,0.0313731769554342,0.1537502480381357
guangzhou_ssp245_near_2030s_heatwave_extreme_2034,Guangzhou,ssp245,near_2030s,heatwave_extreme,2034,8878132b585c77202c9ad0cef0f5d98b3ea8605fad648e67a69a137b51e4fa6c,perimeter_top_zn_3,Top P3,top,207.34,8.004070881226054,0.09194159814833117,0.06132553014757069,0.030616068000760478,0.1897356622832337
guangzhou_ssp245_near_2030s_heatwave_extreme_2034,Guangzhou,ssp245,near_2030s,heatwave_extreme,2034,8878132b585c77202c9ad0cef0f5d98b3ea8605fad648e67a69a137b51e4fa6c,perimeter_top_zn_2,Top P2,top,131.26,5.23227969348659,0.08316042249239165,0.051658997730458144,0.03150142476193351,0.15659739164229108
guangzhou_ssp245_near_2030s_heatwave_extreme_2034,Guangzhou,ssp245,near_2030s,heatwave_extreme,2034,8878132b585c77202c9ad0cef0f5d98b3ea8605fad648e67a69a137b51e4fa6c,perimeter_top_zn_1,Top P1,top,207.34,11.003352490421456,0.10552269268575604,0.07680861241795467,0.02871408026780136,0.2627714332353744
guangzhou_ssp245_near_2030s_heatwave_extreme_2034,Guangzhou,ssp245,near_2030s,heatwave_extreme,2034,8878132b585c77202c9ad0cef0f5d98b3ea8605fad648e67a69a137b51e4fa6c,perimeter_top_zn_4,Top P4,top,131.25,4.35823754789272,0.0808522695477787,0.04947950789842967,0.031372761649349025,0.15411340372534918
guangzhou_ssp245_near_2030s_heatwave_extreme_2034,Guangzhou,ssp245,near_2030s,heatwave_extreme,2034,8878132b585c77202c9ad0cef0f5d98b3ea8605fad648e67a69a137b51e4fa6c,perimeter_bot_zn_3,Bottom P3,bottom,207.34,3.9930555555555554,0.08447969953896513,0.05377316076593506,0.03070653877303007,0.15954985366089028
guangzhou_ssp245_near_2030s_heatwave_extreme_2034,Guangzhou,ssp245,near_2030s,heatwave_extreme,2034,8878132b585c77202c9ad0cef0f5d98b3ea8605fad648e67a69a137b51e4fa6c,perimeter_bot_zn_2,Bottom P2,bottom,131.26,2.101293103448276,0.07543851730153472,0.0435961946506402,0.03184232265089453,0.12438671464692971
guangzhou_ssp245_near_2030s_heatwave_extreme_2034,Guangzhou,ssp245,near_2030s,heatwave_extreme,2034,8878132b585c77202c9ad0cef0f5d98b3ea8605fad648e67a69a137b51e4fa6c,perimeter_bot_zn_1,Bottom P1,bottom,207.34,18.456657088122604,0.11946916491015354,0.09180100690604677,0.027668158004106776,0.2979051482047336
guangzhou_ssp245_near_2030s_heatwave_extreme_2034,Guangzhou,ssp245,near_2030s,heatwave_extreme,2034,8878132b585c77202c9ad0cef0f5d98b3ea8605fad648e67a69a137b51e4fa6c,perimeter_bot_zn_4,Bottom P4,bottom,131.25,1.658285440613027,0.07569167466558036,0.043984778503190644,0.03170689616238971,0.1346466587168174
guangzhou_ssp245_near_2030s_heatwave_extreme_2034,Guangzhou,ssp245,near_2030s,heatwave_extreme,2034,8878132b585c77202c9ad0cef0f5d98b3ea8605fad648e67a69a137b51e4fa6c,perimeter_mid_zn_3,Middle P3,middle,207.34,9.297174329501916,0.0973134401343814,0.06785713717871314,0.02945630295566826,0.2220192501208887
guangzhou_ssp245_near_2030s_heatwave_extreme_2034,Guangzhou,ssp245,near_2030s,heatwave_extreme,2034,8878132b585c77202c9ad0cef0f5d98b3ea8605fad648e67a69a137b51e4fa6c,perimeter_mid_zn_2,Middle P2,middle,131.26,4.765325670498084,0.08214051390453511,0.050968496690029674,0.031172017214505444,0.16093491260129913
guangzhou_ssp245_near_2030s_heatwave_extreme_2034,Guangzhou,ssp245,near_2030s,heatwave_extreme,2034,8878132b585c77202c9ad0cef0f5d98b3ea8605fad648e67a69a137b51e4fa6c,perimeter_mid_zn_1,Middle P1,middle,207.34,14.34985632183908,0.11704176560844254,0.08996468988437673,0.027077075724065806,0.31677754398855623
guangzhou_ssp245_near_2030s_heatwave_extreme_2034,Guangzhou,ssp245,near_2030s,heatwave_extreme,2034,8878132b585c77202c9ad0cef0f5d98b3ea8605fad648e67a69a137b51e4fa6c,perimeter_mid_zn_4,Middle P4,middle,131.25,3.945162835249042,0.08122354868905214,0.05029491461102915,0.030928634078022994,0.16339681336269485
guangzhou_ssp245_near_2030s_hot_2038,Guangzhou,ssp245,near_2030s,hot,2038,5bdb46fa0b1a2034ca47effeb9c04bee5752b8bc75218e1219ee27a4785db683,core_bottom,Core bottom,bottom,983.54,2.7059386973180075,0.08726971069298653,0.05856637092286246,0.028703339770124063,0.21005562281223117
guangzhou_ssp245_near_2030s_hot_2038,Guangzhou,ssp245,near_2030s,hot,2038,5bdb46fa0b1a2034ca47effeb9c04bee5752b8bc75218e1219ee27a4785db683,core_mid,Core middle,middle,983.54,9.70426245210728,0.09607313923788403,0.06775889822198934,0.02831424101589469,0.22433862437042584
guangzhou_ssp245_near_2030s_hot_2038,Guangzhou,ssp245,near_2030s,hot,2038,5bdb46fa0b1a2034ca47effeb9c04bee5752b8bc75218e1219ee27a4785db683,core_top,Core top,top,983.54,8.602729885057471,0.09029755575518937,0.0606770100250106,0.029620545730178763,0.1933386454663753
guangzhou_ssp245_near_2030s_hot_2038,Guangzhou,ssp245,near_2030s,hot,2038,5bdb46fa0b1a2034ca47effeb9c04bee5752b8bc75218e1219ee27a4785db683,perimeter_top_zn_3,Top P3,top,207.34,12.71551724137931,0.10656348388947384,0.07789397544829242,0.028669508441181414,0.247086137881891
guangzhou_ssp245_near_2030s_hot_2038,Guangzhou,ssp245,near_2030s,hot,2038,5bdb46fa0b1a2034ca47effeb9c04bee5752b8bc75218e1219ee27a4785db683,perimeter_top_zn_2,Top P2,top,131.26,9.422892720306514,0.0933221259145152,0.06358544717425074,0.029736678740264463,0.1986283024139415
guangzhou_ssp245_near_2030s_hot_2038,Guangzhou,ssp245,near_2030s,hot,2038,5bdb46fa0b1a2034ca47effeb9c04bee5752b8bc75218e1219ee27a4785db683,perimeter_top_zn_1,Top P1,top,207.34,16.403256704980844,0.12079603044431919,0.09462313447777633,0.026172895966542858,0.32310560356802004
guangzhou_ssp245_near_2030s_hot_2038,Guangzhou,ssp245,near_2030s,hot,2038,5bdb46fa0b1a2034ca47effeb9c04bee5752b8bc75218e1219ee27a4785db683,perimeter_top_zn_4,Top P4,top,131.25,7.92624521072797,0.08959786132718678,0.059924951685820904,0.02967290964136587,0.18938926911114243
guangzhou_ssp245_near_2030s_hot_2038,Guangzhou,ssp245,near_2030s,hot,2038,5bdb46fa0b1a2034ca47effeb9c04bee5752b8bc75218e1219ee27a4785db683,perimeter_bot_zn_3,Bottom P3,bottom,207.34,7.962164750957855,0.09584092008037148,0.06654575754942103,0.029295162530950453,0.21032637098309
guangzhou_ssp245_near_2030s_hot_2038,Guangzhou,ssp245,near_2030s,hot,2038,5bdb46fa0b1a2034ca47effeb9c04bee5752b8bc75218e1219ee27a4785db683,perimeter_bot_zn_2,Bottom P2,bottom,131.26,3.789511494252874,0.08189803363911012,0.05150921793479046,0.030388815704319658,0.1588260260485269
guangzhou_ssp245_near_2030s_hot_2038,Guangzhou,ssp245,near_2030s,hot,2038,5bdb46fa0b1a2034ca47effeb9c04bee5752b8bc75218e1219ee27a4785db683,perimeter_bot_zn_1,Bottom P1,bottom,207.34,23.748802681992338,0.13411973881665085,0.10877468522528358,0.025345053591367264,0.3618805770884359
guangzhou_ssp245_near_2030s_hot_2038,Guangzhou,ssp245,near_2030s,hot,2038,5bdb46fa0b1a2034ca47effeb9c04bee5752b8bc75218e1219ee27a4785db683,perimeter_bot_zn_4,Bottom P4,bottom,131.25,3.190852490421456,0.08106557621566625,0.0508063667267271,0.03025920948893915,0.16339142692991773
guangzhou_ssp245_near_2030s_hot_2038,Guangzhou,ssp245,near_2030s,hot,2038,5bdb46fa0b1a2034ca47effeb9c04bee5752b8bc75218e1219ee27a4785db683,perimeter_mid_zn_3,Middle P3,middle,207.34,15.469348659003831,0.11309317758152868,0.08553584869494939,0.027557328886579288,0.2819129434445529
guangzhou_ssp245_near_2030s_hot_2038,Guangzhou,ssp245,near_2030s,hot,2038,5bdb46fa0b1a2034ca47effeb9c04bee5752b8bc75218e1219ee27a4785db683,perimeter_mid_zn_2,Middle P2,middle,131.26,8.734434865900383,0.09198729082649243,0.06265279466888003,0.029334496157612387,0.20122218573239745
guangzhou_ssp245_near_2030s_hot_2038,Guangzhou,ssp245,near_2030s,hot,2038,5bdb46fa0b1a2034ca47effeb9c04bee5752b8bc75218e1219ee27a4785db683,perimeter_mid_zn_1,Middle P1,middle,207.34,21.455938697318008,0.13474267880086127,0.11038345994709471,0.024359218853766566,0.3847654478975883
guangzhou_ssp245_near_2030s_hot_2038,Guangzhou,ssp245,near_2030s,hot,2038,5bdb46fa0b1a2034ca47effeb9c04bee5752b8bc75218e1219ee27a4785db683,perimeter_mid_zn_4,Middle P4,middle,131.25,7.998084291187739,0.09038604381187854,0.061350071975797185,0.029035971836081347,0.20140065372288077
guangzhou_ssp245_near_2030s_typical_2031,Guangzhou,ssp245,near_2030s,typical,2031,4b8eaaf49e55af805cb15c622ff7ee932bf753ba56bcbf353ced197db6cc0186,core_bottom,Core bottom,bottom,983.54,1.7181513409961684,0.08240973949164751,0.052102554092514665,0.03030718539913285,0.18487867063936828
guangzhou_ssp245_near_2030s_typical_2031,Guangzhou,ssp245,near_2030s,typical,2031,4b8eaaf49e55af805cb15c622ff7ee932bf753ba56bcbf353ced197db6cc0186,core_mid,Core middle,middle,983.54,5.435823754789272,0.08389327278611843,0.05375743138873049,0.03013584139738794,0.17473069922576093
guangzhou_ssp245_near_2030s_typical_2031,Guangzhou,ssp245,near_2030s,typical,2031,4b8eaaf49e55af805cb15c622ff7ee932bf753ba56bcbf353ced197db6cc0186,core_top,Core top,top,983.54,4.436063218390805,0.07876808229268269,0.04714450117915831,0.03162358111352437,0.14300511695885923
guangzhou_ssp245_near_2030s_typical_2031,Guangzhou,ssp245,near_2030s,typical,2031,4b8eaaf49e55af805cb15c622ff7ee932bf753ba56bcbf353ced197db6cc0186,perimeter_top_zn_3,Top P3,top,207.34,6.166187739463601,0.08813567083041325,0.0572119168778306,0.030923753952582646,0.16944693735730634
guangzhou_ssp245_near_2030s_typical_2031,Guangzhou,ssp245,near_2030s,typical,2031,4b8eaaf49e55af805cb15c622ff7ee932bf753ba56bcbf353ced197db6cc0186,perimeter_top_zn_2,Top P2,top,131.26,4.454022988505748,0.08075866409327036,0.04887465091978184,0.031884013173488525,0.14147715344425016
guangzhou_ssp245_near_2030s_typical_2031,Guangzhou,ssp245,near_2030s,typical,2031,4b8eaaf49e55af805cb15c622ff7ee932bf753ba56bcbf353ced197db6cc0186,perimeter_top_zn_1,Top P1,top,207.34,10.201149425287356,0.10398033149671726,0.07517042630426791,0.028809905192449352,0.24901404222855036
guangzhou_ssp245_near_2030s_typical_2031,Guangzhou,ssp245,near_2030s,typical,2031,4b8eaaf49e55af805cb15c622ff7ee932bf753ba56bcbf353ced197db6cc0186,perimeter_top_zn_4,Top P4,top,131.25,3.699712643678161,0.07883928529968373,0.04726601505831153,0.031573270241372194,0.1405604276592219
guangzhou_ssp245_near_2030s_typical_2031,Guangzhou,ssp245,near_2030s,typical,2031,4b8eaaf49e55af805cb15c622ff7ee932bf753ba56bcbf353ced197db6cc0186,perimeter_bot_zn_3,Bottom P3,bottom,207.34,4.190613026819923,0.08487116119430055,0.053657344324778325,0.03121381686952222,0.1479821376825934
guangzhou_ssp245_near_2030s_typical_2031,Guangzhou,ssp245,near_2030s,typical,2031,4b8eaaf49e55af805cb15c622ff7ee932bf753ba56bcbf353ced197db6cc0186,perimeter_bot_zn_2,Bottom P2,bottom,131.26,2.304837164750958,0.07613038223521593,0.043675836887218634,0.03245454534799729,0.11416937016090252
guangzhou_ssp245_near_2030s_typical_2031,Guangzhou,ssp245,near_2030s,typical,2031,4b8eaaf49e55af805cb15c622ff7ee932bf753ba56bcbf353ced197db6cc0186,perimeter_bot_zn_1,Bottom P1,bottom,207.34,19.899425287356323,0.1237684191412488,0.09572420811384981,0.028044211027398996,0.29560296674868625
guangzhou_ssp245_near_2030s_typical_2031,Guangzhou,ssp245,near_2030s,typical,2031,4b8eaaf49e55af805cb15c622ff7ee932bf753ba56bcbf353ced197db6cc0186,perimeter_bot_zn_4,Bottom P4,bottom,131.25,1.8558429118773947,0.07586461455608946,0.043735803521199906,0.03212881103488956,0.1229660673304188
guangzhou_ssp245_near_2030s_typical_2031,Guangzhou,ssp245,near_2030s,typical,2031,4b8eaaf49e55af805cb15c622ff7ee932bf753ba56bcbf353ced197db6cc0186,perimeter_mid_zn_3,Middle P3,middle,207.34,8.171695402298852,0.09446526773152568,0.06479784080925285,0.02966742692227282,0.2059763925433352
guangzhou_ssp245_near_2030s_typical_2031,Guangzhou,ssp245,near_2030s,typical,2031,4b8eaaf49e55af805cb15c622ff7ee932bf753ba56bcbf353ced197db6cc0186,perimeter_mid_zn_2,Middle P2,middle,131.26,4.465996168582375,0.08112396692683582,0.049848613659465434,0.031275353267370395,0.15139280540698305
guangzhou_ssp245_near_2030s_typical_2031,Guangzhou,ssp245,near_2030s,typical,2031,4b8eaaf49e55af805cb15c622ff7ee932bf753ba56bcbf353ced197db6cc0186,perimeter_mid_zn_1,Middle P1,middle,207.34,14.284003831417625,0.11692200102230882,0.08981649960238233,0.027105501419926483,0.30704316595158726
guangzhou_ssp245_near_2030s_typical_2031,Guangzhou,ssp245,near_2030s,typical,2031,4b8eaaf49e55af805cb15c622ff7ee932bf753ba56bcbf353ced197db6cc0186,perimeter_mid_zn_4,Middle P4,middle,131.25,3.5859674329501914,0.08011177762127633,0.049170767191495976,0.030941010429780355,0.1541668851965879
guangzhou_ssp585_baseline_2020s_heatwave_extreme_2026,Guangzhou,ssp585,baseline_2020s,heatwave_extreme,2026,f79cde6490e472796c9f94a820bc3addd0cfcd0189aa8d6a7011295ca14ed164,core_bottom,Core bottom,bottom,983.54,3.5261015325670497,0.08770596780204276,0.05845237955971981,0.029253588242322954,0.21423341955181327
guangzhou_ssp585_baseline_2020s_heatwave_extreme_2026,Guangzhou,ssp585,baseline_2020s,heatwave_extreme,2026,f79cde6490e472796c9f94a820bc3addd0cfcd0189aa8d6a7011295ca14ed164,core_mid,Core middle,middle,983.54,7.7526340996168575,0.09068945888297464,0.06162030424947683,0.029069154633497806,0.2105967734633358
guangzhou_ssp585_baseline_2020s_heatwave_extreme_2026,Guangzhou,ssp585,baseline_2020s,heatwave_extreme,2026,f79cde6490e472796c9f94a820bc3addd0cfcd0189aa8d6a7011295ca14ed164,core_top,Core top,top,983.54,6.645114942528736,0.08539243051824624,0.054817197153699794,0.030575233364546442,0.17565042839350606
guangzhou_ssp585_baseline_2020s_heatwave_extreme_2026,Guangzhou,ssp585,baseline_2020s,heatwave_extreme,2026,f79cde6490e472796c9f94a820bc3addd0cfcd0189aa8d6a7011295ca14ed164,perimeter_top_zn_3,Top P3,top,207.34,9.931752873563218,0.09891737063350506,0.06889910851751313,0.03001826211599193,0.21254684917806865
guangzhou_ssp585_baseline_2020s_heatwave_extreme_2026,Guangzhou,ssp585,baseline_2020s,heatwave_extreme,2026,f79cde6490e472796c9f94a820bc3addd0cfcd0189aa8d6a7011295ca14ed164,perimeter_top_zn_2,Top P2,top,131.26,6.8486590038314175,0.08710197047053897,0.05633078328902714,0.030771187181511832,0.17199340064879054
guangzhou_ssp585_baseline_2020s_heatwave_extreme_2026,Guangzhou,ssp585,baseline_2020s,heatwave_extreme,2026,f79cde6490e472796c9f94a820bc3addd0cfcd0189aa8d6a7011295ca14ed164,perimeter_top_zn_1,Top P1,top,207.34,12.72749042145594,0.11075473159052172,0.08288200933093043,0.027872722259591292,0.282873057305868
guangzhou_ssp585_baseline_2020s_heatwave_extreme_2026,Guangzhou,ssp585,baseline_2020s,heatwave_extreme,2026,f79cde6490e472796c9f94a820bc3addd0cfcd0189aa8d6a7011295ca14ed164,perimeter_top_zn_4,Top P4,top,131.25,6.184147509578544,0.08516130742530365,0.05426785393925366,0.03089345348604999,0.16798888627398137
guangzhou_ssp585_baseline_2020s_heatwave_extreme_2026,Guangzhou,ssp585,baseline_2020s,heatwave_extreme,2026,f79cde6490e472796c9f94a820bc3addd0cfcd0189aa8d6a7011295ca14ed164,perimeter_bot_zn_3,Bottom P3,bottom,207.34,7.357519157088123,0.09338237833924659,0.06285866678680581,0.030523711552440793,0.18675191559728688
guangzhou_ssp585_baseline_2020s_heatwave_extreme_2026,Guangzhou,ssp585,baseline_2020s,heatwave_extreme,2026,f79cde6490e472796c9f94a820bc3addd0cfcd0189aa8d6a7011295ca14ed164,perimeter_bot_zn_2,Bottom P2,bottom,131.26,3.867337164750958,0.08081894434646278,0.0492833573308727,0.03153558701559008,0.14125038466716158
guangzhou_ssp585_baseline_2020s_heatwave_extreme_2026,Guangzhou,ssp585,baseline_2020s,heatwave_extreme,2026,f79cde6490e472796c9f94a820bc3addd0cfcd0189aa8d6a7011295ca14ed164,perimeter_bot_zn_1,Bottom P1,bottom,207.34,22.910680076628353,0.12742677553241513,0.10010340250894727,0.02732337302346785,0.31973406992679043
guangzhou_ssp585_baseline_2020s_heatwave_extreme_2026,Guangzhou,ssp585,baseline_2020s,heatwave_extreme,2026,f79cde6490e472796c9f94a820bc3addd0cfcd0189aa8d6a7011295ca14ed164,perimeter_bot_zn_4,Bottom P4,bottom,131.25,2.957375478927203,0.07974532856989537,0.048488299129642295,0.03125702944025308,0.14761656194952663
guangzhou_ssp585_baseline_2020s_heatwave_extreme_2026,Guangzhou,ssp585,baseline_2020s,heatwave_extreme,2026,f79cde6490e472796c9f94a820bc3addd0cfcd0189aa8d6a7011295ca14ed164,perimeter_mid_zn_3,Middle P3,middle,207.34,12.55387931034483,0.10588735436068206,0.07737064845325876,0.028516705907423293,0.25239312284473925
guangzhou_ssp585_baseline_2020s_heatwave_extreme_2026,Guangzhou,ssp585,baseline_2020s,heatwave_extreme,2026,f79cde6490e472796c9f94a820bc3addd0cfcd0189aa8d6a7011295ca14ed164,perimeter_mid_zn_2,Middle P2,middle,131.26,6.950431034482758,0.08711721703776289,0.056883664424203326,0.030233552613559558,0.1817911303097893
guangzhou_ssp585_baseline_2020s_heatwave_extreme_2026,Guangzhou,ssp585,baseline_2020s,heatwave_extreme,2026,f79cde6490e472796c9f94a820bc3addd0cfcd0189aa8d6a7011295ca14ed164,perimeter_mid_zn_1,Middle P1,middle,207.34,17.64248084291188,0.12410898281214937,0.09792852340514996,0.026180459406999406,0.3430022968028712
guangzhou_ssp585_baseline_2020s_heatwave_extreme_2026,Guangzhou,ssp585,baseline_2020s,heatwave_extreme,2026,f79cde6490e472796c9f94a820bc3addd0cfcd0189aa8d6a7011295ca14ed164,perimeter_mid_zn_4,Middle P4,middle,131.25,6.184147509578544,0.08625176019100847,0.056191754390680054,0.030060005800328415,0.18272827997027627
guangzhou_ssp585_baseline_2020s_hot_2028,Guangzhou,ssp585,baseline_2020s,hot,2028,03fc7a26479d5f883176694bb214b37f7910a1ae373e3737c2ba024246896975,core_bottom,Core bottom,bottom,983.54,1.8438697318007662,0.08410971614196977,0.0545245382206767,0.029585177921293074,0.1943415989414646
guangzhou_ssp585_baseline_2020s_hot_2028,Guangzhou,ssp585,baseline_2020s,hot,2028,03fc7a26479d5f883176694bb214b37f7910a1ae373e3737c2ba024246896975,core_mid,Core middle,middle,983.54,6.812739463601533,0.08876207179537755,0.059329611558816844,0.029432460236560706,0.19538297241320315
guangzhou_ssp585_baseline_2020s_hot_2028,Guangzhou,ssp585,baseline_2020s,hot,2028,03fc7a26479d5f883176694bb214b37f7910a1ae373e3737c2ba024246896975,core_top,Core top,top,983.54,5.747126436781609,0.08295035805670059,0.05214579363575007,0.03080456442095052,0.16210981233377483
guangzhou_ssp585_baseline_2020s_hot_2028,Guangzhou,ssp585,baseline_2020s,hot,2028,03fc7a26479d5f883176694bb214b37f7910a1ae373e3737c2ba024246896975,perimeter_top_zn_3,Top P3,top,207.34,8.734434865900383,0.09493562142561271,0.0646599762764928,0.030275645149119915,0.19638850769938573
guangzhou_ssp585_baseline_2020s_hot_2028,Guangzhou,ssp585,baseline_2020s,hot,2028,03fc7a26479d5f883176694bb214b37f7910a1ae373e3737c2ba024246896975,perimeter_top_zn_2,Top P2,top,131.26,5.8788314176245215,0.08470325448323754,0.05363736061927491,0.03106589386396262,0.16008829483327514
guangzhou_ssp585_baseline_2020s_hot_2028,Guangzhou,ssp585,baseline_2020s,hot,2028,03fc7a26479d5f883176694bb214b37f7910a1ae373e3737c2ba024246896975,perimeter_top_zn_1,Top P1,top,207.34,11.943247126436782,0.1100536147708599,0.08233554128556775,0.027718073485292146,0.2740346777630644
guangzhou_ssp585_baseline_2020s_hot_2028,Guangzhou,ssp585,baseline_2020s,hot,2028,03fc7a26479d5f883176694bb214b37f7910a1ae373e3737c2ba024246896975,perimeter_top_zn_4,Top P4,top,131.25,4.974856321839081,0.08244441720134965,0.05147844646817387,0.030965970733175786,0.15503994497028956
guangzhou_ssp585_baseline_2020s_hot_2028,Guangzhou,ssp585,baseline_2020s,hot,2028,03fc7a26479d5f883176694bb214b37f7910a1ae373e3737c2ba024246896975,perimeter_bot_zn_3,Bottom P3,bottom,207.34,5.292145593869732,0.08892089851824808,0.058480818613695064,0.030440079904553014,0.17214140166353134
guangzhou_ssp585_baseline_2020s_hot_2028,Guangzhou,ssp585,baseline_2020s,hot,2028,03fc7a26479d5f883176694bb214b37f7910a1ae373e3737c2ba024246896975,perimeter_bot_zn_2,Bottom P2,bottom,131.26,2.807710727969349,0.07858584708095616,0.04698505938089706,0.031600787700059106,0.13254052691861976
guangzhou_ssp585_baseline_2020s_hot_2028,Guangzhou,ssp585,baseline_2020s,hot,2028,03fc7a26479d5f883176694bb214b37f7910a1ae373e3737c2ba024246896975,perimeter_bot_zn_1,Bottom P1,bottom,207.34,20.534003831417625,0.1257978894919824,0.0988838355300254,0.026914053961957007,0.3125522976610514
guangzhou_ssp585_baseline_2020s_hot_2028,Guangzhou,ssp585,baseline_2020s,hot,2028,03fc7a26479d5f883176694bb214b37f7910a1ae373e3737c2ba024246896975,perimeter_bot_zn_4,Bottom P4,bottom,131.25,2.2150383141762453,0.07800812112841883,0.04663462038980431,0.03137350073861452,0.13922606547569683
guangzhou_ssp585_baseline_2020s_hot_2028,Guangzhou,ssp585,baseline_2020s,hot,2028,03fc7a26479d5f883176694bb214b37f7910a1ae373e3737c2ba024246896975,perimeter_mid_zn_3,Middle P3,middle,207.34,10.530411877394636,0.10196234264576455,0.07322596065932885,0.02873638198643571,0.2363801127005948
guangzhou_ssp585_baseline_2020s_hot_2028,Guangzhou,ssp585,baseline_2020s,hot,2028,03fc7a26479d5f883176694bb214b37f7910a1ae373e3737c2ba024246896975,perimeter_mid_zn_2,Middle P2,middle,131.26,5.663314176245211,0.08434419457603762,0.05396430781539315,0.030379886760644462,0.1671126666566646
guangzhou_ssp585_baseline_2020s_hot_2028,Guangzhou,ssp585,baseline_2020s,hot,2028,03fc7a26479d5f883176694bb214b37f7910a1ae373e3737c2ba024246896975,perimeter_mid_zn_1,Middle P1,middle,207.34,16.73251915708812,0.1241320657685566,0.09848703168002733,0.025645034088529254,0.3388786197423906
guangzhou_ssp585_baseline_2020s_hot_2028,Guangzhou,ssp585,baseline_2020s,hot,2028,03fc7a26479d5f883176694bb214b37f7910a1ae373e3737c2ba024246896975,perimeter_mid_zn_4,Middle P4,middle,131.25,4.873084291187739,0.08347170675787315,0.05326430593053917,0.030207400827333968,0.16872221867157078
guangzhou_ssp585_baseline_2020s_typical_2025,Guangzhou,ssp585,baseline_2020s,typical,2025,605b7f297317456119025d97f2317012fcdb0384c3a0d521acacd031bcda85b7,core_bottom,Core bottom,bottom,983.54,1.3350095785440612,0.08158277851559304,0.05222591523025756,0.02935686328533548,0.1867865133330639
guangzhou_ssp585_baseline_2020s_typical_2025,Guangzhou,ssp585,baseline_2020s,typical,2025,605b7f297317456119025d97f2317012fcdb0384c3a0d521acacd031bcda85b7,core_mid,Core middle,middle,983.54,4.340277777777778,0.0828164480151555,0.05331908071737458,0.029497367297780925,0.17437749539380953
guangzhou_ssp585_baseline_2020s_typical_2025,Guangzhou,ssp585,baseline_2020s,typical,2025,605b7f297317456119025d97f2317012fcdb0384c3a0d521acacd031bcda85b7,core_top,Core top,top,983.54,4.424090038314176,0.07887584916022704,0.047583519281856036,0.03129232987837101,0.14297637519500614
guangzhou_ssp585_baseline_2020s_typical_2025,Guangzhou,ssp585,baseline_2020s,typical,2025,605b7f297317456119025d97f2317012fcdb0384c3a0d521acacd031bcda85b7,perimeter_top_zn_3,Top P3,top,207.34,7.016283524904214,0.08953228338313067,0.05832314439570858,0.031209138987422096,0.1694460879052734
guangzhou_ssp585_baseline_2020s_typical_2025,Guangzhou,ssp585,baseline_2020s,typical,2025,605b7f297317456119025d97f2317012fcdb0384c3a0d521acacd031bcda85b7,perimeter_top_zn_2,Top P2,top,131.26,4.406130268199234,0.08090621254878441,0.04910421982606948,0.03180199272271493,0.13977710221802792
guangzhou_ssp585_baseline_2020s_typical_2025,Guangzhou,ssp585,baseline_2020s,typical,2025,605b7f297317456119025d97f2317012fcdb0384c3a0d521acacd031bcda85b7,perimeter_top_zn_1,Top P1,top,207.34,12.38625478927203,0.10900332374785997,0.08051605798817914,0.028487265759680826,0.2611749018603483
guangzhou_ssp585_baseline_2020s_typical_2025,Guangzhou,ssp585,baseline_2020s,typical,2025,605b7f297317456119025d97f2317012fcdb0384c3a0d521acacd031bcda85b7,perimeter_top_zn_4,Top P4,top,131.25,3.3045977011494254,0.07928982155871558,0.04771458121775774,0.03157524034095784,0.13856166184889968
guangzhou_ssp585_baseline_2020s_typical_2025,Guangzhou,ssp585,baseline_2020s,typical,2025,605b7f297317456119025d97f2317012fcdb0384c3a0d521acacd031bcda85b7,perimeter_bot_zn_3,Bottom P3,bottom,207.34,3.5201149425287355,0.08424994665574036,0.05296088078940623,0.031289065866334134,0.14654307804954164
guangzhou_ssp585_baseline_2020s_typical_2025,Guangzhou,ssp585,baseline_2020s,typical,2025,605b7f297317456119025d97f2317012fcdb0384c3a0d521acacd031bcda85b7,perimeter_bot_zn_2,Bottom P2,bottom,131.26,1.730124521072797,0.07579938916606455,0.04348445304308597,0.03231493612297858,0.11400209627797196
guangzhou_ssp585_baseline_2020s_typical_2025,Guangzhou,ssp585,baseline_2020s,typical,2025,605b7f297317456119025d97f2317012fcdb0384c3a0d521acacd031bcda85b7,perimeter_bot_zn_1,Bottom P1,bottom,207.34,20.162835249042146,0.12490353747993858,0.0973864291068452,0.027517108373093385,0.29762411067344613
guangzhou_ssp585_baseline_2020s_typical_2025,Guangzhou,ssp585,baseline_2020s,typical,2025,605b7f297317456119025d97f2317012fcdb0384c3a0d521acacd031bcda85b7,perimeter_bot_zn_4,Bottom P4,bottom,131.25,1.1853448275862069,0.07532368492834864,0.04328550262314444,0.0320381823052042,0.12288764361318637
guangzhou_ssp585_baseline_2020s_typical_2025,Guangzhou,ssp585,baseline_2020s,typical,2025,605b7f297317456119025d97f2317012fcdb0384c3a0d521acacd031bcda85b7,perimeter_mid_zn_3,Middle P3,middle,207.34,7.878352490421456,0.09355490218687529,0.0641296260790713,0.02942527610780399,0.20374003535915916
guangzhou_ssp585_baseline_2020s_typical_2025,Guangzhou,ssp585,baseline_2020s,typical,2025,605b7f297317456119025d97f2317012fcdb0384c3a0d521acacd031bcda85b7,perimeter_mid_zn_2,Middle P2,middle,131.26,3.633860153256705,0.07959961471425436,0.04860837429098854,0.03099124042326582,0.14615447769737508
guangzhou_ssp585_baseline_2020s_typical_2025,Guangzhou,ssp585,baseline_2020s,typical,2025,605b7f297317456119025d97f2317012fcdb0384c3a0d521acacd031bcda85b7,perimeter_mid_zn_1,Middle P1,middle,207.34,16.187739463601535,0.12146684494450449,0.09497048024563619,0.026496364698868305,0.32130996068924966
guangzhou_ssp585_baseline_2020s_typical_2025,Guangzhou,ssp585,baseline_2020s,typical,2025,605b7f297317456119025d97f2317012fcdb0384c3a0d521acacd031bcda85b7,perimeter_mid_zn_4,Middle P4,middle,131.25,2.807710727969349,0.07883387263208885,0.0480953170672051,0.030738555564883748,0.1495413185725873
guangzhou_ssp585_late_2080s_heatwave_extreme_2086,Guangzhou,ssp585,late_2080s,heatwave_extreme,2086,313a0feb003c90b5a00ec6354356ea1890cf9ec43500ecfac0719f74b7d0b9be,core_bottom,Core bottom,bottom,983.54,30.190373563218394,0.15592746228530013,0.13181626849923322,0.024111193786066902,0.4257317112971989
guangzhou_ssp585_late_2080s_heatwave_extreme_2086,Guangzhou,ssp585,late_2080s,heatwave_extreme,2086,313a0feb003c90b5a00ec6354356ea1890cf9ec43500ecfac0719f74b7d0b9be,core_mid,Core middle,middle,983.54,37.83524904214559,0.17275116298425156,0.14988648095871795,0.0228646820255336,0.4847588326428346
guangzhou_ssp585_late_2080s_heatwave_extreme_2086,Guangzhou,ssp585,late_2080s,heatwave_extreme,2086,313a0feb003c90b5a00ec6354356ea1890cf9ec43500ecfac0719f74b7d0b9be,core_top,Core top,top,983.54,35.15325670498085,0.1617104996108133,0.13764523940937642,0.02406526020143689,0.43817017870369745
guangzhou_ssp585_late_2080s_heatwave_extreme_2086,Guangzhou,ssp585,late_2080s,heatwave_extreme,2086,313a0feb003c90b5a00ec6354356ea1890cf9ec43500ecfac0719f74b7d0b9be,perimeter_top_zn_3,Top P3,top,207.34,38.73922413793103,0.17886846041942397,0.15646500763796908,0.022403452781454898,0.5078113857419311
guangzhou_ssp585_late_2080s_heatwave_extreme_2086,Guangzhou,ssp585,late_2080s,heatwave_extreme,2086,313a0feb003c90b5a00ec6354356ea1890cf9ec43500ecfac0719f74b7d0b9be,perimeter_top_zn_2,Top P2,top,131.26,33.06393678160919,0.15713164714151706,0.13327879061688486,0.023852856524632215,0.4239745561287159
guangzhou_ssp585_late_2080s_heatwave_extreme_2086,Guangzhou,ssp585,late_2080s,heatwave_extreme,2086,313a0feb003c90b5a00ec6354356ea1890cf9ec43500ecfac0719f74b7d0b9be,perimeter_top_zn_1,Top P1,top,207.34,46.138649425287355,0.20850608771622225,0.18866408036301854,0.019842007353203704,0.6314168949962886
guangzhou_ssp585_late_2080s_heatwave_extreme_2086,Guangzhou,ssp585,late_2080s,heatwave_extreme,2086,313a0feb003c90b5a00ec6354356ea1890cf9ec43500ecfac0719f74b7d0b9be,perimeter_top_zn_4,Top P4,top,131.25,29.48395593869732,0.14345770178276196,0.11930948611722646,0.02414821566553551,0.3862476725739925
guangzhou_ssp585_late_2080s_heatwave_extreme_2086,Guangzhou,ssp585,late_2080s,heatwave_extreme,2086,313a0feb003c90b5a00ec6354356ea1890cf9ec43500ecfac0719f74b7d0b9be,perimeter_bot_zn_3,Bottom P3,bottom,207.34,37.224616858237546,0.17921635591883248,0.15608029283715413,0.023136063081678336,0.4900813156014644
guangzhou_ssp585_late_2080s_heatwave_extreme_2086,Guangzhou,ssp585,late_2080s,heatwave_extreme,2086,313a0feb003c90b5a00ec6354356ea1890cf9ec43500ecfac0719f74b7d0b9be,perimeter_bot_zn_2,Bottom P2,bottom,131.26,30.908764367816094,0.15619449980341027,0.1313570828580251,0.024837416945385164,0.3992921987851402
guangzhou_ssp585_late_2080s_heatwave_extreme_2086,Guangzhou,ssp585,late_2080s,heatwave_extreme,2086,313a0feb003c90b5a00ec6354356ea1890cf9ec43500ecfac0719f74b7d0b9be,perimeter_bot_zn_1,Bottom P1,bottom,207.34,52.861590038314176,0.2284519207738322,0.20986891059637366,0.01858301017745853,0.6972703176436478
guangzhou_ssp585_late_2080s_heatwave_extreme_2086,Guangzhou,ssp585,late_2080s,heatwave_extreme,2086,313a0feb003c90b5a00ec6354356ea1890cf9ec43500ecfac0719f74b7d0b9be,perimeter_bot_zn_4,Bottom P4,bottom,131.25,30.495689655172413,0.15158947299003633,0.1269333373594755,0.024656135630560815,0.39716725268418646
guangzhou_ssp585_late_2080s_heatwave_extreme_2086,Guangzhou,ssp585,late_2080s,heatwave_extreme,2086,313a0feb003c90b5a00ec6354356ea1890cf9ec43500ecfac0719f74b7d0b9be,perimeter_mid_zn_3,Middle P3,middle,207.34,41.780411877394634,0.18724476978079313,0.16597653445411942,0.021268235326673695,0.5484573120341378
guangzhou_ssp585_late_2080s_heatwave_extreme_2086,Guangzhou,ssp585,late_2080s,heatwave_extreme,2086,313a0feb003c90b5a00ec6354356ea1890cf9ec43500ecfac0719f74b7d0b9be,perimeter_mid_zn_2,Middle P2,middle,131.26,33.91403256704981,0.15736671073011926,0.133841889006397,0.023524821723722233,0.4306287055575922
guangzhou_ssp585_late_2080s_heatwave_extreme_2086,Guangzhou,ssp585,late_2080s,heatwave_extreme,2086,313a0feb003c90b5a00ec6354356ea1890cf9ec43500ecfac0719f74b7d0b9be,perimeter_mid_zn_1,Middle P1,middle,207.34,50.78424329501916,0.22476163643616465,0.20658099338147118,0.018180643054693482,0.699056432681861
guangzhou_ssp585_late_2080s_heatwave_extreme_2086,Guangzhou,ssp585,late_2080s,heatwave_extreme,2086,313a0feb003c90b5a00ec6354356ea1890cf9ec43500ecfac0719f74b7d0b9be,perimeter_mid_zn_4,Middle P4,middle,131.25,32.83045977011494,0.15147161817353366,0.12807141610394923,0.023400202069584423,0.4188884261206167
guangzhou_ssp585_late_2080s_hot_2086,Guangzhou,ssp585,late_2080s,hot,2086,313a0feb003c90b5a00ec6354356ea1890cf9ec43500ecfac0719f74b7d0b9be,core_bottom,Core bottom,bottom,983.54,30.190373563218394,0.15592746228530013,0.13181626849923322,0.024111193786066902,0.4257317112971989
guangzhou_ssp585_late_2080s_hot_2086,Guangzhou,ssp585,late_2080s,hot,2086,313a0feb003c90b5a00ec6354356ea1890cf9ec43500ecfac0719f74b7d0b9be,core_mid,Core middle,middle,983.54,37.83524904214559,0.17275116298425156,0.14988648095871795,0.0228646820255336,0.4847588326428346
guangzhou_ssp585_late_2080s_hot_2086,Guangzhou,ssp585,late_2080s,hot,2086,313a0feb003c90b5a00ec6354356ea1890cf9ec43500ecfac0719f74b7d0b9be,core_top,Core top,top,983.54,35.15325670498085,0.1617104996108133,0.13764523940937642,0.02406526020143689,0.43817017870369745
guangzhou_ssp585_late_2080s_hot_2086,Guangzhou,ssp585,late_2080s,hot,2086,313a0feb003c90b5a00ec6354356ea1890cf9ec43500ecfac0719f74b7d0b9be,perimeter_top_zn_3,Top P3,top,207.34,38.73922413793103,0.17886846041942397,0.15646500763796908,0.022403452781454898,0.5078113857419311
guangzhou_ssp585_late_2080s_hot_2086,Guangzhou,ssp585,late_2080s,hot,2086,313a0feb003c90b5a00ec6354356ea1890cf9ec43500ecfac0719f74b7d0b9be,perimeter_top_zn_2,Top P2,top,131.26,33.06393678160919,0.15713164714151706,0.13327879061688486,0.023852856524632215,0.4239745561287159
guangzhou_ssp585_late_2080s_hot_2086,Guangzhou,ssp585,late_2080s,hot,2086,313a0feb003c90b5a00ec6354356ea1890cf9ec43500ecfac0719f74b7d0b9be,perimeter_top_zn_1,Top P1,top,207.34,46.138649425287355,0.20850608771622225,0.18866408036301854,0.019842007353203704,0.6314168949962886
guangzhou_ssp585_late_2080s_hot_2086,Guangzhou,ssp585,late_2080s,hot,2086,313a0feb003c90b5a00ec6354356ea1890cf9ec43500ecfac0719f74b7d0b9be,perimeter_top_zn_4,Top P4,top,131.25,29.48395593869732,0.14345770178276196,0.11930948611722646,0.02414821566553551,0.3862476725739925
guangzhou_ssp585_late_2080s_hot_2086,Guangzhou,ssp585,late_2080s,hot,2086,313a0feb003c90b5a00ec6354356ea1890cf9ec43500ecfac0719f74b7d0b9be,perimeter_bot_zn_3,Bottom P3,bottom,207.34,37.224616858237546,0.17921635591883248,0.15608029283715413,0.023136063081678336,0.4900813156014644
guangzhou_ssp585_late_2080s_hot_2086,Guangzhou,ssp585,late_2080s,hot,2086,313a0feb003c90b5a00ec6354356ea1890cf9ec43500ecfac0719f74b7d0b9be,perimeter_bot_zn_2,Bottom P2,bottom,131.26,30.908764367816094,0.15619449980341027,0.1313570828580251,0.024837416945385164,0.3992921987851402
guangzhou_ssp585_late_2080s_hot_2086,Guangzhou,ssp585,late_2080s,hot,2086,313a0feb003c90b5a00ec6354356ea1890cf9ec43500ecfac0719f74b7d0b9be,perimeter_bot_zn_1,Bottom P1,bottom,207.34,52.861590038314176,0.2284519207738322,0.20986891059637366,0.01858301017745853,0.6972703176436478
guangzhou_ssp585_late_2080s_hot_2086,Guangzhou,ssp585,late_2080s,hot,2086,313a0feb003c90b5a00ec6354356ea1890cf9ec43500ecfac0719f74b7d0b9be,perimeter_bot_zn_4,Bottom P4,bottom,131.25,30.495689655172413,0.15158947299003633,0.1269333373594755,0.024656135630560815,0.39716725268418646
guangzhou_ssp585_late_2080s_hot_2086,Guangzhou,ssp585,late_2080s,hot,2086,313a0feb003c90b5a00ec6354356ea1890cf9ec43500ecfac0719f74b7d0b9be,perimeter_mid_zn_3,Middle P3,middle,207.34,41.780411877394634,0.18724476978079313,0.16597653445411942,0.021268235326673695,0.5484573120341378
guangzhou_ssp585_late_2080s_hot_2086,Guangzhou,ssp585,late_2080s,hot,2086,313a0feb003c90b5a00ec6354356ea1890cf9ec43500ecfac0719f74b7d0b9be,perimeter_mid_zn_2,Middle P2,middle,131.26,33.91403256704981,0.15736671073011926,0.133841889006397,0.023524821723722233,0.4306287055575922
guangzhou_ssp585_late_2080s_hot_2086,Guangzhou,ssp585,late_2080s,hot,2086,313a0feb003c90b5a00ec6354356ea1890cf9ec43500ecfac0719f74b7d0b9be,perimeter_mid_zn_1,Middle P1,middle,207.34,50.78424329501916,0.22476163643616465,0.20658099338147118,0.018180643054693482,0.699056432681861
guangzhou_ssp585_late_2080s_hot_2086,Guangzhou,ssp585,late_2080s,hot,2086,313a0feb003c90b5a00ec6354356ea1890cf9ec43500ecfac0719f74b7d0b9be,perimeter_mid_zn_4,Middle P4,middle,131.25,32.83045977011494,0.15147161817353366,0.12807141610394923,0.023400202069584423,0.4188884261206167
guangzhou_ssp585_late_2080s_typical_2087,Guangzhou,ssp585,late_2080s,typical,2087,4b2a940257667b0ecd917354226e45fde55e957c254dd59e3f220f3765daf614,core_bottom,Core bottom,bottom,983.54,10.147270114942529,0.10767726799308357,0.08066925102973292,0.027008016963350638,0.279037197366114
guangzhou_ssp585_late_2080s_typical_2087,Guangzhou,ssp585,late_2080s,typical,2087,4b2a940257667b0ecd917354226e45fde55e957c254dd59e3f220f3765daf614,core_mid,Core middle,middle,983.54,21.563697318007662,0.12612569011605718,0.1001880947372009,0.025937595378856287,0.3298189372301913
guangzhou_ssp585_late_2080s_typical_2087,Guangzhou,ssp585,late_2080s,typical,2087,4b2a940257667b0ecd917354226e45fde55e957c254dd59e3f220f3765daf614,core_top,Core top,top,983.54,16.45713601532567,0.11089322451876253,0.08356656720308708,0.02732665731567545,0.27284225659601147
guangzhou_ssp585_late_2080s_typical_2087,Guangzhou,ssp585,late_2080s,typical,2087,4b2a940257667b0ecd917354226e45fde55e957c254dd59e3f220f3765daf614,perimeter_top_zn_3,Top P3,top,207.34,21.98874521072797,0.132080416987031,0.10642080798126727,0.02565960900576373,0.3491290507968873
guangzhou_ssp585_late_2080s_typical_2087,Guangzhou,ssp585,late_2080s,typical,2087,4b2a940257667b0ecd917354226e45fde55e957c254dd59e3f220f3765daf614,perimeter_top_zn_2,Top P2,top,131.26,15.762691570881227,0.1089643604465048,0.08156385769647408,0.02740050275003073,0.26750542205578887
guangzhou_ssp585_late_2080s_typical_2087,Guangzhou,ssp585,late_2080s,typical,2087,4b2a940257667b0ecd917354226e45fde55e957c254dd59e3f220f3765daf614,perimeter_top_zn_1,Top P1,top,207.34,32.076149425287355,0.1680343406389574,0.1451531833251162,0.022881157313841168,0.4850871602414135
guangzhou_ssp585_late_2080s_typical_2087,Guangzhou,ssp585,late_2080s,typical,2087,4b2a940257667b0ecd917354226e45fde55e957c254dd59e3f220f3765daf614,perimeter_top_zn_4,Top P4,top,131.25,13.026819923371647,0.10212991392557784,0.07449765073266407,0.02763226319291378,0.24775705040047055
guangzhou_ssp585_late_2080s_typical_2087,Guangzhou,ssp585,late_2080s,typical,2087,4b2a940257667b0ecd917354226e45fde55e957c254dd59e3f220f3765daf614,perimeter_bot_zn_3,Bottom P3,bottom,207.34,17.810105363984675,0.12639262562680273,0.10054602158164215,0.025846604045160572,0.33080534371343445
guangzhou_ssp585_late_2080s_typical_2087,Guangzhou,ssp585,late_2080s,typical,2087,4b2a940257667b0ecd917354226e45fde55e957c254dd59e3f220f3765daf614,perimeter_bot_zn_2,Bottom P2,bottom,131.26,12.697557471264368,0.10234500415959052,0.07467166567399698,0.027673338485593547,0.2411581986197506
guangzhou_ssp585_late_2080s_typical_2087,Guangzhou,ssp585,late_2080s,typical,2087,4b2a940257667b0ecd917354226e45fde55e957c254dd59e3f220f3765daf614,perimeter_bot_zn_1,Bottom P1,bottom,207.34,43.28304597701149,0.18898527903156823,0.16805032716666604,0.02093495186490218,0.5632032515445413
guangzhou_ssp585_late_2080s_typical_2087,Guangzhou,ssp585,late_2080s,typical,2087,4b2a940257667b0ecd917354226e45fde55e957c254dd59e3f220f3765daf614,perimeter_bot_zn_4,Bottom P4,bottom,131.25,11.23682950191571,0.09997135206874794,0.07200116405096949,0.02797018801777845,0.23894327672089444
guangzhou_ssp585_late_2080s_typical_2087,Guangzhou,ssp585,late_2080s,typical,2087,4b2a940257667b0ecd917354226e45fde55e957c254dd59e3f220f3765daf614,perimeter_mid_zn_3,Middle P3,middle,207.34,27.502394636015325,0.1469108056456789,0.1225872754774563,0.0243235301682226,0.40608020023478275
guangzhou_ssp585_late_2080s_typical_2087,Guangzhou,ssp585,late_2080s,typical,2087,4b2a940257667b0ecd917354226e45fde55e957c254dd59e3f220f3765daf614,perimeter_mid_zn_2,Middle P2,middle,131.26,16.624760536398465,0.11127835411277733,0.08428867285556232,0.026989681257215,0.27804512553991195
guangzhou_ssp585_late_2080s_typical_2087,Guangzhou,ssp585,late_2080s,typical,2087,4b2a940257667b0ecd917354226e45fde55e957c254dd59e3f220f3765daf614,perimeter_mid_zn_1,Middle P1,middle,207.34,41.43917624521073,0.19226176427340852,0.1712192182356208,0.021042546037787713,0.5727014060589081
guangzhou_ssp585_late_2080s_typical_2087,Guangzhou,ssp585,late_2080s,typical,2087,4b2a940257667b0ecd917354226e45fde55e957c254dd59e3f220f3765daf614,perimeter_mid_zn_4,Middle P4,middle,131.25,15.277777777777779,0.10814276258526132,0.08137032633181884,0.02677243625344247,0.2733146538913383
guangzhou_ssp585_mid_2050s_heatwave_extreme_2059,Guangzhou,ssp585,mid_2050s,heatwave_extreme,2059,95be191c078c5d563953e053d8d123c8e9ee2dde0cbc497fa2da8ebc1a41d573,core_bottom,Core bottom,bottom,983.54,5.256226053639847,0.09661052603342828,0.06822880173926742,0.02838172429416086,0.2427937747542695
guangzhou_ssp585_mid_2050s_heatwave_extreme_2059,Guangzhou,ssp585,mid_2050s,heatwave_extreme,2059,95be191c078c5d563953e053d8d123c8e9ee2dde0cbc497fa2da8ebc1a41d573,core_mid,Core middle,middle,983.54,14.242097701149426,0.10873915682919737,0.08119753663576658,0.027541620193430785,0.271685800283607
guangzhou_ssp585_mid_2050s_heatwave_extreme_2059,Guangzhou,ssp585,mid_2050s,heatwave_extreme,2059,95be191c078c5d563953e053d8d123c8e9ee2dde0cbc497fa2da8ebc1a41d573,core_top,Core top,top,983.54,11.069204980842912,0.09899119091642206,0.07008051066880179,0.02891068024762027,0.22795519900948105
guangzhou_ssp585_mid_2050s_heatwave_extreme_2059,Guangzhou,ssp585,mid_2050s,heatwave_extreme,2059,95be191c078c5d563953e053d8d123c8e9ee2dde0cbc497fa2da8ebc1a41d573,perimeter_top_zn_3,Top P3,top,207.34,15.73874521072797,0.11630218767027058,0.08838881440152917,0.027913373268741406,0.2862100349002715
guangzhou_ssp585_mid_2050s_heatwave_extreme_2059,Guangzhou,ssp585,mid_2050s,heatwave_extreme,2059,95be191c078c5d563953e053d8d123c8e9ee2dde0cbc497fa2da8ebc1a41d573,perimeter_top_zn_2,Top P2,top,131.26,11.230842911877396,0.10051306764940275,0.07131103285432434,0.029202034795078404,0.2280871750610433
guangzhou_ssp585_mid_2050s_heatwave_extreme_2059,Guangzhou,ssp585,mid_2050s,heatwave_extreme,2059,95be191c078c5d563953e053d8d123c8e9ee2dde0cbc497fa2da8ebc1a41d573,perimeter_top_zn_1,Top P1,top,207.34,22.6352969348659,0.13987365772200447,0.11443970429385884,0.02543395342814564,0.387419985314666
guangzhou_ssp585_mid_2050s_heatwave_extreme_2059,Guangzhou,ssp585,mid_2050s,heatwave_extreme,2059,95be191c078c5d563953e053d8d123c8e9ee2dde0cbc497fa2da8ebc1a41d573,perimeter_top_zn_4,Top P4,top,131.25,10.081417624521073,0.0958844289509836,0.06655941032979618,0.029325018621187422,0.2161222233637309
guangzhou_ssp585_mid_2050s_heatwave_extreme_2059,Guangzhou,ssp585,mid_2050s,heatwave_extreme,2059,95be191c078c5d563953e053d8d123c8e9ee2dde0cbc497fa2da8ebc1a41d573,perimeter_bot_zn_3,Bottom P3,bottom,207.34,11.973180076628353,0.11012488066562129,0.08175409077347784,0.02837078989214345,0.2573001483897706
guangzhou_ssp585_mid_2050s_heatwave_extreme_2059,Guangzhou,ssp585,mid_2050s,heatwave_extreme,2059,95be191c078c5d563953e053d8d123c8e9ee2dde0cbc497fa2da8ebc1a41d573,perimeter_bot_zn_2,Bottom P2,bottom,131.26,7.291666666666667,0.09184994477909919,0.06207795790251669,0.0297719868765825,0.19344550003390662
guangzhou_ssp585_mid_2050s_heatwave_extreme_2059,Guangzhou,ssp585,mid_2050s,heatwave_extreme,2059,95be191c078c5d563953e053d8d123c8e9ee2dde0cbc497fa2da8ebc1a41d573,perimeter_bot_zn_1,Bottom P1,bottom,207.34,33.90804597701149,0.15978622564553807,0.1351944198017343,0.024591805843803768,0.43896936991835317
guangzhou_ssp585_mid_2050s_heatwave_extreme_2059,Guangzhou,ssp585,mid_2050s,heatwave_extreme,2059,95be191c078c5d563953e053d8d123c8e9ee2dde0cbc497fa2da8ebc1a41d573,perimeter_bot_zn_4,Bottom P4,bottom,131.25,6.609195402298851,0.09099128590845432,0.061112761976484166,0.02987852393197015,0.19749029279791452
guangzhou_ssp585_mid_2050s_heatwave_extreme_2059,Guangzhou,ssp585,mid_2050s,heatwave_extreme,2059,95be191c078c5d563953e053d8d123c8e9ee2dde0cbc497fa2da8ebc1a41d573,perimeter_mid_zn_3,Middle P3,middle,207.34,20.061063218390803,0.12636402761237495,0.09967784631037924,0.02668618130199571,0.33025165660839473
guangzhou_ssp585_mid_2050s_heatwave_extreme_2059,Guangzhou,ssp585,mid_2050s,heatwave_extreme,2059,95be191c078c5d563953e053d8d123c8e9ee2dde0cbc497fa2da8ebc1a41d573,perimeter_mid_zn_2,Middle P2,middle,131.26,11.835488505747128,0.10149367214510317,0.07273792429118849,0.028755747853914677,0.23596318155512305
guangzhou_ssp585_mid_2050s_heatwave_extreme_2059,Guangzhou,ssp585,mid_2050s,heatwave_extreme,2059,95be191c078c5d563953e053d8d123c8e9ee2dde0cbc497fa2da8ebc1a41d573,perimeter_mid_zn_1,Middle P1,middle,207.34,29.280411877394634,0.157754671231602,0.13397285180188442,0.023781819429717577,0.4578149031327873
guangzhou_ssp585_mid_2050s_heatwave_extreme_2059,Guangzhou,ssp585,mid_2050s,heatwave_extreme,2059,95be191c078c5d563953e053d8d123c8e9ee2dde0cbc497fa2da8ebc1a41d573,perimeter_mid_zn_4,Middle P4,middle,131.25,11.548132183908045,0.09964810769024099,0.07105380370063302,0.028594303989607973,0.23553972581587762
guangzhou_ssp585_mid_2050s_hot_2057,Guangzhou,ssp585,mid_2050s,hot,2057,254f7d1de622747dbedf9c3fb6517ed1024f4fc1f3f69cddf681f9758e064c2b,core_bottom,Core bottom,bottom,983.54,3.6278735632183907,0.09047901425587586,0.06229872975014043,0.02818028450573543,0.2186925877309247
guangzhou_ssp585_mid_2050s_hot_2057,Guangzhou,ssp585,mid_2050s,hot,2057,254f7d1de622747dbedf9c3fb6517ed1024f4fc1f3f69cddf681f9758e064c2b,core_mid,Core middle,middle,983.54,11.578065134099617,0.1011076110021367,0.0735269258405065,0.02758068516163019,0.24218280993691538
guangzhou_ssp585_mid_2050s_hot_2057,Guangzhou,ssp585,mid_2050s,hot,2057,254f7d1de622747dbedf9c3fb6517ed1024f4fc1f3f69cddf681f9758e064c2b,core_top,Core top,top,983.54,8.818247126436782,0.092382270917181,0.06318570716424543,0.029196563752935563,0.20004746579615343
guangzhou_ssp585_mid_2050s_hot_2057,Guangzhou,ssp585,mid_2050s,hot,2057,254f7d1de622747dbedf9c3fb6517ed1024f4fc1f3f69cddf681f9758e064c2b,perimeter_top_zn_3,Top P3,top,207.34,13.469827586206899,0.10876788509472396,0.08091564874838943,0.027852236346334533,0.2575216904750068
guangzhou_ssp585_mid_2050s_hot_2057,Guangzhou,ssp585,mid_2050s,hot,2057,254f7d1de622747dbedf9c3fb6517ed1024f4fc1f3f69cddf681f9758e064c2b,perimeter_top_zn_2,Top P2,top,131.26,9.542624521072797,0.09394530120142468,0.06456200151263346,0.029383299688791224,0.1970472407854944
guangzhou_ssp585_mid_2050s_hot_2057,Guangzhou,ssp585,mid_2050s,hot,2057,254f7d1de622747dbedf9c3fb6517ed1024f4fc1f3f69cddf681f9758e064c2b,perimeter_top_zn_1,Top P1,top,207.34,19.127155172413794,0.12987170516153057,0.10423168810148022,0.02564001706005036,0.3535523189694961
guangzhou_ssp585_mid_2050s_hot_2057,Guangzhou,ssp585,mid_2050s,hot,2057,254f7d1de622747dbedf9c3fb6517ed1024f4fc1f3f69cddf681f9758e064c2b,perimeter_top_zn_4,Top P4,top,131.25,8.261494252873563,0.08984831469415334,0.06062594306439124,0.02922237162976211,0.18936591022298954
guangzhou_ssp585_mid_2050s_hot_2057,Guangzhou,ssp585,mid_2050s,hot,2057,254f7d1de622747dbedf9c3fb6517ed1024f4fc1f3f69cddf681f9758e064c2b,perimeter_bot_zn_3,Bottom P3,bottom,207.34,9.123563218390805,0.10287769373253573,0.07492810505867394,0.027949588673861794,0.23574357741731494
guangzhou_ssp585_mid_2050s_hot_2057,Guangzhou,ssp585,mid_2050s,hot,2057,254f7d1de622747dbedf9c3fb6517ed1024f4fc1f3f69cddf681f9758e064c2b,perimeter_bot_zn_2,Bottom P2,bottom,131.26,5.034722222222222,0.08670714106667492,0.05689683726178509,0.02981030380488982,0.16937667200394652
guangzhou_ssp585_mid_2050s_hot_2057,Guangzhou,ssp585,mid_2050s,hot,2057,254f7d1de622747dbedf9c3fb6517ed1024f4fc1f3f69cddf681f9758e064c2b,perimeter_bot_zn_1,Bottom P1,bottom,207.34,30.058668582375482,0.15295121810162654,0.12899852788998653,0.02395269021164,0.4224408674973787
guangzhou_ssp585_mid_2050s_hot_2057,Guangzhou,ssp585,mid_2050s,hot,2057,254f7d1de622747dbedf9c3fb6517ed1024f4fc1f3f69cddf681f9758e064c2b,perimeter_bot_zn_4,Bottom P4,bottom,131.25,4.807231800766284,0.08509845507746674,0.05533607634870733,0.029762378728759413,0.17395453996543433
guangzhou_ssp585_mid_2050s_hot_2057,Guangzhou,ssp585,mid_2050s,hot,2057,254f7d1de622747dbedf9c3fb6517ed1024f4fc1f3f69cddf681f9758e064c2b,perimeter_mid_zn_3,Middle P3,middle,207.34,16.983955938697317,0.11846806101399626,0.09196630680180463,0.02650175421219163,0.30269601349113057
guangzhou_ssp585_mid_2050s_hot_2057,Guangzhou,ssp585,mid_2050s,hot,2057,254f7d1de622747dbedf9c3fb6517ed1024f4fc1f3f69cddf681f9758e064c2b,perimeter_mid_zn_2,Middle P2,middle,131.26,9.67432950191571,0.09367726407399599,0.06472996094451872,0.028947303129477277,0.20203233169384044
guangzhou_ssp585_mid_2050s_hot_2057,Guangzhou,ssp585,mid_2050s,hot,2057,254f7d1de622747dbedf9c3fb6517ed1024f4fc1f3f69cddf681f9758e064c2b,perimeter_mid_zn_1,Middle P1,middle,207.34,25.16163793103448,0.14804294085647998,0.12424271678605779,0.023800224070422198,0.42733372511780726
guangzhou_ssp585_mid_2050s_hot_2057,Guangzhou,ssp585,mid_2050s,hot,2057,254f7d1de622747dbedf9c3fb6517ed1024f4fc1f3f69cddf681f9758e064c2b,perimeter_mid_zn_4,Middle P4,middle,131.25,8.465038314176246,0.09163823658827928,0.06295097662828206,0.028687259959997217,0.20236575768906223
guangzhou_ssp585_mid_2050s_typical_2050,Guangzhou,ssp585,mid_2050s,typical,2050,c230f3f718999ad57b2d2016437262084710f839a769a26151502e1b52f0c2c3,core_bottom,Core bottom,bottom,983.54,5.136494252873564,0.09309817068216623,0.06528899130659888,0.02780917937556735,0.22874792750304948
guangzhou_ssp585_mid_2050s_typical_2050,Guangzhou,ssp585,mid_2050s,typical,2050,c230f3f718999ad57b2d2016437262084710f839a769a26151502e1b52f0c2c3,core_mid,Core middle,middle,983.54,12.47006704980843,0.10256069142155257,0.0750446666576351,0.027516024763917464,0.2459735747459827
guangzhou_ssp585_mid_2050s_typical_2050,Guangzhou,ssp585,mid_2050s,typical,2050,c230f3f718999ad57b2d2016437262084710f839a769a26151502e1b52f0c2c3,core_top,Core top,top,983.54,9.91977969348659,0.09503700851172969,0.06584252942394968,0.029194479087780015,0.20527699419972384
guangzhou_ssp585_mid_2050s_typical_2050,Guangzhou,ssp585,mid_2050s,typical,2050,c230f3f718999ad57b2d2016437262084710f839a769a26151502e1b52f0c2c3,perimeter_top_zn_3,Top P3,top,207.34,14.403735632183908,0.11158893492766518,0.08296040968922185,0.028628525238443333,0.2554371959992149
guangzhou_ssp585_mid_2050s_typical_2050,Guangzhou,ssp585,mid_2050s,typical,2050,c230f3f718999ad57b2d2016437262084710f839a769a26151502e1b52f0c2c3,perimeter_top_zn_2,Top P2,top,131.26,10.943486590038313,0.0970339812003686,0.06730846798026682,0.029725513220101776,0.20228343552653283
guangzhou_ssp585_mid_2050s_typical_2050,Guangzhou,ssp585,mid_2050s,typical,2050,c230f3f718999ad57b2d2016437262084710f839a769a26151502e1b52f0c2c3,perimeter_top_zn_1,Top P1,top,207.34,18.127394636015325,0.12790843876642627,0.10173397176917749,0.02617446699724876,0.33653548436475456
guangzhou_ssp585_mid_2050s_typical_2050,Guangzhou,ssp585,mid_2050s,typical,2050,c230f3f718999ad57b2d2016437262084710f839a769a26151502e1b52f0c2c3,perimeter_top_zn_4,Top P4,top,131.25,9.267241379310345,0.09246852346640484,0.06278903661781951,0.029679486848585332,0.19127947840224468
guangzhou_ssp585_mid_2050s_typical_2050,Guangzhou,ssp585,mid_2050s,typical,2050,c230f3f718999ad57b2d2016437262084710f839a769a26151502e1b52f0c2c3,perimeter_bot_zn_3,Bottom P3,bottom,207.34,10.602250957854405,0.10405640069224305,0.07527114997514867,0.028785250717094386,0.2310954329148251
guangzhou_ssp585_mid_2050s_typical_2050,Guangzhou,ssp585,mid_2050s,typical,2050,c230f3f718999ad57b2d2016437262084710f839a769a26151502e1b52f0c2c3,perimeter_bot_zn_2,Bottom P2,bottom,131.26,6.920498084291188,0.08838413610430919,0.05801008092259571,0.030374055181713475,0.17046622060386027
guangzhou_ssp585_mid_2050s_typical_2050,Guangzhou,ssp585,mid_2050s,typical,2050,c230f3f718999ad57b2d2016437262084710f839a769a26151502e1b52f0c2c3,perimeter_bot_zn_1,Bottom P1,bottom,207.34,27.783764367816094,0.1438712955164279,0.1184224234155729,0.025448872100855013,0.38009222367834583
guangzhou_ssp585_mid_2050s_typical_2050,Guangzhou,ssp585,mid_2050s,typical,2050,c230f3f718999ad57b2d2016437262084710f839a769a26151502e1b52f0c2c3,perimeter_bot_zn_4,Bottom P4,bottom,131.25,6.130268199233716,0.08747250033223375,0.05753246555723726,0.02994003477499649,0.17605585204718907
guangzhou_ssp585_mid_2050s_typical_2050,Guangzhou,ssp585,mid_2050s,typical,2050,c230f3f718999ad57b2d2016437262084710f839a769a26151502e1b52f0c2c3,perimeter_mid_zn_3,Middle P3,middle,207.34,17.678400383141764,0.12039808671517495,0.09337785497640744,0.027020231738767518,0.3012710190845289
guangzhou_ssp585_mid_2050s_typical_2050,Guangzhou,ssp585,mid_2050s,typical,2050,c230f3f718999ad57b2d2016437262084710f839a769a26151502e1b52f0c2c3,perimeter_mid_zn_2,Middle P2,middle,131.26,11.33860153256705,0.09687651996727989,0.06790055465814034,0.028975965309139564,0.21039427074308523
guangzhou_ssp585_mid_2050s_typical_2050,Guangzhou,ssp585,mid_2050s,typical,2050,c230f3f718999ad57b2d2016437262084710f839a769a26151502e1b52f0c2c3,perimeter_mid_zn_1,Middle P1,middle,207.34,23.49137931034483,0.1437604887077531,0.11953187987688524,0.024228608830867852,0.40497521133626846
guangzhou_ssp585_mid_2050s_typical_2050,Guangzhou,ssp585,mid_2050s,typical,2050,c230f3f718999ad57b2d2016437262084710f839a769a26151502e1b52f0c2c3,perimeter_mid_zn_4,Middle P4,middle,131.25,9.77610153256705,0.09456647247477132,0.0659258776694274,0.02864059480534393,0.20909101367402158
guangzhou_ssp585_near_2030s_heatwave_extreme_2033,Guangzhou,ssp585,near_2030s,heatwave_extreme,2033,af9bf2f793d00dca36a271e21bfc405a982920d2dc893297255af9347cf0cd7b,core_bottom,Core bottom,bottom,983.54,2.8795498084291187,0.08837030359845603,0.05927446401162632,0.029095839586829715,0.21022232989975467
guangzhou_ssp585_near_2030s_heatwave_extreme_2033,Guangzhou,ssp585,near_2030s,heatwave_extreme,2033,af9bf2f793d00dca36a271e21bfc405a982920d2dc893297255af9347cf0cd7b,core_mid,Core middle,middle,983.54,8.75838122605364,0.09503742106631811,0.06634993327767508,0.02868748778864303,0.21836649172013262
guangzhou_ssp585_near_2030s_heatwave_extreme_2033,Guangzhou,ssp585,near_2030s,heatwave_extreme,2033,af9bf2f793d00dca36a271e21bfc405a982920d2dc893297255af9347cf0cd7b,core_top,Core top,top,983.54,7.387452107279693,0.0890505753054971,0.05892478908473266,0.030125786220764457,0.18458717866022425
guangzhou_ssp585_near_2030s_heatwave_extreme_2033,Guangzhou,ssp585,near_2030s,heatwave_extreme,2033,af9bf2f793d00dca36a271e21bfc405a982920d2dc893297255af9347cf0cd7b,perimeter_top_zn_3,Top P3,top,207.34,12.278496168582375,0.10556707750378985,0.07620124203680169,0.02936583546698816,0.23259110783874587
guangzhou_ssp585_near_2030s_heatwave_extreme_2033,Guangzhou,ssp585,near_2030s,heatwave_extreme,2033,af9bf2f793d00dca36a271e21bfc405a982920d2dc893297255af9347cf0cd7b,perimeter_top_zn_2,Top P2,top,131.26,8.35727969348659,0.09178293090278491,0.061421683072192784,0.03036124783059213,0.18140204804550605
guangzhou_ssp585_near_2030s_heatwave_extreme_2033,Guangzhou,ssp585,near_2030s,heatwave_extreme,2033,af9bf2f793d00dca36a271e21bfc405a982920d2dc893297255af9347cf0cd7b,perimeter_top_zn_1,Top P1,top,207.34,16.28352490421456,0.12188467350070019,0.09443020251314414,0.02745447098755604,0.31305153639621114
guangzhou_ssp585_near_2030s_heatwave_extreme_2033,Guangzhou,ssp585,near_2030s,heatwave_extreme,2033,af9bf2f793d00dca36a271e21bfc405a982920d2dc893297255af9347cf0cd7b,perimeter_top_zn_4,Top P4,top,131.25,7.6867816091954015,0.0892241771439104,0.05871182949318135,0.03051234765072905,0.1759700808683429
guangzhou_ssp585_near_2030s_heatwave_extreme_2033,Guangzhou,ssp585,near_2030s,heatwave_extreme,2033,af9bf2f793d00dca36a271e21bfc405a982920d2dc893297255af9347cf0cd7b,perimeter_bot_zn_3,Bottom P3,bottom,207.34,8.189655172413794,0.09721287580673543,0.06757308895960834,0.0296397868471271,0.20273414945090826
guangzhou_ssp585_near_2030s_heatwave_extreme_2033,Guangzhou,ssp585,near_2030s,heatwave_extreme,2033,af9bf2f793d00dca36a271e21bfc405a982920d2dc893297255af9347cf0cd7b,perimeter_bot_zn_2,Bottom P2,bottom,131.26,4.376197318007663,0.08339958893616295,0.05239377625016058,0.031005812686002367,0.148604834351222
guangzhou_ssp585_near_2030s_heatwave_extreme_2033,Guangzhou,ssp585,near_2030s,heatwave_extreme,2033,af9bf2f793d00dca36a271e21bfc405a982920d2dc893297255af9347cf0cd7b,perimeter_bot_zn_1,Bottom P1,bottom,207.34,24.257662835249043,0.13631791918184413,0.10985083942882756,0.026467079753016584,0.3472315269918458
guangzhou_ssp585_near_2030s_heatwave_extreme_2033,Guangzhou,ssp585,near_2030s,heatwave_extreme,2033,af9bf2f793d00dca36a271e21bfc405a982920d2dc893297255af9347cf0cd7b,perimeter_bot_zn_4,Bottom P4,bottom,131.25,3.9331896551724137,0.08266517988411028,0.05176896205841219,0.03089621782569809,0.15483912249562803
guangzhou_ssp585_near_2030s_heatwave_extreme_2033,Guangzhou,ssp585,near_2030s,heatwave_extreme,2033,af9bf2f793d00dca36a271e21bfc405a982920d2dc893297255af9347cf0cd7b,perimeter_mid_zn_3,Middle P3,middle,207.34,14.774904214559387,0.11172130575035703,0.08364260553302497,0.028078700217332064,0.27012786047596493
guangzhou_ssp585_near_2030s_heatwave_extreme_2033,Guangzhou,ssp585,near_2030s,heatwave_extreme,2033,af9bf2f793d00dca36a271e21bfc405a982920d2dc893297255af9347cf0cd7b,perimeter_mid_zn_2,Middle P2,middle,131.26,7.962164750957855,0.0908456046253799,0.06087575891179834,0.029969845713581557,0.1862985994982243
guangzhou_ssp585_near_2030s_heatwave_extreme_2033,Guangzhou,ssp585,near_2030s,heatwave_extreme,2033,af9bf2f793d00dca36a271e21bfc405a982920d2dc893297255af9347cf0cd7b,perimeter_mid_zn_1,Middle P1,middle,207.34,21.048850574712645,0.13503922852832778,0.10931946066401317,0.025719767864314607,0.3721432075449772
guangzhou_ssp585_near_2030s_heatwave_extreme_2033,Guangzhou,ssp585,near_2030s,heatwave_extreme,2033,af9bf2f793d00dca36a271e21bfc405a982920d2dc893297255af9347cf0cd7b,perimeter_mid_zn_4,Middle P4,middle,131.25,7.435344827586207,0.08947195034584862,0.05971425320063067,0.029757697145217962,0.18875312752711343
guangzhou_ssp585_near_2030s_hot_2033,Guangzhou,ssp585,near_2030s,hot,2033,af9bf2f793d00dca36a271e21bfc405a982920d2dc893297255af9347cf0cd7b,core_bottom,Core bottom,bottom,983.54,2.8795498084291187,0.08837030359845603,0.05927446401162632,0.029095839586829715,0.21022232989975467
guangzhou_ssp585_near_2030s_hot_2033,Guangzhou,ssp585,near_2030s,hot,2033,af9bf2f793d00dca36a271e21bfc405a982920d2dc893297255af9347cf0cd7b,core_mid,Core middle,middle,983.54,8.75838122605364,0.09503742106631811,0.06634993327767508,0.02868748778864303,0.21836649172013262
guangzhou_ssp585_near_2030s_hot_2033,Guangzhou,ssp585,near_2030s,hot,2033,af9bf2f793d00dca36a271e21bfc405a982920d2dc893297255af9347cf0cd7b,core_top,Core top,top,983.54,7.387452107279693,0.0890505753054971,0.05892478908473266,0.030125786220764457,0.18458717866022425
guangzhou_ssp585_near_2030s_hot_2033,Guangzhou,ssp585,near_2030s,hot,2033,af9bf2f793d00dca36a271e21bfc405a982920d2dc893297255af9347cf0cd7b,perimeter_top_zn_3,Top P3,top,207.34,12.278496168582375,0.10556707750378985,0.07620124203680169,0.02936583546698816,0.23259110783874587
guangzhou_ssp585_near_2030s_hot_2033,Guangzhou,ssp585,near_2030s,hot,2033,af9bf2f793d00dca36a271e21bfc405a982920d2dc893297255af9347cf0cd7b,perimeter_top_zn_2,Top P2,top,131.26,8.35727969348659,0.09178293090278491,0.061421683072192784,0.03036124783059213,0.18140204804550605
guangzhou_ssp585_near_2030s_hot_2033,Guangzhou,ssp585,near_2030s,hot,2033,af9bf2f793d00dca36a271e21bfc405a982920d2dc893297255af9347cf0cd7b,perimeter_top_zn_1,Top P1,top,207.34,16.28352490421456,0.12188467350070019,0.09443020251314414,0.02745447098755604,0.31305153639621114
guangzhou_ssp585_near_2030s_hot_2033,Guangzhou,ssp585,near_2030s,hot,2033,af9bf2f793d00dca36a271e21bfc405a982920d2dc893297255af9347cf0cd7b,perimeter_top_zn_4,Top P4,top,131.25,7.6867816091954015,0.0892241771439104,0.05871182949318135,0.03051234765072905,0.1759700808683429
guangzhou_ssp585_near_2030s_hot_2033,Guangzhou,ssp585,near_2030s,hot,2033,af9bf2f793d00dca36a271e21bfc405a982920d2dc893297255af9347cf0cd7b,perimeter_bot_zn_3,Bottom P3,bottom,207.34,8.189655172413794,0.09721287580673543,0.06757308895960834,0.0296397868471271,0.20273414945090826
guangzhou_ssp585_near_2030s_hot_2033,Guangzhou,ssp585,near_2030s,hot,2033,af9bf2f793d00dca36a271e21bfc405a982920d2dc893297255af9347cf0cd7b,perimeter_bot_zn_2,Bottom P2,bottom,131.26,4.376197318007663,0.08339958893616295,0.05239377625016058,0.031005812686002367,0.148604834351222
guangzhou_ssp585_near_2030s_hot_2033,Guangzhou,ssp585,near_2030s,hot,2033,af9bf2f793d00dca36a271e21bfc405a982920d2dc893297255af9347cf0cd7b,perimeter_bot_zn_1,Bottom P1,bottom,207.34,24.257662835249043,0.13631791918184413,0.10985083942882756,0.026467079753016584,0.3472315269918458
guangzhou_ssp585_near_2030s_hot_2033,Guangzhou,ssp585,near_2030s,hot,2033,af9bf2f793d00dca36a271e21bfc405a982920d2dc893297255af9347cf0cd7b,perimeter_bot_zn_4,Bottom P4,bottom,131.25,3.9331896551724137,0.08266517988411028,0.05176896205841219,0.03089621782569809,0.15483912249562803
guangzhou_ssp585_near_2030s_hot_2033,Guangzhou,ssp585,near_2030s,hot,2033,af9bf2f793d00dca36a271e21bfc405a982920d2dc893297255af9347cf0cd7b,perimeter_mid_zn_3,Middle P3,middle,207.34,14.774904214559387,0.11172130575035703,0.08364260553302497,0.028078700217332064,0.27012786047596493
guangzhou_ssp585_near_2030s_hot_2033,Guangzhou,ssp585,near_2030s,hot,2033,af9bf2f793d00dca36a271e21bfc405a982920d2dc893297255af9347cf0cd7b,perimeter_mid_zn_2,Middle P2,middle,131.26,7.962164750957855,0.0908456046253799,0.06087575891179834,0.029969845713581557,0.1862985994982243
guangzhou_ssp585_near_2030s_hot_2033,Guangzhou,ssp585,near_2030s,hot,2033,af9bf2f793d00dca36a271e21bfc405a982920d2dc893297255af9347cf0cd7b,perimeter_mid_zn_1,Middle P1,middle,207.34,21.048850574712645,0.13503922852832778,0.10931946066401317,0.025719767864314607,0.3721432075449772
guangzhou_ssp585_near_2030s_hot_2033,Guangzhou,ssp585,near_2030s,hot,2033,af9bf2f793d00dca36a271e21bfc405a982920d2dc893297255af9347cf0cd7b,perimeter_mid_zn_4,Middle P4,middle,131.25,7.435344827586207,0.08947195034584862,0.05971425320063067,0.029757697145217962,0.18875312752711343
guangzhou_ssp585_near_2030s_typical_2039,Guangzhou,ssp585,near_2030s,typical,2039,4950b4582b126b607bddff18c337fb971d50be3870ac3761c7362507c6c67f61,core_bottom,Core bottom,bottom,983.54,1.2033045977011494,0.08180782233033253,0.05211414330526544,0.029693679025067084,0.1849762735025018
guangzhou_ssp585_near_2030s_typical_2039,Guangzhou,ssp585,near_2030s,typical,2039,4950b4582b126b607bddff18c337fb971d50be3870ac3761c7362507c6c67f61,core_mid,Core middle,middle,983.54,5.681273946360153,0.08514034694252033,0.055409687364545754,0.029730659577974574,0.183914525656065
guangzhou_ssp585_near_2030s_typical_2039,Guangzhou,ssp585,near_2030s,typical,2039,4950b4582b126b607bddff18c337fb971d50be3870ac3761c7362507c6c67f61,core_top,Core top,top,983.54,4.962883141762452,0.08066458026208367,0.04951176500988061,0.03115281525220306,0.15383871898668544
guangzhou_ssp585_near_2030s_typical_2039,Guangzhou,ssp585,near_2030s,typical,2039,4950b4582b126b607bddff18c337fb971d50be3870ac3761c7362507c6c67f61,perimeter_top_zn_3,Top P3,top,207.34,7.638888888888889,0.09166420032339388,0.06136714728523253,0.030297053038161353,0.18637889288040901
guangzhou_ssp585_near_2030s_typical_2039,Guangzhou,ssp585,near_2030s,typical,2039,4950b4582b126b607bddff18c337fb971d50be3870ac3761c7362507c6c67f61,perimeter_top_zn_2,Top P2,top,131.26,5.118534482758621,0.08172565249343032,0.05047389273946548,0.03125175975396483,0.14964037196589813
guangzhou_ssp585_near_2030s_typical_2039,Guangzhou,ssp585,near_2030s,typical,2039,4950b4582b126b607bddff18c337fb971d50be3870ac3761c7362507c6c67f61,perimeter_top_zn_1,Top P1,top,207.34,10.452586206896552,0.10473119077941823,0.07678326944039128,0.027947921339026943,0.2585412497530426
guangzhou_ssp585_near_2030s_typical_2039,Guangzhou,ssp585,near_2030s,typical,2039,4950b4582b126b607bddff18c337fb971d50be3870ac3761c7362507c6c67f61,perimeter_top_zn_4,Top P4,top,131.25,3.849377394636015,0.08017414506258351,0.04905986785844068,0.031114277204142823,0.14682525487957676
guangzhou_ssp585_near_2030s_typical_2039,Guangzhou,ssp585,near_2030s,typical,2039,4950b4582b126b607bddff18c337fb971d50be3870ac3761c7362507c6c67f61,perimeter_bot_zn_3,Bottom P3,bottom,207.34,3.4542624521072796,0.08366236848129098,0.05295003231012011,0.03071233617117088,0.1537478494583682
guangzhou_ssp585_near_2030s_typical_2039,Guangzhou,ssp585,near_2030s,typical,2039,4950b4582b126b607bddff18c337fb971d50be3870ac3761c7362507c6c67f61,perimeter_bot_zn_2,Bottom P2,bottom,131.26,1.5924329501915708,0.07449115467769847,0.04235777421508759,0.03213338046261088,0.11644014492536292
guangzhou_ssp585_near_2030s_typical_2039,Guangzhou,ssp585,near_2030s,typical,2039,4950b4582b126b607bddff18c337fb971d50be3870ac3761c7362507c6c67f61,perimeter_bot_zn_1,Bottom P1,bottom,207.34,18.7080938697318,0.12035480845634607,0.09337059450838706,0.026984213947959003,0.3003156150925903
guangzhou_ssp585_near_2030s_typical_2039,Guangzhou,ssp585,near_2030s,typical,2039,4950b4582b126b607bddff18c337fb971d50be3870ac3761c7362507c6c67f61,perimeter_bot_zn_4,Bottom P4,bottom,131.25,0.9578544061302682,0.07436734456932476,0.04259955272514737,0.031767791844177384,0.1260013822125386
guangzhou_ssp585_near_2030s_typical_2039,Guangzhou,ssp585,near_2030s,typical,2039,4950b4582b126b607bddff18c337fb971d50be3870ac3761c7362507c6c67f61,perimeter_mid_zn_3,Middle P3,middle,207.34,9.141522988505747,0.09762800570028592,0.06871778388856464,0.028910221811721277,0.22221622803592214
guangzhou_ssp585_near_2030s_typical_2039,Guangzhou,ssp585,near_2030s,typical,2039,4950b4582b126b607bddff18c337fb971d50be3870ac3761c7362507c6c67f61,perimeter_mid_zn_2,Middle P2,middle,131.26,4.603687739463601,0.08140679016025276,0.05063075622247302,0.030776033937779744,0.15581439829724883
guangzhou_ssp585_near_2030s_typical_2039,Guangzhou,ssp585,near_2030s,typical,2039,4950b4582b126b607bddff18c337fb971d50be3870ac3761c7362507c6c67f61,perimeter_mid_zn_1,Middle P1,middle,207.34,14.11637931034483,0.11717976612228531,0.0909579327552788,0.026221833367006505,0.31884582872491457
guangzhou_ssp585_near_2030s_typical_2039,Guangzhou,ssp585,near_2030s,typical,2039,4950b4582b126b607bddff18c337fb971d50be3870ac3761c7362507c6c67f61,perimeter_mid_zn_4,Middle P4,middle,131.25,3.675766283524904,0.08081960486149116,0.050280613677812135,0.030538991183679018,0.1581784413378066
houston_ssp245_baseline_2020s_heatwave_extreme_2026,Houston,ssp245,baseline_2020s,heatwave_extreme,2026,a0092958bbba7621fc0a726c0115d447147ebb3d3e4444687414df702b0dc3eb,core_bottom,Core bottom,bottom,983.54,1.9276819923371646,0.08387943228737493,0.05616503020882753,0.02771440207854741,0.1998719207008487
houston_ssp245_baseline_2020s_heatwave_extreme_2026,Houston,ssp245,baseline_2020s,heatwave_extreme,2026,a0092958bbba7621fc0a726c0115d447147ebb3d3e4444687414df702b0dc3eb,core_mid,Core middle,middle,983.54,6.992337164750957,0.09010875467950312,0.062411361293841804,0.027697393385661316,0.20777349273370138
houston_ssp245_baseline_2020s_heatwave_extreme_2026,Houston,ssp245,baseline_2020s,heatwave_extreme,2026,a0092958bbba7621fc0a726c0115d447147ebb3d3e4444687414df702b0dc3eb,core_top,Core top,top,983.54,5.381944444444445,0.08400302180382326,0.054120349102924306,0.029882672700898942,0.16320619255383828
houston_ssp245_baseline_2020s_heatwave_extreme_2026,Houston,ssp245,baseline_2020s,heatwave_extreme,2026,a0092958bbba7621fc0a726c0115d447147ebb3d3e4444687414df702b0dc3eb,perimeter_top_zn_3,Top P3,top,207.34,9.20138888888889,0.09706787243726031,0.06617774056351897,0.03089013187374134,0.18288245631961672
houston_ssp245_baseline_2020s_heatwave_extreme_2026,Houston,ssp245,baseline_2020s,heatwave_extreme,2026,a0092958bbba7621fc0a726c0115d447147ebb3d3e4444687414df702b0dc3eb,perimeter_top_zn_2,Top P2,top,131.26,9.90780651340996,0.0971939577841489,0.06684309776477208,0.03035086001937681,0.1944891590884492
houston_ssp245_baseline_2020s_heatwave_extreme_2026,Houston,ssp245,baseline_2020s,heatwave_extreme,2026,a0092958bbba7621fc0a726c0115d447147ebb3d3e4444687414df702b0dc3eb,perimeter_top_zn_1,Top P1,top,207.34,14.152298850574713,0.11438314052279096,0.08687839992470385,0.027504740598087107,0.278942416235154
houston_ssp245_baseline_2020s_heatwave_extreme_2026,Houston,ssp245,baseline_2020s,heatwave_extreme,2026,a0092958bbba7621fc0a726c0115d447147ebb3d3e4444687414df702b0dc3eb,perimeter_top_zn_4,Top P4,top,131.25,6.154214559386973,0.08701440231976393,0.05582136659771677,0.03119303572204716,0.1563554777825811
houston_ssp245_baseline_2020s_heatwave_extreme_2026,Houston,ssp245,baseline_2020s,heatwave_extreme,2026,a0092958bbba7621fc0a726c0115d447147ebb3d3e4444687414df702b0dc3eb,perimeter_bot_zn_3,Bottom P3,bottom,207.34,4.005028735632184,0.08640437101985647,0.05536473444229219,0.031039636577564287,0.1451840509293582
houston_ssp245_baseline_2020s_heatwave_extreme_2026,Houston,ssp245,baseline_2020s,heatwave_extreme,2026,a0092958bbba7621fc0a726c0115d447147ebb3d3e4444687414df702b0dc3eb,perimeter_bot_zn_2,Bottom P2,bottom,131.26,7.327586206896551,0.09188409338980558,0.06172982617662738,0.030154267213178192,0.18105963447990547
houston_ssp245_baseline_2020s_heatwave_extreme_2026,Houston,ssp245,baseline_2020s,heatwave_extreme,2026,a0092958bbba7621fc0a726c0115d447147ebb3d3e4444687414df702b0dc3eb,perimeter_bot_zn_1,Bottom P1,bottom,207.34,19.881465517241377,0.12389545915827034,0.09706192253910405,0.026833536619166296,0.30008897508000576
houston_ssp245_baseline_2020s_heatwave_extreme_2026,Houston,ssp245,baseline_2020s,heatwave_extreme,2026,a0092958bbba7621fc0a726c0115d447147ebb3d3e4444687414df702b0dc3eb,perimeter_bot_zn_4,Bottom P4,bottom,131.25,2.921455938697318,0.08097426352132168,0.050170750470336443,0.030803513050985245,0.145648551800331
houston_ssp245_baseline_2020s_heatwave_extreme_2026,Houston,ssp245,baseline_2020s,heatwave_extreme,2026,a0092958bbba7621fc0a726c0115d447147ebb3d3e4444687414df702b0dc3eb,perimeter_mid_zn_3,Middle P3,middle,207.34,11.404454022988505,0.10370814611101492,0.07514116120887332,0.028566984902141605,0.2312471525196227
houston_ssp245_baseline_2020s_heatwave_extreme_2026,Houston,ssp245,baseline_2020s,heatwave_extreme,2026,a0092958bbba7621fc0a726c0115d447147ebb3d3e4444687414df702b0dc3eb,perimeter_mid_zn_2,Middle P2,middle,131.26,10.069444444444445,0.09741329012016148,0.06848825636758939,0.028925033752572094,0.21210512879799695
houston_ssp245_baseline_2020s_heatwave_extreme_2026,Houston,ssp245,baseline_2020s,heatwave_extreme,2026,a0092958bbba7621fc0a726c0115d447147ebb3d3e4444687414df702b0dc3eb,perimeter_mid_zn_1,Middle P1,middle,207.34,18.13936781609195,0.126732139198215,0.10131237261716305,0.025419766581051946,0.3393537123092729
houston_ssp245_baseline_2020s_heatwave_extreme_2026,Houston,ssp245,baseline_2020s,heatwave_extreme,2026,a0092958bbba7621fc0a726c0115d447147ebb3d3e4444687414df702b0dc3eb,perimeter_mid_zn_4,Middle P4,middle,131.25,6.2140804597701145,0.08792470554629732,0.058365651492209625,0.029559054054087697,0.17951088138780952
houston_ssp245_baseline_2020s_hot_2026,Houston,ssp245,baseline_2020s,hot,2026,a0092958bbba7621fc0a726c0115d447147ebb3d3e4444687414df702b0dc3eb,core_bottom,Core bottom,bottom,983.54,1.9276819923371646,0.08387943228737493,0.05616503020882753,0.02771440207854741,0.1998719207008487
houston_ssp245_baseline_2020s_hot_2026,Houston,ssp245,baseline_2020s,hot,2026,a0092958bbba7621fc0a726c0115d447147ebb3d3e4444687414df702b0dc3eb,core_mid,Core middle,middle,983.54,6.992337164750957,0.09010875467950312,0.062411361293841804,0.027697393385661316,0.20777349273370138
houston_ssp245_baseline_2020s_hot_2026,Houston,ssp245,baseline_2020s,hot,2026,a0092958bbba7621fc0a726c0115d447147ebb3d3e4444687414df702b0dc3eb,core_top,Core top,top,983.54,5.381944444444445,0.08400302180382326,0.054120349102924306,0.029882672700898942,0.16320619255383828
houston_ssp245_baseline_2020s_hot_2026,Houston,ssp245,baseline_2020s,hot,2026,a0092958bbba7621fc0a726c0115d447147ebb3d3e4444687414df702b0dc3eb,perimeter_top_zn_3,Top P3,top,207.34,9.20138888888889,0.09706787243726031,0.06617774056351897,0.03089013187374134,0.18288245631961672
houston_ssp245_baseline_2020s_hot_2026,Houston,ssp245,baseline_2020s,hot,2026,a0092958bbba7621fc0a726c0115d447147ebb3d3e4444687414df702b0dc3eb,perimeter_top_zn_2,Top P2,top,131.26,9.90780651340996,0.0971939577841489,0.06684309776477208,0.03035086001937681,0.1944891590884492
houston_ssp245_baseline_2020s_hot_2026,Houston,ssp245,baseline_2020s,hot,2026,a0092958bbba7621fc0a726c0115d447147ebb3d3e4444687414df702b0dc3eb,perimeter_top_zn_1,Top P1,top,207.34,14.152298850574713,0.11438314052279096,0.08687839992470385,0.027504740598087107,0.278942416235154
houston_ssp245_baseline_2020s_hot_2026,Houston,ssp245,baseline_2020s,hot,2026,a0092958bbba7621fc0a726c0115d447147ebb3d3e4444687414df702b0dc3eb,perimeter_top_zn_4,Top P4,top,131.25,6.154214559386973,0.08701440231976393,0.05582136659771677,0.03119303572204716,0.1563554777825811
houston_ssp245_baseline_2020s_hot_2026,Houston,ssp245,baseline_2020s,hot,2026,a0092958bbba7621fc0a726c0115d447147ebb3d3e4444687414df702b0dc3eb,perimeter_bot_zn_3,Bottom P3,bottom,207.34,4.005028735632184,0.08640437101985647,0.05536473444229219,0.031039636577564287,0.1451840509293582
houston_ssp245_baseline_2020s_hot_2026,Houston,ssp245,baseline_2020s,hot,2026,a0092958bbba7621fc0a726c0115d447147ebb3d3e4444687414df702b0dc3eb,perimeter_bot_zn_2,Bottom P2,bottom,131.26,7.327586206896551,0.09188409338980558,0.06172982617662738,0.030154267213178192,0.18105963447990547
houston_ssp245_baseline_2020s_hot_2026,Houston,ssp245,baseline_2020s,hot,2026,a0092958bbba7621fc0a726c0115d447147ebb3d3e4444687414df702b0dc3eb,perimeter_bot_zn_1,Bottom P1,bottom,207.34,19.881465517241377,0.12389545915827034,0.09706192253910405,0.026833536619166296,0.30008897508000576
houston_ssp245_baseline_2020s_hot_2026,Houston,ssp245,baseline_2020s,hot,2026,a0092958bbba7621fc0a726c0115d447147ebb3d3e4444687414df702b0dc3eb,perimeter_bot_zn_4,Bottom P4,bottom,131.25,2.921455938697318,0.08097426352132168,0.050170750470336443,0.030803513050985245,0.145648551800331
houston_ssp245_baseline_2020s_hot_2026,Houston,ssp245,baseline_2020s,hot,2026,a0092958bbba7621fc0a726c0115d447147ebb3d3e4444687414df702b0dc3eb,perimeter_mid_zn_3,Middle P3,middle,207.34,11.404454022988505,0.10370814611101492,0.07514116120887332,0.028566984902141605,0.2312471525196227
houston_ssp245_baseline_2020s_hot_2026,Houston,ssp245,baseline_2020s,hot,2026,a0092958bbba7621fc0a726c0115d447147ebb3d3e4444687414df702b0dc3eb,perimeter_mid_zn_2,Middle P2,middle,131.26,10.069444444444445,0.09741329012016148,0.06848825636758939,0.028925033752572094,0.21210512879799695
houston_ssp245_baseline_2020s_hot_2026,Houston,ssp245,baseline_2020s,hot,2026,a0092958bbba7621fc0a726c0115d447147ebb3d3e4444687414df702b0dc3eb,perimeter_mid_zn_1,Middle P1,middle,207.34,18.13936781609195,0.126732139198215,0.10131237261716305,0.025419766581051946,0.3393537123092729
houston_ssp245_baseline_2020s_hot_2026,Houston,ssp245,baseline_2020s,hot,2026,a0092958bbba7621fc0a726c0115d447147ebb3d3e4444687414df702b0dc3eb,perimeter_mid_zn_4,Middle P4,middle,131.25,6.2140804597701145,0.08792470554629732,0.058365651492209625,0.029559054054087697,0.17951088138780952
houston_ssp245_baseline_2020s_typical_2027,Houston,ssp245,baseline_2020s,typical,2027,edf1fabea3379e150c3998a611126278cfcbccb1a38707bac759487b2f3b1d00,core_bottom,Core bottom,bottom,983.54,1.1374521072796935,0.07846487742422507,0.048447890564892085,0.03001698685933299,0.17727493778575534
houston_ssp245_baseline_2020s_typical_2027,Houston,ssp245,baseline_2020s,typical,2027,edf1fabea3379e150c3998a611126278cfcbccb1a38707bac759487b2f3b1d00,core_mid,Core middle,middle,983.54,3.1549329501915713,0.07843286355160546,0.048110381778322026,0.030322481773283432,0.16131550914214612
houston_ssp245_baseline_2020s_typical_2027,Houston,ssp245,baseline_2020s,typical,2027,edf1fabea3379e150c3998a611126278cfcbccb1a38707bac759487b2f3b1d00,core_top,Core top,top,983.54,2.951388888888889,0.07463109545531,0.04272495986551664,0.031906135589793376,0.12956723695344807
houston_ssp245_baseline_2020s_typical_2027,Houston,ssp245,baseline_2020s,typical,2027,edf1fabea3379e150c3998a611126278cfcbccb1a38707bac759487b2f3b1d00,perimeter_top_zn_3,Top P3,top,207.34,4.603687739463601,0.08140860909703804,0.04909231502465079,0.03231629407238724,0.13519552821355688
houston_ssp245_baseline_2020s_typical_2027,Houston,ssp245,baseline_2020s,typical,2027,edf1fabea3379e150c3998a611126278cfcbccb1a38707bac759487b2f3b1d00,perimeter_top_zn_2,Top P2,top,131.26,5.1065613026819925,0.0845484112716971,0.053082047042205406,0.0314663642294917,0.15965543072483515
houston_ssp245_baseline_2020s_typical_2027,Houston,ssp245,baseline_2020s,typical,2027,edf1fabea3379e150c3998a611126278cfcbccb1a38707bac759487b2f3b1d00,perimeter_top_zn_1,Top P1,top,207.34,7.7526340996168575,0.09635846924825221,0.06711252208918884,0.029245947159063364,0.22292015080880276
houston_ssp245_baseline_2020s_typical_2027,Houston,ssp245,baseline_2020s,typical,2027,edf1fabea3379e150c3998a611126278cfcbccb1a38707bac759487b2f3b1d00,perimeter_top_zn_4,Top P4,top,131.25,2.646072796934866,0.07847022052460506,0.04631896439531168,0.03215125612929337,0.1346712521762723
houston_ssp245_baseline_2020s_typical_2027,Houston,ssp245,baseline_2020s,typical,2027,edf1fabea3379e150c3998a611126278cfcbccb1a38707bac759487b2f3b1d00,perimeter_bot_zn_3,Bottom P3,bottom,207.34,1.5744731800766285,0.07437711673733195,0.042204496881425455,0.03217261985590649,0.10683889941558465
houston_ssp245_baseline_2020s_typical_2027,Houston,ssp245,baseline_2020s,typical,2027,edf1fabea3379e150c3998a611126278cfcbccb1a38707bac759487b2f3b1d00,perimeter_bot_zn_2,Bottom P2,bottom,131.26,3.9272030651340994,0.08177374260186956,0.050626399034268035,0.031147343567601526,0.15503577496089557
houston_ssp245_baseline_2020s_typical_2027,Houston,ssp245,baseline_2020s,typical,2027,edf1fabea3379e150c3998a611126278cfcbccb1a38707bac759487b2f3b1d00,perimeter_bot_zn_1,Bottom P1,bottom,207.34,12.104885057471265,0.10550836398604908,0.07700005047153985,0.028508313514509238,0.24532319546357823
houston_ssp245_baseline_2020s_typical_2027,Houston,ssp245,baseline_2020s,typical,2027,edf1fabea3379e150c3998a611126278cfcbccb1a38707bac759487b2f3b1d00,perimeter_bot_zn_4,Bottom P4,bottom,131.25,1.059626436781609,0.07449706917674588,0.042553013773149746,0.031944055403596135,0.12920338971250742
houston_ssp245_baseline_2020s_typical_2027,Houston,ssp245,baseline_2020s,typical,2027,edf1fabea3379e150c3998a611126278cfcbccb1a38707bac759487b2f3b1d00,perimeter_mid_zn_3,Middle P3,middle,207.34,5.405890804597701,0.08543380131590192,0.05488671890550946,0.030547082410392466,0.170776696948066
houston_ssp245_baseline_2020s_typical_2027,Houston,ssp245,baseline_2020s,typical,2027,edf1fabea3379e150c3998a611126278cfcbccb1a38707bac759487b2f3b1d00,perimeter_mid_zn_2,Middle P2,middle,131.26,5.16044061302682,0.08594466869596276,0.05526939451851047,0.030675274177452295,0.17665844905351719
houston_ssp245_baseline_2020s_typical_2027,Houston,ssp245,baseline_2020s,typical,2027,edf1fabea3379e150c3998a611126278cfcbccb1a38707bac759487b2f3b1d00,perimeter_mid_zn_1,Middle P1,middle,207.34,10.446599616858238,0.1059269983346044,0.07855939227582305,0.027367606058781337,0.2730052330670136
houston_ssp245_baseline_2020s_typical_2027,Houston,ssp245,baseline_2020s,typical,2027,edf1fabea3379e150c3998a611126278cfcbccb1a38707bac759487b2f3b1d00,perimeter_mid_zn_4,Middle P4,middle,131.25,2.5383141762452106,0.07905106440970855,0.04795844145656663,0.03109262295314191,0.15173982634065206
houston_ssp245_late_2080s_heatwave_extreme_2081,Houston,ssp245,late_2080s,heatwave_extreme,2081,c4d735e7ebe9319e93399e29711588aa545c0391f830bc973e4534fabef55876,core_bottom,Core bottom,bottom,983.54,8.54286398467433,0.09984270244134245,0.07301319284010875,0.026829509601233703,0.2592606334671152
houston_ssp245_late_2080s_heatwave_extreme_2081,Houston,ssp245,late_2080s,heatwave_extreme,2081,c4d735e7ebe9319e93399e29711588aa545c0391f830bc973e4534fabef55876,core_mid,Core middle,middle,983.54,18.34889846743295,0.1146643817132565,0.08776374541940497,0.026900636293851525,0.28481280747376775
houston_ssp245_late_2080s_heatwave_extreme_2081,Houston,ssp245,late_2080s,heatwave_extreme,2081,c4d735e7ebe9319e93399e29711588aa545c0391f830bc973e4534fabef55876,core_top,Core top,top,983.54,15.098180076628353,0.10658252414913794,0.0779865819628982,0.028595942186239738,0.23906096896536647
houston_ssp245_late_2080s_heatwave_extreme_2081,Houston,ssp245,late_2080s,heatwave_extreme,2081,c4d735e7ebe9319e93399e29711588aa545c0391f830bc973e4534fabef55876,perimeter_top_zn_3,Top P3,top,207.34,18.474616858237546,0.11739153323750372,0.08766010355165761,0.029731429685846102,0.2530203586607846
houston_ssp245_late_2080s_heatwave_extreme_2081,Houston,ssp245,late_2080s,heatwave_extreme,2081,c4d735e7ebe9319e93399e29711588aa545c0391f830bc973e4534fabef55876,perimeter_top_zn_2,Top P2,top,131.26,18.50454980842912,0.11537902362235603,0.08598904509094661,0.029389978531409403,0.2589424913300837
houston_ssp245_late_2080s_heatwave_extreme_2081,Houston,ssp245,late_2080s,heatwave_extreme,2081,c4d735e7ebe9319e93399e29711588aa545c0391f830bc973e4534fabef55876,perimeter_top_zn_1,Top P1,top,207.34,21.41403256704981,0.1292881058542456,0.10303030611248687,0.02625779974175875,0.33421422506953036
houston_ssp245_late_2080s_heatwave_extreme_2081,Houston,ssp245,late_2080s,heatwave_extreme,2081,c4d735e7ebe9319e93399e29711588aa545c0391f830bc973e4534fabef55876,perimeter_top_zn_4,Top P4,top,131.25,13.266283524904216,0.1016328861278383,0.07165162535046425,0.029981260777374046,0.20999402104528675
houston_ssp245_late_2080s_heatwave_extreme_2081,Houston,ssp245,late_2080s,heatwave_extreme,2081,c4d735e7ebe9319e93399e29711588aa545c0391f830bc973e4534fabef55876,perimeter_bot_zn_3,Bottom P3,bottom,207.34,13.595545977011495,0.10714780983510457,0.07682947294191785,0.030318336893186724,0.21401474231755063
houston_ssp245_late_2080s_heatwave_extreme_2081,Houston,ssp245,late_2080s,heatwave_extreme,2081,c4d735e7ebe9319e93399e29711588aa545c0391f830bc973e4534fabef55876,perimeter_bot_zn_2,Bottom P2,bottom,131.26,15.068247126436782,0.10937884341258504,0.07993914061306237,0.02943970279952266,0.24168327485361962
houston_ssp245_late_2080s_heatwave_extreme_2081,Houston,ssp245,late_2080s,heatwave_extreme,2081,c4d735e7ebe9319e93399e29711588aa545c0391f830bc973e4534fabef55876,perimeter_bot_zn_1,Bottom P1,bottom,207.34,26.053639846743295,0.13776350930509934,0.11192043267931545,0.025843076625783903,0.3557374949245829
houston_ssp245_late_2080s_heatwave_extreme_2081,Houston,ssp245,late_2080s,heatwave_extreme,2081,c4d735e7ebe9319e93399e29711588aa545c0391f830bc973e4534fabef55876,perimeter_bot_zn_4,Bottom P4,bottom,131.25,11.08117816091954,0.0969681504750767,0.0672450085633106,0.029723141911766095,0.20301134862777714
houston_ssp245_late_2080s_heatwave_extreme_2081,Houston,ssp245,late_2080s,heatwave_extreme,2081,c4d735e7ebe9319e93399e29711588aa545c0391f830bc973e4534fabef55876,perimeter_mid_zn_3,Middle P3,middle,207.34,21.41403256704981,0.12502021344734973,0.0971690902685041,0.027851123178845638,0.29893528956776544
houston_ssp245_late_2080s_heatwave_extreme_2081,Houston,ssp245,late_2080s,heatwave_extreme,2081,c4d735e7ebe9319e93399e29711588aa545c0391f830bc973e4534fabef55876,perimeter_mid_zn_2,Middle P2,middle,131.26,18.600335249042146,0.11555546379654394,0.08752701785681917,0.028028445939724762,0.27565298702718033
houston_ssp245_late_2080s_heatwave_extreme_2081,Houston,ssp245,late_2080s,heatwave_extreme,2081,c4d735e7ebe9319e93399e29711588aa545c0391f830bc973e4534fabef55876,perimeter_mid_zn_1,Middle P1,middle,207.34,25.68845785440613,0.1418361230185503,0.11756860112169913,0.02426752189685117,0.3937355308935967
houston_ssp245_late_2080s_heatwave_extreme_2081,Houston,ssp245,late_2080s,heatwave_extreme,2081,c4d735e7ebe9319e93399e29711588aa545c0391f830bc973e4534fabef55876,perimeter_mid_zn_4,Middle P4,middle,131.25,14.906609195402298,0.10532809789617005,0.07677584935525625,0.028552248540913806,0.2396639973541393
houston_ssp245_late_2080s_hot_2085,Houston,ssp245,late_2080s,hot,2085,7be7aecd5f4b67062dc2002d416b75365030696084ec4dcab73f8a46c0341c72,core_bottom,Core bottom,bottom,983.54,5.795019157088123,0.09369869324450258,0.065315994107226,0.028382699137276583,0.23144492192745947
houston_ssp245_late_2080s_hot_2085,Houston,ssp245,late_2080s,hot,2085,7be7aecd5f4b67062dc2002d416b75365030696084ec4dcab73f8a46c0341c72,core_mid,Core middle,middle,983.54,14.038553639846743,0.10498870240591149,0.0771847083165834,0.027803994089328096,0.25233302064084234
houston_ssp245_late_2080s_hot_2085,Houston,ssp245,late_2080s,hot,2085,7be7aecd5f4b67062dc2002d416b75365030696084ec4dcab73f8a46c0341c72,core_top,Core top,top,983.54,11.093151340996169,0.09700711462235255,0.0677958961278606,0.029211218494491945,0.20999661599287936
houston_ssp245_late_2080s_hot_2085,Houston,ssp245,late_2080s,hot,2085,7be7aecd5f4b67062dc2002d416b75365030696084ec4dcab73f8a46c0341c72,perimeter_top_zn_3,Top P3,top,207.34,14.76293103448276,0.1088487305007004,0.07943748218765423,0.029411248313046173,0.23512935058558274
houston_ssp245_late_2080s_hot_2085,Houston,ssp245,late_2080s,hot,2085,7be7aecd5f4b67062dc2002d416b75365030696084ec4dcab73f8a46c0341c72,perimeter_top_zn_2,Top P2,top,131.26,14.625239463601533,0.10814700337895482,0.0789428591297563,0.029204144249198524,0.2401630702661471
houston_ssp245_late_2080s_hot_2085,Houston,ssp245,late_2080s,hot,2085,7be7aecd5f4b67062dc2002d416b75365030696084ec4dcab73f8a46c0341c72,perimeter_top_zn_1,Top P1,top,207.34,20.25862068965517,0.12833154040467767,0.10185874440422696,0.026472796000450716,0.3364703537529063
houston_ssp245_late_2080s_hot_2085,Houston,ssp245,late_2080s,hot,2085,7be7aecd5f4b67062dc2002d416b75365030696084ec4dcab73f8a46c0341c72,perimeter_top_zn_4,Top P4,top,131.25,10.769875478927203,0.09636398455644304,0.06648156874670631,0.02988241580973673,0.19892524012107926
houston_ssp245_late_2080s_hot_2085,Houston,ssp245,late_2080s,hot,2085,7be7aecd5f4b67062dc2002d416b75365030696084ec4dcab73f8a46c0341c72,perimeter_bot_zn_3,Bottom P3,bottom,207.34,10.081417624521073,0.09890777219171186,0.06881150114383473,0.030096271047877127,0.19814763576928093
houston_ssp245_late_2080s_hot_2085,Houston,ssp245,late_2080s,hot,2085,7be7aecd5f4b67062dc2002d416b75365030696084ec4dcab73f8a46c0341c72,perimeter_bot_zn_2,Bottom P2,bottom,131.26,11.84147509578544,0.1025038454392548,0.07309435200618787,0.02940949343306693,0.22434029052051205
houston_ssp245_late_2080s_hot_2085,Houston,ssp245,late_2080s,hot,2085,7be7aecd5f4b67062dc2002d416b75365030696084ec4dcab73f8a46c0341c72,perimeter_bot_zn_1,Bottom P1,bottom,207.34,25.99976053639847,0.14000122987960903,0.11460506320103399,0.025396166678575038,0.372768368169884
houston_ssp245_late_2080s_hot_2085,Houston,ssp245,late_2080s,hot,2085,7be7aecd5f4b67062dc2002d416b75365030696084ec4dcab73f8a46c0341c72,perimeter_bot_zn_4,Bottom P4,bottom,131.25,7.7526340996168575,0.09086478393189745,0.06083459647911399,0.03003018745278346,0.18739325386526304
houston_ssp245_late_2080s_hot_2085,Houston,ssp245,late_2080s,hot,2085,7be7aecd5f4b67062dc2002d416b75365030696084ec4dcab73f8a46c0341c72,perimeter_mid_zn_3,Middle P3,middle,207.34,17.522749042145595,0.11709730812533307,0.0892904373993107,0.027806870726022382,0.28049633881529956
houston_ssp245_late_2080s_hot_2085,Houston,ssp245,late_2080s,hot,2085,7be7aecd5f4b67062dc2002d416b75365030696084ec4dcab73f8a46c0341c72,perimeter_mid_zn_2,Middle P2,middle,131.26,15.080220306513409,0.1086426172932361,0.08024212521302623,0.028400492080209876,0.2546810802161409
houston_ssp245_late_2080s_hot_2085,Houston,ssp245,late_2080s,hot,2085,7be7aecd5f4b67062dc2002d416b75365030696084ec4dcab73f8a46c0341c72,perimeter_mid_zn_1,Middle P1,middle,207.34,24.84434865900383,0.14270097118837996,0.1181134868025605,0.02458748438581947,0.3996940810837545
houston_ssp245_late_2080s_hot_2085,Houston,ssp245,late_2080s,hot,2085,7be7aecd5f4b67062dc2002d416b75365030696084ec4dcab73f8a46c0341c72,perimeter_mid_zn_4,Middle P4,middle,131.25,11.76963601532567,0.09918287581050728,0.07027907440114599,0.028903801409361288,0.22199327873514435
houston_ssp245_late_2080s_typical_2086,Houston,ssp245,late_2080s,typical,2086,0becd6ec4147d3c1382875a85dcc13af38c6280965385a327b27c6a1e550ba7c,core_bottom,Core bottom,bottom,983.54,2.885536398467433,0.08588059581033404,0.057111896669168306,0.028768699141165734,0.20724245483223866
houston_ssp245_late_2080s_typical_2086,Houston,ssp245,late_2080s,typical,2086,0becd6ec4147d3c1382875a85dcc13af38c6280965385a327b27c6a1e550ba7c,core_mid,Core middle,middle,983.54,8.06992337164751,0.09130337579439046,0.0627640689209918,0.028539306873398663,0.21083569502698968
houston_ssp245_late_2080s_typical_2086,Houston,ssp245,late_2080s,typical,2086,0becd6ec4147d3c1382875a85dcc13af38c6280965385a327b27c6a1e550ba7c,core_top,Core top,top,983.54,6.698994252873564,0.08526022818974155,0.055061472837310964,0.030198755352430592,0.17197984497443716
houston_ssp245_late_2080s_typical_2086,Houston,ssp245,late_2080s,typical,2086,0becd6ec4147d3c1382875a85dcc13af38c6280965385a327b27c6a1e550ba7c,perimeter_top_zn_3,Top P3,top,207.34,9.279214559386974,0.09689315544403207,0.06623440489089973,0.030658750553132334,0.19247553560548158
houston_ssp245_late_2080s_typical_2086,Houston,ssp245,late_2080s,typical,2086,0becd6ec4147d3c1382875a85dcc13af38c6280965385a327b27c6a1e550ba7c,perimeter_top_zn_2,Top P2,top,131.26,9.770114942528735,0.0960519429599643,0.06576147559422275,0.03029046736574155,0.20129464746905043
houston_ssp245_late_2080s_typical_2086,Houston,ssp245,late_2080s,typical,2086,0becd6ec4147d3c1382875a85dcc13af38c6280965385a327b27c6a1e550ba7c,perimeter_top_zn_1,Top P1,top,207.34,13.128591954022989,0.11171783647293464,0.08389446661314504,0.027823369859789598,0.2794383766310029
houston_ssp245_late_2080s_typical_2086,Houston,ssp245,late_2080s,typical,2086,0becd6ec4147d3c1382875a85dcc13af38c6280965385a327b27c6a1e550ba7c,perimeter_top_zn_4,Top P4,top,131.25,6.734913793103449,0.08778716422262782,0.0568028458254055,0.030984318397222314,0.16817325901171204
houston_ssp245_late_2080s_typical_2086,Houston,ssp245,late_2080s,typical,2086,0becd6ec4147d3c1382875a85dcc13af38c6280965385a327b27c6a1e550ba7c,perimeter_bot_zn_3,Bottom P3,bottom,207.34,5.711206896551724,0.08691544669808086,0.056144918417812315,0.030770528280268553,0.1565972175963397
houston_ssp245_late_2080s_typical_2086,Houston,ssp245,late_2080s,typical,2086,0becd6ec4147d3c1382875a85dcc13af38c6280965385a327b27c6a1e550ba7c,perimeter_bot_zn_2,Bottom P2,bottom,131.26,7.507183908045977,0.0917112312992574,0.061530907030480066,0.03018032426877733,0.19085378645842999
houston_ssp245_late_2080s_typical_2086,Houston,ssp245,late_2080s,typical,2086,0becd6ec4147d3c1382875a85dcc13af38c6280965385a327b27c6a1e550ba7c,perimeter_bot_zn_1,Bottom P1,bottom,207.34,18.546455938697317,0.12113402320477222,0.09418382977131688,0.026950193433455345,0.3043330245985614
houston_ssp245_late_2080s_typical_2086,Houston,ssp245,late_2080s,typical,2086,0becd6ec4147d3c1382875a85dcc13af38c6280965385a327b27c6a1e550ba7c,perimeter_bot_zn_4,Bottom P4,bottom,131.25,4.058908045977012,0.08242371092799455,0.051556233916689474,0.030867477011305086,0.15996840476786717
houston_ssp245_late_2080s_typical_2086,Houston,ssp245,late_2080s,typical,2086,0becd6ec4147d3c1382875a85dcc13af38c6280965385a327b27c6a1e550ba7c,perimeter_mid_zn_3,Middle P3,middle,207.34,11.709770114942529,0.10358522081369859,0.07465492473729891,0.028930296076399672,0.23621811229433587
houston_ssp245_late_2080s_typical_2086,Houston,ssp245,late_2080s,typical,2086,0becd6ec4147d3c1382875a85dcc13af38c6280965385a327b27c6a1e550ba7c,perimeter_mid_zn_2,Middle P2,middle,131.26,10.141283524904214,0.09740690008897274,0.06813059183212498,0.029276308256847752,0.2192578373235164
houston_ssp245_late_2080s_typical_2086,Houston,ssp245,late_2080s,typical,2086,0becd6ec4147d3c1382875a85dcc13af38c6280965385a327b27c6a1e550ba7c,perimeter_mid_zn_1,Middle P1,middle,207.34,16.24161877394636,0.12316198491490987,0.09714025838139567,0.026021726533514204,0.33421480238069656
houston_ssp245_late_2080s_typical_2086,Houston,ssp245,late_2080s,typical,2086,0becd6ec4147d3c1382875a85dcc13af38c6280965385a327b27c6a1e550ba7c,perimeter_mid_zn_4,Middle P4,middle,131.25,6.908524904214559,0.08906405606507582,0.05918439398817424,0.029879662076901587,0.18905002948228208
houston_ssp245_mid_2050s_heatwave_extreme_2058,Houston,ssp245,mid_2050s,heatwave_extreme,2058,ea3a0ba8cb1036c723c99fd1f46632265e8c29b78c3ede1b4745d4de7e2d9401,core_bottom,Core bottom,bottom,983.54,5.741139846743295,0.09194617031998058,0.06433016164538315,0.02761600867459743,0.2319154638500403
houston_ssp245_mid_2050s_heatwave_extreme_2058,Houston,ssp245,mid_2050s,heatwave_extreme,2058,ea3a0ba8cb1036c723c99fd1f46632265e8c29b78c3ede1b4745d4de7e2d9401,core_mid,Core middle,middle,983.54,12.158764367816092,0.09935153021855847,0.0714537409025265,0.027897789316031978,0.23449263093484946
houston_ssp245_mid_2050s_heatwave_extreme_2058,Houston,ssp245,mid_2050s,heatwave_extreme,2058,ea3a0ba8cb1036c723c99fd1f46632265e8c29b78c3ede1b4745d4de7e2d9401,core_top,Core top,top,983.54,10.195162835249043,0.09343284558938812,0.06381140036638461,0.02962144522300352,0.19477280498958985
houston_ssp245_mid_2050s_heatwave_extreme_2058,Houston,ssp245,mid_2050s,heatwave_extreme,2058,ea3a0ba8cb1036c723c99fd1f46632265e8c29b78c3ede1b4745d4de7e2d9401,perimeter_top_zn_3,Top P3,top,207.34,12.739463601532567,0.10228529955822516,0.07126693675982305,0.03101836279840211,0.20263680517896876
houston_ssp245_mid_2050s_heatwave_extreme_2058,Houston,ssp245,mid_2050s,heatwave_extreme,2058,ea3a0ba8cb1036c723c99fd1f46632265e8c29b78c3ede1b4745d4de7e2d9401,perimeter_top_zn_2,Top P2,top,131.26,12.925047892720306,0.10335753570643123,0.07305918806860308,0.030298347637828165,0.2212002215954102
houston_ssp245_mid_2050s_heatwave_extreme_2058,Houston,ssp245,mid_2050s,heatwave_extreme,2058,ea3a0ba8cb1036c723c99fd1f46632265e8c29b78c3ede1b4745d4de7e2d9401,perimeter_top_zn_1,Top P1,top,207.34,15.176005747126437,0.11377539544784347,0.08604727291412405,0.027728122533719417,0.2825322389438337
houston_ssp245_mid_2050s_heatwave_extreme_2058,Houston,ssp245,mid_2050s,heatwave_extreme,2058,ea3a0ba8cb1036c723c99fd1f46632265e8c29b78c3ede1b4745d4de7e2d9401,perimeter_top_zn_4,Top P4,top,131.25,9.428879310344827,0.09281211399007533,0.06190566474791943,0.030906449242155902,0.18165470718108434
houston_ssp245_mid_2050s_heatwave_extreme_2058,Houston,ssp245,mid_2050s,heatwave_extreme,2058,ea3a0ba8cb1036c723c99fd1f46632265e8c29b78c3ede1b4745d4de7e2d9401,perimeter_bot_zn_3,Bottom P3,bottom,207.34,9.033764367816092,0.09289244069288013,0.06137010552869107,0.031522335164189064,0.1652368435009613
houston_ssp245_mid_2050s_heatwave_extreme_2058,Houston,ssp245,mid_2050s,heatwave_extreme,2058,ea3a0ba8cb1036c723c99fd1f46632265e8c29b78c3ede1b4745d4de7e2d9401,perimeter_bot_zn_2,Bottom P2,bottom,131.26,10.76388888888889,0.09807806029436655,0.06767682266432544,0.030401237630041118,0.2054769545390176
houston_ssp245_mid_2050s_heatwave_extreme_2058,Houston,ssp245,mid_2050s,heatwave_extreme,2058,ea3a0ba8cb1036c723c99fd1f46632265e8c29b78c3ede1b4745d4de7e2d9401,perimeter_bot_zn_1,Bottom P1,bottom,207.34,19.282806513409962,0.12096397526210904,0.09356108110055053,0.027402894161558524,0.29371552665766415
houston_ssp245_mid_2050s_heatwave_extreme_2058,Houston,ssp245,mid_2050s,heatwave_extreme,2058,ea3a0ba8cb1036c723c99fd1f46632265e8c29b78c3ede1b4745d4de7e2d9401,perimeter_bot_zn_4,Bottom P4,bottom,131.25,7.08213601532567,0.08770680310641127,0.05700984924724566,0.030696953859165606,0.17468219599344856
houston_ssp245_mid_2050s_heatwave_extreme_2058,Houston,ssp245,mid_2050s,heatwave_extreme,2058,ea3a0ba8cb1036c723c99fd1f46632265e8c29b78c3ede1b4745d4de7e2d9401,perimeter_mid_zn_3,Middle P3,middle,207.34,14.92456896551724,0.10789945495190675,0.07897538707732764,0.028924067874579115,0.24410705214943293
houston_ssp245_mid_2050s_heatwave_extreme_2058,Houston,ssp245,mid_2050s,heatwave_extreme,2058,ea3a0ba8cb1036c723c99fd1f46632265e8c29b78c3ede1b4745d4de7e2d9401,perimeter_mid_zn_2,Middle P2,middle,131.26,13.134578544061304,0.1035898528633151,0.07464383835131544,0.02894601451199967,0.23808514670676498
houston_ssp245_mid_2050s_heatwave_extreme_2058,Houston,ssp245,mid_2050s,heatwave_extreme,2058,ea3a0ba8cb1036c723c99fd1f46632265e8c29b78c3ede1b4745d4de7e2d9401,perimeter_mid_zn_1,Middle P1,middle,207.34,18.815852490421456,0.12458789318158964,0.09882840359285991,0.02575948958872972,0.33542370505698876
houston_ssp245_mid_2050s_heatwave_extreme_2058,Houston,ssp245,mid_2050s,heatwave_extreme,2058,ea3a0ba8cb1036c723c99fd1f46632265e8c29b78c3ede1b4745d4de7e2d9401,perimeter_mid_zn_4,Middle P4,middle,131.25,10.368773946360154,0.09528018150559334,0.06583530072415411,0.029444880781439222,0.20844771025082537
houston_ssp245_mid_2050s_hot_2056,Houston,ssp245,mid_2050s,hot,2056,5b1adc01d790d3cff03dd76d9bc2c017714bbd437ef442581b18c550c0a89630,core_bottom,Core bottom,bottom,983.54,1.496647509578544,0.08226978181268337,0.0519310436769071,0.030338738135776262,0.1926219003872885
houston_ssp245_mid_2050s_hot_2056,Houston,ssp245,mid_2050s,hot,2056,5b1adc01d790d3cff03dd76d9bc2c017714bbd437ef442581b18c550c0a89630,core_mid,Core middle,middle,983.54,4.938936781609195,0.08527658958281516,0.0557327684426169,0.029543821140198247,0.19204054946046872
houston_ssp245_mid_2050s_hot_2056,Houston,ssp245,mid_2050s,hot,2056,5b1adc01d790d3cff03dd76d9bc2c017714bbd437ef442581b18c550c0a89630,core_top,Core top,top,983.54,4.058908045977012,0.07962786376946186,0.04893198577126032,0.030695877998201553,0.1613587354322353
houston_ssp245_mid_2050s_hot_2056,Houston,ssp245,mid_2050s,hot,2056,5b1adc01d790d3cff03dd76d9bc2c017714bbd437ef442581b18c550c0a89630,perimeter_top_zn_3,Top P3,top,207.34,7.423371647509579,0.09190418441737036,0.06192116417102043,0.029983020246349933,0.1957649851858866
houston_ssp245_mid_2050s_hot_2056,Houston,ssp245,mid_2050s,hot,2056,5b1adc01d790d3cff03dd76d9bc2c017714bbd437ef442581b18c550c0a89630,perimeter_top_zn_2,Top P2,top,131.26,7.040229885057471,0.09192407719827009,0.0620203710698511,0.029903706128418982,0.20364731569064723
houston_ssp245_mid_2050s_hot_2056,Houston,ssp245,mid_2050s,hot,2056,5b1adc01d790d3cff03dd76d9bc2c017714bbd437ef442581b18c550c0a89630,perimeter_top_zn_1,Top P1,top,207.34,12.583812260536398,0.11254265552574089,0.08497957179185237,0.02756308373388851,0.2971211779939769
houston_ssp245_mid_2050s_hot_2056,Houston,ssp245,mid_2050s,hot,2056,5b1adc01d790d3cff03dd76d9bc2c017714bbd437ef442581b18c550c0a89630,perimeter_top_zn_4,Top P4,top,131.25,5.280172413793103,0.08526085383627631,0.05468288213319022,0.030577971703086095,0.17744871191533104
houston_ssp245_mid_2050s_hot_2056,Houston,ssp245,mid_2050s,hot,2056,5b1adc01d790d3cff03dd76d9bc2c017714bbd437ef442581b18c550c0a89630,perimeter_bot_zn_3,Bottom P3,bottom,207.34,2.1611590038314175,0.08020019734876455,0.05009594661354487,0.030104250735219683,0.15095674611566262
houston_ssp245_mid_2050s_hot_2056,Houston,ssp245,mid_2050s,hot,2056,5b1adc01d790d3cff03dd76d9bc2c017714bbd437ef442581b18c550c0a89630,perimeter_bot_zn_2,Bottom P2,bottom,131.26,4.627634099616858,0.0863028225999588,0.056404168417269605,0.029898654182689194,0.18819341762713593
houston_ssp245_mid_2050s_hot_2056,Houston,ssp245,mid_2050s,hot,2056,5b1adc01d790d3cff03dd76d9bc2c017714bbd437ef442581b18c550c0a89630,perimeter_bot_zn_1,Bottom P1,bottom,207.34,18.785919540229884,0.12359921692114972,0.0970966971263698,0.026502519794779925,0.3295186478744092
houston_ssp245_mid_2050s_hot_2056,Houston,ssp245,mid_2050s,hot,2056,5b1adc01d790d3cff03dd76d9bc2c017714bbd437ef442581b18c550c0a89630,perimeter_bot_zn_4,Bottom P4,bottom,131.25,1.4786877394636015,0.07846252555991041,0.04764959210676223,0.03081293345314818,0.15996641096598663
houston_ssp245_mid_2050s_hot_2056,Houston,ssp245,mid_2050s,hot,2056,5b1adc01d790d3cff03dd76d9bc2c017714bbd437ef442581b18c550c0a89630,perimeter_mid_zn_3,Middle P3,middle,207.34,9.08764367816092,0.09791695640782132,0.06931444297518342,0.028602513432637894,0.23337356036908824
houston_ssp245_mid_2050s_hot_2056,Houston,ssp245,mid_2050s,hot,2056,5b1adc01d790d3cff03dd76d9bc2c017714bbd437ef442581b18c550c0a89630,perimeter_mid_zn_2,Middle P2,middle,131.26,7.3036398467432955,0.0928052047353864,0.06340025965493687,0.029404945080449548,0.2162009281057564
houston_ssp245_mid_2050s_hot_2056,Houston,ssp245,mid_2050s,hot,2056,5b1adc01d790d3cff03dd76d9bc2c017714bbd437ef442581b18c550c0a89630,perimeter_mid_zn_1,Middle P1,middle,207.34,17.379070881226053,0.12679449757748423,0.10070795068363222,0.026086546893852005,0.35591839185455804
houston_ssp245_mid_2050s_hot_2056,Houston,ssp245,mid_2050s,hot,2056,5b1adc01d790d3cff03dd76d9bc2c017714bbd437ef442581b18c550c0a89630,perimeter_mid_zn_4,Middle P4,middle,131.25,5.052681992337165,0.08597275399112254,0.05590405230887878,0.03006870168224376,0.1908888367232058
houston_ssp245_mid_2050s_typical_2052,Houston,ssp245,mid_2050s,typical,2052,27b9a0ab448fb7ceeb3325322f5c0decd349fc2cbcf908392ad8abf7238c2291,core_bottom,Core bottom,bottom,983.54,3.873323754789272,0.08773489823505565,0.05877948064395847,0.02895541759109717,0.21015442684110755
houston_ssp245_mid_2050s_typical_2052,Houston,ssp245,mid_2050s,typical,2052,27b9a0ab448fb7ceeb3325322f5c0decd349fc2cbcf908392ad8abf7238c2291,core_mid,Core middle,middle,983.54,10.362787356321839,0.09524177590190105,0.06634658876566976,0.028895187136231296,0.21618693197665004
houston_ssp245_mid_2050s_typical_2052,Houston,ssp245,mid_2050s,typical,2052,27b9a0ab448fb7ceeb3325322f5c0decd349fc2cbcf908392ad8abf7238c2291,core_top,Core top,top,983.54,8.291427203065133,0.08920057700357101,0.058964431647147084,0.03023614535642392,0.1792935857320001
houston_ssp245_mid_2050s_typical_2052,Houston,ssp245,mid_2050s,typical,2052,27b9a0ab448fb7ceeb3325322f5c0decd349fc2cbcf908392ad8abf7238c2291,perimeter_top_zn_3,Top P3,top,207.34,11.566091954022989,0.1003135646622684,0.06950313631007832,0.03081042835219008,0.19590930414214683
houston_ssp245_mid_2050s_typical_2052,Houston,ssp245,mid_2050s,typical,2052,27b9a0ab448fb7ceeb3325322f5c0decd349fc2cbcf908392ad8abf7238c2291,perimeter_top_zn_2,Top P2,top,131.26,12.20067049808429,0.10099071005164821,0.07056212702649423,0.030428583025153978,0.20971726753876754
houston_ssp245_mid_2050s_typical_2052,Houston,ssp245,mid_2050s,typical,2052,27b9a0ab448fb7ceeb3325322f5c0decd349fc2cbcf908392ad8abf7238c2291,perimeter_top_zn_1,Top P1,top,207.34,13.481800766283525,0.10988669121278101,0.08179965368977175,0.02808703752300926,0.27103717657499643
houston_ssp245_mid_2050s_typical_2052,Houston,ssp245,mid_2050s,typical,2052,27b9a0ab448fb7ceeb3325322f5c0decd349fc2cbcf908392ad8abf7238c2291,perimeter_top_zn_4,Top P4,top,131.25,8.662595785440613,0.09029260196795413,0.059203530422463596,0.031089071545490534,0.17331665837700455
houston_ssp245_mid_2050s_typical_2052,Houston,ssp245,mid_2050s,typical,2052,27b9a0ab448fb7ceeb3325322f5c0decd349fc2cbcf908392ad8abf7238c2291,perimeter_bot_zn_3,Bottom P3,bottom,207.34,7.08213601532567,0.08892241194503028,0.05786578257803911,0.031056629366991183,0.15442301752916196
houston_ssp245_mid_2050s_typical_2052,Houston,ssp245,mid_2050s,typical,2052,27b9a0ab448fb7ceeb3325322f5c0decd349fc2cbcf908392ad8abf7238c2291,perimeter_bot_zn_2,Bottom P2,bottom,131.26,8.985871647509578,0.09417529439085169,0.06375884710386452,0.03041644728698717,0.19254259873403323
houston_ssp245_mid_2050s_typical_2052,Houston,ssp245,mid_2050s,typical,2052,27b9a0ab448fb7ceeb3325322f5c0decd349fc2cbcf908392ad8abf7238c2291,perimeter_bot_zn_1,Bottom P1,bottom,207.34,17.07375478927203,0.11522305055289322,0.08779905798623759,0.027423992566655633,0.2848036709363843
houston_ssp245_mid_2050s_typical_2052,Houston,ssp245,mid_2050s,typical,2052,27b9a0ab448fb7ceeb3325322f5c0decd349fc2cbcf908392ad8abf7238c2291,perimeter_bot_zn_4,Bottom P4,bottom,131.25,5.573515325670498,0.08449665574880783,0.05357151922786125,0.030925136520946576,0.1612946251364283
houston_ssp245_mid_2050s_typical_2052,Houston,ssp245,mid_2050s,typical,2052,27b9a0ab448fb7ceeb3325322f5c0decd349fc2cbcf908392ad8abf7238c2291,perimeter_mid_zn_3,Middle P3,middle,207.34,14.110392720306514,0.10663649726300446,0.07732415584258787,0.0293123414204166,0.23522303566561917
houston_ssp245_mid_2050s_typical_2052,Houston,ssp245,mid_2050s,typical,2052,27b9a0ab448fb7ceeb3325322f5c0decd349fc2cbcf908392ad8abf7238c2291,perimeter_mid_zn_2,Middle P2,middle,131.26,12.55387931034483,0.10125648795495867,0.07171964059127549,0.02953684736368319,0.22441474882877493
houston_ssp245_mid_2050s_typical_2052,Houston,ssp245,mid_2050s,typical,2052,27b9a0ab448fb7ceeb3325322f5c0decd349fc2cbcf908392ad8abf7238c2291,perimeter_mid_zn_1,Middle P1,middle,207.34,16.798371647509576,0.12027211534347224,0.09396519640011676,0.026306918943355483,0.32310771684483075
houston_ssp245_mid_2050s_typical_2052,Houston,ssp245,mid_2050s,typical,2052,27b9a0ab448fb7ceeb3325322f5c0decd349fc2cbcf908392ad8abf7238c2291,perimeter_mid_zn_4,Middle P4,middle,131.25,9.225335249042145,0.09198922786497693,0.061929063398035965,0.030060164466940965,0.19413487082570036
houston_ssp245_near_2030s_heatwave_extreme_2039,Houston,ssp245,near_2030s,heatwave_extreme,2039,b0ad24d20ecfc428a317e77c652f59910cc0144ddf32d50945206ea8fe801632,core_bottom,Core bottom,bottom,983.54,3.633860153256705,0.08994687692313749,0.06148887860010667,0.028457998323030823,0.22314538953941132
houston_ssp245_near_2030s_heatwave_extreme_2039,Houston,ssp245,near_2030s,heatwave_extreme,2039,b0ad24d20ecfc428a317e77c652f59910cc0144ddf32d50945206ea8fe801632,core_mid,Core middle,middle,983.54,9.650383141762452,0.09585146624908267,0.06736530247228033,0.028486163776802343,0.22562971242786312
houston_ssp245_near_2030s_heatwave_extreme_2039,Houston,ssp245,near_2030s,heatwave_extreme,2039,b0ad24d20ecfc428a317e77c652f59910cc0144ddf32d50945206ea8fe801632,core_top,Core top,top,983.54,7.08213601532567,0.08823144900529124,0.05811951627070129,0.030111932734589956,0.1823249042005434
houston_ssp245_near_2030s_heatwave_extreme_2039,Houston,ssp245,near_2030s,heatwave_extreme,2039,b0ad24d20ecfc428a317e77c652f59910cc0144ddf32d50945206ea8fe801632,perimeter_top_zn_3,Top P3,top,207.34,11.027298850574713,0.10012504101834419,0.0689945655494774,0.031130475468866787,0.1979067256357323
houston_ssp245_near_2030s_heatwave_extreme_2039,Houston,ssp245,near_2030s,heatwave_extreme,2039,b0ad24d20ecfc428a317e77c652f59910cc0144ddf32d50945206ea8fe801632,perimeter_top_zn_2,Top P2,top,131.26,11.757662835249043,0.10154083798159375,0.07089541567089411,0.030645422310699638,0.21420254974775937
houston_ssp245_near_2030s_heatwave_extreme_2039,Houston,ssp245,near_2030s,heatwave_extreme,2039,b0ad24d20ecfc428a317e77c652f59910cc0144ddf32d50945206ea8fe801632,perimeter_top_zn_1,Top P1,top,207.34,13.912835249042146,0.11392628450250057,0.08576354682519122,0.028162737677309358,0.2820183655182118
houston_ssp245_near_2030s_heatwave_extreme_2039,Houston,ssp245,near_2030s,heatwave_extreme,2039,b0ad24d20ecfc428a317e77c652f59910cc0144ddf32d50945206ea8fe801632,perimeter_top_zn_4,Top P4,top,131.25,7.327586206896551,0.08965908643818638,0.058364869842271884,0.03129421659591449,0.17181956963131204
houston_ssp245_near_2030s_heatwave_extreme_2039,Houston,ssp245,near_2030s,heatwave_extreme,2039,b0ad24d20ecfc428a317e77c652f59910cc0144ddf32d50945206ea8fe801632,perimeter_bot_zn_3,Bottom P3,bottom,207.34,8.117816091954024,0.09286203992210054,0.06153009412174606,0.031331945800354484,0.17010381954385118
houston_ssp245_near_2030s_heatwave_extreme_2039,Houston,ssp245,near_2030s,heatwave_extreme,2039,b0ad24d20ecfc428a317e77c652f59910cc0144ddf32d50945206ea8fe801632,perimeter_bot_zn_2,Bottom P2,bottom,131.26,9.943726053639846,0.09738937659968608,0.06714114606204502,0.030248230537641068,0.20728038008483166
houston_ssp245_near_2030s_heatwave_extreme_2039,Houston,ssp245,near_2030s,heatwave_extreme,2039,b0ad24d20ecfc428a317e77c652f59910cc0144ddf32d50945206ea8fe801632,perimeter_bot_zn_1,Bottom P1,bottom,207.34,19.36661877394636,0.12354847893163573,0.09588301859923613,0.0276654603323996,0.3032109850725943
houston_ssp245_near_2030s_heatwave_extreme_2039,Houston,ssp245,near_2030s,heatwave_extreme,2039,b0ad24d20ecfc428a317e77c652f59910cc0144ddf32d50945206ea8fe801632,perimeter_bot_zn_4,Bottom P4,bottom,131.25,5.3999042145593865,0.08633472011121297,0.05560471225297747,0.030730007858235493,0.17189028075436502
houston_ssp245_near_2030s_heatwave_extreme_2039,Houston,ssp245,near_2030s,heatwave_extreme,2039,b0ad24d20ecfc428a317e77c652f59910cc0144ddf32d50945206ea8fe801632,perimeter_mid_zn_3,Middle P3,middle,207.34,13.906848659003831,0.10756554241514694,0.0783949982935462,0.029170544121600753,0.24443654362642592
houston_ssp245_near_2030s_heatwave_extreme_2039,Houston,ssp245,near_2030s,heatwave_extreme,2039,b0ad24d20ecfc428a317e77c652f59910cc0144ddf32d50945206ea8fe801632,perimeter_mid_zn_2,Middle P2,middle,131.26,11.99712643678161,0.10272011334659492,0.07329372338337557,0.029426389963219345,0.2330019558192924
houston_ssp245_near_2030s_heatwave_extreme_2039,Houston,ssp245,near_2030s,heatwave_extreme,2039,b0ad24d20ecfc428a317e77c652f59910cc0144ddf32d50945206ea8fe801632,perimeter_mid_zn_1,Middle P1,middle,207.34,16.954022988505745,0.12481329464346094,0.09853390813264344,0.026279386510817494,0.3367741215284918
houston_ssp245_near_2030s_heatwave_extreme_2039,Houston,ssp245,near_2030s,heatwave_extreme,2039,b0ad24d20ecfc428a317e77c652f59910cc0144ddf32d50945206ea8fe801632,perimeter_mid_zn_4,Middle P4,middle,131.25,8.081896551724139,0.09189420274082595,0.0620923114302024,0.029801891310623548,0.19820142378705516
houston_ssp245_near_2030s_hot_2038,Houston,ssp245,near_2030s,hot,2038,6fbf1be7b195d5cfe7dc969cad1131a7bb3efd2dc840eb3d7d9690371fba3d48,core_bottom,Core bottom,bottom,983.54,3.065134099616858,0.08835089261658308,0.05851831114161813,0.029832581474964946,0.21675924778498215
houston_ssp245_near_2030s_hot_2038,Houston,ssp245,near_2030s,hot,2038,6fbf1be7b195d5cfe7dc969cad1131a7bb3efd2dc840eb3d7d9690371fba3d48,core_mid,Core middle,middle,983.54,8.28544061302682,0.09371620166990864,0.06472200215556632,0.028994199514342317,0.2244948051062051
houston_ssp245_near_2030s_hot_2038,Houston,ssp245,near_2030s,hot,2038,6fbf1be7b195d5cfe7dc969cad1131a7bb3efd2dc840eb3d7d9690371fba3d48,core_top,Core top,top,983.54,6.2859195402298855,0.08659294816194561,0.05654899448547084,0.030043953676474767,0.18870017825018268
houston_ssp245_near_2030s_hot_2038,Houston,ssp245,near_2030s,hot,2038,6fbf1be7b195d5cfe7dc969cad1131a7bb3efd2dc840eb3d7d9690371fba3d48,perimeter_top_zn_3,Top P3,top,207.34,10.476532567049809,0.10048013964569343,0.07103905263781714,0.029441087007876288,0.2270444338357371
houston_ssp245_near_2030s_hot_2038,Houston,ssp245,near_2030s,hot,2038,6fbf1be7b195d5cfe7dc969cad1131a7bb3efd2dc840eb3d7d9690371fba3d48,perimeter_top_zn_2,Top P2,top,131.26,10.79382183908046,0.1013020803205377,0.07171476129384469,0.029587319026693013,0.2360716960058217
houston_ssp245_near_2030s_hot_2038,Houston,ssp245,near_2030s,hot,2038,6fbf1be7b195d5cfe7dc969cad1131a7bb3efd2dc840eb3d7d9690371fba3d48,perimeter_top_zn_1,Top P1,top,207.34,16.780411877394634,0.1224149929297835,0.09563201094746288,0.026782981982320625,0.3330856478110071
houston_ssp245_near_2030s_hot_2038,Houston,ssp245,near_2030s,hot,2038,6fbf1be7b195d5cfe7dc969cad1131a7bb3efd2dc840eb3d7d9690371fba3d48,perimeter_top_zn_4,Top P4,top,131.25,7.333572796934866,0.09048316479236056,0.06027019658615238,0.03021296820620818,0.19924228937617244
houston_ssp245_near_2030s_hot_2038,Houston,ssp245,near_2030s,hot,2038,6fbf1be7b195d5cfe7dc969cad1131a7bb3efd2dc840eb3d7d9690371fba3d48,perimeter_bot_zn_3,Bottom P3,bottom,207.34,5.783045977011494,0.0900235145785547,0.060416436921541986,0.029607077657012714,0.18906396589632596
houston_ssp245_near_2030s_hot_2038,Houston,ssp245,near_2030s,hot,2038,6fbf1be7b195d5cfe7dc969cad1131a7bb3efd2dc840eb3d7d9690371fba3d48,perimeter_bot_zn_2,Bottom P2,bottom,131.26,8.195641762452107,0.09593676559567288,0.06642159544109007,0.02951517015458281,0.22203281846921386
houston_ssp245_near_2030s_hot_2038,Houston,ssp245,near_2030s,hot,2038,6fbf1be7b195d5cfe7dc969cad1131a7bb3efd2dc840eb3d7d9690371fba3d48,perimeter_bot_zn_1,Bottom P1,bottom,207.34,22.270114942528735,0.13362834098339849,0.10770109141773145,0.025927249565667033,0.3663931616065291
houston_ssp245_near_2030s_hot_2038,Houston,ssp245,near_2030s,hot,2038,6fbf1be7b195d5cfe7dc969cad1131a7bb3efd2dc840eb3d7d9690371fba3d48,perimeter_bot_zn_4,Bottom P4,bottom,131.25,3.9691091954022992,0.08501383774998371,0.05482843089399376,0.030185406855989954,0.18782898314033553
houston_ssp245_near_2030s_hot_2038,Houston,ssp245,near_2030s,hot,2038,6fbf1be7b195d5cfe7dc969cad1131a7bb3efd2dc840eb3d7d9690371fba3d48,perimeter_mid_zn_3,Middle P3,middle,207.34,12.661637931034484,0.10772674198222139,0.07956442529505335,0.02816231668716804,0.2662503205738716
houston_ssp245_near_2030s_hot_2038,Houston,ssp245,near_2030s,hot,2038,6fbf1be7b195d5cfe7dc969cad1131a7bb3efd2dc840eb3d7d9690371fba3d48,perimeter_mid_zn_2,Middle P2,middle,131.26,11.159003831417625,0.1017680393178268,0.07274211232949199,0.029025926988334814,0.24710012949423404
houston_ssp245_near_2030s_hot_2038,Houston,ssp245,near_2030s,hot,2038,6fbf1be7b195d5cfe7dc969cad1131a7bb3efd2dc840eb3d7d9690371fba3d48,perimeter_mid_zn_1,Middle P1,middle,207.34,21.599616858237546,0.13755912294065945,0.11223103623205868,0.025328086708600758,0.39346640557459805
houston_ssp245_near_2030s_hot_2038,Houston,ssp245,near_2030s,hot,2038,6fbf1be7b195d5cfe7dc969cad1131a7bb3efd2dc840eb3d7d9690371fba3d48,perimeter_mid_zn_4,Middle P4,middle,131.25,7.908285440613026,0.09234318723424291,0.06276769084435302,0.02957549638988988,0.21593495541692914
houston_ssp245_near_2030s_typical_2033,Houston,ssp245,near_2030s,typical,2033,c35b6ef4a940e665534683731affbed1764921a7d9ddf1394fd62e2c1486b270,core_bottom,Core bottom,bottom,983.54,2.9094827586206895,0.08736309200920918,0.05871954702620994,0.028643544982999234,0.21070141451453875
houston_ssp245_near_2030s_typical_2033,Houston,ssp245,near_2030s,typical,2033,c35b6ef4a940e665534683731affbed1764921a7d9ddf1394fd62e2c1486b270,core_mid,Core middle,middle,983.54,8.937978927203066,0.09416319486622708,0.06542621938988095,0.028736975476346127,0.21491561945616525
houston_ssp245_near_2030s_typical_2033,Houston,ssp245,near_2030s,typical,2033,c35b6ef4a940e665534683731affbed1764921a7d9ddf1394fd62e2c1486b270,core_top,Core top,top,983.54,6.788793103448276,0.08752955574908257,0.0569599181569986,0.03056963759208396,0.17010735872233826
houston_ssp245_near_2030s_typical_2033,Houston,ssp245,near_2030s,typical,2033,c35b6ef4a940e665534683731affbed1764921a7d9ddf1394fd62e2c1486b270,perimeter_top_zn_3,Top P3,top,207.34,10.60823754789272,0.09935108917665854,0.06743154349753373,0.031919545679124806,0.1806896459938306
houston_ssp245_near_2030s_typical_2033,Houston,ssp245,near_2030s,typical,2033,c35b6ef4a940e665534683731affbed1764921a7d9ddf1394fd62e2c1486b270,perimeter_top_zn_2,Top P2,top,131.26,11.655890804597702,0.1007565424937973,0.06920949986084744,0.03154704263294986,0.19646368023326766
houston_ssp245_near_2030s_typical_2033,Houston,ssp245,near_2030s,typical,2033,c35b6ef4a940e665534683731affbed1764921a7d9ddf1394fd62e2c1486b270,perimeter_top_zn_1,Top P1,top,207.34,13.116618773946358,0.1105857213599175,0.08185400734061217,0.028731714019305327,0.2622488830289508
houston_ssp245_near_2030s_typical_2033,Houston,ssp245,near_2030s,typical,2033,c35b6ef4a940e665534683731affbed1764921a7d9ddf1394fd62e2c1486b270,perimeter_top_zn_4,Top P4,top,131.25,7.770593869731801,0.08951966526557494,0.05736411464688505,0.032155550618689875,0.15728583539543703
houston_ssp245_near_2030s_typical_2033,Houston,ssp245,near_2030s,typical,2033,c35b6ef4a940e665534683731affbed1764921a7d9ddf1394fd62e2c1486b270,perimeter_bot_zn_3,Bottom P3,bottom,207.34,6.124281609195402,0.089109597710707,0.057274485503087426,0.03183511220761959,0.14527939781975152
houston_ssp245_near_2030s_typical_2033,Houston,ssp245,near_2030s,typical,2033,c35b6ef4a940e665534683731affbed1764921a7d9ddf1394fd62e2c1486b270,perimeter_bot_zn_2,Bottom P2,bottom,131.26,8.47102490421456,0.09448695383452248,0.06336676199483138,0.0311201918396911,0.18330638828682685
houston_ssp245_near_2030s_typical_2033,Houston,ssp245,near_2030s,typical,2033,c35b6ef4a940e665534683731affbed1764921a7d9ddf1394fd62e2c1486b270,perimeter_bot_zn_1,Bottom P1,bottom,207.34,18.761973180076627,0.11969410887412503,0.09108556586744128,0.028608543006683744,0.2773060390468771
houston_ssp245_near_2030s_typical_2033,Houston,ssp245,near_2030s,typical,2033,c35b6ef4a940e665534683731affbed1764921a7d9ddf1394fd62e2c1486b270,perimeter_bot_zn_4,Bottom P4,bottom,131.25,4.424090038314176,0.0840629904232907,0.05237149548185169,0.03169149494143901,0.15028920918771663
houston_ssp245_near_2030s_typical_2033,Houston,ssp245,near_2030s,typical,2033,c35b6ef4a940e665534683731affbed1764921a7d9ddf1394fd62e2c1486b270,perimeter_mid_zn_3,Middle P3,middle,207.34,13.098659003831417,0.10596677319465497,0.07616997485049515,0.029796798344159818,0.22734901480051065
houston_ssp245_near_2030s_typical_2033,Houston,ssp245,near_2030s,typical,2033,c35b6ef4a940e665534683731affbed1764921a7d9ddf1394fd62e2c1486b270,perimeter_mid_zn_2,Middle P2,middle,131.26,11.619971264367816,0.10062090300301324,0.07052413279453151,0.03009677020848173,0.2149789046889401
houston_ssp245_near_2030s_typical_2033,Houston,ssp245,near_2030s,typical,2033,c35b6ef4a940e665534683731affbed1764921a7d9ddf1394fd62e2c1486b270,perimeter_mid_zn_1,Middle P1,middle,207.34,16.45713601532567,0.12086214104368351,0.09421834403580283,0.026643797007880676,0.3162160937300754
houston_ssp245_near_2030s_typical_2033,Houston,ssp245,near_2030s,typical,2033,c35b6ef4a940e665534683731affbed1764921a7d9ddf1394fd62e2c1486b270,perimeter_mid_zn_4,Middle P4,middle,131.25,8.153735632183908,0.09125803415863142,0.06070681857333208,0.030551215585299333,0.18346919997348093
houston_ssp585_baseline_2020s_heatwave_extreme_2025,Houston,ssp585,baseline_2020s,heatwave_extreme,2025,53fbfe963d868d13331fde11a084b2730398f466b26106db3097ab9685bccaa1,core_bottom,Core bottom,bottom,983.54,3.125,0.08944782715004652,0.06218006625442348,0.027267760895623046,0.2261166965595172
houston_ssp585_baseline_2020s_heatwave_extreme_2025,Houston,ssp585,baseline_2020s,heatwave_extreme,2025,53fbfe963d868d13331fde11a084b2730398f466b26106db3097ab9685bccaa1,core_mid,Core middle,middle,983.54,10.141283524904214,0.0974109526095828,0.06985347475167418,0.027557477857908626,0.23370773562250746
houston_ssp585_baseline_2020s_heatwave_extreme_2025,Houston,ssp585,baseline_2020s,heatwave_extreme,2025,53fbfe963d868d13331fde11a084b2730398f466b26106db3097ab9685bccaa1,core_top,Core top,top,983.54,7.614942528735632,0.08924823478953707,0.06010577640239947,0.02914245838713761,0.1873434933466415
houston_ssp585_baseline_2020s_heatwave_extreme_2025,Houston,ssp585,baseline_2020s,heatwave_extreme,2025,53fbfe963d868d13331fde11a084b2730398f466b26106db3097ab9685bccaa1,perimeter_top_zn_3,Top P3,top,207.34,12.116858237547893,0.10196389586739336,0.07145682872164641,0.030507067145746945,0.20163599066078344
houston_ssp585_baseline_2020s_heatwave_extreme_2025,Houston,ssp585,baseline_2020s,heatwave_extreme,2025,53fbfe963d868d13331fde11a084b2730398f466b26106db3097ab9685bccaa1,perimeter_top_zn_2,Top P2,top,131.26,12.434147509578544,0.10266386539018173,0.07278891080815142,0.029874954582030315,0.2147721442562412
houston_ssp585_baseline_2020s_heatwave_extreme_2025,Houston,ssp585,baseline_2020s,heatwave_extreme,2025,53fbfe963d868d13331fde11a084b2730398f466b26106db3097ab9685bccaa1,perimeter_top_zn_1,Top P1,top,207.34,14.906609195402298,0.11414836537103183,0.08672457172684113,0.027423793644190703,0.28238929668419444
houston_ssp585_baseline_2020s_heatwave_extreme_2025,Houston,ssp585,baseline_2020s,heatwave_extreme,2025,53fbfe963d868d13331fde11a084b2730398f466b26106db3097ab9685bccaa1,perimeter_top_zn_4,Top P4,top,131.25,8.608716475095786,0.09108286848703724,0.060216173441700147,0.030866695045337095,0.1714970129325058
houston_ssp585_baseline_2020s_heatwave_extreme_2025,Houston,ssp585,baseline_2020s,heatwave_extreme,2025,53fbfe963d868d13331fde11a084b2730398f466b26106db3097ab9685bccaa1,perimeter_bot_zn_3,Bottom P3,bottom,207.34,7.644875478927203,0.09354033586444241,0.06240921558879612,0.031131120275646285,0.1678279791512549
houston_ssp585_baseline_2020s_heatwave_extreme_2025,Houston,ssp585,baseline_2020s,heatwave_extreme,2025,53fbfe963d868d13331fde11a084b2730398f466b26106db3097ab9685bccaa1,perimeter_bot_zn_2,Bottom P2,bottom,131.26,9.375,0.09736568659556927,0.06743819419536794,0.02992749240020133,0.20365216829352667
houston_ssp585_baseline_2020s_heatwave_extreme_2025,Houston,ssp585,baseline_2020s,heatwave_extreme,2025,53fbfe963d868d13331fde11a084b2730398f466b26106db3097ab9685bccaa1,perimeter_bot_zn_1,Bottom P1,bottom,207.34,21.58764367816092,0.12453962986984357,0.09710161030428328,0.027438019565560287,0.30073024499432843
houston_ssp585_baseline_2020s_heatwave_extreme_2025,Houston,ssp585,baseline_2020s,heatwave_extreme,2025,53fbfe963d868d13331fde11a084b2730398f466b26106db3097ab9685bccaa1,perimeter_bot_zn_4,Bottom P4,bottom,131.25,4.938936781609195,0.08530650992965427,0.0549524357803661,0.030354074149288174,0.16609763597318805
houston_ssp585_baseline_2020s_heatwave_extreme_2025,Houston,ssp585,baseline_2020s,heatwave_extreme,2025,53fbfe963d868d13331fde11a084b2730398f466b26106db3097ab9685bccaa1,perimeter_mid_zn_3,Middle P3,middle,207.34,14.882662835249041,0.10931154974099334,0.08092695660337179,0.02838459313762155,0.2502099095376184
houston_ssp585_baseline_2020s_heatwave_extreme_2025,Houston,ssp585,baseline_2020s,heatwave_extreme,2025,53fbfe963d868d13331fde11a084b2730398f466b26106db3097ab9685bccaa1,perimeter_mid_zn_2,Middle P2,middle,131.26,12.865181992337165,0.10310502076482543,0.07454897806222793,0.0285560427025975,0.23434650051259934
houston_ssp585_baseline_2020s_heatwave_extreme_2025,Houston,ssp585,baseline_2020s,heatwave_extreme,2025,53fbfe963d868d13331fde11a084b2730398f466b26106db3097ab9685bccaa1,perimeter_mid_zn_1,Middle P1,middle,207.34,18.761973180076627,0.12546048388951678,0.10010022800707907,0.025360255882437687,0.34054333888127825
houston_ssp585_baseline_2020s_heatwave_extreme_2025,Houston,ssp585,baseline_2020s,heatwave_extreme,2025,53fbfe963d868d13331fde11a084b2730398f466b26106db3097ab9685bccaa1,perimeter_mid_zn_4,Middle P4,middle,131.25,9.111590038314176,0.092755156187446,0.0635618345624182,0.029193321625027788,0.19871032010362152
houston_ssp585_baseline_2020s_hot_2026,Houston,ssp585,baseline_2020s,hot,2026,328d81cbee8e0a514dd69f7b33e99c77410e9e35647af85c5183ab9e3ca56fa9,core_bottom,Core bottom,bottom,983.54,2.382662835249042,0.08470094016491314,0.058122636196810136,0.026578303968103,0.2057844529324702
houston_ssp585_baseline_2020s_hot_2026,Houston,ssp585,baseline_2020s,hot,2026,328d81cbee8e0a514dd69f7b33e99c77410e9e35647af85c5183ab9e3ca56fa9,core_mid,Core middle,middle,983.54,6.890565134099617,0.0902278271577454,0.06344032308539033,0.02678750407235506,0.21219436685059895
houston_ssp585_baseline_2020s_hot_2026,Houston,ssp585,baseline_2020s,hot,2026,328d81cbee8e0a514dd69f7b33e99c77410e9e35647af85c5183ab9e3ca56fa9,core_top,Core top,top,983.54,5.441810344827586,0.08345524373600774,0.05429776441164259,0.02915747932436514,0.16479649246269384
houston_ssp585_baseline_2020s_hot_2026,Houston,ssp585,baseline_2020s,hot,2026,328d81cbee8e0a514dd69f7b33e99c77410e9e35647af85c5183ab9e3ca56fa9,perimeter_top_zn_3,Top P3,top,207.34,8.249521072796934,0.09428706296277031,0.0637959488708806,0.030491114091889718,0.17407406390468327
houston_ssp585_baseline_2020s_hot_2026,Houston,ssp585,baseline_2020s,hot,2026,328d81cbee8e0a514dd69f7b33e99c77410e9e35647af85c5183ab9e3ca56fa9,perimeter_top_zn_2,Top P2,top,131.26,9.285201149425287,0.0952812602420939,0.06538882702424002,0.02989243321785388,0.1880469224289488
houston_ssp585_baseline_2020s_hot_2026,Houston,ssp585,baseline_2020s,hot,2026,328d81cbee8e0a514dd69f7b33e99c77410e9e35647af85c5183ab9e3ca56fa9,perimeter_top_zn_1,Top P1,top,207.34,13.332136015325672,0.11162853320995361,0.08467067636248844,0.026957856847465166,0.27028861593541026
houston_ssp585_baseline_2020s_hot_2026,Houston,ssp585,baseline_2020s,hot,2026,328d81cbee8e0a514dd69f7b33e99c77410e9e35647af85c5183ab9e3ca56fa9,perimeter_top_zn_4,Top P4,top,131.25,5.8069923371647505,0.08597901763494108,0.05516160162851764,0.030817416006423442,0.15136121475508366
houston_ssp585_baseline_2020s_hot_2026,Houston,ssp585,baseline_2020s,hot,2026,328d81cbee8e0a514dd69f7b33e99c77410e9e35647af85c5183ab9e3ca56fa9,perimeter_bot_zn_3,Bottom P3,bottom,207.34,4.926963601532567,0.08676944356927982,0.05590409729715617,0.03086534627212365,0.1475760393721316
houston_ssp585_baseline_2020s_hot_2026,Houston,ssp585,baseline_2020s,hot,2026,328d81cbee8e0a514dd69f7b33e99c77410e9e35647af85c5183ab9e3ca56fa9,perimeter_bot_zn_2,Bottom P2,bottom,131.26,7.339559386973179,0.09174734537068041,0.06221381924622487,0.029533526124455544,0.18486656902469423
houston_ssp585_baseline_2020s_hot_2026,Houston,ssp585,baseline_2020s,hot,2026,328d81cbee8e0a514dd69f7b33e99c77410e9e35647af85c5183ab9e3ca56fa9,perimeter_bot_zn_1,Bottom P1,bottom,207.34,19.061302681992338,0.12292699491137048,0.09666273462586328,0.026264260285507202,0.2977407979052722
houston_ssp585_baseline_2020s_hot_2026,Houston,ssp585,baseline_2020s,hot,2026,328d81cbee8e0a514dd69f7b33e99c77410e9e35647af85c5183ab9e3ca56fa9,perimeter_bot_zn_4,Bottom P4,bottom,131.25,3.484195402298851,0.08110910761785618,0.05081325368243189,0.03029585393542429,0.14794563730285915
houston_ssp585_baseline_2020s_hot_2026,Houston,ssp585,baseline_2020s,hot,2026,328d81cbee8e0a514dd69f7b33e99c77410e9e35647af85c5183ab9e3ca56fa9,perimeter_mid_zn_3,Middle P3,middle,207.34,10.39272030651341,0.10131029409910447,0.07317785807220413,0.02813243602690034,0.22378870664313355
houston_ssp585_baseline_2020s_hot_2026,Houston,ssp585,baseline_2020s,hot,2026,328d81cbee8e0a514dd69f7b33e99c77410e9e35647af85c5183ab9e3ca56fa9,perimeter_mid_zn_2,Middle P2,middle,131.26,9.554597701149426,0.0962498017717484,0.06776973552902861,0.028480066242719794,0.20773191908962785
houston_ssp585_baseline_2020s_hot_2026,Houston,ssp585,baseline_2020s,hot,2026,328d81cbee8e0a514dd69f7b33e99c77410e9e35647af85c5183ab9e3ca56fa9,perimeter_mid_zn_1,Middle P1,middle,207.34,16.88817049808429,0.1234820188815616,0.09880465442011217,0.024677364461449438,0.33090478904631854
houston_ssp585_baseline_2020s_hot_2026,Houston,ssp585,baseline_2020s,hot,2026,328d81cbee8e0a514dd69f7b33e99c77410e9e35647af85c5183ab9e3ca56fa9,perimeter_mid_zn_4,Middle P4,middle,131.25,5.902777777777778,0.08703109200695824,0.057990924780497013,0.029040167226461234,0.17662135747256713
houston_ssp585_baseline_2020s_typical_2025,Houston,ssp585,baseline_2020s,typical,2025,53fbfe963d868d13331fde11a084b2730398f466b26106db3097ab9685bccaa1,core_bottom,Core bottom,bottom,983.54,3.125,0.08944782715004652,0.06218006625442348,0.027267760895623046,0.2261166965595172
houston_ssp585_baseline_2020s_typical_2025,Houston,ssp585,baseline_2020s,typical,2025,53fbfe963d868d13331fde11a084b2730398f466b26106db3097ab9685bccaa1,core_mid,Core middle,middle,983.54,10.141283524904214,0.0974109526095828,0.06985347475167418,0.027557477857908626,0.23370773562250746
houston_ssp585_baseline_2020s_typical_2025,Houston,ssp585,baseline_2020s,typical,2025,53fbfe963d868d13331fde11a084b2730398f466b26106db3097ab9685bccaa1,core_top,Core top,top,983.54,7.614942528735632,0.08924823478953707,0.06010577640239947,0.02914245838713761,0.1873434933466415
houston_ssp585_baseline_2020s_typical_2025,Houston,ssp585,baseline_2020s,typical,2025,53fbfe963d868d13331fde11a084b2730398f466b26106db3097ab9685bccaa1,perimeter_top_zn_3,Top P3,top,207.34,12.116858237547893,0.10196389586739336,0.07145682872164641,0.030507067145746945,0.20163599066078344
houston_ssp585_baseline_2020s_typical_2025,Houston,ssp585,baseline_2020s,typical,2025,53fbfe963d868d13331fde11a084b2730398f466b26106db3097ab9685bccaa1,perimeter_top_zn_2,Top P2,top,131.26,12.434147509578544,0.10266386539018173,0.07278891080815142,0.029874954582030315,0.2147721442562412
houston_ssp585_baseline_2020s_typical_2025,Houston,ssp585,baseline_2020s,typical,2025,53fbfe963d868d13331fde11a084b2730398f466b26106db3097ab9685bccaa1,perimeter_top_zn_1,Top P1,top,207.34,14.906609195402298,0.11414836537103183,0.08672457172684113,0.027423793644190703,0.28238929668419444
houston_ssp585_baseline_2020s_typical_2025,Houston,ssp585,baseline_2020s,typical,2025,53fbfe963d868d13331fde11a084b2730398f466b26106db3097ab9685bccaa1,perimeter_top_zn_4,Top P4,top,131.25,8.608716475095786,0.09108286848703724,0.060216173441700147,0.030866695045337095,0.1714970129325058
houston_ssp585_baseline_2020s_typical_2025,Houston,ssp585,baseline_2020s,typical,2025,53fbfe963d868d13331fde11a084b2730398f466b26106db3097ab9685bccaa1,perimeter_bot_zn_3,Bottom P3,bottom,207.34,7.644875478927203,0.09354033586444241,0.06240921558879612,0.031131120275646285,0.1678279791512549
houston_ssp585_baseline_2020s_typical_2025,Houston,ssp585,baseline_2020s,typical,2025,53fbfe963d868d13331fde11a084b2730398f466b26106db3097ab9685bccaa1,perimeter_bot_zn_2,Bottom P2,bottom,131.26,9.375,0.09736568659556927,0.06743819419536794,0.02992749240020133,0.20365216829352667
houston_ssp585_baseline_2020s_typical_2025,Houston,ssp585,baseline_2020s,typical,2025,53fbfe963d868d13331fde11a084b2730398f466b26106db3097ab9685bccaa1,perimeter_bot_zn_1,Bottom P1,bottom,207.34,21.58764367816092,0.12453962986984357,0.09710161030428328,0.027438019565560287,0.30073024499432843
houston_ssp585_baseline_2020s_typical_2025,Houston,ssp585,baseline_2020s,typical,2025,53fbfe963d868d13331fde11a084b2730398f466b26106db3097ab9685bccaa1,perimeter_bot_zn_4,Bottom P4,bottom,131.25,4.938936781609195,0.08530650992965427,0.0549524357803661,0.030354074149288174,0.16609763597318805
houston_ssp585_baseline_2020s_typical_2025,Houston,ssp585,baseline_2020s,typical,2025,53fbfe963d868d13331fde11a084b2730398f466b26106db3097ab9685bccaa1,perimeter_mid_zn_3,Middle P3,middle,207.34,14.882662835249041,0.10931154974099334,0.08092695660337179,0.02838459313762155,0.2502099095376184
houston_ssp585_baseline_2020s_typical_2025,Houston,ssp585,baseline_2020s,typical,2025,53fbfe963d868d13331fde11a084b2730398f466b26106db3097ab9685bccaa1,perimeter_mid_zn_2,Middle P2,middle,131.26,12.865181992337165,0.10310502076482543,0.07454897806222793,0.0285560427025975,0.23434650051259934
houston_ssp585_baseline_2020s_typical_2025,Houston,ssp585,baseline_2020s,typical,2025,53fbfe963d868d13331fde11a084b2730398f466b26106db3097ab9685bccaa1,perimeter_mid_zn_1,Middle P1,middle,207.34,18.761973180076627,0.12546048388951678,0.10010022800707907,0.025360255882437687,0.34054333888127825
houston_ssp585_baseline_2020s_typical_2025,Houston,ssp585,baseline_2020s,typical,2025,53fbfe963d868d13331fde11a084b2730398f466b26106db3097ab9685bccaa1,perimeter_mid_zn_4,Middle P4,middle,131.25,9.111590038314176,0.092755156187446,0.0635618345624182,0.029193321625027788,0.19871032010362152
houston_ssp585_late_2080s_heatwave_extreme_2086,Houston,ssp585,late_2080s,heatwave_extreme,2086,22f1a3d8323ed4683849ae397a730ef520c85fc4e803c0c252d171b7fa24dff6,core_bottom,Core bottom,bottom,983.54,17.079741379310345,0.11871726424415728,0.09203412242680235,0.026683141817354934,0.31593213774070894
houston_ssp585_late_2080s_heatwave_extreme_2086,Houston,ssp585,late_2080s,heatwave_extreme,2086,22f1a3d8323ed4683849ae397a730ef520c85fc4e803c0c252d171b7fa24dff6,core_mid,Core middle,middle,983.54,26.879789272030653,0.13882319101268661,0.1126881205396311,0.026135070473055504,0.36347938620183196
houston_ssp585_late_2080s_heatwave_extreme_2086,Houston,ssp585,late_2080s,heatwave_extreme,2086,22f1a3d8323ed4683849ae397a730ef520c85fc4e803c0c252d171b7fa24dff6,core_top,Core top,top,983.54,23.700909961685824,0.12895764321108807,0.10160023539052326,0.027357407820564797,0.316605867274823
houston_ssp585_late_2080s_heatwave_extreme_2086,Houston,ssp585,late_2080s,heatwave_extreme,2086,22f1a3d8323ed4683849ae397a730ef520c85fc4e803c0c252d171b7fa24dff6,perimeter_top_zn_3,Top P3,top,207.34,27.17911877394636,0.14146246518346786,0.11400569241340727,0.02745677277006058,0.34211779138671367
houston_ssp585_late_2080s_heatwave_extreme_2086,Houston,ssp585,late_2080s,heatwave_extreme,2086,22f1a3d8323ed4683849ae397a730ef520c85fc4e803c0c252d171b7fa24dff6,perimeter_top_zn_2,Top P2,top,131.26,24.41331417624521,0.13303841620124898,0.10553414248060738,0.027504273720641605,0.3284012400613461
houston_ssp585_late_2080s_heatwave_extreme_2086,Houston,ssp585,late_2080s,heatwave_extreme,2086,22f1a3d8323ed4683849ae397a730ef520c85fc4e803c0c252d171b7fa24dff6,perimeter_top_zn_1,Top P1,top,207.34,29.819204980842912,0.15534793781736037,0.13079839668029714,0.024549541137063247,0.42676977597777604
houston_ssp585_late_2080s_heatwave_extreme_2086,Houston,ssp585,late_2080s,heatwave_extreme,2086,22f1a3d8323ed4683849ae397a730ef520c85fc4e803c0c252d171b7fa24dff6,perimeter_top_zn_4,Top P4,top,131.25,18.342911877394634,0.11613789846436201,0.08790376473821912,0.02823413372614289,0.26963839150554697
houston_ssp585_late_2080s_heatwave_extreme_2086,Houston,ssp585,late_2080s,heatwave_extreme,2086,22f1a3d8323ed4683849ae397a730ef520c85fc4e803c0c252d171b7fa24dff6,perimeter_bot_zn_3,Bottom P3,bottom,207.34,22.671216475095786,0.12958329238079044,0.10110337040713815,0.028479921973652296,0.2973025168998546
houston_ssp585_late_2080s_heatwave_extreme_2086,Houston,ssp585,late_2080s,heatwave_extreme,2086,22f1a3d8323ed4683849ae397a730ef520c85fc4e803c0c252d171b7fa24dff6,perimeter_bot_zn_2,Bottom P2,bottom,131.26,22.353927203065137,0.127572556349391,0.09946936426029257,0.02810319208909842,0.3039782903324684
houston_ssp585_late_2080s_heatwave_extreme_2086,Houston,ssp585,late_2080s,heatwave_extreme,2086,22f1a3d8323ed4683849ae397a730ef520c85fc4e803c0c252d171b7fa24dff6,perimeter_bot_zn_1,Bottom P1,bottom,207.34,33.81824712643678,0.16135130187580343,0.1371780114493826,0.02417329042642081,0.4494824192615741
houston_ssp585_late_2080s_heatwave_extreme_2086,Houston,ssp585,late_2080s,heatwave_extreme,2086,22f1a3d8323ed4683849ae397a730ef520c85fc4e803c0c252d171b7fa24dff6,perimeter_bot_zn_4,Bottom P4,bottom,131.25,18.049568965517242,0.11428969366755772,0.08590493890193918,0.028384754765618542,0.2643366088565097
houston_ssp585_late_2080s_heatwave_extreme_2086,Houston,ssp585,late_2080s,heatwave_extreme,2086,22f1a3d8323ed4683849ae397a730ef520c85fc4e803c0c252d171b7fa24dff6,perimeter_mid_zn_3,Middle P3,middle,207.34,30.18438697318008,0.15060442453060724,0.12479223131228477,0.025812193218322465,0.3912964608234238
houston_ssp585_late_2080s_heatwave_extreme_2086,Houston,ssp585,late_2080s,heatwave_extreme,2086,22f1a3d8323ed4683849ae397a730ef520c85fc4e803c0c252d171b7fa24dff6,perimeter_mid_zn_2,Middle P2,middle,131.26,24.862308429118773,0.13346247525871874,0.10691439097286005,0.026548084285858684,0.343029068019595
houston_ssp585_late_2080s_heatwave_extreme_2086,Houston,ssp585,late_2080s,heatwave_extreme,2086,22f1a3d8323ed4683849ae397a730ef520c85fc4e803c0c252d171b7fa24dff6,perimeter_mid_zn_1,Middle P1,middle,207.34,34.638409961685824,0.17007594139097076,0.14729362634199955,0.022782315048971213,0.49227932094484517
houston_ssp585_late_2080s_heatwave_extreme_2086,Houston,ssp585,late_2080s,heatwave_extreme,2086,22f1a3d8323ed4683849ae397a730ef520c85fc4e803c0c252d171b7fa24dff6,perimeter_mid_zn_4,Middle P4,middle,131.25,21.42001915708812,0.12316864335631439,0.09620892048244262,0.026959722873871772,0.30531455800256085
houston_ssp585_late_2080s_hot_2080,Houston,ssp585,late_2080s,hot,2080,9e0952d446a257fdf5f17e022b3a9c0717a89b2bf5991d6b5f36f3c338c0ba21,core_bottom,Core bottom,bottom,983.54,15.265804597701148,0.11103820114229138,0.08304659732179431,0.02799160382049707,0.2836746232052723
houston_ssp585_late_2080s_hot_2080,Houston,ssp585,late_2080s,hot,2080,9e0952d446a257fdf5f17e022b3a9c0717a89b2bf5991d6b5f36f3c338c0ba21,core_mid,Core middle,middle,983.54,22.892720306513407,0.12787794185319173,0.10077260098913177,0.027105340864059965,0.3221908108773635
houston_ssp585_late_2080s_hot_2080,Houston,ssp585,late_2080s,hot,2080,9e0952d446a257fdf5f17e022b3a9c0717a89b2bf5991d6b5f36f3c338c0ba21,core_top,Core top,top,983.54,20.86925287356322,0.1211468565992639,0.09298317794490898,0.02816367865435492,0.2864631374711325
houston_ssp585_late_2080s_hot_2080,Houston,ssp585,late_2080s,hot,2080,9e0952d446a257fdf5f17e022b3a9c0717a89b2bf5991d6b5f36f3c338c0ba21,perimeter_top_zn_3,Top P3,top,207.34,23.287835249042146,0.1310993079832456,0.10352783346331457,0.027571474519931024,0.31272825173063107
houston_ssp585_late_2080s_hot_2080,Houston,ssp585,late_2080s,hot,2080,9e0952d446a257fdf5f17e022b3a9c0717a89b2bf5991d6b5f36f3c338c0ba21,perimeter_top_zn_2,Top P2,top,131.26,20.97102490421456,0.12394222305473533,0.09635523423352689,0.027586988821208445,0.3041748768107359
houston_ssp585_late_2080s_hot_2080,Houston,ssp585,late_2080s,hot,2080,9e0952d446a257fdf5f17e022b3a9c0717a89b2bf5991d6b5f36f3c338c0ba21,perimeter_top_zn_1,Top P1,top,207.34,26.939655172413797,0.14610186887436832,0.12113547579714738,0.024966393077220938,0.40413425134526687
houston_ssp585_late_2080s_hot_2080,Houston,ssp585,late_2080s,hot,2080,9e0952d446a257fdf5f17e022b3a9c0717a89b2bf5991d6b5f36f3c338c0ba21,perimeter_top_zn_4,Top P4,top,131.25,16.60081417624521,0.1110372382003982,0.0826309473697369,0.028406290830661284,0.2568990488905229
houston_ssp585_late_2080s_hot_2080,Houston,ssp585,late_2080s,hot,2080,9e0952d446a257fdf5f17e022b3a9c0717a89b2bf5991d6b5f36f3c338c0ba21,perimeter_bot_zn_3,Bottom P3,bottom,207.34,18.7919061302682,0.11862346695984882,0.09022649317570351,0.02839697378414531,0.26648114192918504
houston_ssp585_late_2080s_hot_2080,Houston,ssp585,late_2080s,hot,2080,9e0952d446a257fdf5f17e022b3a9c0717a89b2bf5991d6b5f36f3c338c0ba21,perimeter_bot_zn_2,Bottom P2,bottom,131.26,19.169061302681992,0.11938621502788525,0.091423399271836,0.027962815756049256,0.2811889691263465
houston_ssp585_late_2080s_hot_2080,Houston,ssp585,late_2080s,hot,2080,9e0952d446a257fdf5f17e022b3a9c0717a89b2bf5991d6b5f36f3c338c0ba21,perimeter_bot_zn_1,Bottom P1,bottom,207.34,29.84913793103448,0.15162721777617652,0.1279324265097119,0.02369479126646462,0.43109299147748875
houston_ssp585_late_2080s_hot_2080,Houston,ssp585,late_2080s,hot,2080,9e0952d446a257fdf5f17e022b3a9c0717a89b2bf5991d6b5f36f3c338c0ba21,perimeter_bot_zn_4,Bottom P4,bottom,131.25,15.762691570881227,0.10761679568912215,0.07893043462614353,0.028686361062978605,0.24386391474223892
houston_ssp585_late_2080s_hot_2080,Houston,ssp585,late_2080s,hot,2080,9e0952d446a257fdf5f17e022b3a9c0717a89b2bf5991d6b5f36f3c338c0ba21,perimeter_mid_zn_3,Middle P3,middle,207.34,25.191570881226056,0.1370633800734802,0.1108134819338075,0.026249898139672722,0.348932213405125
houston_ssp585_late_2080s_hot_2080,Houston,ssp585,late_2080s,hot,2080,9e0952d446a257fdf5f17e022b3a9c0717a89b2bf5991d6b5f36f3c338c0ba21,perimeter_mid_zn_2,Middle P2,middle,131.26,21.060823754789272,0.12373846060449717,0.09657621441902531,0.02716224618547186,0.31270242837324963
houston_ssp585_late_2080s_hot_2080,Houston,ssp585,late_2080s,hot,2080,9e0952d446a257fdf5f17e022b3a9c0717a89b2bf5991d6b5f36f3c338c0ba21,perimeter_mid_zn_1,Middle P1,middle,207.34,31.267959770114945,0.16002453309227635,0.13666762576326533,0.023356907329011026,0.4641080214989033
houston_ssp585_late_2080s_hot_2080,Houston,ssp585,late_2080s,hot,2080,9e0952d446a257fdf5f17e022b3a9c0717a89b2bf5991d6b5f36f3c338c0ba21,perimeter_mid_zn_4,Middle P4,middle,131.25,18.875718390804597,0.11604951785823432,0.08844349472156826,0.027606023136666068,0.2836179082576623
houston_ssp585_late_2080s_typical_2088,Houston,ssp585,late_2080s,typical,2088,67f027cdc7d4015cd6bb7ed6ac4527a7daeca33aa8ac93454d11a4d6af143639,core_bottom,Core bottom,bottom,983.54,15.95426245210728,0.11896921339900553,0.09174246558376724,0.027226747815238296,0.3113893141346815
houston_ssp585_late_2080s_typical_2088,Houston,ssp585,late_2080s,typical,2088,67f027cdc7d4015cd6bb7ed6ac4527a7daeca33aa8ac93454d11a4d6af143639,core_mid,Core middle,middle,983.54,23.92241379310345,0.13409774178270015,0.1077114632083335,0.026386278574366654,0.34847470976394784
houston_ssp585_late_2080s_typical_2088,Houston,ssp585,late_2080s,typical,2088,67f027cdc7d4015cd6bb7ed6ac4527a7daeca33aa8ac93454d11a4d6af143639,core_top,Core top,top,983.54,21.551724137931032,0.12484442869641373,0.09714466560086935,0.027699763095544377,0.3050640138218867
houston_ssp585_late_2080s_typical_2088,Houston,ssp585,late_2080s,typical,2088,67f027cdc7d4015cd6bb7ed6ac4527a7daeca33aa8ac93454d11a4d6af143639,perimeter_top_zn_3,Top P3,top,207.34,25.10775862068966,0.13826049635237472,0.11053160259364551,0.027728893758729212,0.33234894866186016
houston_ssp585_late_2080s_typical_2088,Houston,ssp585,late_2080s,typical,2088,67f027cdc7d4015cd6bb7ed6ac4527a7daeca33aa8ac93454d11a4d6af143639,perimeter_top_zn_2,Top P2,top,131.26,22.569444444444446,0.12908108313069772,0.10138414549690151,0.027696937633796184,0.31606332970060574
houston_ssp585_late_2080s_typical_2088,Houston,ssp585,late_2080s,typical,2088,67f027cdc7d4015cd6bb7ed6ac4527a7daeca33aa8ac93454d11a4d6af143639,perimeter_top_zn_1,Top P1,top,207.34,27.993295019157088,0.15056896501312647,0.12550060893258416,0.02506835608054229,0.4137880758464627
houston_ssp585_late_2080s_typical_2088,Houston,ssp585,late_2080s,typical,2088,67f027cdc7d4015cd6bb7ed6ac4527a7daeca33aa8ac93454d11a4d6af143639,perimeter_top_zn_4,Top P4,top,131.25,18.312978927203066,0.11508809356381305,0.0863540359338749,0.028734057629938144,0.26329392632681264
houston_ssp585_late_2080s_typical_2088,Houston,ssp585,late_2080s,typical,2088,67f027cdc7d4015cd6bb7ed6ac4527a7daeca33aa8ac93454d11a4d6af143639,perimeter_bot_zn_3,Bottom P3,bottom,207.34,20.007183908045977,0.12726252106273664,0.09910898033126526,0.028153540731471374,0.2896771532524117
houston_ssp585_late_2080s_typical_2088,Houston,ssp585,late_2080s,typical,2088,67f027cdc7d4015cd6bb7ed6ac4527a7daeca33aa8ac93454d11a4d6af143639,perimeter_bot_zn_2,Bottom P2,bottom,131.26,20.079022988505745,0.12458156108586851,0.09674510947181986,0.027836451614048654,0.2964259221281031
houston_ssp585_late_2080s_typical_2088,Houston,ssp585,late_2080s,typical,2088,67f027cdc7d4015cd6bb7ed6ac4527a7daeca33aa8ac93454d11a4d6af143639,perimeter_bot_zn_1,Bottom P1,bottom,207.34,33.099856321839084,0.15703565861620944,0.1328664303535236,0.024169228262685832,0.44043717802754195
houston_ssp585_late_2080s_typical_2088,Houston,ssp585,late_2080s,typical,2088,67f027cdc7d4015cd6bb7ed6ac4527a7daeca33aa8ac93454d11a4d6af143639,perimeter_bot_zn_4,Bottom P4,bottom,131.25,16.60081417624521,0.11307089364672859,0.08442712070792155,0.02864377293880704,0.25683184294920636
houston_ssp585_late_2080s_typical_2088,Houston,ssp585,late_2080s,typical,2088,67f027cdc7d4015cd6bb7ed6ac4527a7daeca33aa8ac93454d11a4d6af143639,perimeter_mid_zn_3,Middle P3,middle,207.34,27.759818007662833,0.14641483975714317,0.12034636038812493,0.02606847936901825,0.3795361863784996
houston_ssp585_late_2080s_typical_2088,Houston,ssp585,late_2080s,typical,2088,67f027cdc7d4015cd6bb7ed6ac4527a7daeca33aa8ac93454d11a4d6af143639,perimeter_mid_zn_2,Middle P2,middle,131.26,23.018438697318008,0.1291950637348874,0.10232143569408722,0.02687362804080019,0.3308204581365843
houston_ssp585_late_2080s_typical_2088,Houston,ssp585,late_2080s,typical,2088,67f027cdc7d4015cd6bb7ed6ac4527a7daeca33aa8ac93454d11a4d6af143639,perimeter_mid_zn_1,Middle P1,middle,207.34,32.525143678160916,0.1643418399511979,0.14107711400369038,0.0232647259475075,0.47743152178215154
houston_ssp585_late_2080s_typical_2088,Houston,ssp585,late_2080s,typical,2088,67f027cdc7d4015cd6bb7ed6ac4527a7daeca33aa8ac93454d11a4d6af143639,perimeter_mid_zn_4,Middle P4,middle,131.25,20.396312260536398,0.12039135978403845,0.09300338673023766,0.02738797305380079,0.2963432366840457
houston_ssp585_mid_2050s_heatwave_extreme_2059,Houston,ssp585,mid_2050s,heatwave_extreme,2059,acd8b47b1f28991ce947464a7e067b5d5bf2e9bcb84473523242476a436dd105,core_bottom,Core bottom,bottom,983.54,6.890565134099617,0.095856570710974,0.06804636047233763,0.027810210238636376,0.2434450925249527
houston_ssp585_mid_2050s_heatwave_extreme_2059,Houston,ssp585,mid_2050s,heatwave_extreme,2059,acd8b47b1f28991ce947464a7e067b5d5bf2e9bcb84473523242476a436dd105,core_mid,Core middle,middle,983.54,14.0625,0.10611884429004004,0.07849632207202989,0.027622522218010148,0.2589070272732908
houston_ssp585_mid_2050s_heatwave_extreme_2059,Houston,ssp585,mid_2050s,heatwave_extreme,2059,acd8b47b1f28991ce947464a7e067b5d5bf2e9bcb84473523242476a436dd105,core_top,Core top,top,983.54,11.254789272030653,0.09791138461390439,0.06842941704282664,0.02948196757107775,0.21090302200731084
houston_ssp585_mid_2050s_heatwave_extreme_2059,Houston,ssp585,mid_2050s,heatwave_extreme,2059,acd8b47b1f28991ce947464a7e067b5d5bf2e9bcb84473523242476a436dd105,perimeter_top_zn_3,Top P3,top,207.34,15.241858237547893,0.11064051611922868,0.08060604266046682,0.030034473458761854,0.23126191516084332
houston_ssp585_mid_2050s_heatwave_extreme_2059,Houston,ssp585,mid_2050s,heatwave_extreme,2059,acd8b47b1f28991ce947464a7e067b5d5bf2e9bcb84473523242476a436dd105,perimeter_top_zn_2,Top P2,top,131.26,15.074233716475097,0.10898245021505606,0.07903499647918544,0.029947453735870624,0.2353115277407623
houston_ssp585_mid_2050s_heatwave_extreme_2059,Houston,ssp585,mid_2050s,heatwave_extreme,2059,acd8b47b1f28991ce947464a7e067b5d5bf2e9bcb84473523242476a436dd105,perimeter_top_zn_1,Top P1,top,207.34,17.81609195402299,0.12423882504497327,0.09708515461428328,0.027153670430689995,0.31584719717648635
houston_ssp585_mid_2050s_heatwave_extreme_2059,Houston,ssp585,mid_2050s,heatwave_extreme,2059,acd8b47b1f28991ce947464a7e067b5d5bf2e9bcb84473523242476a436dd105,perimeter_top_zn_4,Top P4,top,131.25,10.428639846743296,0.0962655136312487,0.06571608304021116,0.030549430591037534,0.19092110741564297
houston_ssp585_mid_2050s_heatwave_extreme_2059,Houston,ssp585,mid_2050s,heatwave_extreme,2059,acd8b47b1f28991ce947464a7e067b5d5bf2e9bcb84473523242476a436dd105,perimeter_bot_zn_3,Bottom P3,bottom,207.34,11.847461685823754,0.10163452060620483,0.07127007216554566,0.03036444844065916,0.19726204508211798
houston_ssp585_mid_2050s_heatwave_extreme_2059,Houston,ssp585,mid_2050s,heatwave_extreme,2059,acd8b47b1f28991ce947464a7e067b5d5bf2e9bcb84473523242476a436dd105,perimeter_bot_zn_2,Bottom P2,bottom,131.26,12.835249042145595,0.10327388366866189,0.07366731461678129,0.029606569051880603,0.22227115990075746
houston_ssp585_mid_2050s_heatwave_extreme_2059,Houston,ssp585,mid_2050s,heatwave_extreme,2059,acd8b47b1f28991ce947464a7e067b5d5bf2e9bcb84473523242476a436dd105,perimeter_bot_zn_1,Bottom P1,bottom,207.34,23.215996168582375,0.13329827404238734,0.1067783010985713,0.02651997294381604,0.34109355946625486
houston_ssp585_mid_2050s_heatwave_extreme_2059,Houston,ssp585,mid_2050s,heatwave_extreme,2059,acd8b47b1f28991ce947464a7e067b5d5bf2e9bcb84473523242476a436dd105,perimeter_bot_zn_4,Bottom P4,bottom,131.25,8.327346743295019,0.09251830089975918,0.062233235300917775,0.03028506559884141,0.18727964960296636
houston_ssp585_mid_2050s_heatwave_extreme_2059,Houston,ssp585,mid_2050s,heatwave_extreme,2059,acd8b47b1f28991ce947464a7e067b5d5bf2e9bcb84473523242476a436dd105,perimeter_mid_zn_3,Middle P3,middle,207.34,18.342911877394634,0.11888393015581004,0.09068430197050294,0.0281996281853071,0.27974501806382873
houston_ssp585_mid_2050s_heatwave_extreme_2059,Houston,ssp585,mid_2050s,heatwave_extreme,2059,acd8b47b1f28991ce947464a7e067b5d5bf2e9bcb84473523242476a436dd105,perimeter_mid_zn_2,Middle P2,middle,131.26,15.439415708812259,0.10944247912039093,0.08082809923117458,0.028614379889216345,0.2537728900807892
houston_ssp585_mid_2050s_heatwave_extreme_2059,Houston,ssp585,mid_2050s,heatwave_extreme,2059,acd8b47b1f28991ce947464a7e067b5d5bf2e9bcb84473523242476a436dd105,perimeter_mid_zn_1,Middle P1,middle,207.34,21.16259578544061,0.1362813632848225,0.11103783652005303,0.025243526764769465,0.3746350100536652
houston_ssp585_mid_2050s_heatwave_extreme_2059,Houston,ssp585,mid_2050s,heatwave_extreme,2059,acd8b47b1f28991ce947464a7e067b5d5bf2e9bcb84473523242476a436dd105,perimeter_mid_zn_4,Middle P4,middle,131.25,11.835488505747128,0.09975890888725684,0.07065556011792946,0.029103348769327374,0.2202982637551618
houston_ssp585_mid_2050s_hot_2058,Houston,ssp585,mid_2050s,hot,2058,44e90d9fca09bad28b3bef7af9b0023d0b1b7cdd2d4db19abe0517fcd22e9742,core_bottom,Core bottom,bottom,983.54,5.77705938697318,0.0944304008019596,0.06713626604153457,0.027294134760425016,0.23687734036855307
houston_ssp585_mid_2050s_hot_2058,Houston,ssp585,mid_2050s,hot,2058,44e90d9fca09bad28b3bef7af9b0023d0b1b7cdd2d4db19abe0517fcd22e9742,core_mid,Core middle,middle,983.54,14.194204980842912,0.10566479544817328,0.07869827048022299,0.0269665249679503,0.25645578072609493
houston_ssp585_mid_2050s_hot_2058,Houston,ssp585,mid_2050s,hot,2058,44e90d9fca09bad28b3bef7af9b0023d0b1b7cdd2d4db19abe0517fcd22e9742,core_top,Core top,top,983.54,11.147030651340996,0.09687231550916117,0.06832153726741805,0.028550778241743114,0.21020728205624142
houston_ssp585_mid_2050s_hot_2058,Houston,ssp585,mid_2050s,hot,2058,44e90d9fca09bad28b3bef7af9b0023d0b1b7cdd2d4db19abe0517fcd22e9742,perimeter_top_zn_3,Top P3,top,207.34,14.756944444444445,0.10903773979595036,0.07989630616325537,0.029141433632694978,0.2356273225133815
houston_ssp585_mid_2050s_hot_2058,Houston,ssp585,mid_2050s,hot,2058,44e90d9fca09bad28b3bef7af9b0023d0b1b7cdd2d4db19abe0517fcd22e9742,perimeter_top_zn_2,Top P2,top,131.26,15.062260536398467,0.10830531935400735,0.07950691312631339,0.028798406227693963,0.2409534500320765
houston_ssp585_mid_2050s_hot_2058,Houston,ssp585,mid_2050s,hot,2058,44e90d9fca09bad28b3bef7af9b0023d0b1b7cdd2d4db19abe0517fcd22e9742,perimeter_top_zn_1,Top P1,top,207.34,18.773946360153257,0.12666079335343325,0.1008018289126346,0.02585896444079864,0.3322097920491096
houston_ssp585_mid_2050s_hot_2058,Houston,ssp585,mid_2050s,hot,2058,44e90d9fca09bad28b3bef7af9b0023d0b1b7cdd2d4db19abe0517fcd22e9742,perimeter_top_zn_4,Top P4,top,131.25,10.219109195402298,0.09571817936039817,0.06621405699076684,0.029504122369631326,0.1970294084730154
houston_ssp585_mid_2050s_hot_2058,Houston,ssp585,mid_2050s,hot,2058,44e90d9fca09bad28b3bef7af9b0023d0b1b7cdd2d4db19abe0517fcd22e9742,perimeter_bot_zn_3,Bottom P3,bottom,207.34,11.296695402298852,0.10020519574954194,0.07082357145025184,0.029381624299290095,0.20553675857832573
houston_ssp585_mid_2050s_hot_2058,Houston,ssp585,mid_2050s,hot,2058,44e90d9fca09bad28b3bef7af9b0023d0b1b7cdd2d4db19abe0517fcd22e9742,perimeter_bot_zn_2,Bottom P2,bottom,131.26,12.110871647509578,0.10301183360047877,0.07424615605962213,0.02876567754085665,0.22932894028226158
houston_ssp585_mid_2050s_hot_2058,Houston,ssp585,mid_2050s,hot,2058,44e90d9fca09bad28b3bef7af9b0023d0b1b7cdd2d4db19abe0517fcd22e9742,perimeter_bot_zn_1,Bottom P1,bottom,207.34,25.868055555555557,0.1390531466962387,0.11412038818341626,0.02493275851282243,0.3683741461261137
houston_ssp585_mid_2050s_hot_2058,Houston,ssp585,mid_2050s,hot,2058,44e90d9fca09bad28b3bef7af9b0023d0b1b7cdd2d4db19abe0517fcd22e9742,perimeter_bot_zn_4,Bottom P4,bottom,131.25,8.297413793103448,0.09178507574422183,0.06251710987586521,0.02926796586835662,0.19257364277632333
houston_ssp585_mid_2050s_hot_2058,Houston,ssp585,mid_2050s,hot,2058,44e90d9fca09bad28b3bef7af9b0023d0b1b7cdd2d4db19abe0517fcd22e9742,perimeter_mid_zn_3,Middle P3,middle,207.34,17.678400383141764,0.11766950640138794,0.09040354121393003,0.02726596518745791,0.2837627007851343
houston_ssp585_mid_2050s_hot_2058,Houston,ssp585,mid_2050s,hot,2058,44e90d9fca09bad28b3bef7af9b0023d0b1b7cdd2d4db19abe0517fcd22e9742,perimeter_mid_zn_2,Middle P2,middle,131.26,15.193965517241379,0.10863791471307906,0.08092990198059559,0.02770801273248347,0.25645503617707943
houston_ssp585_mid_2050s_hot_2058,Houston,ssp585,mid_2050s,hot,2058,44e90d9fca09bad28b3bef7af9b0023d0b1b7cdd2d4db19abe0517fcd22e9742,perimeter_mid_zn_1,Middle P1,middle,207.34,23.000478927203066,0.14167180145036704,0.11778136399795143,0.023890437452415616,0.39814348230473084
houston_ssp585_mid_2050s_hot_2058,Houston,ssp585,mid_2050s,hot,2058,44e90d9fca09bad28b3bef7af9b0023d0b1b7cdd2d4db19abe0517fcd22e9742,perimeter_mid_zn_4,Middle P4,middle,131.25,11.129070881226054,0.09888405258109627,0.07058778014523558,0.028296272435860702,0.22250345482391626
houston_ssp585_mid_2050s_typical_2055,Houston,ssp585,mid_2050s,typical,2055,067ed726cd32b1dc593eb33d53f6ba27798862a5fd51f304c2f6015f6d559054,core_bottom,Core bottom,bottom,983.54,3.8613505747126435,0.09281959741224019,0.06473324996126205,0.028086347450978138,0.2306881258743045
houston_ssp585_mid_2050s_typical_2055,Houston,ssp585,mid_2050s,typical,2055,067ed726cd32b1dc593eb33d53f6ba27798862a5fd51f304c2f6015f6d559054,core_mid,Core middle,middle,983.54,12.104885057471265,0.10266811603188387,0.07497322551578942,0.027694890516094455,0.24956825233270125
houston_ssp585_mid_2050s_typical_2055,Houston,ssp585,mid_2050s,typical,2055,067ed726cd32b1dc593eb33d53f6ba27798862a5fd51f304c2f6015f6d559054,core_top,Core top,top,983.54,9.566570881226054,0.09505094286875135,0.06568728509039923,0.02936365777835211,0.20285042077550242
houston_ssp585_mid_2050s_typical_2055,Houston,ssp585,mid_2050s,typical,2055,067ed726cd32b1dc593eb33d53f6ba27798862a5fd51f304c2f6015f6d559054,perimeter_top_zn_3,Top P3,top,207.34,14.00862068965517,0.10835960440693818,0.07789819918289001,0.030461405224048166,0.2250535284765515
houston_ssp585_mid_2050s_typical_2055,Houston,ssp585,mid_2050s,typical,2055,067ed726cd32b1dc593eb33d53f6ba27798862a5fd51f304c2f6015f6d559054,perimeter_top_zn_2,Top P2,top,131.26,14.218151340996169,0.10793207994759461,0.07796731426498105,0.02996476568261356,0.23405061742481964
houston_ssp585_mid_2050s_typical_2055,Houston,ssp585,mid_2050s,typical,2055,067ed726cd32b1dc593eb33d53f6ba27798862a5fd51f304c2f6015f6d559054,perimeter_top_zn_1,Top P1,top,207.34,18.199233716475096,0.12428084482173805,0.09701865999765384,0.02726218482408422,0.31689308599547944
houston_ssp585_mid_2050s_typical_2055,Houston,ssp585,mid_2050s,typical,2055,067ed726cd32b1dc593eb33d53f6ba27798862a5fd51f304c2f6015f6d559054,perimeter_top_zn_4,Top P4,top,131.25,10.171216475095786,0.09525930700925472,0.06451225604076283,0.030747050968491896,0.18936350178664255
houston_ssp585_mid_2050s_typical_2055,Houston,ssp585,mid_2050s,typical,2055,067ed726cd32b1dc593eb33d53f6ba27798862a5fd51f304c2f6015f6d559054,perimeter_bot_zn_3,Bottom P3,bottom,207.34,9.680316091954024,0.09962937576263399,0.06822052054309913,0.03140885521953487,0.18759766715630086
houston_ssp585_mid_2050s_typical_2055,Houston,ssp585,mid_2050s,typical,2055,067ed726cd32b1dc593eb33d53f6ba27798862a5fd51f304c2f6015f6d559054,perimeter_bot_zn_2,Bottom P2,bottom,131.26,11.176963601532568,0.10210706517825978,0.07168807992534364,0.030418985252916145,0.21674744753574868
houston_ssp585_mid_2050s_typical_2055,Houston,ssp585,mid_2050s,typical,2055,067ed726cd32b1dc593eb33d53f6ba27798862a5fd51f304c2f6015f6d559054,perimeter_bot_zn_1,Bottom P1,bottom,207.34,24.682710727969347,0.13628295882413166,0.10946171807614288,0.02682124074798876,0.3438350777928523
houston_ssp585_mid_2050s_typical_2055,Houston,ssp585,mid_2050s,typical,2055,067ed726cd32b1dc593eb33d53f6ba27798862a5fd51f304c2f6015f6d559054,perimeter_bot_zn_4,Bottom P4,bottom,131.25,6.381704980842912,0.0898212830330222,0.05927081262387052,0.030550470409151684,0.18092165422920842
houston_ssp585_mid_2050s_typical_2055,Houston,ssp585,mid_2050s,typical,2055,067ed726cd32b1dc593eb33d53f6ba27798862a5fd51f304c2f6015f6d559054,perimeter_mid_zn_3,Middle P3,middle,207.34,17.049808429118773,0.11614918250362972,0.08774509891013256,0.028404083593497168,0.27353364889699444
houston_ssp585_mid_2050s_typical_2055,Houston,ssp585,mid_2050s,typical,2055,067ed726cd32b1dc593eb33d53f6ba27798862a5fd51f304c2f6015f6d559054,perimeter_mid_zn_2,Middle P2,middle,131.26,14.64918582375479,0.1080615120467447,0.07929153718383022,0.02876997486291448,0.2508214639179898
houston_ssp585_mid_2050s_typical_2055,Houston,ssp585,mid_2050s,typical,2055,067ed726cd32b1dc593eb33d53f6ba27798862a5fd51f304c2f6015f6d559054,perimeter_mid_zn_1,Middle P1,middle,207.34,22.623323754789272,0.13740675353948686,0.11206431397785731,0.025342439561629564,0.3771386128587951
houston_ssp585_mid_2050s_typical_2055,Houston,ssp585,mid_2050s,typical,2055,067ed726cd32b1dc593eb33d53f6ba27798862a5fd51f304c2f6015f6d559054,perimeter_mid_zn_4,Middle P4,middle,131.25,10.853687739463602,0.09766820448222875,0.06835611752941143,0.029312086952817326,0.2153933461649647
houston_ssp585_near_2030s_heatwave_extreme_2037,Houston,ssp585,near_2030s,heatwave_extreme,2037,109d4e4728a3e93da0367d2ac6147d94865e3a153a77241ee2208031c232ff0e,core_bottom,Core bottom,bottom,983.54,3.460249042145594,0.08839695839895118,0.0593525312334242,0.029044427165526975,0.2146714026015985
houston_ssp585_near_2030s_heatwave_extreme_2037,Houston,ssp585,near_2030s,heatwave_extreme,2037,109d4e4728a3e93da0367d2ac6147d94865e3a153a77241ee2208031c232ff0e,core_mid,Core middle,middle,983.54,10.1352969348659,0.09592662125487898,0.06724921468786059,0.0286774065670184,0.22409561483354645
houston_ssp585_near_2030s_heatwave_extreme_2037,Houston,ssp585,near_2030s,heatwave_extreme,2037,109d4e4728a3e93da0367d2ac6147d94865e3a153a77241ee2208031c232ff0e,core_top,Core top,top,983.54,7.992097701149426,0.08906965250565799,0.059060648319472456,0.030009004186185535,0.18570734623017648
houston_ssp585_near_2030s_heatwave_extreme_2037,Houston,ssp585,near_2030s,heatwave_extreme,2037,109d4e4728a3e93da0367d2ac6147d94865e3a153a77241ee2208031c232ff0e,perimeter_top_zn_3,Top P3,top,207.34,11.500239463601533,0.1008962067274112,0.07059627254477924,0.03029993418263197,0.20895716911259551
houston_ssp585_near_2030s_heatwave_extreme_2037,Houston,ssp585,near_2030s,heatwave_extreme,2037,109d4e4728a3e93da0367d2ac6147d94865e3a153a77241ee2208031c232ff0e,perimeter_top_zn_2,Top P2,top,131.26,12.368295019157088,0.10151639495433444,0.07152183257780213,0.02999456237653231,0.2217591504683845
houston_ssp585_near_2030s_heatwave_extreme_2037,Houston,ssp585,near_2030s,heatwave_extreme,2037,109d4e4728a3e93da0367d2ac6147d94865e3a153a77241ee2208031c232ff0e,perimeter_top_zn_1,Top P1,top,207.34,15.630986590038315,0.11749850654778268,0.09024096622367718,0.027257540324105507,0.3048622602993629
houston_ssp585_near_2030s_heatwave_extreme_2037,Houston,ssp585,near_2030s,heatwave_extreme,2037,109d4e4728a3e93da0367d2ac6147d94865e3a153a77241ee2208031c232ff0e,perimeter_top_zn_4,Top P4,top,131.25,8.399185823754788,0.09085835702300539,0.0601748893469201,0.030683467676085298,0.1837964892491514
houston_ssp585_near_2030s_heatwave_extreme_2037,Houston,ssp585,near_2030s,heatwave_extreme,2037,109d4e4728a3e93da0367d2ac6147d94865e3a153a77241ee2208031c232ff0e,perimeter_bot_zn_3,Bottom P3,bottom,207.34,6.956417624521073,0.09084602393138791,0.05997678873178699,0.030869235199600924,0.16906995648402828
houston_ssp585_near_2030s_heatwave_extreme_2037,Houston,ssp585,near_2030s,heatwave_extreme,2037,109d4e4728a3e93da0367d2ac6147d94865e3a153a77241ee2208031c232ff0e,perimeter_bot_zn_2,Bottom P2,bottom,131.26,8.740421455938698,0.09532569940548173,0.06524086423601617,0.030084835169465553,0.2042251418662728
houston_ssp585_near_2030s_heatwave_extreme_2037,Houston,ssp585,near_2030s,heatwave_extreme,2037,109d4e4728a3e93da0367d2ac6147d94865e3a153a77241ee2208031c232ff0e,perimeter_bot_zn_1,Bottom P1,bottom,207.34,21.396072796934863,0.12760682215754282,0.10111522888596361,0.026491593271579215,0.3340417347659375
houston_ssp585_near_2030s_heatwave_extreme_2037,Houston,ssp585,near_2030s,heatwave_extreme,2037,109d4e4728a3e93da0367d2ac6147d94865e3a153a77241ee2208031c232ff0e,perimeter_bot_zn_4,Bottom P4,bottom,131.25,4.813218390804598,0.08489929635877624,0.05417972060048219,0.030719575758294048,0.17001239583259312
houston_ssp585_near_2030s_heatwave_extreme_2037,Houston,ssp585,near_2030s,heatwave_extreme,2037,109d4e4728a3e93da0367d2ac6147d94865e3a153a77241ee2208031c232ff0e,perimeter_mid_zn_3,Middle P3,middle,207.34,14.032567049808428,0.10790952311101304,0.07931921004657357,0.02859031306443947,0.25118238684990407
houston_ssp585_near_2030s_heatwave_extreme_2037,Houston,ssp585,near_2030s,heatwave_extreme,2037,109d4e4728a3e93da0367d2ac6147d94865e3a153a77241ee2208031c232ff0e,perimeter_mid_zn_2,Middle P2,middle,131.26,12.332375478927203,0.10193439765060952,0.07279431780893222,0.0291400798416773,0.2354940999189386
houston_ssp585_near_2030s_heatwave_extreme_2037,Houston,ssp585,near_2030s,heatwave_extreme,2037,109d4e4728a3e93da0367d2ac6147d94865e3a153a77241ee2208031c232ff0e,perimeter_mid_zn_1,Middle P1,middle,207.34,20.522030651340998,0.1312064677837196,0.10564522110808898,0.02556124667563064,0.36358898897930175
houston_ssp585_near_2030s_heatwave_extreme_2037,Houston,ssp585,near_2030s,heatwave_extreme,2037,109d4e4728a3e93da0367d2ac6147d94865e3a153a77241ee2208031c232ff0e,perimeter_mid_zn_4,Middle P4,middle,131.25,8.674568965517242,0.09248478579126616,0.06284855207886861,0.029636233712397552,0.20399989950543923
houston_ssp585_near_2030s_hot_2035,Houston,ssp585,near_2030s,hot,2035,898f8e3bcb5e21391dfc68cd6e889e20f8ca6d3d5cbc2ef7f9c154f142c3b95d,core_bottom,Core bottom,bottom,983.54,2.0174808429118776,0.0843324912456065,0.05444906440552795,0.029883426840078546,0.20026560156385964
houston_ssp585_near_2030s_hot_2035,Houston,ssp585,near_2030s,hot,2035,898f8e3bcb5e21391dfc68cd6e889e20f8ca6d3d5cbc2ef7f9c154f142c3b95d,core_mid,Core middle,middle,983.54,6.573275862068965,0.08812646338653927,0.05890316473085066,0.029223298655688616,0.20157827470268636
houston_ssp585_near_2030s_hot_2035,Houston,ssp585,near_2030s,hot,2035,898f8e3bcb5e21391dfc68cd6e889e20f8ca6d3d5cbc2ef7f9c154f142c3b95d,core_top,Core top,top,983.54,5.70522030651341,0.0825979115816223,0.05213660194916103,0.030461309632461277,0.16917732621950946
houston_ssp585_near_2030s_hot_2035,Houston,ssp585,near_2030s,hot,2035,898f8e3bcb5e21391dfc68cd6e889e20f8ca6d3d5cbc2ef7f9c154f142c3b95d,perimeter_top_zn_3,Top P3,top,207.34,8.848180076628353,0.09471116875998821,0.0646201196253537,0.030091049134634503,0.1988560368761565
houston_ssp585_near_2030s_hot_2035,Houston,ssp585,near_2030s,hot,2035,898f8e3bcb5e21391dfc68cd6e889e20f8ca6d3d5cbc2ef7f9c154f142c3b95d,perimeter_top_zn_2,Top P2,top,131.26,9.698275862068966,0.09589767198438397,0.06593459705504147,0.029963074929342505,0.20959638590949542
houston_ssp585_near_2030s_hot_2035,Houston,ssp585,near_2030s,hot,2035,898f8e3bcb5e21391dfc68cd6e889e20f8ca6d3d5cbc2ef7f9c154f142c3b95d,perimeter_top_zn_1,Top P1,top,207.34,13.176484674329503,0.11169684764552941,0.08409106790274783,0.027605779742781573,0.2898293637173088
houston_ssp585_near_2030s_hot_2035,Houston,ssp585,near_2030s,hot,2035,898f8e3bcb5e21391dfc68cd6e889e20f8ca6d3d5cbc2ef7f9c154f142c3b95d,perimeter_top_zn_4,Top P4,top,131.25,6.124281609195402,0.0872087818832481,0.056590768395933334,0.030618013487314764,0.17883433262412274
houston_ssp585_near_2030s_hot_2035,Houston,ssp585,near_2030s,hot,2035,898f8e3bcb5e21391dfc68cd6e889e20f8ca6d3d5cbc2ef7f9c154f142c3b95d,perimeter_bot_zn_3,Bottom P3,bottom,207.34,3.8194444444444446,0.08388878786281845,0.05337437743429671,0.03051441042852174,0.15422090218644266
houston_ssp585_near_2030s_hot_2035,Houston,ssp585,near_2030s,hot,2035,898f8e3bcb5e21391dfc68cd6e889e20f8ca6d3d5cbc2ef7f9c154f142c3b95d,perimeter_bot_zn_2,Bottom P2,bottom,131.26,6.4415708812260535,0.09017623714822841,0.06004160753703521,0.0301346296111932,0.19403411389645195
houston_ssp585_near_2030s_hot_2035,Houston,ssp585,near_2030s,hot,2035,898f8e3bcb5e21391dfc68cd6e889e20f8ca6d3d5cbc2ef7f9c154f142c3b95d,perimeter_bot_zn_1,Bottom P1,bottom,207.34,18.732040229885058,0.12284766355612446,0.09619928262498893,0.026648380931135526,0.3208359591529588
houston_ssp585_near_2030s_hot_2035,Houston,ssp585,near_2030s,hot,2035,898f8e3bcb5e21391dfc68cd6e889e20f8ca6d3d5cbc2ef7f9c154f142c3b95d,perimeter_bot_zn_4,Bottom P4,bottom,131.25,2.771791187739464,0.08087031876454683,0.050040466288362014,0.03082985247618481,0.1631039953795584
houston_ssp585_near_2030s_hot_2035,Houston,ssp585,near_2030s,hot,2035,898f8e3bcb5e21391dfc68cd6e889e20f8ca6d3d5cbc2ef7f9c154f142c3b95d,perimeter_mid_zn_3,Middle P3,middle,207.34,10.919540229885058,0.10097693179513989,0.07222961739383163,0.02874731440130825,0.23741503172296696
houston_ssp585_near_2030s_hot_2035,Houston,ssp585,near_2030s,hot,2035,898f8e3bcb5e21391dfc68cd6e889e20f8ca6d3d5cbc2ef7f9c154f142c3b95d,perimeter_mid_zn_2,Middle P2,middle,131.26,9.566570881226054,0.09647200304862472,0.0670746253023702,0.029397377746254522,0.22251685396761814
houston_ssp585_near_2030s_hot_2035,Houston,ssp585,near_2030s,hot,2035,898f8e3bcb5e21391dfc68cd6e889e20f8ca6d3d5cbc2ef7f9c154f142c3b95d,perimeter_mid_zn_1,Middle P1,middle,207.34,17.355124521072796,0.12484537682982358,0.0987940274269973,0.026051349402826267,0.34637541131204674
houston_ssp585_near_2030s_hot_2035,Houston,ssp585,near_2030s,hot,2035,898f8e3bcb5e21391dfc68cd6e889e20f8ca6d3d5cbc2ef7f9c154f142c3b95d,perimeter_mid_zn_4,Middle P4,middle,131.25,6.267959770114942,0.08831239965812003,0.05837887292934119,0.02993352672877883,0.1950399974706185
houston_ssp585_near_2030s_typical_2038,Houston,ssp585,near_2030s,typical,2038,0a723a403629f779fbd853286da52b2f35d7d4590765a11e7bc2c7d9205bd794,core_bottom,Core bottom,bottom,983.54,2.071360153256705,0.08469180685480954,0.05805778340403066,0.026634023450778876,0.20617386726920658
houston_ssp585_near_2030s_typical_2038,Houston,ssp585,near_2030s,typical,2038,0a723a403629f779fbd853286da52b2f35d7d4590765a11e7bc2c7d9205bd794,core_mid,Core middle,middle,983.54,6.597222222222222,0.09025297107949311,0.06314505186374389,0.02710791921574922,0.2100400487274835
houston_ssp585_near_2030s_typical_2038,Houston,ssp585,near_2030s,typical,2038,0a723a403629f779fbd853286da52b2f35d7d4590765a11e7bc2c7d9205bd794,core_top,Core top,top,983.54,5.37595785440613,0.08339010554816756,0.0538234878565034,0.029566617691664156,0.1605758598379123
houston_ssp585_near_2030s_typical_2038,Houston,ssp585,near_2030s,typical,2038,0a723a403629f779fbd853286da52b2f35d7d4590765a11e7bc2c7d9205bd794,perimeter_top_zn_3,Top P3,top,207.34,8.824233716475096,0.0950142304959052,0.06349825299752188,0.03151597749838332,0.1677908628497426
houston_ssp585_near_2030s_typical_2038,Houston,ssp585,near_2030s,typical,2038,0a723a403629f779fbd853286da52b2f35d7d4590765a11e7bc2c7d9205bd794,perimeter_top_zn_2,Top P2,top,131.26,9.386973180076629,0.09531374773957824,0.06444548841275255,0.03086825932682569,0.1826274712409547
houston_ssp585_near_2030s_typical_2038,Houston,ssp585,near_2030s,typical,2038,0a723a403629f779fbd853286da52b2f35d7d4590765a11e7bc2c7d9205bd794,perimeter_top_zn_1,Top P1,top,207.34,13.254310344827585,0.11080794904095127,0.08313767003582147,0.027670279005129816,0.2607597633945307
houston_ssp585_near_2030s_typical_2038,Houston,ssp585,near_2030s,typical,2038,0a723a403629f779fbd853286da52b2f35d7d4590765a11e7bc2c7d9205bd794,perimeter_top_zn_4,Top P4,top,131.25,6.010536398467433,0.08640036952950966,0.05480867237675805,0.03159169715275161,0.14550048760135859
houston_ssp585_near_2030s_typical_2038,Houston,ssp585,near_2030s,typical,2038,0a723a403629f779fbd853286da52b2f35d7d4590765a11e7bc2c7d9205bd794,perimeter_bot_zn_3,Bottom P3,bottom,207.34,4.998802681992337,0.08734277323219779,0.055567274204971824,0.03177549902722596,0.13710469758154983
houston_ssp585_near_2030s_typical_2038,Houston,ssp585,near_2030s,typical,2038,0a723a403629f779fbd853286da52b2f35d7d4590765a11e7bc2c7d9205bd794,perimeter_bot_zn_2,Bottom P2,bottom,131.26,7.255747126436781,0.09169982775003023,0.061084855369727534,0.030614972380302703,0.17402579074287564
houston_ssp585_near_2030s_typical_2038,Houston,ssp585,near_2030s,typical,2038,0a723a403629f779fbd853286da52b2f35d7d4590765a11e7bc2c7d9205bd794,perimeter_bot_zn_1,Bottom P1,bottom,207.34,19.588122605363985,0.12248213913371589,0.09505044480156148,0.027431694332154408,0.2822605284371683
houston_ssp585_near_2030s_typical_2038,Houston,ssp585,near_2030s,typical,2038,0a723a403629f779fbd853286da52b2f35d7d4590765a11e7bc2c7d9205bd794,perimeter_bot_zn_4,Bottom P4,bottom,131.25,3.0471743295019156,0.08125732248377811,0.05018577248875455,0.031071549995023564,0.14060266295795512
houston_ssp585_near_2030s_typical_2038,Houston,ssp585,near_2030s,typical,2038,0a723a403629f779fbd853286da52b2f35d7d4590765a11e7bc2c7d9205bd794,perimeter_mid_zn_3,Middle P3,middle,207.34,11.188936781609195,0.10128112603299533,0.07230813144657126,0.02897299458642407,0.21729404364277113
houston_ssp585_near_2030s_typical_2038,Houston,ssp585,near_2030s,typical,2038,0a723a403629f779fbd853286da52b2f35d7d4590765a11e7bc2c7d9205bd794,perimeter_mid_zn_2,Middle P2,middle,131.26,9.698275862068966,0.09630249932905273,0.0673083854791034,0.028994113849949335,0.20353381721962963
houston_ssp585_near_2030s_typical_2038,Houston,ssp585,near_2030s,typical,2038,0a723a403629f779fbd853286da52b2f35d7d4590765a11e7bc2c7d9205bd794,perimeter_mid_zn_1,Middle P1,middle,207.34,16.469109195402297,0.12200098269249618,0.0964392548142861,0.025561727878210087,0.3172674269159043
houston_ssp585_near_2030s_typical_2038,Houston,ssp585,near_2030s,typical,2038,0a723a403629f779fbd853286da52b2f35d7d4590765a11e7bc2c7d9205bd794,perimeter_mid_zn_4,Middle P4,middle,131.25,6.17816091954023,0.08731181864653802,0.0575526808616567,0.029759137784881328,0.1710575994205356
kolkata_ssp245_baseline_2020s_heatwave_extreme_2027,Kolkata,ssp245,baseline_2020s,heatwave_extreme,2027,40ce2ea294097090c5c103ea92d7a994c1f3b236e047f5ca7013960a88ce921c,core_bottom,Core bottom,bottom,983.54,8.71647509578544,0.1035164810609193,0.07561441203346253,0.02790206902745678,0.26114093096131413
kolkata_ssp245_baseline_2020s_heatwave_extreme_2027,Kolkata,ssp245,baseline_2020s,heatwave_extreme,2027,40ce2ea294097090c5c103ea92d7a994c1f3b236e047f5ca7013960a88ce921c,core_mid,Core middle,middle,983.54,15.283764367816092,0.1148031905332883,0.08776908045879055,0.02703411007449776,0.2869105530782788
kolkata_ssp245_baseline_2020s_heatwave_extreme_2027,Kolkata,ssp245,baseline_2020s,heatwave_extreme,2027,40ce2ea294097090c5c103ea92d7a994c1f3b236e047f5ca7013960a88ce921c,core_top,Core top,top,983.54,13.649425287356323,0.10750080390096914,0.07921386863126409,0.028286935269705046,0.2507828893921636
kolkata_ssp245_baseline_2020s_heatwave_extreme_2027,Kolkata,ssp245,baseline_2020s,heatwave_extreme,2027,40ce2ea294097090c5c103ea92d7a994c1f3b236e047f5ca7013960a88ce921c,perimeter_top_zn_3,Top P3,top,207.34,17.34315134099617,0.12254496288209116,0.09539552211127658,0.02714944077081458,0.3059905002665701
kolkata_ssp245_baseline_2020s_heatwave_extreme_2027,Kolkata,ssp245,baseline_2020s,heatwave_extreme,2027,40ce2ea294097090c5c103ea92d7a994c1f3b236e047f5ca7013960a88ce921c,perimeter_top_zn_2,Top P2,top,131.26,13.990660919540229,0.1095572662616108,0.08142448899178263,0.028132777269828175,0.2606370584827392
kolkata_ssp245_baseline_2020s_heatwave_extreme_2027,Kolkata,ssp245,baseline_2020s,heatwave_extreme,2027,40ce2ea294097090c5c103ea92d7a994c1f3b236e047f5ca7013960a88ce921c,perimeter_top_zn_1,Top P1,top,207.34,27.173132183908045,0.15508416675853173,0.1310929502311459,0.02399121652738585,0.43799402476159965
kolkata_ssp245_baseline_2020s_heatwave_extreme_2027,Kolkata,ssp245,baseline_2020s,heatwave_extreme,2027,40ce2ea294097090c5c103ea92d7a994c1f3b236e047f5ca7013960a88ce921c,perimeter_top_zn_4,Top P4,top,131.25,11.404454022988505,0.10027875412878916,0.07127657068552765,0.02900218344326151,0.22308808810248665
kolkata_ssp245_baseline_2020s_heatwave_extreme_2027,Kolkata,ssp245,baseline_2020s,heatwave_extreme,2027,40ce2ea294097090c5c103ea92d7a994c1f3b236e047f5ca7013960a88ce921c,perimeter_bot_zn_3,Bottom P3,bottom,207.34,12.422174329501916,0.11142932273638696,0.08424162616549814,0.027187696570888813,0.2702526152812659
kolkata_ssp245_baseline_2020s_heatwave_extreme_2027,Kolkata,ssp245,baseline_2020s,heatwave_extreme,2027,40ce2ea294097090c5c103ea92d7a994c1f3b236e047f5ca7013960a88ce921c,perimeter_bot_zn_2,Bottom P2,bottom,131.26,9.494731800766283,0.0973627150947584,0.06888381691533141,0.028478898179426993,0.22003562545841915
kolkata_ssp245_baseline_2020s_heatwave_extreme_2027,Kolkata,ssp245,baseline_2020s,heatwave_extreme,2027,40ce2ea294097090c5c103ea92d7a994c1f3b236e047f5ca7013960a88ce921c,perimeter_bot_zn_1,Bottom P1,bottom,207.34,36.23084291187739,0.1722955651971234,0.15032232154886216,0.02197324364826126,0.5043221006840283
kolkata_ssp245_baseline_2020s_heatwave_extreme_2027,Kolkata,ssp245,baseline_2020s,heatwave_extreme,2027,40ce2ea294097090c5c103ea92d7a994c1f3b236e047f5ca7013960a88ce921c,perimeter_bot_zn_4,Bottom P4,bottom,131.25,7.84243295019157,0.0912777061015334,0.06172461049578606,0.02955309560574735,0.19137203249314638
kolkata_ssp245_baseline_2020s_heatwave_extreme_2027,Kolkata,ssp245,baseline_2020s,heatwave_extreme,2027,40ce2ea294097090c5c103ea92d7a994c1f3b236e047f5ca7013960a88ce921c,perimeter_mid_zn_3,Middle P3,middle,207.34,19.468390804597703,0.13078802865758177,0.10496564862312538,0.025822380034456395,0.34666877059119755
kolkata_ssp245_baseline_2020s_heatwave_extreme_2027,Kolkata,ssp245,baseline_2020s,heatwave_extreme,2027,40ce2ea294097090c5c103ea92d7a994c1f3b236e047f5ca7013960a88ce921c,perimeter_mid_zn_2,Middle P2,middle,131.26,13.679358237547893,0.10876966580966335,0.08068274674877807,0.028086919060885288,0.26106610298466815
kolkata_ssp245_baseline_2020s_heatwave_extreme_2027,Kolkata,ssp245,baseline_2020s,heatwave_extreme,2027,40ce2ea294097090c5c103ea92d7a994c1f3b236e047f5ca7013960a88ce921c,perimeter_mid_zn_1,Middle P1,middle,207.34,33.50095785440613,0.1744626223072753,0.15215347145879873,0.022309150848476577,0.5121617008024824
kolkata_ssp245_baseline_2020s_heatwave_extreme_2027,Kolkata,ssp245,baseline_2020s,heatwave_extreme,2027,40ce2ea294097090c5c103ea92d7a994c1f3b236e047f5ca7013960a88ce921c,perimeter_mid_zn_4,Middle P4,middle,131.25,11.428400383141762,0.10228653380682037,0.07379288658385086,0.0284936472229695,0.23592492398388815
kolkata_ssp245_baseline_2020s_hot_2028,Kolkata,ssp245,baseline_2020s,hot,2028,f36f5db5e4cdaf6c8c09d5d4fbfe502579eed57babc6307a6874d7fd44925ba9,core_bottom,Core bottom,bottom,983.54,7.08213601532567,0.09616528474229569,0.06816474197401623,0.028000542768279457,0.23428831730630933
kolkata_ssp245_baseline_2020s_hot_2028,Kolkata,ssp245,baseline_2020s,hot,2028,f36f5db5e4cdaf6c8c09d5d4fbfe502579eed57babc6307a6874d7fd44925ba9,core_mid,Core middle,middle,983.54,14.619252873563218,0.1086356074494507,0.08149683424506927,0.027138773204381416,0.266326482925178
kolkata_ssp245_baseline_2020s_hot_2028,Kolkata,ssp245,baseline_2020s,hot,2028,f36f5db5e4cdaf6c8c09d5d4fbfe502579eed57babc6307a6874d7fd44925ba9,core_top,Core top,top,983.54,12.996886973180077,0.10131228774996134,0.07289830083077661,0.02841398691918473,0.22984120035718067
kolkata_ssp245_baseline_2020s_hot_2028,Kolkata,ssp245,baseline_2020s,hot,2028,f36f5db5e4cdaf6c8c09d5d4fbfe502579eed57babc6307a6874d7fd44925ba9,perimeter_top_zn_3,Top P3,top,207.34,17.732279693486593,0.11648255077014402,0.08974935338962681,0.02673319738051721,0.2907605752901301
kolkata_ssp245_baseline_2020s_hot_2028,Kolkata,ssp245,baseline_2020s,hot,2028,f36f5db5e4cdaf6c8c09d5d4fbfe502579eed57babc6307a6874d7fd44925ba9,perimeter_top_zn_2,Top P2,top,131.26,13.284243295019158,0.1026782144695393,0.07468979457337312,0.027988419896166194,0.23895376808279106
kolkata_ssp245_baseline_2020s_hot_2028,Kolkata,ssp245,baseline_2020s,hot,2028,f36f5db5e4cdaf6c8c09d5d4fbfe502579eed57babc6307a6874d7fd44925ba9,perimeter_top_zn_1,Top P1,top,207.34,27.747844827586203,0.15149298882462825,0.12769331794028738,0.023799670884340877,0.4278585113560284
kolkata_ssp245_baseline_2020s_hot_2028,Kolkata,ssp245,baseline_2020s,hot,2028,f36f5db5e4cdaf6c8c09d5d4fbfe502579eed57babc6307a6874d7fd44925ba9,perimeter_top_zn_4,Top P4,top,131.25,9.770114942528735,0.0917090572351494,0.0630665176639055,0.028642539571243887,0.19860349893039467
kolkata_ssp245_baseline_2020s_hot_2028,Kolkata,ssp245,baseline_2020s,hot,2028,f36f5db5e4cdaf6c8c09d5d4fbfe502579eed57babc6307a6874d7fd44925ba9,perimeter_bot_zn_3,Bottom P3,bottom,207.34,10.901580459770114,0.10408793608371437,0.07732499125978946,0.026762944823924908,0.25027584507938194
kolkata_ssp245_baseline_2020s_hot_2028,Kolkata,ssp245,baseline_2020s,hot,2028,f36f5db5e4cdaf6c8c09d5d4fbfe502579eed57babc6307a6874d7fd44925ba9,perimeter_bot_zn_2,Bottom P2,bottom,131.26,7.537116858237549,0.08981347484871224,0.061231160250555285,0.028582314598156962,0.19674222888477916
kolkata_ssp245_baseline_2020s_hot_2028,Kolkata,ssp245,baseline_2020s,hot,2028,f36f5db5e4cdaf6c8c09d5d4fbfe502579eed57babc6307a6874d7fd44925ba9,perimeter_bot_zn_1,Bottom P1,bottom,207.34,38.799090038314176,0.17235398307773622,0.15083822924606957,0.021515753831666665,0.5097240836262784
kolkata_ssp245_baseline_2020s_hot_2028,Kolkata,ssp245,baseline_2020s,hot,2028,f36f5db5e4cdaf6c8c09d5d4fbfe502579eed57babc6307a6874d7fd44925ba9,perimeter_bot_zn_4,Bottom P4,bottom,131.25,5.8069923371647505,0.08329688874409247,0.05359502139996819,0.029701867344124278,0.16606324405460213
kolkata_ssp245_baseline_2020s_hot_2028,Kolkata,ssp245,baseline_2020s,hot,2028,f36f5db5e4cdaf6c8c09d5d4fbfe502579eed57babc6307a6874d7fd44925ba9,perimeter_mid_zn_3,Middle P3,middle,207.34,20.079022988505745,0.12560335941034492,0.10003847714325759,0.025564882267087318,0.332425555550425
kolkata_ssp245_baseline_2020s_hot_2028,Kolkata,ssp245,baseline_2020s,hot,2028,f36f5db5e4cdaf6c8c09d5d4fbfe502579eed57babc6307a6874d7fd44925ba9,perimeter_mid_zn_2,Middle P2,middle,131.26,12.266522988505747,0.10105453487944785,0.07310552893758893,0.027949005941858927,0.23707478763999382
kolkata_ssp245_baseline_2020s_hot_2028,Kolkata,ssp245,baseline_2020s,hot,2028,f36f5db5e4cdaf6c8c09d5d4fbfe502579eed57babc6307a6874d7fd44925ba9,perimeter_mid_zn_1,Middle P1,middle,207.34,34.66834291187739,0.1721240344312339,0.1499771639434072,0.02214687048782667,0.5067302874008236
kolkata_ssp245_baseline_2020s_hot_2028,Kolkata,ssp245,baseline_2020s,hot,2028,f36f5db5e4cdaf6c8c09d5d4fbfe502579eed57babc6307a6874d7fd44925ba9,perimeter_mid_zn_4,Middle P4,middle,131.25,9.925766283524904,0.09347297906832902,0.065127663389165,0.028345315679164033,0.20910445863369095
kolkata_ssp245_baseline_2020s_typical_2026,Kolkata,ssp245,baseline_2020s,typical,2026,c6b6a51146ad3ba552b44aecc58d2466cd724d94e1a73547000f3f22fbebe472,core_bottom,Core bottom,bottom,983.54,7.2138409961685825,0.09400748981257298,0.06509815767958048,0.028909332132992495,0.22563453247432852
kolkata_ssp245_baseline_2020s_typical_2026,Kolkata,ssp245,baseline_2020s,typical,2026,c6b6a51146ad3ba552b44aecc58d2466cd724d94e1a73547000f3f22fbebe472,core_mid,Core middle,middle,983.54,14.050526819923373,0.10571352234640183,0.07762179483278873,0.028091727513613083,0.25213655113334615
kolkata_ssp245_baseline_2020s_typical_2026,Kolkata,ssp245,baseline_2020s,typical,2026,c6b6a51146ad3ba552b44aecc58d2466cd724d94e1a73547000f3f22fbebe472,core_top,Core top,top,983.54,12.541906130268199,0.09960235004120714,0.07050409186080588,0.029098258180401272,0.22120205607652993
kolkata_ssp245_baseline_2020s_typical_2026,Kolkata,ssp245,baseline_2020s,typical,2026,c6b6a51146ad3ba552b44aecc58d2466cd724d94e1a73547000f3f22fbebe472,perimeter_top_zn_3,Top P3,top,207.34,16.493055555555554,0.1124158767575808,0.08478774197021155,0.027628134787369252,0.27412471804220445
kolkata_ssp245_baseline_2020s_typical_2026,Kolkata,ssp245,baseline_2020s,typical,2026,c6b6a51146ad3ba552b44aecc58d2466cd724d94e1a73547000f3f22fbebe472,perimeter_top_zn_2,Top P2,top,131.26,12.643678160919542,0.10067375168864776,0.07185233683577137,0.028821414852876374,0.23201835793006073
kolkata_ssp245_baseline_2020s_typical_2026,Kolkata,ssp245,baseline_2020s,typical,2026,c6b6a51146ad3ba552b44aecc58d2466cd724d94e1a73547000f3f22fbebe472,perimeter_top_zn_1,Top P1,top,207.34,25.167624521072796,0.141922600074332,0.11711879082864206,0.02480380924568994,0.3953776279186362
kolkata_ssp245_baseline_2020s_typical_2026,Kolkata,ssp245,baseline_2020s,typical,2026,c6b6a51146ad3ba552b44aecc58d2466cd724d94e1a73547000f3f22fbebe472,perimeter_top_zn_4,Top P4,top,131.25,9.243295019157088,0.0908736620127958,0.061599401462904775,0.02927426054989103,0.19547242989672084
kolkata_ssp245_baseline_2020s_typical_2026,Kolkata,ssp245,baseline_2020s,typical,2026,c6b6a51146ad3ba552b44aecc58d2466cd724d94e1a73547000f3f22fbebe472,perimeter_bot_zn_3,Bottom P3,bottom,207.34,9.638409961685824,0.09887427711805598,0.07099133608601826,0.027882941032037714,0.22860720391505518
kolkata_ssp245_baseline_2020s_typical_2026,Kolkata,ssp245,baseline_2020s,typical,2026,c6b6a51146ad3ba552b44aecc58d2466cd724d94e1a73547000f3f22fbebe472,perimeter_bot_zn_2,Bottom P2,bottom,131.26,6.645114942528736,0.0867017222040621,0.057301974383346076,0.029399747820716027,0.18476443607940157
kolkata_ssp245_baseline_2020s_typical_2026,Kolkata,ssp245,baseline_2020s,typical,2026,c6b6a51146ad3ba552b44aecc58d2466cd724d94e1a73547000f3f22fbebe472,perimeter_bot_zn_1,Bottom P1,bottom,207.34,32.339559386973185,0.15710540917576907,0.13421642291320576,0.022888986262563308,0.4562764360726983
kolkata_ssp245_baseline_2020s_typical_2026,Kolkata,ssp245,baseline_2020s,typical,2026,c6b6a51146ad3ba552b44aecc58d2466cd724d94e1a73547000f3f22fbebe472,perimeter_bot_zn_4,Bottom P4,bottom,131.25,4.855124521072797,0.08058967535935746,0.05008617460850798,0.03050350075084948,0.1567911731364474
kolkata_ssp245_baseline_2020s_typical_2026,Kolkata,ssp245,baseline_2020s,typical,2026,c6b6a51146ad3ba552b44aecc58d2466cd724d94e1a73547000f3f22fbebe472,perimeter_mid_zn_3,Middle P3,middle,207.34,18.28903256704981,0.12032302541791424,0.09355740181248014,0.026765623605434097,0.3096676642353117
kolkata_ssp245_baseline_2020s_typical_2026,Kolkata,ssp245,baseline_2020s,typical,2026,c6b6a51146ad3ba552b44aecc58d2466cd724d94e1a73547000f3f22fbebe472,perimeter_mid_zn_2,Middle P2,middle,131.26,11.865421455938698,0.09911121966285961,0.07037990777116578,0.028731311891693846,0.23057903550330375
kolkata_ssp245_baseline_2020s_typical_2026,Kolkata,ssp245,baseline_2020s,typical,2026,c6b6a51146ad3ba552b44aecc58d2466cd724d94e1a73547000f3f22fbebe472,perimeter_mid_zn_1,Middle P1,middle,207.34,31.69300766283525,0.16076946837050457,0.13755181710018555,0.023217651270319023,0.4676769356058133
kolkata_ssp245_baseline_2020s_typical_2026,Kolkata,ssp245,baseline_2020s,typical,2026,c6b6a51146ad3ba552b44aecc58d2466cd724d94e1a73547000f3f22fbebe472,perimeter_mid_zn_4,Middle P4,middle,131.25,9.446839080459771,0.09237415442703248,0.06330565112524521,0.02906850330178727,0.20517991619847753
kolkata_ssp245_late_2080s_heatwave_extreme_2086,Kolkata,ssp245,late_2080s,heatwave_extreme,2086,2a449d6c0125872b95fe8bdf3c63e96a48ef055a21150a6da50b0c045833f1c0,core_bottom,Core bottom,bottom,983.54,19.32471264367816,0.12440573359832705,0.09820917945511735,0.02619655414320969,0.3287343848394645
kolkata_ssp245_late_2080s_heatwave_extreme_2086,Kolkata,ssp245,late_2080s,heatwave_extreme,2086,2a449d6c0125872b95fe8bdf3c63e96a48ef055a21150a6da50b0c045833f1c0,core_mid,Core middle,middle,983.54,27.801724137931032,0.14174560003883163,0.11659695480444372,0.025148645234387902,0.3803165280030585
kolkata_ssp245_late_2080s_heatwave_extreme_2086,Kolkata,ssp245,late_2080s,heatwave_extreme,2086,2a449d6c0125872b95fe8bdf3c63e96a48ef055a21150a6da50b0c045833f1c0,core_top,Core top,top,983.54,24.52705938697318,0.1317450270118807,0.10548956983870385,0.02625545717317687,0.33588282501917477
kolkata_ssp245_late_2080s_heatwave_extreme_2086,Kolkata,ssp245,late_2080s,heatwave_extreme,2086,2a449d6c0125872b95fe8bdf3c63e96a48ef055a21150a6da50b0c045833f1c0,perimeter_top_zn_3,Top P3,top,207.34,28.89727011494253,0.14830694594813004,0.12377199687031802,0.024534949077812018,0.403422791569001
kolkata_ssp245_late_2080s_heatwave_extreme_2086,Kolkata,ssp245,late_2080s,heatwave_extreme,2086,2a449d6c0125872b95fe8bdf3c63e96a48ef055a21150a6da50b0c045833f1c0,perimeter_top_zn_2,Top P2,top,131.26,23.670977011494255,0.13157883169469817,0.10557997516320503,0.025998856531493135,0.34087133946274983
kolkata_ssp245_late_2080s_heatwave_extreme_2086,Kolkata,ssp245,late_2080s,heatwave_extreme,2086,2a449d6c0125872b95fe8bdf3c63e96a48ef055a21150a6da50b0c045833f1c0,perimeter_top_zn_1,Top P1,top,207.34,40.10416666666667,0.18795979911788138,0.1664087584832553,0.02155104063462608,0.5536145548747783
kolkata_ssp245_late_2080s_heatwave_extreme_2086,Kolkata,ssp245,late_2080s,heatwave_extreme,2086,2a449d6c0125872b95fe8bdf3c63e96a48ef055a21150a6da50b0c045833f1c0,perimeter_top_zn_4,Top P4,top,131.25,18.468630268199234,0.11574396709146853,0.08903275228270964,0.02671121480875888,0.2848652244702092
kolkata_ssp245_late_2080s_heatwave_extreme_2086,Kolkata,ssp245,late_2080s,heatwave_extreme,2086,2a449d6c0125872b95fe8bdf3c63e96a48ef055a21150a6da50b0c045833f1c0,perimeter_bot_zn_3,Bottom P3,bottom,207.34,23.748802681992338,0.1358313656120776,0.11124066031437368,0.024590705297703894,0.3636314727363801
kolkata_ssp245_late_2080s_heatwave_extreme_2086,Kolkata,ssp245,late_2080s,heatwave_extreme,2086,2a449d6c0125872b95fe8bdf3c63e96a48ef055a21150a6da50b0c045833f1c0,perimeter_bot_zn_2,Bottom P2,bottom,131.26,18.64822796934866,0.1171482385700032,0.09050373650432281,0.026644502065680392,0.2914987535430605
kolkata_ssp245_late_2080s_heatwave_extreme_2086,Kolkata,ssp245,late_2080s,heatwave_extreme,2086,2a449d6c0125872b95fe8bdf3c63e96a48ef055a21150a6da50b0c045833f1c0,perimeter_bot_zn_1,Bottom P1,bottom,207.34,49.99401340996169,0.2070690320992998,0.18799563435094085,0.01907339774835895,0.6347141066578231
kolkata_ssp245_late_2080s_heatwave_extreme_2086,Kolkata,ssp245,late_2080s,heatwave_extreme,2086,2a449d6c0125872b95fe8bdf3c63e96a48ef055a21150a6da50b0c045833f1c0,perimeter_bot_zn_4,Bottom P4,bottom,131.25,14.643199233716475,0.10587445009611911,0.07831116086296903,0.027563289233150073,0.2494859542621828
kolkata_ssp245_late_2080s_heatwave_extreme_2086,Kolkata,ssp245,late_2080s,heatwave_extreme,2086,2a449d6c0125872b95fe8bdf3c63e96a48ef055a21150a6da50b0c045833f1c0,perimeter_mid_zn_3,Middle P3,middle,207.34,31.764846743295017,0.1585571583770452,0.13519559051039526,0.02336156786664994,0.44733431725962186
kolkata_ssp245_late_2080s_heatwave_extreme_2086,Kolkata,ssp245,late_2080s,heatwave_extreme,2086,2a449d6c0125872b95fe8bdf3c63e96a48ef055a21150a6da50b0c045833f1c0,perimeter_mid_zn_2,Middle P2,middle,131.26,24.28759578544061,0.13140859236114794,0.10557890866621722,0.025829683694930727,0.34377349656088785
kolkata_ssp245_late_2080s_heatwave_extreme_2086,Kolkata,ssp245,late_2080s,heatwave_extreme,2086,2a449d6c0125872b95fe8bdf3c63e96a48ef055a21150a6da50b0c045833f1c0,perimeter_mid_zn_1,Middle P1,middle,207.34,46.683429118773944,0.2096328521266685,0.18999886426610124,0.019633987860567245,0.6346801667996435
kolkata_ssp245_late_2080s_heatwave_extreme_2086,Kolkata,ssp245,late_2080s,heatwave_extreme,2086,2a449d6c0125872b95fe8bdf3c63e96a48ef055a21150a6da50b0c045833f1c0,perimeter_mid_zn_4,Middle P4,middle,131.25,20.420258620689655,0.12125048417454944,0.09492261316743233,0.026327871007117098,0.3061892447150411
kolkata_ssp245_late_2080s_hot_2087,Kolkata,ssp245,late_2080s,hot,2087,b6e4b7c55cbfe727df0675916d6cc3853857dc1bb907a22e71780327924ee11d,core_bottom,Core bottom,bottom,983.54,15.79861111111111,0.1170380742271173,0.09069562112947996,0.026342453097637344,0.3032235610220512
kolkata_ssp245_late_2080s_hot_2087,Kolkata,ssp245,late_2080s,hot,2087,b6e4b7c55cbfe727df0675916d6cc3853857dc1bb907a22e71780327924ee11d,core_mid,Core middle,middle,983.54,25.46695402298851,0.13542824254550032,0.11028201717408767,0.025146225371412638,0.3591044836665233
kolkata_ssp245_late_2080s_hot_2087,Kolkata,ssp245,late_2080s,hot,2087,b6e4b7c55cbfe727df0675916d6cc3853857dc1bb907a22e71780327924ee11d,core_top,Core top,top,983.54,21.713362068965516,0.12356224472009375,0.09702383072199781,0.026538413998095936,0.30955473699297686
kolkata_ssp245_late_2080s_hot_2087,Kolkata,ssp245,late_2080s,hot,2087,b6e4b7c55cbfe727df0675916d6cc3853857dc1bb907a22e71780327924ee11d,perimeter_top_zn_3,Top P3,top,207.34,25.395114942528735,0.13948135963999106,0.11479723751306323,0.024684122126927832,0.374554115136666
kolkata_ssp245_late_2080s_hot_2087,Kolkata,ssp245,late_2080s,hot,2087,b6e4b7c55cbfe727df0675916d6cc3853857dc1bb907a22e71780327924ee11d,perimeter_top_zn_2,Top P2,top,131.26,20.701628352490424,0.12193328092459639,0.09559434398606649,0.02633893693852989,0.30884961256543414
kolkata_ssp245_late_2080s_hot_2087,Kolkata,ssp245,late_2080s,hot,2087,b6e4b7c55cbfe727df0675916d6cc3853857dc1bb907a22e71780327924ee11d,perimeter_top_zn_1,Top P1,top,207.34,37.59578544061303,0.17966623156133496,0.15805489279142887,0.021611338769906077,0.5289743042014431
kolkata_ssp245_late_2080s_hot_2087,Kolkata,ssp245,late_2080s,hot,2087,b6e4b7c55cbfe727df0675916d6cc3853857dc1bb907a22e71780327924ee11d,perimeter_top_zn_4,Top P4,top,131.25,15.29573754789272,0.1059535326710697,0.07878029085167192,0.027173241819397786,0.25378587301068334
kolkata_ssp245_late_2080s_hot_2087,Kolkata,ssp245,late_2080s,hot,2087,b6e4b7c55cbfe727df0675916d6cc3853857dc1bb907a22e71780327924ee11d,perimeter_bot_zn_3,Bottom P3,bottom,207.34,21.563697318007662,0.13265116855829853,0.10777713034502266,0.02487403821327587,0.3482683441167671
kolkata_ssp245_late_2080s_hot_2087,Kolkata,ssp245,late_2080s,hot,2087,b6e4b7c55cbfe727df0675916d6cc3853857dc1bb907a22e71780327924ee11d,perimeter_bot_zn_2,Bottom P2,bottom,131.26,16.4272030651341,0.11170152413817253,0.08487373821777908,0.02682778592039345,0.2714617021611439
kolkata_ssp245_late_2080s_hot_2087,Kolkata,ssp245,late_2080s,hot,2087,b6e4b7c55cbfe727df0675916d6cc3853857dc1bb907a22e71780327924ee11d,perimeter_bot_zn_1,Bottom P1,bottom,207.34,49.13194444444444,0.20379284106330067,0.18468223152857477,0.01911060953472589,0.6237712547339229
kolkata_ssp245_late_2080s_hot_2087,Kolkata,ssp245,late_2080s,hot,2087,b6e4b7c55cbfe727df0675916d6cc3853857dc1bb907a22e71780327924ee11d,perimeter_bot_zn_4,Bottom P4,bottom,131.25,13.110632183908047,0.10100572683166954,0.07304218827173206,0.02796353855993747,0.2294239129790033
kolkata_ssp245_late_2080s_hot_2087,Kolkata,ssp245,late_2080s,hot,2087,b6e4b7c55cbfe727df0675916d6cc3853857dc1bb907a22e71780327924ee11d,perimeter_mid_zn_3,Middle P3,middle,207.34,29.442049808429115,0.15183585140462946,0.1283260473789816,0.023509804025647885,0.42459053633293103
kolkata_ssp245_late_2080s_hot_2087,Kolkata,ssp245,late_2080s,hot,2087,b6e4b7c55cbfe727df0675916d6cc3853857dc1bb907a22e71780327924ee11d,perimeter_mid_zn_2,Middle P2,middle,131.26,21.090756704980844,0.1227119190037741,0.09660845868146963,0.02610346032230447,0.31291561659431116
kolkata_ssp245_late_2080s_hot_2087,Kolkata,ssp245,late_2080s,hot,2087,b6e4b7c55cbfe727df0675916d6cc3853857dc1bb907a22e71780327924ee11d,perimeter_mid_zn_1,Middle P1,middle,207.34,44.79166666666667,0.2025325487533985,0.1825696183322845,0.019962930421114,0.6124450688468496
kolkata_ssp245_late_2080s_hot_2087,Kolkata,ssp245,late_2080s,hot,2087,b6e4b7c55cbfe727df0675916d6cc3853857dc1bb907a22e71780327924ee11d,perimeter_mid_zn_4,Middle P4,middle,131.25,17.313218390804597,0.11171137380163763,0.08503554566871283,0.026675828132924816,0.2747882261583638
kolkata_ssp245_late_2080s_typical_2084,Kolkata,ssp245,late_2080s,typical,2084,a3a2d6008cc10e005e7adbec5dead2fce5f4d1aa97cb61523b662ae2073a45a4,core_bottom,Core bottom,bottom,983.54,19.04932950191571,0.12487747922805771,0.09812791520659188,0.02674956402146584,0.32640212422475817
kolkata_ssp245_late_2080s_typical_2084,Kolkata,ssp245,late_2080s,typical,2084,a3a2d6008cc10e005e7adbec5dead2fce5f4d1aa97cb61523b662ae2073a45a4,core_mid,Core middle,middle,983.54,22.82088122605364,0.13254157979565095,0.10659130200692604,0.025950277788724913,0.3474907707028509
kolkata_ssp245_late_2080s_typical_2084,Kolkata,ssp245,late_2080s,typical,2084,a3a2d6008cc10e005e7adbec5dead2fce5f4d1aa97cb61523b662ae2073a45a4,core_top,Core top,top,983.54,21.665469348659002,0.12523663892603382,0.09808004558938546,0.027156593336648365,0.311452717487959
kolkata_ssp245_late_2080s_typical_2084,Kolkata,ssp245,late_2080s,typical,2084,a3a2d6008cc10e005e7adbec5dead2fce5f4d1aa97cb61523b662ae2073a45a4,perimeter_top_zn_3,Top P3,top,207.34,24.275622605363985,0.13628397998423727,0.11057357722871056,0.025710402755526728,0.3626674625638779
kolkata_ssp245_late_2080s_typical_2084,Kolkata,ssp245,late_2080s,typical,2084,a3a2d6008cc10e005e7adbec5dead2fce5f4d1aa97cb61523b662ae2073a45a4,perimeter_top_zn_2,Top P2,top,131.26,21.00095785440613,0.12434677139448802,0.0975007479831976,0.026846023411290422,0.315093552820728
kolkata_ssp245_late_2080s_typical_2084,Kolkata,ssp245,late_2080s,typical,2084,a3a2d6008cc10e005e7adbec5dead2fce5f4d1aa97cb61523b662ae2073a45a4,perimeter_top_zn_1,Top P1,top,207.34,34.47078544061303,0.1703152168717411,0.1475975260765638,0.022717690795177298,0.5002014452701998
kolkata_ssp245_late_2080s_typical_2084,Kolkata,ssp245,late_2080s,typical,2084,a3a2d6008cc10e005e7adbec5dead2fce5f4d1aa97cb61523b662ae2073a45a4,perimeter_top_zn_4,Top P4,top,131.25,17.654454022988507,0.11268349059816059,0.0851611974963029,0.02752229310185769,0.2707106762954379
kolkata_ssp245_late_2080s_typical_2084,Kolkata,ssp245,late_2080s,typical,2084,a3a2d6008cc10e005e7adbec5dead2fce5f4d1aa97cb61523b662ae2073a45a4,perimeter_bot_zn_3,Bottom P3,bottom,207.34,21.665469348659002,0.133038589930864,0.10735691655440599,0.02568167337645802,0.34125064578774555
kolkata_ssp245_late_2080s_typical_2084,Kolkata,ssp245,late_2080s,typical,2084,a3a2d6008cc10e005e7adbec5dead2fce5f4d1aa97cb61523b662ae2073a45a4,perimeter_bot_zn_2,Bottom P2,bottom,131.26,18.24712643678161,0.11752446979367974,0.09019630722217824,0.027328162571501502,0.28513892064530516
kolkata_ssp245_late_2080s_typical_2084,Kolkata,ssp245,late_2080s,typical,2084,a3a2d6008cc10e005e7adbec5dead2fce5f4d1aa97cb61523b662ae2073a45a4,perimeter_bot_zn_1,Bottom P1,bottom,207.34,43.77394636015325,0.19026859506154684,0.1700498446224144,0.020218750439132422,0.5795000057671944
kolkata_ssp245_late_2080s_typical_2084,Kolkata,ssp245,late_2080s,typical,2084,a3a2d6008cc10e005e7adbec5dead2fce5f4d1aa97cb61523b662ae2073a45a4,perimeter_bot_zn_4,Bottom P4,bottom,131.25,15.403496168582375,0.10786968282914776,0.07967022862199513,0.02819945420715262,0.24691679902729866
kolkata_ssp245_late_2080s_typical_2084,Kolkata,ssp245,late_2080s,typical,2084,a3a2d6008cc10e005e7adbec5dead2fce5f4d1aa97cb61523b662ae2073a45a4,perimeter_mid_zn_3,Middle P3,middle,207.34,26.029693486590038,0.14300865083819136,0.1185381855728449,0.02447046526534647,0.39974179251250813
kolkata_ssp245_late_2080s_typical_2084,Kolkata,ssp245,late_2080s,typical,2084,a3a2d6008cc10e005e7adbec5dead2fce5f4d1aa97cb61523b662ae2073a45a4,perimeter_mid_zn_2,Middle P2,middle,131.26,21.054837164750957,0.12490033954189032,0.0982435580578961,0.02665678148399423,0.3199664613356586
kolkata_ssp245_late_2080s_typical_2084,Kolkata,ssp245,late_2080s,typical,2084,a3a2d6008cc10e005e7adbec5dead2fce5f4d1aa97cb61523b662ae2073a45a4,perimeter_mid_zn_1,Middle P1,middle,207.34,40.17600574712644,0.1879372891445859,0.16701655341469518,0.020920735729890727,0.5715120690839404
kolkata_ssp245_late_2080s_typical_2084,Kolkata,ssp245,late_2080s,typical,2084,a3a2d6008cc10e005e7adbec5dead2fce5f4d1aa97cb61523b662ae2073a45a4,perimeter_mid_zn_4,Middle P4,middle,131.25,19.04932950191571,0.11739767972958152,0.09025256261882958,0.02714511711075195,0.2908984496041197
kolkata_ssp245_mid_2050s_heatwave_extreme_2053,Kolkata,ssp245,mid_2050s,heatwave_extreme,2053,063aad9387e82a49bfdc232aea47e15772b749e4a5497fdfe5de5d4a1da52d0a,core_bottom,Core bottom,bottom,983.54,14.541427203065135,0.11338022291669006,0.08639326110292428,0.026986961813765788,0.29240315867048444
kolkata_ssp245_mid_2050s_heatwave_extreme_2053,Kolkata,ssp245,mid_2050s,heatwave_extreme,2053,063aad9387e82a49bfdc232aea47e15772b749e4a5497fdfe5de5d4a1da52d0a,core_mid,Core middle,middle,983.54,21.92887931034483,0.12635200862816864,0.10017506534453809,0.026176943283630565,0.32774619339641764
kolkata_ssp245_mid_2050s_heatwave_extreme_2053,Kolkata,ssp245,mid_2050s,heatwave_extreme,2053,063aad9387e82a49bfdc232aea47e15772b749e4a5497fdfe5de5d4a1da52d0a,core_top,Core top,top,983.54,20.073036398467433,0.11837774594854378,0.09102122773559294,0.027356518212950837,0.28825721997360143
kolkata_ssp245_mid_2050s_heatwave_extreme_2053,Kolkata,ssp245,mid_2050s,heatwave_extreme,2053,063aad9387e82a49bfdc232aea47e15772b749e4a5497fdfe5de5d4a1da52d0a,perimeter_top_zn_3,Top P3,top,207.34,24.161877394636015,0.1333789374301925,0.10780332163150219,0.025575615798690315,0.3520504655704105
kolkata_ssp245_mid_2050s_heatwave_extreme_2053,Kolkata,ssp245,mid_2050s,heatwave_extreme,2053,063aad9387e82a49bfdc232aea47e15772b749e4a5497fdfe5de5d4a1da52d0a,perimeter_top_zn_2,Top P2,top,131.26,19.82758620689655,0.118985073312953,0.09198515834070482,0.02699991497224818,0.2976339422055683
kolkata_ssp245_mid_2050s_heatwave_extreme_2053,Kolkata,ssp245,mid_2050s,heatwave_extreme,2053,063aad9387e82a49bfdc232aea47e15772b749e4a5497fdfe5de5d4a1da52d0a,perimeter_top_zn_1,Top P1,top,207.34,34.440852490421456,0.16886497037978948,0.14632731547637823,0.022537654903411246,0.49046607646236856
kolkata_ssp245_mid_2050s_heatwave_extreme_2053,Kolkata,ssp245,mid_2050s,heatwave_extreme,2053,063aad9387e82a49bfdc232aea47e15772b749e4a5497fdfe5de5d4a1da52d0a,perimeter_top_zn_4,Top P4,top,131.25,15.379549808429118,0.10519470478817779,0.07748745809123188,0.027707246696945905,0.24777234254429373
kolkata_ssp245_mid_2050s_heatwave_extreme_2053,Kolkata,ssp245,mid_2050s,heatwave_extreme,2053,063aad9387e82a49bfdc232aea47e15772b749e4a5497fdfe5de5d4a1da52d0a,perimeter_bot_zn_3,Bottom P3,bottom,207.34,18.582375478927204,0.12370021487642512,0.09809820797762493,0.025602006898800194,0.31866682090708703
kolkata_ssp245_mid_2050s_heatwave_extreme_2053,Kolkata,ssp245,mid_2050s,heatwave_extreme,2053,063aad9387e82a49bfdc232aea47e15772b749e4a5497fdfe5de5d4a1da52d0a,perimeter_bot_zn_2,Bottom P2,bottom,131.26,14.409722222222221,0.10666094228211989,0.07925903394585698,0.027401908336262912,0.25494369671339484
kolkata_ssp245_mid_2050s_heatwave_extreme_2053,Kolkata,ssp245,mid_2050s,heatwave_extreme,2053,063aad9387e82a49bfdc232aea47e15772b749e4a5497fdfe5de5d4a1da52d0a,perimeter_bot_zn_1,Bottom P1,bottom,207.34,44.701867816091955,0.18805819648616892,0.16778093344169326,0.02027726304447566,0.5724691081572257
kolkata_ssp245_mid_2050s_heatwave_extreme_2053,Kolkata,ssp245,mid_2050s,heatwave_extreme,2053,063aad9387e82a49bfdc232aea47e15772b749e4a5497fdfe5de5d4a1da52d0a,perimeter_bot_zn_4,Bottom P4,bottom,131.25,11.302681992337165,0.09675354441482675,0.06832898036571008,0.028424564049116665,0.21611490511870593
kolkata_ssp245_mid_2050s_heatwave_extreme_2053,Kolkata,ssp245,mid_2050s,heatwave_extreme,2053,063aad9387e82a49bfdc232aea47e15772b749e4a5497fdfe5de5d4a1da52d0a,perimeter_mid_zn_3,Middle P3,middle,207.34,26.514607279693486,0.14217588046217855,0.11781618927455582,0.024359691187622733,0.39268181473011327
kolkata_ssp245_mid_2050s_heatwave_extreme_2053,Kolkata,ssp245,mid_2050s,heatwave_extreme,2053,063aad9387e82a49bfdc232aea47e15772b749e4a5497fdfe5de5d4a1da52d0a,perimeter_mid_zn_2,Middle P2,middle,131.26,19.659961685823752,0.1177881810354809,0.09103102762098433,0.026757153414496578,0.2985005299299942
kolkata_ssp245_mid_2050s_heatwave_extreme_2053,Kolkata,ssp245,mid_2050s,heatwave_extreme,2053,063aad9387e82a49bfdc232aea47e15772b749e4a5497fdfe5de5d4a1da52d0a,perimeter_mid_zn_1,Middle P1,middle,207.34,40.888409961685824,0.18924877264983955,0.16852691723591331,0.02072185541392626,0.5693671126331419
kolkata_ssp245_mid_2050s_heatwave_extreme_2053,Kolkata,ssp245,mid_2050s,heatwave_extreme,2053,063aad9387e82a49bfdc232aea47e15772b749e4a5497fdfe5de5d4a1da52d0a,perimeter_mid_zn_4,Middle P4,middle,131.25,16.217672413793103,0.10829519998041112,0.0810118288875462,0.027283371092864914,0.264088173695494
kolkata_ssp245_mid_2050s_hot_2053,Kolkata,ssp245,mid_2050s,hot,2053,063aad9387e82a49bfdc232aea47e15772b749e4a5497fdfe5de5d4a1da52d0a,core_bottom,Core bottom,bottom,983.54,14.541427203065135,0.11338022291669006,0.08639326110292428,0.026986961813765788,0.29240315867048444
kolkata_ssp245_mid_2050s_hot_2053,Kolkata,ssp245,mid_2050s,hot,2053,063aad9387e82a49bfdc232aea47e15772b749e4a5497fdfe5de5d4a1da52d0a,core_mid,Core middle,middle,983.54,21.92887931034483,0.12635200862816864,0.10017506534453809,0.026176943283630565,0.32774619339641764
kolkata_ssp245_mid_2050s_hot_2053,Kolkata,ssp245,mid_2050s,hot,2053,063aad9387e82a49bfdc232aea47e15772b749e4a5497fdfe5de5d4a1da52d0a,core_top,Core top,top,983.54,20.073036398467433,0.11837774594854378,0.09102122773559294,0.027356518212950837,0.28825721997360143
kolkata_ssp245_mid_2050s_hot_2053,Kolkata,ssp245,mid_2050s,hot,2053,063aad9387e82a49bfdc232aea47e15772b749e4a5497fdfe5de5d4a1da52d0a,perimeter_top_zn_3,Top P3,top,207.34,24.161877394636015,0.1333789374301925,0.10780332163150219,0.025575615798690315,0.3520504655704105
kolkata_ssp245_mid_2050s_hot_2053,Kolkata,ssp245,mid_2050s,hot,2053,063aad9387e82a49bfdc232aea47e15772b749e4a5497fdfe5de5d4a1da52d0a,perimeter_top_zn_2,Top P2,top,131.26,19.82758620689655,0.118985073312953,0.09198515834070482,0.02699991497224818,0.2976339422055683
kolkata_ssp245_mid_2050s_hot_2053,Kolkata,ssp245,mid_2050s,hot,2053,063aad9387e82a49bfdc232aea47e15772b749e4a5497fdfe5de5d4a1da52d0a,perimeter_top_zn_1,Top P1,top,207.34,34.440852490421456,0.16886497037978948,0.14632731547637823,0.022537654903411246,0.49046607646236856
kolkata_ssp245_mid_2050s_hot_2053,Kolkata,ssp245,mid_2050s,hot,2053,063aad9387e82a49bfdc232aea47e15772b749e4a5497fdfe5de5d4a1da52d0a,perimeter_top_zn_4,Top P4,top,131.25,15.379549808429118,0.10519470478817779,0.07748745809123188,0.027707246696945905,0.24777234254429373
kolkata_ssp245_mid_2050s_hot_2053,Kolkata,ssp245,mid_2050s,hot,2053,063aad9387e82a49bfdc232aea47e15772b749e4a5497fdfe5de5d4a1da52d0a,perimeter_bot_zn_3,Bottom P3,bottom,207.34,18.582375478927204,0.12370021487642512,0.09809820797762493,0.025602006898800194,0.31866682090708703
kolkata_ssp245_mid_2050s_hot_2053,Kolkata,ssp245,mid_2050s,hot,2053,063aad9387e82a49bfdc232aea47e15772b749e4a5497fdfe5de5d4a1da52d0a,perimeter_bot_zn_2,Bottom P2,bottom,131.26,14.409722222222221,0.10666094228211989,0.07925903394585698,0.027401908336262912,0.25494369671339484
kolkata_ssp245_mid_2050s_hot_2053,Kolkata,ssp245,mid_2050s,hot,2053,063aad9387e82a49bfdc232aea47e15772b749e4a5497fdfe5de5d4a1da52d0a,perimeter_bot_zn_1,Bottom P1,bottom,207.34,44.701867816091955,0.18805819648616892,0.16778093344169326,0.02027726304447566,0.5724691081572257
kolkata_ssp245_mid_2050s_hot_2053,Kolkata,ssp245,mid_2050s,hot,2053,063aad9387e82a49bfdc232aea47e15772b749e4a5497fdfe5de5d4a1da52d0a,perimeter_bot_zn_4,Bottom P4,bottom,131.25,11.302681992337165,0.09675354441482675,0.06832898036571008,0.028424564049116665,0.21611490511870593
kolkata_ssp245_mid_2050s_hot_2053,Kolkata,ssp245,mid_2050s,hot,2053,063aad9387e82a49bfdc232aea47e15772b749e4a5497fdfe5de5d4a1da52d0a,perimeter_mid_zn_3,Middle P3,middle,207.34,26.514607279693486,0.14217588046217855,0.11781618927455582,0.024359691187622733,0.39268181473011327
kolkata_ssp245_mid_2050s_hot_2053,Kolkata,ssp245,mid_2050s,hot,2053,063aad9387e82a49bfdc232aea47e15772b749e4a5497fdfe5de5d4a1da52d0a,perimeter_mid_zn_2,Middle P2,middle,131.26,19.659961685823752,0.1177881810354809,0.09103102762098433,0.026757153414496578,0.2985005299299942
kolkata_ssp245_mid_2050s_hot_2053,Kolkata,ssp245,mid_2050s,hot,2053,063aad9387e82a49bfdc232aea47e15772b749e4a5497fdfe5de5d4a1da52d0a,perimeter_mid_zn_1,Middle P1,middle,207.34,40.888409961685824,0.18924877264983955,0.16852691723591331,0.02072185541392626,0.5693671126331419
kolkata_ssp245_mid_2050s_hot_2053,Kolkata,ssp245,mid_2050s,hot,2053,063aad9387e82a49bfdc232aea47e15772b749e4a5497fdfe5de5d4a1da52d0a,perimeter_mid_zn_4,Middle P4,middle,131.25,16.217672413793103,0.10829519998041112,0.0810118288875462,0.027283371092864914,0.264088173695494
kolkata_ssp245_mid_2050s_typical_2058,Kolkata,ssp245,mid_2050s,typical,2058,38a765392334814262b9f70662df3ffd26bc24b3f965862942c85f1c44c1c052,core_bottom,Core bottom,bottom,983.54,8.848180076628353,0.0982311901879539,0.06967303458506677,0.028558155602887134,0.2377583707861314
kolkata_ssp245_mid_2050s_typical_2058,Kolkata,ssp245,mid_2050s,typical,2058,38a765392334814262b9f70662df3ffd26bc24b3f965862942c85f1c44c1c052,core_mid,Core middle,middle,983.54,14.619252873563218,0.10964524019900951,0.08184045752892012,0.027804782670089383,0.2656198948164229
kolkata_ssp245_mid_2050s_typical_2058,Kolkata,ssp245,mid_2050s,typical,2058,38a765392334814262b9f70662df3ffd26bc24b3f965862942c85f1c44c1c052,core_top,Core top,top,983.54,14.16427203065134,0.10370537502510449,0.0748919052205903,0.028813469804514186,0.23690122945706915
kolkata_ssp245_mid_2050s_typical_2058,Kolkata,ssp245,mid_2050s,typical,2058,38a765392334814262b9f70662df3ffd26bc24b3f965862942c85f1c44c1c052,perimeter_top_zn_3,Top P3,top,207.34,17.061781609195403,0.11506545349353801,0.08827336755883612,0.026792085934701886,0.2907136368769747
kolkata_ssp245_mid_2050s_typical_2058,Kolkata,ssp245,mid_2050s,typical,2058,38a765392334814262b9f70662df3ffd26bc24b3f965862942c85f1c44c1c052,perimeter_top_zn_2,Top P2,top,131.26,14.188218390804597,0.10570504708253284,0.0774866019060498,0.028218445176483038,0.25178767259830975
kolkata_ssp245_mid_2050s_typical_2058,Kolkata,ssp245,mid_2050s,typical,2058,38a765392334814262b9f70662df3ffd26bc24b3f965862942c85f1c44c1c052,perimeter_top_zn_1,Top P1,top,207.34,27.807710727969347,0.1519458352413076,0.12791693452135722,0.024028900719950376,0.43232484769450774
kolkata_ssp245_mid_2050s_typical_2058,Kolkata,ssp245,mid_2050s,typical,2058,38a765392334814262b9f70662df3ffd26bc24b3f965862942c85f1c44c1c052,perimeter_top_zn_4,Top P4,top,131.25,10.668103448275861,0.09494259866289101,0.06624698560748256,0.028695613055408443,0.2127600329089288
kolkata_ssp245_mid_2050s_typical_2058,Kolkata,ssp245,mid_2050s,typical,2058,38a765392334814262b9f70662df3ffd26bc24b3f965862942c85f1c44c1c052,perimeter_bot_zn_3,Bottom P3,bottom,207.34,11.919300766283525,0.10455786666894863,0.07741765144241615,0.027140215226532483,0.25235767275994664
kolkata_ssp245_mid_2050s_typical_2058,Kolkata,ssp245,mid_2050s,typical,2058,38a765392334814262b9f70662df3ffd26bc24b3f965862942c85f1c44c1c052,perimeter_bot_zn_2,Bottom P2,bottom,131.26,9.267241379310345,0.0933542808547252,0.06444749165711286,0.028906789197612345,0.2068455573141565
kolkata_ssp245_mid_2050s_typical_2058,Kolkata,ssp245,mid_2050s,typical,2058,38a765392334814262b9f70662df3ffd26bc24b3f965862942c85f1c44c1c052,perimeter_bot_zn_1,Bottom P1,bottom,207.34,35.650143678160916,0.16733819613772577,0.1456320009625185,0.021706195175207277,0.49548031521738467
kolkata_ssp245_mid_2050s_typical_2058,Kolkata,ssp245,mid_2050s,typical,2058,38a765392334814262b9f70662df3ffd26bc24b3f965862942c85f1c44c1c052,perimeter_bot_zn_4,Bottom P4,bottom,131.25,6.992337164750957,0.0863660854298931,0.05670746428041426,0.029658621149478835,0.17803041004555903
kolkata_ssp245_mid_2050s_typical_2058,Kolkata,ssp245,mid_2050s,typical,2058,38a765392334814262b9f70662df3ffd26bc24b3f965862942c85f1c44c1c052,perimeter_mid_zn_3,Middle P3,middle,207.34,18.726053639846743,0.1214208841484063,0.09561218619559601,0.02580869795281029,0.3234470329070641
kolkata_ssp245_mid_2050s_typical_2058,Kolkata,ssp245,mid_2050s,typical,2058,38a765392334814262b9f70662df3ffd26bc24b3f965862942c85f1c44c1c052,perimeter_mid_zn_2,Middle P2,middle,131.26,13.392001915708812,0.10375811511583106,0.0754661626900391,0.028291952425791966,0.24690197680983766
kolkata_ssp245_mid_2050s_typical_2058,Kolkata,ssp245,mid_2050s,typical,2058,38a765392334814262b9f70662df3ffd26bc24b3f965862942c85f1c44c1c052,perimeter_mid_zn_1,Middle P1,middle,207.34,33.63266283524904,0.16961413886368193,0.1471872318865998,0.022426906977082117,0.5024602305122968
kolkata_ssp245_mid_2050s_typical_2058,Kolkata,ssp245,mid_2050s,typical,2058,38a765392334814262b9f70662df3ffd26bc24b3f965862942c85f1c44c1c052,perimeter_mid_zn_4,Middle P4,middle,131.25,10.506465517241379,0.09599104850149927,0.06740249469004289,0.028588553811456377,0.2198431976427587
kolkata_ssp245_near_2030s_heatwave_extreme_2039,Kolkata,ssp245,near_2030s,heatwave_extreme,2039,ec1efcc7c9955d7e6fa6fba780ac617804826782d74491f56dcd57c3460c7854,core_bottom,Core bottom,bottom,983.54,10.255028735632184,0.10173394507894387,0.07344616902897347,0.0282877760499704,0.2501267140447676
kolkata_ssp245_near_2030s_heatwave_extreme_2039,Kolkata,ssp245,near_2030s,heatwave_extreme,2039,ec1efcc7c9955d7e6fa6fba780ac617804826782d74491f56dcd57c3460c7854,core_mid,Core middle,middle,983.54,18.06154214559387,0.1148710259427438,0.08742985405318682,0.027441171889556987,0.2814552556942814
kolkata_ssp245_near_2030s_heatwave_extreme_2039,Kolkata,ssp245,near_2030s,heatwave_extreme,2039,ec1efcc7c9955d7e6fa6fba780ac617804826782d74491f56dcd57c3460c7854,core_top,Core top,top,983.54,16.020114942528735,0.10682648682675344,0.07837411556536755,0.028452371261385893,0.2450941804107834
kolkata_ssp245_near_2030s_heatwave_extreme_2039,Kolkata,ssp245,near_2030s,heatwave_extreme,2039,ec1efcc7c9955d7e6fa6fba780ac617804826782d74491f56dcd57c3460c7854,perimeter_top_zn_3,Top P3,top,207.34,19.00742337164751,0.11978693781295699,0.09276401661924075,0.027022921193716246,0.2971068234267866
kolkata_ssp245_near_2030s_heatwave_extreme_2039,Kolkata,ssp245,near_2030s,heatwave_extreme,2039,ec1efcc7c9955d7e6fa6fba780ac617804826782d74491f56dcd57c3460c7854,perimeter_top_zn_2,Top P2,top,131.26,15.247844827586206,0.10675143210234474,0.07860261974425833,0.028148812358086403,0.25030363169206393
kolkata_ssp245_near_2030s_heatwave_extreme_2039,Kolkata,ssp245,near_2030s,heatwave_extreme,2039,ec1efcc7c9955d7e6fa6fba780ac617804826782d74491f56dcd57c3460c7854,perimeter_top_zn_1,Top P1,top,207.34,26.76604406130268,0.1468208130190551,0.1228342527836754,0.023986560235379716,0.4143843715088707
kolkata_ssp245_near_2030s_heatwave_extreme_2039,Kolkata,ssp245,near_2030s,heatwave_extreme,2039,ec1efcc7c9955d7e6fa6fba780ac617804826782d74491f56dcd57c3460c7854,perimeter_top_zn_4,Top P4,top,131.25,11.422413793103448,0.09540351647672066,0.06658597750250488,0.02881753897421578,0.20845261599891193
kolkata_ssp245_near_2030s_heatwave_extreme_2039,Kolkata,ssp245,near_2030s,heatwave_extreme,2039,ec1efcc7c9955d7e6fa6fba780ac617804826782d74491f56dcd57c3460c7854,perimeter_bot_zn_3,Bottom P3,bottom,207.34,14.224137931034484,0.1098449003463823,0.08257885838077551,0.02726604196560677,0.261191146060017
kolkata_ssp245_near_2030s_heatwave_extreme_2039,Kolkata,ssp245,near_2030s,heatwave_extreme,2039,ec1efcc7c9955d7e6fa6fba780ac617804826782d74491f56dcd57c3460c7854,perimeter_bot_zn_2,Bottom P2,bottom,131.26,10.326867816091955,0.09467781259011983,0.06593575193222222,0.02874206065789761,0.20751840195176882
kolkata_ssp245_near_2030s_heatwave_extreme_2039,Kolkata,ssp245,near_2030s,heatwave_extreme,2039,ec1efcc7c9955d7e6fa6fba780ac617804826782d74491f56dcd57c3460c7854,perimeter_bot_zn_1,Bottom P1,bottom,207.34,35.63218390804598,0.16470436005529965,0.14230011479977708,0.02240424525552256,0.48347657316809717
kolkata_ssp245_near_2030s_heatwave_extreme_2039,Kolkata,ssp245,near_2030s,heatwave_extreme,2039,ec1efcc7c9955d7e6fa6fba780ac617804826782d74491f56dcd57c3460c7854,perimeter_bot_zn_4,Bottom P4,bottom,131.25,7.321599616858237,0.08644777450262715,0.05667180889103226,0.02977596561159489,0.17408767460112295
kolkata_ssp245_near_2030s_heatwave_extreme_2039,Kolkata,ssp245,near_2030s,heatwave_extreme,2039,ec1efcc7c9955d7e6fa6fba780ac617804826782d74491f56dcd57c3460c7854,perimeter_mid_zn_3,Middle P3,middle,207.34,21.479885057471265,0.12803548953229524,0.10206397662693732,0.025971512905357923,0.33543609898928234
kolkata_ssp245_near_2030s_heatwave_extreme_2039,Kolkata,ssp245,near_2030s,heatwave_extreme,2039,ec1efcc7c9955d7e6fa6fba780ac617804826782d74491f56dcd57c3460c7854,perimeter_mid_zn_2,Middle P2,middle,131.26,14.972461685823754,0.10628155209802062,0.07823961748087233,0.0280419346171483,0.2519488000200976
kolkata_ssp245_near_2030s_heatwave_extreme_2039,Kolkata,ssp245,near_2030s,heatwave_extreme,2039,ec1efcc7c9955d7e6fa6fba780ac617804826782d74491f56dcd57c3460c7854,perimeter_mid_zn_1,Middle P1,middle,207.34,33.27945402298851,0.1666040632848015,0.14410536133042373,0.022498701954377774,0.48978342876910075
kolkata_ssp245_near_2030s_heatwave_extreme_2039,Kolkata,ssp245,near_2030s,heatwave_extreme,2039,ec1efcc7c9955d7e6fa6fba780ac617804826782d74491f56dcd57c3460c7854,perimeter_mid_zn_4,Middle P4,middle,131.25,11.679837164750957,0.0975237409431457,0.06913078997779942,0.028392950965346272,0.2222241485137504
kolkata_ssp245_near_2030s_hot_2031,Kolkata,ssp245,near_2030s,hot,2031,2301279384357375b901d0849ef17854fefe8f47c43d95f4497188f1afeca2f5,core_bottom,Core bottom,bottom,983.54,15.493295019157088,0.11361722982532563,0.08630475370193094,0.027312476123394682,0.29161748543884153
kolkata_ssp245_near_2030s_hot_2031,Kolkata,ssp245,near_2030s,hot,2031,2301279384357375b901d0849ef17854fefe8f47c43d95f4497188f1afeca2f5,core_mid,Core middle,middle,983.54,23.341714559386972,0.1272205453312461,0.10130222148996362,0.02591832384128249,0.3299701259984509
kolkata_ssp245_near_2030s_hot_2031,Kolkata,ssp245,near_2030s,hot,2031,2301279384357375b901d0849ef17854fefe8f47c43d95f4497188f1afeca2f5,core_top,Core top,top,983.54,18.48060344827586,0.11291475401873426,0.08567064553561667,0.027244108483117584,0.2740419100042464
kolkata_ssp245_near_2030s_hot_2031,Kolkata,ssp245,near_2030s,hot,2031,2301279384357375b901d0849ef17854fefe8f47c43d95f4497188f1afeca2f5,perimeter_top_zn_3,Top P3,top,207.34,22.34794061302682,0.12897399750622807,0.10320630799813939,0.025767689508088675,0.337099668367908
kolkata_ssp245_near_2030s_hot_2031,Kolkata,ssp245,near_2030s,hot,2031,2301279384357375b901d0849ef17854fefe8f47c43d95f4497188f1afeca2f5,perimeter_top_zn_2,Top P2,top,131.26,17.37308429118774,0.1111142362906565,0.0839595233509607,0.0271547129396958,0.27318219816275563
kolkata_ssp245_near_2030s_hot_2031,Kolkata,ssp245,near_2030s,hot,2031,2301279384357375b901d0849ef17854fefe8f47c43d95f4497188f1afeca2f5,perimeter_top_zn_1,Top P1,top,207.34,30.812978927203066,0.1594356930752322,0.13656449196203407,0.02287120111319814,0.4624500225892151
kolkata_ssp245_near_2030s_hot_2031,Kolkata,ssp245,near_2030s,hot,2031,2301279384357375b901d0849ef17854fefe8f47c43d95f4497188f1afeca2f5,perimeter_top_zn_4,Top P4,top,131.25,12.619731800766285,0.0978093023824206,0.06982726347827847,0.02798203890414213,0.22502703940438135
kolkata_ssp245_near_2030s_hot_2031,Kolkata,ssp245,near_2030s,hot,2031,2301279384357375b901d0849ef17854fefe8f47c43d95f4497188f1afeca2f5,perimeter_bot_zn_3,Bottom P3,bottom,207.34,21.270354406130267,0.12915998803047102,0.10320889496157959,0.025951093068891436,0.3266562526895442
kolkata_ssp245_near_2030s_hot_2031,Kolkata,ssp245,near_2030s,hot,2031,2301279384357375b901d0849ef17854fefe8f47c43d95f4497188f1afeca2f5,perimeter_bot_zn_2,Bottom P2,bottom,131.26,15.91235632183908,0.10756675497788987,0.0799889388306078,0.02757781614728207,0.25400936859788426
kolkata_ssp245_near_2030s_hot_2031,Kolkata,ssp245,near_2030s,hot,2031,2301279384357375b901d0849ef17854fefe8f47c43d95f4497188f1afeca2f5,perimeter_bot_zn_1,Bottom P1,bottom,207.34,40.65493295019157,0.1792249638176103,0.15844821066969614,0.020776753147914148,0.5463415935467195
kolkata_ssp245_near_2030s_hot_2031,Kolkata,ssp245,near_2030s,hot,2031,2301279384357375b901d0849ef17854fefe8f47c43d95f4497188f1afeca2f5,perimeter_bot_zn_4,Bottom P4,bottom,131.25,12.811302681992338,0.09747928484999836,0.06887459068857285,0.028604694161425505,0.21475406503366687
kolkata_ssp245_near_2030s_hot_2031,Kolkata,ssp245,near_2030s,hot,2031,2301279384357375b901d0849ef17854fefe8f47c43d95f4497188f1afeca2f5,perimeter_mid_zn_3,Middle P3,middle,207.34,27.56824712643678,0.14235841350577963,0.11780431040219688,0.024554103103582747,0.3919933520354095
kolkata_ssp245_near_2030s_hot_2031,Kolkata,ssp245,near_2030s,hot,2031,2301279384357375b901d0849ef17854fefe8f47c43d95f4497188f1afeca2f5,perimeter_mid_zn_2,Middle P2,middle,131.26,18.761973180076627,0.1138377185606716,0.08700222923976576,0.02683548932090583,0.2849490483594103
kolkata_ssp245_near_2030s_hot_2031,Kolkata,ssp245,near_2030s,hot,2031,2301279384357375b901d0849ef17854fefe8f47c43d95f4497188f1afeca2f5,perimeter_mid_zn_1,Middle P1,middle,207.34,38.69731800766284,0.18152979668523922,0.16035395968395197,0.02117583700128725,0.5459754175149153
kolkata_ssp245_near_2030s_hot_2031,Kolkata,ssp245,near_2030s,hot,2031,2301279384357375b901d0849ef17854fefe8f47c43d95f4497188f1afeca2f5,perimeter_mid_zn_4,Middle P4,middle,131.25,15.098180076628353,0.10414321452697138,0.0769091162328132,0.02723409829415819,0.2507881052292777
kolkata_ssp245_near_2030s_typical_2036,Kolkata,ssp245,near_2030s,typical,2036,015b0c29f178a2c8c091e80d60f8c7c1e5217a3e7da74109b1925beb0daae1bb,core_bottom,Core bottom,bottom,983.54,4.436063218390805,0.08727887017390124,0.05781063239868031,0.029468237775220923,0.20159425244808418
kolkata_ssp245_near_2030s_typical_2036,Kolkata,ssp245,near_2030s,typical,2036,015b0c29f178a2c8c091e80d60f8c7c1e5217a3e7da74109b1925beb0daae1bb,core_mid,Core middle,middle,983.54,9.357040229885058,0.09372482633406787,0.0648194788662441,0.028905347467823757,0.21230135889128104
kolkata_ssp245_near_2030s_typical_2036,Kolkata,ssp245,near_2030s,typical,2036,015b0c29f178a2c8c091e80d60f8c7c1e5217a3e7da74109b1925beb0daae1bb,core_top,Core top,top,983.54,8.967911877394636,0.0889261655431109,0.05894828326198392,0.02997788228112698,0.1856429295081053
kolkata_ssp245_near_2030s_typical_2036,Kolkata,ssp245,near_2030s,typical,2036,015b0c29f178a2c8c091e80d60f8c7c1e5217a3e7da74109b1925beb0daae1bb,perimeter_top_zn_3,Top P3,top,207.34,11.55411877394636,0.10105890216505119,0.07265868433762317,0.028400217827428017,0.23299320505739265
kolkata_ssp245_near_2030s_typical_2036,Kolkata,ssp245,near_2030s,typical,2036,015b0c29f178a2c8c091e80d60f8c7c1e5217a3e7da74109b1925beb0daae1bb,perimeter_top_zn_2,Top P2,top,131.26,8.908045977011495,0.09132132178061071,0.06178586562079381,0.029535456159816908,0.19884276849759744
kolkata_ssp245_near_2030s_typical_2036,Kolkata,ssp245,near_2030s,typical,2036,015b0c29f178a2c8c091e80d60f8c7c1e5217a3e7da74109b1925beb0daae1bb,perimeter_top_zn_1,Top P1,top,207.34,19.719827586206897,0.1288569173742579,0.103159123707618,0.025697793666639886,0.3519742551040108
kolkata_ssp245_near_2030s_typical_2036,Kolkata,ssp245,near_2030s,typical,2036,015b0c29f178a2c8c091e80d60f8c7c1e5217a3e7da74109b1925beb0daae1bb,perimeter_top_zn_4,Top P4,top,131.25,6.369731800766283,0.08406375967693414,0.054009290117294516,0.03005446955963962,0.1694926935242462
kolkata_ssp245_near_2030s_typical_2036,Kolkata,ssp245,near_2030s,typical,2036,015b0c29f178a2c8c091e80d60f8c7c1e5217a3e7da74109b1925beb0daae1bb,perimeter_bot_zn_3,Bottom P3,bottom,207.34,6.315852490421456,0.0904850722042747,0.061935347793387406,0.028549724410887285,0.1957364726483045
kolkata_ssp245_near_2030s_typical_2036,Kolkata,ssp245,near_2030s,typical,2036,015b0c29f178a2c8c091e80d60f8c7c1e5217a3e7da74109b1925beb0daae1bb,perimeter_bot_zn_2,Bottom P2,bottom,131.26,4.460009578544062,0.08155942462693079,0.05152715494363592,0.03003226968329487,0.16265540301209297
kolkata_ssp245_near_2030s_typical_2036,Kolkata,ssp245,near_2030s,typical,2036,015b0c29f178a2c8c091e80d60f8c7c1e5217a3e7da74109b1925beb0daae1bb,perimeter_bot_zn_1,Bottom P1,bottom,207.34,27.592193486590038,0.14362334242838307,0.11983598066037575,0.023787361768007317,0.40922549620428034
kolkata_ssp245_near_2030s_typical_2036,Kolkata,ssp245,near_2030s,typical,2036,015b0c29f178a2c8c091e80d60f8c7c1e5217a3e7da74109b1925beb0daae1bb,perimeter_bot_zn_4,Bottom P4,bottom,131.25,2.987308429118774,0.07689822890781661,0.045948925721639736,0.03094930318617688,0.13971748288906277
kolkata_ssp245_near_2030s_typical_2036,Kolkata,ssp245,near_2030s,typical,2036,015b0c29f178a2c8c091e80d60f8c7c1e5217a3e7da74109b1925beb0daae1bb,perimeter_mid_zn_3,Middle P3,middle,207.34,12.984913793103448,0.1075823833107488,0.07993603183645255,0.027646351474296244,0.2658932993585024
kolkata_ssp245_near_2030s_typical_2036,Kolkata,ssp245,near_2030s,typical,2036,015b0c29f178a2c8c091e80d60f8c7c1e5217a3e7da74109b1925beb0daae1bb,perimeter_mid_zn_2,Middle P2,middle,131.26,7.8125,0.08985555632290744,0.060290455043189216,0.029565101279718228,0.19714733934274586
kolkata_ssp245_near_2030s_typical_2036,Kolkata,ssp245,near_2030s,typical,2036,015b0c29f178a2c8c091e80d60f8c7c1e5217a3e7da74109b1925beb0daae1bb,perimeter_mid_zn_1,Middle P1,middle,207.34,25.700431034482758,0.14660356370787386,0.12232802296118674,0.024275540746687117,0.4194301922292081
kolkata_ssp245_near_2030s_typical_2036,Kolkata,ssp245,near_2030s,typical,2036,015b0c29f178a2c8c091e80d60f8c7c1e5217a3e7da74109b1925beb0daae1bb,perimeter_mid_zn_4,Middle P4,middle,131.25,6.166187739463601,0.08492373184941188,0.055042661691907,0.029881070157504883,0.17702632098143395
kolkata_ssp585_baseline_2020s_heatwave_extreme_2027,Kolkata,ssp585,baseline_2020s,heatwave_extreme,2027,5c148c4f21eb2a5e51790f1b2c560911585e5ee6de20c5d75d86a3c286768e7a,core_bottom,Core bottom,bottom,983.54,4.873084291187739,0.08764004529893661,0.05785110299473261,0.029788942304204,0.20104826244996069
kolkata_ssp585_baseline_2020s_heatwave_extreme_2027,Kolkata,ssp585,baseline_2020s,heatwave_extreme,2027,5c148c4f21eb2a5e51790f1b2c560911585e5ee6de20c5d75d86a3c286768e7a,core_mid,Core middle,middle,983.54,9.614463601532568,0.09366205646234671,0.0646020131318012,0.02906004333054552,0.20876057266106998
kolkata_ssp585_baseline_2020s_heatwave_extreme_2027,Kolkata,ssp585,baseline_2020s,heatwave_extreme,2027,5c148c4f21eb2a5e51790f1b2c560911585e5ee6de20c5d75d86a3c286768e7a,core_top,Core top,top,983.54,9.285201149425287,0.09019297870123633,0.060078928351912544,0.030114050349323778,0.1859882460296654
kolkata_ssp585_baseline_2020s_heatwave_extreme_2027,Kolkata,ssp585,baseline_2020s,heatwave_extreme,2027,5c148c4f21eb2a5e51790f1b2c560911585e5ee6de20c5d75d86a3c286768e7a,perimeter_top_zn_3,Top P3,top,207.34,11.907327586206897,0.10103964157479679,0.07216905761915804,0.028870583955638764,0.22863783113028732
kolkata_ssp585_baseline_2020s_heatwave_extreme_2027,Kolkata,ssp585,baseline_2020s,heatwave_extreme,2027,5c148c4f21eb2a5e51790f1b2c560911585e5ee6de20c5d75d86a3c286768e7a,perimeter_top_zn_2,Top P2,top,131.26,9.333093869731801,0.0920925399600091,0.06228757522506479,0.029804964734944317,0.1973004412315855
kolkata_ssp585_baseline_2020s_heatwave_extreme_2027,Kolkata,ssp585,baseline_2020s,heatwave_extreme,2027,5c148c4f21eb2a5e51790f1b2c560911585e5ee6de20c5d75d86a3c286768e7a,perimeter_top_zn_1,Top P1,top,207.34,19.65397509578544,0.12806358191486497,0.10202667202389713,0.026036909890967852,0.3464800031114642
kolkata_ssp585_baseline_2020s_heatwave_extreme_2027,Kolkata,ssp585,baseline_2020s,heatwave_extreme,2027,5c148c4f21eb2a5e51790f1b2c560911585e5ee6de20c5d75d86a3c286768e7a,perimeter_top_zn_4,Top P4,top,131.25,6.872605363984674,0.08462629450199201,0.05443591909838565,0.03019037540360636,0.16880757648183892
kolkata_ssp585_baseline_2020s_heatwave_extreme_2027,Kolkata,ssp585,baseline_2020s,heatwave_extreme,2027,5c148c4f21eb2a5e51790f1b2c560911585e5ee6de20c5d75d86a3c286768e7a,perimeter_bot_zn_3,Bottom P3,bottom,207.34,7.0102969348659006,0.09007095724039388,0.06113115140041551,0.028939805839978378,0.18981227426641403
kolkata_ssp585_baseline_2020s_heatwave_extreme_2027,Kolkata,ssp585,baseline_2020s,heatwave_extreme,2027,5c148c4f21eb2a5e51790f1b2c560911585e5ee6de20c5d75d86a3c286768e7a,perimeter_bot_zn_2,Bottom P2,bottom,131.26,5.010775862068965,0.08198612749240258,0.051784890518306086,0.03020123697409649,0.15969777970007745
kolkata_ssp585_baseline_2020s_heatwave_extreme_2027,Kolkata,ssp585,baseline_2020s,heatwave_extreme,2027,5c148c4f21eb2a5e51790f1b2c560911585e5ee6de20c5d75d86a3c286768e7a,perimeter_bot_zn_1,Bottom P1,bottom,207.34,26.311063218390807,0.1406466182335193,0.11655634146837618,0.024090276765143116,0.3961034964302832
kolkata_ssp585_baseline_2020s_heatwave_extreme_2027,Kolkata,ssp585,baseline_2020s,heatwave_extreme,2027,5c148c4f21eb2a5e51790f1b2c560911585e5ee6de20c5d75d86a3c286768e7a,perimeter_bot_zn_4,Bottom P4,bottom,131.25,3.5859674329501914,0.07712742923529216,0.045996344595725144,0.031131084639567014,0.13732330960655809
kolkata_ssp585_baseline_2020s_heatwave_extreme_2027,Kolkata,ssp585,baseline_2020s,heatwave_extreme,2027,5c148c4f21eb2a5e51790f1b2c560911585e5ee6de20c5d75d86a3c286768e7a,perimeter_mid_zn_3,Middle P3,middle,207.34,12.877155172413794,0.10566131547145521,0.07770722326362046,0.02795409220783475,0.2569439312903753
kolkata_ssp585_baseline_2020s_heatwave_extreme_2027,Kolkata,ssp585,baseline_2020s,heatwave_extreme,2027,5c148c4f21eb2a5e51790f1b2c560911585e5ee6de20c5d75d86a3c286768e7a,perimeter_mid_zn_2,Middle P2,middle,131.26,8.165708812260537,0.09005492725691686,0.06029846884535048,0.029756458411566374,0.19516582122410225
kolkata_ssp585_baseline_2020s_heatwave_extreme_2027,Kolkata,ssp585,baseline_2020s,heatwave_extreme,2027,5c148c4f21eb2a5e51790f1b2c560911585e5ee6de20c5d75d86a3c286768e7a,perimeter_mid_zn_1,Middle P1,middle,207.34,25.460967432950195,0.14432597233965913,0.11978417345392027,0.024541798885738864,0.4090500522136284
kolkata_ssp585_baseline_2020s_heatwave_extreme_2027,Kolkata,ssp585,baseline_2020s,heatwave_extreme,2027,5c148c4f21eb2a5e51790f1b2c560911585e5ee6de20c5d75d86a3c286768e7a,perimeter_mid_zn_4,Middle P4,middle,131.25,6.603208812260536,0.08500335473799242,0.054956161688368275,0.03004719304962414,0.1753009349756378
kolkata_ssp585_baseline_2020s_hot_2026,Kolkata,ssp585,baseline_2020s,hot,2026,c117554ef28fa885c7b78e97f1ad619d272d1ad35b8a4c76861aa1c14939baee,core_bottom,Core bottom,bottom,983.54,4.885057471264368,0.08949471346760669,0.060530164954564765,0.028964548513041925,0.2120121297493929
kolkata_ssp585_baseline_2020s_hot_2026,Kolkata,ssp585,baseline_2020s,hot,2026,c117554ef28fa885c7b78e97f1ad619d272d1ad35b8a4c76861aa1c14939baee,core_mid,Core middle,middle,983.54,11.548132183908045,0.09921403094646719,0.07100606756775472,0.02820796337871247,0.23266336635930496
kolkata_ssp585_baseline_2020s_hot_2026,Kolkata,ssp585,baseline_2020s,hot,2026,c117554ef28fa885c7b78e97f1ad619d272d1ad35b8a4c76861aa1c14939baee,core_top,Core top,top,983.54,10.686063218390805,0.09343052954162993,0.06406523349696691,0.02936529604466302,0.2018404116381361
kolkata_ssp585_baseline_2020s_hot_2026,Kolkata,ssp585,baseline_2020s,hot,2026,c117554ef28fa885c7b78e97f1ad619d272d1ad35b8a4c76861aa1c14939baee,perimeter_top_zn_3,Top P3,top,207.34,14.254070881226053,0.10636296405149642,0.07865789747918274,0.027705066572313673,0.25500665744840356
kolkata_ssp585_baseline_2020s_hot_2026,Kolkata,ssp585,baseline_2020s,hot,2026,c117554ef28fa885c7b78e97f1ad619d272d1ad35b8a4c76861aa1c14939baee,perimeter_top_zn_2,Top P2,top,131.26,10.482519157088124,0.09543559078319332,0.06650052093953149,0.02893506984366182,0.21371740353673918
kolkata_ssp585_baseline_2020s_hot_2026,Kolkata,ssp585,baseline_2020s,hot,2026,c117554ef28fa885c7b78e97f1ad619d272d1ad35b8a4c76861aa1c14939baee,perimeter_top_zn_1,Top P1,top,207.34,22.24616858237548,0.1346121416058937,0.10974486796554468,0.024867273640348995,0.3740234429890836
kolkata_ssp585_baseline_2020s_hot_2026,Kolkata,ssp585,baseline_2020s,hot,2026,c117554ef28fa885c7b78e97f1ad619d272d1ad35b8a4c76861aa1c14939baee,perimeter_top_zn_4,Top P4,top,131.25,7.830459770114942,0.08674199899036174,0.05721799377084378,0.02952400521951796,0.18011149655185293
kolkata_ssp585_baseline_2020s_hot_2026,Kolkata,ssp585,baseline_2020s,hot,2026,c117554ef28fa885c7b78e97f1ad619d272d1ad35b8a4c76861aa1c14939baee,perimeter_bot_zn_3,Bottom P3,bottom,207.34,7.914272030651341,0.09544939041193505,0.06753619449003287,0.02791319592190218,0.21673940366940955
kolkata_ssp585_baseline_2020s_hot_2026,Kolkata,ssp585,baseline_2020s,hot,2026,c117554ef28fa885c7b78e97f1ad619d272d1ad35b8a4c76861aa1c14939baee,perimeter_bot_zn_2,Bottom P2,bottom,131.26,5.453783524904215,0.0835577176376005,0.054167413531884666,0.02939030410571584,0.17468743174278104
kolkata_ssp585_baseline_2020s_hot_2026,Kolkata,ssp585,baseline_2020s,hot,2026,c117554ef28fa885c7b78e97f1ad619d272d1ad35b8a4c76861aa1c14939baee,perimeter_bot_zn_1,Bottom P1,bottom,207.34,31.627155172413797,0.15282002100569628,0.1297278286460109,0.023092192359685373,0.4434407171272866
kolkata_ssp585_baseline_2020s_hot_2026,Kolkata,ssp585,baseline_2020s,hot,2026,c117554ef28fa885c7b78e97f1ad619d272d1ad35b8a4c76861aa1c14939baee,perimeter_bot_zn_4,Bottom P4,bottom,131.25,3.3465038314176243,0.07800305316328844,0.047442818797981616,0.03056023436530682,0.14716547326474916
kolkata_ssp585_baseline_2020s_hot_2026,Kolkata,ssp585,baseline_2020s,hot,2026,c117554ef28fa885c7b78e97f1ad619d272d1ad35b8a4c76861aa1c14939baee,perimeter_mid_zn_3,Middle P3,middle,207.34,15.816570881226053,0.11350404907044596,0.08677766942027715,0.026726379650168816,0.29076345304728335
kolkata_ssp585_baseline_2020s_hot_2026,Kolkata,ssp585,baseline_2020s,hot,2026,c117554ef28fa885c7b78e97f1ad619d272d1ad35b8a4c76861aa1c14939baee,perimeter_mid_zn_2,Middle P2,middle,131.26,9.746168582375478,0.0940581172720531,0.06508847985833024,0.02896963741372284,0.21198227833024139
kolkata_ssp585_baseline_2020s_hot_2026,Kolkata,ssp585,baseline_2020s,hot,2026,c117554ef28fa885c7b78e97f1ad619d272d1ad35b8a4c76861aa1c14939baee,perimeter_mid_zn_1,Middle P1,middle,207.34,28.09506704980843,0.1528811799569569,0.12944970253760876,0.02343147741934814,0.44494274887222524
kolkata_ssp585_baseline_2020s_hot_2026,Kolkata,ssp585,baseline_2020s,hot,2026,c117554ef28fa885c7b78e97f1ad619d272d1ad35b8a4c76861aa1c14939baee,perimeter_mid_zn_4,Middle P4,middle,131.25,7.8723659003831425,0.08766406563009344,0.05842061023644022,0.02924345539365322,0.1893411655711069
kolkata_ssp585_baseline_2020s_typical_2029,Kolkata,ssp585,baseline_2020s,typical,2029,752455ce3bc9becdb9981b1152edc621a8cce8b9ec5eade37ec14448bb69d8e6,core_bottom,Core bottom,bottom,983.54,1.861829501915709,0.08062601783693103,0.05046212762243862,0.030163890214492405,0.1786272347748016
kolkata_ssp585_baseline_2020s_typical_2029,Kolkata,ssp585,baseline_2020s,typical,2029,752455ce3bc9becdb9981b1152edc621a8cce8b9ec5eade37ec14448bb69d8e6,core_mid,Core middle,middle,983.54,6.339798850574713,0.08630018218033678,0.056692892264642115,0.029607289915694654,0.18246841121572543
kolkata_ssp585_baseline_2020s_typical_2029,Kolkata,ssp585,baseline_2020s,typical,2029,752455ce3bc9becdb9981b1152edc621a8cce8b9ec5eade37ec14448bb69d8e6,core_top,Core top,top,983.54,6.082375478927203,0.08234144833679441,0.05161953138409876,0.03072191695269564,0.15730992564764945
kolkata_ssp585_baseline_2020s_typical_2029,Kolkata,ssp585,baseline_2020s,typical,2029,752455ce3bc9becdb9981b1152edc621a8cce8b9ec5eade37ec14448bb69d8e6,perimeter_top_zn_3,Top P3,top,207.34,8.967911877394636,0.09285866918992748,0.06336163640880005,0.02949703278112744,0.19824016895488789
kolkata_ssp585_baseline_2020s_typical_2029,Kolkata,ssp585,baseline_2020s,typical,2029,752455ce3bc9becdb9981b1152edc621a8cce8b9ec5eade37ec14448bb69d8e6,perimeter_top_zn_2,Top P2,top,131.26,6.633141762452108,0.08490412908798751,0.05446318276272239,0.03044094632526512,0.1691211490931018
kolkata_ssp585_baseline_2020s_typical_2029,Kolkata,ssp585,baseline_2020s,typical,2029,752455ce3bc9becdb9981b1152edc621a8cce8b9ec5eade37ec14448bb69d8e6,perimeter_top_zn_1,Top P1,top,207.34,15.56513409961686,0.11799007157547414,0.09141811333914283,0.0265719582363313,0.3100371254034586
kolkata_ssp585_baseline_2020s_typical_2029,Kolkata,ssp585,baseline_2020s,typical,2029,752455ce3bc9becdb9981b1152edc621a8cce8b9ec5eade37ec14448bb69d8e6,perimeter_top_zn_4,Top P4,top,131.25,3.7835249042145596,0.07808433535714099,0.04722564731948916,0.030858688037651832,0.14322963598913965
kolkata_ssp585_baseline_2020s_typical_2029,Kolkata,ssp585,baseline_2020s,typical,2029,752455ce3bc9becdb9981b1152edc621a8cce8b9ec5eade37ec14448bb69d8e6,perimeter_bot_zn_3,Bottom P3,bottom,207.34,3.6697796934865896,0.08210995204302249,0.05283276366811001,0.02927718837491247,0.1633820018175987
kolkata_ssp585_baseline_2020s_typical_2029,Kolkata,ssp585,baseline_2020s,typical,2029,752455ce3bc9becdb9981b1152edc621a8cce8b9ec5eade37ec14448bb69d8e6,perimeter_bot_zn_2,Bottom P2,bottom,131.26,2.029454022988506,0.0749913645595231,0.044175953551035436,0.03081541100848766,0.1361651888098636
kolkata_ssp585_baseline_2020s_typical_2029,Kolkata,ssp585,baseline_2020s,typical,2029,752455ce3bc9becdb9981b1152edc621a8cce8b9ec5eade37ec14448bb69d8e6,perimeter_bot_zn_1,Bottom P1,bottom,207.34,23.77873563218391,0.13309429758076988,0.10855684467348033,0.024537452907289554,0.3699151613300169
kolkata_ssp585_baseline_2020s_typical_2029,Kolkata,ssp585,baseline_2020s,typical,2029,752455ce3bc9becdb9981b1152edc621a8cce8b9ec5eade37ec14448bb69d8e6,perimeter_bot_zn_4,Bottom P4,bottom,131.25,1.1494252873563218,0.07138519846796107,0.03963274584780492,0.03175245262015614,0.1162895937996423
kolkata_ssp585_baseline_2020s_typical_2029,Kolkata,ssp585,baseline_2020s,typical,2029,752455ce3bc9becdb9981b1152edc621a8cce8b9ec5eade37ec14448bb69d8e6,perimeter_mid_zn_3,Middle P3,middle,207.34,9.913793103448276,0.09826554886118781,0.06973409019930242,0.028531458661885386,0.2293962434582541
kolkata_ssp585_baseline_2020s_typical_2029,Kolkata,ssp585,baseline_2020s,typical,2029,752455ce3bc9becdb9981b1152edc621a8cce8b9ec5eade37ec14448bb69d8e6,perimeter_mid_zn_2,Middle P2,middle,131.26,5.262212643678161,0.08286122257908629,0.05250174629896071,0.030359476280125582,0.16735502150675183
kolkata_ssp585_baseline_2020s_typical_2029,Kolkata,ssp585,baseline_2020s,typical,2029,752455ce3bc9becdb9981b1152edc621a8cce8b9ec5eade37ec14448bb69d8e6,perimeter_mid_zn_1,Middle P1,middle,207.34,21.054837164750957,0.13479281116119862,0.1100154336877756,0.024777377473423033,0.3779773643190906
kolkata_ssp585_baseline_2020s_typical_2029,Kolkata,ssp585,baseline_2020s,typical,2029,752455ce3bc9becdb9981b1152edc621a8cce8b9ec5eade37ec14448bb69d8e6,perimeter_mid_zn_4,Middle P4,middle,131.25,3.7416187739463607,0.07823650404120999,0.04761335621577896,0.030623147825431032,0.1499044541168205
kolkata_ssp585_late_2080s_heatwave_extreme_2080,Kolkata,ssp585,late_2080s,heatwave_extreme,2080,0a68c6267eae3ab29ccee52386c9303d6463656b868f4f66b7ac0207633bdb01,core_bottom,Core bottom,bottom,983.54,32.90828544061303,0.16576553921133166,0.14332589404196952,0.022439645169362143,0.46144240893436883
kolkata_ssp585_late_2080s_heatwave_extreme_2080,Kolkata,ssp585,late_2080s,heatwave_extreme,2080,0a68c6267eae3ab29ccee52386c9303d6463656b868f4f66b7ac0207633bdb01,core_mid,Core middle,middle,983.54,43.06154214559387,0.18669242553865473,0.16601392083630273,0.02067850470235199,0.539358535784151
kolkata_ssp585_late_2080s_heatwave_extreme_2080,Kolkata,ssp585,late_2080s,heatwave_extreme,2080,0a68c6267eae3ab29ccee52386c9303d6463656b868f4f66b7ac0207633bdb01,core_top,Core top,top,983.54,37.79334291187739,0.16990458967753316,0.14751092032676605,0.022393669350767108,0.4729810035393119
kolkata_ssp585_late_2080s_heatwave_extreme_2080,Kolkata,ssp585,late_2080s,heatwave_extreme,2080,0a68c6267eae3ab29ccee52386c9303d6463656b868f4f66b7ac0207633bdb01,perimeter_top_zn_3,Top P3,top,207.34,42.367097701149426,0.18632475905634374,0.1658808819633945,0.020443877092949217,0.5486483863441359
kolkata_ssp585_late_2080s_heatwave_extreme_2080,Kolkata,ssp585,late_2080s,heatwave_extreme,2080,0a68c6267eae3ab29ccee52386c9303d6463656b868f4f66b7ac0207633bdb01,perimeter_top_zn_2,Top P2,top,131.26,35.84171455938697,0.16162776441881854,0.13949470669158262,0.02213305772723591,0.4554816220350983
kolkata_ssp585_late_2080s_heatwave_extreme_2080,Kolkata,ssp585,late_2080s,heatwave_extreme,2080,0a68c6267eae3ab29ccee52386c9303d6463656b868f4f66b7ac0207633bdb01,perimeter_top_zn_1,Top P1,top,207.34,55.85488505747126,0.23499182993684678,0.217460492259693,0.017531337677153792,0.7259848271225349
kolkata_ssp585_late_2080s_heatwave_extreme_2080,Kolkata,ssp585,late_2080s,heatwave_extreme,2080,0a68c6267eae3ab29ccee52386c9303d6463656b868f4f66b7ac0207633bdb01,perimeter_top_zn_4,Top P4,top,131.25,28.51412835249042,0.13933347022430795,0.11591299887967584,0.02342047134463212,0.3774234477255535
kolkata_ssp585_late_2080s_heatwave_extreme_2080,Kolkata,ssp585,late_2080s,heatwave_extreme,2080,0a68c6267eae3ab29ccee52386c9303d6463656b868f4f66b7ac0207633bdb01,perimeter_bot_zn_3,Bottom P3,bottom,207.34,39.888649425287355,0.18906024540320127,0.16844289885522526,0.02061734654797599,0.5392404197923418
kolkata_ssp585_late_2080s_heatwave_extreme_2080,Kolkata,ssp585,late_2080s,heatwave_extreme,2080,0a68c6267eae3ab29ccee52386c9303d6463656b868f4f66b7ac0207633bdb01,perimeter_bot_zn_2,Bottom P2,bottom,131.26,33.004070881226056,0.1586081540202334,0.13604796102977004,0.022560192990463347,0.43067426549380294
kolkata_ssp585_late_2080s_heatwave_extreme_2080,Kolkata,ssp585,late_2080s,heatwave_extreme,2080,0a68c6267eae3ab29ccee52386c9303d6463656b868f4f66b7ac0207633bdb01,perimeter_bot_zn_1,Bottom P1,bottom,207.34,67.10967432950191,0.26338014959391576,0.24880466674054416,0.014575482853371614,0.8410183892387576
kolkata_ssp585_late_2080s_heatwave_extreme_2080,Kolkata,ssp585,late_2080s,heatwave_extreme,2080,0a68c6267eae3ab29ccee52386c9303d6463656b868f4f66b7ac0207633bdb01,perimeter_bot_zn_4,Bottom P4,bottom,131.25,28.334530651340994,0.14131507130462792,0.11739640440955763,0.023918666895070283,0.3698932372202661
kolkata_ssp585_late_2080s_heatwave_extreme_2080,Kolkata,ssp585,late_2080s,heatwave_extreme,2080,0a68c6267eae3ab29ccee52386c9303d6463656b868f4f66b7ac0207633bdb01,perimeter_mid_zn_3,Middle P3,middle,207.34,47.47365900383142,0.20077262282201694,0.18184767623597684,0.0189249465860401,0.608193249193562
kolkata_ssp585_late_2080s_heatwave_extreme_2080,Kolkata,ssp585,late_2080s,heatwave_extreme,2080,0a68c6267eae3ab29ccee52386c9303d6463656b868f4f66b7ac0207633bdb01,perimeter_mid_zn_2,Middle P2,middle,131.26,37.40421455938697,0.16574235673071033,0.14402156773372776,0.021720788996982574,0.46750575911720965
kolkata_ssp585_late_2080s_heatwave_extreme_2080,Kolkata,ssp585,late_2080s,heatwave_extreme,2080,0a68c6267eae3ab29ccee52386c9303d6463656b868f4f66b7ac0207633bdb01,perimeter_mid_zn_1,Middle P1,middle,207.34,62.60775862068966,0.25912522427084883,0.24333171136859025,0.01579351290225859,0.815174440742862
kolkata_ssp585_late_2080s_heatwave_extreme_2080,Kolkata,ssp585,late_2080s,heatwave_extreme,2080,0a68c6267eae3ab29ccee52386c9303d6463656b868f4f66b7ac0207633bdb01,perimeter_mid_zn_4,Middle P4,middle,131.25,32.8544061302682,0.14980326681273523,0.1273112674434986,0.02249199936923663,0.41479446579469226
kolkata_ssp585_late_2080s_hot_2080,Kolkata,ssp585,late_2080s,hot,2080,0a68c6267eae3ab29ccee52386c9303d6463656b868f4f66b7ac0207633bdb01,core_bottom,Core bottom,bottom,983.54,32.90828544061303,0.16576553921133166,0.14332589404196952,0.022439645169362143,0.46144240893436883
kolkata_ssp585_late_2080s_hot_2080,Kolkata,ssp585,late_2080s,hot,2080,0a68c6267eae3ab29ccee52386c9303d6463656b868f4f66b7ac0207633bdb01,core_mid,Core middle,middle,983.54,43.06154214559387,0.18669242553865473,0.16601392083630273,0.02067850470235199,0.539358535784151
kolkata_ssp585_late_2080s_hot_2080,Kolkata,ssp585,late_2080s,hot,2080,0a68c6267eae3ab29ccee52386c9303d6463656b868f4f66b7ac0207633bdb01,core_top,Core top,top,983.54,37.79334291187739,0.16990458967753316,0.14751092032676605,0.022393669350767108,0.4729810035393119
kolkata_ssp585_late_2080s_hot_2080,Kolkata,ssp585,late_2080s,hot,2080,0a68c6267eae3ab29ccee52386c9303d6463656b868f4f66b7ac0207633bdb01,perimeter_top_zn_3,Top P3,top,207.34,42.367097701149426,0.18632475905634374,0.1658808819633945,0.020443877092949217,0.5486483863441359
kolkata_ssp585_late_2080s_hot_2080,Kolkata,ssp585,late_2080s,hot,2080,0a68c6267eae3ab29ccee52386c9303d6463656b868f4f66b7ac0207633bdb01,perimeter_top_zn_2,Top P2,top,131.26,35.84171455938697,0.16162776441881854,0.13949470669158262,0.02213305772723591,0.4554816220350983
kolkata_ssp585_late_2080s_hot_2080,Kolkata,ssp585,late_2080s,hot,2080,0a68c6267eae3ab29ccee52386c9303d6463656b868f4f66b7ac0207633bdb01,perimeter_top_zn_1,Top P1,top,207.34,55.85488505747126,0.23499182993684678,0.217460492259693,0.017531337677153792,0.7259848271225349
kolkata_ssp585_late_2080s_hot_2080,Kolkata,ssp585,late_2080s,hot,2080,0a68c6267eae3ab29ccee52386c9303d6463656b868f4f66b7ac0207633bdb01,perimeter_top_zn_4,Top P4,top,131.25,28.51412835249042,0.13933347022430795,0.11591299887967584,0.02342047134463212,0.3774234477255535
kolkata_ssp585_late_2080s_hot_2080,Kolkata,ssp585,late_2080s,hot,2080,0a68c6267eae3ab29ccee52386c9303d6463656b868f4f66b7ac0207633bdb01,perimeter_bot_zn_3,Bottom P3,bottom,207.34,39.888649425287355,0.18906024540320127,0.16844289885522526,0.02061734654797599,0.5392404197923418
kolkata_ssp585_late_2080s_hot_2080,Kolkata,ssp585,late_2080s,hot,2080,0a68c6267eae3ab29ccee52386c9303d6463656b868f4f66b7ac0207633bdb01,perimeter_bot_zn_2,Bottom P2,bottom,131.26,33.004070881226056,0.1586081540202334,0.13604796102977004,0.022560192990463347,0.43067426549380294
kolkata_ssp585_late_2080s_hot_2080,Kolkata,ssp585,late_2080s,hot,2080,0a68c6267eae3ab29ccee52386c9303d6463656b868f4f66b7ac0207633bdb01,perimeter_bot_zn_1,Bottom P1,bottom,207.34,67.10967432950191,0.26338014959391576,0.24880466674054416,0.014575482853371614,0.8410183892387576
kolkata_ssp585_late_2080s_hot_2080,Kolkata,ssp585,late_2080s,hot,2080,0a68c6267eae3ab29ccee52386c9303d6463656b868f4f66b7ac0207633bdb01,perimeter_bot_zn_4,Bottom P4,bottom,131.25,28.334530651340994,0.14131507130462792,0.11739640440955763,0.023918666895070283,0.3698932372202661
kolkata_ssp585_late_2080s_hot_2080,Kolkata,ssp585,late_2080s,hot,2080,0a68c6267eae3ab29ccee52386c9303d6463656b868f4f66b7ac0207633bdb01,perimeter_mid_zn_3,Middle P3,middle,207.34,47.47365900383142,0.20077262282201694,0.18184767623597684,0.0189249465860401,0.608193249193562
kolkata_ssp585_late_2080s_hot_2080,Kolkata,ssp585,late_2080s,hot,2080,0a68c6267eae3ab29ccee52386c9303d6463656b868f4f66b7ac0207633bdb01,perimeter_mid_zn_2,Middle P2,middle,131.26,37.40421455938697,0.16574235673071033,0.14402156773372776,0.021720788996982574,0.46750575911720965
kolkata_ssp585_late_2080s_hot_2080,Kolkata,ssp585,late_2080s,hot,2080,0a68c6267eae3ab29ccee52386c9303d6463656b868f4f66b7ac0207633bdb01,perimeter_mid_zn_1,Middle P1,middle,207.34,62.60775862068966,0.25912522427084883,0.24333171136859025,0.01579351290225859,0.815174440742862
kolkata_ssp585_late_2080s_hot_2080,Kolkata,ssp585,late_2080s,hot,2080,0a68c6267eae3ab29ccee52386c9303d6463656b868f4f66b7ac0207633bdb01,perimeter_mid_zn_4,Middle P4,middle,131.25,32.8544061302682,0.14980326681273523,0.1273112674434986,0.02249199936923663,0.41479446579469226
kolkata_ssp585_late_2080s_typical_2088,Kolkata,ssp585,late_2080s,typical,2088,6645038f9bacc05cc9898a21cd01dcfdab6f881d0ea5a97794e1fe065069e961,core_bottom,Core bottom,bottom,983.54,19.486350574712645,0.12836117103227923,0.10325851159564342,0.025102659436635796,0.343837326805212
kolkata_ssp585_late_2080s_typical_2088,Kolkata,ssp585,late_2080s,typical,2088,6645038f9bacc05cc9898a21cd01dcfdab6f881d0ea5a97794e1fe065069e961,core_mid,Core middle,middle,983.54,29.555795019157088,0.14765525433925167,0.12388219668121137,0.023773057658040303,0.404542012152798
kolkata_ssp585_late_2080s_typical_2088,Kolkata,ssp585,late_2080s,typical,2088,6645038f9bacc05cc9898a21cd01dcfdab6f881d0ea5a97794e1fe065069e961,core_top,Core top,top,983.54,25.19755747126437,0.13379322098474358,0.10858151372168633,0.025211707263057263,0.3484494461316222
kolkata_ssp585_late_2080s_typical_2088,Kolkata,ssp585,late_2080s,typical,2088,6645038f9bacc05cc9898a21cd01dcfdab6f881d0ea5a97794e1fe065069e961,perimeter_top_zn_3,Top P3,top,207.34,29.627634099616856,0.1520347809180546,0.12866494674250079,0.023369834175553834,0.4236190616445139
kolkata_ssp585_late_2080s_typical_2088,Kolkata,ssp585,late_2080s,typical,2088,6645038f9bacc05cc9898a21cd01dcfdab6f881d0ea5a97794e1fe065069e961,perimeter_top_zn_2,Top P2,top,131.26,23.99425287356322,0.13206068258399145,0.10709443378776946,0.024966248796221984,0.34793350044951565
kolkata_ssp585_late_2080s_typical_2088,Kolkata,ssp585,late_2080s,typical,2088,6645038f9bacc05cc9898a21cd01dcfdab6f881d0ea5a97794e1fe065069e961,perimeter_top_zn_1,Top P1,top,207.34,42.923850574712645,0.19695525258460944,0.17656610274398155,0.020389149840627896,0.5910950216418334
kolkata_ssp585_late_2080s_typical_2088,Kolkata,ssp585,late_2080s,typical,2088,6645038f9bacc05cc9898a21cd01dcfdab6f881d0ea5a97794e1fe065069e961,perimeter_top_zn_4,Top P4,top,131.25,18.57638888888889,0.11555381352830399,0.08964487390516422,0.025908939623139764,0.28916079984264625
kolkata_ssp585_late_2080s_typical_2088,Kolkata,ssp585,late_2080s,typical,2088,6645038f9bacc05cc9898a21cd01dcfdab6f881d0ea5a97794e1fe065069e961,perimeter_bot_zn_3,Bottom P3,bottom,207.34,26.245210727969347,0.14640946021129636,0.12273959923309,0.02366986097820637,0.398741914766063
kolkata_ssp585_late_2080s_typical_2088,Kolkata,ssp585,late_2080s,typical,2088,6645038f9bacc05cc9898a21cd01dcfdab6f881d0ea5a97794e1fe065069e961,perimeter_bot_zn_2,Bottom P2,bottom,131.26,19.761733716475096,0.12266946151312123,0.09694925178339932,0.025720209729721926,0.3117686852177202
kolkata_ssp585_late_2080s_typical_2088,Kolkata,ssp585,late_2080s,typical,2088,6645038f9bacc05cc9898a21cd01dcfdab6f881d0ea5a97794e1fe065069e961,perimeter_bot_zn_1,Bottom P1,bottom,207.34,55.23227969348659,0.22031747281357725,0.2029493151423169,0.017368157671260362,0.6903820405076453
kolkata_ssp585_late_2080s_typical_2088,Kolkata,ssp585,late_2080s,typical,2088,6645038f9bacc05cc9898a21cd01dcfdab6f881d0ea5a97794e1fe065069e961,perimeter_bot_zn_4,Bottom P4,bottom,131.25,15.95426245210728,0.10970981753504522,0.08314833114637549,0.02656148638866973,0.2633978553519699
kolkata_ssp585_late_2080s_typical_2088,Kolkata,ssp585,late_2080s,typical,2088,6645038f9bacc05cc9898a21cd01dcfdab6f881d0ea5a97794e1fe065069e961,perimeter_mid_zn_3,Middle P3,middle,207.34,34.093630268199234,0.1648827036188704,0.1428621200914004,0.02202058352746999,0.4772470301029905
kolkata_ssp585_late_2080s_typical_2088,Kolkata,ssp585,late_2080s,typical,2088,6645038f9bacc05cc9898a21cd01dcfdab6f881d0ea5a97794e1fe065069e961,perimeter_mid_zn_2,Middle P2,middle,131.26,24.55699233716475,0.1331516965497292,0.10837679290847399,0.024774903641255185,0.35195852772189967
kolkata_ssp585_late_2080s_typical_2088,Kolkata,ssp585,late_2080s,typical,2088,6645038f9bacc05cc9898a21cd01dcfdab6f881d0ea5a97794e1fe065069e961,perimeter_mid_zn_1,Middle P1,middle,207.34,50.92193486590039,0.22010175539654916,0.20158524351594595,0.018516511880603204,0.6770750346142757
kolkata_ssp585_late_2080s_typical_2088,Kolkata,ssp585,late_2080s,typical,2088,6645038f9bacc05cc9898a21cd01dcfdab6f881d0ea5a97794e1fe065069e961,perimeter_mid_zn_4,Middle P4,middle,131.25,20.64176245210728,0.12168666578428303,0.09635140558939348,0.025335260194889537,0.31262313390514795
kolkata_ssp585_mid_2050s_heatwave_extreme_2059,Kolkata,ssp585,mid_2050s,heatwave_extreme,2059,1408c8d41099b2cbe2b233fb8e8a84f22c90d2ae021ebdd1b51f19f97215264d,core_bottom,Core bottom,bottom,983.54,33.62068965517241,0.1607796229313427,0.13737105732908342,0.023408565602259276,0.44326296003798105
kolkata_ssp585_mid_2050s_heatwave_extreme_2059,Kolkata,ssp585,mid_2050s,heatwave_extreme,2059,1408c8d41099b2cbe2b233fb8e8a84f22c90d2ae021ebdd1b51f19f97215264d,core_mid,Core middle,middle,983.54,43.63625478927203,0.18475940340772903,0.16288958665722147,0.02186981675050757,0.5189535347988609
kolkata_ssp585_mid_2050s_heatwave_extreme_2059,Kolkata,ssp585,mid_2050s,heatwave_extreme,2059,1408c8d41099b2cbe2b233fb8e8a84f22c90d2ae021ebdd1b51f19f97215264d,core_top,Core top,top,983.54,37.51795977011494,0.16645405350167514,0.14316854984681274,0.023285503654862406,0.45034879159351493
kolkata_ssp585_mid_2050s_heatwave_extreme_2059,Kolkata,ssp585,mid_2050s,heatwave_extreme,2059,1408c8d41099b2cbe2b233fb8e8a84f22c90d2ae021ebdd1b51f19f97215264d,perimeter_top_zn_3,Top P3,top,207.34,42.007902298850574,0.18403776048683912,0.1626205320926218,0.021417228394217315,0.5243458201625713
kolkata_ssp585_mid_2050s_heatwave_extreme_2059,Kolkata,ssp585,mid_2050s,heatwave_extreme,2059,1408c8d41099b2cbe2b233fb8e8a84f22c90d2ae021ebdd1b51f19f97215264d,perimeter_top_zn_2,Top P2,top,131.26,35.05747126436782,0.15853407969452432,0.1353609282502207,0.023173151444303635,0.4310853478423887
kolkata_ssp585_mid_2050s_heatwave_extreme_2059,Kolkata,ssp585,mid_2050s,heatwave_extreme,2059,1408c8d41099b2cbe2b233fb8e8a84f22c90d2ae021ebdd1b51f19f97215264d,perimeter_top_zn_1,Top P1,top,207.34,53.25071839080459,0.22311339706286015,0.20476055793833056,0.018352839124529605,0.6791135735614339
kolkata_ssp585_mid_2050s_heatwave_extreme_2059,Kolkata,ssp585,mid_2050s,heatwave_extreme,2059,1408c8d41099b2cbe2b233fb8e8a84f22c90d2ae021ebdd1b51f19f97215264d,perimeter_top_zn_4,Top P4,top,131.25,27.107279693486593,0.13440817212168263,0.11015614276870968,0.02425202935297295,0.351445588197696
kolkata_ssp585_mid_2050s_heatwave_extreme_2059,Kolkata,ssp585,mid_2050s,heatwave_extreme,2059,1408c8d41099b2cbe2b233fb8e8a84f22c90d2ae021ebdd1b51f19f97215264d,perimeter_bot_zn_3,Bottom P3,bottom,207.34,40.75670498084291,0.18466432432762714,0.16308639681291673,0.021577927514710427,0.5146840325232288
kolkata_ssp585_mid_2050s_heatwave_extreme_2059,Kolkata,ssp585,mid_2050s,heatwave_extreme,2059,1408c8d41099b2cbe2b233fb8e8a84f22c90d2ae021ebdd1b51f19f97215264d,perimeter_bot_zn_2,Bottom P2,bottom,131.26,31.914511494252874,0.1508583057807213,0.12716165530172863,0.02369665047899268,0.40106874680352556
kolkata_ssp585_mid_2050s_heatwave_extreme_2059,Kolkata,ssp585,mid_2050s,heatwave_extreme,2059,1408c8d41099b2cbe2b233fb8e8a84f22c90d2ae021ebdd1b51f19f97215264d,perimeter_bot_zn_1,Bottom P1,bottom,207.34,64.54741379310344,0.24561442047677534,0.23018361057570316,0.015430809901072175,0.7844282302519445
kolkata_ssp585_mid_2050s_heatwave_extreme_2059,Kolkata,ssp585,mid_2050s,heatwave_extreme,2059,1408c8d41099b2cbe2b233fb8e8a84f22c90d2ae021ebdd1b51f19f97215264d,perimeter_bot_zn_4,Bottom P4,bottom,131.25,26.634339080459768,0.13331018229149483,0.10854101799252502,0.02476916429896982,0.33930901948136
kolkata_ssp585_mid_2050s_heatwave_extreme_2059,Kolkata,ssp585,mid_2050s,heatwave_extreme,2059,1408c8d41099b2cbe2b233fb8e8a84f22c90d2ae021ebdd1b51f19f97215264d,perimeter_mid_zn_3,Middle P3,middle,207.34,47.084530651341,0.2002719166634316,0.18029977462145855,0.01997214204197307,0.587810331840015
kolkata_ssp585_mid_2050s_heatwave_extreme_2059,Kolkata,ssp585,mid_2050s,heatwave_extreme,2059,1408c8d41099b2cbe2b233fb8e8a84f22c90d2ae021ebdd1b51f19f97215264d,perimeter_mid_zn_2,Middle P2,middle,131.26,37.08692528735632,0.16310169070139388,0.1403502376135809,0.022751453087813,0.4454815059572197
kolkata_ssp585_mid_2050s_heatwave_extreme_2059,Kolkata,ssp585,mid_2050s,heatwave_extreme,2059,1408c8d41099b2cbe2b233fb8e8a84f22c90d2ae021ebdd1b51f19f97215264d,perimeter_mid_zn_1,Middle P1,middle,207.34,60.757902298850574,0.24767094493227917,0.2311987877472494,0.0164721571850298,0.7696987539791289
kolkata_ssp585_mid_2050s_heatwave_extreme_2059,Kolkata,ssp585,mid_2050s,heatwave_extreme,2059,1408c8d41099b2cbe2b233fb8e8a84f22c90d2ae021ebdd1b51f19f97215264d,perimeter_mid_zn_4,Middle P4,middle,131.25,32.537116858237546,0.14705271067547332,0.12367029762242553,0.023382413053047783,0.39386875979599606
kolkata_ssp585_mid_2050s_hot_2059,Kolkata,ssp585,mid_2050s,hot,2059,1408c8d41099b2cbe2b233fb8e8a84f22c90d2ae021ebdd1b51f19f97215264d,core_bottom,Core bottom,bottom,983.54,33.62068965517241,0.1607796229313427,0.13737105732908342,0.023408565602259276,0.44326296003798105
kolkata_ssp585_mid_2050s_hot_2059,Kolkata,ssp585,mid_2050s,hot,2059,1408c8d41099b2cbe2b233fb8e8a84f22c90d2ae021ebdd1b51f19f97215264d,core_mid,Core middle,middle,983.54,43.63625478927203,0.18475940340772903,0.16288958665722147,0.02186981675050757,0.5189535347988609
kolkata_ssp585_mid_2050s_hot_2059,Kolkata,ssp585,mid_2050s,hot,2059,1408c8d41099b2cbe2b233fb8e8a84f22c90d2ae021ebdd1b51f19f97215264d,core_top,Core top,top,983.54,37.51795977011494,0.16645405350167514,0.14316854984681274,0.023285503654862406,0.45034879159351493
kolkata_ssp585_mid_2050s_hot_2059,Kolkata,ssp585,mid_2050s,hot,2059,1408c8d41099b2cbe2b233fb8e8a84f22c90d2ae021ebdd1b51f19f97215264d,perimeter_top_zn_3,Top P3,top,207.34,42.007902298850574,0.18403776048683912,0.1626205320926218,0.021417228394217315,0.5243458201625713
kolkata_ssp585_mid_2050s_hot_2059,Kolkata,ssp585,mid_2050s,hot,2059,1408c8d41099b2cbe2b233fb8e8a84f22c90d2ae021ebdd1b51f19f97215264d,perimeter_top_zn_2,Top P2,top,131.26,35.05747126436782,0.15853407969452432,0.1353609282502207,0.023173151444303635,0.4310853478423887
kolkata_ssp585_mid_2050s_hot_2059,Kolkata,ssp585,mid_2050s,hot,2059,1408c8d41099b2cbe2b233fb8e8a84f22c90d2ae021ebdd1b51f19f97215264d,perimeter_top_zn_1,Top P1,top,207.34,53.25071839080459,0.22311339706286015,0.20476055793833056,0.018352839124529605,0.6791135735614339
kolkata_ssp585_mid_2050s_hot_2059,Kolkata,ssp585,mid_2050s,hot,2059,1408c8d41099b2cbe2b233fb8e8a84f22c90d2ae021ebdd1b51f19f97215264d,perimeter_top_zn_4,Top P4,top,131.25,27.107279693486593,0.13440817212168263,0.11015614276870968,0.02425202935297295,0.351445588197696
kolkata_ssp585_mid_2050s_hot_2059,Kolkata,ssp585,mid_2050s,hot,2059,1408c8d41099b2cbe2b233fb8e8a84f22c90d2ae021ebdd1b51f19f97215264d,perimeter_bot_zn_3,Bottom P3,bottom,207.34,40.75670498084291,0.18466432432762714,0.16308639681291673,0.021577927514710427,0.5146840325232288
kolkata_ssp585_mid_2050s_hot_2059,Kolkata,ssp585,mid_2050s,hot,2059,1408c8d41099b2cbe2b233fb8e8a84f22c90d2ae021ebdd1b51f19f97215264d,perimeter_bot_zn_2,Bottom P2,bottom,131.26,31.914511494252874,0.1508583057807213,0.12716165530172863,0.02369665047899268,0.40106874680352556
kolkata_ssp585_mid_2050s_hot_2059,Kolkata,ssp585,mid_2050s,hot,2059,1408c8d41099b2cbe2b233fb8e8a84f22c90d2ae021ebdd1b51f19f97215264d,perimeter_bot_zn_1,Bottom P1,bottom,207.34,64.54741379310344,0.24561442047677534,0.23018361057570316,0.015430809901072175,0.7844282302519445
kolkata_ssp585_mid_2050s_hot_2059,Kolkata,ssp585,mid_2050s,hot,2059,1408c8d41099b2cbe2b233fb8e8a84f22c90d2ae021ebdd1b51f19f97215264d,perimeter_bot_zn_4,Bottom P4,bottom,131.25,26.634339080459768,0.13331018229149483,0.10854101799252502,0.02476916429896982,0.33930901948136
kolkata_ssp585_mid_2050s_hot_2059,Kolkata,ssp585,mid_2050s,hot,2059,1408c8d41099b2cbe2b233fb8e8a84f22c90d2ae021ebdd1b51f19f97215264d,perimeter_mid_zn_3,Middle P3,middle,207.34,47.084530651341,0.2002719166634316,0.18029977462145855,0.01997214204197307,0.587810331840015
kolkata_ssp585_mid_2050s_hot_2059,Kolkata,ssp585,mid_2050s,hot,2059,1408c8d41099b2cbe2b233fb8e8a84f22c90d2ae021ebdd1b51f19f97215264d,perimeter_mid_zn_2,Middle P2,middle,131.26,37.08692528735632,0.16310169070139388,0.1403502376135809,0.022751453087813,0.4454815059572197
kolkata_ssp585_mid_2050s_hot_2059,Kolkata,ssp585,mid_2050s,hot,2059,1408c8d41099b2cbe2b233fb8e8a84f22c90d2ae021ebdd1b51f19f97215264d,perimeter_mid_zn_1,Middle P1,middle,207.34,60.757902298850574,0.24767094493227917,0.2311987877472494,0.0164721571850298,0.7696987539791289
kolkata_ssp585_mid_2050s_hot_2059,Kolkata,ssp585,mid_2050s,hot,2059,1408c8d41099b2cbe2b233fb8e8a84f22c90d2ae021ebdd1b51f19f97215264d,perimeter_mid_zn_4,Middle P4,middle,131.25,32.537116858237546,0.14705271067547332,0.12367029762242553,0.023382413053047783,0.39386875979599606
kolkata_ssp585_mid_2050s_typical_2057,Kolkata,ssp585,mid_2050s,typical,2057,c973adf6ede6c6b1e77914e126c0ec1aff9adcb1c719a279e5ae694a531a5a4c,core_bottom,Core bottom,bottom,983.54,9.668342911877396,0.09944440800719415,0.07083837524458089,0.02860603276261325,0.2375941524414152
kolkata_ssp585_mid_2050s_typical_2057,Kolkata,ssp585,mid_2050s,typical,2057,c973adf6ede6c6b1e77914e126c0ec1aff9adcb1c719a279e5ae694a531a5a4c,core_mid,Core middle,middle,983.54,16.247605363984675,0.11008915940232558,0.08221309251126109,0.027876066891064488,0.2631541443450101
kolkata_ssp585_mid_2050s_typical_2057,Kolkata,ssp585,mid_2050s,typical,2057,c973adf6ede6c6b1e77914e126c0ec1aff9adcb1c719a279e5ae694a531a5a4c,core_top,Core top,top,983.54,14.721024904214557,0.10357280254042422,0.07470088187846893,0.02887192066195528,0.2325820460448861
kolkata_ssp585_mid_2050s_typical_2057,Kolkata,ssp585,mid_2050s,typical,2057,c973adf6ede6c6b1e77914e126c0ec1aff9adcb1c719a279e5ae694a531a5a4c,perimeter_top_zn_3,Top P3,top,207.34,17.618534482758623,0.11567964970078277,0.08842839904269337,0.027251250658089397,0.28272240040459623
kolkata_ssp585_mid_2050s_typical_2057,Kolkata,ssp585,mid_2050s,typical,2057,c973adf6ede6c6b1e77914e126c0ec1aff9adcb1c719a279e5ae694a531a5a4c,perimeter_top_zn_2,Top P2,top,131.26,14.146312260536398,0.10533428573327763,0.07682486809015147,0.028509417643126166,0.244883465225319
kolkata_ssp585_mid_2050s_typical_2057,Kolkata,ssp585,mid_2050s,typical,2057,c973adf6ede6c6b1e77914e126c0ec1aff9adcb1c719a279e5ae694a531a5a4c,perimeter_top_zn_1,Top P1,top,207.34,26.317049808429115,0.1463114054245456,0.12187779868264474,0.024433606741900853,0.4107993568243578
kolkata_ssp585_mid_2050s_typical_2057,Kolkata,ssp585,mid_2050s,typical,2057,c973adf6ede6c6b1e77914e126c0ec1aff9adcb1c719a279e5ae694a531a5a4c,perimeter_top_zn_4,Top P4,top,131.25,10.488505747126437,0.0945167230933837,0.06560888832230505,0.028907834771078663,0.20550289041467257
kolkata_ssp585_mid_2050s_typical_2057,Kolkata,ssp585,mid_2050s,typical,2057,c973adf6ede6c6b1e77914e126c0ec1aff9adcb1c719a279e5ae694a531a5a4c,perimeter_bot_zn_3,Bottom P3,bottom,207.34,12.236590038314176,0.10465304697236799,0.0772548124634717,0.02739823450889629,0.24479157707394633
kolkata_ssp585_mid_2050s_typical_2057,Kolkata,ssp585,mid_2050s,typical,2057,c973adf6ede6c6b1e77914e126c0ec1aff9adcb1c719a279e5ae694a531a5a4c,perimeter_bot_zn_2,Bottom P2,bottom,131.26,9.596503831417625,0.0935663394568486,0.06437106192224816,0.02919527753460044,0.20153791339445673
kolkata_ssp585_mid_2050s_typical_2057,Kolkata,ssp585,mid_2050s,typical,2057,c973adf6ede6c6b1e77914e126c0ec1aff9adcb1c719a279e5ae694a531a5a4c,perimeter_bot_zn_1,Bottom P1,bottom,207.34,34.94971264367816,0.16353945395008201,0.14136854195842427,0.022170911991657754,0.480046697558248
kolkata_ssp585_mid_2050s_typical_2057,Kolkata,ssp585,mid_2050s,typical,2057,c973adf6ede6c6b1e77914e126c0ec1aff9adcb1c719a279e5ae694a531a5a4c,perimeter_bot_zn_4,Bottom P4,bottom,131.25,7.429358237547892,0.08685735549772003,0.056765382431810577,0.030091973065909456,0.17293159225822935
kolkata_ssp585_mid_2050s_typical_2057,Kolkata,ssp585,mid_2050s,typical,2057,c973adf6ede6c6b1e77914e126c0ec1aff9adcb1c719a279e5ae694a531a5a4c,perimeter_mid_zn_3,Middle P3,middle,207.34,19.300766283524904,0.12255504071385828,0.09620125296752466,0.02635378774633362,0.3171838888218857
kolkata_ssp585_mid_2050s_typical_2057,Kolkata,ssp585,mid_2050s,typical,2057,c973adf6ede6c6b1e77914e126c0ec1aff9adcb1c719a279e5ae694a531a5a4c,perimeter_mid_zn_2,Middle P2,middle,131.26,13.47581417624521,0.10413333355808534,0.07555728521198257,0.02857604834610276,0.2431466819546042
kolkata_ssp585_mid_2050s_typical_2057,Kolkata,ssp585,mid_2050s,typical,2057,c973adf6ede6c6b1e77914e126c0ec1aff9adcb1c719a279e5ae694a531a5a4c,perimeter_mid_zn_1,Middle P1,middle,207.34,31.818726053639846,0.16430891612395793,0.14150852373753445,0.022800392386423455,0.4824555174848027
kolkata_ssp585_mid_2050s_typical_2057,Kolkata,ssp585,mid_2050s,typical,2057,c973adf6ede6c6b1e77914e126c0ec1aff9adcb1c719a279e5ae694a531a5a4c,perimeter_mid_zn_4,Middle P4,middle,131.25,10.841714559386974,0.09641776472277182,0.06763222294989385,0.028785541772877978,0.2152058682598361
kolkata_ssp585_near_2030s_heatwave_extreme_2032,Kolkata,ssp585,near_2030s,heatwave_extreme,2032,a118ca5433c562392eab8747151db535326695bd3bd0dd310fc2cc4cccc2462b,core_bottom,Core bottom,bottom,983.54,4.555795019157088,0.08468982571871127,0.054552659036197354,0.030137166682513917,0.18841161977202162
kolkata_ssp585_near_2030s_heatwave_extreme_2032,Kolkata,ssp585,near_2030s,heatwave_extreme,2032,a118ca5433c562392eab8747151db535326695bd3bd0dd310fc2cc4cccc2462b,core_mid,Core middle,middle,983.54,10.314894636015326,0.09202443518993329,0.06230546620832105,0.029718968981612248,0.19262720485746646
kolkata_ssp585_near_2030s_heatwave_extreme_2032,Kolkata,ssp585,near_2030s,heatwave_extreme,2032,a118ca5433c562392eab8747151db535326695bd3bd0dd310fc2cc4cccc2462b,core_top,Core top,top,983.54,9.219348659003831,0.08687129254050392,0.05645922648127662,0.03041206605922731,0.16785099219798078
kolkata_ssp585_near_2030s_heatwave_extreme_2032,Kolkata,ssp585,near_2030s,heatwave_extreme,2032,a118ca5433c562392eab8747151db535326695bd3bd0dd310fc2cc4cccc2462b,perimeter_top_zn_3,Top P3,top,207.34,11.55411877394636,0.0984012165318672,0.0685720929303483,0.029829123601518903,0.2063961111234405
kolkata_ssp585_near_2030s_heatwave_extreme_2032,Kolkata,ssp585,near_2030s,heatwave_extreme,2032,a118ca5433c562392eab8747151db535326695bd3bd0dd310fc2cc4cccc2462b,perimeter_top_zn_2,Top P2,top,131.26,8.668582375478927,0.08935014420575119,0.05875094797539389,0.030599196230357298,0.17883647654677368
kolkata_ssp585_near_2030s_heatwave_extreme_2032,Kolkata,ssp585,near_2030s,heatwave_extreme,2032,a118ca5433c562392eab8747151db535326695bd3bd0dd310fc2cc4cccc2462b,perimeter_top_zn_1,Top P1,top,207.34,16.93007662835249,0.11832713423430564,0.09103878606803281,0.027288348166272826,0.3032111897692104
kolkata_ssp585_near_2030s_heatwave_extreme_2032,Kolkata,ssp585,near_2030s,heatwave_extreme,2032,a118ca5433c562392eab8747151db535326695bd3bd0dd310fc2cc4cccc2462b,perimeter_top_zn_4,Top P4,top,131.25,5.842911877394636,0.08161189639882316,0.050550721365018654,0.0310611750338045,0.14990021734985748
kolkata_ssp585_near_2030s_heatwave_extreme_2032,Kolkata,ssp585,near_2030s,heatwave_extreme,2032,a118ca5433c562392eab8747151db535326695bd3bd0dd310fc2cc4cccc2462b,perimeter_bot_zn_3,Bottom P3,bottom,207.34,6.166187739463601,0.08440406139636943,0.05460039465836476,0.029803666738004664,0.16000597664091634
kolkata_ssp585_near_2030s_heatwave_extreme_2032,Kolkata,ssp585,near_2030s,heatwave_extreme,2032,a118ca5433c562392eab8747151db535326695bd3bd0dd310fc2cc4cccc2462b,perimeter_bot_zn_2,Bottom P2,bottom,131.26,3.490181992337165,0.07698161103066871,0.045967879148366975,0.031013731882301734,0.13618982121471707
kolkata_ssp585_near_2030s_heatwave_extreme_2032,Kolkata,ssp585,near_2030s,heatwave_extreme,2032,a118ca5433c562392eab8747151db535326695bd3bd0dd310fc2cc4cccc2462b,perimeter_bot_zn_1,Bottom P1,bottom,207.34,20.737547892720308,0.12491211365325527,0.09949564303929821,0.02541647061395706,0.33600726646125384
kolkata_ssp585_near_2030s_heatwave_extreme_2032,Kolkata,ssp585,near_2030s,heatwave_extreme,2032,a118ca5433c562392eab8747151db535326695bd3bd0dd310fc2cc4cccc2462b,perimeter_bot_zn_4,Bottom P4,bottom,131.25,2.58022030651341,0.07274141221471582,0.04107983447351516,0.03166157774120066,0.11781675994137054
kolkata_ssp585_near_2030s_heatwave_extreme_2032,Kolkata,ssp585,near_2030s,heatwave_extreme,2032,a118ca5433c562392eab8747151db535326695bd3bd0dd310fc2cc4cccc2462b,perimeter_mid_zn_3,Middle P3,middle,207.34,13.20043103448276,0.10371674415973513,0.07472448308159993,0.0289922610781352,0.23525334578699106
kolkata_ssp585_near_2030s_heatwave_extreme_2032,Kolkata,ssp585,near_2030s,heatwave_extreme,2032,a118ca5433c562392eab8747151db535326695bd3bd0dd310fc2cc4cccc2462b,perimeter_mid_zn_2,Middle P2,middle,131.26,7.944204980842912,0.08796316553048288,0.057614058942096466,0.030349106588386403,0.18039693684108565
kolkata_ssp585_near_2030s_heatwave_extreme_2032,Kolkata,ssp585,near_2030s,heatwave_extreme,2032,a118ca5433c562392eab8747151db535326695bd3bd0dd310fc2cc4cccc2462b,perimeter_mid_zn_1,Middle P1,middle,207.34,22.419779693486593,0.13310455776225222,0.10759381595280886,0.02551074180944336,0.36313296067437406
kolkata_ssp585_near_2030s_heatwave_extreme_2032,Kolkata,ssp585,near_2030s,heatwave_extreme,2032,a118ca5433c562392eab8747151db535326695bd3bd0dd310fc2cc4cccc2462b,perimeter_mid_zn_4,Middle P4,middle,131.25,6.022509578544062,0.08255937816532238,0.05191108377276156,0.030648294392560824,0.1590319962817438
kolkata_ssp585_near_2030s_hot_2030,Kolkata,ssp585,near_2030s,hot,2030,dff24493c23186a676e53331d53bf5786b75b5a98aee2f6aa5b6a8595d429dc3,core_bottom,Core bottom,bottom,983.54,5.92073754789272,0.09160243636689089,0.06296063591474114,0.02864180045214975,0.21774497555049574
kolkata_ssp585_near_2030s_hot_2030,Kolkata,ssp585,near_2030s,hot,2030,dff24493c23186a676e53331d53bf5786b75b5a98aee2f6aa5b6a8595d429dc3,core_mid,Core middle,middle,983.54,12.667624521072796,0.10121772086001757,0.07306742865918517,0.02815029220083241,0.24103312867497595
kolkata_ssp585_near_2030s_hot_2030,Kolkata,ssp585,near_2030s,hot,2030,dff24493c23186a676e53331d53bf5786b75b5a98aee2f6aa5b6a8595d429dc3,core_top,Core top,top,983.54,11.063218390804598,0.09484980212442798,0.06550139079537907,0.02934841132904889,0.20770889500166353
kolkata_ssp585_near_2030s_hot_2030,Kolkata,ssp585,near_2030s,hot,2030,dff24493c23186a676e53331d53bf5786b75b5a98aee2f6aa5b6a8595d429dc3,perimeter_top_zn_3,Top P3,top,207.34,14.547413793103448,0.10851168013080799,0.0805132079411653,0.027998472189642687,0.2581818658813414
kolkata_ssp585_near_2030s_hot_2030,Kolkata,ssp585,near_2030s,hot,2030,dff24493c23186a676e53331d53bf5786b75b5a98aee2f6aa5b6a8595d429dc3,perimeter_top_zn_2,Top P2,top,131.26,10.859674329501916,0.09600680245471424,0.06708286676082628,0.02892393569388796,0.2158958067498027
kolkata_ssp585_near_2030s_hot_2030,Kolkata,ssp585,near_2030s,hot,2030,dff24493c23186a676e53331d53bf5786b75b5a98aee2f6aa5b6a8595d429dc3,perimeter_top_zn_1,Top P1,top,207.34,22.150383141762454,0.13582802589763243,0.110738560299278,0.025089465598354427,0.3754475259180163
kolkata_ssp585_near_2030s_hot_2030,Kolkata,ssp585,near_2030s,hot,2030,dff24493c23186a676e53331d53bf5786b75b5a98aee2f6aa5b6a8595d429dc3,perimeter_top_zn_4,Top P4,top,131.25,7.962164750957855,0.08724041874625578,0.057721369537238075,0.0295190492090177,0.1805021331437293
kolkata_ssp585_near_2030s_hot_2030,Kolkata,ssp585,near_2030s,hot,2030,dff24493c23186a676e53331d53bf5786b75b5a98aee2f6aa5b6a8595d429dc3,perimeter_bot_zn_3,Bottom P3,bottom,207.34,9.069683908045976,0.09632106379489191,0.06827999618129896,0.028041067613592957,0.21953874210847582
kolkata_ssp585_near_2030s_hot_2030,Kolkata,ssp585,near_2030s,hot,2030,dff24493c23186a676e53331d53bf5786b75b5a98aee2f6aa5b6a8595d429dc3,perimeter_bot_zn_2,Bottom P2,bottom,131.26,5.2861590038314175,0.08397681754729416,0.054432974866247055,0.02954384268104711,0.172658223901656
kolkata_ssp585_near_2030s_hot_2030,Kolkata,ssp585,near_2030s,hot,2030,dff24493c23186a676e53331d53bf5786b75b5a98aee2f6aa5b6a8595d429dc3,perimeter_bot_zn_1,Bottom P1,bottom,207.34,32.27969348659004,0.1530213066922108,0.13002726972325915,0.02299403696895166,0.4401245134642245
kolkata_ssp585_near_2030s_hot_2030,Kolkata,ssp585,near_2030s,hot,2030,dff24493c23186a676e53331d53bf5786b75b5a98aee2f6aa5b6a8595d429dc3,perimeter_bot_zn_4,Bottom P4,bottom,131.25,3.4961685823754785,0.07820229240088997,0.04769402132047317,0.030508271080416795,0.14700921911062614
kolkata_ssp585_near_2030s_hot_2030,Kolkata,ssp585,near_2030s,hot,2030,dff24493c23186a676e53331d53bf5786b75b5a98aee2f6aa5b6a8595d429dc3,perimeter_mid_zn_3,Middle P3,middle,207.34,16.80435823754789,0.11610702098450615,0.08926984505270477,0.02683717593180138,0.29547237600828313
kolkata_ssp585_near_2030s_hot_2030,Kolkata,ssp585,near_2030s,hot,2030,dff24493c23186a676e53331d53bf5786b75b5a98aee2f6aa5b6a8595d429dc3,perimeter_mid_zn_2,Middle P2,middle,131.26,10.24904214559387,0.09480642382670158,0.06596624249307184,0.028840181333629745,0.21522454158495533
kolkata_ssp585_near_2030s_hot_2030,Kolkata,ssp585,near_2030s,hot,2030,dff24493c23186a676e53331d53bf5786b75b5a98aee2f6aa5b6a8595d429dc3,perimeter_mid_zn_1,Middle P1,middle,207.34,29.57974137931034,0.15549712686538703,0.1321174226033544,0.023379704262032616,0.44915436395316216
kolkata_ssp585_near_2030s_hot_2030,Kolkata,ssp585,near_2030s,hot,2030,dff24493c23186a676e53331d53bf5786b75b5a98aee2f6aa5b6a8595d429dc3,perimeter_mid_zn_4,Middle P4,middle,131.25,7.944204980842912,0.08844799879259609,0.059233669152459256,0.029214329640136833,0.19066677350956235
kolkata_ssp585_near_2030s_typical_2038,Kolkata,ssp585,near_2030s,typical,2038,bcad77c3fdb34b0677fee3a8f686ce37dc84fd5c2b5e13ad31a6a755dac22184,core_bottom,Core bottom,bottom,983.54,5.405890804597701,0.08712447528080378,0.05657031282411676,0.030554162456687017,0.19360547698700384
kolkata_ssp585_near_2030s_typical_2038,Kolkata,ssp585,near_2030s,typical,2038,bcad77c3fdb34b0677fee3a8f686ce37dc84fd5c2b5e13ad31a6a755dac22184,core_mid,Core middle,middle,983.54,8.11182950191571,0.09001899807343103,0.059905712949950604,0.030113285123480424,0.18842759954511956
kolkata_ssp585_near_2030s_typical_2038,Kolkata,ssp585,near_2030s,typical,2038,bcad77c3fdb34b0677fee3a8f686ce37dc84fd5c2b5e13ad31a6a755dac22184,core_top,Core top,top,983.54,8.207614942528735,0.08712373458339832,0.0562126086407606,0.030911125942637722,0.16941823142775603
kolkata_ssp585_near_2030s_typical_2038,Kolkata,ssp585,near_2030s,typical,2038,bcad77c3fdb34b0677fee3a8f686ce37dc84fd5c2b5e13ad31a6a755dac22184,perimeter_top_zn_3,Top P3,top,207.34,10.512452107279694,0.09555463397769941,0.06565391568663723,0.02990071829106218,0.20436505690829548
kolkata_ssp585_near_2030s_typical_2038,Kolkata,ssp585,near_2030s,typical,2038,bcad77c3fdb34b0677fee3a8f686ce37dc84fd5c2b5e13ad31a6a755dac22184,perimeter_top_zn_2,Top P2,top,131.26,8.165708812260537,0.08976487677305559,0.05898595888957549,0.0307789178834801,0.18292347550579152
kolkata_ssp585_near_2030s_typical_2038,Kolkata,ssp585,near_2030s,typical,2038,bcad77c3fdb34b0677fee3a8f686ce37dc84fd5c2b5e13ad31a6a755dac22184,perimeter_top_zn_1,Top P1,top,207.34,16.12787356321839,0.11697751811463387,0.08976640567514453,0.02721111243948935,0.3033470931612429
kolkata_ssp585_near_2030s_typical_2038,Kolkata,ssp585,near_2030s,typical,2038,bcad77c3fdb34b0677fee3a8f686ce37dc84fd5c2b5e13ad31a6a755dac22184,perimeter_top_zn_4,Top P4,top,131.25,5.926724137931035,0.08275984058626508,0.05167665828352346,0.03108318230274162,0.15593214126262264
kolkata_ssp585_near_2030s_typical_2038,Kolkata,ssp585,near_2030s,typical,2038,bcad77c3fdb34b0677fee3a8f686ce37dc84fd5c2b5e13ad31a6a755dac22184,perimeter_bot_zn_3,Bottom P3,bottom,207.34,6.208093869731801,0.08590146324605272,0.056071782599783584,0.02982968064626914,0.16671162685912203
kolkata_ssp585_near_2030s_typical_2038,Kolkata,ssp585,near_2030s,typical,2038,bcad77c3fdb34b0677fee3a8f686ce37dc84fd5c2b5e13ad31a6a755dac22184,perimeter_bot_zn_2,Bottom P2,bottom,131.26,4.885057471264368,0.08036011210154068,0.04928090430192214,0.031079207799618532,0.14845892583984105
kolkata_ssp585_near_2030s_typical_2038,Kolkata,ssp585,near_2030s,typical,2038,bcad77c3fdb34b0677fee3a8f686ce37dc84fd5c2b5e13ad31a6a755dac22184,perimeter_bot_zn_1,Bottom P1,bottom,207.34,20.839319923371647,0.1274432001285824,0.10203830075892487,0.02540489936965753,0.3459408929321655
kolkata_ssp585_near_2030s_typical_2038,Kolkata,ssp585,near_2030s,typical,2038,bcad77c3fdb34b0677fee3a8f686ce37dc84fd5c2b5e13ad31a6a755dac22184,perimeter_bot_zn_4,Bottom P4,bottom,131.25,3.59794061302682,0.07631222943493964,0.044460209551418085,0.03185201988352154,0.1284544947014538
kolkata_ssp585_near_2030s_typical_2038,Kolkata,ssp585,near_2030s,typical,2038,bcad77c3fdb34b0677fee3a8f686ce37dc84fd5c2b5e13ad31a6a755dac22184,perimeter_mid_zn_3,Middle P3,middle,207.34,10.721982758620689,0.09866456280026054,0.06956224151026373,0.029102321289996798,0.2267647760333691
kolkata_ssp585_near_2030s_typical_2038,Kolkata,ssp585,near_2030s,typical,2038,bcad77c3fdb34b0677fee3a8f686ce37dc84fd5c2b5e13ad31a6a755dac22184,perimeter_mid_zn_2,Middle P2,middle,131.26,7.29765325670498,0.08787139291882926,0.05715486721534432,0.03071652570348494,0.18110054760901462
kolkata_ssp585_near_2030s_typical_2038,Kolkata,ssp585,near_2030s,typical,2038,bcad77c3fdb34b0677fee3a8f686ce37dc84fd5c2b5e13ad31a6a755dac22184,perimeter_mid_zn_1,Middle P1,middle,207.34,20.37236590038314,0.13081987648914095,0.10523408493209965,0.025585791557041306,0.3616611847939219
kolkata_ssp585_near_2030s_typical_2038,Kolkata,ssp585,near_2030s,typical,2038,bcad77c3fdb34b0677fee3a8f686ce37dc84fd5c2b5e13ad31a6a755dac22184,perimeter_mid_zn_4,Middle P4,middle,131.25,5.8069923371647505,0.08303281934956407,0.05216107746955075,0.03087174188001331,0.1628402169571456
phoenix_ssp245_baseline_2020s_heatwave_extreme_2025,Phoenix,ssp245,baseline_2020s,heatwave_extreme,2025,0d0ddb81e56c9f74cbca1a5fc9816bf7122a7cad0dcb054c568812e458022920,core_bottom,Core bottom,bottom,983.54,0.101772030651341,0.08979156611097434,0.05974869565275307,0.030042870458221273,0.16012179791255918
phoenix_ssp245_baseline_2020s_heatwave_extreme_2025,Phoenix,ssp245,baseline_2020s,heatwave_extreme,2025,0d0ddb81e56c9f74cbca1a5fc9816bf7122a7cad0dcb054c568812e458022920,core_mid,Core middle,middle,983.54,3.0771072796934864,0.08945436004209832,0.06026546488255325,0.029188895159545068,0.1617485993415567
phoenix_ssp245_baseline_2020s_heatwave_extreme_2025,Phoenix,ssp245,baseline_2020s,heatwave_extreme,2025,0d0ddb81e56c9f74cbca1a5fc9816bf7122a7cad0dcb054c568812e458022920,core_top,Core top,top,983.54,2.951388888888889,0.08981533921766408,0.06003150484925877,0.02978383436840531,0.1538152135784329
phoenix_ssp245_baseline_2020s_heatwave_extreme_2025,Phoenix,ssp245,baseline_2020s,heatwave_extreme,2025,0d0ddb81e56c9f74cbca1a5fc9816bf7122a7cad0dcb054c568812e458022920,perimeter_top_zn_3,Top P3,top,207.34,7.0761494252873565,0.10011834549663857,0.07085732471129154,0.029261020785347036,0.1815909588466362
phoenix_ssp245_baseline_2020s_heatwave_extreme_2025,Phoenix,ssp245,baseline_2020s,heatwave_extreme,2025,0d0ddb81e56c9f74cbca1a5fc9816bf7122a7cad0dcb054c568812e458022920,perimeter_top_zn_2,Top P2,top,131.26,7.291666666666667,0.10273497981202248,0.07604327835328832,0.02669170145873416,0.22759781573210294
phoenix_ssp245_baseline_2020s_heatwave_extreme_2025,Phoenix,ssp245,baseline_2020s,heatwave_extreme,2025,0d0ddb81e56c9f74cbca1a5fc9816bf7122a7cad0dcb054c568812e458022920,perimeter_top_zn_1,Top P1,top,207.34,18.983477011494255,0.14080637320598743,0.11701498927157801,0.023791383934409428,0.3578011712668157
phoenix_ssp245_baseline_2020s_heatwave_extreme_2025,Phoenix,ssp245,baseline_2020s,heatwave_extreme,2025,0d0ddb81e56c9f74cbca1a5fc9816bf7122a7cad0dcb054c568812e458022920,perimeter_top_zn_4,Top P4,top,131.25,8.854166666666668,0.11143550942984502,0.08348856505199016,0.027946944377854867,0.2393518489574884
phoenix_ssp245_baseline_2020s_heatwave_extreme_2025,Phoenix,ssp245,baseline_2020s,heatwave_extreme,2025,0d0ddb81e56c9f74cbca1a5fc9816bf7122a7cad0dcb054c568812e458022920,perimeter_bot_zn_3,Bottom P3,bottom,207.34,4.184626436781609,0.0915866544038317,0.05982166646020327,0.03176498794362843,0.13410135800838546
phoenix_ssp245_baseline_2020s_heatwave_extreme_2025,Phoenix,ssp245,baseline_2020s,heatwave_extreme,2025,0d0ddb81e56c9f74cbca1a5fc9816bf7122a7cad0dcb054c568812e458022920,perimeter_bot_zn_2,Bottom P2,bottom,131.26,6.9145114942528725,0.10228660067245268,0.07500611898271631,0.027280481689736374,0.22459755784745297
phoenix_ssp245_baseline_2020s_heatwave_extreme_2025,Phoenix,ssp245,baseline_2020s,heatwave_extreme,2025,0d0ddb81e56c9f74cbca1a5fc9816bf7122a7cad0dcb054c568812e458022920,perimeter_bot_zn_1,Bottom P1,bottom,207.34,24.030172413793103,0.15767316105379958,0.1361963760442394,0.021476785009560177,0.4285278876330666
phoenix_ssp245_baseline_2020s_heatwave_extreme_2025,Phoenix,ssp245,baseline_2020s,heatwave_extreme,2025,0d0ddb81e56c9f74cbca1a5fc9816bf7122a7cad0dcb054c568812e458022920,perimeter_bot_zn_4,Bottom P4,bottom,131.25,6.232040229885057,0.10195906097382165,0.0739845651341513,0.027974495839670353,0.21801444809840975
phoenix_ssp245_baseline_2020s_heatwave_extreme_2025,Phoenix,ssp245,baseline_2020s,heatwave_extreme,2025,0d0ddb81e56c9f74cbca1a5fc9816bf7122a7cad0dcb054c568812e458022920,perimeter_mid_zn_3,Middle P3,middle,207.34,6.585249042145594,0.10010985637924873,0.07213414151936733,0.02797571485988141,0.19998481237312554
phoenix_ssp245_baseline_2020s_heatwave_extreme_2025,Phoenix,ssp245,baseline_2020s,heatwave_extreme,2025,0d0ddb81e56c9f74cbca1a5fc9816bf7122a7cad0dcb054c568812e458022920,perimeter_mid_zn_2,Middle P2,middle,131.26,6.27993295019157,0.10098414270921946,0.07425686715795637,0.026727275551263096,0.22431068340896834
phoenix_ssp245_baseline_2020s_heatwave_extreme_2025,Phoenix,ssp245,baseline_2020s,heatwave_extreme,2025,0d0ddb81e56c9f74cbca1a5fc9816bf7122a7cad0dcb054c568812e458022920,perimeter_mid_zn_1,Middle P1,middle,207.34,21.330220306513407,0.14907589375329788,0.12607414518257512,0.023001748570722753,0.38842680748682457
phoenix_ssp245_baseline_2020s_heatwave_extreme_2025,Phoenix,ssp245,baseline_2020s,heatwave_extreme,2025,0d0ddb81e56c9f74cbca1a5fc9816bf7122a7cad0dcb054c568812e458022920,perimeter_mid_zn_4,Middle P4,middle,131.25,7.908285440613026,0.10824200397341344,0.08083871720962885,0.027403286763784583,0.23947153969559945
phoenix_ssp245_baseline_2020s_hot_2028,Phoenix,ssp245,baseline_2020s,hot,2028,8858cdf9ea6645c73236c6359087dcf2ca28966677852f3c0ba8e68a994bf92c,core_bottom,Core bottom,bottom,983.54,0.4489942528735632,0.08838434944328963,0.05757140331430819,0.030812946128981434,0.15710716194052934
phoenix_ssp245_baseline_2020s_hot_2028,Phoenix,ssp245,baseline_2020s,hot,2028,8858cdf9ea6645c73236c6359087dcf2ca28966677852f3c0ba8e68a994bf92c,core_mid,Core middle,middle,983.54,3.190852490421456,0.08930749488917315,0.05957295901450495,0.029734535874668205,0.16035403920840585
phoenix_ssp245_baseline_2020s_hot_2028,Phoenix,ssp245,baseline_2020s,hot,2028,8858cdf9ea6645c73236c6359087dcf2ca28966677852f3c0ba8e68a994bf92c,core_top,Core top,top,983.54,3.19683908045977,0.09017176429770746,0.05994510165621104,0.030226662641496423,0.15681003362380402
phoenix_ssp245_baseline_2020s_hot_2028,Phoenix,ssp245,baseline_2020s,hot,2028,8858cdf9ea6645c73236c6359087dcf2ca28966677852f3c0ba8e68a994bf92c,perimeter_top_zn_3,Top P3,top,207.34,7.6209291187739465,0.10261594054001023,0.07310477176542221,0.029511168774588023,0.19686716903819107
phoenix_ssp245_baseline_2020s_hot_2028,Phoenix,ssp245,baseline_2020s,hot,2028,8858cdf9ea6645c73236c6359087dcf2ca28966677852f3c0ba8e68a994bf92c,perimeter_top_zn_2,Top P2,top,131.26,7.040229885057471,0.10572077545624069,0.07830424245884704,0.02741653299739364,0.2378656692479586
phoenix_ssp245_baseline_2020s_hot_2028,Phoenix,ssp245,baseline_2020s,hot,2028,8858cdf9ea6645c73236c6359087dcf2ca28966677852f3c0ba8e68a994bf92c,perimeter_top_zn_1,Top P1,top,207.34,21.443965517241377,0.14698844951230078,0.12306179253661459,0.023926656975686193,0.37863330892392344
phoenix_ssp245_baseline_2020s_hot_2028,Phoenix,ssp245,baseline_2020s,hot,2028,8858cdf9ea6645c73236c6359087dcf2ca28966677852f3c0ba8e68a994bf92c,perimeter_top_zn_4,Top P4,top,131.25,8.105842911877396,0.11003580668067914,0.0819481845852679,0.02808762209541124,0.24271660355610386
phoenix_ssp245_baseline_2020s_hot_2028,Phoenix,ssp245,baseline_2020s,hot,2028,8858cdf9ea6645c73236c6359087dcf2ca28966677852f3c0ba8e68a994bf92c,perimeter_bot_zn_3,Bottom P3,bottom,207.34,5.783045977011494,0.09326667383793114,0.062012127334215426,0.03125454650371571,0.15096160163968056
phoenix_ssp245_baseline_2020s_hot_2028,Phoenix,ssp245,baseline_2020s,hot,2028,8858cdf9ea6645c73236c6359087dcf2ca28966677852f3c0ba8e68a994bf92c,perimeter_bot_zn_2,Bottom P2,bottom,131.26,6.9624042145593865,0.1034892881368714,0.07556828960940916,0.027920998527462236,0.23141963434771143
phoenix_ssp245_baseline_2020s_hot_2028,Phoenix,ssp245,baseline_2020s,hot,2028,8858cdf9ea6645c73236c6359087dcf2ca28966677852f3c0ba8e68a994bf92c,perimeter_bot_zn_1,Bottom P1,bottom,207.34,24.766522988505745,0.1624942493242203,0.14078210718186895,0.021712142142351343,0.449130773824611
phoenix_ssp245_baseline_2020s_hot_2028,Phoenix,ssp245,baseline_2020s,hot,2028,8858cdf9ea6645c73236c6359087dcf2ca28966677852f3c0ba8e68a994bf92c,perimeter_bot_zn_4,Bottom P4,bottom,131.25,6.016522988505748,0.10132751864355989,0.07308032191583755,0.028247196727722346,0.22389066648743053
phoenix_ssp245_baseline_2020s_hot_2028,Phoenix,ssp245,baseline_2020s,hot,2028,8858cdf9ea6645c73236c6359087dcf2ca28966677852f3c0ba8e68a994bf92c,perimeter_mid_zn_3,Middle P3,middle,207.34,8.057950191570882,0.10230759717546353,0.07379013177661325,0.028517465398850285,0.2105381233972335
phoenix_ssp245_baseline_2020s_hot_2028,Phoenix,ssp245,baseline_2020s,hot,2028,8858cdf9ea6645c73236c6359087dcf2ca28966677852f3c0ba8e68a994bf92c,perimeter_mid_zn_2,Middle P2,middle,131.26,5.926724137931035,0.10232004791881384,0.07492671404923741,0.02739333386957644,0.23058411178199809
phoenix_ssp245_baseline_2020s_hot_2028,Phoenix,ssp245,baseline_2020s,hot,2028,8858cdf9ea6645c73236c6359087dcf2ca28966677852f3c0ba8e68a994bf92c,perimeter_mid_zn_1,Middle P1,middle,207.34,24.233716475095786,0.15485299842980374,0.13173313592796987,0.023119862501833868,0.4089559696158237
phoenix_ssp245_baseline_2020s_hot_2028,Phoenix,ssp245,baseline_2020s,hot,2028,8858cdf9ea6645c73236c6359087dcf2ca28966677852f3c0ba8e68a994bf92c,perimeter_mid_zn_4,Middle P4,middle,131.25,7.112068965517242,0.1063946985910013,0.07869883499049601,0.02769586360050529,0.24075290458621726
phoenix_ssp245_baseline_2020s_typical_2026,Phoenix,ssp245,baseline_2020s,typical,2026,caff98e2da820bd4346dd96dddc9e29f4a10db0b6858ee6a0db1c01a0af1c012,core_bottom,Core bottom,bottom,983.54,0.1257183908045977,0.08734515178734543,0.0577069069993155,0.029638244788029938,0.16014302798765598
phoenix_ssp245_baseline_2020s_typical_2026,Phoenix,ssp245,baseline_2020s,typical,2026,caff98e2da820bd4346dd96dddc9e29f4a10db0b6858ee6a0db1c01a0af1c012,core_mid,Core middle,middle,983.54,2.813697318007663,0.08714966206938544,0.05777170827028643,0.029377953799099014,0.15547558215945598
phoenix_ssp245_baseline_2020s_typical_2026,Phoenix,ssp245,baseline_2020s,typical,2026,caff98e2da820bd4346dd96dddc9e29f4a10db0b6858ee6a0db1c01a0af1c012,core_top,Core top,top,983.54,2.65205938697318,0.08717231914810349,0.05751528450544572,0.02965703464265776,0.15187622187919492
phoenix_ssp245_baseline_2020s_typical_2026,Phoenix,ssp245,baseline_2020s,typical,2026,caff98e2da820bd4346dd96dddc9e29f4a10db0b6858ee6a0db1c01a0af1c012,perimeter_top_zn_3,Top P3,top,207.34,5.56154214559387,0.09630091015776761,0.06742675127541839,0.028874158882349215,0.18290989903351612
phoenix_ssp245_baseline_2020s_typical_2026,Phoenix,ssp245,baseline_2020s,typical,2026,caff98e2da820bd4346dd96dddc9e29f4a10db0b6858ee6a0db1c01a0af1c012,perimeter_top_zn_2,Top P2,top,131.26,6.148227969348659,0.10164622757114404,0.0749307212047814,0.026715506366362628,0.23143291257778692
phoenix_ssp245_baseline_2020s_typical_2026,Phoenix,ssp245,baseline_2020s,typical,2026,caff98e2da820bd4346dd96dddc9e29f4a10db0b6858ee6a0db1c01a0af1c012,perimeter_top_zn_1,Top P1,top,207.34,20.94109195402299,0.14432917985677043,0.12084999420842686,0.02347918564834357,0.373398523661632
phoenix_ssp245_baseline_2020s_typical_2026,Phoenix,ssp245,baseline_2020s,typical,2026,caff98e2da820bd4346dd96dddc9e29f4a10db0b6858ee6a0db1c01a0af1c012,perimeter_top_zn_4,Top P4,top,131.25,7.920258620689655,0.10748500257135975,0.08022478691117581,0.02726021566018393,0.24336056190968933
phoenix_ssp245_baseline_2020s_typical_2026,Phoenix,ssp245,baseline_2020s,typical,2026,caff98e2da820bd4346dd96dddc9e29f4a10db0b6858ee6a0db1c01a0af1c012,perimeter_bot_zn_3,Bottom P3,bottom,207.34,3.7176724137931036,0.08828597965687504,0.05721390144884991,0.03107207820802513,0.13761609060165036
phoenix_ssp245_baseline_2020s_typical_2026,Phoenix,ssp245,baseline_2020s,typical,2026,caff98e2da820bd4346dd96dddc9e29f4a10db0b6858ee6a0db1c01a0af1c012,perimeter_bot_zn_2,Bottom P2,bottom,131.26,5.441810344827586,0.0989647790668143,0.07179939124804129,0.027165387818773017,0.22353443643401932
phoenix_ssp245_baseline_2020s_typical_2026,Phoenix,ssp245,baseline_2020s,typical,2026,caff98e2da820bd4346dd96dddc9e29f4a10db0b6858ee6a0db1c01a0af1c012,perimeter_bot_zn_1,Bottom P1,bottom,207.34,23.886494252873565,0.15638213156337724,0.13478641733642038,0.02159571422695687,0.4328528083067758
phoenix_ssp245_baseline_2020s_typical_2026,Phoenix,ssp245,baseline_2020s,typical,2026,caff98e2da820bd4346dd96dddc9e29f4a10db0b6858ee6a0db1c01a0af1c012,perimeter_bot_zn_4,Bottom P4,bottom,131.25,4.765325670498084,0.09769116557915553,0.0704919060714939,0.027199259507661628,0.2217038549804098
phoenix_ssp245_baseline_2020s_typical_2026,Phoenix,ssp245,baseline_2020s,typical,2026,caff98e2da820bd4346dd96dddc9e29f4a10db0b6858ee6a0db1c01a0af1c012,perimeter_mid_zn_3,Middle P3,middle,207.34,5.956657088122606,0.09623624385175428,0.06821140767090955,0.028024836180844725,0.19538870411669562
phoenix_ssp245_baseline_2020s_typical_2026,Phoenix,ssp245,baseline_2020s,typical,2026,caff98e2da820bd4346dd96dddc9e29f4a10db0b6858ee6a0db1c01a0af1c012,perimeter_mid_zn_2,Middle P2,middle,131.26,5.142480842911877,0.09940704328943946,0.07282717406677913,0.026579869222660327,0.22799487867902418
phoenix_ssp245_baseline_2020s_typical_2026,Phoenix,ssp245,baseline_2020s,typical,2026,caff98e2da820bd4346dd96dddc9e29f4a10db0b6858ee6a0db1c01a0af1c012,perimeter_mid_zn_1,Middle P1,middle,207.34,23.425526819923373,0.15267423502417043,0.12971621233553107,0.02295802268863937,0.4027925354068739
phoenix_ssp245_baseline_2020s_typical_2026,Phoenix,ssp245,baseline_2020s,typical,2026,caff98e2da820bd4346dd96dddc9e29f4a10db0b6858ee6a0db1c01a0af1c012,perimeter_mid_zn_4,Middle P4,middle,131.25,6.974377394636015,0.10404040146913131,0.07731232472465256,0.026728076744478746,0.24159861105594208
phoenix_ssp245_late_2080s_heatwave_extreme_2086,Phoenix,ssp245,late_2080s,heatwave_extreme,2086,6744cc58750d2edf21cd83d41f785a37ea7e5149389e07c41a881c82dc413a90,core_bottom,Core bottom,bottom,983.54,2.544300766283525,0.09390016656985169,0.06091883127817124,0.03298133529168045,0.1540155676537819
phoenix_ssp245_late_2080s_heatwave_extreme_2086,Phoenix,ssp245,late_2080s,heatwave_extreme,2086,6744cc58750d2edf21cd83d41f785a37ea7e5149389e07c41a881c82dc413a90,core_mid,Core middle,middle,983.54,11.105124521072797,0.10828841372223132,0.07800423966953085,0.030284174052700473,0.2107361067787802
phoenix_ssp245_late_2080s_heatwave_extreme_2086,Phoenix,ssp245,late_2080s,heatwave_extreme,2086,6744cc58750d2edf21cd83d41f785a37ea7e5149389e07c41a881c82dc413a90,core_top,Core top,top,983.54,11.117097701149426,0.10903662536967897,0.07821311415778606,0.030823511211892904,0.20736717207826116
phoenix_ssp245_late_2080s_heatwave_extreme_2086,Phoenix,ssp245,late_2080s,heatwave_extreme,2086,6744cc58750d2edf21cd83d41f785a37ea7e5149389e07c41a881c82dc413a90,perimeter_top_zn_3,Top P3,top,207.34,18.69013409961686,0.13536706129922807,0.1065154892311724,0.02885157206805565,0.29448517697996096
phoenix_ssp245_late_2080s_heatwave_extreme_2086,Phoenix,ssp245,late_2080s,heatwave_extreme,2086,6744cc58750d2edf21cd83d41f785a37ea7e5149389e07c41a881c82dc413a90,perimeter_top_zn_2,Top P2,top,131.26,16.55890804597701,0.1335517838191684,0.10605818248742842,0.02749360133173998,0.31417752193175
phoenix_ssp245_late_2080s_heatwave_extreme_2086,Phoenix,ssp245,late_2080s,heatwave_extreme,2086,6744cc58750d2edf21cd83d41f785a37ea7e5149389e07c41a881c82dc413a90,perimeter_top_zn_1,Top P1,top,207.34,34.77610153256705,0.1888302996655208,0.16561376561120356,0.023216534054317263,0.5002588829174217
phoenix_ssp245_late_2080s_heatwave_extreme_2086,Phoenix,ssp245,late_2080s,heatwave_extreme,2086,6744cc58750d2edf21cd83d41f785a37ea7e5149389e07c41a881c82dc413a90,perimeter_top_zn_4,Top P4,top,131.25,14.224137931034484,0.13139967719932125,0.10253137838603016,0.028868298813291105,0.2954667542153611
phoenix_ssp245_late_2080s_heatwave_extreme_2086,Phoenix,ssp245,late_2080s,heatwave_extreme,2086,6744cc58750d2edf21cd83d41f785a37ea7e5149389e07c41a881c82dc413a90,perimeter_bot_zn_3,Bottom P3,bottom,207.34,15.960249042145595,0.12233348162221443,0.09171976919608883,0.030613712426125594,0.238484735199341
phoenix_ssp245_late_2080s_heatwave_extreme_2086,Phoenix,ssp245,late_2080s,heatwave_extreme,2086,6744cc58750d2edf21cd83d41f785a37ea7e5149389e07c41a881c82dc413a90,perimeter_bot_zn_2,Bottom P2,bottom,131.26,16.014128352490424,0.12943968821494367,0.10136784306416016,0.028071845150783512,0.30097683376803
phoenix_ssp245_late_2080s_heatwave_extreme_2086,Phoenix,ssp245,late_2080s,heatwave_extreme,2086,6744cc58750d2edf21cd83d41f785a37ea7e5149389e07c41a881c82dc413a90,perimeter_bot_zn_1,Bottom P1,bottom,207.34,39.565373563218394,0.21008394079092646,0.18985996440270875,0.02022397638821771,0.5924261023597381
phoenix_ssp245_late_2080s_heatwave_extreme_2086,Phoenix,ssp245,late_2080s,heatwave_extreme,2086,6744cc58750d2edf21cd83d41f785a37ea7e5149389e07c41a881c82dc413a90,perimeter_bot_zn_4,Bottom P4,bottom,131.25,12.434147509578544,0.1222208271893958,0.09343476069636618,0.02878606649302961,0.27376906313424
phoenix_ssp245_late_2080s_heatwave_extreme_2086,Phoenix,ssp245,late_2080s,heatwave_extreme,2086,6744cc58750d2edf21cd83d41f785a37ea7e5149389e07c41a881c82dc413a90,perimeter_mid_zn_3,Middle P3,middle,207.34,19.270833333333336,0.13554261646005353,0.10767610021169927,0.027866516248354244,0.30834599218488007
phoenix_ssp245_late_2080s_heatwave_extreme_2086,Phoenix,ssp245,late_2080s,heatwave_extreme,2086,6744cc58750d2edf21cd83d41f785a37ea7e5149389e07c41a881c82dc413a90,perimeter_mid_zn_2,Middle P2,middle,131.26,14.28999042145594,0.12599003571280773,0.09801790824777071,0.027972127465037022,0.29129908840120805
phoenix_ssp245_late_2080s_heatwave_extreme_2086,Phoenix,ssp245,late_2080s,heatwave_extreme,2086,6744cc58750d2edf21cd83d41f785a37ea7e5149389e07c41a881c82dc413a90,perimeter_mid_zn_1,Middle P1,middle,207.34,36.60799808429119,0.1958986410190358,0.17342081180192936,0.022477829217106452,0.5267180869704443
phoenix_ssp245_late_2080s_heatwave_extreme_2086,Phoenix,ssp245,late_2080s,heatwave_extreme,2086,6744cc58750d2edf21cd83d41f785a37ea7e5149389e07c41a881c82dc413a90,perimeter_mid_zn_4,Middle P4,middle,131.25,13.026819923371647,0.12695996833516804,0.09837254093273255,0.028587427402435493,0.2889276311068983
phoenix_ssp245_late_2080s_hot_2086,Phoenix,ssp245,late_2080s,hot,2086,6744cc58750d2edf21cd83d41f785a37ea7e5149389e07c41a881c82dc413a90,core_bottom,Core bottom,bottom,983.54,2.544300766283525,0.09390016656985169,0.06091883127817124,0.03298133529168045,0.1540155676537819
phoenix_ssp245_late_2080s_hot_2086,Phoenix,ssp245,late_2080s,hot,2086,6744cc58750d2edf21cd83d41f785a37ea7e5149389e07c41a881c82dc413a90,core_mid,Core middle,middle,983.54,11.105124521072797,0.10828841372223132,0.07800423966953085,0.030284174052700473,0.2107361067787802
phoenix_ssp245_late_2080s_hot_2086,Phoenix,ssp245,late_2080s,hot,2086,6744cc58750d2edf21cd83d41f785a37ea7e5149389e07c41a881c82dc413a90,core_top,Core top,top,983.54,11.117097701149426,0.10903662536967897,0.07821311415778606,0.030823511211892904,0.20736717207826116
phoenix_ssp245_late_2080s_hot_2086,Phoenix,ssp245,late_2080s,hot,2086,6744cc58750d2edf21cd83d41f785a37ea7e5149389e07c41a881c82dc413a90,perimeter_top_zn_3,Top P3,top,207.34,18.69013409961686,0.13536706129922807,0.1065154892311724,0.02885157206805565,0.29448517697996096
phoenix_ssp245_late_2080s_hot_2086,Phoenix,ssp245,late_2080s,hot,2086,6744cc58750d2edf21cd83d41f785a37ea7e5149389e07c41a881c82dc413a90,perimeter_top_zn_2,Top P2,top,131.26,16.55890804597701,0.1335517838191684,0.10605818248742842,0.02749360133173998,0.31417752193175
phoenix_ssp245_late_2080s_hot_2086,Phoenix,ssp245,late_2080s,hot,2086,6744cc58750d2edf21cd83d41f785a37ea7e5149389e07c41a881c82dc413a90,perimeter_top_zn_1,Top P1,top,207.34,34.77610153256705,0.1888302996655208,0.16561376561120356,0.023216534054317263,0.5002588829174217
phoenix_ssp245_late_2080s_hot_2086,Phoenix,ssp245,late_2080s,hot,2086,6744cc58750d2edf21cd83d41f785a37ea7e5149389e07c41a881c82dc413a90,perimeter_top_zn_4,Top P4,top,131.25,14.224137931034484,0.13139967719932125,0.10253137838603016,0.028868298813291105,0.2954667542153611
phoenix_ssp245_late_2080s_hot_2086,Phoenix,ssp245,late_2080s,hot,2086,6744cc58750d2edf21cd83d41f785a37ea7e5149389e07c41a881c82dc413a90,perimeter_bot_zn_3,Bottom P3,bottom,207.34,15.960249042145595,0.12233348162221443,0.09171976919608883,0.030613712426125594,0.238484735199341
phoenix_ssp245_late_2080s_hot_2086,Phoenix,ssp245,late_2080s,hot,2086,6744cc58750d2edf21cd83d41f785a37ea7e5149389e07c41a881c82dc413a90,perimeter_bot_zn_2,Bottom P2,bottom,131.26,16.014128352490424,0.12943968821494367,0.10136784306416016,0.028071845150783512,0.30097683376803
phoenix_ssp245_late_2080s_hot_2086,Phoenix,ssp245,late_2080s,hot,2086,6744cc58750d2edf21cd83d41f785a37ea7e5149389e07c41a881c82dc413a90,perimeter_bot_zn_1,Bottom P1,bottom,207.34,39.565373563218394,0.21008394079092646,0.18985996440270875,0.02022397638821771,0.5924261023597381
phoenix_ssp245_late_2080s_hot_2086,Phoenix,ssp245,late_2080s,hot,2086,6744cc58750d2edf21cd83d41f785a37ea7e5149389e07c41a881c82dc413a90,perimeter_bot_zn_4,Bottom P4,bottom,131.25,12.434147509578544,0.1222208271893958,0.09343476069636618,0.02878606649302961,0.27376906313424
phoenix_ssp245_late_2080s_hot_2086,Phoenix,ssp245,late_2080s,hot,2086,6744cc58750d2edf21cd83d41f785a37ea7e5149389e07c41a881c82dc413a90,perimeter_mid_zn_3,Middle P3,middle,207.34,19.270833333333336,0.13554261646005353,0.10767610021169927,0.027866516248354244,0.30834599218488007
phoenix_ssp245_late_2080s_hot_2086,Phoenix,ssp245,late_2080s,hot,2086,6744cc58750d2edf21cd83d41f785a37ea7e5149389e07c41a881c82dc413a90,perimeter_mid_zn_2,Middle P2,middle,131.26,14.28999042145594,0.12599003571280773,0.09801790824777071,0.027972127465037022,0.29129908840120805
phoenix_ssp245_late_2080s_hot_2086,Phoenix,ssp245,late_2080s,hot,2086,6744cc58750d2edf21cd83d41f785a37ea7e5149389e07c41a881c82dc413a90,perimeter_mid_zn_1,Middle P1,middle,207.34,36.60799808429119,0.1958986410190358,0.17342081180192936,0.022477829217106452,0.5267180869704443
phoenix_ssp245_late_2080s_hot_2086,Phoenix,ssp245,late_2080s,hot,2086,6744cc58750d2edf21cd83d41f785a37ea7e5149389e07c41a881c82dc413a90,perimeter_mid_zn_4,Middle P4,middle,131.25,13.026819923371647,0.12695996833516804,0.09837254093273255,0.028587427402435493,0.2889276311068983
phoenix_ssp245_late_2080s_typical_2081,Phoenix,ssp245,late_2080s,typical,2081,0fbefa867e9928c0bb1cc49fe72c0f4128fa48b989b19ec606cfda1c01f433a6,core_bottom,Core bottom,bottom,983.54,4.352250957854406,0.09618036331257862,0.06586280129378227,0.030317562018796335,0.17929669077014093
phoenix_ssp245_late_2080s_typical_2081,Phoenix,ssp245,late_2080s,typical,2081,0fbefa867e9928c0bb1cc49fe72c0f4128fa48b989b19ec606cfda1c01f433a6,core_mid,Core middle,middle,983.54,9.710249042145595,0.10507954689075276,0.07619243506895257,0.028887111821800194,0.20916198930576152
phoenix_ssp245_late_2080s_typical_2081,Phoenix,ssp245,late_2080s,typical,2081,0fbefa867e9928c0bb1cc49fe72c0f4128fa48b989b19ec606cfda1c01f433a6,core_top,Core top,top,983.54,9.494731800766283,0.1058111356035126,0.07648082201266965,0.029330313590842958,0.20366880983777125
phoenix_ssp245_late_2080s_typical_2081,Phoenix,ssp245,late_2080s,typical,2081,0fbefa867e9928c0bb1cc49fe72c0f4128fa48b989b19ec606cfda1c01f433a6,perimeter_top_zn_3,Top P3,top,207.34,15.15205938697318,0.12593355267906897,0.09731650721873657,0.028617045460332415,0.2592137308474277
phoenix_ssp245_late_2080s_typical_2081,Phoenix,ssp245,late_2080s,typical,2081,0fbefa867e9928c0bb1cc49fe72c0f4128fa48b989b19ec606cfda1c01f433a6,perimeter_top_zn_2,Top P2,top,131.26,13.338122605363983,0.12520027783416324,0.09830288035793755,0.026897397476225694,0.2905855402275042
phoenix_ssp245_late_2080s_typical_2081,Phoenix,ssp245,late_2080s,typical,2081,0fbefa867e9928c0bb1cc49fe72c0f4128fa48b989b19ec606cfda1c01f433a6,perimeter_top_zn_1,Top P1,top,207.34,26.16139846743295,0.1630880906453814,0.1398952658790194,0.023192824766362,0.4260938771176437
phoenix_ssp245_late_2080s_typical_2081,Phoenix,ssp245,late_2080s,typical,2081,0fbefa867e9928c0bb1cc49fe72c0f4128fa48b989b19ec606cfda1c01f433a6,perimeter_top_zn_4,Top P4,top,131.25,11.230842911877396,0.12301027289988088,0.09485858458069098,0.028151688319189905,0.27172233198019985
phoenix_ssp245_late_2080s_typical_2081,Phoenix,ssp245,late_2080s,typical,2081,0fbefa867e9928c0bb1cc49fe72c0f4128fa48b989b19ec606cfda1c01f433a6,perimeter_bot_zn_3,Bottom P3,bottom,207.34,12.55986590038314,0.11429770244582357,0.08370439473021521,0.030593307715608364,0.2061061136270573
phoenix_ssp245_late_2080s_typical_2081,Phoenix,ssp245,late_2080s,typical,2081,0fbefa867e9928c0bb1cc49fe72c0f4128fa48b989b19ec606cfda1c01f433a6,perimeter_bot_zn_2,Bottom P2,bottom,131.26,12.547892720306514,0.11993805578446161,0.09218454470909718,0.02775351107536442,0.2705167137266743
phoenix_ssp245_late_2080s_typical_2081,Phoenix,ssp245,late_2080s,typical,2081,0fbefa867e9928c0bb1cc49fe72c0f4128fa48b989b19ec606cfda1c01f433a6,perimeter_bot_zn_1,Bottom P1,bottom,207.34,31.255986590038315,0.18708090629254448,0.16608111621903202,0.020999790073512478,0.5177412032938171
phoenix_ssp245_late_2080s_typical_2081,Phoenix,ssp245,late_2080s,typical,2081,0fbefa867e9928c0bb1cc49fe72c0f4128fa48b989b19ec606cfda1c01f433a6,perimeter_bot_zn_4,Bottom P4,bottom,131.25,10.470545977011495,0.11591176439967173,0.08764126589283136,0.02827049850684036,0.2545898537572894
phoenix_ssp245_late_2080s_typical_2081,Phoenix,ssp245,late_2080s,typical,2081,0fbefa867e9928c0bb1cc49fe72c0f4128fa48b989b19ec606cfda1c01f433a6,perimeter_mid_zn_3,Middle P3,middle,207.34,15.367576628352491,0.1264022065923869,0.09869830697492546,0.02770389961746144,0.27326135930290496
phoenix_ssp245_late_2080s_typical_2081,Phoenix,ssp245,late_2080s,typical,2081,0fbefa867e9928c0bb1cc49fe72c0f4128fa48b989b19ec606cfda1c01f433a6,perimeter_mid_zn_2,Middle P2,middle,131.26,11.308668582375478,0.11922529955655553,0.09207980609583664,0.02714549346071888,0.2735661706625994
phoenix_ssp245_late_2080s_typical_2081,Phoenix,ssp245,late_2080s,typical,2081,0fbefa867e9928c0bb1cc49fe72c0f4128fa48b989b19ec606cfda1c01f433a6,perimeter_mid_zn_1,Middle P1,middle,207.34,29.0110153256705,0.1709392447713514,0.14855742073279782,0.022381824038553582,0.4559376638189294
phoenix_ssp245_late_2080s_typical_2081,Phoenix,ssp245,late_2080s,typical,2081,0fbefa867e9928c0bb1cc49fe72c0f4128fa48b989b19ec606cfda1c01f433a6,perimeter_mid_zn_4,Middle P4,middle,131.25,10.596264367816092,0.11974575558488698,0.09186703090749322,0.02787872467739376,0.26975821928388083
phoenix_ssp245_mid_2050s_heatwave_extreme_2051,Phoenix,ssp245,mid_2050s,heatwave_extreme,2051,be8dc0133e083cd8c1d24c56ba4db934a34890a8b37021ddfafebed6e4a1b58c,core_bottom,Core bottom,bottom,983.54,2.7418582375478926,0.09467291589070315,0.06489340133081418,0.02977951455988896,0.17646514186093853
phoenix_ssp245_mid_2050s_heatwave_extreme_2051,Phoenix,ssp245,mid_2050s,heatwave_extreme,2051,be8dc0133e083cd8c1d24c56ba4db934a34890a8b37021ddfafebed6e4a1b58c,core_mid,Core middle,middle,983.54,8.997844827586206,0.10478363203053617,0.07636367888382763,0.028419953146708553,0.20946161463331672
phoenix_ssp245_mid_2050s_heatwave_extreme_2051,Phoenix,ssp245,mid_2050s,heatwave_extreme,2051,be8dc0133e083cd8c1d24c56ba4db934a34890a8b37021ddfafebed6e4a1b58c,core_top,Core top,top,983.54,8.584770114942529,0.10455331778669172,0.0753420891214146,0.02921122866527711,0.19997840357877994
phoenix_ssp245_mid_2050s_heatwave_extreme_2051,Phoenix,ssp245,mid_2050s,heatwave_extreme,2051,be8dc0133e083cd8c1d24c56ba4db934a34890a8b37021ddfafebed6e4a1b58c,perimeter_top_zn_3,Top P3,top,207.34,14.373802681992338,0.12238330421724254,0.09404936156006373,0.02833394265717881,0.25284997593574005
phoenix_ssp245_mid_2050s_heatwave_extreme_2051,Phoenix,ssp245,mid_2050s,heatwave_extreme,2051,be8dc0133e083cd8c1d24c56ba4db934a34890a8b37021ddfafebed6e4a1b58c,perimeter_top_zn_2,Top P2,top,131.26,13.00287356321839,0.12295733011983412,0.09600004852923139,0.02695728159060274,0.28176372868694316
phoenix_ssp245_mid_2050s_heatwave_extreme_2051,Phoenix,ssp245,mid_2050s,heatwave_extreme,2051,be8dc0133e083cd8c1d24c56ba4db934a34890a8b37021ddfafebed6e4a1b58c,perimeter_top_zn_1,Top P1,top,207.34,25.059865900383144,0.16431098248050424,0.14150721602169958,0.022803766458804657,0.4279248620992695
phoenix_ssp245_mid_2050s_heatwave_extreme_2051,Phoenix,ssp245,mid_2050s,heatwave_extreme,2051,be8dc0133e083cd8c1d24c56ba4db934a34890a8b37021ddfafebed6e4a1b58c,perimeter_top_zn_4,Top P4,top,131.25,11.009339080459771,0.12149737252983106,0.09329682570685663,0.028200546822974425,0.2653218068255944
phoenix_ssp245_mid_2050s_heatwave_extreme_2051,Phoenix,ssp245,mid_2050s,heatwave_extreme,2051,be8dc0133e083cd8c1d24c56ba4db934a34890a8b37021ddfafebed6e4a1b58c,perimeter_bot_zn_3,Bottom P3,bottom,207.34,13.463840996168583,0.11496100665104238,0.08476060735878232,0.030200399292260052,0.21156729158345114
phoenix_ssp245_mid_2050s_heatwave_extreme_2051,Phoenix,ssp245,mid_2050s,heatwave_extreme,2051,be8dc0133e083cd8c1d24c56ba4db934a34890a8b37021ddfafebed6e4a1b58c,perimeter_bot_zn_2,Bottom P2,bottom,131.26,12.631704980842912,0.12084485096633656,0.09367288110494057,0.02717196986139598,0.27630893325728034
phoenix_ssp245_mid_2050s_heatwave_extreme_2051,Phoenix,ssp245,mid_2050s,heatwave_extreme,2051,be8dc0133e083cd8c1d24c56ba4db934a34890a8b37021ddfafebed6e4a1b58c,perimeter_bot_zn_1,Bottom P1,bottom,207.34,30.59147509578544,0.18716199759055388,0.16674151894437075,0.02042047864618315,0.5210141584872185
phoenix_ssp245_mid_2050s_heatwave_extreme_2051,Phoenix,ssp245,mid_2050s,heatwave_extreme,2051,be8dc0133e083cd8c1d24c56ba4db934a34890a8b37021ddfafebed6e4a1b58c,perimeter_bot_zn_4,Bottom P4,bottom,131.25,10.045498084291188,0.11522770750239782,0.08734462683943682,0.027883080662961003,0.25419007339175403
phoenix_ssp245_mid_2050s_heatwave_extreme_2051,Phoenix,ssp245,mid_2050s,heatwave_extreme,2051,be8dc0133e083cd8c1d24c56ba4db934a34890a8b37021ddfafebed6e4a1b58c,perimeter_mid_zn_3,Middle P3,middle,207.34,15.277777777777779,0.12335521165053832,0.09607017087911601,0.02728504077142231,0.2699787534518036
phoenix_ssp245_mid_2050s_heatwave_extreme_2051,Phoenix,ssp245,mid_2050s,heatwave_extreme,2051,be8dc0133e083cd8c1d24c56ba4db934a34890a8b37021ddfafebed6e4a1b58c,perimeter_mid_zn_2,Middle P2,middle,131.26,10.985392720306514,0.11710162573503273,0.09013716234248827,0.02696446339254445,0.2670276686172108
phoenix_ssp245_mid_2050s_heatwave_extreme_2051,Phoenix,ssp245,mid_2050s,heatwave_extreme,2051,be8dc0133e083cd8c1d24c56ba4db934a34890a8b37021ddfafebed6e4a1b58c,perimeter_mid_zn_1,Middle P1,middle,207.34,28.304597701149426,0.17292292870026282,0.15095473808452525,0.02196819061573757,0.4598506146133426
phoenix_ssp245_mid_2050s_heatwave_extreme_2051,Phoenix,ssp245,mid_2050s,heatwave_extreme,2051,be8dc0133e083cd8c1d24c56ba4db934a34890a8b37021ddfafebed6e4a1b58c,perimeter_mid_zn_4,Middle P4,middle,131.25,10.075431034482758,0.1180221206129363,0.09038837475637937,0.027633745856556913,0.26388564029453826
phoenix_ssp245_mid_2050s_hot_2058,Phoenix,ssp245,mid_2050s,hot,2058,c9010d03aa6182e68d33f78aa09802804f1d72a4b4dcadc7fd5cfc96dc58bab4,core_bottom,Core bottom,bottom,983.54,1.2511973180076628,0.09587678754653649,0.06436490761237691,0.03151187993415956,0.1768298136886271
phoenix_ssp245_mid_2050s_hot_2058,Phoenix,ssp245,mid_2050s,hot,2058,c9010d03aa6182e68d33f78aa09802804f1d72a4b4dcadc7fd5cfc96dc58bab4,core_mid,Core middle,middle,983.54,8.381226053639846,0.10541452711456548,0.07695501050675445,0.02845951660781103,0.22396018068757523
phoenix_ssp245_mid_2050s_hot_2058,Phoenix,ssp245,mid_2050s,hot,2058,c9010d03aa6182e68d33f78aa09802804f1d72a4b4dcadc7fd5cfc96dc58bab4,core_top,Core top,top,983.54,8.5727969348659,0.10736666894435322,0.07825388056784735,0.02911278837650588,0.2217004335652015
phoenix_ssp245_mid_2050s_hot_2058,Phoenix,ssp245,mid_2050s,hot,2058,c9010d03aa6182e68d33f78aa09802804f1d72a4b4dcadc7fd5cfc96dc58bab4,perimeter_top_zn_3,Top P3,top,207.34,17.708333333333336,0.13261400453632133,0.10519817457810915,0.027415829958212186,0.29989486585826486
phoenix_ssp245_mid_2050s_hot_2058,Phoenix,ssp245,mid_2050s,hot,2058,c9010d03aa6182e68d33f78aa09802804f1d72a4b4dcadc7fd5cfc96dc58bab4,perimeter_top_zn_2,Top P2,top,131.26,14.36182950191571,0.1307496476503339,0.10417302500899708,0.026576622641336825,0.31897966537153744
phoenix_ssp245_mid_2050s_hot_2058,Phoenix,ssp245,mid_2050s,hot,2058,c9010d03aa6182e68d33f78aa09802804f1d72a4b4dcadc7fd5cfc96dc58bab4,perimeter_top_zn_1,Top P1,top,207.34,28.78352490421456,0.17354076141480101,0.15085753171274954,0.022683229702051486,0.4658345944230781
phoenix_ssp245_mid_2050s_hot_2058,Phoenix,ssp245,mid_2050s,hot,2058,c9010d03aa6182e68d33f78aa09802804f1d72a4b4dcadc7fd5cfc96dc58bab4,perimeter_top_zn_4,Top P4,top,131.25,11.41044061302682,0.1275471681103673,0.09943789501841291,0.02810927309195437,0.2936149140952338
phoenix_ssp245_mid_2050s_hot_2058,Phoenix,ssp245,mid_2050s,hot,2058,c9010d03aa6182e68d33f78aa09802804f1d72a4b4dcadc7fd5cfc96dc58bab4,perimeter_bot_zn_3,Bottom P3,bottom,207.34,14.972461685823754,0.11799695767756414,0.08911509440157614,0.028881863275988,0.240974044236022
phoenix_ssp245_mid_2050s_hot_2058,Phoenix,ssp245,mid_2050s,hot,2058,c9010d03aa6182e68d33f78aa09802804f1d72a4b4dcadc7fd5cfc96dc58bab4,perimeter_bot_zn_2,Bottom P2,bottom,131.26,13.864942528735632,0.12637736554857154,0.09920631866387834,0.027171046884693215,0.302195640899625
phoenix_ssp245_mid_2050s_hot_2058,Phoenix,ssp245,mid_2050s,hot,2058,c9010d03aa6182e68d33f78aa09802804f1d72a4b4dcadc7fd5cfc96dc58bab4,perimeter_bot_zn_1,Bottom P1,bottom,207.34,33.37523946360153,0.19637692472670829,0.1763049926585607,0.02007193206814758,0.5551455292819709
phoenix_ssp245_mid_2050s_hot_2058,Phoenix,ssp245,mid_2050s,hot,2058,c9010d03aa6182e68d33f78aa09802804f1d72a4b4dcadc7fd5cfc96dc58bab4,perimeter_bot_zn_4,Bottom P4,bottom,131.25,10.566331417624522,0.1196487853810081,0.09145513071107207,0.02819365466993603,0.27432687433106034
phoenix_ssp245_mid_2050s_hot_2058,Phoenix,ssp245,mid_2050s,hot,2058,c9010d03aa6182e68d33f78aa09802804f1d72a4b4dcadc7fd5cfc96dc58bab4,perimeter_mid_zn_3,Middle P3,middle,207.34,18.330938697318008,0.13218353985981574,0.10573916689823275,0.026444372961582984,0.31219540616560254
phoenix_ssp245_mid_2050s_hot_2058,Phoenix,ssp245,mid_2050s,hot,2058,c9010d03aa6182e68d33f78aa09802804f1d72a4b4dcadc7fd5cfc96dc58bab4,perimeter_mid_zn_2,Middle P2,middle,131.26,11.793582375478927,0.12295968737727812,0.09587134709250551,0.027088340284772618,0.29357577034778815
phoenix_ssp245_mid_2050s_hot_2058,Phoenix,ssp245,mid_2050s,hot,2058,c9010d03aa6182e68d33f78aa09802804f1d72a4b4dcadc7fd5cfc96dc58bab4,perimeter_mid_zn_1,Middle P1,middle,207.34,30.597461685823756,0.18013606756964387,0.15827819726909814,0.02185787030054574,0.49278427431075694
phoenix_ssp245_mid_2050s_hot_2058,Phoenix,ssp245,mid_2050s,hot,2058,c9010d03aa6182e68d33f78aa09802804f1d72a4b4dcadc7fd5cfc96dc58bab4,perimeter_mid_zn_4,Middle P4,middle,131.25,10.428639846743296,0.12347247615358788,0.09549125229768764,0.027981223855900243,0.2878585542052146
phoenix_ssp245_mid_2050s_typical_2054,Phoenix,ssp245,mid_2050s,typical,2054,0af2fcca7500742402d81c2431842e213d2102d850590f7a81ec76d97c5c59f4,core_bottom,Core bottom,bottom,983.54,1.63433908045977,0.09369326928806432,0.06294527237920869,0.03074799690885564,0.17082890604169873
phoenix_ssp245_mid_2050s_typical_2054,Phoenix,ssp245,mid_2050s,typical,2054,0af2fcca7500742402d81c2431842e213d2102d850590f7a81ec76d97c5c59f4,core_mid,Core middle,middle,983.54,6.4415708812260535,0.09924985745838545,0.06977349517817236,0.02947636228021309,0.19136131145985966
phoenix_ssp245_mid_2050s_typical_2054,Phoenix,ssp245,mid_2050s,typical,2054,0af2fcca7500742402d81c2431842e213d2102d850590f7a81ec76d97c5c59f4,core_top,Core top,top,983.54,6.7828065134099615,0.10052066253112599,0.07064689989856282,0.029873762632563167,0.18884001166053643
phoenix_ssp245_mid_2050s_typical_2054,Phoenix,ssp245,mid_2050s,typical,2054,0af2fcca7500742402d81c2431842e213d2102d850590f7a81ec76d97c5c59f4,perimeter_top_zn_3,Top P3,top,207.34,12.38625478927203,0.117885686494429,0.08886908215261645,0.029016604341812552,0.24015387896142323
phoenix_ssp245_mid_2050s_typical_2054,Phoenix,ssp245,mid_2050s,typical,2054,0af2fcca7500742402d81c2431842e213d2102d850590f7a81ec76d97c5c59f4,perimeter_top_zn_2,Top P2,top,131.26,11.446360153256704,0.11798822895098648,0.09069284644923253,0.027295382501753947,0.2743996750046737
phoenix_ssp245_mid_2050s_typical_2054,Phoenix,ssp245,mid_2050s,typical,2054,0af2fcca7500742402d81c2431842e213d2102d850590f7a81ec76d97c5c59f4,perimeter_top_zn_1,Top P1,top,207.34,24.574952107279692,0.15848496062205494,0.1349387075001565,0.023546253121898453,0.41406080836560283
phoenix_ssp245_mid_2050s_typical_2054,Phoenix,ssp245,mid_2050s,typical,2054,0af2fcca7500742402d81c2431842e213d2102d850590f7a81ec76d97c5c59f4,perimeter_top_zn_4,Top P4,top,131.25,10.117337164750957,0.1184478042222059,0.09057327187561004,0.027874532346595864,0.26777786588978414
phoenix_ssp245_mid_2050s_typical_2054,Phoenix,ssp245,mid_2050s,typical,2054,0af2fcca7500742402d81c2431842e213d2102d850590f7a81ec76d97c5c59f4,perimeter_bot_zn_3,Bottom P3,bottom,207.34,9.871886973180075,0.10600426651331572,0.07539561427206379,0.03060865224125194,0.18828991301465522
phoenix_ssp245_mid_2050s_typical_2054,Phoenix,ssp245,mid_2050s,typical,2054,0af2fcca7500742402d81c2431842e213d2102d850590f7a81ec76d97c5c59f4,perimeter_bot_zn_2,Bottom P2,bottom,131.26,10.32088122605364,0.11379693220205321,0.08628665978959636,0.027510272412456842,0.26239205641016156
phoenix_ssp245_mid_2050s_typical_2054,Phoenix,ssp245,mid_2050s,typical,2054,0af2fcca7500742402d81c2431842e213d2102d850590f7a81ec76d97c5c59f4,perimeter_bot_zn_1,Bottom P1,bottom,207.34,28.765565134099617,0.17635107931247318,0.15516429373648122,0.021186785575991962,0.48968914990802026
phoenix_ssp245_mid_2050s_typical_2054,Phoenix,ssp245,mid_2050s,typical,2054,0af2fcca7500742402d81c2431842e213d2102d850590f7a81ec76d97c5c59f4,perimeter_bot_zn_4,Bottom P4,bottom,131.25,8.004070881226054,0.10912706831666555,0.08148362824813306,0.02764344006853249,0.24743338200120898
phoenix_ssp245_mid_2050s_typical_2054,Phoenix,ssp245,mid_2050s,typical,2054,0af2fcca7500742402d81c2431842e213d2102d850590f7a81ec76d97c5c59f4,perimeter_mid_zn_3,Middle P3,middle,207.34,12.230603448275861,0.11658677881061374,0.08836352093459929,0.028223257876014457,0.24906535452309495
phoenix_ssp245_mid_2050s_typical_2054,Phoenix,ssp245,mid_2050s,typical,2054,0af2fcca7500742402d81c2431842e213d2102d850590f7a81ec76d97c5c59f4,perimeter_mid_zn_2,Middle P2,middle,131.26,9.369013409961687,0.11275312623985179,0.08536839359631705,0.02738473264353474,0.26048423677052623
phoenix_ssp245_mid_2050s_typical_2054,Phoenix,ssp245,mid_2050s,typical,2054,0af2fcca7500742402d81c2431842e213d2102d850590f7a81ec76d97c5c59f4,perimeter_mid_zn_1,Middle P1,middle,207.34,27.592193486590038,0.16651454341338429,0.1436552798659389,0.02285926354744539,0.44176949547016026
phoenix_ssp245_mid_2050s_typical_2054,Phoenix,ssp245,mid_2050s,typical,2054,0af2fcca7500742402d81c2431842e213d2102d850590f7a81ec76d97c5c59f4,perimeter_mid_zn_4,Middle P4,middle,131.25,9.279214559386974,0.11476560983114323,0.08713397196706132,0.027631637864081893,0.2628880346688214
phoenix_ssp245_near_2030s_heatwave_extreme_2039,Phoenix,ssp245,near_2030s,heatwave_extreme,2039,e6d2cd6c870e122cd81b10c961364c010a953a3e9ea53dbeff88bf262460b6dc,core_bottom,Core bottom,bottom,983.54,0.6585249042145593,0.09253945812609508,0.06049671548811658,0.03204274263797851,0.15959506610376167
phoenix_ssp245_near_2030s_heatwave_extreme_2039,Phoenix,ssp245,near_2030s,heatwave_extreme,2039,e6d2cd6c870e122cd81b10c961364c010a953a3e9ea53dbeff88bf262460b6dc,core_mid,Core middle,middle,983.54,6.704980842911877,0.1009000889358622,0.0712954383685233,0.029604650567338905,0.19529071556810296
phoenix_ssp245_near_2030s_heatwave_extreme_2039,Phoenix,ssp245,near_2030s,heatwave_extreme,2039,e6d2cd6c870e122cd81b10c961364c010a953a3e9ea53dbeff88bf262460b6dc,core_top,Core top,top,983.54,7.2138409961685825,0.10314898879799841,0.0727844198111831,0.030364568986815322,0.19232116577826922
phoenix_ssp245_near_2030s_heatwave_extreme_2039,Phoenix,ssp245,near_2030s,heatwave_extreme,2039,e6d2cd6c870e122cd81b10c961364c010a953a3e9ea53dbeff88bf262460b6dc,perimeter_top_zn_3,Top P3,top,207.34,14.319923371647509,0.12443460441635269,0.09544132301059571,0.028993281405756983,0.2580906904766134
phoenix_ssp245_near_2030s_heatwave_extreme_2039,Phoenix,ssp245,near_2030s,heatwave_extreme,2039,e6d2cd6c870e122cd81b10c961364c010a953a3e9ea53dbeff88bf262460b6dc,perimeter_top_zn_2,Top P2,top,131.26,12.27250957854406,0.12380480278687354,0.09636578314078587,0.027439019646087682,0.2840421685027406
phoenix_ssp245_near_2030s_heatwave_extreme_2039,Phoenix,ssp245,near_2030s,heatwave_extreme,2039,e6d2cd6c870e122cd81b10c961364c010a953a3e9ea53dbeff88bf262460b6dc,perimeter_top_zn_1,Top P1,top,207.34,26.40086206896552,0.1650364999619774,0.14133594915586598,0.023700550806111394,0.4303785234151483
phoenix_ssp245_near_2030s_heatwave_extreme_2039,Phoenix,ssp245,near_2030s,heatwave_extreme,2039,e6d2cd6c870e122cd81b10c961364c010a953a3e9ea53dbeff88bf262460b6dc,perimeter_top_zn_4,Top P4,top,131.25,10.997365900383143,0.12395780785024318,0.09498455688126306,0.02897325096898012,0.27040253812118065
phoenix_ssp245_near_2030s_heatwave_extreme_2039,Phoenix,ssp245,near_2030s,heatwave_extreme,2039,e6d2cd6c870e122cd81b10c961364c010a953a3e9ea53dbeff88bf262460b6dc,perimeter_bot_zn_3,Bottom P3,bottom,207.34,11.272749042145595,0.11025996560953875,0.0794518414932866,0.03080812411625215,0.20104571269001453
phoenix_ssp245_near_2030s_heatwave_extreme_2039,Phoenix,ssp245,near_2030s,heatwave_extreme,2039,e6d2cd6c870e122cd81b10c961364c010a953a3e9ea53dbeff88bf262460b6dc,perimeter_bot_zn_2,Bottom P2,bottom,131.26,11.41044061302682,0.11894875461376646,0.09088820680586525,0.028060547807901206,0.26868377465363447
phoenix_ssp245_near_2030s_heatwave_extreme_2039,Phoenix,ssp245,near_2030s,heatwave_extreme,2039,e6d2cd6c870e122cd81b10c961364c010a953a3e9ea53dbeff88bf262460b6dc,perimeter_bot_zn_1,Bottom P1,bottom,207.34,31.160201149425287,0.18543371176427423,0.1644013079622706,0.02103240380200363,0.5173839448681131
phoenix_ssp245_near_2030s_heatwave_extreme_2039,Phoenix,ssp245,near_2030s,heatwave_extreme,2039,e6d2cd6c870e122cd81b10c961364c010a953a3e9ea53dbeff88bf262460b6dc,perimeter_bot_zn_4,Bottom P4,bottom,131.25,9.099616858237548,0.11413006573379737,0.08521538779520434,0.028914677938593036,0.2476478759557046
phoenix_ssp245_near_2030s_heatwave_extreme_2039,Phoenix,ssp245,near_2030s,heatwave_extreme,2039,e6d2cd6c870e122cd81b10c961364c010a953a3e9ea53dbeff88bf262460b6dc,perimeter_mid_zn_3,Middle P3,middle,207.34,14.744971264367814,0.12428034840131205,0.09640081788931074,0.027879530512001316,0.2723957009708272
phoenix_ssp245_near_2030s_heatwave_extreme_2039,Phoenix,ssp245,near_2030s,heatwave_extreme,2039,e6d2cd6c870e122cd81b10c961364c010a953a3e9ea53dbeff88bf262460b6dc,perimeter_mid_zn_2,Middle P2,middle,131.26,10.189176245210728,0.11727912969670874,0.08937857850495783,0.027900551191750906,0.2644748552089347
phoenix_ssp245_near_2030s_heatwave_extreme_2039,Phoenix,ssp245,near_2030s,heatwave_extreme,2039,e6d2cd6c870e122cd81b10c961364c010a953a3e9ea53dbeff88bf262460b6dc,perimeter_mid_zn_1,Middle P1,middle,207.34,28.981082375478927,0.17210192462322968,0.14926565135645162,0.02283627326677808,0.4573977374732268
phoenix_ssp245_near_2030s_heatwave_extreme_2039,Phoenix,ssp245,near_2030s,heatwave_extreme,2039,e6d2cd6c870e122cd81b10c961364c010a953a3e9ea53dbeff88bf262460b6dc,perimeter_mid_zn_4,Middle P4,middle,131.25,9.943726053639846,0.12007538679200441,0.09132167745921967,0.02875370933278475,0.2666443397284739
phoenix_ssp245_near_2030s_hot_2039,Phoenix,ssp245,near_2030s,hot,2039,e6d2cd6c870e122cd81b10c961364c010a953a3e9ea53dbeff88bf262460b6dc,core_bottom,Core bottom,bottom,983.54,0.6585249042145593,0.09253945812609508,0.06049671548811658,0.03204274263797851,0.15959506610376167
phoenix_ssp245_near_2030s_hot_2039,Phoenix,ssp245,near_2030s,hot,2039,e6d2cd6c870e122cd81b10c961364c010a953a3e9ea53dbeff88bf262460b6dc,core_mid,Core middle,middle,983.54,6.704980842911877,0.1009000889358622,0.0712954383685233,0.029604650567338905,0.19529071556810296
phoenix_ssp245_near_2030s_hot_2039,Phoenix,ssp245,near_2030s,hot,2039,e6d2cd6c870e122cd81b10c961364c010a953a3e9ea53dbeff88bf262460b6dc,core_top,Core top,top,983.54,7.2138409961685825,0.10314898879799841,0.0727844198111831,0.030364568986815322,0.19232116577826922
phoenix_ssp245_near_2030s_hot_2039,Phoenix,ssp245,near_2030s,hot,2039,e6d2cd6c870e122cd81b10c961364c010a953a3e9ea53dbeff88bf262460b6dc,perimeter_top_zn_3,Top P3,top,207.34,14.319923371647509,0.12443460441635269,0.09544132301059571,0.028993281405756983,0.2580906904766134
phoenix_ssp245_near_2030s_hot_2039,Phoenix,ssp245,near_2030s,hot,2039,e6d2cd6c870e122cd81b10c961364c010a953a3e9ea53dbeff88bf262460b6dc,perimeter_top_zn_2,Top P2,top,131.26,12.27250957854406,0.12380480278687354,0.09636578314078587,0.027439019646087682,0.2840421685027406
phoenix_ssp245_near_2030s_hot_2039,Phoenix,ssp245,near_2030s,hot,2039,e6d2cd6c870e122cd81b10c961364c010a953a3e9ea53dbeff88bf262460b6dc,perimeter_top_zn_1,Top P1,top,207.34,26.40086206896552,0.1650364999619774,0.14133594915586598,0.023700550806111394,0.4303785234151483
phoenix_ssp245_near_2030s_hot_2039,Phoenix,ssp245,near_2030s,hot,2039,e6d2cd6c870e122cd81b10c961364c010a953a3e9ea53dbeff88bf262460b6dc,perimeter_top_zn_4,Top P4,top,131.25,10.997365900383143,0.12395780785024318,0.09498455688126306,0.02897325096898012,0.27040253812118065
phoenix_ssp245_near_2030s_hot_2039,Phoenix,ssp245,near_2030s,hot,2039,e6d2cd6c870e122cd81b10c961364c010a953a3e9ea53dbeff88bf262460b6dc,perimeter_bot_zn_3,Bottom P3,bottom,207.34,11.272749042145595,0.11025996560953875,0.0794518414932866,0.03080812411625215,0.20104571269001453
phoenix_ssp245_near_2030s_hot_2039,Phoenix,ssp245,near_2030s,hot,2039,e6d2cd6c870e122cd81b10c961364c010a953a3e9ea53dbeff88bf262460b6dc,perimeter_bot_zn_2,Bottom P2,bottom,131.26,11.41044061302682,0.11894875461376646,0.09088820680586525,0.028060547807901206,0.26868377465363447
phoenix_ssp245_near_2030s_hot_2039,Phoenix,ssp245,near_2030s,hot,2039,e6d2cd6c870e122cd81b10c961364c010a953a3e9ea53dbeff88bf262460b6dc,perimeter_bot_zn_1,Bottom P1,bottom,207.34,31.160201149425287,0.18543371176427423,0.1644013079622706,0.02103240380200363,0.5173839448681131
phoenix_ssp245_near_2030s_hot_2039,Phoenix,ssp245,near_2030s,hot,2039,e6d2cd6c870e122cd81b10c961364c010a953a3e9ea53dbeff88bf262460b6dc,perimeter_bot_zn_4,Bottom P4,bottom,131.25,9.099616858237548,0.11413006573379737,0.08521538779520434,0.028914677938593036,0.2476478759557046
phoenix_ssp245_near_2030s_hot_2039,Phoenix,ssp245,near_2030s,hot,2039,e6d2cd6c870e122cd81b10c961364c010a953a3e9ea53dbeff88bf262460b6dc,perimeter_mid_zn_3,Middle P3,middle,207.34,14.744971264367814,0.12428034840131205,0.09640081788931074,0.027879530512001316,0.2723957009708272
phoenix_ssp245_near_2030s_hot_2039,Phoenix,ssp245,near_2030s,hot,2039,e6d2cd6c870e122cd81b10c961364c010a953a3e9ea53dbeff88bf262460b6dc,perimeter_mid_zn_2,Middle P2,middle,131.26,10.189176245210728,0.11727912969670874,0.08937857850495783,0.027900551191750906,0.2644748552089347
phoenix_ssp245_near_2030s_hot_2039,Phoenix,ssp245,near_2030s,hot,2039,e6d2cd6c870e122cd81b10c961364c010a953a3e9ea53dbeff88bf262460b6dc,perimeter_mid_zn_1,Middle P1,middle,207.34,28.981082375478927,0.17210192462322968,0.14926565135645162,0.02283627326677808,0.4573977374732268
phoenix_ssp245_near_2030s_hot_2039,Phoenix,ssp245,near_2030s,hot,2039,e6d2cd6c870e122cd81b10c961364c010a953a3e9ea53dbeff88bf262460b6dc,perimeter_mid_zn_4,Middle P4,middle,131.25,9.943726053639846,0.12007538679200441,0.09132167745921967,0.02875370933278475,0.2666443397284739
phoenix_ssp245_near_2030s_typical_2034,Phoenix,ssp245,near_2030s,typical,2034,99573b64473bcfa412e21129eca9e77153220b1b191f8f5172c204d83241638b,core_bottom,Core bottom,bottom,983.54,0.20953065134099616,0.0901761158467944,0.05938171822841099,0.030794397618383405,0.16012310907971825
phoenix_ssp245_near_2030s_typical_2034,Phoenix,ssp245,near_2030s,typical,2034,99573b64473bcfa412e21129eca9e77153220b1b191f8f5172c204d83241638b,core_mid,Core middle,middle,983.54,4.130747126436781,0.09265755500838303,0.06316975664409409,0.029487798364288945,0.1712028384686862
phoenix_ssp245_near_2030s_typical_2034,Phoenix,ssp245,near_2030s,typical,2034,99573b64473bcfa412e21129eca9e77153220b1b191f8f5172c204d83241638b,core_top,Core top,top,983.54,3.8134578544061304,0.09262446637017946,0.06249290301070425,0.030131563359475203,0.16557376230726187
phoenix_ssp245_near_2030s_typical_2034,Phoenix,ssp245,near_2030s,typical,2034,99573b64473bcfa412e21129eca9e77153220b1b191f8f5172c204d83241638b,perimeter_top_zn_3,Top P3,top,207.34,8.97389846743295,0.10658446315937908,0.07752730670324624,0.029057156456132834,0.21163400960641557
phoenix_ssp245_near_2030s_typical_2034,Phoenix,ssp245,near_2030s,typical,2034,99573b64473bcfa412e21129eca9e77153220b1b191f8f5172c204d83241638b,perimeter_top_zn_2,Top P2,top,131.26,8.399185823754788,0.10979163973692357,0.08297148317562941,0.02682015656129416,0.25308808282501905
phoenix_ssp245_near_2030s_typical_2034,Phoenix,ssp245,near_2030s,typical,2034,99573b64473bcfa412e21129eca9e77153220b1b191f8f5172c204d83241638b,perimeter_top_zn_1,Top P1,top,207.34,23.976293103448278,0.15697541175102053,0.13341224965058673,0.023563162100433785,0.4071683334133393
phoenix_ssp245_near_2030s_typical_2034,Phoenix,ssp245,near_2030s,typical,2034,99573b64473bcfa412e21129eca9e77153220b1b191f8f5172c204d83241638b,perimeter_top_zn_4,Top P4,top,131.25,9.66235632183908,0.11573278860400218,0.0877944743857314,0.027938314218270786,0.2591321242118687
phoenix_ssp245_near_2030s_typical_2034,Phoenix,ssp245,near_2030s,typical,2034,99573b64473bcfa412e21129eca9e77153220b1b191f8f5172c204d83241638b,perimeter_bot_zn_3,Bottom P3,bottom,207.34,6.483477011494252,0.09724327780758396,0.06654537284712868,0.03069790496045529,0.16659235630452207
phoenix_ssp245_near_2030s_typical_2034,Phoenix,ssp245,near_2030s,typical,2034,99573b64473bcfa412e21129eca9e77153220b1b191f8f5172c204d83241638b,perimeter_bot_zn_2,Bottom P2,bottom,131.26,8.135775862068966,0.10773137509918743,0.08038325137961647,0.02734812371957096,0.24598081609158612
phoenix_ssp245_near_2030s_typical_2034,Phoenix,ssp245,near_2030s,typical,2034,99573b64473bcfa412e21129eca9e77153220b1b191f8f5172c204d83241638b,perimeter_bot_zn_1,Bottom P1,bottom,207.34,28.07112068965517,0.17343788124405757,0.1523229981152835,0.021114883128774083,0.4807476141805546
phoenix_ssp245_near_2030s_typical_2034,Phoenix,ssp245,near_2030s,typical,2034,99573b64473bcfa412e21129eca9e77153220b1b191f8f5172c204d83241638b,perimeter_bot_zn_4,Bottom P4,bottom,131.25,6.932471264367816,0.10522048228569293,0.07755808700744725,0.027662395278245686,0.2363169972334572
phoenix_ssp245_near_2030s_typical_2034,Phoenix,ssp245,near_2030s,typical,2034,99573b64473bcfa412e21129eca9e77153220b1b191f8f5172c204d83241638b,perimeter_mid_zn_3,Middle P3,middle,207.34,9.315134099616857,0.10686842795082063,0.07880879553985849,0.02805963241096213,0.22498992800559428
phoenix_ssp245_near_2030s_typical_2034,Phoenix,ssp245,near_2030s,typical,2034,99573b64473bcfa412e21129eca9e77153220b1b191f8f5172c204d83241638b,perimeter_mid_zn_2,Middle P2,middle,131.26,7.26772030651341,0.10632302013836198,0.07929762262690204,0.027025397511459937,0.24360307293202127
phoenix_ssp245_near_2030s_typical_2034,Phoenix,ssp245,near_2030s,typical,2034,99573b64473bcfa412e21129eca9e77153220b1b191f8f5172c204d83241638b,perimeter_mid_zn_1,Middle P1,middle,207.34,26.49664750957854,0.16477865235041136,0.14198290340966363,0.022795748940747724,0.4359022326624893
phoenix_ssp245_near_2030s_typical_2034,Phoenix,ssp245,near_2030s,typical,2034,99573b64473bcfa412e21129eca9e77153220b1b191f8f5172c204d83241638b,perimeter_mid_zn_4,Middle P4,middle,131.25,8.6147030651341,0.11210128333022255,0.08454989018759483,0.02755139314262772,0.25532511848790085
phoenix_ssp585_baseline_2020s_heatwave_extreme_2025,Phoenix,ssp585,baseline_2020s,heatwave_extreme,2025,68d7edcc2b44bec60cbfaa2089a0e0221290e80ed42adb39e8ec44e721974099,core_bottom,Core bottom,bottom,983.54,1.1314655172413792,0.09146296428610454,0.06011529915944461,0.03134766512665993,0.15700241711745938
phoenix_ssp585_baseline_2020s_heatwave_extreme_2025,Phoenix,ssp585,baseline_2020s,heatwave_extreme,2025,68d7edcc2b44bec60cbfaa2089a0e0221290e80ed42adb39e8ec44e721974099,core_mid,Core middle,middle,983.54,6.351772030651341,0.09768669607570052,0.06836256579293243,0.02932413028276809,0.18414502819164796
phoenix_ssp585_baseline_2020s_heatwave_extreme_2025,Phoenix,ssp585,baseline_2020s,heatwave_extreme,2025,68d7edcc2b44bec60cbfaa2089a0e0221290e80ed42adb39e8ec44e721974099,core_top,Core top,top,983.54,6.519396551724138,0.09899158374876073,0.06875473688834059,0.030236846860420132,0.1772798924909671
phoenix_ssp585_baseline_2020s_heatwave_extreme_2025,Phoenix,ssp585,baseline_2020s,heatwave_extreme,2025,68d7edcc2b44bec60cbfaa2089a0e0221290e80ed42adb39e8ec44e721974099,perimeter_top_zn_3,Top P3,top,207.34,11.745689655172415,0.11678801642323156,0.08732270982674674,0.02946530659648481,0.22987003666525502
phoenix_ssp585_baseline_2020s_heatwave_extreme_2025,Phoenix,ssp585,baseline_2020s,heatwave_extreme,2025,68d7edcc2b44bec60cbfaa2089a0e0221290e80ed42adb39e8ec44e721974099,perimeter_top_zn_2,Top P2,top,131.26,11.063218390804598,0.11744637566561361,0.08992081380011452,0.0275255618654991,0.2622734453100708
phoenix_ssp585_baseline_2020s_heatwave_extreme_2025,Phoenix,ssp585,baseline_2020s,heatwave_extreme,2025,68d7edcc2b44bec60cbfaa2089a0e0221290e80ed42adb39e8ec44e721974099,perimeter_top_zn_1,Top P1,top,207.34,22.593390804597703,0.15284529483937448,0.12861093100391408,0.024234363835460418,0.39164210597145227
phoenix_ssp585_baseline_2020s_heatwave_extreme_2025,Phoenix,ssp585,baseline_2020s,heatwave_extreme,2025,68d7edcc2b44bec60cbfaa2089a0e0221290e80ed42adb39e8ec44e721974099,perimeter_top_zn_4,Top P4,top,131.25,10.991379310344827,0.11961317367368789,0.09065317936650641,0.028959994307181474,0.2544191972617836
phoenix_ssp585_baseline_2020s_heatwave_extreme_2025,Phoenix,ssp585,baseline_2020s,heatwave_extreme,2025,68d7edcc2b44bec60cbfaa2089a0e0221290e80ed42adb39e8ec44e721974099,perimeter_bot_zn_3,Bottom P3,bottom,207.34,9.093630268199233,0.10405555727420611,0.07272071488189576,0.03133484239231035,0.1740067280033793
phoenix_ssp585_baseline_2020s_heatwave_extreme_2025,Phoenix,ssp585,baseline_2020s,heatwave_extreme,2025,68d7edcc2b44bec60cbfaa2089a0e0221290e80ed42adb39e8ec44e721974099,perimeter_bot_zn_2,Bottom P2,bottom,131.26,10.267001915708812,0.11376908615679947,0.08558402902141599,0.028185057135383485,0.24990927681766864
phoenix_ssp585_baseline_2020s_heatwave_extreme_2025,Phoenix,ssp585,baseline_2020s,heatwave_extreme,2025,68d7edcc2b44bec60cbfaa2089a0e0221290e80ed42adb39e8ec44e721974099,perimeter_bot_zn_1,Bottom P1,bottom,207.34,28.633860153256705,0.1740292384488611,0.15266086029110054,0.021368378157760538,0.48104777028083323
phoenix_ssp585_baseline_2020s_heatwave_extreme_2025,Phoenix,ssp585,baseline_2020s,heatwave_extreme,2025,68d7edcc2b44bec60cbfaa2089a0e0221290e80ed42adb39e8ec44e721974099,perimeter_bot_zn_4,Bottom P4,bottom,131.25,8.447078544061302,0.10993525195437012,0.08097453406172041,0.02896071789264971,0.23147565608676018
phoenix_ssp585_baseline_2020s_heatwave_extreme_2025,Phoenix,ssp585,baseline_2020s,heatwave_extreme,2025,68d7edcc2b44bec60cbfaa2089a0e0221290e80ed42adb39e8ec44e721974099,perimeter_mid_zn_3,Middle P3,middle,207.34,12.182710727969347,0.11669631767765719,0.08859197236541784,0.02810434531223935,0.24620934623522178
phoenix_ssp585_baseline_2020s_heatwave_extreme_2025,Phoenix,ssp585,baseline_2020s,heatwave_extreme,2025,68d7edcc2b44bec60cbfaa2089a0e0221290e80ed42adb39e8ec44e721974099,perimeter_mid_zn_2,Middle P2,middle,131.26,9.446839080459771,0.11197320502912914,0.08442681453595967,0.02754639049316946,0.24861735880876956
phoenix_ssp585_baseline_2020s_heatwave_extreme_2025,Phoenix,ssp585,baseline_2020s,heatwave_extreme,2025,68d7edcc2b44bec60cbfaa2089a0e0221290e80ed42adb39e8ec44e721974099,perimeter_mid_zn_1,Middle P1,middle,207.34,25.981800766283524,0.1603671790719676,0.13703877520118574,0.023328403870781868,0.4210800262823153
phoenix_ssp585_baseline_2020s_heatwave_extreme_2025,Phoenix,ssp585,baseline_2020s,heatwave_extreme,2025,68d7edcc2b44bec60cbfaa2089a0e0221290e80ed42adb39e8ec44e721974099,perimeter_mid_zn_4,Middle P4,middle,131.25,9.925766283524904,0.11603948068426745,0.08747469832292415,0.028564782361343296,0.25200607926305435
phoenix_ssp585_baseline_2020s_hot_2025,Phoenix,ssp585,baseline_2020s,hot,2025,68d7edcc2b44bec60cbfaa2089a0e0221290e80ed42adb39e8ec44e721974099,core_bottom,Core bottom,bottom,983.54,1.1314655172413792,0.09146296428610454,0.06011529915944461,0.03134766512665993,0.15700241711745938
phoenix_ssp585_baseline_2020s_hot_2025,Phoenix,ssp585,baseline_2020s,hot,2025,68d7edcc2b44bec60cbfaa2089a0e0221290e80ed42adb39e8ec44e721974099,core_mid,Core middle,middle,983.54,6.351772030651341,0.09768669607570052,0.06836256579293243,0.02932413028276809,0.18414502819164796
phoenix_ssp585_baseline_2020s_hot_2025,Phoenix,ssp585,baseline_2020s,hot,2025,68d7edcc2b44bec60cbfaa2089a0e0221290e80ed42adb39e8ec44e721974099,core_top,Core top,top,983.54,6.519396551724138,0.09899158374876073,0.06875473688834059,0.030236846860420132,0.1772798924909671
phoenix_ssp585_baseline_2020s_hot_2025,Phoenix,ssp585,baseline_2020s,hot,2025,68d7edcc2b44bec60cbfaa2089a0e0221290e80ed42adb39e8ec44e721974099,perimeter_top_zn_3,Top P3,top,207.34,11.745689655172415,0.11678801642323156,0.08732270982674674,0.02946530659648481,0.22987003666525502
phoenix_ssp585_baseline_2020s_hot_2025,Phoenix,ssp585,baseline_2020s,hot,2025,68d7edcc2b44bec60cbfaa2089a0e0221290e80ed42adb39e8ec44e721974099,perimeter_top_zn_2,Top P2,top,131.26,11.063218390804598,0.11744637566561361,0.08992081380011452,0.0275255618654991,0.2622734453100708
phoenix_ssp585_baseline_2020s_hot_2025,Phoenix,ssp585,baseline_2020s,hot,2025,68d7edcc2b44bec60cbfaa2089a0e0221290e80ed42adb39e8ec44e721974099,perimeter_top_zn_1,Top P1,top,207.34,22.593390804597703,0.15284529483937448,0.12861093100391408,0.024234363835460418,0.39164210597145227
phoenix_ssp585_baseline_2020s_hot_2025,Phoenix,ssp585,baseline_2020s,hot,2025,68d7edcc2b44bec60cbfaa2089a0e0221290e80ed42adb39e8ec44e721974099,perimeter_top_zn_4,Top P4,top,131.25,10.991379310344827,0.11961317367368789,0.09065317936650641,0.028959994307181474,0.2544191972617836
phoenix_ssp585_baseline_2020s_hot_2025,Phoenix,ssp585,baseline_2020s,hot,2025,68d7edcc2b44bec60cbfaa2089a0e0221290e80ed42adb39e8ec44e721974099,perimeter_bot_zn_3,Bottom P3,bottom,207.34,9.093630268199233,0.10405555727420611,0.07272071488189576,0.03133484239231035,0.1740067280033793
phoenix_ssp585_baseline_2020s_hot_2025,Phoenix,ssp585,baseline_2020s,hot,2025,68d7edcc2b44bec60cbfaa2089a0e0221290e80ed42adb39e8ec44e721974099,perimeter_bot_zn_2,Bottom P2,bottom,131.26,10.267001915708812,0.11376908615679947,0.08558402902141599,0.028185057135383485,0.24990927681766864
phoenix_ssp585_baseline_2020s_hot_2025,Phoenix,ssp585,baseline_2020s,hot,2025,68d7edcc2b44bec60cbfaa2089a0e0221290e80ed42adb39e8ec44e721974099,perimeter_bot_zn_1,Bottom P1,bottom,207.34,28.633860153256705,0.1740292384488611,0.15266086029110054,0.021368378157760538,0.48104777028083323
phoenix_ssp585_baseline_2020s_hot_2025,Phoenix,ssp585,baseline_2020s,hot,2025,68d7edcc2b44bec60cbfaa2089a0e0221290e80ed42adb39e8ec44e721974099,perimeter_bot_zn_4,Bottom P4,bottom,131.25,8.447078544061302,0.10993525195437012,0.08097453406172041,0.02896071789264971,0.23147565608676018
phoenix_ssp585_baseline_2020s_hot_2025,Phoenix,ssp585,baseline_2020s,hot,2025,68d7edcc2b44bec60cbfaa2089a0e0221290e80ed42adb39e8ec44e721974099,perimeter_mid_zn_3,Middle P3,middle,207.34,12.182710727969347,0.11669631767765719,0.08859197236541784,0.02810434531223935,0.24620934623522178
phoenix_ssp585_baseline_2020s_hot_2025,Phoenix,ssp585,baseline_2020s,hot,2025,68d7edcc2b44bec60cbfaa2089a0e0221290e80ed42adb39e8ec44e721974099,perimeter_mid_zn_2,Middle P2,middle,131.26,9.446839080459771,0.11197320502912914,0.08442681453595967,0.02754639049316946,0.24861735880876956
phoenix_ssp585_baseline_2020s_hot_2025,Phoenix,ssp585,baseline_2020s,hot,2025,68d7edcc2b44bec60cbfaa2089a0e0221290e80ed42adb39e8ec44e721974099,perimeter_mid_zn_1,Middle P1,middle,207.34,25.981800766283524,0.1603671790719676,0.13703877520118574,0.023328403870781868,0.4210800262823153
phoenix_ssp585_baseline_2020s_hot_2025,Phoenix,ssp585,baseline_2020s,hot,2025,68d7edcc2b44bec60cbfaa2089a0e0221290e80ed42adb39e8ec44e721974099,perimeter_mid_zn_4,Middle P4,middle,131.25,9.925766283524904,0.11603948068426745,0.08747469832292415,0.028564782361343296,0.25200607926305435
phoenix_ssp585_baseline_2020s_typical_2029,Phoenix,ssp585,baseline_2020s,typical,2029,9930595e7b5a2779e36842ddfb438c0b2644f2bb185b73fcddc0d63faf936230,core_bottom,Core bottom,bottom,983.54,0.7962164750957854,0.08964182751523544,0.06034739390677965,0.029294433608455798,0.16296202227980952
phoenix_ssp585_baseline_2020s_typical_2029,Phoenix,ssp585,baseline_2020s,typical,2029,9930595e7b5a2779e36842ddfb438c0b2644f2bb185b73fcddc0d63faf936230,core_mid,Core middle,middle,983.54,5.759099616858237,0.09553484262325855,0.06691988794907162,0.028614954674186923,0.18338829098096077
phoenix_ssp585_baseline_2020s_typical_2029,Phoenix,ssp585,baseline_2020s,typical,2029,9930595e7b5a2779e36842ddfb438c0b2644f2bb185b73fcddc0d63faf936230,core_top,Core top,top,983.54,5.741139846743295,0.09637622539411708,0.06731984259308026,0.02905638280103683,0.17759818392923268
phoenix_ssp585_baseline_2020s_typical_2029,Phoenix,ssp585,baseline_2020s,typical,2029,9930595e7b5a2779e36842ddfb438c0b2644f2bb185b73fcddc0d63faf936230,perimeter_top_zn_3,Top P3,top,207.34,11.536159003831417,0.11199612323186045,0.08339386428534624,0.028602258946514202,0.2209980872996165
phoenix_ssp585_baseline_2020s_typical_2029,Phoenix,ssp585,baseline_2020s,typical,2029,9930595e7b5a2779e36842ddfb438c0b2644f2bb185b73fcddc0d63faf936230,perimeter_top_zn_2,Top P2,top,131.26,10.171216475095786,0.11367808016691373,0.08738041569787021,0.026297664469043535,0.26165370619958533
phoenix_ssp585_baseline_2020s_typical_2029,Phoenix,ssp585,baseline_2020s,typical,2029,9930595e7b5a2779e36842ddfb438c0b2644f2bb185b73fcddc0d63faf936230,perimeter_top_zn_1,Top P1,top,207.34,24.790469348659002,0.15527833395186685,0.13231311637235377,0.0229652175795131,0.4036502426647622
phoenix_ssp585_baseline_2020s_typical_2029,Phoenix,ssp585,baseline_2020s,typical,2029,9930595e7b5a2779e36842ddfb438c0b2644f2bb185b73fcddc0d63faf936230,perimeter_top_zn_4,Top P4,top,131.25,9.859913793103448,0.11550721388602458,0.08832110833132219,0.027186105554702404,0.25635024595441813
phoenix_ssp585_baseline_2020s_typical_2029,Phoenix,ssp585,baseline_2020s,typical,2029,9930595e7b5a2779e36842ddfb438c0b2644f2bb185b73fcddc0d63faf936230,perimeter_bot_zn_3,Bottom P3,bottom,207.34,8.512931034482758,0.10199306389618883,0.07113256612813798,0.03086049776805085,0.16982429144253847
phoenix_ssp585_baseline_2020s_typical_2029,Phoenix,ssp585,baseline_2020s,typical,2029,9930595e7b5a2779e36842ddfb438c0b2644f2bb185b73fcddc0d63faf936230,perimeter_bot_zn_2,Bottom P2,bottom,131.26,9.572557471264368,0.11030542599511481,0.08377483818043109,0.026530587814683725,0.2519409208909118
phoenix_ssp585_baseline_2020s_typical_2029,Phoenix,ssp585,baseline_2020s,typical,2029,9930595e7b5a2779e36842ddfb438c0b2644f2bb185b73fcddc0d63faf936230,perimeter_bot_zn_1,Bottom P1,bottom,207.34,27.981321839080458,0.17169946519715062,0.15104918676644602,0.02065027843070461,0.47716392877831754
phoenix_ssp585_baseline_2020s_typical_2029,Phoenix,ssp585,baseline_2020s,typical,2029,9930595e7b5a2779e36842ddfb438c0b2644f2bb185b73fcddc0d63faf936230,perimeter_bot_zn_4,Bottom P4,bottom,131.25,7.477250957854406,0.10644315866993984,0.07948297340025005,0.02696018526968979,0.23875741451617102
phoenix_ssp585_baseline_2020s_typical_2029,Phoenix,ssp585,baseline_2020s,typical,2029,9930595e7b5a2779e36842ddfb438c0b2644f2bb185b73fcddc0d63faf936230,perimeter_mid_zn_3,Middle P3,middle,207.34,11.85344827586207,0.11269300449031557,0.08515597928387436,0.027537025206441204,0.2369594170616848
phoenix_ssp585_baseline_2020s_typical_2029,Phoenix,ssp585,baseline_2020s,typical,2029,9930595e7b5a2779e36842ddfb438c0b2644f2bb185b73fcddc0d63faf936230,perimeter_mid_zn_2,Middle P2,middle,131.26,8.512931034482758,0.10931358665725889,0.08304479339992328,0.02626879325733561,0.25178319028789337
phoenix_ssp585_baseline_2020s_typical_2029,Phoenix,ssp585,baseline_2020s,typical,2029,9930595e7b5a2779e36842ddfb438c0b2644f2bb185b73fcddc0d63faf936230,perimeter_mid_zn_1,Middle P1,middle,207.34,27.78975095785441,0.16413327617040477,0.14199191513037535,0.022141361040029416,0.4345455692914227
phoenix_ssp585_baseline_2020s_typical_2029,Phoenix,ssp585,baseline_2020s,typical,2029,9930595e7b5a2779e36842ddfb438c0b2644f2bb185b73fcddc0d63faf936230,perimeter_mid_zn_4,Middle P4,middle,131.25,8.800287356321839,0.11212642819344015,0.08552741114753994,0.02659901704590021,0.2561963322517426
phoenix_ssp585_late_2080s_heatwave_extreme_2085,Phoenix,ssp585,late_2080s,heatwave_extreme,2085,026041473fc7f9b78d895b89c8aaf33f4feedac65d166d31c546ff3c757ee8dd,core_bottom,Core bottom,bottom,983.54,10.775862068965516,0.11509149978240645,0.08257732048631383,0.03251417929609261,0.21725442560994634
phoenix_ssp585_late_2080s_heatwave_extreme_2085,Phoenix,ssp585,late_2080s,heatwave_extreme,2085,026041473fc7f9b78d895b89c8aaf33f4feedac65d166d31c546ff3c757ee8dd,core_mid,Core middle,middle,983.54,20.647749042145595,0.13812974291071986,0.10880579615513156,0.029323946755588293,0.29791653760693637
phoenix_ssp585_late_2080s_heatwave_extreme_2085,Phoenix,ssp585,late_2080s,heatwave_extreme,2085,026041473fc7f9b78d895b89c8aaf33f4feedac65d166d31c546ff3c757ee8dd,core_top,Core top,top,983.54,21.294300766283524,0.14140404900823075,0.1114616104812224,0.029942438527008373,0.29812236397827174
phoenix_ssp585_late_2080s_heatwave_extreme_2085,Phoenix,ssp585,late_2080s,heatwave_extreme,2085,026041473fc7f9b78d895b89c8aaf33f4feedac65d166d31c546ff3c757ee8dd,perimeter_top_zn_3,Top P3,top,207.34,27.72389846743295,0.17281661830069794,0.14498341017541203,0.027833208125285912,0.39638198982281214
phoenix_ssp585_late_2080s_heatwave_extreme_2085,Phoenix,ssp585,late_2080s,heatwave_extreme,2085,026041473fc7f9b78d895b89c8aaf33f4feedac65d166d31c546ff3c757ee8dd,perimeter_top_zn_2,Top P2,top,131.26,24.62883141762452,0.16816930458984664,0.14103046273449132,0.027138841855355318,0.4041220736394059
phoenix_ssp585_late_2080s_heatwave_extreme_2085,Phoenix,ssp585,late_2080s,heatwave_extreme,2085,026041473fc7f9b78d895b89c8aaf33f4feedac65d166d31c546ff3c757ee8dd,perimeter_top_zn_1,Top P1,top,207.34,38.457854406130274,0.21030445519295166,0.18750976032810063,0.022794694864851025,0.5566954517792732
phoenix_ssp585_late_2080s_heatwave_extreme_2085,Phoenix,ssp585,late_2080s,heatwave_extreme,2085,026041473fc7f9b78d895b89c8aaf33f4feedac65d166d31c546ff3c757ee8dd,perimeter_top_zn_4,Top P4,top,131.25,19.23491379310345,0.15383610584008953,0.12493626590181674,0.02889983993827279,0.35041399144153385
phoenix_ssp585_late_2080s_heatwave_extreme_2085,Phoenix,ssp585,late_2080s,heatwave_extreme,2085,026041473fc7f9b78d895b89c8aaf33f4feedac65d166d31c546ff3c757ee8dd,perimeter_bot_zn_3,Bottom P3,bottom,207.34,25.65852490421456,0.154511755354541,0.12484437621968453,0.029667379134856484,0.3277944482166198
phoenix_ssp585_late_2080s_heatwave_extreme_2085,Phoenix,ssp585,late_2080s,heatwave_extreme,2085,026041473fc7f9b78d895b89c8aaf33f4feedac65d166d31c546ff3c757ee8dd,perimeter_bot_zn_2,Bottom P2,bottom,131.26,24.119971264367816,0.1581492016155475,0.13010557049788826,0.028043631117659246,0.37174470843938934
phoenix_ssp585_late_2080s_heatwave_extreme_2085,Phoenix,ssp585,late_2080s,heatwave_extreme,2085,026041473fc7f9b78d895b89c8aaf33f4feedac65d166d31c546ff3c757ee8dd,perimeter_bot_zn_1,Bottom P1,bottom,207.34,42.88194444444444,0.23796905148188405,0.21828678907880958,0.01968226240307447,0.6682435952691765
phoenix_ssp585_late_2080s_heatwave_extreme_2085,Phoenix,ssp585,late_2080s,heatwave_extreme,2085,026041473fc7f9b78d895b89c8aaf33f4feedac65d166d31c546ff3c757ee8dd,perimeter_bot_zn_4,Bottom P4,bottom,131.25,20.162835249042146,0.1475268657247687,0.11845300469200272,0.029073861032765973,0.3339129377765729
phoenix_ssp585_late_2080s_heatwave_extreme_2085,Phoenix,ssp585,late_2080s,heatwave_extreme,2085,026041473fc7f9b78d895b89c8aaf33f4feedac65d166d31c546ff3c757ee8dd,perimeter_mid_zn_3,Middle P3,middle,207.34,28.508141762452105,0.17171731229689027,0.14462644491400223,0.027090867382888052,0.4042935040763335
phoenix_ssp585_late_2080s_heatwave_extreme_2085,Phoenix,ssp585,late_2080s,heatwave_extreme,2085,026041473fc7f9b78d895b89c8aaf33f4feedac65d166d31c546ff3c757ee8dd,perimeter_mid_zn_2,Middle P2,middle,131.26,22.21623563218391,0.15638618750161054,0.12860004301634537,0.027786144485265164,0.3687784776899598
phoenix_ssp585_late_2080s_heatwave_extreme_2085,Phoenix,ssp585,late_2080s,heatwave_extreme,2085,026041473fc7f9b78d895b89c8aaf33f4feedac65d166d31c546ff3c757ee8dd,perimeter_mid_zn_1,Middle P1,middle,207.34,41.044061302681996,0.21711741182039024,0.19507436962135652,0.02204304219903373,0.582286100383767
phoenix_ssp585_late_2080s_heatwave_extreme_2085,Phoenix,ssp585,late_2080s,heatwave_extreme,2085,026041473fc7f9b78d895b89c8aaf33f4feedac65d166d31c546ff3c757ee8dd,perimeter_mid_zn_4,Middle P4,middle,131.25,18.887691570881227,0.14998617644908604,0.12122774750184512,0.02875842894724092,0.3439492331680294
phoenix_ssp585_late_2080s_hot_2089,Phoenix,ssp585,late_2080s,hot,2089,029bb088f6e6182948f1209f1955a32e9cf3644aa9d495003d33e6e5cf65d5e8,core_bottom,Core bottom,bottom,983.54,16.07998084291188,0.12477276070117932,0.09521106015218438,0.029561700548994947,0.2686607795123522
phoenix_ssp585_late_2080s_hot_2089,Phoenix,ssp585,late_2080s,hot,2089,029bb088f6e6182948f1209f1955a32e9cf3644aa9d495003d33e6e5cf65d5e8,core_mid,Core middle,middle,983.54,25.736350574712645,0.15154984156676454,0.12495990933672439,0.026589932230040157,0.35377915064186516
phoenix_ssp585_late_2080s_hot_2089,Phoenix,ssp585,late_2080s,hot,2089,029bb088f6e6182948f1209f1955a32e9cf3644aa9d495003d33e6e5cf65d5e8,core_top,Core top,top,983.54,26.155411877394634,0.1546141781432424,0.12764975536967918,0.026964422773563243,0.3557510866144325
phoenix_ssp585_late_2080s_hot_2089,Phoenix,ssp585,late_2080s,hot,2089,029bb088f6e6182948f1209f1955a32e9cf3644aa9d495003d33e6e5cf65d5e8,perimeter_top_zn_3,Top P3,top,207.34,30.91475095785441,0.18944486550345535,0.16356121510513916,0.025883650398316194,0.4520300742874438
phoenix_ssp585_late_2080s_hot_2089,Phoenix,ssp585,late_2080s,hot,2089,029bb088f6e6182948f1209f1955a32e9cf3644aa9d495003d33e6e5cf65d5e8,perimeter_top_zn_2,Top P2,top,131.26,28.675766283524908,0.18664142716422258,0.16151926451525694,0.025122162648965628,0.4625396242950119
phoenix_ssp585_late_2080s_hot_2089,Phoenix,ssp585,late_2080s,hot,2089,029bb088f6e6182948f1209f1955a32e9cf3644aa9d495003d33e6e5cf65d5e8,perimeter_top_zn_1,Top P1,top,207.34,40.93630268199234,0.22450056213184044,0.20331313418368524,0.021187427948155195,0.6083878609532086
phoenix_ssp585_late_2080s_hot_2089,Phoenix,ssp585,late_2080s,hot,2089,029bb088f6e6182948f1209f1955a32e9cf3644aa9d495003d33e6e5cf65d5e8,perimeter_top_zn_4,Top P4,top,131.25,22.38984674329502,0.16374045914912744,0.1367082190187492,0.027032240130378256,0.3903940288951707
phoenix_ssp585_late_2080s_hot_2089,Phoenix,ssp585,late_2080s,hot,2089,029bb088f6e6182948f1209f1955a32e9cf3644aa9d495003d33e6e5cf65d5e8,perimeter_bot_zn_3,Bottom P3,bottom,207.34,29.07088122605364,0.1712380889513666,0.1434273116006333,0.027810777350733305,0.3836375547339078
phoenix_ssp585_late_2080s_hot_2089,Phoenix,ssp585,late_2080s,hot,2089,029bb088f6e6182948f1209f1955a32e9cf3644aa9d495003d33e6e5cf65d5e8,perimeter_bot_zn_2,Bottom P2,bottom,131.26,27.93941570881226,0.17434229667959075,0.14833946474555745,0.026002831934033303,0.42550477152836735
phoenix_ssp585_late_2080s_hot_2089,Phoenix,ssp585,late_2080s,hot,2089,029bb088f6e6182948f1209f1955a32e9cf3644aa9d495003d33e6e5cf65d5e8,perimeter_bot_zn_1,Bottom P1,bottom,207.34,44.576149425287355,0.25376449674937157,0.2351035669735803,0.018660929775791254,0.7182730028009326
phoenix_ssp585_late_2080s_hot_2089,Phoenix,ssp585,late_2080s,hot,2089,029bb088f6e6182948f1209f1955a32e9cf3644aa9d495003d33e6e5cf65d5e8,perimeter_bot_zn_4,Bottom P4,bottom,131.25,24.161877394636015,0.16115225491487403,0.1341570438822719,0.026995211032602152,0.3840716705784509
phoenix_ssp585_late_2080s_hot_2089,Phoenix,ssp585,late_2080s,hot,2089,029bb088f6e6182948f1209f1955a32e9cf3644aa9d495003d33e6e5cf65d5e8,perimeter_mid_zn_3,Middle P3,middle,207.34,31.148227969348657,0.1880003036382115,0.16286158131248624,0.025138722325725258,0.4597693524851121
phoenix_ssp585_late_2080s_hot_2089,Phoenix,ssp585,late_2080s,hot,2089,029bb088f6e6182948f1209f1955a32e9cf3644aa9d495003d33e6e5cf65d5e8,perimeter_mid_zn_2,Middle P2,middle,131.26,26.209291187739463,0.1724853445201257,0.14685398082918366,0.025631363690942054,0.4245100639422033
phoenix_ssp585_late_2080s_hot_2089,Phoenix,ssp585,late_2080s,hot,2089,029bb088f6e6182948f1209f1955a32e9cf3644aa9d495003d33e6e5cf65d5e8,perimeter_mid_zn_1,Middle P1,middle,207.34,43.917624521072796,0.2312035662051625,0.21082637120788503,0.020377194997277474,0.6330060428404559
phoenix_ssp585_late_2080s_hot_2089,Phoenix,ssp585,late_2080s,hot,2089,029bb088f6e6182948f1209f1955a32e9cf3644aa9d495003d33e6e5cf65d5e8,perimeter_mid_zn_4,Middle P4,middle,131.25,22.168342911877396,0.16072252505813825,0.13405225751994015,0.02667026753819809,0.3867045836866542
phoenix_ssp585_late_2080s_typical_2081,Phoenix,ssp585,late_2080s,typical,2081,81ac0048ad2f5de4a2dbb2cae8f7eb472df825f61e01ea02deaae83f80b5ed94,core_bottom,Core bottom,bottom,983.54,9.889846743295019,0.10815779925554846,0.07652666160040196,0.0316311376551465,0.21031938458056273
phoenix_ssp585_late_2080s_typical_2081,Phoenix,ssp585,late_2080s,typical,2081,81ac0048ad2f5de4a2dbb2cae8f7eb472df825f61e01ea02deaae83f80b5ed94,core_mid,Core middle,middle,983.54,20.02514367816092,0.1284972148392884,0.10005084121594442,0.028446373623343974,0.283656718513916
phoenix_ssp585_late_2080s_typical_2081,Phoenix,ssp585,late_2080s,typical,2081,81ac0048ad2f5de4a2dbb2cae8f7eb472df825f61e01ea02deaae83f80b5ed94,core_top,Core top,top,983.54,19.414511494252874,0.1293946751071814,0.10072842651985495,0.028666248587326443,0.28159204879004596
phoenix_ssp585_late_2080s_typical_2081,Phoenix,ssp585,late_2080s,typical,2081,81ac0048ad2f5de4a2dbb2cae8f7eb472df825f61e01ea02deaae83f80b5ed94,perimeter_top_zn_3,Top P3,top,207.34,26.191331417624518,0.15733639897004592,0.1304476829799886,0.026888715990057318,0.37046966858756025
phoenix_ssp585_late_2080s_typical_2081,Phoenix,ssp585,late_2080s,typical,2081,81ac0048ad2f5de4a2dbb2cae8f7eb472df825f61e01ea02deaae83f80b5ed94,perimeter_top_zn_2,Top P2,top,131.26,22.497605363984675,0.1539332658287366,0.1275311936265847,0.026402072202151895,0.38066058926457763
phoenix_ssp585_late_2080s_typical_2081,Phoenix,ssp585,late_2080s,typical,2081,81ac0048ad2f5de4a2dbb2cae8f7eb472df825f61e01ea02deaae83f80b5ed94,perimeter_top_zn_1,Top P1,top,207.34,39.21815134099617,0.20789011078666458,0.18572098426511904,0.02216912652154554,0.5583032502973537
phoenix_ssp585_late_2080s_typical_2081,Phoenix,ssp585,late_2080s,typical,2081,81ac0048ad2f5de4a2dbb2cae8f7eb472df825f61e01ea02deaae83f80b5ed94,perimeter_top_zn_4,Top P4,top,131.25,16.564894636015325,0.14119219386925771,0.11328789393448313,0.027904299934774567,0.3323013128528793
phoenix_ssp585_late_2080s_typical_2081,Phoenix,ssp585,late_2080s,typical,2081,81ac0048ad2f5de4a2dbb2cae8f7eb472df825f61e01ea02deaae83f80b5ed94,perimeter_bot_zn_3,Bottom P3,bottom,207.34,24.060105363984675,0.14209953792455038,0.11328118616788446,0.028818351756665927,0.30850098415059984
phoenix_ssp585_late_2080s_typical_2081,Phoenix,ssp585,late_2080s,typical,2081,81ac0048ad2f5de4a2dbb2cae8f7eb472df825f61e01ea02deaae83f80b5ed94,perimeter_bot_zn_2,Bottom P2,bottom,131.26,21.16259578544061,0.1443037211958159,0.11694221680416766,0.027361504391648216,0.3492232574938505
phoenix_ssp585_late_2080s_typical_2081,Phoenix,ssp585,late_2080s,typical,2081,81ac0048ad2f5de4a2dbb2cae8f7eb472df825f61e01ea02deaae83f80b5ed94,perimeter_bot_zn_1,Bottom P1,bottom,207.34,44.612068965517246,0.23928996930877908,0.21971886971732602,0.019571099591453048,0.6770048091408063
phoenix_ssp585_late_2080s_typical_2081,Phoenix,ssp585,late_2080s,typical,2081,81ac0048ad2f5de4a2dbb2cae8f7eb472df825f61e01ea02deaae83f80b5ed94,perimeter_bot_zn_4,Bottom P4,bottom,131.25,17.379070881226053,0.1356215957400877,0.10773863558878478,0.027882960151302916,0.31814596540670265
phoenix_ssp585_late_2080s_typical_2081,Phoenix,ssp585,late_2080s,typical,2081,81ac0048ad2f5de4a2dbb2cae8f7eb472df825f61e01ea02deaae83f80b5ed94,perimeter_mid_zn_3,Middle P3,middle,207.34,26.478687739463602,0.15717409240244207,0.1306803320434504,0.026493760358991696,0.3789686151383774
phoenix_ssp585_late_2080s_typical_2081,Phoenix,ssp585,late_2080s,typical,2081,81ac0048ad2f5de4a2dbb2cae8f7eb472df825f61e01ea02deaae83f80b5ed94,perimeter_mid_zn_2,Middle P2,middle,131.26,19.749760536398465,0.14345043867784812,0.11639747014154378,0.027052968536304345,0.34799481514161457
phoenix_ssp585_late_2080s_typical_2081,Phoenix,ssp585,late_2080s,typical,2081,81ac0048ad2f5de4a2dbb2cae8f7eb472df825f61e01ea02deaae83f80b5ed94,perimeter_mid_zn_1,Middle P1,middle,207.34,41.564894636015325,0.2141281115785752,0.1926076271097529,0.02152048446882228,0.582732802965351
phoenix_ssp585_late_2080s_typical_2081,Phoenix,ssp585,late_2080s,typical,2081,81ac0048ad2f5de4a2dbb2cae8f7eb472df825f61e01ea02deaae83f80b5ed94,perimeter_mid_zn_4,Middle P4,middle,131.25,16.19971264367816,0.1377012111435928,0.10994238084504628,0.02775883029854653,0.3263664865346598
phoenix_ssp585_mid_2050s_heatwave_extreme_2057,Phoenix,ssp585,mid_2050s,heatwave_extreme,2057,08f215412b8c4e4d8c55e6db29f5a8e755f9abb21feaaa6bdec3564cf53d8cdb,core_bottom,Core bottom,bottom,983.54,1.9157088122605364,0.09444172072397827,0.060994289526673504,0.03344743119730477,0.1504057816935004
phoenix_ssp585_mid_2050s_heatwave_extreme_2057,Phoenix,ssp585,mid_2050s,heatwave_extreme,2057,08f215412b8c4e4d8c55e6db29f5a8e755f9abb21feaaa6bdec3564cf53d8cdb,core_mid,Core middle,middle,983.54,9.309147509578544,0.10478791312694369,0.07420737039855586,0.030580542728387825,0.19638480546399398
phoenix_ssp585_mid_2050s_heatwave_extreme_2057,Phoenix,ssp585,mid_2050s,heatwave_extreme,2057,08f215412b8c4e4d8c55e6db29f5a8e755f9abb21feaaa6bdec3564cf53d8cdb,core_top,Core top,top,983.54,9.207375478927203,0.10477262060631867,0.07333214033665572,0.03144048026966295,0.18910635519179164
phoenix_ssp585_mid_2050s_heatwave_extreme_2057,Phoenix,ssp585,mid_2050s,heatwave_extreme,2057,08f215412b8c4e4d8c55e6db29f5a8e755f9abb21feaaa6bdec3564cf53d8cdb,perimeter_top_zn_3,Top P3,top,207.34,15.481321839080458,0.12522557919294242,0.09588935898121365,0.02933622021172878,0.260369023165639
phoenix_ssp585_mid_2050s_heatwave_extreme_2057,Phoenix,ssp585,mid_2050s,heatwave_extreme,2057,08f215412b8c4e4d8c55e6db29f5a8e755f9abb21feaaa6bdec3564cf53d8cdb,perimeter_top_zn_2,Top P2,top,131.26,13.685344827586206,0.12469415272590452,0.09664593004455194,0.028048222681352583,0.28268279962459386
phoenix_ssp585_mid_2050s_heatwave_extreme_2057,Phoenix,ssp585,mid_2050s,heatwave_extreme,2057,08f215412b8c4e4d8c55e6db29f5a8e755f9abb21feaaa6bdec3564cf53d8cdb,perimeter_top_zn_1,Top P1,top,207.34,29.01700191570881,0.17182224979244465,0.1469896487426459,0.024832601049798765,0.441878764021411
phoenix_ssp585_mid_2050s_heatwave_extreme_2057,Phoenix,ssp585,mid_2050s,heatwave_extreme,2057,08f215412b8c4e4d8c55e6db29f5a8e755f9abb21feaaa6bdec3564cf53d8cdb,perimeter_top_zn_4,Top P4,top,131.25,11.943247126436782,0.12533829140535313,0.09566148351107401,0.02967680789427912,0.26978926322279895
phoenix_ssp585_mid_2050s_heatwave_extreme_2057,Phoenix,ssp585,mid_2050s,heatwave_extreme,2057,08f215412b8c4e4d8c55e6db29f5a8e755f9abb21feaaa6bdec3564cf53d8cdb,perimeter_bot_zn_3,Bottom P3,bottom,207.34,13.637452107279694,0.11466926707540705,0.08316032349997757,0.03150894357542948,0.20625119620012658
phoenix_ssp585_mid_2050s_heatwave_extreme_2057,Phoenix,ssp585,mid_2050s,heatwave_extreme,2057,08f215412b8c4e4d8c55e6db29f5a8e755f9abb21feaaa6bdec3564cf53d8cdb,perimeter_bot_zn_2,Bottom P2,bottom,131.26,13.673371647509578,0.12163261555268114,0.09304171246135254,0.028590903091328588,0.2724934489385298
phoenix_ssp585_mid_2050s_heatwave_extreme_2057,Phoenix,ssp585,mid_2050s,heatwave_extreme,2057,08f215412b8c4e4d8c55e6db29f5a8e755f9abb21feaaa6bdec3564cf53d8cdb,perimeter_bot_zn_1,Bottom P1,bottom,207.34,34.91977969348659,0.19746979860129157,0.17583810724490867,0.021631691356382904,0.5455256332363599
phoenix_ssp585_mid_2050s_heatwave_extreme_2057,Phoenix,ssp585,mid_2050s,heatwave_extreme,2057,08f215412b8c4e4d8c55e6db29f5a8e755f9abb21feaaa6bdec3564cf53d8cdb,perimeter_bot_zn_4,Bottom P4,bottom,131.25,10.698036398467432,0.11705820724133424,0.08750125146513338,0.029556955776200874,0.24954099348511935
phoenix_ssp585_mid_2050s_heatwave_extreme_2057,Phoenix,ssp585,mid_2050s,heatwave_extreme,2057,08f215412b8c4e4d8c55e6db29f5a8e755f9abb21feaaa6bdec3564cf53d8cdb,perimeter_mid_zn_3,Middle P3,middle,207.34,16.020114942528735,0.12584742504932575,0.09769921075022811,0.028148214299097623,0.2758561061985559
phoenix_ssp585_mid_2050s_heatwave_extreme_2057,Phoenix,ssp585,mid_2050s,heatwave_extreme,2057,08f215412b8c4e4d8c55e6db29f5a8e755f9abb21feaaa6bdec3564cf53d8cdb,perimeter_mid_zn_2,Middle P2,middle,131.26,11.793582375478927,0.11879796577959914,0.0901269330151363,0.028671032764462836,0.2634019114445377
phoenix_ssp585_mid_2050s_heatwave_extreme_2057,Phoenix,ssp585,mid_2050s,heatwave_extreme,2057,08f215412b8c4e4d8c55e6db29f5a8e755f9abb21feaaa6bdec3564cf53d8cdb,perimeter_mid_zn_1,Middle P1,middle,207.34,31.501436781609193,0.17954202730166707,0.15552566320534128,0.024016364096325796,0.4704993285213704
phoenix_ssp585_mid_2050s_heatwave_extreme_2057,Phoenix,ssp585,mid_2050s,heatwave_extreme,2057,08f215412b8c4e4d8c55e6db29f5a8e755f9abb21feaaa6bdec3564cf53d8cdb,perimeter_mid_zn_4,Middle P4,middle,131.25,11.16499042145594,0.12174336095398813,0.09227192981236203,0.029471431141626113,0.2646048949491003
phoenix_ssp585_mid_2050s_hot_2057,Phoenix,ssp585,mid_2050s,hot,2057,08f215412b8c4e4d8c55e6db29f5a8e755f9abb21feaaa6bdec3564cf53d8cdb,core_bottom,Core bottom,bottom,983.54,1.9157088122605364,0.09444172072397827,0.060994289526673504,0.03344743119730477,0.1504057816935004
phoenix_ssp585_mid_2050s_hot_2057,Phoenix,ssp585,mid_2050s,hot,2057,08f215412b8c4e4d8c55e6db29f5a8e755f9abb21feaaa6bdec3564cf53d8cdb,core_mid,Core middle,middle,983.54,9.309147509578544,0.10478791312694369,0.07420737039855586,0.030580542728387825,0.19638480546399398
phoenix_ssp585_mid_2050s_hot_2057,Phoenix,ssp585,mid_2050s,hot,2057,08f215412b8c4e4d8c55e6db29f5a8e755f9abb21feaaa6bdec3564cf53d8cdb,core_top,Core top,top,983.54,9.207375478927203,0.10477262060631867,0.07333214033665572,0.03144048026966295,0.18910635519179164
phoenix_ssp585_mid_2050s_hot_2057,Phoenix,ssp585,mid_2050s,hot,2057,08f215412b8c4e4d8c55e6db29f5a8e755f9abb21feaaa6bdec3564cf53d8cdb,perimeter_top_zn_3,Top P3,top,207.34,15.481321839080458,0.12522557919294242,0.09588935898121365,0.02933622021172878,0.260369023165639
phoenix_ssp585_mid_2050s_hot_2057,Phoenix,ssp585,mid_2050s,hot,2057,08f215412b8c4e4d8c55e6db29f5a8e755f9abb21feaaa6bdec3564cf53d8cdb,perimeter_top_zn_2,Top P2,top,131.26,13.685344827586206,0.12469415272590452,0.09664593004455194,0.028048222681352583,0.28268279962459386
phoenix_ssp585_mid_2050s_hot_2057,Phoenix,ssp585,mid_2050s,hot,2057,08f215412b8c4e4d8c55e6db29f5a8e755f9abb21feaaa6bdec3564cf53d8cdb,perimeter_top_zn_1,Top P1,top,207.34,29.01700191570881,0.17182224979244465,0.1469896487426459,0.024832601049798765,0.441878764021411
phoenix_ssp585_mid_2050s_hot_2057,Phoenix,ssp585,mid_2050s,hot,2057,08f215412b8c4e4d8c55e6db29f5a8e755f9abb21feaaa6bdec3564cf53d8cdb,perimeter_top_zn_4,Top P4,top,131.25,11.943247126436782,0.12533829140535313,0.09566148351107401,0.02967680789427912,0.26978926322279895
phoenix_ssp585_mid_2050s_hot_2057,Phoenix,ssp585,mid_2050s,hot,2057,08f215412b8c4e4d8c55e6db29f5a8e755f9abb21feaaa6bdec3564cf53d8cdb,perimeter_bot_zn_3,Bottom P3,bottom,207.34,13.637452107279694,0.11466926707540705,0.08316032349997757,0.03150894357542948,0.20625119620012658
phoenix_ssp585_mid_2050s_hot_2057,Phoenix,ssp585,mid_2050s,hot,2057,08f215412b8c4e4d8c55e6db29f5a8e755f9abb21feaaa6bdec3564cf53d8cdb,perimeter_bot_zn_2,Bottom P2,bottom,131.26,13.673371647509578,0.12163261555268114,0.09304171246135254,0.028590903091328588,0.2724934489385298
phoenix_ssp585_mid_2050s_hot_2057,Phoenix,ssp585,mid_2050s,hot,2057,08f215412b8c4e4d8c55e6db29f5a8e755f9abb21feaaa6bdec3564cf53d8cdb,perimeter_bot_zn_1,Bottom P1,bottom,207.34,34.91977969348659,0.19746979860129157,0.17583810724490867,0.021631691356382904,0.5455256332363599
phoenix_ssp585_mid_2050s_hot_2057,Phoenix,ssp585,mid_2050s,hot,2057,08f215412b8c4e4d8c55e6db29f5a8e755f9abb21feaaa6bdec3564cf53d8cdb,perimeter_bot_zn_4,Bottom P4,bottom,131.25,10.698036398467432,0.11705820724133424,0.08750125146513338,0.029556955776200874,0.24954099348511935
phoenix_ssp585_mid_2050s_hot_2057,Phoenix,ssp585,mid_2050s,hot,2057,08f215412b8c4e4d8c55e6db29f5a8e755f9abb21feaaa6bdec3564cf53d8cdb,perimeter_mid_zn_3,Middle P3,middle,207.34,16.020114942528735,0.12584742504932575,0.09769921075022811,0.028148214299097623,0.2758561061985559
phoenix_ssp585_mid_2050s_hot_2057,Phoenix,ssp585,mid_2050s,hot,2057,08f215412b8c4e4d8c55e6db29f5a8e755f9abb21feaaa6bdec3564cf53d8cdb,perimeter_mid_zn_2,Middle P2,middle,131.26,11.793582375478927,0.11879796577959914,0.0901269330151363,0.028671032764462836,0.2634019114445377
phoenix_ssp585_mid_2050s_hot_2057,Phoenix,ssp585,mid_2050s,hot,2057,08f215412b8c4e4d8c55e6db29f5a8e755f9abb21feaaa6bdec3564cf53d8cdb,perimeter_mid_zn_1,Middle P1,middle,207.34,31.501436781609193,0.17954202730166707,0.15552566320534128,0.024016364096325796,0.4704993285213704
phoenix_ssp585_mid_2050s_hot_2057,Phoenix,ssp585,mid_2050s,hot,2057,08f215412b8c4e4d8c55e6db29f5a8e755f9abb21feaaa6bdec3564cf53d8cdb,perimeter_mid_zn_4,Middle P4,middle,131.25,11.16499042145594,0.12174336095398813,0.09227192981236203,0.029471431141626113,0.2646048949491003
phoenix_ssp585_mid_2050s_typical_2050,Phoenix,ssp585,mid_2050s,typical,2050,a7184762904e298e96317de990de6ecb47fb5aba8de0395518d35c9bd65b6f44,core_bottom,Core bottom,bottom,983.54,3.011254789272031,0.0968270060315597,0.06786202985643484,0.028964976175124862,0.19067654962830138
phoenix_ssp585_mid_2050s_typical_2050,Phoenix,ssp585,mid_2050s,typical,2050,a7184762904e298e96317de990de6ecb47fb5aba8de0395518d35c9bd65b6f44,core_mid,Core middle,middle,983.54,10.159243295019158,0.10701300152299803,0.07955680934147387,0.02745619218152416,0.2266977470143993
phoenix_ssp585_mid_2050s_typical_2050,Phoenix,ssp585,mid_2050s,typical,2050,a7184762904e298e96317de990de6ecb47fb5aba8de0395518d35c9bd65b6f44,core_top,Core top,top,983.54,9.841954022988505,0.10808871544458935,0.07991846300884804,0.02817025243574131,0.22122832049473096
phoenix_ssp585_mid_2050s_typical_2050,Phoenix,ssp585,mid_2050s,typical,2050,a7184762904e298e96317de990de6ecb47fb5aba8de0395518d35c9bd65b6f44,perimeter_top_zn_3,Top P3,top,207.34,15.415469348659002,0.12916211661380853,0.10135317183571593,0.027808944778092596,0.27245779600466413
phoenix_ssp585_mid_2050s_typical_2050,Phoenix,ssp585,mid_2050s,typical,2050,a7184762904e298e96317de990de6ecb47fb5aba8de0395518d35c9bd65b6f44,perimeter_top_zn_2,Top P2,top,131.26,13.284243295019158,0.12797461429929374,0.1017338188549203,0.02624079544437343,0.2993062873507427
phoenix_ssp585_mid_2050s_typical_2050,Phoenix,ssp585,mid_2050s,typical,2050,a7184762904e298e96317de990de6ecb47fb5aba8de0395518d35c9bd65b6f44,perimeter_top_zn_1,Top P1,top,207.34,24.293582375478927,0.16567545709228304,0.1431892307060842,0.02248622638619883,0.4353884746561297
phoenix_ssp585_mid_2050s_typical_2050,Phoenix,ssp585,mid_2050s,typical,2050,a7184762904e298e96317de990de6ecb47fb5aba8de0395518d35c9bd65b6f44,perimeter_top_zn_4,Top P4,top,131.25,10.835727969348659,0.12310811321565437,0.09564665238100008,0.027461460834654304,0.2730620926541368
phoenix_ssp585_mid_2050s_typical_2050,Phoenix,ssp585,mid_2050s,typical,2050,a7184762904e298e96317de990de6ecb47fb5aba8de0395518d35c9bd65b6f44,perimeter_bot_zn_3,Bottom P3,bottom,207.34,14.36182950191571,0.12005946488712109,0.09024287127578359,0.02981659361133749,0.22474364739885413
phoenix_ssp585_mid_2050s_typical_2050,Phoenix,ssp585,mid_2050s,typical,2050,a7184762904e298e96317de990de6ecb47fb5aba8de0395518d35c9bd65b6f44,perimeter_bot_zn_2,Bottom P2,bottom,131.26,13.170498084291188,0.12572526304205775,0.09895865076836609,0.02676661227369167,0.28934267695798277
phoenix_ssp585_mid_2050s_typical_2050,Phoenix,ssp585,mid_2050s,typical,2050,a7184762904e298e96317de990de6ecb47fb5aba8de0395518d35c9bd65b6f44,perimeter_bot_zn_1,Bottom P1,bottom,207.34,27.849616858237546,0.184269582010104,0.1638701420755842,0.0203994399345198,0.511556022051315
phoenix_ssp585_mid_2050s_typical_2050,Phoenix,ssp585,mid_2050s,typical,2050,a7184762904e298e96317de990de6ecb47fb5aba8de0395518d35c9bd65b6f44,perimeter_bot_zn_4,Bottom P4,bottom,131.25,10.344827586206897,0.1189053316351231,0.09170390415706554,0.027201427478057563,0.26616890007192445
phoenix_ssp585_mid_2050s_typical_2050,Phoenix,ssp585,mid_2050s,typical,2050,a7184762904e298e96317de990de6ecb47fb5aba8de0395518d35c9bd65b6f44,perimeter_mid_zn_3,Middle P3,middle,207.34,16.29549808429119,0.13029576520751304,0.10341998491620456,0.026875780291308497,0.2895882267693853
phoenix_ssp585_mid_2050s_typical_2050,Phoenix,ssp585,mid_2050s,typical,2050,a7184762904e298e96317de990de6ecb47fb5aba8de0395518d35c9bd65b6f44,perimeter_mid_zn_2,Middle P2,middle,131.26,11.218869731800767,0.12142623436984405,0.09527367962110819,0.02615255474873586,0.28469403451136344
phoenix_ssp585_mid_2050s_typical_2050,Phoenix,ssp585,mid_2050s,typical,2050,a7184762904e298e96317de990de6ecb47fb5aba8de0395518d35c9bd65b6f44,perimeter_mid_zn_1,Middle P1,middle,207.34,26.939655172413797,0.1739164788831662,0.1521870994727864,0.021729379410379775,0.46656827604140144
phoenix_ssp585_mid_2050s_typical_2050,Phoenix,ssp585,mid_2050s,typical,2050,a7184762904e298e96317de990de6ecb47fb5aba8de0395518d35c9bd65b6f44,perimeter_mid_zn_4,Middle P4,middle,131.25,9.692289272030653,0.11935979425360463,0.0924236475764011,0.02693614667720352,0.2722803502309712
phoenix_ssp585_near_2030s_heatwave_extreme_2033,Phoenix,ssp585,near_2030s,heatwave_extreme,2033,ea54b2e4dd6eb589b23c327a2b82ad7b287c49fcc98ded734b6ebde1f2e27f24,core_bottom,Core bottom,bottom,983.54,1.3888888888888888,0.09275712969263979,0.060247709043602764,0.032509420649037016,0.15420172717756878
phoenix_ssp585_near_2030s_heatwave_extreme_2033,Phoenix,ssp585,near_2030s,heatwave_extreme,2033,ea54b2e4dd6eb589b23c327a2b82ad7b287c49fcc98ded734b6ebde1f2e27f24,core_mid,Core middle,middle,983.54,7.393438697318008,0.10175555730083559,0.07117914126322193,0.030576416037613668,0.18948440565795152
phoenix_ssp585_near_2030s_heatwave_extreme_2033,Phoenix,ssp585,near_2030s,heatwave_extreme,2033,ea54b2e4dd6eb589b23c327a2b82ad7b287c49fcc98ded734b6ebde1f2e27f24,core_top,Core top,top,983.54,7.064176245210728,0.10178475028091082,0.07043637343579984,0.031348376845110985,0.18300392158062717
phoenix_ssp585_near_2030s_heatwave_extreme_2033,Phoenix,ssp585,near_2030s,heatwave_extreme,2033,ea54b2e4dd6eb589b23c327a2b82ad7b287c49fcc98ded734b6ebde1f2e27f24,perimeter_top_zn_3,Top P3,top,207.34,13.637452107279694,0.12189666274932219,0.09242186293726737,0.029474799812054822,0.2470260877236131
phoenix_ssp585_near_2030s_heatwave_extreme_2033,Phoenix,ssp585,near_2030s,heatwave_extreme,2033,ea54b2e4dd6eb589b23c327a2b82ad7b287c49fcc98ded734b6ebde1f2e27f24,perimeter_top_zn_2,Top P2,top,131.26,11.931273946360154,0.12070161513410768,0.09301213626970602,0.027689478864401675,0.2760063485793279
phoenix_ssp585_near_2030s_heatwave_extreme_2033,Phoenix,ssp585,near_2030s,heatwave_extreme,2033,ea54b2e4dd6eb589b23c327a2b82ad7b287c49fcc98ded734b6ebde1f2e27f24,perimeter_top_zn_1,Top P1,top,207.34,26.885775862068968,0.16889361092506086,0.14483053889922876,0.02406307202583211,0.4347713488817587
phoenix_ssp585_near_2030s_heatwave_extreme_2033,Phoenix,ssp585,near_2030s,heatwave_extreme,2033,ea54b2e4dd6eb589b23c327a2b82ad7b287c49fcc98ded734b6ebde1f2e27f24,perimeter_top_zn_4,Top P4,top,131.25,11.153017241379311,0.12246410823630366,0.09328280445598637,0.02918130378031729,0.26524425872759827
phoenix_ssp585_near_2030s_heatwave_extreme_2033,Phoenix,ssp585,near_2030s,heatwave_extreme,2033,ea54b2e4dd6eb589b23c327a2b82ad7b287c49fcc98ded734b6ebde1f2e27f24,perimeter_bot_zn_3,Bottom P3,bottom,207.34,11.386494252873563,0.11181303372721657,0.08024493820980455,0.03156809551741201,0.19786790621038294
phoenix_ssp585_near_2030s_heatwave_extreme_2033,Phoenix,ssp585,near_2030s,heatwave_extreme,2033,ea54b2e4dd6eb589b23c327a2b82ad7b287c49fcc98ded734b6ebde1f2e27f24,perimeter_bot_zn_2,Bottom P2,bottom,131.26,11.59602490421456,0.11928866567195585,0.09105493928164411,0.02823372639031174,0.26837153952683923
phoenix_ssp585_near_2030s_heatwave_extreme_2033,Phoenix,ssp585,near_2030s,heatwave_extreme,2033,ea54b2e4dd6eb589b23c327a2b82ad7b287c49fcc98ded734b6ebde1f2e27f24,perimeter_bot_zn_1,Bottom P1,bottom,207.34,31.974377394636015,0.188601155949428,0.16710425146910723,0.021496904480320773,0.5198229102664128
phoenix_ssp585_near_2030s_heatwave_extreme_2033,Phoenix,ssp585,near_2030s,heatwave_extreme,2033,ea54b2e4dd6eb589b23c327a2b82ad7b287c49fcc98ded734b6ebde1f2e27f24,perimeter_bot_zn_4,Bottom P4,bottom,131.25,9.321120689655173,0.11406655473034348,0.08496203449406657,0.029104520236276906,0.24548014840064547
phoenix_ssp585_near_2030s_heatwave_extreme_2033,Phoenix,ssp585,near_2030s,heatwave_extreme,2033,ea54b2e4dd6eb589b23c327a2b82ad7b287c49fcc98ded734b6ebde1f2e27f24,perimeter_mid_zn_3,Middle P3,middle,207.34,13.996647509578544,0.12208571397089796,0.09355446922984662,0.028531244741051353,0.26168940921021266
phoenix_ssp585_near_2030s_heatwave_extreme_2033,Phoenix,ssp585,near_2030s,heatwave_extreme,2033,ea54b2e4dd6eb589b23c327a2b82ad7b287c49fcc98ded734b6ebde1f2e27f24,perimeter_mid_zn_2,Middle P2,middle,131.26,9.955699233716475,0.11541436332724213,0.08733970981702999,0.028074653510212134,0.25900651593641794
phoenix_ssp585_near_2030s_heatwave_extreme_2033,Phoenix,ssp585,near_2030s,heatwave_extreme,2033,ea54b2e4dd6eb589b23c327a2b82ad7b287c49fcc98ded734b6ebde1f2e27f24,perimeter_mid_zn_1,Middle P1,middle,207.34,29.154693486590038,0.1769266121419497,0.15357284096585475,0.02335377117609496,0.464742458518939
phoenix_ssp585_near_2030s_heatwave_extreme_2033,Phoenix,ssp585,near_2030s,heatwave_extreme,2033,ea54b2e4dd6eb589b23c327a2b82ad7b287c49fcc98ded734b6ebde1f2e27f24,perimeter_mid_zn_4,Middle P4,middle,131.25,10.099377394636015,0.11846664613304882,0.08953226913938431,0.028934376993664506,0.2604608962539293
phoenix_ssp585_near_2030s_hot_2033,Phoenix,ssp585,near_2030s,hot,2033,ea54b2e4dd6eb589b23c327a2b82ad7b287c49fcc98ded734b6ebde1f2e27f24,core_bottom,Core bottom,bottom,983.54,1.3888888888888888,0.09275712969263979,0.060247709043602764,0.032509420649037016,0.15420172717756878
phoenix_ssp585_near_2030s_hot_2033,Phoenix,ssp585,near_2030s,hot,2033,ea54b2e4dd6eb589b23c327a2b82ad7b287c49fcc98ded734b6ebde1f2e27f24,core_mid,Core middle,middle,983.54,7.393438697318008,0.10175555730083559,0.07117914126322193,0.030576416037613668,0.18948440565795152
phoenix_ssp585_near_2030s_hot_2033,Phoenix,ssp585,near_2030s,hot,2033,ea54b2e4dd6eb589b23c327a2b82ad7b287c49fcc98ded734b6ebde1f2e27f24,core_top,Core top,top,983.54,7.064176245210728,0.10178475028091082,0.07043637343579984,0.031348376845110985,0.18300392158062717
phoenix_ssp585_near_2030s_hot_2033,Phoenix,ssp585,near_2030s,hot,2033,ea54b2e4dd6eb589b23c327a2b82ad7b287c49fcc98ded734b6ebde1f2e27f24,perimeter_top_zn_3,Top P3,top,207.34,13.637452107279694,0.12189666274932219,0.09242186293726737,0.029474799812054822,0.2470260877236131
phoenix_ssp585_near_2030s_hot_2033,Phoenix,ssp585,near_2030s,hot,2033,ea54b2e4dd6eb589b23c327a2b82ad7b287c49fcc98ded734b6ebde1f2e27f24,perimeter_top_zn_2,Top P2,top,131.26,11.931273946360154,0.12070161513410768,0.09301213626970602,0.027689478864401675,0.2760063485793279
phoenix_ssp585_near_2030s_hot_2033,Phoenix,ssp585,near_2030s,hot,2033,ea54b2e4dd6eb589b23c327a2b82ad7b287c49fcc98ded734b6ebde1f2e27f24,perimeter_top_zn_1,Top P1,top,207.34,26.885775862068968,0.16889361092506086,0.14483053889922876,0.02406307202583211,0.4347713488817587
phoenix_ssp585_near_2030s_hot_2033,Phoenix,ssp585,near_2030s,hot,2033,ea54b2e4dd6eb589b23c327a2b82ad7b287c49fcc98ded734b6ebde1f2e27f24,perimeter_top_zn_4,Top P4,top,131.25,11.153017241379311,0.12246410823630366,0.09328280445598637,0.02918130378031729,0.26524425872759827
phoenix_ssp585_near_2030s_hot_2033,Phoenix,ssp585,near_2030s,hot,2033,ea54b2e4dd6eb589b23c327a2b82ad7b287c49fcc98ded734b6ebde1f2e27f24,perimeter_bot_zn_3,Bottom P3,bottom,207.34,11.386494252873563,0.11181303372721657,0.08024493820980455,0.03156809551741201,0.19786790621038294
phoenix_ssp585_near_2030s_hot_2033,Phoenix,ssp585,near_2030s,hot,2033,ea54b2e4dd6eb589b23c327a2b82ad7b287c49fcc98ded734b6ebde1f2e27f24,perimeter_bot_zn_2,Bottom P2,bottom,131.26,11.59602490421456,0.11928866567195585,0.09105493928164411,0.02823372639031174,0.26837153952683923
phoenix_ssp585_near_2030s_hot_2033,Phoenix,ssp585,near_2030s,hot,2033,ea54b2e4dd6eb589b23c327a2b82ad7b287c49fcc98ded734b6ebde1f2e27f24,perimeter_bot_zn_1,Bottom P1,bottom,207.34,31.974377394636015,0.188601155949428,0.16710425146910723,0.021496904480320773,0.5198229102664128
phoenix_ssp585_near_2030s_hot_2033,Phoenix,ssp585,near_2030s,hot,2033,ea54b2e4dd6eb589b23c327a2b82ad7b287c49fcc98ded734b6ebde1f2e27f24,perimeter_bot_zn_4,Bottom P4,bottom,131.25,9.321120689655173,0.11406655473034348,0.08496203449406657,0.029104520236276906,0.24548014840064547
phoenix_ssp585_near_2030s_hot_2033,Phoenix,ssp585,near_2030s,hot,2033,ea54b2e4dd6eb589b23c327a2b82ad7b287c49fcc98ded734b6ebde1f2e27f24,perimeter_mid_zn_3,Middle P3,middle,207.34,13.996647509578544,0.12208571397089796,0.09355446922984662,0.028531244741051353,0.26168940921021266
phoenix_ssp585_near_2030s_hot_2033,Phoenix,ssp585,near_2030s,hot,2033,ea54b2e4dd6eb589b23c327a2b82ad7b287c49fcc98ded734b6ebde1f2e27f24,perimeter_mid_zn_2,Middle P2,middle,131.26,9.955699233716475,0.11541436332724213,0.08733970981702999,0.028074653510212134,0.25900651593641794
phoenix_ssp585_near_2030s_hot_2033,Phoenix,ssp585,near_2030s,hot,2033,ea54b2e4dd6eb589b23c327a2b82ad7b287c49fcc98ded734b6ebde1f2e27f24,perimeter_mid_zn_1,Middle P1,middle,207.34,29.154693486590038,0.1769266121419497,0.15357284096585475,0.02335377117609496,0.464742458518939
phoenix_ssp585_near_2030s_hot_2033,Phoenix,ssp585,near_2030s,hot,2033,ea54b2e4dd6eb589b23c327a2b82ad7b287c49fcc98ded734b6ebde1f2e27f24,perimeter_mid_zn_4,Middle P4,middle,131.25,10.099377394636015,0.11846664613304882,0.08953226913938431,0.028934376993664506,0.2604608962539293
phoenix_ssp585_near_2030s_typical_2034,Phoenix,ssp585,near_2030s,typical,2034,23ed4991b8e0e87f17ebee62951ae28902d1bd48190b55555a1e4347f6ef095f,core_bottom,Core bottom,bottom,983.54,0.2753831417624521,0.09028564272616799,0.05892935238325419,0.0313562903429138,0.15279860157268077
phoenix_ssp585_near_2030s_typical_2034,Phoenix,ssp585,near_2030s,typical,2034,23ed4991b8e0e87f17ebee62951ae28902d1bd48190b55555a1e4347f6ef095f,core_mid,Core middle,middle,983.54,4.436063218390805,0.09408929287674533,0.06388698671534086,0.030202306161404468,0.16765048594473575
phoenix_ssp585_near_2030s_typical_2034,Phoenix,ssp585,near_2030s,typical,2034,23ed4991b8e0e87f17ebee62951ae28902d1bd48190b55555a1e4347f6ef095f,core_top,Core top,top,983.54,4.448036398467433,0.09501461942155642,0.06420519809773632,0.030809421323820096,0.16180496484318552
phoenix_ssp585_near_2030s_typical_2034,Phoenix,ssp585,near_2030s,typical,2034,23ed4991b8e0e87f17ebee62951ae28902d1bd48190b55555a1e4347f6ef095f,perimeter_top_zn_3,Top P3,top,207.34,9.716235632183908,0.10920083182376597,0.07977602415423977,0.029424807669526196,0.20964986839576943
phoenix_ssp585_near_2030s_typical_2034,Phoenix,ssp585,near_2030s,typical,2034,23ed4991b8e0e87f17ebee62951ae28902d1bd48190b55555a1e4347f6ef095f,perimeter_top_zn_2,Top P2,top,131.26,9.105603448275861,0.11117141876043049,0.0839569368373475,0.027214481923082987,0.24927140560355138
phoenix_ssp585_near_2030s_typical_2034,Phoenix,ssp585,near_2030s,typical,2034,23ed4991b8e0e87f17ebee62951ae28902d1bd48190b55555a1e4347f6ef095f,perimeter_top_zn_1,Top P1,top,207.34,22.713122605363985,0.15206396962039645,0.1281604078640471,0.02390356175634935,0.3876500000421458
phoenix_ssp585_near_2030s_typical_2034,Phoenix,ssp585,near_2030s,typical,2034,23ed4991b8e0e87f17ebee62951ae28902d1bd48190b55555a1e4347f6ef095f,perimeter_top_zn_4,Top P4,top,131.25,9.668342911877396,0.11576008787011526,0.08748238649765891,0.028277701372456342,0.2519815156617973
phoenix_ssp585_near_2030s_typical_2034,Phoenix,ssp585,near_2030s,typical,2034,23ed4991b8e0e87f17ebee62951ae28902d1bd48190b55555a1e4347f6ef095f,perimeter_bot_zn_3,Bottom P3,bottom,207.34,6.68103448275862,0.09820280158974791,0.06661826833230453,0.031584533257443384,0.15691083673228812
phoenix_ssp585_near_2030s_typical_2034,Phoenix,ssp585,near_2030s,typical,2034,23ed4991b8e0e87f17ebee62951ae28902d1bd48190b55555a1e4347f6ef095f,perimeter_bot_zn_2,Bottom P2,bottom,131.26,8.477011494252872,0.1084628993993302,0.08052361056655093,0.027939288832779265,0.2382869438639149
phoenix_ssp585_near_2030s_typical_2034,Phoenix,ssp585,near_2030s,typical,2034,23ed4991b8e0e87f17ebee62951ae28902d1bd48190b55555a1e4347f6ef095f,perimeter_bot_zn_1,Bottom P1,bottom,207.34,27.915469348659006,0.17123386515846378,0.1496799136550452,0.02155395150341859,0.4696175344926102
phoenix_ssp585_near_2030s_typical_2034,Phoenix,ssp585,near_2030s,typical,2034,23ed4991b8e0e87f17ebee62951ae28902d1bd48190b55555a1e4347f6ef095f,perimeter_bot_zn_4,Bottom P4,bottom,131.25,6.926484674329501,0.10486267629352773,0.07639710850709464,0.028465567786433093,0.22562227851777664
phoenix_ssp585_near_2030s_typical_2034,Phoenix,ssp585,near_2030s,typical,2034,23ed4991b8e0e87f17ebee62951ae28902d1bd48190b55555a1e4347f6ef095f,perimeter_mid_zn_3,Middle P3,middle,207.34,10.189176245210728,0.10908100007092582,0.08062005343479443,0.02846094663613139,0.2232193365748439
phoenix_ssp585_near_2030s_typical_2034,Phoenix,ssp585,near_2030s,typical,2034,23ed4991b8e0e87f17ebee62951ae28902d1bd48190b55555a1e4347f6ef095f,perimeter_mid_zn_2,Middle P2,middle,131.26,7.555076628352491,0.10679353485024128,0.07930837021380131,0.027485164636439956,0.23738335603071212
phoenix_ssp585_near_2030s_typical_2034,Phoenix,ssp585,near_2030s,typical,2034,23ed4991b8e0e87f17ebee62951ae28902d1bd48190b55555a1e4347f6ef095f,perimeter_mid_zn_1,Middle P1,middle,207.34,25.233477011494255,0.15924404643004772,0.13605856104809444,0.023185485381953298,0.4155877707879127
phoenix_ssp585_near_2030s_typical_2034,Phoenix,ssp585,near_2030s,typical,2034,23ed4991b8e0e87f17ebee62951ae28902d1bd48190b55555a1e4347f6ef095f,perimeter_mid_zn_4,Middle P4,middle,131.25,8.620689655172415,0.11194062580455316,0.08388795188902003,0.02805267391553313,0.24830502439478289
