dataset,analysis,metric,level,contrast,estimate,ci_lower_2_5,ci_upper_97_5,bootstrap_mean,bootstrap_sd,n_bootstrap_valid,resampling_unit,n_resampling_units
endpoint_role_weighted_144,overall,mean_endpoint_probability,,,0.026517859034402305,0.02494437504223965,0.02819863194076493,0.026525642269479597,0.00082944626812011,10000,city × scenario_raw × time_slice,48
endpoint_role_weighted_144,overall,area_weighted_mean_endpoint_probability,,,0.02459287003470795,0.023277434321878312,0.026047098312824257,0.024600848519520973,0.0007030720319866989,10000,city × scenario_raw × time_slice,48
endpoint_role_weighted_144,overall,mean_zone_high_pct__tau_0p025,,,33.30377454501916,30.21613460847701,36.36941272383195,33.309549292917204,1.579489955595541,10000,city × scenario_raw × time_slice,48
endpoint_role_weighted_144,overall,any_zone_high_pct__tau_0p025,,,69.3319880135164,67.04130663979353,71.58602646737974,69.33271714276687,1.1678581623507118,10000,city × scenario_raw × time_slice,48
endpoint_role_weighted_144,overall,hidden_any_zone_pct__tau_0p025,,,36.028213468497235,34.57507786724404,37.478220660719984,36.02316784984967,0.7409068189343962,10000,city × scenario_raw × time_slice,48
endpoint_role_weighted_144,overall,area_weighted_zone_time_high_pct__tau_0p025,,,29.56183083549868,27.648108950398882,31.623914572807674,29.568485551003587,1.0081488690933662,10000,city × scenario_raw × time_slice,48
endpoint_role_weighted_144,overall,any_minus_mean_zone_pp__tau_0p025,,,36.02821346849723,34.57507786724404,37.478220660719984,36.02316784984966,0.7409068189343966,10000,city × scenario_raw × time_slice,48
endpoint_role_weighted_144,overall,mean_zone_high_pct__tau_0p05,,,10.986806220732227,9.142142434280547,12.984809859248617,10.996858761374522,0.9719116192935823,10000,city × scenario_raw × time_slice,48
endpoint_role_weighted_144,overall,any_zone_high_pct__tau_0p05,,,30.337834916453808,26.653072118454663,33.99955869685238,30.345665118467966,1.8803897564451482,10000,city × scenario_raw × time_slice,48
endpoint_role_weighted_144,overall,hidden_any_zone_pct__tau_0p05,,,19.35102869572158,17.258453564016605,21.368885779187952,19.348806357093448,1.0606269442922112,10000,city × scenario_raw × time_slice,48
endpoint_role_weighted_144,overall,area_weighted_zone_time_high_pct__tau_0p05,,,7.240026939920725,5.837022275427574,8.827691121020953,7.249877192974181,0.7631536589265172,10000,city × scenario_raw × time_slice,48
endpoint_role_weighted_144,overall,any_minus_mean_zone_pp__tau_0p05,,,19.35102869572158,17.258453564016605,21.368885779187952,19.348806357093448,1.0606269442922114,10000,city × scenario_raw × time_slice,48
endpoint_role_weighted_144,overall,mean_zone_high_pct__tau_0p075,,,3.7936688484461474,2.76189772409802,4.962263695987654,3.8022914463268944,0.5578105092017638,10000,city × scenario_raw × time_slice,48
endpoint_role_weighted_144,overall,any_zone_high_pct__tau_0p075,,,23.873814322584078,20.60751624694019,27.121583070588542,23.88216807684121,1.6753421285148713,10000,city × scenario_raw × time_slice,48
endpoint_role_weighted_144,overall,hidden_any_zone_pct__tau_0p075,,,20.080145474137932,17.5057797616672,22.577361086166988,20.079876630514313,1.3118939110621097,10000,city × scenario_raw × time_slice,48
endpoint_role_weighted_144,overall,area_weighted_zone_time_high_pct__tau_0p075,,,4.612106765423651,3.6456645018806504,5.706208712989815,4.619586461673684,0.5265456632414729,10000,city × scenario_raw × time_slice,48
endpoint_role_weighted_144,overall,any_minus_mean_zone_pp__tau_0p075,,,20.080145474137932,17.5057797616672,22.57736108616699,20.079876630514317,1.3118939110621097,10000,city × scenario_raw × time_slice,48
endpoint_role_weighted_144,overall,mean_zone_high_pct__tau_0p1,,,1.421149957428693,0.8931181653097063,2.043883160054811,1.4266908915695509,0.2935313500201258,10000,city × scenario_raw × time_slice,48
endpoint_role_weighted_144,overall,any_zone_high_pct__tau_0p1,,,20.299404334291186,17.241705662649,23.38027505886813,20.308613268777936,1.5763248548865418,10000,city × scenario_raw × time_slice,48
endpoint_role_weighted_144,overall,hidden_any_zone_pct__tau_0p1,,,18.878254376862497,16.141331958080567,21.56175271558376,18.881922377208387,1.3943197563136047,10000,city × scenario_raw × time_slice,48
endpoint_role_weighted_144,overall,area_weighted_zone_time_high_pct__tau_0p1,,,3.3126775888961473,2.5991986934088236,4.122398103122521,3.318556292060256,0.38907931761220504,10000,city × scenario_raw × time_slice,48
endpoint_role_weighted_144,overall,any_minus_mean_zone_pp__tau_0p1,,,18.878254376862497,16.141331958080567,21.561752715583758,18.881922377208387,1.3943197563136045,10000,city × scenario_raw × time_slice,48
endpoint_role_weighted_144,overall,mean_zone_high_pct__tau_0p15,,,0.12081271285653468,0.05866026766709237,0.19481673551245204,0.12136613984674327,0.034998807857934015,10000,city × scenario_raw × time_slice,48
endpoint_role_weighted_144,overall,any_zone_high_pct__tau_0p15,,,7.654104805236271,5.938983136108451,9.418896463588228,7.65895234258594,0.9035394065016059,10000,city × scenario_raw × time_slice,48
endpoint_role_weighted_144,overall,hidden_any_zone_pct__tau_0p15,,,7.533292092379735,5.839550656529374,9.28150318287037,7.537586202739196,0.8939743552433056,10000,city × scenario_raw × time_slice,48
endpoint_role_weighted_144,overall,area_weighted_zone_time_high_pct__tau_0p15,,,0.5959201936884377,0.45853263446129094,0.7393879281932071,0.5964065508007584,0.07269320019795057,10000,city × scenario_raw × time_slice,48
endpoint_role_weighted_144,overall,any_minus_mean_zone_pp__tau_0p15,,,7.533292092379735,5.839550656529374,9.28150318287037,7.537586202739196,0.8939743552433056,10000,city × scenario_raw × time_slice,48
endpoint_role_weighted_144,overall,mean_zone_high_pct__tau_0p2,,,0.04207242443593018,0.01633736264101745,0.072380575843444,0.042125863066730516,0.014517615732323425,10000,city × scenario_raw × time_slice,48
endpoint_role_weighted_144,overall,any_zone_high_pct__tau_0p2,,,0.7371820455512984,0.4430066234967007,1.0875233227570242,0.7389257479911665,0.16521310932199773,10000,city × scenario_raw × time_slice,48
endpoint_role_weighted_144,overall,hidden_any_zone_pct__tau_0p2,,,0.6951096211153682,0.40575776926351637,1.0419171472568114,0.6967998849244359,0.16330666868892954,10000,city × scenario_raw × time_slice,48
endpoint_role_weighted_144,overall,area_weighted_zone_time_high_pct__tau_0p2,,,0.058668689284332075,0.03643341327434783,0.08463536510016759,0.05881233154232649,0.012249838761241166,10000,city × scenario_raw × time_slice,48
endpoint_role_weighted_144,overall,any_minus_mean_zone_pp__tau_0p2,,,0.6951096211153682,0.40575776926351637,1.0419171472568114,0.6967998849244359,0.16330666868892954,10000,city × scenario_raw × time_slice,48
endpoint_unique_source_year_119,overall,mean_endpoint_probability,,,0.025972066626273698,0.024593101156619186,0.027471967884820665,0.025987822335704208,0.000739380793606565,10000,city × scenario_raw × time_slice block containing distinct source-year trajectories,48
endpoint_unique_source_year_119,overall,area_weighted_mean_endpoint_probability,,,0.024126802181461505,0.02300790701016106,0.025347120701753434,0.02413830808324414,0.0006037666682489293,10000,city × scenario_raw × time_slice block containing distinct source-year trajectories,48
endpoint_unique_source_year_119,overall,mean_zone_high_pct__tau_0p025,,,32.40666956437748,29.64639750565291,35.28568243763443,32.439004123378034,1.4600188582351172,10000,city × scenario_raw × time_slice block containing distinct source-year trajectories,48
endpoint_unique_source_year_119,overall,any_zone_high_pct__tau_0p025,,,68.61562872275348,66.48299109072684,70.95667069400905,68.64386765299352,1.1414281429561188,10000,city × scenario_raw × time_slice block containing distinct source-year trajectories,48
endpoint_unique_source_year_119,overall,hidden_any_zone_pct__tau_0p025,,,36.20895915837599,34.88991845250111,37.568794804885755,36.20486352961549,0.6833710161039529,10000,city × scenario_raw × time_slice block containing distinct source-year trajectories,48
endpoint_unique_source_year_119,overall,area_weighted_zone_time_high_pct__tau_0p025,,,29.069103035046734,27.362453555189475,30.87882862306185,29.081007761058938,0.9093587708858886,10000,city × scenario_raw × time_slice block containing distinct source-year trajectories,48
endpoint_unique_source_year_119,overall,any_minus_mean_zone_pp__tau_0p025,,,36.20895915837599,34.88991845250111,37.568794804885755,36.20486352961549,0.683371016103953,10000,city × scenario_raw × time_slice block containing distinct source-year trajectories,48
endpoint_unique_source_year_119,overall,mean_zone_high_pct__tau_0p05,,,10.308656508580443,8.703023441776136,12.060242401612554,10.327884263857674,0.8626556033847561,10000,city × scenario_raw × time_slice block containing distinct source-year trajectories,48
endpoint_unique_source_year_119,overall,any_zone_high_pct__tau_0p05,,,29.210333558710836,25.98945750698763,32.673024337454294,29.251773529934418,1.7352904794354196,10000,city × scenario_raw × time_slice block containing distinct source-year trajectories,48
endpoint_unique_source_year_119,overall,hidden_any_zone_pct__tau_0p05,,,18.901677050130395,16.972410006713172,20.90519611071201,18.923889266076742,1.005737461504069,10000,city × scenario_raw × time_slice block containing distinct source-year trajectories,48
endpoint_unique_source_year_119,overall,area_weighted_zone_time_high_pct__tau_0p05,,,6.704517295445554,5.543693375031354,8.000871676549382,6.716690678072037,0.6357910205759217,10000,city × scenario_raw × time_slice block containing distinct source-year trajectories,48
endpoint_unique_source_year_119,overall,any_minus_mean_zone_pp__tau_0p05,,,18.901677050130395,16.972410006713172,20.905196110712005,18.923889266076742,1.005737461504069,10000,city × scenario_raw × time_slice block containing distinct source-year trajectories,48
endpoint_unique_source_year_119,overall,mean_zone_high_pct__tau_0p075,,,3.375883399336746,2.520906740330232,4.340144326708173,3.383683945663701,0.4735133578460612,10000,city × scenario_raw × time_slice block containing distinct source-year trajectories,48
endpoint_unique_source_year_119,overall,any_zone_high_pct__tau_0p075,,,22.869176406194654,20.000870033733133,25.935317156246587,22.905615150084554,1.5384002584869092,10000,city × scenario_raw × time_slice block containing distinct source-year trajectories,48
endpoint_unique_source_year_119,overall,hidden_any_zone_pct__tau_0p075,,,19.493293006857915,17.158709266076997,21.924479188001623,19.52193120442085,1.2221551721592114,10000,city × scenario_raw × time_slice block containing distinct source-year trajectories,48
endpoint_unique_source_year_119,overall,area_weighted_zone_time_high_pct__tau_0p075,,,4.230834742331061,3.4407873491698573,5.113206231712425,4.238766609459697,0.433086112431263,10000,city × scenario_raw × time_slice block containing distinct source-year trajectories,48
endpoint_unique_source_year_119,overall,any_minus_mean_zone_pp__tau_0p075,,,19.493293006857915,17.158709266076997,21.924479188001623,19.521931204420852,1.2221551721592114,10000,city × scenario_raw × time_slice block containing distinct source-year trajectories,48
endpoint_unique_source_year_119,overall,mean_zone_high_pct__tau_0p1,,,1.1913817251038348,0.7681623741331812,1.682521706100972,1.1948515246665528,0.23553164970715101,10000,city × scenario_raw × time_slice block containing distinct source-year trajectories,48
endpoint_unique_source_year_119,overall,any_zone_high_pct__tau_0p1,,,19.317921133970835,16.640482871702,22.246952239868357,19.352651176823837,1.4464249068299901,10000,city × scenario_raw × time_slice block containing distinct source-year trajectories,48
endpoint_unique_source_year_119,overall,hidden_any_zone_pct__tau_0p1,,,18.126539408867,15.71712793095532,20.700039709779343,18.157799652157284,1.2918685593486403,10000,city × scenario_raw × time_slice block containing distinct source-year trajectories,48
endpoint_unique_source_year_119,overall,area_weighted_zone_time_high_pct__tau_0p1,,,3.0113023896215063,2.4271523533515262,3.6626530800591186,3.0179111243930365,0.31926750671979326,10000,city × scenario_raw × time_slice block containing distinct source-year trajectories,48
endpoint_unique_source_year_119,overall,any_minus_mean_zone_pp__tau_0p1,,,18.126539408867,15.71712793095532,20.700039709779343,18.157799652157284,1.2918685593486403,10000,city × scenario_raw × time_slice block containing distinct source-year trajectories,48
endpoint_unique_source_year_119,overall,mean_zone_high_pct__tau_0p15,,,0.10348248494800218,0.048881447705899105,0.1671182544670948,0.10364035455177598,0.030501015457270943,10000,city × scenario_raw × time_slice block containing distinct source-year trajectories,48
endpoint_unique_source_year_119,overall,any_zone_high_pct__tau_0p15,,,7.030369619112013,5.452660884595769,8.841320902472207,7.052672071671564,0.8689831874343468,10000,city × scenario_raw × time_slice block containing distinct source-year trajectories,48
endpoint_unique_source_year_119,overall,hidden_any_zone_pct__tau_0p15,,,6.926887134164012,5.365168568943975,8.720503287777806,6.949031717119788,0.8587406824775573,10000,city × scenario_raw × time_slice block containing distinct source-year trajectories,48
endpoint_unique_source_year_119,overall,area_weighted_zone_time_high_pct__tau_0p15,,,0.5446782769913479,0.41792250935102915,0.692724078923331,0.5464170308050862,0.07040694317901652,10000,city × scenario_raw × time_slice block containing distinct source-year trajectories,48
endpoint_unique_source_year_119,overall,any_minus_mean_zone_pp__tau_0p15,,,6.926887134164012,5.365168568943975,8.720503287777806,6.949031717119788,0.8587406824775573,10000,city × scenario_raw × time_slice block containing distinct source-year trajectories,48
endpoint_unique_source_year_119,overall,mean_zone_high_pct__tau_0p2,,,0.03878706655075823,0.013199690988866263,0.07152687011195256,0.038825294164612154,0.015091653251302592,10000,city × scenario_raw × time_slice block containing distinct source-year trajectories,48
endpoint_unique_source_year_119,overall,any_zone_high_pct__tau_0p2,,,0.6685864000772722,0.38244238643144274,1.0522890589486324,0.669033647844773,0.17361943603346758,10000,city × scenario_raw × time_slice block containing distinct source-year trajectories,48
endpoint_unique_source_year_119,overall,hidden_any_zone_pct__tau_0p2,,,0.629799333526514,0.3495842834168041,1.0133078370135808,0.6302083536801609,0.17247911857412865,10000,city × scenario_raw × time_slice block containing distinct source-year trajectories,48
endpoint_unique_source_year_119,overall,area_weighted_zone_time_high_pct__tau_0p2,,,0.053135340073356456,0.03123854436628293,0.07939460988757062,0.05317370394549182,0.012252873870208163,10000,city × scenario_raw × time_slice block containing distinct source-year trajectories,48
endpoint_unique_source_year_119,overall,any_minus_mean_zone_pp__tau_0p2,,,0.629799333526514,0.34958428341680414,1.0133078370135808,0.6302083536801609,0.17247911857412865,10000,city × scenario_raw × time_slice block containing distinct source-year trajectories,48
endpoint_role_weighted_144,time_slice_level,mean_zone_high_pct__tau_0p025,baseline_2020s,,28.98507343550447,23.486003851372924,34.6789025915283,28.941944311409106,2.8669319341415442,10000,city × scenario_raw,12
endpoint_role_weighted_144,time_slice_level,mean_zone_high_pct__tau_0p025,near_2030s,,29.13257636228182,24.160459736856104,33.925989117709655,29.112342070428905,2.495643996342434,10000,city × scenario_raw,12
endpoint_role_weighted_144,time_slice_level,mean_zone_high_pct__tau_0p025,mid_2050s,,34.30183056619838,28.790226559174112,39.68332601638995,34.273781728927204,2.797598867277522,10000,city × scenario_raw,12
endpoint_role_weighted_144,time_slice_level,mean_zone_high_pct__tau_0p025,late_2080s,,40.795617816091955,34.59594258860154,46.54231604539165,40.74138162183376,3.0477438225382967,10000,city × scenario_raw,12
endpoint_role_weighted_144,time_slice_contrast,mean_zone_high_pct__tau_0p025,,near_2030s minus baseline_2020s,0.14750292677734933,-2.320863765166027,2.435398873190726,0.17039775901979798,1.2158648974336483,10000,city × scenario_raw,12
endpoint_role_weighted_144,time_slice_contrast,mean_zone_high_pct__tau_0p025,,mid_2050s minus baseline_2020s,5.316757130693912,1.865097182311618,9.287541739836108,5.331837417518093,1.895666599843004,10000,city × scenario_raw,12
endpoint_role_weighted_144,time_slice_contrast,mean_zone_high_pct__tau_0p025,,late_2080s minus baseline_2020s,11.810544380587483,7.603555535600258,16.689798185398043,11.79943731042465,2.3196606122511914,10000,city × scenario_raw,12
endpoint_role_weighted_144,time_slice_level,any_zone_high_pct__tau_0p025,baseline_2020s,,66.33773680289485,61.940507430023416,71.06385030864196,66.31299238040124,2.3340996240356198,10000,city × scenario_raw,12
endpoint_role_weighted_144,time_slice_level,any_zone_high_pct__tau_0p025,near_2030s,,66.51184679650915,62.40959417571306,71.1053157593657,66.50669119505642,2.2209981018217224,10000,city × scenario_raw,12
endpoint_role_weighted_144,time_slice_level,any_zone_high_pct__tau_0p025,mid_2050s,,70.41626756066411,66.51628685078755,74.40617184174116,70.40224621847062,2.035606060248567,10000,city × scenario_raw,12
endpoint_role_weighted_144,time_slice_level,any_zone_high_pct__tau_0p025,late_2080s,,74.06210089399744,70.0876037675607,78.04417687712856,74.03382641217007,2.0438790166203886,10000,city × scenario_raw,12
endpoint_role_weighted_144,time_slice_contrast,any_zone_high_pct__tau_0p025,,near_2030s minus baseline_2020s,0.17410999361429447,-1.7450909961685717,1.9409855257556223,0.19369881465516833,0.9424185602559674,10000,city × scenario_raw,12
endpoint_role_weighted_144,time_slice_contrast,any_zone_high_pct__tau_0p025,,mid_2050s minus baseline_2020s,4.078530757769258,1.2322023666985722,7.186082342220105,4.089253838069388,1.5317814632910591,10000,city × scenario_raw,12
endpoint_role_weighted_144,time_slice_contrast,any_zone_high_pct__tau_0p025,,late_2080s minus baseline_2020s,7.724364091102586,4.185765551830579,11.66722375212855,7.720834031768837,1.919388469710645,10000,city × scenario_raw,12
endpoint_role_weighted_144,time_slice_level,hidden_any_zone_pct__tau_0p025,baseline_2020s,,37.35266336739038,34.65702243640911,40.33714479565773,37.37104806899212,1.4537168705808676,10000,city × scenario_raw,12
endpoint_role_weighted_144,time_slice_level,hidden_any_zone_pct__tau_0p025,near_2030s,,37.37927043422733,35.0933908045977,39.93830070641763,37.3943491246275,1.2524413980699722,10000,city × scenario_raw,12
endpoint_role_weighted_144,time_slice_level,hidden_any_zone_pct__tau_0p025,mid_2050s,,36.11443699446573,33.45768395460835,38.61685657460621,36.128464489543425,1.3138843946533911,10000,city × scenario_raw,12
endpoint_role_weighted_144,time_slice_level,hidden_any_zone_pct__tau_0p025,late_2080s,,33.26648307790549,30.42273640378885,36.14988675367177,33.29244479033631,1.4641767371493004,10000,city × scenario_raw,12
endpoint_role_weighted_144,time_slice_contrast,hidden_any_zone_pct__tau_0p025,,near_2030s minus baseline_2020s,0.026607066836952242,-0.7244023387611817,0.740029833173699,0.023301055635374393,0.3747868202622149,10000,city × scenario_raw,12
endpoint_role_weighted_144,time_slice_contrast,hidden_any_zone_pct__tau_0p025,,mid_2050s minus baseline_2020s,-1.2382263729246503,-2.689159615793965,0.1597047613346186,-1.2425835794487012,0.7269886210487935,10000,city × scenario_raw,12
endpoint_role_weighted_144,time_slice_contrast,hidden_any_zone_pct__tau_0p025,,late_2080s minus baseline_2020s,-4.086180289484886,-5.430689422360588,-2.717566816996608,-4.078603278655813,0.6945398908912616,10000,city × scenario_raw,12
endpoint_role_weighted_144,time_slice_level,area_weighted_zone_time_high_pct__tau_0p025,baseline_2020s,,25.972418213352952,23.31592472884036,29.012731160853384,25.94987066023611,1.4467438601848595,10000,city × scenario_raw,12
endpoint_role_weighted_144,time_slice_level,area_weighted_zone_time_high_pct__tau_0p025,near_2030s,,26.297860225355578,24.026112940178937,28.453138977418003,26.29356391529173,1.1269515671383685,10000,city × scenario_raw,12
endpoint_role_weighted_144,time_slice_level,area_weighted_zone_time_high_pct__tau_0p025,mid_2050s,,30.436168319720018,27.358111556016187,34.089626412514065,30.42978052132897,1.7488700608049241,10000,city × scenario_raw,12
endpoint_role_weighted_144,time_slice_level,area_weighted_zone_time_high_pct__tau_0p025,late_2080s,,35.54087658356616,31.598630000379103,39.86897717258172,35.517520714755484,2.119844497731652,10000,city × scenario_raw,12
endpoint_role_weighted_144,time_slice_contrast,area_weighted_zone_time_high_pct__tau_0p025,,near_2030s minus baseline_2020s,0.32544201200262535,-1.7179826755496932,2.2049166096730257,0.3436932550556212,1.0030816270719924,10000,city × scenario_raw,12
endpoint_role_weighted_144,time_slice_contrast,area_weighted_zone_time_high_pct__tau_0p025,,mid_2050s minus baseline_2020s,4.4637501063670655,1.2206433203944718,8.143083291554184,4.479909861092856,1.7654246157442375,10000,city × scenario_raw,12
endpoint_role_weighted_144,time_slice_contrast,area_weighted_zone_time_high_pct__tau_0p025,,late_2080s minus baseline_2020s,9.568458370213207,5.48129432914282,14.09044604843753,9.567650054519374,2.1995070611005385,10000,city × scenario_raw,12
endpoint_role_weighted_144,time_slice_level,any_minus_mean_zone_pp__tau_0p025,baseline_2020s,,37.35266336739038,34.65702243640911,40.337144795657736,37.37104806899213,1.4537168705808678,10000,city × scenario_raw,12
endpoint_role_weighted_144,time_slice_level,any_minus_mean_zone_pp__tau_0p025,near_2030s,,37.37927043422733,35.0933908045977,39.93830070641763,37.3943491246275,1.2524413980699727,10000,city × scenario_raw,12
endpoint_role_weighted_144,time_slice_level,any_minus_mean_zone_pp__tau_0p025,mid_2050s,,36.11443699446573,33.45768395460834,38.61685657460621,36.128464489543425,1.313884394653392,10000,city × scenario_raw,12
endpoint_role_weighted_144,time_slice_level,any_minus_mean_zone_pp__tau_0p025,late_2080s,,33.26648307790549,30.422736403788843,36.14988675367177,33.29244479033631,1.4641767371493004,10000,city × scenario_raw,12
endpoint_role_weighted_144,time_slice_contrast,any_minus_mean_zone_pp__tau_0p025,,near_2030s minus baseline_2020s,0.026607066836952242,-0.7244023387611819,0.7400298331736916,0.023301055635371277,0.37478682026221555,10000,city × scenario_raw,12
endpoint_role_weighted_144,time_slice_contrast,any_minus_mean_zone_pp__tau_0p025,,mid_2050s minus baseline_2020s,-1.2382263729246503,-2.6891596157939577,0.15970476133461167,-1.2425835794487061,0.7269886210487952,10000,city × scenario_raw,12
endpoint_role_weighted_144,time_slice_contrast,any_minus_mean_zone_pp__tau_0p025,,late_2080s minus baseline_2020s,-4.086180289484886,-5.430689422360588,-2.717566816996601,-4.078603278655818,0.6945398908912618,10000,city × scenario_raw,12
endpoint_role_weighted_144,time_slice_level,mean_zone_high_pct__tau_0p05,baseline_2020s,,7.491884844614729,4.9743491246275005,10.500179597701148,7.465092326521923,1.4228567897997189,10000,city × scenario_raw,12
endpoint_role_weighted_144,time_slice_level,mean_zone_high_pct__tau_0p05,near_2030s,,7.683123137505321,5.556062752767136,9.82405245583227,7.667821612920393,1.0886568970835446,10000,city × scenario_raw,12
endpoint_role_weighted_144,time_slice_level,mean_zone_high_pct__tau_0p05,mid_2050s,,11.534163473818646,8.753546223126863,14.708112162090249,11.516694554198597,1.5317329655070664,10000,city × scenario_raw,12
endpoint_role_weighted_144,time_slice_level,mean_zone_high_pct__tau_0p05,late_2080s,,17.23805342699021,13.411300353873989,21.08621271684759,17.200239546748616,1.9780834956210922,10000,city × scenario_raw,12
endpoint_role_weighted_144,time_slice_contrast,mean_zone_high_pct__tau_0p05,,near_2030s minus baseline_2020s,0.19123829289059202,-1.36082674808429,1.68905817635164,0.20272928639846755,0.7784127960229142,10000,city × scenario_raw,12
endpoint_role_weighted_144,time_slice_contrast,mean_zone_high_pct__tau_0p05,,mid_2050s minus baseline_2020s,4.042278629203917,1.5802602171136673,7.037914238771819,4.051602227676671,1.3699088506861539,10000,city × scenario_raw,12
endpoint_role_weighted_144,time_slice_contrast,mean_zone_high_pct__tau_0p05,,late_2080s minus baseline_2020s,9.74616858237548,6.564034063697319,13.47354426085568,9.73514722022669,1.7625186187133657,10000,city × scenario_raw,12
endpoint_role_weighted_144,time_slice_level,any_zone_high_pct__tau_0p05,baseline_2020s,,25.808189655172413,19.14661574739251,32.78606754203917,25.753216062686253,3.50990940685847,10000,city × scenario_raw,12
endpoint_role_weighted_144,time_slice_level,any_zone_high_pct__tau_0p05,near_2030s,,25.785739942528735,20.01016888835675,31.634372339293314,25.750018059546615,2.9934151963761386,10000,city × scenario_raw,12
endpoint_role_weighted_144,time_slice_level,any_zone_high_pct__tau_0p05,mid_2050s,,31.275276713495103,24.695885383407834,37.877230004789276,31.232500781582587,3.3948652651077382,10000,city × scenario_raw,12
endpoint_role_weighted_144,time_slice_level,any_zone_high_pct__tau_0p05,late_2080s,,38.48213335461899,30.918721231108975,45.5074424954768,38.41264692089718,3.7343507226383514,10000,city × scenario_raw,12
endpoint_role_weighted_144,time_slice_contrast,any_zone_high_pct__tau_0p05,,near_2030s minus baseline_2020s,-0.022449712643677344,-2.4151026700191562,2.0647125439016625,-0.003198003139635154,1.1475107642938596,10000,city × scenario_raw,12
endpoint_role_weighted_144,time_slice_contrast,any_zone_high_pct__tau_0p05,,mid_2050s minus baseline_2020s,5.46708705832269,1.9148316105257557,9.832890990847165,5.479284718896339,2.036519770799792,10000,city × scenario_raw,12
endpoint_role_weighted_144,time_slice_contrast,any_zone_high_pct__tau_0p05,,late_2080s minus baseline_2020s,12.673943699446575,8.069757077479782,18.062934859248607,12.65943085821094,2.5588783181816215,10000,city × scenario_raw,12
endpoint_role_weighted_144,time_slice_level,hidden_any_zone_pct__tau_0p05,baseline_2020s,,18.316304810557686,13.936740035653468,22.79456101665602,18.288123736164327,2.2744326262334535,10000,city × scenario_raw,12
endpoint_role_weighted_144,time_slice_level,hidden_any_zone_pct__tau_0p05,near_2030s,,18.102616805023416,14.393678992390381,21.92722052602171,18.082196446626227,1.943432735387442,10000,city × scenario_raw,12
endpoint_role_weighted_144,time_slice_level,hidden_any_zone_pct__tau_0p05,mid_2050s,,19.74111323967646,15.662744618720735,23.73972717778842,19.715806227383997,2.0756551452005563,10000,city × scenario_raw,12
endpoint_role_weighted_144,time_slice_level,hidden_any_zone_pct__tau_0p05,late_2080s,,21.24407992762878,17.00890006385696,25.204450364516813,21.212407374148576,2.099644409343774,10000,city × scenario_raw,12
endpoint_role_weighted_144,time_slice_contrast,hidden_any_zone_pct__tau_0p05,,near_2030s minus baseline_2020s,-0.21368800553426937,-1.2185329861111063,0.6573899465197978,-0.20592728953809883,0.4824421162420701,10000,city × scenario_raw,12
endpoint_role_weighted_144,time_slice_contrast,hidden_any_zone_pct__tau_0p05,,mid_2050s minus baseline_2020s,1.424808429118773,-0.02317309227330785,3.031896052841637,1.4276824912196693,0.7895674767508825,10000,city × scenario_raw,12
endpoint_role_weighted_144,time_slice_contrast,hidden_any_zone_pct__tau_0p05,,late_2080s minus baseline_2020s,2.927775117071093,1.1615398174755234,4.947139241432525,2.9242836379842507,0.9723530556333874,10000,city × scenario_raw,12
endpoint_role_weighted_144,time_slice_level,area_weighted_zone_time_high_pct__tau_0p05,baseline_2020s,,4.65406828385694,3.1406567278423596,6.4940167860634945,4.637957884873076,0.864242859974029,10000,city × scenario_raw,12
endpoint_role_weighted_144,time_slice_level,area_weighted_zone_time_high_pct__tau_0p05,near_2030s,,4.449472425686639,3.4225736828551074,5.485015729359849,4.441424310044311,0.529279202075076,10000,city × scenario_raw,12
endpoint_role_weighted_144,time_slice_level,area_weighted_zone_time_high_pct__tau_0p05,mid_2050s,,7.5858163048062845,5.42662161036487,10.42973485942036,7.576784650357683,1.303229904757725,10000,city × scenario_raw,12
endpoint_role_weighted_144,time_slice_level,area_weighted_zone_time_high_pct__tau_0p05,late_2080s,,12.270750745333038,9.080014317021737,15.691020287571453,12.24269288718942,1.7101921614365987,10000,city × scenario_raw,12
endpoint_role_weighted_144,time_slice_contrast,area_weighted_zone_time_high_pct__tau_0p05,,near_2030s minus baseline_2020s,-0.20459585817030135,-1.3147833801023086,0.6069203859034266,-0.19653357482876624,0.5065192053347765,10000,city × scenario_raw,12
endpoint_role_weighted_144,time_slice_contrast,area_weighted_zone_time_high_pct__tau_0p05,,mid_2050s minus baseline_2020s,2.9317480209493443,0.85821087152538,5.685039174867881,2.9388267654846056,1.2410037500759514,10000,city × scenario_raw,12
endpoint_role_weighted_144,time_slice_contrast,area_weighted_zone_time_high_pct__tau_0p05,,late_2080s minus baseline_2020s,7.616682461476097,4.87505458149891,10.871070519160137,7.604735002316344,1.5371016101870683,10000,city × scenario_raw,12
endpoint_role_weighted_144,time_slice_level,any_minus_mean_zone_pp__tau_0p05,baseline_2020s,,18.316304810557686,13.936740035653468,22.79456101665602,18.288123736164327,2.2744326262334535,10000,city × scenario_raw,12
endpoint_role_weighted_144,time_slice_level,any_minus_mean_zone_pp__tau_0p05,near_2030s,,18.102616805023413,14.393678992390377,21.927220526021706,18.082196446626224,1.9434327353874419,10000,city × scenario_raw,12
endpoint_role_weighted_144,time_slice_level,any_minus_mean_zone_pp__tau_0p05,mid_2050s,,19.74111323967646,15.662744618720735,23.73972717778842,19.715806227383997,2.0756551452005563,10000,city × scenario_raw,12
endpoint_role_weighted_144,time_slice_level,any_minus_mean_zone_pp__tau_0p05,late_2080s,,21.24407992762878,17.00890006385696,25.204450364516813,21.212407374148576,2.0996444093437745,10000,city × scenario_raw,12
endpoint_role_weighted_144,time_slice_contrast,any_minus_mean_zone_pp__tau_0p05,,near_2030s minus baseline_2020s,-0.21368800553427292,-1.2185329861111098,0.6573899465197961,-0.20592728953809988,0.4824421162420698,10000,city × scenario_raw,12
endpoint_role_weighted_144,time_slice_contrast,any_minus_mean_zone_pp__tau_0p05,,mid_2050s minus baseline_2020s,1.424808429118773,-0.02317309227330785,3.0318960528416334,1.4276824912196684,0.7895674767508816,10000,city × scenario_raw,12
endpoint_role_weighted_144,time_slice_contrast,any_minus_mean_zone_pp__tau_0p05,,late_2080s minus baseline_2020s,2.927775117071093,1.16153981747552,4.947139241432528,2.92428363798425,0.9723530556333871,10000,city × scenario_raw,12
endpoint_role_weighted_144,time_slice_level,mean_zone_high_pct__tau_0p075,baseline_2020s,,1.6403256704980844,0.78472970545977,2.7660457242443584,1.6306517234727544,0.5247662702266219,10000,city × scenario_raw,12
endpoint_role_weighted_144,time_slice_level,mean_zone_high_pct__tau_0p075,near_2030s,,1.5576774691358024,1.0308533884099615,2.1338992323861214,1.5537446619572157,0.28146158700025553,10000,city × scenario_raw,12
endpoint_role_weighted_144,time_slice_level,mean_zone_high_pct__tau_0p075,mid_2050s,,3.945162835249042,2.6004874082056193,5.7588086020647085,3.942266805688591,0.8292102840007645,10000,city × scenario_raw,12
endpoint_role_weighted_144,time_slice_level,mean_zone_high_pct__tau_0p075,late_2080s,,8.03150941890166,5.728152272243507,10.473763769157088,8.013287203331206,1.2274704548020479,10000,city × scenario_raw,12
endpoint_role_weighted_144,time_slice_contrast,mean_zone_high_pct__tau_0p075,,near_2030s minus baseline_2020s,-0.08264820136228201,-0.9967838707960835,0.6059801045657728,-0.07690706151553853,0.4208348774994908,10000,city × scenario_raw,12
endpoint_role_weighted_144,time_slice_contrast,mean_zone_high_pct__tau_0p075,,mid_2050s minus baseline_2020s,2.304837164750958,0.6229296376117494,4.3249953437633035,2.3116150822158366,0.919630303883797,10000,city × scenario_raw,12
endpoint_role_weighted_144,time_slice_contrast,mean_zone_high_pct__tau_0p075,,late_2080s minus baseline_2020s,6.391183748403575,4.232327918795233,8.827580386600678,6.38263547985845,1.172778192390505,10000,city × scenario_raw,12
endpoint_role_weighted_144,time_slice_level,any_zone_high_pct__tau_0p075,baseline_2020s,,19.75724377394636,14.030733656609195,25.759822996487866,19.709515468683485,3.013897159777296,10000,city × scenario_raw,12
endpoint_role_weighted_144,time_slice_level,any_zone_high_pct__tau_0p075,near_2030s,,19.718663527032778,14.680885649478505,24.865634312473393,19.689406496115367,2.6241382900559094,10000,city × scenario_raw,12
endpoint_role_weighted_144,time_slice_level,any_zone_high_pct__tau_0p075,mid_2050s,,24.597568114091104,18.789856554650914,30.405358663260966,24.561944693885696,3.00355728735652,10000,city × scenario_raw,12
endpoint_role_weighted_144,time_slice_level,any_zone_high_pct__tau_0p075,late_2080s,,31.421781875266074,24.53618062207323,37.84523500691783,31.35940371900277,3.406059559684502,10000,city × scenario_raw,12
endpoint_role_weighted_144,time_slice_contrast,any_zone_high_pct__tau_0p075,,near_2030s minus baseline_2020s,-0.03858024691358253,-2.168850109088973,1.8173167105683286,-0.020108972568113927,1.0264834151583426,10000,city × scenario_raw,12
endpoint_role_weighted_144,time_slice_contrast,any_zone_high_pct__tau_0p075,,mid_2050s minus baseline_2020s,4.840324340144743,1.5761070202745875,8.826769702532992,4.852429225202215,1.8458735134487343,10000,city × scenario_raw,12
endpoint_role_weighted_144,time_slice_contrast,any_zone_high_pct__tau_0p075,,late_2080s minus baseline_2020s,11.664538101319714,7.289741811675172,16.776977902830996,11.649888250319286,2.4295492621618817,10000,city × scenario_raw,12
endpoint_role_weighted_144,time_slice_level,hidden_any_zone_pct__tau_0p075,baseline_2020s,,18.116918103448274,13.079946752607492,23.28287968284376,18.07886374521073,2.6251207991628704,10000,city × scenario_raw,12
endpoint_role_weighted_144,time_slice_level,hidden_any_zone_pct__tau_0p075,near_2030s,,18.160986057896977,13.547707302309494,22.890392188165176,18.135661834158153,2.3976592856676784,10000,city × scenario_raw,12
endpoint_role_weighted_144,time_slice_level,hidden_any_zone_pct__tau_0p075,mid_2050s,,20.65240527884206,15.733423797360578,25.41370247312686,20.619677888197103,2.4962659518374615,10000,city × scenario_raw,12
endpoint_role_weighted_144,time_slice_level,hidden_any_zone_pct__tau_0p075,late_2080s,,23.39027245636441,17.972225548105577,28.376282959504046,23.346116515671564,2.673820694200837,10000,city × scenario_raw,12
endpoint_role_weighted_144,time_slice_contrast,hidden_any_zone_pct__tau_0p075,,near_2030s minus baseline_2020s,0.04406795444870326,-1.2999630826947606,1.2790682205193709,0.05679808894742523,0.6604254204762134,10000,city × scenario_raw,12
endpoint_role_weighted_144,time_slice_contrast,hidden_any_zone_pct__tau_0p075,,mid_2050s minus baseline_2020s,2.5354871753937864,0.6866244612069012,4.700678812792671,2.540814142986376,1.033493051036943,10000,city × scenario_raw,12
endpoint_role_weighted_144,time_slice_contrast,hidden_any_zone_pct__tau_0p075,,late_2080s minus baseline_2020s,5.273354352916137,2.7687563191783853,8.09625189575351,5.2672527704608365,1.3642152429689678,10000,city × scenario_raw,12
endpoint_role_weighted_144,time_slice_level,area_weighted_zone_time_high_pct__tau_0p075,baseline_2020s,,2.8584826709144955,1.8391163757542826,4.1031816323534995,2.847641735704994,0.587794759766978,10000,city × scenario_raw,12
endpoint_role_weighted_144,time_slice_level,area_weighted_zone_time_high_pct__tau_0p075,near_2030s,,2.6433212577792347,1.9725621450674273,3.3156204554631943,2.6382284931012387,0.34432768565810573,10000,city × scenario_raw,12
endpoint_role_weighted_144,time_slice_level,area_weighted_zone_time_high_pct__tau_0p075,mid_2050s,,4.74943622787498,3.3838557205079085,6.554629030435042,4.744233744779907,0.8266971783146853,10000,city × scenario_raw,12
endpoint_role_weighted_144,time_slice_level,area_weighted_zone_time_high_pct__tau_0p075,late_2080s,,8.197186905125896,5.972270475339515,10.668053795697315,8.177656633425515,1.2171833698005479,10000,city × scenario_raw,12
endpoint_role_weighted_144,time_slice_contrast,area_weighted_zone_time_high_pct__tau_0p075,,near_2030s minus baseline_2020s,-0.21516141313526083,-0.9885653689872517,0.3481095478715951,-0.2094132426037554,0.35454387513199176,10000,city × scenario_raw,12
endpoint_role_weighted_144,time_slice_contrast,area_weighted_zone_time_high_pct__tau_0p075,,mid_2050s minus baseline_2020s,1.890953556960485,0.45096622838434414,3.7100082734733433,1.8965920090749129,0.8225878410084427,10000,city × scenario_raw,12
endpoint_role_weighted_144,time_slice_contrast,area_weighted_zone_time_high_pct__tau_0p075,,late_2080s minus baseline_2020s,5.3387042342114,3.310994708509108,7.741776101875849,5.33001489772052,1.139406099921365,10000,city × scenario_raw,12
endpoint_role_weighted_144,time_slice_level,any_minus_mean_zone_pp__tau_0p075,baseline_2020s,,18.116918103448274,13.079946752607492,23.28287968284376,18.07886374521073,2.625120799162871,10000,city × scenario_raw,12
endpoint_role_weighted_144,time_slice_level,any_minus_mean_zone_pp__tau_0p075,near_2030s,,18.160986057896977,13.547707302309494,22.890392188165173,18.135661834158153,2.397659285667678,10000,city × scenario_raw,12
endpoint_role_weighted_144,time_slice_level,any_minus_mean_zone_pp__tau_0p075,mid_2050s,,20.65240527884206,15.73342379736058,25.41370247312686,20.619677888197103,2.496265951837462,10000,city × scenario_raw,12
endpoint_role_weighted_144,time_slice_level,any_minus_mean_zone_pp__tau_0p075,late_2080s,,23.39027245636441,17.972225548105577,28.376282959504046,23.346116515671564,2.6738206942008365,10000,city × scenario_raw,12
endpoint_role_weighted_144,time_slice_contrast,any_minus_mean_zone_pp__tau_0p075,,near_2030s minus baseline_2020s,0.04406795444870326,-1.2999630826947641,1.2790682205193709,0.05679808894742407,0.660425420476214,10000,city × scenario_raw,12
endpoint_role_weighted_144,time_slice_contrast,any_minus_mean_zone_pp__tau_0p075,,mid_2050s minus baseline_2020s,2.5354871753937864,0.6866244612068941,4.700678812792671,2.5408141429863766,1.0334930510369438,10000,city × scenario_raw,12
endpoint_role_weighted_144,time_slice_contrast,any_minus_mean_zone_pp__tau_0p075,,late_2080s minus baseline_2020s,5.273354352916137,2.7687563191783786,8.09625189575351,5.267252770460835,1.364215242968968,10000,city × scenario_raw,12
endpoint_role_weighted_144,time_slice_level,mean_zone_high_pct__tau_0p1,baseline_2020s,,0.41124547679863777,0.09345732226479353,0.8208321692741593,0.40793677163154535,0.1910145425223876,10000,city × scenario_raw,12
endpoint_role_weighted_144,time_slice_level,mean_zone_high_pct__tau_0p1,near_2030s,,0.3206151553852703,0.1416826309067688,0.532141336739038,0.319515784642401,0.1007240026150111,10000,city × scenario_raw,12
endpoint_role_weighted_144,time_slice_level,mean_zone_high_pct__tau_0p1,mid_2050s,,1.3303533418475948,0.7379927296189867,2.054734893837803,1.3294784349723285,0.3387710273698707,10000,city × scenario_raw,12
endpoint_role_weighted_144,time_slice_level,mean_zone_high_pct__tau_0p1,late_2080s,,3.6223858556832695,2.1909256598552576,5.177672846157938,3.61066978301937,0.7708109101202276,10000,city × scenario_raw,12
endpoint_role_weighted_144,time_slice_contrast,mean_zone_high_pct__tau_0p1,,near_2030s minus baseline_2020s,-0.09063032141336747,-0.4197472661238824,0.17594338681353763,-0.08842098698914434,0.15517778776824503,10000,city × scenario_raw,12
endpoint_role_weighted_144,time_slice_contrast,mean_zone_high_pct__tau_0p1,,mid_2050s minus baseline_2020s,0.919107865048957,0.2228258700510856,1.7229821865687527,0.9215416633407831,0.3814207651393049,10000,city × scenario_raw,12
endpoint_role_weighted_144,time_slice_contrast,mean_zone_high_pct__tau_0p1,,late_2080s minus baseline_2020s,3.2111403788846316,1.8237481375053217,4.802130727171137,3.2027330113878247,0.7599982005690045,10000,city × scenario_raw,12
endpoint_role_weighted_144,time_slice_level,any_zone_high_pct__tau_0p1,baseline_2020s,,16.176597754363556,11.08202626117497,21.70405791028097,16.130723662329714,2.735206883107031,10000,city × scenario_raw,12
endpoint_role_weighted_144,time_slice_level,any_zone_high_pct__tau_0p1,near_2030s,,16.375651873137503,11.727709098286507,21.15764021924223,16.34654202918795,2.413027992532142,10000,city × scenario_raw,12
endpoint_role_weighted_144,time_slice_level,any_zone_high_pct__tau_0p1,mid_2050s,,21.04186621966794,15.567907054863774,26.55423517986377,21.006107386121755,2.8292444572812854,10000,city × scenario_raw,12
endpoint_role_weighted_144,time_slice_level,any_zone_high_pct__tau_0p1,late_2080s,,27.603501489995743,21.06427435876969,33.78857608955938,27.541738256305877,3.260374079499224,10000,city × scenario_raw,12
endpoint_role_weighted_144,time_slice_contrast,any_zone_high_pct__tau_0p1,,near_2030s minus baseline_2020s,0.1990541187739474,-1.8818928932524486,2.142205626064272,0.2158183668582372,1.0320931408534946,10000,city × scenario_raw,12
endpoint_role_weighted_144,time_slice_contrast,any_zone_high_pct__tau_0p1,,mid_2050s minus baseline_2020s,4.865268465304386,1.8193371847062572,8.571512312420177,4.875383723792039,1.7297031485897547,10000,city × scenario_raw,12
endpoint_role_weighted_144,time_slice_contrast,any_zone_high_pct__tau_0p1,,late_2080s minus baseline_2020s,11.426903735632187,7.167444923371647,16.267236390485312,11.411014593976159,2.3176767884342557,10000,city × scenario_raw,12
endpoint_role_weighted_144,time_slice_level,hidden_any_zone_pct__tau_0p1,baseline_2020s,,15.765352277564922,10.889881665070243,20.975959683641968,15.722786890698167,2.5924312617455096,10000,city × scenario_raw,12
endpoint_role_weighted_144,time_slice_level,hidden_any_zone_pct__tau_0p1,near_2030s,,16.055036717752234,11.574269469721157,20.67547027990634,16.02702624454555,2.335590047191256,10000,city × scenario_raw,12
endpoint_role_weighted_144,time_slice_level,hidden_any_zone_pct__tau_0p1,mid_2050s,,19.71151287782035,14.586638429916988,24.82130028735632,19.676628951149425,2.6450155296886724,10000,city × scenario_raw,12
endpoint_role_weighted_144,time_slice_level,hidden_any_zone_pct__tau_0p1,late_2080s,,23.981115634312474,18.253749102011497,29.26677991299489,23.93106847328651,2.8292798556403578,10000,city × scenario_raw,12
endpoint_role_weighted_144,time_slice_contrast,hidden_any_zone_pct__tau_0p1,,near_2030s minus baseline_2020s,0.28968444018731176,-1.5231464852064682,2.0277578224776476,0.30423935384738193,0.9114960136760526,10000,city × scenario_raw,12
endpoint_role_weighted_144,time_slice_contrast,hidden_any_zone_pct__tau_0p1,,mid_2050s minus baseline_2020s,3.9461606002554284,1.457826136121749,6.908907380800342,3.9538420604512567,1.4107167492714134,10000,city × scenario_raw,12
endpoint_role_weighted_144,time_slice_contrast,hidden_any_zone_pct__tau_0p1,,late_2080s minus baseline_2020s,8.215763356747551,5.137126170710936,11.601533398520647,8.208281582588336,1.6519353790089442,10000,city × scenario_raw,12
endpoint_role_weighted_144,time_slice_level,area_weighted_zone_time_high_pct__tau_0p1,baseline_2020s,,1.9996554351627103,1.2242266032766917,2.94421339558434,1.9912737588695615,0.44581573086848647,10000,city × scenario_raw,12
endpoint_role_weighted_144,time_slice_level,area_weighted_zone_time_high_pct__tau_0p1,near_2030s,,1.882999821994296,1.3592842701295216,2.417179733169279,1.8787246463353615,0.2720937333122716,10000,city × scenario_raw,12
endpoint_role_weighted_144,time_slice_level,area_weighted_zone_time_high_pct__tau_0p1,mid_2050s,,3.3950949502460883,2.413629188695116,4.649043926350904,3.390413646179816,0.5782187791926171,10000,city × scenario_raw,12
endpoint_role_weighted_144,time_slice_level,area_weighted_zone_time_high_pct__tau_0p1,late_2080s,,5.972960148181496,4.310775076917063,7.80675153161679,5.957302211332916,0.9069192447573209,10000,city × scenario_raw,12
endpoint_role_weighted_144,time_slice_contrast,area_weighted_zone_time_high_pct__tau_0p1,,near_2030s minus baseline_2020s,-0.11665561316841422,-0.6709459638865898,0.3017648138791865,-0.11254911253419977,0.2536106692555451,10000,city × scenario_raw,12
endpoint_role_weighted_144,time_slice_contrast,area_weighted_zone_time_high_pct__tau_0p1,,mid_2050s minus baseline_2020s,1.395439515083378,0.4124227540024553,2.652949002935287,1.399139887310255,0.565231261105452,10000,city × scenario_raw,12
endpoint_role_weighted_144,time_slice_contrast,area_weighted_zone_time_high_pct__tau_0p1,,late_2080s minus baseline_2020s,3.973304713018786,2.462560979493438,5.771868168245242,3.966028452463355,0.8527633112283778,10000,city × scenario_raw,12
endpoint_role_weighted_144,time_slice_level,any_minus_mean_zone_pp__tau_0p1,baseline_2020s,,15.765352277564922,10.889881665070243,20.97595968364197,15.722786890698169,2.5924312617455096,10000,city × scenario_raw,12
endpoint_role_weighted_144,time_slice_level,any_minus_mean_zone_pp__tau_0p1,near_2030s,,16.055036717752234,11.574269469721157,20.67547027990634,16.02702624454555,2.335590047191256,10000,city × scenario_raw,12
endpoint_role_weighted_144,time_slice_level,any_minus_mean_zone_pp__tau_0p1,mid_2050s,,19.711512877820347,14.586638429916988,24.82130028735632,19.676628951149425,2.6450155296886724,10000,city × scenario_raw,12
endpoint_role_weighted_144,time_slice_level,any_minus_mean_zone_pp__tau_0p1,late_2080s,,23.981115634312474,18.253749102011493,29.26677991299489,23.9310684732865,2.8292798556403578,10000,city × scenario_raw,12
endpoint_role_weighted_144,time_slice_contrast,any_minus_mean_zone_pp__tau_0p1,,near_2030s minus baseline_2020s,0.28968444018731176,-1.5231464852064684,2.027757822477644,0.30423935384738104,0.9114960136760524,10000,city × scenario_raw,12
endpoint_role_weighted_144,time_slice_contrast,any_minus_mean_zone_pp__tau_0p1,,mid_2050s minus baseline_2020s,3.946160600255425,1.4578261361217526,6.908907380800342,3.9538420604512563,1.4107167492714134,10000,city × scenario_raw,12
endpoint_role_weighted_144,time_slice_contrast,any_minus_mean_zone_pp__tau_0p1,,late_2080s minus baseline_2020s,8.215763356747551,5.137126170710938,11.601533398520647,8.208281582588334,1.6519353790089446,10000,city × scenario_raw,12
endpoint_role_weighted_144,time_slice_level,mean_zone_high_pct__tau_0p15,baseline_2020s,,0.042571306939123026,0.0,0.1270487441464453,0.04246108716475096,0.040402917396056386,10000,city × scenario_raw,12
endpoint_role_weighted_144,time_slice_level,mean_zone_high_pct__tau_0p15,near_2030s,,0.013137239250744991,0.0,0.03858024691358024,0.013067561994465723,0.012140752650302664,10000,city × scenario_raw,12
endpoint_role_weighted_144,time_slice_level,mean_zone_high_pct__tau_0p15,mid_2050s,,0.068845785440613,0.011973180076628325,0.14301298424861641,0.06904783285440612,0.03288513968266017,10000,city × scenario_raw,12
endpoint_role_weighted_144,time_slice_level,mean_zone_high_pct__tau_0p15,late_2080s,,0.35869651979565775,0.1666267560664112,0.5605817967752235,0.35775494558854837,0.10122494639229936,10000,city × scenario_raw,12
endpoint_role_weighted_144,time_slice_contrast,mean_zone_high_pct__tau_0p15,,near_2030s minus baseline_2020s,-0.029434067688378036,-0.12555209663686676,0.03758248190719455,-0.029393525170285227,0.04302916988622171,10000,city × scenario_raw,12
endpoint_role_weighted_144,time_slice_contrast,mean_zone_high_pct__tau_0p15,,mid_2050s minus baseline_2020s,0.02627447850148997,-0.08946626223925075,0.1277139208173691,0.026586745689655158,0.05517675616757354,10000,city × scenario_raw,12
endpoint_role_weighted_144,time_slice_contrast,mean_zone_high_pct__tau_0p15,,late_2080s minus baseline_2020s,0.3161252128565347,0.11141709237973606,0.5346357492550021,0.3152938584237973,0.10753104672721243,10000,city × scenario_raw,12
endpoint_role_weighted_144,time_slice_level,any_zone_high_pct__tau_0p15,baseline_2020s,,5.770241326096211,3.058607053533419,8.860835062792676,5.745742619864836,1.4927277792371192,10000,city × scenario_raw,12
endpoint_role_weighted_144,time_slice_level,any_zone_high_pct__tau_0p15,near_2030s,,6.095346424010217,3.182038899531716,9.244579641602808,6.076827805715198,1.5777417762419208,10000,city × scenario_raw,12
endpoint_role_weighted_144,time_slice_level,any_zone_high_pct__tau_0p15,mid_2050s,,7.726027032779906,4.575654700138356,10.993225175606645,7.703326515272456,1.6490797418046224,10000,city × scenario_raw,12
endpoint_role_weighted_144,time_slice_level,any_zone_high_pct__tau_0p15,late_2080s,,11.024804438058748,7.061365873776075,15.038596876330352,10.987309343736698,2.0361473338944878,10000,city × scenario_raw,12
endpoint_role_weighted_144,time_slice_contrast,any_zone_high_pct__tau_0p15,,near_2030s minus baseline_2020s,0.32510509791400644,-0.7350243787249893,1.6251554850468282,0.33108518585036145,0.6024574060752377,10000,city × scenario_raw,12
endpoint_role_weighted_144,time_slice_contrast,any_zone_high_pct__tau_0p15,,mid_2050s minus baseline_2020s,1.9557857066836952,0.7134019795657727,3.448462943007662,1.95758389540762,0.7098275300391818,10000,city × scenario_raw,12
endpoint_role_weighted_144,time_slice_contrast,any_zone_high_pct__tau_0p15,,late_2080s minus baseline_2020s,5.254563111962537,2.7958830552894853,7.919955133833547,5.241566723871861,1.312104385413366,10000,city × scenario_raw,12
endpoint_role_weighted_144,time_slice_level,hidden_any_zone_pct__tau_0p15,baseline_2020s,,5.727670019157088,3.0218685145274593,8.829900190240528,5.703281532700085,1.4937625159785572,10000,city × scenario_raw,12
endpoint_role_weighted_144,time_slice_level,hidden_any_zone_pct__tau_0p15,near_2030s,,6.082209184759472,3.1795444870157517,9.215573781396337,6.063760243720732,1.5720111712988165,10000,city × scenario_raw,12
endpoint_role_weighted_144,time_slice_level,hidden_any_zone_pct__tau_0p15,mid_2050s,,7.6571812473392935,4.50637239250745,10.942201967592595,7.634278682418051,1.6551787469785217,10000,city × scenario_raw,12
endpoint_role_weighted_144,time_slice_level,hidden_any_zone_pct__tau_0p15,late_2080s,,10.66610791826309,6.759022290070242,14.623551577799057,10.629554398148148,2.015656818354346,10000,city × scenario_raw,12
endpoint_role_weighted_144,time_slice_contrast,hidden_any_zone_pct__tau_0p15,,near_2030s minus baseline_2020s,0.3545391656023842,-0.6864623243933599,1.634472115793954,0.3604787110206468,0.5916951549564291,10000,city × scenario_raw,12
endpoint_role_weighted_144,time_slice_contrast,hidden_any_zone_pct__tau_0p15,,mid_2050s minus baseline_2020s,1.9295112281822053,0.67981055768412,3.4273518984142193,1.9309971497179657,0.7086810290140335,10000,city × scenario_raw,12
endpoint_role_weighted_144,time_slice_contrast,hidden_any_zone_pct__tau_0p15,,late_2080s minus baseline_2020s,4.9384378991060025,2.6150714067156247,7.438184300500211,4.9262728654480625,1.2375709890077562,10000,city × scenario_raw,12
endpoint_role_weighted_144,time_slice_level,area_weighted_zone_time_high_pct__tau_0p15,baseline_2020s,,0.42871605429773285,0.21868200539027174,0.6573670552081678,0.4267757501083402,0.11375622334343682,10000,city × scenario_raw,12
endpoint_role_weighted_144,time_slice_level,area_weighted_zone_time_high_pct__tau_0p15,near_2030s,,0.46113566135708633,0.2285062726248719,0.7171241461019869,0.4596343183255293,0.12652728529379462,10000,city × scenario_raw,12
endpoint_role_weighted_144,time_slice_level,area_weighted_zone_time_high_pct__tau_0p15,mid_2050s,,0.5894170245274672,0.3471930053560739,0.847059297684361,0.5877038430207123,0.12838601473322728,10000,city × scenario_raw,12
endpoint_role_weighted_144,time_slice_level,area_weighted_zone_time_high_pct__tau_0p15,late_2080s,,0.9044120345714646,0.5804999646344713,1.2270544186614303,0.9014233933275971,0.1643745872245355,10000,city × scenario_raw,12
endpoint_role_weighted_144,time_slice_contrast,area_weighted_zone_time_high_pct__tau_0p15,,near_2030s minus baseline_2020s,0.032419607059353484,-0.08709421061902684,0.1631512109982072,0.032858568217189195,0.06369738667557413,10000,city × scenario_raw,12
endpoint_role_weighted_144,time_slice_contrast,area_weighted_zone_time_high_pct__tau_0p15,,mid_2050s minus baseline_2020s,0.1607009702297344,0.038116150992473806,0.29389415240732386,0.16092809291237214,0.06577751728030112,10000,city × scenario_raw,12
endpoint_role_weighted_144,time_slice_contrast,area_weighted_zone_time_high_pct__tau_0p15,,late_2080s minus baseline_2020s,0.4756959802737317,0.23461331112376171,0.7379320566335312,0.47464764321925684,0.12890452998512533,10000,city × scenario_raw,12
endpoint_role_weighted_144,time_slice_level,any_minus_mean_zone_pp__tau_0p15,baseline_2020s,,5.727670019157088,3.0218685145274593,8.829900190240528,5.703281532700085,1.4937625159785572,10000,city × scenario_raw,12
endpoint_role_weighted_144,time_slice_level,any_minus_mean_zone_pp__tau_0p15,near_2030s,,6.082209184759472,3.1795444870157517,9.215573781396339,6.063760243720732,1.5720111712988165,10000,city × scenario_raw,12
endpoint_role_weighted_144,time_slice_level,any_minus_mean_zone_pp__tau_0p15,mid_2050s,,7.6571812473392935,4.50637239250745,10.942201967592595,7.634278682418051,1.655178746978522,10000,city × scenario_raw,12
endpoint_role_weighted_144,time_slice_level,any_minus_mean_zone_pp__tau_0p15,late_2080s,,10.66610791826309,6.759022290070242,14.623551577799057,10.629554398148148,2.015656818354346,10000,city × scenario_raw,12
endpoint_role_weighted_144,time_slice_contrast,any_minus_mean_zone_pp__tau_0p15,,near_2030s minus baseline_2020s,0.3545391656023842,-0.6864623243933599,1.634472115793954,0.3604787110206467,0.591695154956429,10000,city × scenario_raw,12
endpoint_role_weighted_144,time_slice_contrast,any_minus_mean_zone_pp__tau_0p15,,mid_2050s minus baseline_2020s,1.9295112281822053,0.6798105576841227,3.4273518984142193,1.9309971497179652,0.7086810290140335,10000,city × scenario_raw,12
endpoint_role_weighted_144,time_slice_contrast,any_minus_mean_zone_pp__tau_0p15,,late_2080s minus baseline_2020s,4.9384378991060025,2.6150714067156247,7.438184300500213,4.9262728654480625,1.2375709890077564,10000,city × scenario_raw,12
endpoint_role_weighted_144,time_slice_level,mean_zone_high_pct__tau_0p2,baseline_2020s,,0.03442289272030651,0.0,0.10326867816091953,0.03434027777777777,0.03322277103118684,10000,city × scenario_raw,12
endpoint_role_weighted_144,time_slice_level,mean_zone_high_pct__tau_0p2,near_2030s,,0.0009977650063856943,0.0,0.0029932950191570835,0.0009926764048531272,0.0009610537422307651,10000,city × scenario_raw,12
endpoint_role_weighted_144,time_slice_level,mean_zone_high_pct__tau_0p2,mid_2050s,,0.024944125159642394,0.0,0.06019848871860364,0.025082681460195825,0.016569920236399957,10000,city × scenario_raw,12
endpoint_role_weighted_144,time_slice_level,mean_zone_high_pct__tau_0p2,late_2080s,,0.1079249148573861,0.036751011068539806,0.19373686276074917,0.10787850215517239,0.03975512035156651,10000,city × scenario_raw,12
endpoint_role_weighted_144,time_slice_contrast,mean_zone_high_pct__tau_0p2,,near_2030s minus baseline_2020s,-0.03342512771392082,-0.10326867816091953,0.0029932950191570835,-0.033347601372924654,0.033316576447039226,10000,city × scenario_raw,12
endpoint_role_weighted_144,time_slice_contrast,mean_zone_high_pct__tau_0p2,,mid_2050s minus baseline_2020s,-0.009478767560664118,-0.09389800180928046,0.054211898680289465,-0.009257596317581957,0.03879627627584972,10000,city × scenario_raw,12
endpoint_role_weighted_144,time_slice_contrast,mean_zone_high_pct__tau_0p2,,late_2080s minus baseline_2020s,0.0735020221370796,-0.009312473392933174,0.16064016602809703,0.07353822437739461,0.04395691651084228,10000,city × scenario_raw,12
endpoint_role_weighted_144,time_slice_level,any_zone_high_pct__tau_0p2,baseline_2020s,,0.31679038952745847,0.136855942688378,0.5120322145061725,0.31602447184972327,0.0962225768931781,10000,city × scenario_raw,12
endpoint_role_weighted_144,time_slice_level,any_zone_high_pct__tau_0p2,near_2030s,,0.4348592486164325,0.16079814548744142,0.807528635855683,0.4343201728128991,0.165411279225125,10000,city × scenario_raw,12
endpoint_role_weighted_144,time_slice_level,any_zone_high_pct__tau_0p2,mid_2050s,,0.6457202532992762,0.23713548318433375,1.1983490315027667,0.6455426677575564,0.2475732774834993,10000,city × scenario_raw,12
endpoint_role_weighted_144,time_slice_level,any_zone_high_pct__tau_0p2,late_2080s,,1.5513582907620262,0.63871511148361,2.649261487601107,1.5470351412835248,0.5173501839519042,10000,city × scenario_raw,12
endpoint_role_weighted_144,time_slice_contrast,any_zone_high_pct__tau_0p2,,near_2030s minus baseline_2020s,0.11806885908897402,-0.11607332907620263,0.408597242177522,0.11829570096317579,0.13474390836675415,10000,city × scenario_raw,12
endpoint_role_weighted_144,time_slice_contrast,any_zone_high_pct__tau_0p2,,mid_2050s minus baseline_2020s,0.3289298637718177,-0.06917837377607489,0.816670657726692,0.32951819590783316,0.2261524432935585,10000,city × scenario_raw,12
endpoint_role_weighted_144,time_slice_contrast,any_zone_high_pct__tau_0p2,,late_2080s minus baseline_2020s,1.2345679012345678,0.322585741272882,2.3060012239250742,1.2310106694338017,0.5085575364353703,10000,city × scenario_raw,12
endpoint_role_weighted_144,time_slice_level,hidden_any_zone_pct__tau_0p2,baseline_2020s,,0.28236749680715195,0.12023068326947633,0.46828437633035336,0.2816841940719455,0.08985442635244427,10000,city × scenario_raw,12
endpoint_role_weighted_144,time_slice_level,hidden_any_zone_pct__tau_0p2,near_2030s,,0.4338614836100468,0.16079814548744142,0.8040447730417197,0.43332749640804596,0.16459791848796348,10000,city × scenario_raw,12
endpoint_role_weighted_144,time_slice_level,hidden_any_zone_pct__tau_0p2,mid_2050s,,0.6207761281396339,0.2136838481800766,1.1810294939335886,0.6204599862973605,0.24914336570640092,10000,city × scenario_raw,12
endpoint_role_weighted_144,time_slice_level,hidden_any_zone_pct__tau_0p2,late_2080s,,1.4434333759046403,0.5336047254150702,2.548832282354193,1.4391566391283526,0.5208627589443544,10000,city × scenario_raw,12
endpoint_role_weighted_144,time_slice_contrast,hidden_any_zone_pct__tau_0p2,,near_2030s minus baseline_2020s,0.15149398680289483,-0.0482294659961686,0.4207284017134949,0.1516433023361004,0.122318118594314,10000,city × scenario_raw,12
endpoint_role_weighted_144,time_slice_contrast,hidden_any_zone_pct__tau_0p2,,mid_2050s minus baseline_2020s,0.33840863133248195,-0.039245423584504086,0.8128666786398464,0.3387757922254151,0.21989595365098938,10000,city × scenario_raw,12
endpoint_role_weighted_144,time_slice_contrast,hidden_any_zone_pct__tau_0p2,,late_2080s minus baseline_2020s,1.1610658790974884,0.2505969960621541,2.2321957149318856,1.1574724450564071,0.5084453162675304,10000,city × scenario_raw,12
endpoint_role_weighted_144,time_slice_level,area_weighted_zone_time_high_pct__tau_0p2,baseline_2020s,,0.03521145148681157,0.008258642553506931,0.07722756893563809,0.03512140692501279,0.01867828201782831,10000,city × scenario_raw,12
endpoint_role_weighted_144,time_slice_level,area_weighted_zone_time_high_pct__tau_0p2,near_2030s,,0.02546972586414534,0.009315863735350278,0.047899641419781196,0.025421454782292626,0.009997829046883063,10000,city × scenario_raw,12
endpoint_role_weighted_144,time_slice_level,area_weighted_zone_time_high_pct__tau_0p2,mid_2050s,,0.04438005052989806,0.017857172228587175,0.07733153459109743,0.044405223611298006,0.015285309939536352,10000,city × scenario_raw,12
endpoint_role_weighted_144,time_slice_level,area_weighted_zone_time_high_pct__tau_0p2,late_2080s,,0.12961352925647332,0.0649414888669621,0.1976182232465543,0.1292810674222888,0.03389674306262744,10000,city × scenario_raw,12
endpoint_role_weighted_144,time_slice_contrast,area_weighted_zone_time_high_pct__tau_0p2,,near_2030s minus baseline_2020s,-0.009741725622666227,-0.05668454845226383,0.02378831179394347,-0.009699952142720153,0.021054596419870966,10000,city × scenario_raw,12
endpoint_role_weighted_144,time_slice_contrast,area_weighted_zone_time_high_pct__tau_0p2,,mid_2050s minus baseline_2020s,0.009168599043086492,-0.04424058397565984,0.05337915010894386,0.00928381668628522,0.025024795230961305,10000,city × scenario_raw,12
endpoint_role_weighted_144,time_slice_contrast,area_weighted_zone_time_high_pct__tau_0p2,,late_2080s minus baseline_2020s,0.09440207776966175,0.019071013178080375,0.17239798563818667,0.09415966049727599,0.03894432460988328,10000,city × scenario_raw,12
endpoint_role_weighted_144,time_slice_level,any_minus_mean_zone_pp__tau_0p2,baseline_2020s,,0.28236749680715195,0.12023068326947633,0.46828437633035336,0.2816841940719455,0.08985442635244426,10000,city × scenario_raw,12
endpoint_role_weighted_144,time_slice_level,any_minus_mean_zone_pp__tau_0p2,near_2030s,,0.4338614836100468,0.16079814548744142,0.8040447730417197,0.43332749640804596,0.1645979184879635,10000,city × scenario_raw,12
endpoint_role_weighted_144,time_slice_level,any_minus_mean_zone_pp__tau_0p2,mid_2050s,,0.6207761281396339,0.2136838481800766,1.1810294939335886,0.6204599862973605,0.24914336570640092,10000,city × scenario_raw,12
endpoint_role_weighted_144,time_slice_level,any_minus_mean_zone_pp__tau_0p2,late_2080s,,1.4434333759046405,0.5336047254150702,2.548832282354193,1.4391566391283528,0.5208627589443545,10000,city × scenario_raw,12
endpoint_role_weighted_144,time_slice_contrast,any_minus_mean_zone_pp__tau_0p2,,near_2030s minus baseline_2020s,0.15149398680289483,-0.0482294659961686,0.420728401713495,0.15164330233610046,0.12231811859431402,10000,city × scenario_raw,12
endpoint_role_weighted_144,time_slice_contrast,any_minus_mean_zone_pp__tau_0p2,,mid_2050s minus baseline_2020s,0.33840863133248195,-0.039245423584504,0.8128666786398464,0.3387757922254151,0.21989595365098935,10000,city × scenario_raw,12
endpoint_role_weighted_144,time_slice_contrast,any_minus_mean_zone_pp__tau_0p2,,late_2080s minus baseline_2020s,1.1610658790974886,0.2505969960621542,2.2321957149318856,1.1574724450564073,0.5084453162675304,10000,city × scenario_raw,12
endpoint_unique_source_year_119,time_slice_level,mean_zone_high_pct__tau_0p025,baseline_2020s,,28.379120425419472,23.477291518339914,33.345554766846064,28.357000541718893,2.5091366690402803,10000,city × scenario_raw,12
endpoint_unique_source_year_119,time_slice_level,mean_zone_high_pct__tau_0p025,near_2030s,,27.96065844765789,23.2611690988656,32.703104651491984,28.010552138931384,2.401814006337925,10000,city × scenario_raw,12
endpoint_unique_source_year_119,time_slice_level,mean_zone_high_pct__tau_0p025,mid_2050s,,33.469628033205616,28.6605725050886,38.047170988770866,33.462530384324424,2.3787555701868994,10000,city × scenario_raw,12
endpoint_unique_source_year_119,time_slice_level,mean_zone_high_pct__tau_0p025,late_2080s,,40.087239067247985,34.619398409631394,45.40148717666079,40.09164938354052,2.7585339785972103,10000,city × scenario_raw,12
endpoint_unique_source_year_119,time_slice_contrast,mean_zone_high_pct__tau_0p025,,near_2030s minus baseline_2020s,-0.4184619777615808,-2.448804284138306,1.54581661539674,-0.34644840278750666,1.009850249110197,10000,city × scenario_raw,12
endpoint_unique_source_year_119,time_slice_contrast,mean_zone_high_pct__tau_0p025,,mid_2050s minus baseline_2020s,5.090507607786144,2.61220880170946,7.7631878248637065,5.105529842605531,1.3099797010117138,10000,city × scenario_raw,12
endpoint_unique_source_year_119,time_slice_contrast,mean_zone_high_pct__tau_0p025,,late_2080s minus baseline_2020s,11.708118641828513,7.89620004820629,15.988973779194376,11.734648841821626,2.063733156271627,10000,city × scenario_raw,12
endpoint_unique_source_year_119,time_slice_level,any_zone_high_pct__tau_0p025,baseline_2020s,,65.56719844100938,61.409480997858914,70.04893289032567,65.56677917284924,2.232035896695395,10000,city × scenario_raw,12
endpoint_unique_source_year_119,time_slice_level,any_zone_high_pct__tau_0p025,near_2030s,,65.55142287727104,62.156877684894916,69.66660359366448,65.59550180793379,1.9115995998144883,10000,city × scenario_raw,12
endpoint_unique_source_year_119,time_slice_level,any_zone_high_pct__tau_0p025,mid_2050s,,69.86829501915709,66.27096959139072,73.75260229585729,69.86309226422394,1.917749456807043,10000,city × scenario_raw,12
endpoint_unique_source_year_119,time_slice_level,any_zone_high_pct__tau_0p025,late_2080s,,73.64372770511297,69.88907726004095,77.64755912273748,73.65288061143579,1.9741790584515824,10000,city × scenario_raw,12
endpoint_unique_source_year_119,time_slice_contrast,any_zone_high_pct__tau_0p025,,near_2030s minus baseline_2020s,-0.015775563738344545,-1.3808959957873939,1.4689146636210242,0.028722635084557056,0.7318004899975812,10000,city × scenario_raw,12
endpoint_unique_source_year_119,time_slice_contrast,any_zone_high_pct__tau_0p025,,mid_2050s minus baseline_2020s,4.301096578147707,1.973943155130925,6.663577369020984,4.296313091374696,1.1982961453770606,10000,city × scenario_raw,12
endpoint_unique_source_year_119,time_slice_contrast,any_zone_high_pct__tau_0p025,,late_2080s minus baseline_2020s,8.076529264103584,4.408952598509093,11.946539267127854,8.086101438586544,1.917610748473715,10000,city × scenario_raw,12
endpoint_unique_source_year_119,time_slice_level,hidden_any_zone_pct__tau_0p025,baseline_2020s,,37.18807801558991,34.66524098921642,40.119865430008225,37.20977863113034,1.3867258464797074,10000,city × scenario_raw,12
endpoint_unique_source_year_119,time_slice_level,hidden_any_zone_pct__tau_0p025,near_2030s,,37.590764429613145,35.117690917798676,40.34425231232041,37.58494966900241,1.340986815713959,10000,city × scenario_raw,12
endpoint_unique_source_year_119,time_slice_level,hidden_any_zone_pct__tau_0p025,mid_2050s,,36.398666985951465,34.152612663762206,38.63488664701415,36.400561879899506,1.1404407584427974,10000,city × scenario_raw,12
endpoint_unique_source_year_119,time_slice_level,hidden_any_zone_pct__tau_0p025,late_2080s,,33.55648863786497,31.020905219027952,36.123329255288674,33.56123122789528,1.2872915196151422,10000,city × scenario_raw,12
endpoint_unique_source_year_119,time_slice_contrast,hidden_any_zone_pct__tau_0p025,,near_2030s minus baseline_2020s,0.40268641402323624,-0.8257758870130972,1.4143420165627982,0.37517103787206524,0.5685507138031081,10000,city × scenario_raw,12
endpoint_unique_source_year_119,time_slice_contrast,hidden_any_zone_pct__tau_0p025,,mid_2050s minus baseline_2020s,-0.789411029638444,-1.8878242498707656,0.26478615422461893,-0.8092167512308377,0.550453507254763,10000,city × scenario_raw,12
endpoint_unique_source_year_119,time_slice_contrast,hidden_any_zone_pct__tau_0p025,,late_2080s minus baseline_2020s,-3.6315893777249357,-4.625197020751095,-2.570649611635478,-3.6485474032350806,0.5270002527385923,10000,city × scenario_raw,12
endpoint_unique_source_year_119,time_slice_level,area_weighted_zone_time_high_pct__tau_0p025,baseline_2020s,,25.3994793834188,23.00916104371972,27.97641765995949,25.382986714764115,1.2690072317228875,10000,city × scenario_raw,12
endpoint_unique_source_year_119,time_slice_level,area_weighted_zone_time_high_pct__tau_0p025,near_2030s,,26.07454592570936,23.627327652512427,28.49396144193886,26.072834709517572,1.2455639984164604,10000,city × scenario_raw,12
endpoint_unique_source_year_119,time_slice_level,area_weighted_zone_time_high_pct__tau_0p025,mid_2050s,,29.77662215218014,27.307335941124016,32.37956325232477,29.782316218872623,1.2888785139258698,10000,city × scenario_raw,12
endpoint_unique_source_year_119,time_slice_level,area_weighted_zone_time_high_pct__tau_0p025,late_2080s,,35.2078886478973,31.700534435260526,38.807671032959384,35.2063274280381,1.8155959279709024,10000,city × scenario_raw,12
endpoint_unique_source_year_119,time_slice_contrast,area_weighted_zone_time_high_pct__tau_0p025,,near_2030s minus baseline_2020s,0.6750665422905584,-0.9269609475170183,2.2947913704898957,0.6898479947534556,0.8261137701103707,10000,city × scenario_raw,12
endpoint_unique_source_year_119,time_slice_contrast,area_weighted_zone_time_high_pct__tau_0p025,,mid_2050s minus baseline_2020s,4.377142768761338,1.9591703551508746,6.8437020683218845,4.399329504108512,1.2251117445479738,10000,city × scenario_raw,12
endpoint_unique_source_year_119,time_slice_contrast,area_weighted_zone_time_high_pct__tau_0p025,,late_2080s minus baseline_2020s,9.808409264478499,6.49713353027024,13.34655944589515,9.823340713273977,1.7417453680131016,10000,city × scenario_raw,12
endpoint_unique_source_year_119,time_slice_level,any_minus_mean_zone_pp__tau_0p025,baseline_2020s,,37.18807801558991,34.66524098921642,40.119865430008225,37.20977863113035,1.3867258464797083,10000,city × scenario_raw,12
endpoint_unique_source_year_119,time_slice_level,any_minus_mean_zone_pp__tau_0p025,near_2030s,,37.590764429613145,35.117690917798676,40.34425231232041,37.58494966900241,1.3409868157139595,10000,city × scenario_raw,12
endpoint_unique_source_year_119,time_slice_level,any_minus_mean_zone_pp__tau_0p025,mid_2050s,,36.398666985951465,34.152612663762206,38.63488664701415,36.400561879899506,1.1404407584427982,10000,city × scenario_raw,12
endpoint_unique_source_year_119,time_slice_level,any_minus_mean_zone_pp__tau_0p025,late_2080s,,33.55648863786497,31.020905219027952,36.12332925528867,33.56123122789527,1.2872915196151424,10000,city × scenario_raw,12
endpoint_unique_source_year_119,time_slice_contrast,any_minus_mean_zone_pp__tau_0p025,,near_2030s minus baseline_2020s,0.40268641402323624,-0.8257758870130976,1.4143420165627982,0.37517103787206085,0.5685507138031091,10000,city × scenario_raw,12
endpoint_unique_source_year_119,time_slice_contrast,any_minus_mean_zone_pp__tau_0p025,,mid_2050s minus baseline_2020s,-0.789411029638444,-1.8878242498707727,0.2647861542246257,-0.8092167512308428,0.5504535072547654,10000,city × scenario_raw,12
endpoint_unique_source_year_119,time_slice_contrast,any_minus_mean_zone_pp__tau_0p025,,late_2080s minus baseline_2020s,-3.6315893777249357,-4.625197020751102,-2.5706496116354844,-3.648547403235086,0.527000252738593,10000,city × scenario_raw,12
endpoint_unique_source_year_119,time_slice_level,mean_zone_high_pct__tau_0p05,baseline_2020s,,7.1436533888228295,4.996977009593749,9.695821780667243,7.139592162440883,1.196088601703859,10000,city × scenario_raw,12
endpoint_unique_source_year_119,time_slice_level,mean_zone_high_pct__tau_0p05,near_2030s,,7.092564268940799,5.135874476400137,9.209102071130781,7.118276499473123,1.0325225856307565,10000,city × scenario_raw,12
endpoint_unique_source_year_119,time_slice_level,mean_zone_high_pct__tau_0p05,mid_2050s,,10.773068326947639,8.459350887160701,13.241631848108513,10.786916465100973,1.2241202149839898,10000,city × scenario_raw,12
endpoint_unique_source_year_119,time_slice_level,mean_zone_high_pct__tau_0p05,late_2080s,,16.43112531377989,13.091975760011856,19.789788115999468,16.444499121659724,1.7284792309153552,10000,city × scenario_raw,12
endpoint_unique_source_year_119,time_slice_contrast,mean_zone_high_pct__tau_0p05,,near_2030s minus baseline_2020s,-0.05108911988203069,-1.3450186378658777,1.2104695691903578,-0.021315662967761658,0.6427577348330984,10000,city × scenario_raw,12
endpoint_unique_source_year_119,time_slice_contrast,mean_zone_high_pct__tau_0p05,,mid_2050s minus baseline_2020s,3.6294149381248095,2.0101578323142015,5.639335076927684,3.6473243026600883,0.927534656729778,10000,city × scenario_raw,12
endpoint_unique_source_year_119,time_slice_contrast,mean_zone_high_pct__tau_0p05,,late_2080s minus baseline_2020s,9.28747192495706,6.5430379283737725,12.354091189024423,9.304906959218837,1.4761771489462467,10000,city × scenario_raw,12
endpoint_unique_source_year_119,time_slice_level,any_zone_high_pct__tau_0p05,baseline_2020s,,25.225426080063418,19.21378889066269,31.426069336213974,25.202386599493416,3.0903045354833485,10000,city × scenario_raw,12
endpoint_unique_source_year_119,time_slice_level,any_zone_high_pct__tau_0p05,near_2030s,,24.184085712520083,19.011407095165655,29.907106296182267,24.26086562147636,2.7730576876652595,10000,city × scenario_raw,12
endpoint_unique_source_year_119,time_slice_level,any_zone_high_pct__tau_0p05,mid_2050s,,30.18618295019157,24.267258410126832,36.07363626167041,30.19154105177066,2.996412398611893,10000,city × scenario_raw,12
endpoint_unique_source_year_119,time_slice_level,any_zone_high_pct__tau_0p05,late_2080s,,37.55862729554763,30.884844733511223,44.195910929632575,37.57793075507091,3.3982030376547727,10000,city × scenario_raw,12
endpoint_unique_source_year_119,time_slice_contrast,any_zone_high_pct__tau_0p05,,near_2030s minus baseline_2020s,-1.0413403675433344,-2.974903013266764,0.7714117453517015,-0.9415209780170571,0.9502424308634426,10000,city × scenario_raw,12
endpoint_unique_source_year_119,time_slice_contrast,any_zone_high_pct__tau_0p05,,mid_2050s minus baseline_2020s,4.960756870128151,2.302273916279755,7.971246343674041,4.989154452277243,1.4441008168969973,10000,city × scenario_raw,12
endpoint_unique_source_year_119,time_slice_contrast,any_zone_high_pct__tau_0p05,,late_2080s minus baseline_2020s,12.333201215484213,7.992813644710601,17.185556141496736,12.375544155577494,2.357077128010068,10000,city × scenario_raw,12
endpoint_unique_source_year_119,time_slice_level,hidden_any_zone_pct__tau_0p05,baseline_2020s,,18.081772691240584,14.010901270808562,22.198162945359538,18.062794437052535,2.0925912271683824,10000,city × scenario_raw,12
endpoint_unique_source_year_119,time_slice_level,hidden_any_zone_pct__tau_0p05,near_2030s,,17.091521443579285,13.827724986938348,20.78308873836891,17.142589122003237,1.777500416142127,10000,city × scenario_raw,12
endpoint_unique_source_year_119,time_slice_level,hidden_any_zone_pct__tau_0p05,mid_2050s,,19.41311462324393,15.641737507982121,23.194095226692205,19.404624586669687,1.9376848681239158,10000,city × scenario_raw,12
endpoint_unique_source_year_119,time_slice_level,hidden_any_zone_pct__tau_0p05,late_2080s,,21.12750198176774,17.289899197226784,24.84458978554704,21.13343163341119,1.9140442038428247,10000,city × scenario_raw,12
endpoint_unique_source_year_119,time_slice_contrast,hidden_any_zone_pct__tau_0p05,,near_2030s minus baseline_2020s,-0.9902512476612984,-1.9996191460268786,0.21838979837981293,-0.9202053150492937,0.5690382367078822,10000,city × scenario_raw,12
endpoint_unique_source_year_119,time_slice_contrast,hidden_any_zone_pct__tau_0p05,,mid_2050s minus baseline_2020s,1.3313419320033475,-0.15141519534703762,2.7115685748715515,1.3418301496171552,0.731701918757978,10000,city × scenario_raw,12
endpoint_unique_source_year_119,time_slice_contrast,hidden_any_zone_pct__tau_0p05,,late_2080s minus baseline_2020s,3.045729290527156,0.8989705915891312,5.29292137323051,3.0706371963586543,1.1316950908482057,10000,city × scenario_raw,12
endpoint_unique_source_year_119,time_slice_level,area_weighted_zone_time_high_pct__tau_0p05,baseline_2020s,,4.483171943586585,3.1277234504453664,6.022887034276022,4.474757705296141,0.7419393890729105,10000,city × scenario_raw,12
endpoint_unique_source_year_119,time_slice_level,area_weighted_zone_time_high_pct__tau_0p05,near_2030s,,4.251581532225102,3.2111396526552136,5.410454149968943,4.257198536855528,0.5630197696999241,10000,city × scenario_raw,12
endpoint_unique_source_year_119,time_slice_level,area_weighted_zone_time_high_pct__tau_0p05,mid_2050s,,6.776829428813683,5.178667751583301,8.857189403636097,6.8002988910382935,0.9529464898665599,10000,city × scenario_raw,12
endpoint_unique_source_year_119,time_slice_level,area_weighted_zone_time_high_pct__tau_0p05,late_2080s,,11.47316073898694,8.785230596825558,14.291121043948865,11.490373934214558,1.4241976515631203,10000,city × scenario_raw,12
endpoint_unique_source_year_119,time_slice_contrast,area_weighted_zone_time_high_pct__tau_0p05,,near_2030s minus baseline_2020s,-0.23159041136148328,-1.0856632399504829,0.4198411426943333,-0.2175591684406117,0.3906297021782877,10000,city × scenario_raw,12
endpoint_unique_source_year_119,time_slice_contrast,area_weighted_zone_time_high_pct__tau_0p05,,mid_2050s minus baseline_2020s,2.293657485227098,0.9572233593047946,4.171304920343099,2.3255411857421526,0.822309951292489,10000,city × scenario_raw,12
endpoint_unique_source_year_119,time_slice_contrast,area_weighted_zone_time_high_pct__tau_0p05,,late_2080s minus baseline_2020s,6.989988795400354,4.817210655029207,9.530421034871523,7.015616228918415,1.2126194010111115,10000,city × scenario_raw,12
endpoint_unique_source_year_119,time_slice_level,any_minus_mean_zone_pp__tau_0p05,baseline_2020s,,18.081772691240584,14.010901270808562,22.198162945359538,18.062794437052535,2.0925912271683824,10000,city × scenario_raw,12
endpoint_unique_source_year_119,time_slice_level,any_minus_mean_zone_pp__tau_0p05,near_2030s,,17.091521443579285,13.827724986938348,20.78308873836891,17.142589122003237,1.7775004161421268,10000,city × scenario_raw,12
endpoint_unique_source_year_119,time_slice_level,any_minus_mean_zone_pp__tau_0p05,mid_2050s,,19.41311462324393,15.64173750798212,23.194095226692205,19.404624586669687,1.9376848681239158,10000,city × scenario_raw,12
endpoint_unique_source_year_119,time_slice_level,any_minus_mean_zone_pp__tau_0p05,late_2080s,,21.12750198176774,17.289899197226784,24.844589785547043,21.13343163341119,1.9140442038428251,10000,city × scenario_raw,12
endpoint_unique_source_year_119,time_slice_contrast,any_minus_mean_zone_pp__tau_0p05,,near_2030s minus baseline_2020s,-0.9902512476612984,-1.9996191460268788,0.21838979837981293,-0.9202053150492944,0.5690382367078822,10000,city × scenario_raw,12
endpoint_unique_source_year_119,time_slice_contrast,any_minus_mean_zone_pp__tau_0p05,,mid_2050s minus baseline_2020s,1.3313419320033475,-0.15141519534703582,2.7115685748715515,1.3418301496171545,0.7317019187579775,10000,city × scenario_raw,12
endpoint_unique_source_year_119,time_slice_contrast,any_minus_mean_zone_pp__tau_0p05,,late_2080s minus baseline_2020s,3.045729290527156,0.8989705915891312,5.29292137323051,3.0706371963586534,1.1316950908482053,10000,city × scenario_raw,12
endpoint_unique_source_year_119,time_slice_level,mean_zone_high_pct__tau_0p075,baseline_2020s,,1.5022212313383538,0.7559076289800503,2.4809088561163226,1.499122848196529,0.43990760590193445,10000,city × scenario_raw,12
endpoint_unique_source_year_119,time_slice_level,mean_zone_high_pct__tau_0p075,near_2030s,,1.409166048696082,0.9123190153762317,2.0050999554102256,1.4125157192301199,0.27761996352561014,10000,city × scenario_raw,12
endpoint_unique_source_year_119,time_slice_level,mean_zone_high_pct__tau_0p075,mid_2050s,,3.3409163473818646,2.3889927738336714,4.705698977879294,3.3615908844497686,0.6055064588605614,10000,city × scenario_raw,12
endpoint_unique_source_year_119,time_slice_level,mean_zone_high_pct__tau_0p075,late_2080s,,7.38807140969745,5.393655376707135,9.402300914916106,7.396904097271349,1.0319002830349293,10000,city × scenario_raw,12
endpoint_unique_source_year_119,time_slice_contrast,mean_zone_high_pct__tau_0p075,,near_2030s minus baseline_2020s,-0.09305518264227186,-0.7923160740630651,0.4304325950998796,-0.086607128966409,0.31587412118155317,10000,city × scenario_raw,12
endpoint_unique_source_year_119,time_slice_contrast,mean_zone_high_pct__tau_0p075,,mid_2050s minus baseline_2020s,1.8386951160435108,0.6491044869842495,3.2486720291596862,1.8624680362532395,0.6570914169418052,10000,city × scenario_raw,12
endpoint_unique_source_year_119,time_slice_contrast,mean_zone_high_pct__tau_0p075,,late_2080s minus baseline_2020s,5.885850178359096,4.1120760617568415,7.869628152680325,5.8977812490748205,0.9572326814933105,10000,city × scenario_raw,12
endpoint_unique_source_year_119,time_slice_level,any_zone_high_pct__tau_0p075,baseline_2020s,,19.294366825208087,14.165318258529465,24.60728396962233,19.275415117327,2.65039356958237,10000,city × scenario_raw,12
endpoint_unique_source_year_119,time_slice_level,any_zone_high_pct__tau_0p075,near_2030s,,18.34175318254851,13.808290728578234,23.349310669794875,18.40537929639584,2.4274808230872726,10000,city × scenario_raw,12
endpoint_unique_source_year_119,time_slice_level,any_zone_high_pct__tau_0p075,mid_2050s,,23.59514687100894,18.468371060171158,28.734624797596243,23.600151156905895,2.612979517512094,10000,city × scenario_raw,12
endpoint_unique_source_year_119,time_slice_level,any_zone_high_pct__tau_0p075,late_2080s,,30.532641366098563,24.44865663922219,36.61338815339354,30.544293492686567,3.095696842845424,10000,city × scenario_raw,12
endpoint_unique_source_year_119,time_slice_contrast,any_zone_high_pct__tau_0p075,,near_2030s minus baseline_2020s,-0.9526136426595784,-2.6751652220684563,0.6346937636369538,-0.8700358209311578,0.8411586164894614,10000,city × scenario_raw,12
endpoint_unique_source_year_119,time_slice_contrast,any_zone_high_pct__tau_0p075,,mid_2050s minus baseline_2020s,4.3007800458008525,2.040012257336194,6.991105172258969,4.324736039578896,1.2581298893854236,10000,city × scenario_raw,12
endpoint_unique_source_year_119,time_slice_contrast,any_zone_high_pct__tau_0p075,,late_2080s minus baseline_2020s,11.238274540890476,7.219818431835846,15.812548018976905,11.26887837535957,2.1956380678540777,10000,city × scenario_raw,12
endpoint_unique_source_year_119,time_slice_level,hidden_any_zone_pct__tau_0p075,baseline_2020s,,17.79214559386973,13.267206801592021,22.50463661065508,17.77629226913047,2.3405184280503937,10000,city × scenario_raw,12
endpoint_unique_source_year_119,time_slice_level,hidden_any_zone_pct__tau_0p075,near_2030s,,16.932587133852426,12.803050144948045,21.464772603948436,16.99286357716572,2.2073291844197453,10000,city × scenario_raw,12
endpoint_unique_source_year_119,time_slice_level,hidden_any_zone_pct__tau_0p075,mid_2050s,,20.254230523627076,15.724914123398072,24.679971759571917,20.238560272456123,2.267505404449088,10000,city × scenario_raw,12
endpoint_unique_source_year_119,time_slice_level,hidden_any_zone_pct__tau_0p075,late_2080s,,23.14456995640111,18.280510965781477,27.7768382157301,23.147389395415217,2.4140051190070397,10000,city × scenario_raw,12
endpoint_unique_source_year_119,time_slice_contrast,hidden_any_zone_pct__tau_0p075,,near_2030s minus baseline_2020s,-0.8595584600173041,-2.055974402285117,0.3375983398360702,-0.7834286919647496,0.6070661584832697,10000,city × scenario_raw,12
endpoint_unique_source_year_119,time_slice_contrast,hidden_any_zone_pct__tau_0p075,,mid_2050s minus baseline_2020s,2.4620849297573457,0.8762253042427527,4.031730606908267,2.462268003325654,0.807970737679178,10000,city × scenario_raw,12
endpoint_unique_source_year_119,time_slice_contrast,hidden_any_zone_pct__tau_0p075,,late_2080s minus baseline_2020s,5.35242436253138,2.7580599793080873,8.206693671881586,5.371097126284748,1.3877883295377247,10000,city × scenario_raw,12
endpoint_unique_source_year_119,time_slice_level,area_weighted_zone_time_high_pct__tau_0p075,baseline_2020s,,2.74438247611118,1.828945226166705,3.8136645158154083,2.738770668628446,0.5078747253270766,10000,city × scenario_raw,12
endpoint_unique_source_year_119,time_slice_level,area_weighted_zone_time_high_pct__tau_0p075,near_2030s,,2.509964594351648,1.8417993315960919,3.2467987654284447,2.514084711284508,0.3608912088405087,10000,city × scenario_raw,12
endpoint_unique_source_year_119,time_slice_level,area_weighted_zone_time_high_pct__tau_0p075,mid_2050s,,4.213370609924812,3.206329468048908,5.532565676237815,4.229009952135764,0.6046787710366347,10000,city × scenario_raw,12
endpoint_unique_source_year_119,time_slice_level,area_weighted_zone_time_high_pct__tau_0p075,late_2080s,,7.574904200259541,5.750522401100016,9.569003104296366,7.589490779733024,0.9864917281276261,10000,city × scenario_raw,12
endpoint_unique_source_year_119,time_slice_contrast,area_weighted_zone_time_high_pct__tau_0p075,,near_2030s minus baseline_2020s,-0.23441788175953215,-0.8430249787479432,0.2244123753144581,-0.22468595734393798,0.27759606664418474,10000,city × scenario_raw,12
endpoint_unique_source_year_119,time_slice_contrast,area_weighted_zone_time_high_pct__tau_0p075,,mid_2050s minus baseline_2020s,1.4689881338136321,0.5088221720273117,2.7111650182625135,1.490239283507317,0.5547937863249098,10000,city × scenario_raw,12
endpoint_unique_source_year_119,time_slice_contrast,area_weighted_zone_time_high_pct__tau_0p075,,late_2080s minus baseline_2020s,4.83052172414836,3.2731736188564584,6.6833219374062915,4.850720111104578,0.8771502057523426,10000,city × scenario_raw,12
endpoint_unique_source_year_119,time_slice_level,any_minus_mean_zone_pp__tau_0p075,baseline_2020s,,17.79214559386973,13.267206801592021,22.50463661065508,17.77629226913047,2.340518428050394,10000,city × scenario_raw,12
endpoint_unique_source_year_119,time_slice_level,any_minus_mean_zone_pp__tau_0p075,near_2030s,,16.932587133852426,12.803050144948045,21.464772603948436,16.992863577165718,2.2073291844197453,10000,city × scenario_raw,12
endpoint_unique_source_year_119,time_slice_level,any_minus_mean_zone_pp__tau_0p075,mid_2050s,,20.254230523627076,15.72491412339807,24.679971759571924,20.238560272456123,2.2675054044490883,10000,city × scenario_raw,12
endpoint_unique_source_year_119,time_slice_level,any_minus_mean_zone_pp__tau_0p075,late_2080s,,23.14456995640111,18.28051096578148,27.776838215730102,23.147389395415217,2.4140051190070397,10000,city × scenario_raw,12
endpoint_unique_source_year_119,time_slice_contrast,any_minus_mean_zone_pp__tau_0p075,,near_2030s minus baseline_2020s,-0.8595584600173041,-2.0559744022851207,0.3375983398360702,-0.7834286919647498,0.60706615848327,10000,city × scenario_raw,12
endpoint_unique_source_year_119,time_slice_contrast,any_minus_mean_zone_pp__tau_0p075,,mid_2050s minus baseline_2020s,2.4620849297573457,0.8762253042427527,4.031730606908267,2.462268003325655,0.8079707376791784,10000,city × scenario_raw,12
endpoint_unique_source_year_119,time_slice_contrast,any_minus_mean_zone_pp__tau_0p075,,late_2080s minus baseline_2020s,5.35242436253138,2.758059979308091,8.20669367188159,5.3710971262847504,1.387788329537725,10000,city × scenario_raw,12
endpoint_unique_source_year_119,time_slice_level,mean_zone_high_pct__tau_0p1,baseline_2020s,,0.37963238208481964,0.08898679860338649,0.747941851631655,0.3775109965861275,0.16966377393776513,10000,city × scenario_raw,12
endpoint_unique_source_year_119,time_slice_level,mean_zone_high_pct__tau_0p1,near_2030s,,0.2728726362625139,0.1235899990094295,0.44729163815909495,0.27387434071931155,0.08283653354435519,10000,city × scenario_raw,12
endpoint_unique_source_year_119,time_slice_level,mean_zone_high_pct__tau_0p1,mid_2050s,,1.0426644316730522,0.6173403111121994,1.632632646461668,1.0538051656276235,0.2640827711677464,10000,city × scenario_raw,12
endpoint_unique_source_year_119,time_slice_level,mean_zone_high_pct__tau_0p1,late_2080s,,3.1388310873298986,1.9644066257101331,4.394362005451873,3.1523003373504057,0.6271359638641549,10000,city × scenario_raw,12
endpoint_unique_source_year_119,time_slice_contrast,mean_zone_high_pct__tau_0p1,,near_2030s minus baseline_2020s,-0.10675974582230574,-0.37676371546399656,0.10900212476856537,-0.1036366558668159,0.1257059553752836,10000,city × scenario_raw,12
endpoint_unique_source_year_119,time_slice_contrast,mean_zone_high_pct__tau_0p1,,mid_2050s minus baseline_2020s,0.6630320495882326,0.13046138519030856,1.303350570623132,0.676294169041496,0.2966707320176006,10000,city × scenario_raw,12
endpoint_unique_source_year_119,time_slice_contrast,mean_zone_high_pct__tau_0p1,,late_2080s minus baseline_2020s,2.759198705245079,1.6408878092025942,4.028567388360418,2.7747893407642783,0.6108252379754038,10000,city × scenario_raw,12
endpoint_unique_source_year_119,time_slice_level,any_zone_high_pct__tau_0p1,baseline_2020s,,15.68837528075043,11.1798665816158,20.546591706007113,15.675911968337779,2.3744933242052175,10000,city × scenario_raw,12
endpoint_unique_source_year_119,time_slice_level,any_zone_high_pct__tau_0p1,near_2030s,,15.053956556667902,11.011424482688193,19.61927746134373,15.115122340131688,2.192854709981314,10000,city × scenario_raw,12
endpoint_unique_source_year_119,time_slice_level,any_zone_high_pct__tau_0p1,mid_2050s,,20.123722860791826,15.259023569185006,25.05126275762981,20.130097685341262,2.4936389690947474,10000,city × scenario_raw,12
endpoint_unique_source_year_119,time_slice_level,any_zone_high_pct__tau_0p1,late_2080s,,26.671910093803675,20.86615267515052,32.5855567101122,26.68297048155084,2.9844818570410787,10000,city × scenario_raw,12
endpoint_unique_source_year_119,time_slice_contrast,any_zone_high_pct__tau_0p1,,near_2030s minus baseline_2020s,-0.6344187240825274,-2.318535082083542,0.9154775263524105,-0.5607896282060894,0.8175961192228125,10000,city × scenario_raw,12
endpoint_unique_source_year_119,time_slice_contrast,any_zone_high_pct__tau_0p1,,mid_2050s minus baseline_2020s,4.435347580041396,2.3297296504988823,7.015829968825495,4.454185717003482,1.2037924068363453,10000,city × scenario_raw,12
endpoint_unique_source_year_119,time_slice_contrast,any_zone_high_pct__tau_0p1,,late_2080s minus baseline_2020s,10.983534813053245,7.085811153982817,15.376601240806801,11.007058513213057,2.1111902519901835,10000,city × scenario_raw,12
endpoint_unique_source_year_119,time_slice_level,hidden_any_zone_pct__tau_0p1,baseline_2020s,,15.30874289866561,11.004343374289865,19.934890290194407,15.29840097175165,2.2553129614781744,10000,city × scenario_raw,12
endpoint_unique_source_year_119,time_slice_level,hidden_any_zone_pct__tau_0p1,near_2030s,,14.781083920405388,10.866289191355749,19.20415768678161,14.841247999412378,2.1269164509925553,10000,city × scenario_raw,12
endpoint_unique_source_year_119,time_slice_level,hidden_any_zone_pct__tau_0p1,mid_2050s,,19.081058429118777,14.428231146846448,23.737727490421452,19.076292519713636,2.3626461735183044,10000,city × scenario_raw,12
endpoint_unique_source_year_119,time_slice_level,hidden_any_zone_pct__tau_0p1,late_2080s,,23.533079006473777,18.385589186625904,28.53225382286535,23.53067014420043,2.572236866512362,10000,city × scenario_raw,12
endpoint_unique_source_year_119,time_slice_contrast,hidden_any_zone_pct__tau_0p1,,near_2030s minus baseline_2020s,-0.5276589782602219,-2.006243255251601,0.8873333079513179,-0.45715297233927565,0.738742839636712,10000,city × scenario_raw,12
endpoint_unique_source_year_119,time_slice_contrast,hidden_any_zone_pct__tau_0p1,,mid_2050s minus baseline_2020s,3.7723155304531666,1.9676152293520466,5.837330490811693,3.777891547961985,0.9935819828060646,10000,city × scenario_raw,12
endpoint_unique_source_year_119,time_slice_contrast,hidden_any_zone_pct__tau_0p1,,late_2080s minus baseline_2020s,8.224336107808167,5.256583217468076,11.456356416473673,8.232269172448778,1.580260875238615,10000,city × scenario_raw,12
endpoint_unique_source_year_119,time_slice_level,area_weighted_zone_time_high_pct__tau_0p1,baseline_2020s,,1.9152274702927816,1.2240028316787641,2.7302091096838628,1.9117098267964423,0.38432509658650366,10000,city × scenario_raw,12
endpoint_unique_source_year_119,time_slice_level,area_weighted_zone_time_high_pct__tau_0p1,near_2030s,,1.7483895769532953,1.2591574178275478,2.295207444085853,1.753449226854625,0.2654674183616578,10000,city × scenario_raw,12
endpoint_unique_source_year_119,time_slice_level,area_weighted_zone_time_high_pct__tau_0p1,mid_2050s,,3.0154846909519293,2.2510924687127174,3.964663183880875,3.026490350155104,0.43960704158235364,10000,city × scenario_raw,12
endpoint_unique_source_year_119,time_slice_level,area_weighted_zone_time_high_pct__tau_0p1,late_2080s,,5.453061038357193,4.088805286587489,6.944936464020828,5.467941518498915,0.7374948542284664,10000,city × scenario_raw,12
endpoint_unique_source_year_119,time_slice_contrast,area_weighted_zone_time_high_pct__tau_0p1,,near_2030s minus baseline_2020s,-0.1668378933394863,-0.6057728840443142,0.17195569229697488,-0.1582605999418178,0.20091130374373076,10000,city × scenario_raw,12
endpoint_unique_source_year_119,time_slice_contrast,area_weighted_zone_time_high_pct__tau_0p1,,mid_2050s minus baseline_2020s,1.1002572206591477,0.45059746074977264,1.9677743494506434,1.1147805233586616,0.38866197660774254,10000,city × scenario_raw,12
endpoint_unique_source_year_119,time_slice_contrast,area_weighted_zone_time_high_pct__tau_0p1,,late_2080s minus baseline_2020s,3.5378335680644115,2.3575988837667583,4.948259822951653,3.556231691702472,0.6612893410111907,10000,city × scenario_raw,12
endpoint_unique_source_year_119,time_slice_level,any_minus_mean_zone_pp__tau_0p1,baseline_2020s,,15.30874289866561,11.004343374289867,19.934890290194407,15.29840097175165,2.2553129614781744,10000,city × scenario_raw,12
endpoint_unique_source_year_119,time_slice_level,any_minus_mean_zone_pp__tau_0p1,near_2030s,,14.781083920405388,10.866289191355749,19.20415768678161,14.841247999412378,2.1269164509925553,10000,city × scenario_raw,12
endpoint_unique_source_year_119,time_slice_level,any_minus_mean_zone_pp__tau_0p1,mid_2050s,,19.081058429118777,14.428231146846445,23.737727490421452,19.076292519713636,2.3626461735183044,10000,city × scenario_raw,12
endpoint_unique_source_year_119,time_slice_level,any_minus_mean_zone_pp__tau_0p1,late_2080s,,23.533079006473777,18.385589186625904,28.53225382286535,23.53067014420043,2.5722368665123616,10000,city × scenario_raw,12
endpoint_unique_source_year_119,time_slice_contrast,any_minus_mean_zone_pp__tau_0p1,,near_2030s minus baseline_2020s,-0.5276589782602219,-2.0062432552516065,0.8873333079513179,-0.4571529723392755,0.7387428396367118,10000,city × scenario_raw,12
endpoint_unique_source_year_119,time_slice_contrast,any_minus_mean_zone_pp__tau_0p1,,mid_2050s minus baseline_2020s,3.7723155304531666,1.9676152293520397,5.837330490811693,3.777891547961984,0.9935819828060647,10000,city × scenario_raw,12
endpoint_unique_source_year_119,time_slice_contrast,any_minus_mean_zone_pp__tau_0p1,,late_2080s minus baseline_2020s,8.224336107808167,5.256583217468076,11.456356416473673,8.232269172448778,1.580260875238615,10000,city × scenario_raw,12
endpoint_unique_source_year_119,time_slice_level,mean_zone_high_pct__tau_0p15,baseline_2020s,,0.05243427137006209,0.0,0.156064209274673,0.05106661629667258,0.04746493207041567,10000,city × scenario_raw,12
endpoint_unique_source_year_119,time_slice_level,mean_zone_high_pct__tau_0p15,near_2030s,,0.007724632307502159,0.0,0.024587780514504647,0.007806074232998148,0.007356480047078425,10000,city × scenario_raw,12
endpoint_unique_source_year_119,time_slice_level,mean_zone_high_pct__tau_0p15,mid_2050s,,0.05128512132822476,0.009541127873563204,0.10775862068965517,0.05201171076175992,0.02527512730650811,10000,city × scenario_raw,12
endpoint_unique_source_year_119,time_slice_level,mean_zone_high_pct__tau_0p15,late_2080s,,0.3108898137138328,0.145800775215131,0.49609000838122597,0.313474358004094,0.0901920385986968,10000,city × scenario_raw,12
endpoint_unique_source_year_119,time_slice_contrast,mean_zone_high_pct__tau_0p15,,near_2030s minus baseline_2020s,-0.04470963906255993,-0.1503008261494253,0.022505144032921816,-0.04326054206367443,0.048534551314798745,10000,city × scenario_raw,12
endpoint_unique_source_year_119,time_slice_contrast,mean_zone_high_pct__tau_0p15,,mid_2050s minus baseline_2020s,-0.0011491500418373268,-0.11894773595708664,0.09496431196091192,0.0009450944650873384,0.055322964349048,10000,city × scenario_raw,12
endpoint_unique_source_year_119,time_slice_contrast,mean_zone_high_pct__tau_0p15,,late_2080s minus baseline_2020s,0.2584555423437707,0.08361800538706533,0.4647485465889739,0.2624077417074214,0.09812776660033311,10000,city × scenario_raw,12
endpoint_unique_source_year_119,time_slice_level,any_zone_high_pct__tau_0p15,baseline_2020s,,5.510759347337825,3.1080610799994886,8.359097051176791,5.518765681674723,1.333397892712501,10000,city × scenario_raw,12
endpoint_unique_source_year_119,time_slice_level,any_zone_high_pct__tau_0p15,near_2030s,,5.112547892720306,2.8557751225490193,7.938476740672322,5.1638934067487705,1.3179554368582544,10000,city × scenario_raw,12
endpoint_unique_source_year_119,time_slice_level,any_zone_high_pct__tau_0p15,mid_2050s,,7.344947318007663,4.244291321164932,10.6454008538116,7.345566957908036,1.6396838045064013,10000,city × scenario_raw,12
endpoint_unique_source_year_119,time_slice_level,any_zone_high_pct__tau_0p15,late_2080s,,10.274639978861144,6.5380859375,14.55389372250603,10.296242729456967,2.0562704316278655,10000,city × scenario_raw,12
endpoint_unique_source_year_119,time_slice_contrast,any_zone_high_pct__tau_0p15,,near_2030s minus baseline_2020s,-0.3982114546175195,-1.2450117142636088,0.5097353142016072,-0.3548722749259529,0.43529514958826215,10000,city × scenario_raw,12
endpoint_unique_source_year_119,time_slice_contrast,any_zone_high_pct__tau_0p15,,mid_2050s minus baseline_2020s,1.8341879706698379,0.5608488695951933,3.281099628020972,1.8268012762333126,0.7049000710068467,10000,city × scenario_raw,12
endpoint_unique_source_year_119,time_slice_contrast,any_zone_high_pct__tau_0p15,,late_2080s minus baseline_2020s,4.763880631523318,2.218744385336702,7.730926559174932,4.777477047782243,1.4170780596263433,10000,city × scenario_raw,12
endpoint_unique_source_year_119,time_slice_level,hidden_any_zone_pct__tau_0p15,baseline_2020s,,5.458325075967763,3.0500574450557942,8.326760802108693,5.46769906537805,1.3347247972026433,10000,city × scenario_raw,12
endpoint_unique_source_year_119,time_slice_level,hidden_any_zone_pct__tau_0p15,near_2030s,,5.104823260412805,2.855389012645288,7.922157814770775,5.156087332515773,1.3144670611780163,10000,city × scenario_raw,12
endpoint_unique_source_year_119,time_slice_level,hidden_any_zone_pct__tau_0p15,mid_2050s,,7.293662196679438,4.1937476886451766,10.603706318536133,7.2935552471462755,1.6390094753655455,10000,city × scenario_raw,12
endpoint_unique_source_year_119,time_slice_level,hidden_any_zone_pct__tau_0p15,late_2080s,,9.96375016514731,6.276240736878423,14.166878968887469,9.982768371452872,2.0220133521541963,10000,city × scenario_raw,12
endpoint_unique_source_year_119,time_slice_contrast,hidden_any_zone_pct__tau_0p15,,near_2030s minus baseline_2020s,-0.3535018155549583,-1.2004577089352821,0.5367357184561763,-0.31161173286227833,0.4276852550171409,10000,city × scenario_raw,12
endpoint_unique_source_year_119,time_slice_contrast,hidden_any_zone_pct__tau_0p15,,mid_2050s minus baseline_2020s,1.8353371207116753,0.5727574080214165,3.2824397591818557,1.8258561817682253,0.7007491290076718,10000,city × scenario_raw,12
endpoint_unique_source_year_119,time_slice_contrast,hidden_any_zone_pct__tau_0p15,,late_2080s minus baseline_2020s,4.505425089179547,2.069655350378169,7.326769924769437,4.515069306074821,1.347247915099913,10000,city × scenario_raw,12
endpoint_unique_source_year_119,time_slice_level,area_weighted_zone_time_high_pct__tau_0p15,baseline_2020s,,0.4159190018330562,0.22904906499893227,0.6346766384944821,0.41589017126964534,0.10341706030724797,10000,city × scenario_raw,12
endpoint_unique_source_year_119,time_slice_level,area_weighted_zone_time_high_pct__tau_0p15,near_2030s,,0.3813798269861173,0.20407845614080827,0.6049788113991511,0.3854539441176147,0.10461511909468127,10000,city × scenario_raw,12
endpoint_unique_source_year_119,time_slice_level,area_weighted_zone_time_high_pct__tau_0p15,mid_2050s,,0.5570443043600231,0.3135018499893267,0.8199481722872534,0.557287575402965,0.12918760495408946,10000,city × scenario_raw,12
endpoint_unique_source_year_119,time_slice_level,area_weighted_zone_time_high_pct__tau_0p15,late_2080s,,0.8352055221186703,0.5286768042765337,1.1986645646517426,0.8378162603983407,0.1712963632083005,10000,city × scenario_raw,12
endpoint_unique_source_year_119,time_slice_contrast,area_weighted_zone_time_high_pct__tau_0p15,,near_2030s minus baseline_2020s,-0.034539174846938914,-0.13454086947552213,0.0713102298853896,-0.030436227152030728,0.05258368058742779,10000,city × scenario_raw,12
endpoint_unique_source_year_119,time_slice_contrast,area_weighted_zone_time_high_pct__tau_0p15,,mid_2050s minus baseline_2020s,0.14112530252696687,0.010052156822670135,0.2783823666827105,0.14139740413331953,0.06833185650439146,10000,city × scenario_raw,12
endpoint_unique_source_year_119,time_slice_contrast,area_weighted_zone_time_high_pct__tau_0p15,,late_2080s minus baseline_2020s,0.4192865202856141,0.17493384187870492,0.7084485029000229,0.4219260891286953,0.13674306414602072,10000,city × scenario_raw,12
endpoint_unique_source_year_119,time_slice_level,any_minus_mean_zone_pp__tau_0p15,baseline_2020s,,5.458325075967763,3.0500574450557942,8.326760802108693,5.46769906537805,1.3347247972026433,10000,city × scenario_raw,12
endpoint_unique_source_year_119,time_slice_level,any_minus_mean_zone_pp__tau_0p15,near_2030s,,5.104823260412805,2.855389012645288,7.922157814770775,5.156087332515773,1.3144670611780163,10000,city × scenario_raw,12
endpoint_unique_source_year_119,time_slice_level,any_minus_mean_zone_pp__tau_0p15,mid_2050s,,7.2936621966794375,4.1937476886451766,10.603706318536133,7.293555247146277,1.6390094753655455,10000,city × scenario_raw,12
endpoint_unique_source_year_119,time_slice_level,any_minus_mean_zone_pp__tau_0p15,late_2080s,,9.96375016514731,6.276240736878423,14.166878968887469,9.982768371452872,2.0220133521541968,10000,city × scenario_raw,12
endpoint_unique_source_year_119,time_slice_contrast,any_minus_mean_zone_pp__tau_0p15,,near_2030s minus baseline_2020s,-0.3535018155549583,-1.2004577089352813,0.5367357184561763,-0.31161173286227833,0.42768525501714083,10000,city × scenario_raw,12
endpoint_unique_source_year_119,time_slice_contrast,any_minus_mean_zone_pp__tau_0p15,,mid_2050s minus baseline_2020s,1.8353371207116744,0.5727574080214165,3.2824397591818557,1.8258561817682253,0.7007491290076718,10000,city × scenario_raw,12
endpoint_unique_source_year_119,time_slice_contrast,any_minus_mean_zone_pp__tau_0p15,,late_2080s minus baseline_2020s,4.505425089179547,2.069655350378169,7.326769924769437,4.515069306074821,1.347247915099913,10000,city × scenario_raw,12
endpoint_unique_source_year_119,time_slice_level,mean_zone_high_pct__tau_0p2,baseline_2020s,,0.04273186682520808,0.0,0.12819560047562426,0.041605057867194456,0.039021587470211144,10000,city × scenario_raw,12
endpoint_unique_source_year_119,time_slice_level,mean_zone_high_pct__tau_0p2,near_2030s,,0.0005793474230626613,0.0,0.0019242610837438394,0.0005858288968773279,0.0005822184100502373,10000,city × scenario_raw,12
endpoint_unique_source_year_119,time_slice_level,mean_zone_high_pct__tau_0p2,mid_2050s,,0.014966475095785437,0.0,0.0400482230149293,0.015251383165912262,0.010529991172294789,10000,city × scenario_raw,12
endpoint_unique_source_year_119,time_slice_level,mean_zone_high_pct__tau_0p2,late_2080s,,0.1003269916765755,0.030573301518883406,0.19065224930638122,0.1015635382026242,0.040926797354891874,10000,city × scenario_raw,12
endpoint_unique_source_year_119,time_slice_contrast,mean_zone_high_pct__tau_0p2,,near_2030s minus baseline_2020s,-0.04215251940214542,-0.12703690562949893,0.00179597701149425,-0.04101922897031712,0.03907870786424443,10000,city × scenario_raw,12
endpoint_unique_source_year_119,time_slice_contrast,mean_zone_high_pct__tau_0p2,,mid_2050s minus baseline_2020s,-0.027765391729422648,-0.11624308292719326,0.03325883354618986,-0.026353674701282193,0.04130914570978415,10000,city × scenario_raw,12
endpoint_unique_source_year_119,time_slice_contrast,mean_zone_high_pct__tau_0p2,,late_2080s minus baseline_2020s,0.05759512485136741,-0.023548614739347516,0.15916278570484865,0.05995848033542975,0.04648179754795779,10000,city × scenario_raw,12
endpoint_unique_source_year_119,time_slice_level,any_zone_high_pct__tau_0p2,baseline_2020s,,0.3038710529792575,0.12779047347734176,0.5057876022733704,0.3044377655339131,0.097632703070128,10000,city × scenario_raw,12
endpoint_unique_source_year_119,time_slice_level,any_zone_high_pct__tau_0p2,near_2030s,,0.35494685452972435,0.1423215223705351,0.6307219179268851,0.3575465866634325,0.12541026639996183,10000,city × scenario_raw,12
endpoint_unique_source_year_119,time_slice_level,any_zone_high_pct__tau_0p2,mid_2050s,,0.5922733077905491,0.1824036034283206,1.1398777452791458,0.5948516440470053,0.2505437646923365,10000,city × scenario_raw,12
endpoint_unique_source_year_119,time_slice_level,any_zone_high_pct__tau_0p2,late_2080s,,1.4475161844365174,0.5461276418242491,2.7180294711275295,1.4458804422816052,0.5756044041802725,10000,city × scenario_raw,12
endpoint_unique_source_year_119,time_slice_contrast,any_zone_high_pct__tau_0p2,,near_2030s minus baseline_2020s,0.05107580155046687,-0.14142882932044137,0.2651551766517002,0.05310882112951933,0.10232528936761942,10000,city × scenario_raw,12
endpoint_unique_source_year_119,time_slice_contrast,any_zone_high_pct__tau_0p2,,mid_2050s minus baseline_2020s,0.2884022548112916,-0.1254022240181992,0.7862282534741226,0.29041387851309214,0.23414483464784905,10000,city × scenario_raw,12
endpoint_unique_source_year_119,time_slice_contrast,any_zone_high_pct__tau_0p2,,late_2080s minus baseline_2020s,1.14364513145726,0.22728093718093073,2.369058159555742,1.1414426767476922,0.5628527740327115,10000,city × scenario_raw,12
endpoint_unique_source_year_119,time_slice_level,hidden_any_zone_pct__tau_0p2,baseline_2020s,,0.2611391861540494,0.1102958665518531,0.4536547810324228,0.26283270766671873,0.08894690385560639,10000,city × scenario_raw,12
endpoint_unique_source_year_119,time_slice_level,hidden_any_zone_pct__tau_0p2,near_2030s,,0.3543675071066617,0.1423215223705351,0.6290249127668306,0.35696075776655517,0.12497675561874884,10000,city × scenario_raw,12
endpoint_unique_source_year_119,time_slice_level,hidden_any_zone_pct__tau_0p2,mid_2050s,,0.5773068326947637,0.16782391314423434,1.1278418485449735,0.579600260881093,0.2511220286196876,10000,city × scenario_raw,12
endpoint_unique_source_year_119,time_slice_level,hidden_any_zone_pct__tau_0p2,late_2080s,,1.3471891927599418,0.44984413485221675,2.6217027307107914,1.3443169040789813,0.5792618412921399,10000,city × scenario_raw,12
endpoint_unique_source_year_119,time_slice_contrast,hidden_any_zone_pct__tau_0p2,,near_2030s minus baseline_2020s,0.0932283209526123,-0.04587285762359847,0.27762031440378115,0.09412805009983646,0.08219541409866088,10000,city × scenario_raw,12
endpoint_unique_source_year_119,time_slice_contrast,hidden_any_zone_pct__tau_0p2,,mid_2050s minus baseline_2020s,0.3161676465407143,-0.07384288107106923,0.8000804748232446,0.31676755321437433,0.22631776816571786,10000,city × scenario_raw,12
endpoint_unique_source_year_119,time_slice_contrast,hidden_any_zone_pct__tau_0p2,,late_2080s minus baseline_2020s,1.0860500066058925,0.17426877587307868,2.304393331351565,1.0814841964122626,0.5623594815013674,10000,city × scenario_raw,12
endpoint_unique_source_year_119,time_slice_level,area_weighted_zone_time_high_pct__tau_0p2,baseline_2020s,,0.03835565524588831,0.007494765497679569,0.08579569998898008,0.03787115546345874,0.021671173290414836,10000,city × scenario_raw,12
endpoint_unique_source_year_119,time_slice_level,area_weighted_zone_time_high_pct__tau_0p2,near_2030s,,0.020583000633548974,0.008152252068236457,0.03715206898853158,0.02072852519080652,0.00740079656733568,10000,city × scenario_raw,12
endpoint_unique_source_year_119,time_slice_level,area_weighted_zone_time_high_pct__tau_0p2,mid_2050s,,0.039102566787981775,0.013122136525841384,0.07317603063320083,0.03933760095471396,0.015493853153961719,10000,city × scenario_raw,12
endpoint_unique_source_year_119,time_slice_level,area_weighted_zone_time_high_pct__tau_0p2,late_2080s,,0.11722901528686848,0.05560497810045535,0.19136306934953573,0.11769837945992503,0.035177541964452226,10000,city × scenario_raw,12
endpoint_unique_source_year_119,time_slice_contrast,area_weighted_zone_time_high_pct__tau_0p2,,near_2030s minus baseline_2020s,-0.017772654612339338,-0.06774851735990003,0.01587835762500787,-0.01714263027265222,0.023043291682781956,10000,city × scenario_raw,12
endpoint_unique_source_year_119,time_slice_contrast,area_weighted_zone_time_high_pct__tau_0p2,,mid_2050s minus baseline_2020s,0.0007469115420934633,-0.05624962203271687,0.049239704574435876,0.0014664454912552251,0.027283003266500423,10000,city × scenario_raw,12
endpoint_unique_source_year_119,time_slice_contrast,area_weighted_zone_time_high_pct__tau_0p2,,late_2080s minus baseline_2020s,0.07887336004098017,0.004539330668108394,0.16341516833080283,0.0798272239964663,0.0408804221330643,10000,city × scenario_raw,12
endpoint_unique_source_year_119,time_slice_level,any_minus_mean_zone_pp__tau_0p2,baseline_2020s,,0.2611391861540494,0.11029586655185311,0.4536547810324228,0.26283270766671873,0.08894690385560639,10000,city × scenario_raw,12
endpoint_unique_source_year_119,time_slice_level,any_minus_mean_zone_pp__tau_0p2,near_2030s,,0.3543675071066617,0.1423215223705351,0.6290249127668308,0.35696075776655517,0.12497675561874885,10000,city × scenario_raw,12
endpoint_unique_source_year_119,time_slice_level,any_minus_mean_zone_pp__tau_0p2,mid_2050s,,0.5773068326947637,0.16782391314423434,1.1278418485449735,0.579600260881093,0.2511220286196876,10000,city × scenario_raw,12
endpoint_unique_source_year_119,time_slice_level,any_minus_mean_zone_pp__tau_0p2,late_2080s,,1.3471891927599418,0.44984413485221675,2.6217027307107914,1.3443169040789813,0.57926184129214,10000,city × scenario_raw,12
endpoint_unique_source_year_119,time_slice_contrast,any_minus_mean_zone_pp__tau_0p2,,near_2030s minus baseline_2020s,0.0932283209526123,-0.04587285762359847,0.27762031440378115,0.09412805009983646,0.0821954140986609,10000,city × scenario_raw,12
endpoint_unique_source_year_119,time_slice_contrast,any_minus_mean_zone_pp__tau_0p2,,mid_2050s minus baseline_2020s,0.3161676465407143,-0.07384288107106923,0.8000804748232446,0.31676755321437433,0.22631776816571786,10000,city × scenario_raw,12
endpoint_unique_source_year_119,time_slice_contrast,any_minus_mean_zone_pp__tau_0p2,,late_2080s minus baseline_2020s,1.0860500066058925,0.17426877587307868,2.304393331351565,1.0814841964122626,0.5623594815013674,10000,city × scenario_raw,12
