weather_body_sha256,city,scenario,time_slice,weather_year,zone,position,floor,orientation,mean_air_temp_c_occ,mean_mrt_c_occ,mean_operative_temp_c_occ,p95_operative_temp_c_occ,mean_mrt_minus_air_c_occ,mean_rh_pct_occ,mean_p_tail_occ,p95_p_tail_occ,high_tail_pct_occ,mean_warm_tail_occ,mean_cold_tail_occ
030357a742e1aced7e6ebc9194ba884d9914eb7f405e13b19c92d6884b492d0c,Guangzhou,ssp585,mid_2050s,2050,core_bottom,core,bottom,core,24.578069013600697,26.51579569597055,25.54693235478562,27.438757001071142,1.9377266823698471,48.3253584561913,0.09309817068216623,0.2030697949230671,5.136494252873564,0.06528899130659888,0.02780917937556735
030357a742e1aced7e6ebc9194ba884d9914eb7f405e13b19c92d6884b492d0c,Guangzhou,ssp585,mid_2050s,2050,core_mid,core,middle,core,24.872389661626467,26.272741119293418,25.572565390459943,28.04638596659944,1.400351457666951,49.87364676891905,0.10256069142155257,0.27937656827270985,12.47006704980843,0.0750446666576351,0.027516024763917464
030357a742e1aced7e6ebc9194ba884d9914eb7f405e13b19c92d6884b492d0c,Guangzhou,ssp585,mid_2050s,2050,core_top,core,top,core,24.622791989503494,26.142301848030208,25.382546918766856,27.994526004287334,1.5195098585267173,49.40266861179023,0.09503700851172969,0.27900369837880135,9.91977969348659,0.06584252942394968,0.029194479087780015
030357a742e1aced7e6ebc9194ba884d9914eb7f405e13b19c92d6884b492d0c,Guangzhou,ssp585,mid_2050s,2050,perimeter_bot_zn_1,perimeter,bottom,south,25.17717861924322,26.928139826416878,26.05265922283005,29.357740219443933,1.7509612071736536,52.87873528374509,0.1438712955164279,0.36242173961363733,27.783764367816094,0.1184224234155729,0.025448872100855013
030357a742e1aced7e6ebc9194ba884d9914eb7f405e13b19c92d6884b492d0c,Guangzhou,ssp585,mid_2050s,2050,perimeter_bot_zn_2,perimeter,bottom,east,24.308720305330166,26.26170866160447,25.285214483467318,27.63358985455353,1.952988356274307,50.859429999892356,0.08838413610430919,0.20557191967964172,6.920498084291188,0.05801008092259571,0.030374055181713475
030357a742e1aced7e6ebc9194ba884d9914eb7f405e13b19c92d6884b492d0c,Guangzhou,ssp585,mid_2050s,2050,perimeter_bot_zn_3,perimeter,bottom,north,24.721820639736812,26.25495884278773,25.48838974126227,28.268494137464113,1.533138203050917,49.67167989754383,0.10405640069224305,0.27900369837880135,10.602250957854405,0.07527114997514867,0.028785250717094386
030357a742e1aced7e6ebc9194ba884d9914eb7f405e13b19c92d6884b492d0c,Guangzhou,ssp585,mid_2050s,2050,perimeter_bot_zn_4,perimeter,bottom,west,24.273711812323526,26.366550588344012,25.320131200333773,27.44676227520491,2.0928387760204865,50.74491069650488,0.08747250033223375,0.2030697949230671,6.130268199233716,0.05753246555723726,0.02994003477499649
030357a742e1aced7e6ebc9194ba884d9914eb7f405e13b19c92d6884b492d0c,Guangzhou,ssp585,mid_2050s,2050,perimeter_mid_zn_1,perimeter,middle,south,25.236871512749733,27.129953849106926,26.18341268092833,29.288687238577715,1.8930823363571883,48.92364394495675,0.1437604887077531,0.37082353606820107,23.49137931034483,0.11953187987688524,0.024228608830867852
030357a742e1aced7e6ebc9194ba884d9914eb7f405e13b19c92d6884b492d0c,Guangzhou,ssp585,mid_2050s,2050,perimeter_mid_zn_2,perimeter,middle,east,24.360569233087027,26.522650847537285,25.44161004031216,27.91641996675098,2.1620816144502624,51.498513685472986,0.09687651996727989,0.27900369837880135,11.33860153256705,0.06790055465814034,0.028975965309139564
030357a742e1aced7e6ebc9194ba884d9914eb7f405e13b19c92d6884b492d0c,Guangzhou,ssp585,mid_2050s,2050,perimeter_mid_zn_3,perimeter,middle,north,24.918260951521933,26.62273564200607,25.770498296764003,28.913154127383823,1.704474690484132,50.081054342736486,0.12039808671517495,0.36242173961363733,17.678400383141764,0.09337785497640744,0.027020231738767518
030357a742e1aced7e6ebc9194ba884d9914eb7f405e13b19c92d6884b492d0c,Guangzhou,ssp585,mid_2050s,2050,perimeter_mid_zn_4,perimeter,middle,west,24.315242485987962,26.60306777827882,25.459155132133393,27.76832818105372,2.287825292290861,51.73901767677801,0.09456647247477132,0.2619786560535431,9.77610153256705,0.0659258776694274,0.02864059480534393
030357a742e1aced7e6ebc9194ba884d9914eb7f405e13b19c92d6884b492d0c,Guangzhou,ssp585,mid_2050s,2050,perimeter_top_zn_1,perimeter,top,south,24.897781359735475,26.932094146240708,25.914937752988088,29.14382858413789,2.034312786505229,48.76149881632705,0.12790843876642627,0.36548264790326357,18.127394636015325,0.10173397176917749,0.02617446699724876
030357a742e1aced7e6ebc9194ba884d9914eb7f405e13b19c92d6884b492d0c,Guangzhou,ssp585,mid_2050s,2050,perimeter_top_zn_2,perimeter,top,east,24.309071751332908,26.484360461445874,25.396716106389388,28.05727531055902,2.175288710112965,50.92859150169879,0.0970339812003686,0.29288436844944954,10.943486590038313,0.06730846798026682,0.029725513220101776
030357a742e1aced7e6ebc9194ba884d9914eb7f405e13b19c92d6884b492d0c,Guangzhou,ssp585,mid_2050s,2050,perimeter_top_zn_3,perimeter,top,north,24.67750274668391,26.482161114573053,25.579831930628487,28.84634622222731,1.8046583678891406,49.73832706752916,0.11158893492766518,0.3101632185280323,14.403735632183908,0.08296040968922185,0.028628525238443333
030357a742e1aced7e6ebc9194ba884d9914eb7f405e13b19c92d6884b492d0c,Guangzhou,ssp585,mid_2050s,2050,perimeter_top_zn_4,perimeter,top,west,24.213804885207555,26.526415693731018,25.370110289469288,27.82409257259209,2.3126108085234605,51.08618246819035,0.09246852346640484,0.27900369837880135,9.267241379310345,0.06278903661781951,0.029679486848585332
049155beb917b95aa396b2ee4456f2a57d735fc17e9a513b518541c264cd893d,Ahmedabad,ssp585,baseline_2020s,2025,core_bottom,core,bottom,core,24.551807303566704,26.676431113799378,25.614119208683043,27.90726633864585,2.1246238102326704,48.63119087815573,0.09658049129944749,0.27900369837880135,7.740660919540229,0.06582946543385751,0.03075102586558997
049155beb917b95aa396b2ee4456f2a57d735fc17e9a513b518541c264cd893d,Ahmedabad,ssp585,baseline_2020s,2025,core_mid,core,middle,core,24.874105931573936,26.49034872643113,25.682227329002536,28.4699305678873,1.6162427948571914,50.095487504493924,0.10581905295866016,0.3101632185280323,12.984913793103448,0.07679152823162802,0.029027524727032145
049155beb917b95aa396b2ee4456f2a57d735fc17e9a513b518541c264cd893d,Ahmedabad,ssp585,baseline_2020s,2025,core_top,core,top,core,24.66114112975271,26.454712191356737,25.557926660554724,28.24906724350291,1.793571061604029,49.46010587465174,0.0994375926028802,0.3101632185280323,11.38050766283525,0.06926120130810887,0.03017639129477133
049155beb917b95aa396b2ee4456f2a57d735fc17e9a513b518541c264cd893d,Ahmedabad,ssp585,baseline_2020s,2025,perimeter_bot_zn_1,perimeter,bottom,south,25.96564596749162,28.01520555389534,26.990425760693476,29.944796899355833,2.049559586403717,49.28442310811073,0.20255610581362918,0.4414338655769825,43.13338122605364,0.1817015768659936,0.02085452894763555
049155beb917b95aa396b2ee4456f2a57d735fc17e9a513b518541c264cd893d,Ahmedabad,ssp585,baseline_2020s,2025,perimeter_bot_zn_2,perimeter,bottom,east,24.50391594025676,27.04155816148059,25.772737050868677,28.282269790750973,2.537642221223838,49.54539456710848,0.10567987918541757,0.3021327266469598,11.045258620689655,0.07632594203471181,0.029353937150705767
049155beb917b95aa396b2ee4456f2a57d735fc17e9a513b518541c264cd893d,Ahmedabad,ssp585,baseline_2020s,2025,perimeter_bot_zn_3,perimeter,bottom,north,24.74319845626694,26.50815185306998,25.62567515466846,28.460499553160634,1.7649533968030373,49.37500138311479,0.10167734804431644,0.3101632185280323,10.775862068965516,0.07238196303732997,0.029295385006986474
049155beb917b95aa396b2ee4456f2a57d735fc17e9a513b518541c264cd893d,Ahmedabad,ssp585,baseline_2020s,2025,perimeter_bot_zn_4,perimeter,bottom,west,24.402840995514733,26.943385545629862,25.673113270572298,27.906145981234424,2.540544550115128,49.923687183410905,0.09842067385441178,0.27900369837880135,9.26125478927203,0.06861812361901656,0.029802550235395214
049155beb917b95aa396b2ee4456f2a57d735fc17e9a513b518541c264cd893d,Ahmedabad,ssp585,baseline_2020s,2025,perimeter_mid_zn_1,perimeter,middle,south,25.63810347073814,27.923285631409847,26.780694551073992,29.844027479489604,2.2851821606717015,48.030773612232416,0.18808952887918945,0.4506448341999203,36.55411877394636,0.16559341326336977,0.022496115615819667
049155beb917b95aa396b2ee4456f2a57d735fc17e9a513b518541c264cd893d,Ahmedabad,ssp585,baseline_2020s,2025,perimeter_mid_zn_2,perimeter,middle,east,24.491458686252486,27.172668378386884,25.83206353231969,28.61504475918536,2.681209692134399,50.83867274556235,0.10640307625691717,0.3021327266469598,12.278496168582375,0.07780968575545237,0.028593390501464803
049155beb917b95aa396b2ee4456f2a57d735fc17e9a513b518541c264cd893d,Ahmedabad,ssp585,baseline_2020s,2025,perimeter_mid_zn_3,perimeter,middle,north,24.89376368561231,26.852774259578542,25.873268972595426,29.125276863300062,1.9590105739662345,50.15664491789194,0.11378190800948976,0.3101632185280323,15.044300766283525,0.08587747419274624,0.02790443381674352
049155beb917b95aa396b2ee4456f2a57d735fc17e9a513b518541c264cd893d,Ahmedabad,ssp585,baseline_2020s,2025,perimeter_mid_zn_4,perimeter,middle,west,24.428781368889,27.108546714243502,25.76866404156625,28.284276627181757,2.6797653453545025,51.30864724512715,0.102155562687289,0.29288436844944954,11.344588122605364,0.07347262917513338,0.02868293351215561
049155beb917b95aa396b2ee4456f2a57d735fc17e9a513b518541c264cd893d,Ahmedabad,ssp585,baseline_2020s,2025,perimeter_top_zn_1,perimeter,top,south,25.281529315214925,27.77469485842153,26.528112086818226,29.577955673062036,2.4931655432066084,47.80614623168187,0.1689878952104688,0.4282721318304539,31.872605363984675,0.14482479164177478,0.024163103568694045
049155beb917b95aa396b2ee4456f2a57d735fc17e9a513b518541c264cd893d,Ahmedabad,ssp585,baseline_2020s,2025,perimeter_top_zn_2,perimeter,top,east,24.461875990511547,27.207885506560324,25.834880748535937,28.719257407023058,2.746009516048775,50.08714968078173,0.1067785237019087,0.3101632185280323,11.901340996168583,0.07824854586705864,0.028529977834850066
049155beb917b95aa396b2ee4456f2a57d735fc17e9a513b518541c264cd893d,Ahmedabad,ssp585,baseline_2020s,2025,perimeter_top_zn_3,perimeter,top,north,24.72369585887312,26.81498106924161,25.769338464057366,28.97761320035807,2.0912852103684854,49.577611014023006,0.10905700813352454,0.3101632185280323,13.76317049808429,0.08017542503643255,0.028881583097091986
049155beb917b95aa396b2ee4456f2a57d735fc17e9a513b518541c264cd893d,Ahmedabad,ssp585,baseline_2020s,2025,perimeter_top_zn_4,perimeter,top,west,24.361971216371952,27.111366710285484,25.736668963328718,28.182648646921844,2.749395493913534,50.5153712876849,0.10049035710393743,0.29288436844944954,10.374760536398467,0.071610962292175,0.02887939481176242
06c0abc22bb6005fad99ea9270dccc647783a63293e80291b72a45f61b90c0d0,Guangzhou,ssp585,late_2080s,2087,core_bottom,core,bottom,core,24.82061380023333,26.878385665903224,25.84949973306828,27.7692897681258,2.057771865669897,51.11223436345615,0.10767726799308357,0.25947653129696846,10.147270114942529,0.08066925102973292,0.027008016963350638
06c0abc22bb6005fad99ea9270dccc647783a63293e80291b72a45f61b90c0d0,Guangzhou,ssp585,late_2080s,2087,core_mid,core,middle,core,25.235950338139503,26.727963518959385,25.98195692854944,28.324286358976327,1.4920131808198773,52.728340030528564,0.12612569011605718,0.3101632185280323,21.563697318007662,0.1001880947372009,0.025937595378856287
06c0abc22bb6005fad99ea9270dccc647783a63293e80291b72a45f61b90c0d0,Guangzhou,ssp585,late_2080s,2087,core_top,core,top,core,24.919067890114643,26.602417588049843,25.76074273908224,28.144765829775388,1.6833496979351954,52.13314364702944,0.11089322451876253,0.29288436844944954,16.45713601532567,0.08356656720308708,0.02732665731567545
06c0abc22bb6005fad99ea9270dccc647783a63293e80291b72a45f61b90c0d0,Guangzhou,ssp585,late_2080s,2087,perimeter_bot_zn_1,perimeter,bottom,south,25.944242236261566,27.806580788419904,26.875411512340733,29.806978058244173,1.8623385521583367,55.45749241494835,0.18898527903156823,0.38957223668694496,43.28304597701149,0.16805032716666604,0.02093495186490218
06c0abc22bb6005fad99ea9270dccc647783a63293e80291b72a45f61b90c0d0,Guangzhou,ssp585,late_2080s,2087,perimeter_bot_zn_2,perimeter,bottom,east,24.566938480397585,26.814611214657496,25.69077484752754,27.799885615579235,2.2476727342599143,53.182762485644254,0.10234500415959052,0.27900369837880135,12.697557471264368,0.07467166567399698,0.027673338485593547
06c0abc22bb6005fad99ea9270dccc647783a63293e80291b72a45f61b90c0d0,Guangzhou,ssp585,late_2080s,2087,perimeter_bot_zn_3,perimeter,bottom,north,25.136843895508296,26.870177307527072,26.003510601517682,28.477672205441447,1.7333334120187742,51.67742272650611,0.12639262562680273,0.3101632185280323,17.810105363984675,0.10054602158164215,0.025846604045160572
06c0abc22bb6005fad99ea9270dccc647783a63293e80291b72a45f61b90c0d0,Guangzhou,ssp585,late_2080s,2087,perimeter_bot_zn_4,perimeter,bottom,west,24.489615406580178,26.90953937097623,25.6995773887782,27.69783106282703,2.419923964396051,53.23087868241347,0.09997135206874794,0.27900369837880135,11.23682950191571,0.07200116405096949,0.02797018801777845
06c0abc22bb6005fad99ea9270dccc647783a63293e80291b72a45f61b90c0d0,Guangzhou,ssp585,late_2080s,2087,perimeter_mid_zn_1,perimeter,middle,south,25.839534798976747,27.90208444713924,26.870809623057994,29.706122889120408,2.062549648162491,51.20190289795741,0.19226176427340852,0.4198947085533291,41.43917624521073,0.1712192182356208,0.021042546037787713
06c0abc22bb6005fad99ea9270dccc647783a63293e80291b72a45f61b90c0d0,Guangzhou,ssp585,late_2080s,2087,perimeter_mid_zn_2,perimeter,middle,east,24.604551538981013,27.05538526056441,25.829968399772707,28.156728074181206,2.450833721583398,54.63097963532077,0.11127835411277733,0.29288436844944954,16.624760536398465,0.08428867285556232,0.026989681257215
06c0abc22bb6005fad99ea9270dccc647783a63293e80291b72a45f61b90c0d0,Guangzhou,ssp585,late_2080s,2087,perimeter_mid_zn_3,perimeter,middle,north,25.342366363809553,27.231003750451652,26.2866850571306,29.143212659943533,1.8886373866420998,52.71339418470365,0.1469108056456789,0.36701315734535456,27.502394636015325,0.1225872754774563,0.0243235301682226
06c0abc22bb6005fad99ea9270dccc647783a63293e80291b72a45f61b90c0d0,Guangzhou,ssp585,late_2080s,2087,perimeter_mid_zn_4,perimeter,middle,west,24.537415639530224,27.137614361878853,25.837515000704542,28.09621361430858,2.600198722348633,54.92761768239774,0.10814276258526132,0.29288436844944954,15.277777777777779,0.08137032633181884,0.02677243625344247
06c0abc22bb6005fad99ea9270dccc647783a63293e80291b72a45f61b90c0d0,Guangzhou,ssp585,late_2080s,2087,perimeter_top_zn_1,perimeter,top,south,25.418260732739668,27.689005736447807,26.55363323459374,29.42256377442586,2.2707450037081447,50.98144866902446,0.1680343406389574,0.38957223668694496,32.076149425287355,0.1451531833251162,0.022881157313841168
06c0abc22bb6005fad99ea9270dccc647783a63293e80291b72a45f61b90c0d0,Guangzhou,ssp585,late_2080s,2087,perimeter_top_zn_2,perimeter,top,east,24.532208262195905,27.032444091660103,25.782326176928006,28.186286105227875,2.500235829464203,53.79779103349846,0.1089643604465048,0.29288436844944954,15.762691570881227,0.08156385769647408,0.02740050275003073
06c0abc22bb6005fad99ea9270dccc647783a63293e80291b72a45f61b90c0d0,Guangzhou,ssp585,late_2080s,2087,perimeter_top_zn_3,perimeter,top,north,25.050378580750063,27.093408556228916,26.07189356848949,28.949112666511457,2.0430299754788512,52.25144481522146,0.132080416987031,0.3624461127910763,21.98874521072797,0.10642080798126727,0.02565960900576373
06c0abc22bb6005fad99ea9270dccc647783a63293e80291b72a45f61b90c0d0,Guangzhou,ssp585,late_2080s,2087,perimeter_top_zn_4,perimeter,top,west,24.400201884101573,27.06695861178215,25.733580247941862,27.930710053546708,2.6667567276805793,54.113422810182215,0.10212991392557784,0.281505823135376,13.026819923371647,0.07449765073266407,0.02763226319291378
0878c640c77cf59b3c456c404a8bc3ccf079e3779cfa8fa778f64b3cd89657be,Ahmedabad,ssp245,late_2080s,2081,core_bottom,core,bottom,core,24.743545102546744,26.908874370049478,25.82620973629811,27.696221300940397,2.16532926750274,50.16192955661972,0.10367518815525459,0.25947653129696846,8.866139846743296,0.07446389171380507,0.029211296441449524
0878c640c77cf59b3c456c404a8bc3ccf079e3779cfa8fa778f64b3cd89657be,Ahmedabad,ssp245,late_2080s,2081,core_mid,core,middle,core,25.18263232129281,26.800191482844806,25.991411902068805,28.354163594139397,1.6175591615519922,51.68056627077454,0.1231384628231127,0.3101632185280323,20.55795019157088,0.09606644056305437,0.027072022260058316
0878c640c77cf59b3c456c404a8bc3ccf079e3779cfa8fa778f64b3cd89657be,Ahmedabad,ssp245,late_2080s,2081,core_top,core,top,core,24.897931574217655,26.735454588167737,25.816693081192692,28.193065649255626,1.8375230139500818,50.970125259483744,0.1121035857653331,0.3101632185280323,16.169779693486593,0.08359064957572118,0.02851293618961191
0878c640c77cf59b3c456c404a8bc3ccf079e3779cfa8fa778f64b3cd89657be,Ahmedabad,ssp245,late_2080s,2081,perimeter_bot_zn_1,perimeter,bottom,south,26.47732839159058,28.49416567636055,27.485747033975564,30.060986498293747,2.0168372847699714,50.3498424827202,0.24557611132356746,0.5243842436466366,57.189894636015325,0.2272275844129459,0.01834852691062158
0878c640c77cf59b3c456c404a8bc3ccf079e3779cfa8fa778f64b3cd89657be,Ahmedabad,ssp245,late_2080s,2081,perimeter_bot_zn_2,perimeter,bottom,east,24.654819268882846,27.323944539599243,25.989381904241043,28.10251291906332,2.6691252707164037,51.09003191923507,0.11487519422735204,0.29288436844944954,14.906609195402298,0.08687912837044208,0.027996065856909967
0878c640c77cf59b3c456c404a8bc3ccf079e3779cfa8fa778f64b3cd89657be,Ahmedabad,ssp245,late_2080s,2081,perimeter_bot_zn_3,perimeter,bottom,north,25.025636695203115,26.859197951275206,25.94241732323916,28.30801341179456,1.8335612560720902,50.536472067419545,0.11911171381314949,0.3101632185280323,17.037835249042146,0.09165117100282158,0.027460542810327906
0878c640c77cf59b3c456c404a8bc3ccf079e3779cfa8fa778f64b3cd89657be,Ahmedabad,ssp245,late_2080s,2081,perimeter_bot_zn_4,perimeter,bottom,west,24.511932449775138,27.1982465021047,25.85508947593992,27.855942510164805,2.6863140523295557,51.57401095010235,0.10527914042425252,0.281505823135376,11.26676245210728,0.07663076616736919,0.028648374256883324
0878c640c77cf59b3c456c404a8bc3ccf079e3779cfa8fa778f64b3cd89657be,Ahmedabad,ssp245,late_2080s,2081,perimeter_mid_zn_1,perimeter,middle,south,26.06268625738041,28.36174867116043,27.212217464270424,29.799504479955168,2.299062413780019,49.326262381380005,0.22475444295844357,0.5213801695499569,49.5749521072797,0.20457414050853698,0.020180302449906606
0878c640c77cf59b3c456c404a8bc3ccf079e3779cfa8fa778f64b3cd89657be,Ahmedabad,ssp245,late_2080s,2081,perimeter_mid_zn_2,perimeter,middle,east,24.66153511557196,27.47278897872736,26.06716204714966,28.516221497842864,2.811253863155393,52.792841208498615,0.12179534752354547,0.3101632185280323,18.827825670498086,0.09487948993369678,0.026915857589848685
0878c640c77cf59b3c456c404a8bc3ccf079e3779cfa8fa778f64b3cd89657be,Ahmedabad,ssp245,late_2080s,2081,perimeter_mid_zn_3,perimeter,middle,north,25.239419220700118,27.24116963830451,26.240294429502313,29.071719617751626,2.001750417604389,51.6066649187972,0.14181916118212037,0.37082353606820107,26.10751915708812,0.1162417051440905,0.025577456038029862
0878c640c77cf59b3c456c404a8bc3ccf079e3779cfa8fa778f64b3cd89657be,Ahmedabad,ssp245,late_2080s,2081,perimeter_mid_zn_4,perimeter,middle,west,24.56834528435345,27.389193791930264,25.978769538141858,28.460672765282748,2.8208485075768186,53.3350654031325,0.11438342052100069,0.3101632185280323,15.613026819923373,0.08720411510867784,0.027179305412322843
0878c640c77cf59b3c456c404a8bc3ccf079e3779cfa8fa778f64b3cd89657be,Ahmedabad,ssp245,late_2080s,2081,perimeter_top_zn_1,perimeter,top,south,25.632475263770452,28.17835550224774,26.905415383009096,29.50259118067344,2.5458802384772876,49.04187752754715,0.20007403519088662,0.45121643020538516,42.1036877394636,0.17787518638920555,0.022198848801681065
0878c640c77cf59b3c456c404a8bc3ccf079e3779cfa8fa778f64b3cd89657be,Ahmedabad,ssp245,late_2080s,2081,perimeter_top_zn_2,perimeter,top,east,24.60934605716487,27.496862307929874,26.05310418254737,28.506763147226433,2.8875162507650045,51.84456987855012,0.12117388665357927,0.3101632185280323,18.259099616858236,0.09407467237850776,0.0270992142750715
0878c640c77cf59b3c456c404a8bc3ccf079e3779cfa8fa778f64b3cd89657be,Ahmedabad,ssp245,late_2080s,2081,perimeter_top_zn_3,perimeter,top,north,25.009153133638115,27.175466155123097,26.092309644380602,28.93843346075466,2.166313021484981,50.93435959282345,0.13177951434615187,0.36701315734535456,21.857040229885058,0.10505255427657782,0.026726960069574063
0878c640c77cf59b3c456c404a8bc3ccf079e3779cfa8fa778f64b3cd89657be,Ahmedabad,ssp245,late_2080s,2081,perimeter_top_zn_4,perimeter,top,west,24.459453923211974,27.370361190832195,25.914907557022083,28.41637877384568,2.910907267620219,52.40466093802759,0.11033525032123886,0.3101632185280323,13.864942528735632,0.08263419510816068,0.027701055213078182
0a324963ca2a7caf8b34ea2323e378a8a2290108d22fd622543db16021443f80,Houston,ssp585,near_2030s,2035,core_bottom,core,bottom,core,24.4171601307548,26.342799924552487,25.379980027653644,27.08329644999415,1.9256397937976844,49.35878709953945,0.0843324912456065,0.1872413046658039,2.0174808429118776,0.05444906440552795,0.029883426840078546
0a324963ca2a7caf8b34ea2323e378a8a2290108d22fd622543db16021443f80,Houston,ssp585,near_2030s,2035,core_mid,core,middle,core,24.668855701295186,26.07490244141941,25.3718790713573,27.685928218683152,1.4060467401242216,50.72456598050484,0.08812646338653927,0.25947653129696846,6.573275862068965,0.05890316473085066,0.029223298655688616
0a324963ca2a7caf8b34ea2323e378a8a2290108d22fd622543db16021443f80,Houston,ssp585,near_2030s,2035,core_top,core,top,core,24.468786931258943,25.977953353691248,25.223370142475094,27.611115443795004,1.5091664224323014,50.50312684755142,0.0825979115816223,0.2030697949230671,5.70522030651341,0.05213660194916103,0.030461309632461277
0a324963ca2a7caf8b34ea2323e378a8a2290108d22fd622543db16021443f80,Houston,ssp585,near_2030s,2035,perimeter_bot_zn_1,perimeter,bottom,south,24.863823160909,26.805779555134723,25.83480135802186,28.486973155952686,1.9419563942257194,53.49023715993289,0.12284766355612446,0.3021327266469598,18.732040229885058,0.09619928262498893,0.026648380931135526
0a324963ca2a7caf8b34ea2323e378a8a2290108d22fd622543db16021443f80,Houston,ssp585,near_2030s,2035,perimeter_bot_zn_2,perimeter,bottom,east,24.34306565863562,26.372595362732092,25.357830510683854,27.86353237356722,2.0295297040964795,51.258499071820545,0.09017623714822841,0.25947653129696846,6.4415708812260535,0.06004160753703521,0.0301346296111932
0a324963ca2a7caf8b34ea2323e378a8a2290108d22fd622543db16021443f80,Houston,ssp585,near_2030s,2035,perimeter_bot_zn_3,perimeter,bottom,north,24.480695037243397,25.917211843394018,25.198953440318707,27.45426127749326,1.4365168061506133,51.32136162339522,0.08388878786281845,0.18974342942237854,3.8194444444444446,0.05337437743429671,0.03051441042852174
0a324963ca2a7caf8b34ea2323e378a8a2290108d22fd622543db16021443f80,Houston,ssp585,near_2030s,2035,perimeter_bot_zn_4,perimeter,bottom,west,24.204235712242372,26.2983411548196,25.251288433530984,27.201239591303832,2.0941054425772223,51.60531389954812,0.08087031876454683,0.1872413046658039,2.771791187739464,0.050040466288362014,0.03082985247618481
0a324963ca2a7caf8b34ea2323e378a8a2290108d22fd622543db16021443f80,Houston,ssp585,near_2030s,2035,perimeter_mid_zn_1,perimeter,middle,south,24.895246792445228,26.965862416635908,25.930554604540568,28.548776273886993,2.070615624190676,50.13695513871618,0.12484537682982358,0.3101632185280323,17.355124521072796,0.0987940274269973,0.026051349402826267
0a324963ca2a7caf8b34ea2323e378a8a2290108d22fd622543db16021443f80,Houston,ssp585,near_2030s,2035,perimeter_mid_zn_2,perimeter,middle,east,24.375700841167372,26.576895445654035,25.476298143410702,28.2640711602222,2.201194604486659,51.77274059524939,0.09647200304862472,0.27900369837880135,9.566570881226054,0.0670746253023702,0.029397377746254522
0a324963ca2a7caf8b34ea2323e378a8a2290108d22fd622543db16021443f80,Houston,ssp585,near_2030s,2035,perimeter_mid_zn_3,perimeter,middle,north,24.69328508037107,26.31568646419101,25.504485772281036,28.238542976234463,1.6224013838199411,51.346286697920526,0.10097693179513989,0.2783178761601448,10.919540229885058,0.07222961739383163,0.02874731440130825
0a324963ca2a7caf8b34ea2323e378a8a2290108d22fd622543db16021443f80,Houston,ssp585,near_2030s,2035,perimeter_mid_zn_4,perimeter,middle,west,24.25202129615488,26.5149763410557,25.383498818605286,27.6296914279549,2.2629550449008136,52.35819723489033,0.08831239965812003,0.20557191967964172,6.267959770114942,0.05837887292934119,0.02993352672877883
0a324963ca2a7caf8b34ea2323e378a8a2290108d22fd622543db16021443f80,Houston,ssp585,near_2030s,2035,perimeter_top_zn_1,perimeter,top,south,24.62933906767458,26.81072662680777,25.720032847241175,28.3815643961335,2.1813875591331917,50.2613308288811,0.11169684764552941,0.30947739630937576,13.176484674329503,0.08409106790274783,0.027605779742781573
0a324963ca2a7caf8b34ea2323e378a8a2290108d22fd622543db16021443f80,Houston,ssp585,near_2030s,2035,perimeter_top_zn_2,perimeter,top,east,24.307975632029954,26.535491883313636,25.421733757671795,28.149437787481812,2.2275162512836766,51.681210435049685,0.09589767198438397,0.2619786560535431,9.698275862068966,0.06593459705504147,0.029963074929342505
0a324963ca2a7caf8b34ea2323e378a8a2290108d22fd622543db16021443f80,Houston,ssp585,near_2030s,2035,perimeter_top_zn_3,perimeter,top,north,24.49231996583221,26.20424192574238,25.348280945787295,28.171969778104675,1.7119219599101752,51.33330845576608,0.09471116875998821,0.2619786560535431,8.848180076628353,0.0646201196253537,0.030091049134634503
0a324963ca2a7caf8b34ea2323e378a8a2290108d22fd622543db16021443f80,Houston,ssp585,near_2030s,2035,perimeter_top_zn_4,perimeter,top,west,24.161311370391136,26.450723699644755,25.306017535017947,27.566898229703224,2.289412329253617,52.12350195342177,0.0872087818832481,0.2034426648169756,6.124281609195402,0.056590768395933334,0.030618013487314764
0c6303cb9b5689ce14d007489cf8ca78aacfe83a544f1c739ad6f67fd392898a,Beijing,ssp585,baseline_2020s,2026,core_bottom,core,bottom,core,24.03288459311186,25.483175815433913,24.758030204272888,25.436778509952642,1.4502912223220599,30.794085322675752,0.1020076300794028,0.17945599649101496,2.209051724137931,0.08013765313024758,0.021869976949155236
0c6303cb9b5689ce14d007489cf8ca78aacfe83a544f1c739ad6f67fd392898a,Beijing,ssp585,baseline_2020s,2026,core_mid,core,middle,core,23.906757784089688,24.832760733069986,24.369759258579837,25.43957473223257,0.9260029489802986,32.44257855551131,0.07914061661524444,0.1220385767519474,0.25742337164750956,0.05458164460574798,0.024558972009496454
0c6303cb9b5689ce14d007489cf8ca78aacfe83a544f1c739ad6f67fd392898a,Beijing,ssp585,baseline_2020s,2026,core_top,core,top,core,23.634458402170168,24.432934702957105,24.033696552563637,25.146417749351386,0.7984763007869379,32.5245651694197,0.07419654669421208,0.1114867702126503,0.1736111111111111,0.047049799921986615,0.02714674677222546
0c6303cb9b5689ce14d007489cf8ca78aacfe83a544f1c739ad6f67fd392898a,Beijing,ssp585,baseline_2020s,2026,perimeter_bot_zn_1,perimeter,bottom,south,23.095560117718435,24.974094184462814,24.034827151090624,25.859923860060906,1.878534066744376,33.32970499482034,0.08392935774881853,0.14763779193162918,0.6884578544061303,0.05631180287485316,0.02761755487396537
0c6303cb9b5689ce14d007489cf8ca78aacfe83a544f1c739ad6f67fd392898a,Beijing,ssp585,baseline_2020s,2026,perimeter_bot_zn_2,perimeter,bottom,east,23.421133370117172,24.38430502636713,23.902719198242153,25.415867202766183,0.9631716562499555,34.610828193889716,0.07200929827145586,0.09154035523533821,0.06585249042145594,0.042507735226759186,0.029501563044696675
0c6303cb9b5689ce14d007489cf8ca78aacfe83a544f1c739ad6f67fd392898a,Beijing,ssp585,baseline_2020s,2026,perimeter_bot_zn_3,perimeter,bottom,north,23.2874839774382,23.856011124810266,23.571747551124233,25.251933028631825,0.5685271473720661,34.78216140841728,0.06831486952377143,0.0919598862528801,0.017959770114942528,0.035921951633834784,0.03239291788993664
0c6303cb9b5689ce14d007489cf8ca78aacfe83a544f1c739ad6f67fd392898a,Beijing,ssp585,baseline_2020s,2026,perimeter_bot_zn_4,perimeter,bottom,west,23.46774678826259,24.565639249962768,24.016693019112683,25.5831465895848,1.0978924617001804,34.34004879350663,0.0744795912505512,0.10815531015396118,0.017959770114942528,0.045466540225924675,0.02901305102462652
0c6303cb9b5689ce14d007489cf8ca78aacfe83a544f1c739ad6f67fd392898a,Beijing,ssp585,baseline_2020s,2026,perimeter_mid_zn_1,perimeter,middle,south,23.726325945761133,25.399673256331038,24.562999601046087,26.022792072893083,1.673347310569907,31.499823333254263,0.10141608072089361,0.19503930304199457,4.6994731800766285,0.07724925896186975,0.024166821759023863
0c6303cb9b5689ce14d007489cf8ca78aacfe83a544f1c739ad6f67fd392898a,Beijing,ssp585,baseline_2020s,2026,perimeter_mid_zn_2,perimeter,middle,east,23.47368528486106,24.650009184545354,24.061847234703205,25.622535016887635,1.1763238996842902,33.298818318597704,0.0754945796193605,0.10871973633766174,0.14966475095785442,0.04765200951585807,0.02784257010350243
0c6303cb9b5689ce14d007489cf8ca78aacfe83a544f1c739ad6f67fd392898a,Beijing,ssp585,baseline_2020s,2026,perimeter_mid_zn_3,perimeter,middle,north,23.40807874989588,24.249263770884305,23.82867126039009,25.437921439339817,0.8411850209884292,33.741832515395785,0.07226969424237754,0.0919598862528801,0.19755747126436785,0.04280962588025125,0.02946006836212629
0c6303cb9b5689ce14d007489cf8ca78aacfe83a544f1c739ad6f67fd392898a,Beijing,ssp585,baseline_2020s,2026,perimeter_mid_zn_4,perimeter,middle,west,23.490730486795954,24.78412723918341,24.13742886298968,25.811254639408062,1.2933967523874508,33.38308810448361,0.07850593743257109,0.1220385767519474,0.13769157088122605,0.05100795789092103,0.02749797954165006
0c6303cb9b5689ce14d007489cf8ca78aacfe83a544f1c739ad6f67fd392898a,Beijing,ssp585,baseline_2020s,2026,perimeter_top_zn_1,perimeter,top,south,23.55701694530939,25.08458304332568,24.320799994317536,25.881018614031778,1.5275660980162882,31.609879127036567,0.09533256401999626,0.19451748668215996,3.9750957854406135,0.06940393910483034,0.025928624915165923
0c6303cb9b5689ce14d007489cf8ca78aacfe83a544f1c739ad6f67fd392898a,Beijing,ssp585,baseline_2020s,2026,perimeter_top_zn_2,perimeter,top,east,23.27986647372226,24.325047287763542,23.802456880742902,25.626369495748058,1.0451808140412802,33.90809479967854,0.07330076183092966,0.0919598862528801,0.19157088122605362,0.04287696691666831,0.030423794914261344
0c6303cb9b5689ce14d007489cf8ca78aacfe83a544f1c739ad6f67fd392898a,Beijing,ssp585,baseline_2020s,2026,perimeter_top_zn_3,perimeter,top,north,23.181953620035607,23.897244300528193,23.539598960281896,25.30784642728694,0.715290680492588,33.75269914596394,0.0710773611384608,0.0919598862528801,0.10775862068965517,0.038539905451366166,0.03253745568709464
0c6303cb9b5689ce14d007489cf8ca78aacfe83a544f1c739ad6f67fd392898a,Beijing,ssp585,baseline_2020s,2026,perimeter_top_zn_4,perimeter,top,west,23.302460288918393,24.451615844561886,23.87703806674014,25.87365513669888,1.1491555556434894,33.51540409938224,0.07663041989961207,0.11781846359372139,0.14367816091954022,0.04659630822888004,0.030034111670732017
0f15ec003a246377b68e47921189f1c434a56ad38aea5d8e03b63d02a2fe8b57,Kolkata,ssp245,mid_2050s,2053,core_bottom,core,bottom,core,24.89433630807856,26.937914405489806,25.916125356784182,28.320528043977465,2.0435780974112467,52.63982684455588,0.11338022291669006,0.3101632185280323,14.541427203065135,0.08639326110292428,0.026986961813765788
0f15ec003a246377b68e47921189f1c434a56ad38aea5d8e03b63d02a2fe8b57,Kolkata,ssp245,mid_2050s,2053,core_mid,core,middle,core,25.263773455012135,26.76331882126963,26.013546138140878,28.85051764181312,1.4995453662574978,53.61780728094102,0.12635200862816864,0.3624461127910763,21.92887931034483,0.10017506534453809,0.026176943283630565
0f15ec003a246377b68e47921189f1c434a56ad38aea5d8e03b63d02a2fe8b57,Kolkata,ssp245,mid_2050s,2053,core_top,core,top,core,25.001439610590307,26.69040067675592,25.845920143673116,28.746184031653005,1.6889610661656125,53.13277056990063,0.11837774594854378,0.31721766758710146,20.073036398467433,0.09102122773559294,0.027356518212950837
0f15ec003a246377b68e47921189f1c434a56ad38aea5d8e03b63d02a2fe8b57,Kolkata,ssp245,mid_2050s,2053,perimeter_bot_zn_1,perimeter,bottom,south,26.02368791556236,27.895081670058627,26.95938479281049,29.648891087128362,1.8713937544962664,56.90544426327563,0.18805819648616892,0.37435782700777054,44.701867816091955,0.16778093344169326,0.02027726304447566
0f15ec003a246377b68e47921189f1c434a56ad38aea5d8e03b63d02a2fe8b57,Kolkata,ssp245,mid_2050s,2053,perimeter_bot_zn_2,perimeter,bottom,east,24.634909842735706,26.925462532732112,25.78018618773391,28.170585864943845,2.2905526899964106,54.428869451310646,0.10666094228211989,0.3059431053698063,14.409722222222221,0.07925903394585698,0.027401908336262912
0f15ec003a246377b68e47921189f1c434a56ad38aea5d8e03b63d02a2fe8b57,Kolkata,ssp245,mid_2050s,2053,perimeter_bot_zn_3,perimeter,bottom,north,25.133900482141268,26.895466032014323,26.014683257077795,28.798803625575996,1.76156554987306,53.135967592665715,0.12370021487642512,0.3624461127910763,18.582375478927204,0.09809820797762493,0.025602006898800194
0f15ec003a246377b68e47921189f1c434a56ad38aea5d8e03b63d02a2fe8b57,Kolkata,ssp245,mid_2050s,2053,perimeter_bot_zn_4,perimeter,bottom,west,24.478727744256858,26.7980062719382,25.63836700809753,27.84788434726028,2.319278527681346,54.93471356888153,0.09675354441482675,0.28028683201409876,11.302681992337165,0.06832898036571008,0.028424564049116665
0f15ec003a246377b68e47921189f1c434a56ad38aea5d8e03b63d02a2fe8b57,Kolkata,ssp245,mid_2050s,2053,perimeter_mid_zn_1,perimeter,middle,south,25.885580044365774,27.965660221316604,26.925620132841193,30.000730855150714,2.080080176950828,51.833259249466145,0.18924877264983955,0.4198947085533291,40.888409961685824,0.16852691723591331,0.02072185541392626
0f15ec003a246377b68e47921189f1c434a56ad38aea5d8e03b63d02a2fe8b57,Kolkata,ssp245,mid_2050s,2053,perimeter_mid_zn_2,perimeter,middle,east,24.71916893465923,27.181284751054193,25.95022684285671,28.808642141170044,2.4621158163949635,55.05608313018801,0.1177881810354809,0.3101632185280323,19.659961685823752,0.09103102762098433,0.026757153414496578
0f15ec003a246377b68e47921189f1c434a56ad38aea5d8e03b63d02a2fe8b57,Kolkata,ssp245,mid_2050s,2053,perimeter_mid_zn_3,perimeter,middle,north,25.351816612612172,27.26411703925518,26.307966825933676,29.66937940468316,1.9123004266430033,53.43489468521919,0.14217588046217855,0.37082353606820107,26.514607279693486,0.11781618927455582,0.024359691187622733
0f15ec003a246377b68e47921189f1c434a56ad38aea5d8e03b63d02a2fe8b57,Kolkata,ssp245,mid_2050s,2053,perimeter_mid_zn_4,perimeter,middle,west,24.585910058227828,27.081470888008784,25.83369047311831,28.48536128798168,2.495560829780953,55.69022677328222,0.10829519998041112,0.3021327266469598,16.217672413793103,0.0810118288875462,0.027283371092864914
0f15ec003a246377b68e47921189f1c434a56ad38aea5d8e03b63d02a2fe8b57,Kolkata,ssp245,mid_2050s,2053,perimeter_top_zn_1,perimeter,top,south,25.493394796295213,27.787988793550674,26.64069179492295,29.884325553887624,2.2945939972554634,51.74633691033258,0.16886497037978948,0.38576185796409845,34.440852490421456,0.14632731547637823,0.022537654903411246
0f15ec003a246377b68e47921189f1c434a56ad38aea5d8e03b63d02a2fe8b57,Kolkata,ssp245,mid_2050s,2053,perimeter_top_zn_2,perimeter,top,east,24.694113438799047,27.20658391779494,25.950348678296997,28.911706181858534,2.512470478995893,54.306572076340785,0.118985073312953,0.3101632185280323,19.82758620689655,0.09198515834070482,0.02699991497224818
0f15ec003a246377b68e47921189f1c434a56ad38aea5d8e03b63d02a2fe8b57,Kolkata,ssp245,mid_2050s,2053,perimeter_top_zn_3,perimeter,top,north,25.111233402850797,27.17563330611683,26.143433354483815,29.57588936832555,2.064399903266029,53.05499202723659,0.1333789374301925,0.36701315734535456,24.161877394636015,0.10780332163150219,0.025575615798690315
0f15ec003a246377b68e47921189f1c434a56ad38aea5d8e03b63d02a2fe8b57,Kolkata,ssp245,mid_2050s,2053,perimeter_top_zn_4,perimeter,top,west,24.49128754563576,27.057594340918804,25.77444094327728,28.405143242411103,2.5663067952830443,54.98602516368093,0.10519470478817779,0.3006022172048688,15.379549808429118,0.07748745809123188,0.027707246696945905
10457a9a5e69c3075f1dba04baaae27b062383372caa0c1a3354939269710b40,Kolkata,ssp585,near_2030s,2032,core_bottom,core,bottom,core,24.45001282181613,26.4195450845613,25.434778953188715,27.079580731601745,1.9695322627451664,50.629980742428245,0.08468982571871127,0.19219142571091652,4.555795019157088,0.054552659036197354,0.030137166682513917
10457a9a5e69c3075f1dba04baaae27b062383372caa0c1a3354939269710b40,Kolkata,ssp585,near_2030s,2032,core_mid,core,middle,core,24.688283759010723,26.15546187389105,25.421872816450882,27.713189213403453,1.4671781148803238,51.68704053139469,0.09202443518993329,0.2619786560535431,10.314894636015326,0.06230546620832105,0.029718968981612248
10457a9a5e69c3075f1dba04baaae27b062383372caa0c1a3354939269710b40,Kolkata,ssp585,near_2030s,2032,core_top,core,top,core,24.515130688323225,26.103384519175876,25.309257603749554,27.68751550221899,1.588253830852651,51.123862278098024,0.08687129254050392,0.25947653129696846,9.219348659003831,0.05645922648127662,0.03041206605922731
10457a9a5e69c3075f1dba04baaae27b062383372caa0c1a3354939269710b40,Kolkata,ssp585,near_2030s,2032,perimeter_bot_zn_1,perimeter,bottom,south,25.103075891555903,26.925413071038378,26.014244481297144,28.497309746015166,1.8223371794824783,55.765829309401695,0.12491211365325527,0.3059431053698063,20.737547892720308,0.09949564303929821,0.02541647061395706
10457a9a5e69c3075f1dba04baaae27b062383372caa0c1a3354939269710b40,Kolkata,ssp585,near_2030s,2032,perimeter_bot_zn_2,perimeter,bottom,east,24.248232603437664,26.24141360515801,25.24482310429784,26.91889425833028,1.993181001720348,52.619215950066184,0.07698161103066871,0.1872413046658039,3.490181992337165,0.045967879148366975,0.031013731882301734
10457a9a5e69c3075f1dba04baaae27b062383372caa0c1a3354939269710b40,Kolkata,ssp585,near_2030s,2032,perimeter_bot_zn_3,perimeter,bottom,north,24.52442693981861,26.131030135932956,25.32772853787578,27.441689677824144,1.6066031961143454,51.87571720315624,0.08440406139636943,0.2030697949230671,6.166187739463601,0.05460039465836476,0.029803666738004664
10457a9a5e69c3075f1dba04baaae27b062383372caa0c1a3354939269710b40,Kolkata,ssp585,near_2030s,2032,perimeter_bot_zn_4,perimeter,bottom,west,24.169415691628775,26.165859885123055,25.167637788375913,26.614296952850413,1.9964441934942811,52.88785748219712,0.07274141221471582,0.1220385767519474,2.58022030651341,0.04107983447351516,0.03166157774120066
10457a9a5e69c3075f1dba04baaae27b062383372caa0c1a3354939269710b40,Kolkata,ssp585,near_2030s,2032,perimeter_mid_zn_1,perimeter,middle,south,25.074328849417586,27.066128416053186,26.070228632735382,28.822763215604933,1.9917995666355994,50.57642515894916,0.13310455776225222,0.3624461127910763,22.419779693486593,0.10759381595280886,0.02551074180944336
10457a9a5e69c3075f1dba04baaae27b062383372caa0c1a3354939269710b40,Kolkata,ssp585,near_2030s,2032,perimeter_mid_zn_2,perimeter,middle,east,24.320509477546885,26.49677290967244,25.408641193609665,27.615442521206276,2.1762634321255554,52.767952686944184,0.08796316553048288,0.25947653129696846,7.944204980842912,0.057614058942096466,0.030349106588386403
10457a9a5e69c3075f1dba04baaae27b062383372caa0c1a3354939269710b40,Kolkata,ssp585,near_2030s,2032,perimeter_mid_zn_3,perimeter,middle,north,24.69954713396592,26.480705523120225,25.590126328543075,28.44062674933347,1.781158389154305,51.85138912192976,0.10371674415973513,0.3101632185280323,13.20043103448276,0.07472448308159993,0.0289922610781352
10457a9a5e69c3075f1dba04baaae27b062383372caa0c1a3354939269710b40,Kolkata,ssp585,near_2030s,2032,perimeter_mid_zn_4,perimeter,middle,west,24.245828993836334,26.436295151918106,25.341062072877218,27.231252873788666,2.1904661580817657,53.245883635855854,0.08255937816532238,0.2030697949230671,6.022509578544062,0.05191108377276156,0.030648294392560824
10457a9a5e69c3075f1dba04baaae27b062383372caa0c1a3354939269710b40,Kolkata,ssp585,near_2030s,2032,perimeter_top_zn_1,perimeter,top,south,24.781723842453793,26.924842553193763,25.853283197823778,28.734719536062713,2.1431187107399725,50.38849134811486,0.11832713423430564,0.3101632185280323,16.93007662835249,0.09103878606803281,0.027288348166272826
10457a9a5e69c3075f1dba04baaae27b062383372caa0c1a3354939269710b40,Kolkata,ssp585,near_2030s,2032,perimeter_top_zn_2,perimeter,top,east,24.30572915449266,26.514099669476614,25.40991441198464,27.769804130399688,2.208370514983959,52.17444371330927,0.08935014420575119,0.2619786560535431,8.668582375478927,0.05875094797539389,0.030599196230357298
10457a9a5e69c3075f1dba04baaae27b062383372caa0c1a3354939269710b40,Kolkata,ssp585,near_2030s,2032,perimeter_top_zn_3,perimeter,top,north,24.539226735127293,26.418389522479416,25.478808128803355,28.35427528247353,1.879162787352125,51.40310116136785,0.0984012165318672,0.3101632185280323,11.55411877394636,0.0685720929303483,0.029829123601518903
10457a9a5e69c3075f1dba04baaae27b062383372caa0c1a3354939269710b40,Kolkata,ssp585,near_2030s,2032,perimeter_top_zn_4,perimeter,top,west,24.192758030953446,26.42202505371676,25.307391542335107,27.26726547255918,2.229267022763311,52.56047690020456,0.08161189639882316,0.2030697949230671,5.842911877394636,0.050550721365018654,0.0310611750338045
113577d302fec6f6951d856acd45f7067ee1e31cc331af79a078dead380c6177,Beijing,ssp245,baseline_2020s,2025,core_bottom,core,bottom,core,24.188524701904438,25.74258701948679,24.965555860695616,26.64198409046862,1.554062317582349,32.0945551791079,0.10612512546335492,0.1879713125526905,3.0471743295019156,0.08494455904710567,0.02118056641624925
113577d302fec6f6951d856acd45f7067ee1e31cc331af79a078dead380c6177,Beijing,ssp245,baseline_2020s,2025,core_mid,core,middle,core,24.164084006294907,25.17354795464184,24.668815980468377,27.094675332203774,1.009463948346927,33.68173254607004,0.09071421182634506,0.1872413046658039,3.514128352490421,0.0671513977402467,0.023562814086098362
113577d302fec6f6951d856acd45f7067ee1e31cc331af79a078dead380c6177,Beijing,ssp245,baseline_2020s,2025,core_top,core,top,core,23.87886297767954,24.795170851225667,24.3370169144526,26.818689563486913,0.9163078735461324,33.90727033061123,0.08332246376854506,0.1441035009920597,2.9454022988505746,0.05743053199513057,0.025891931773414496
113577d302fec6f6951d856acd45f7067ee1e31cc331af79a078dead380c6177,Beijing,ssp245,baseline_2020s,2025,perimeter_bot_zn_1,perimeter,bottom,south,23.49800697125524,25.489148652356583,24.493577811805913,27.419460478970045,1.9911416811013454,34.01847610188742,0.09923786308906435,0.24687899486161768,5.866858237547893,0.07410006042195429,0.02513780266711006
113577d302fec6f6951d856acd45f7067ee1e31cc331af79a078dead380c6177,Beijing,ssp245,baseline_2020s,2025,perimeter_bot_zn_2,perimeter,bottom,east,23.639632234015746,24.815336446918653,24.227484340467203,26.547803553673273,1.175704212902905,35.66015866638472,0.0790672767289761,0.1114867702126503,2.490421455938697,0.05173088676731952,0.027336389961656583
113577d302fec6f6951d856acd45f7067ee1e31cc331af79a078dead380c6177,Beijing,ssp245,baseline_2020s,2025,perimeter_bot_zn_3,perimeter,bottom,north,23.628684907754195,24.337394142994565,23.98303952537438,27.1799824500714,0.7087092352403724,35.6395617562509,0.08026648585858998,0.1872413046658039,3.4722222222222223,0.05040323918323359,0.029863246675356385
113577d302fec6f6951d856acd45f7067ee1e31cc331af79a078dead380c6177,Beijing,ssp245,baseline_2020s,2025,perimeter_bot_zn_4,perimeter,bottom,west,23.666984156810955,24.99175846310457,24.329371309957764,26.484075926882436,1.3247743062936157,35.40024795508736,0.08093765184413276,0.1224114466458559,2.1132662835249043,0.053928031441985304,0.02700962040214746
113577d302fec6f6951d856acd45f7067ee1e31cc331af79a078dead380c6177,Beijing,ssp245,baseline_2020s,2025,perimeter_mid_zn_1,perimeter,middle,south,24.003870455542508,25.837742900857478,24.920806678199995,27.338992136553983,1.8338724453149713,32.745686381126475,0.11031983247678794,0.27900369837880135,7.608955938697318,0.08764578660129806,0.02267404587548989
113577d302fec6f6951d856acd45f7067ee1e31cc331af79a078dead380c6177,Beijing,ssp245,baseline_2020s,2025,perimeter_mid_zn_2,perimeter,middle,east,23.694909990188957,25.073607994400305,24.384258992294637,26.6101317034807,1.3786980042113477,34.698267348632676,0.08377583345297224,0.12454070150852203,3.2207854406130267,0.05772606969156019,0.02604976376141205
113577d302fec6f6951d856acd45f7067ee1e31cc331af79a078dead380c6177,Beijing,ssp245,baseline_2020s,2025,perimeter_mid_zn_3,perimeter,middle,north,23.77345109712704,24.739085037578437,24.256268067352735,27.633262214454707,0.9656339404513985,34.77963194719916,0.08734831162866083,0.20353171145543442,5.501676245210728,0.06032142924809234,0.027026882380568485
113577d302fec6f6951d856acd45f7067ee1e31cc331af79a078dead380c6177,Beijing,ssp245,baseline_2020s,2025,perimeter_mid_zn_4,perimeter,middle,west,23.681165805355956,25.19598463977298,24.43857522256447,26.558593666799442,1.5148188344170248,34.78740186473498,0.08549395042471142,0.16497561801224947,2.5981800766283527,0.05957578656554019,0.025918163859171228
113577d302fec6f6951d856acd45f7067ee1e31cc331af79a078dead380c6177,Beijing,ssp245,baseline_2020s,2025,perimeter_top_zn_1,perimeter,top,south,23.81579592859969,25.534164508465917,24.674980218532806,27.113240165031883,1.7183685798662265,32.91707234223993,0.10388186339314485,0.25947653129696846,6.435584291187739,0.07944850300265194,0.024433360390492913
113577d302fec6f6951d856acd45f7067ee1e31cc331af79a078dead380c6177,Beijing,ssp245,baseline_2020s,2025,perimeter_top_zn_2,perimeter,top,east,23.524202679322052,24.781539330589425,24.152871004955742,26.620912708760986,1.2573366512673727,35.28857007115749,0.08168561026262232,0.1220385767519474,3.34051724137931,0.05341124688110125,0.028274363381521072
113577d302fec6f6951d856acd45f7067ee1e31cc331af79a078dead380c6177,Beijing,ssp245,baseline_2020s,2025,perimeter_top_zn_3,perimeter,top,north,23.532618490880946,24.40126751212536,23.966943001503154,27.35250007588438,0.8686490212444139,34.899385241059385,0.08344390109157765,0.1876141745597124,4.525862068965517,0.05358959498771304,0.0298543061038646
113577d302fec6f6951d856acd45f7067ee1e31cc331af79a078dead380c6177,Beijing,ssp245,baseline_2020s,2025,perimeter_top_zn_4,perimeter,top,west,23.504385986823884,24.889992136397534,24.197189061610707,26.496208520292637,1.3856061495736451,34.94526851500393,0.08328024038394712,0.1441035009920597,2.490421455938697,0.05508706888466738,0.02819317149927974
124f09586e9eca3c62ab18f29ed8bccf25f10b671f907ac6a7a270309b271513,Guangzhou,ssp585,mid_2050s,2059,core_bottom,core,bottom,core,24.634855163504927,26.61887218525075,25.626863674377837,27.54261335245234,1.9840170217458224,49.37887548572303,0.09661052603342828,0.2030697949230671,5.256226053639847,0.06822880173926742,0.02838172429416086
124f09586e9eca3c62ab18f29ed8bccf25f10b671f907ac6a7a270309b271513,Guangzhou,ssp585,mid_2050s,2059,core_mid,core,middle,core,24.968754622536327,26.41150559228626,25.690130107411292,28.20741531037172,1.442750969749934,50.89214963330842,0.10873915682919737,0.29288436844944954,14.242097701149426,0.08119753663576658,0.027541620193430785
124f09586e9eca3c62ab18f29ed8bccf25f10b671f907ac6a7a270309b271513,Guangzhou,ssp585,mid_2050s,2059,core_top,core,top,core,24.718922196938788,26.301117972509374,25.51002008472408,28.174010329855776,1.5821957755705855,50.3961834824277,0.09899119091642206,0.28028683201409876,11.069204980842912,0.07008051066880179,0.02891068024762027
124f09586e9eca3c62ab18f29ed8bccf25f10b671f907ac6a7a270309b271513,Guangzhou,ssp585,mid_2050s,2059,perimeter_bot_zn_1,perimeter,bottom,south,25.411399099548944,27.213478723048876,26.312438911298912,29.317747028551,1.802079623499927,53.931622868195994,0.15978622564553807,0.36701315734535456,33.90804597701149,0.1351944198017343,0.024591805843803768
124f09586e9eca3c62ab18f29ed8bccf25f10b671f907ac6a7a270309b271513,Guangzhou,ssp585,mid_2050s,2059,perimeter_bot_zn_2,perimeter,bottom,east,24.398356137437194,26.44115160816991,25.419753872803547,27.710534877245006,2.042795470732711,51.7032935346884,0.09184994477909919,0.25947653129696846,7.291666666666667,0.06207795790251669,0.0297719868765825
124f09586e9eca3c62ab18f29ed8bccf25f10b671f907ac6a7a270309b271513,Guangzhou,ssp585,mid_2050s,2059,perimeter_bot_zn_3,perimeter,bottom,north,24.83647246966283,26.435693362379574,25.6360829160212,28.286755155787773,1.5992208927167444,50.48242768363831,0.11012488066562129,0.27900369837880135,11.973180076628353,0.08175409077347784,0.02837078989214345
124f09586e9eca3c62ab18f29ed8bccf25f10b671f907ac6a7a270309b271513,Guangzhou,ssp585,mid_2050s,2059,perimeter_bot_zn_4,perimeter,bottom,west,24.34994342735272,26.545351437824703,25.44764743258871,27.555489115950614,2.1954080104719793,51.63711397456524,0.09099128590845432,0.20557191967964172,6.609195402298851,0.061112761976484166,0.02987852393197015
124f09586e9eca3c62ab18f29ed8bccf25f10b671f907ac6a7a270309b271513,Guangzhou,ssp585,mid_2050s,2059,perimeter_mid_zn_1,perimeter,middle,south,25.407399380877397,27.3781852668052,26.3927923238413,29.458647358883308,1.970785885927802,49.7670229556659,0.157754671231602,0.3750436492264271,29.280411877394634,0.13397285180188442,0.023781819429717577
124f09586e9eca3c62ab18f29ed8bccf25f10b671f907ac6a7a270309b271513,Guangzhou,ssp585,mid_2050s,2059,perimeter_mid_zn_2,perimeter,middle,east,24.4566700186416,26.705513595609794,25.5810918071257,28.140794032348463,2.2488435769681945,52.497206997407694,0.10149367214510317,0.29288436844944954,11.835488505747128,0.07273792429118849,0.028755747853914677
124f09586e9eca3c62ab18f29ed8bccf25f10b671f907ac6a7a270309b271513,Guangzhou,ssp585,mid_2050s,2059,perimeter_mid_zn_3,perimeter,middle,north,25.032740583721093,26.805020478900058,25.918880531310574,29.095905780480393,1.7722798951789622,51.0299946261667,0.12636402761237495,0.3624461127910763,20.061063218390803,0.09967784631037924,0.02668618130199571
124f09586e9eca3c62ab18f29ed8bccf25f10b671f907ac6a7a270309b271513,Guangzhou,ssp585,mid_2050s,2059,perimeter_mid_zn_4,perimeter,middle,west,24.403636148081873,26.788774236272715,25.596205192177294,27.95690044683556,2.3851380881908466,52.75170585125074,0.09964810769024099,0.27900369837880135,11.548132183908045,0.07105380370063302,0.028594303989607973
124f09586e9eca3c62ab18f29ed8bccf25f10b671f907ac6a7a270309b271513,Guangzhou,ssp585,mid_2050s,2059,perimeter_top_zn_1,perimeter,top,south,25.066956288650513,27.19459036015921,26.130773324404863,29.316162372572364,2.127634071508703,49.61220111772099,0.13987365772200447,0.36701315734535456,22.6352969348659,0.11443970429385884,0.02543395342814564
124f09586e9eca3c62ab18f29ed8bccf25f10b671f907ac6a7a270309b271513,Guangzhou,ssp585,mid_2050s,2059,perimeter_top_zn_2,perimeter,top,east,24.41074355320231,26.685241674345093,25.547992613773697,28.27311324376887,2.2744981211427815,51.90108909108171,0.10051306764940275,0.29288436844944954,11.230842911877396,0.07131103285432434,0.029202034795078404
124f09586e9eca3c62ab18f29ed8bccf25f10b671f907ac6a7a270309b271513,Guangzhou,ssp585,mid_2050s,2059,perimeter_top_zn_3,perimeter,top,north,24.802909722370718,26.68662336773465,25.74476654505268,29.013187315598707,1.8837136453639305,50.663952858820466,0.11630218767027058,0.3101632185280323,15.73874521072797,0.08838881440152917,0.027913373268741406
124f09586e9eca3c62ab18f29ed8bccf25f10b671f907ac6a7a270309b271513,Guangzhou,ssp585,mid_2050s,2059,perimeter_top_zn_4,perimeter,top,west,24.305124107810506,26.72817102644144,25.516647567125972,27.960876106001972,2.4230469186309325,52.095909454663946,0.0958844289509836,0.27900369837880135,10.081417624521073,0.06655941032979618,0.029325018621187422
13530d5d5cc6369d2e46fea1032f2ab49db75a91c475576f230ef97a52416228,Kolkata,ssp245,late_2080s,2087,core_bottom,core,bottom,core,24.963861752921105,27.032927053752182,25.998394403336643,28.15050496539197,2.069065300831079,52.93416034094389,0.1170380742271173,0.3101632185280323,15.79861111111111,0.09069562112947996,0.026342453097637344
13530d5d5cc6369d2e46fea1032f2ab49db75a91c475576f230ef97a52416228,Kolkata,ssp245,late_2080s,2087,core_mid,core,middle,core,25.406739792639186,26.910007263992192,26.15837352831569,28.78599290226389,1.5032674713530052,54.13864480598345,0.13542824254550032,0.36548264790326357,25.46695402298851,0.11028201717408767,0.025146225371412638
13530d5d5cc6369d2e46fea1032f2ab49db75a91c475576f230ef97a52416228,Kolkata,ssp245,late_2080s,2087,core_top,core,top,core,25.0987658539029,26.8207285367859,25.9597471953444,28.682156981783567,1.7219626828830004,53.61670691802357,0.12356224472009375,0.3624461127910763,21.713362068965516,0.09702383072199781,0.026538413998095936
13530d5d5cc6369d2e46fea1032f2ab49db75a91c475576f230ef97a52416228,Kolkata,ssp245,late_2080s,2087,perimeter_bot_zn_1,perimeter,bottom,south,26.27229789164315,28.125354305709305,27.198826098676232,30.154650450992463,1.8530564140661536,57.364311564359326,0.20379284106330067,0.38423134852200747,49.13194444444444,0.18468223152857477,0.01911060953472589
13530d5d5cc6369d2e46fea1032f2ab49db75a91c475576f230ef97a52416228,Kolkata,ssp245,late_2080s,2087,perimeter_bot_zn_2,perimeter,bottom,east,24.701736210647525,27.04754242100188,25.874639315824698,28.256266658369892,2.3458062103543527,54.68919707984073,0.11170152413817253,0.3101632185280323,16.4272030651341,0.08487373821777908,0.02682778592039345
13530d5d5cc6369d2e46fea1032f2ab49db75a91c475576f230ef97a52416228,Kolkata,ssp245,late_2080s,2087,perimeter_bot_zn_3,perimeter,bottom,north,25.251079874955877,27.043626793576834,26.147353334266356,28.761463854758013,1.7925469186209515,53.258023440311646,0.13265116855829853,0.36701315734535456,21.563697318007662,0.10777713034502266,0.02487403821327587
13530d5d5cc6369d2e46fea1032f2ab49db75a91c475576f230ef97a52416228,Kolkata,ssp245,late_2080s,2087,perimeter_bot_zn_4,perimeter,bottom,west,24.527797570893828,26.91010348524122,25.718950528067523,27.889001690458944,2.382305914347392,55.24536032911819,0.10100572683166954,0.29288436844944954,13.110632183908047,0.07304218827173206,0.02796353855993747
13530d5d5cc6369d2e46fea1032f2ab49db75a91c475576f230ef97a52416228,Kolkata,ssp245,late_2080s,2087,perimeter_mid_zn_1,perimeter,middle,south,26.081980781843207,28.173764675103552,27.127872728473378,30.257220438024174,2.091783893260343,52.195763504898466,0.2025325487533985,0.4250700185075402,44.79166666666667,0.1825696183322845,0.019962930421114
13530d5d5cc6369d2e46fea1032f2ab49db75a91c475576f230ef97a52416228,Kolkata,ssp245,late_2080s,2087,perimeter_mid_zn_2,perimeter,middle,east,24.774459361373342,27.306228210037666,26.040343785705506,28.80855670704236,2.5317688486643237,55.794126316886704,0.1227119190037741,0.3101632185280323,21.090756704980844,0.09660845868146963,0.02610346032230447
13530d5d5cc6369d2e46fea1032f2ab49db75a91c475576f230ef97a52416228,Kolkata,ssp245,late_2080s,2087,perimeter_mid_zn_3,perimeter,middle,north,25.485818160852343,27.42948601896989,26.457652089911118,29.634801758452774,1.9436678581175437,53.943116354512966,0.15183585140462946,0.37082353606820107,29.442049808429115,0.1283260473789816,0.023509804025647885
13530d5d5cc6369d2e46fea1032f2ab49db75a91c475576f230ef97a52416228,Kolkata,ssp245,late_2080s,2087,perimeter_mid_zn_4,perimeter,middle,west,24.627929438740452,27.199468723094554,25.913699080917503,28.525147336686302,2.5715392843540976,56.45876303234572,0.11171137380163763,0.3101632185280323,17.313218390804597,0.08503554566871283,0.026675828132924816
13530d5d5cc6369d2e46fea1032f2ab49db75a91c475576f230ef97a52416228,Kolkata,ssp245,late_2080s,2087,perimeter_top_zn_1,perimeter,top,south,25.66280539157512,27.98679912442684,26.824802258000982,30.05062414301261,2.323993732851719,52.0451410506478,0.17966623156133496,0.4198947085533291,37.59578544061303,0.15805489279142887,0.021611338769906077
13530d5d5cc6369d2e46fea1032f2ab49db75a91c475576f230ef97a52416228,Kolkata,ssp245,late_2080s,2087,perimeter_top_zn_2,perimeter,top,east,24.729738571378693,27.32378153186748,26.02676005162309,28.933791252668776,2.594042960488782,54.9445832922701,0.12193328092459639,0.32677866891026497,20.701628352490424,0.09559434398606649,0.02633893693852989
13530d5d5cc6369d2e46fea1032f2ab49db75a91c475576f230ef97a52416228,Kolkata,ssp245,late_2080s,2087,perimeter_top_zn_3,perimeter,top,north,25.208579037805748,27.325599582722536,26.267089310264147,29.527494946048943,2.117020544916784,53.51937819187425,0.13948135963999106,0.37082353606820107,25.395114942528735,0.11479723751306323,0.024684122126927832
13530d5d5cc6369d2e46fea1032f2ab49db75a91c475576f230ef97a52416228,Kolkata,ssp245,late_2080s,2087,perimeter_top_zn_4,perimeter,top,west,24.508854766389042,27.16489877441911,25.83687677040408,28.420990409225038,2.656044008030072,55.677117821902286,0.1059535326710697,0.3021327266469598,15.29573754789272,0.07878029085167192,0.027173241819397786
13f43bd06d772bf7f488e4bd9789c2132d877372bdabd76f003d63f64a5e2947,Ahmedabad,ssp585,late_2080s,2087,core_bottom,core,bottom,core,24.670507377660638,26.82141107513903,25.745959226399833,27.864083347450872,2.150903697478398,49.968848975628234,0.10159919451930485,0.29288436844944954,9.416906130268199,0.07237031586720007,0.029228878652104787
13f43bd06d772bf7f488e4bd9789c2132d877372bdabd76f003d63f64a5e2947,Ahmedabad,ssp585,late_2080s,2087,core_mid,core,middle,core,25.0491340404883,26.676204672150064,25.862669356319188,28.46154722750561,1.6270706316617565,51.30566131547346,0.11739678134622879,0.36701315734535456,16.96000957854406,0.09001596381532526,0.02738081753090353
13f43bd06d772bf7f488e4bd9789c2132d877372bdabd76f003d63f64a5e2947,Ahmedabad,ssp585,late_2080s,2087,core_top,core,top,core,24.79638829948901,26.63099434091045,25.71369132019973,28.25955386092408,1.8346060414214391,50.53572384334743,0.1091438787553179,0.32677866891026497,14.786877394636017,0.08047096680416467,0.02867291195115324
13f43bd06d772bf7f488e4bd9789c2132d877372bdabd76f003d63f64a5e2947,Ahmedabad,ssp585,late_2080s,2087,perimeter_bot_zn_1,perimeter,bottom,south,26.369853207639434,28.366525073190097,27.368189140414767,30.455990623594417,1.9966718655506606,50.46114704703538,0.23799685426163156,0.5297575928270817,50.77825670498084,0.21930481127701465,0.018692042984616908
13f43bd06d772bf7f488e4bd9789c2132d877372bdabd76f003d63f64a5e2947,Ahmedabad,ssp585,late_2080s,2087,perimeter_bot_zn_2,perimeter,bottom,east,24.58844023444449,27.211927532754963,25.90018388359973,28.22258590548898,2.6234872983104705,50.91605829529189,0.11293821608369992,0.3101632185280323,14.152298850574713,0.08477009751490974,0.028168118568790174
13f43bd06d772bf7f488e4bd9789c2132d877372bdabd76f003d63f64a5e2947,Ahmedabad,ssp585,late_2080s,2087,perimeter_bot_zn_3,perimeter,bottom,north,24.89862726357624,26.721220379779993,25.80992382167812,28.481052342596822,1.8225931162037532,50.50457690005153,0.11346460094148152,0.36548264790326357,14.34985632183908,0.08573141602129797,0.02773318492018355
13f43bd06d772bf7f488e4bd9789c2132d877372bdabd76f003d63f64a5e2947,Ahmedabad,ssp585,late_2080s,2087,perimeter_bot_zn_4,perimeter,bottom,west,24.470840909232166,27.10500918311121,25.787925046171686,27.928642800569385,2.6341682738790366,51.33064917278058,0.10346692083681125,0.3101632185280323,10.79382183908046,0.0747886265673647,0.028678294269446555
13f43bd06d772bf7f488e4bd9789c2132d877372bdabd76f003d63f64a5e2947,Ahmedabad,ssp585,late_2080s,2087,perimeter_mid_zn_1,perimeter,middle,south,25.914655987603343,28.211146086444376,27.06290103702386,30.074803727512567,2.2964900988410326,48.99963755531325,0.21673187714766623,0.5259472141042352,42.88194444444444,0.19579507200493632,0.020936805142729897
13f43bd06d772bf7f488e4bd9789c2132d877372bdabd76f003d63f64a5e2947,Ahmedabad,ssp585,late_2080s,2087,perimeter_mid_zn_2,perimeter,middle,east,24.58118666915356,27.349125237154592,25.965155953154074,28.659949462887926,2.76793856800103,52.286085212806455,0.11706040496914234,0.36701315734535456,15.918342911877396,0.08964966488278416,0.027410740086358194
13f43bd06d772bf7f488e4bd9789c2132d877372bdabd76f003d63f64a5e2947,Ahmedabad,ssp585,late_2080s,2087,perimeter_mid_zn_3,perimeter,middle,north,25.071260113074864,27.078826525638725,26.07504331935679,29.21850583037672,2.0075664125638544,51.32771137938815,0.1320441380297243,0.38576185796409845,20.01317049808429,0.10565836494738348,0.02638577308234082
13f43bd06d772bf7f488e4bd9789c2132d877372bdabd76f003d63f64a5e2947,Ahmedabad,ssp585,late_2080s,2087,perimeter_mid_zn_4,perimeter,middle,west,24.511972489568713,27.28312431911027,25.897548404339492,28.413443369020314,2.7711518295415614,52.76193945261835,0.11036702446082607,0.3101632185280323,13.613505747126437,0.08281464265225459,0.027552381808571478
13f43bd06d772bf7f488e4bd9789c2132d877372bdabd76f003d63f64a5e2947,Ahmedabad,ssp585,late_2080s,2087,perimeter_top_zn_1,perimeter,top,south,25.519881180385113,28.049828991491825,26.78485508593847,29.769149209010852,2.5299478111067084,48.66738023419505,0.19456913091131753,0.5213557963725179,38.18247126436782,0.17168839034141342,0.022880740569904114
13f43bd06d772bf7f488e4bd9789c2132d877372bdabd76f003d63f64a5e2947,Ahmedabad,ssp585,late_2080s,2087,perimeter_top_zn_2,perimeter,top,east,24.54895816096934,27.389401028303272,25.96917959463631,28.73782052494681,2.8404428673339304,51.317859667227054,0.11773233471506421,0.3750436492264271,15.589080459770116,0.09025260186138638,0.02747973285367783
13f43bd06d772bf7f488e4bd9789c2132d877372bdabd76f003d63f64a5e2947,Ahmedabad,ssp585,late_2080s,2087,perimeter_top_zn_3,perimeter,top,north,24.8786184950452,27.03704823470731,25.957833364876258,29.084912279905687,2.1584297396621075,50.592827572852975,0.12531630994032092,0.38423134852200747,18.40876436781609,0.09785892663570835,0.027457383304612573
13f43bd06d772bf7f488e4bd9789c2132d877372bdabd76f003d63f64a5e2947,Ahmedabad,ssp585,late_2080s,2087,perimeter_top_zn_4,perimeter,top,west,24.43116167256435,27.285290771737966,25.858226222151156,28.3571663585174,2.8541290991736146,51.79077614871801,0.1076931695108591,0.3101632185280323,12.176724137931034,0.07981847546700525,0.027874694043853843
174baa9b9617ee21aa825f459d2931e2079eb4f1a3cd407c3274dcf6560d1031,Guangzhou,ssp585,near_2030s,2033,core_bottom,core,bottom,core,24.51646308270252,26.447457817599116,25.481960450150815,27.249333229730926,1.9309947348965992,48.55130350974223,0.08837030359845603,0.18748648837208748,2.8795498084291187,0.05927446401162632,0.029095839586829715
174baa9b9617ee21aa825f459d2931e2079eb4f1a3cd407c3274dcf6560d1031,Guangzhou,ssp585,near_2030s,2033,core_mid,core,middle,core,24.78850744188773,26.191909733572356,25.49020858773004,27.890937323007467,1.4034022916846263,50.03382783744257,0.09503742106631811,0.25947653129696846,8.75838122605364,0.06634993327767508,0.02868748778864303
174baa9b9617ee21aa825f459d2931e2079eb4f1a3cd407c3274dcf6560d1031,Guangzhou,ssp585,near_2030s,2033,core_top,core,top,core,24.570640425678068,26.08027853216404,25.325459478921054,27.83494448700559,1.509638106485973,49.67344246699023,0.0890505753054971,0.25947653129696846,7.387452107279693,0.05892478908473266,0.030125786220764457
174baa9b9617ee21aa825f459d2931e2079eb4f1a3cd407c3274dcf6560d1031,Guangzhou,ssp585,near_2030s,2033,perimeter_bot_zn_1,perimeter,bottom,south,25.084475230318937,26.80718436812476,25.945829799221848,28.986867900360664,1.7227091378058175,53.26955450123409,0.13631791918184413,0.3624461127910763,24.257662835249043,0.10985083942882756,0.026467079753016584
174baa9b9617ee21aa825f459d2931e2079eb4f1a3cd407c3274dcf6560d1031,Guangzhou,ssp585,near_2030s,2033,perimeter_bot_zn_2,perimeter,bottom,east,24.270873345127615,26.175997040440432,25.223435192784027,27.358213113732624,1.905123695312819,51.11969079307135,0.08339958893616295,0.19208153188228572,4.376197318007663,0.05239377625016058,0.031005812686002367
174baa9b9617ee21aa825f459d2931e2079eb4f1a3cd407c3274dcf6560d1031,Guangzhou,ssp585,near_2030s,2033,perimeter_bot_zn_3,perimeter,bottom,north,24.64595974513582,26.157170253117823,25.40156499912682,27.976205286173663,1.5112105079820017,50.04521344189367,0.09721287580673543,0.25947653129696846,8.189655172413794,0.06757308895960834,0.0296397868471271
174baa9b9617ee21aa825f459d2931e2079eb4f1a3cd407c3274dcf6560d1031,Guangzhou,ssp585,near_2030s,2033,perimeter_bot_zn_4,perimeter,bottom,west,24.235160208935273,26.27540104709908,25.25528062801718,27.291983414596707,2.040240838163806,51.02671410566072,0.08266517988411028,0.18748648837208748,3.9331896551724137,0.05176896205841219,0.03089621782569809
174baa9b9617ee21aa825f459d2931e2079eb4f1a3cd407c3274dcf6560d1031,Guangzhou,ssp585,near_2030s,2033,perimeter_mid_zn_1,perimeter,middle,south,25.122328928490884,27.001236985451307,26.061782956971093,29.03075549869664,1.878908056960416,49.22098644332427,0.13503922852832778,0.36548264790326357,21.048850574712645,0.10931946066401317,0.025719767864314607
174baa9b9617ee21aa825f459d2931e2079eb4f1a3cd407c3274dcf6560d1031,Guangzhou,ssp585,near_2030s,2033,perimeter_mid_zn_2,perimeter,middle,east,24.314078310155296,26.434307746924755,25.374193028540027,27.610853340028992,2.120229436769459,51.61333444702221,0.0908456046253799,0.25947653129696846,7.962164750957855,0.06087575891179834,0.029969845713581557
174baa9b9617ee21aa825f459d2931e2079eb4f1a3cd407c3274dcf6560d1031,Guangzhou,ssp585,near_2030s,2033,perimeter_mid_zn_3,perimeter,middle,north,24.82616764631021,26.518980435672823,25.67257404099152,28.595669422710216,1.6928127893626166,50.33040640899957,0.11172130575035703,0.3006022172048688,14.774904214559387,0.08364260553302497,0.028078700217332064
174baa9b9617ee21aa825f459d2931e2079eb4f1a3cd407c3274dcf6560d1031,Guangzhou,ssp585,near_2030s,2033,perimeter_mid_zn_4,perimeter,middle,west,24.26985253354589,26.51188921546612,25.390870874506007,27.568301109291347,2.242036681920231,51.860691453606684,0.08947195034584862,0.25947653129696846,7.435344827586207,0.05971425320063067,0.029757697145217962
174baa9b9617ee21aa825f459d2931e2079eb4f1a3cd407c3274dcf6560d1031,Guangzhou,ssp585,near_2030s,2033,perimeter_top_zn_1,perimeter,top,south,24.829319319071093,26.831363570394274,25.83034144473268,28.866321370799252,2.0020442513231806,49.139896473027996,0.12188467350070019,0.3624461127910763,16.28352490421456,0.09443020251314414,0.02745447098755604
174baa9b9617ee21aa825f459d2931e2079eb4f1a3cd407c3274dcf6560d1031,Guangzhou,ssp585,near_2030s,2033,perimeter_top_zn_2,perimeter,top,east,24.277731798196275,26.408297009098984,25.34301440364763,27.78522719024364,2.130565210902703,51.20330620737005,0.09178293090278491,0.25947653129696846,8.35727969348659,0.061421683072192784,0.03036124783059213
174baa9b9617ee21aa825f459d2931e2079eb4f1a3cd407c3274dcf6560d1031,Guangzhou,ssp585,near_2030s,2033,perimeter_top_zn_3,perimeter,top,north,24.61679897809099,26.398111820935398,25.507455399513194,28.541034663340252,1.7813128428444065,50.09871661451622,0.10556707750378985,0.3021327266469598,12.278496168582375,0.07620124203680169,0.02936583546698816
174baa9b9617ee21aa825f459d2931e2079eb4f1a3cd407c3274dcf6560d1031,Guangzhou,ssp585,near_2030s,2033,perimeter_top_zn_4,perimeter,top,west,24.193294384953504,26.452754832480743,25.32302460871713,27.58031597523318,2.2594604475272417,51.34128986849017,0.0892241771439104,0.25947653129696846,7.6867816091954015,0.05871182949318135,0.03051234765072905
19bc7379cfd8c4f9f740cb0ce983cc14ba802e88a77ce40527a6df05aaf4e6c9,Ahmedabad,ssp245,late_2080s,2086,core_bottom,core,bottom,core,24.5350363507553,26.663622664276538,25.59932950751592,27.437376066068968,2.1285863135212413,49.163079465855574,0.0941645024603221,0.25947653129696846,6.770833333333333,0.06386012216253605,0.03030438029778605
19bc7379cfd8c4f9f740cb0ce983cc14ba802e88a77ce40527a6df05aaf4e6c9,Ahmedabad,ssp245,late_2080s,2086,core_mid,core,middle,core,24.8677434317929,26.48738193151109,25.677562681652,28.1218423640809,1.6196384997181923,50.524724893477334,0.10794109087965943,0.3101632185280323,13.781130268199234,0.07954732663748817,0.028393764242171257
19bc7379cfd8c4f9f740cb0ce983cc14ba802e88a77ce40527a6df05aaf4e6c9,Ahmedabad,ssp245,late_2080s,2086,core_top,core,top,core,24.677127228002156,26.469910318810154,25.573518773406157,28.10477037146594,1.7927830908079974,49.969915546578065,0.10209554919817572,0.3101632185280323,12.182710727969347,0.07278243269848501,0.029313116499690706
19bc7379cfd8c4f9f740cb0ce983cc14ba802e88a77ce40527a6df05aaf4e6c9,Ahmedabad,ssp245,late_2080s,2086,perimeter_bot_zn_1,perimeter,bottom,south,26.01038650044871,28.053860944548106,27.032123722498408,29.554049737798167,2.0434744440993997,49.76466914601473,0.21685551238111672,0.5213801695499569,46.809147509578544,0.19654289040276496,0.020312621978351757
19bc7379cfd8c4f9f740cb0ce983cc14ba802e88a77ce40527a6df05aaf4e6c9,Ahmedabad,ssp245,late_2080s,2086,perimeter_bot_zn_2,perimeter,bottom,east,24.46791559588689,27.019516334844575,25.74371596536573,27.974149778429044,2.5516007389576867,50.11369715910476,0.10387111903356488,0.3101632185280323,10.644157088122604,0.07462459085775687,0.029246528175808008
19bc7379cfd8c4f9f740cb0ce983cc14ba802e88a77ce40527a6df05aaf4e6c9,Ahmedabad,ssp245,late_2080s,2086,perimeter_bot_zn_3,perimeter,bottom,north,24.717962551707206,26.492462010937324,25.605212281322267,28.10833508083748,1.7744994592301209,49.882226717770614,0.10343699248463462,0.3101632185280323,11.727729885057471,0.07464576282270183,0.02879122966193278
19bc7379cfd8c4f9f740cb0ce983cc14ba802e88a77ce40527a6df05aaf4e6c9,Ahmedabad,ssp245,late_2080s,2086,perimeter_bot_zn_4,perimeter,bottom,west,24.369470754646606,26.923816169006205,25.64664346182641,27.67887215143328,2.554345414359598,50.48903419958784,0.0962451998524996,0.27900369837880135,8.057950191570882,0.0666111279982615,0.02963407185423811
19bc7379cfd8c4f9f740cb0ce983cc14ba802e88a77ce40527a6df05aaf4e6c9,Ahmedabad,ssp245,late_2080s,2086,perimeter_mid_zn_1,perimeter,middle,south,25.659155934340248,27.949910076463546,26.804533005401897,29.501680738739033,2.290754142123294,48.42578750377883,0.2020522814439563,0.5213801695499569,40.433429118773944,0.17979515300538673,0.022257128438569553
19bc7379cfd8c4f9f740cb0ce983cc14ba802e88a77ce40527a6df05aaf4e6c9,Ahmedabad,ssp245,late_2080s,2086,perimeter_mid_zn_2,perimeter,middle,east,24.491822077232385,27.17291185668817,25.83236696696028,28.437195837921603,2.681089779455789,51.26589224425372,0.1098415663076301,0.32677866891026497,13.080699233716475,0.08166123827903976,0.02818032802859035
19bc7379cfd8c4f9f740cb0ce983cc14ba802e88a77ce40527a6df05aaf4e6c9,Ahmedabad,ssp245,late_2080s,2086,perimeter_mid_zn_3,perimeter,middle,north,24.90210733019177,26.85602707089238,25.879067200542075,28.963635598489816,1.9539197407006086,50.55306502157164,0.12303046695500548,0.3750436492264271,17.983716475095786,0.0956007410155835,0.027429725939421994
19bc7379cfd8c4f9f740cb0ce983cc14ba802e88a77ce40527a6df05aaf4e6c9,Ahmedabad,ssp245,late_2080s,2086,perimeter_mid_zn_4,perimeter,middle,west,24.422333546487394,27.105374652848823,25.763854099668112,28.186112655900928,2.683041106361432,51.760069323175784,0.10375248193354467,0.3101632185280323,10.96743295019157,0.07546718907486773,0.02828529285867694
19bc7379cfd8c4f9f740cb0ce983cc14ba802e88a77ce40527a6df05aaf4e6c9,Ahmedabad,ssp245,late_2080s,2086,perimeter_top_zn_1,perimeter,top,south,25.327141606051764,27.82009655574529,26.573619080898524,29.345141227517946,2.492954949693526,48.27325583956006,0.18137847362058857,0.45368136931210756,35.06345785440613,0.15757611161928625,0.023802362001302316
19bc7379cfd8c4f9f740cb0ce983cc14ba802e88a77ce40527a6df05aaf4e6c9,Ahmedabad,ssp245,late_2080s,2086,perimeter_top_zn_2,perimeter,top,east,24.48221812653765,27.22493008841114,25.853574107474397,28.540433390257867,2.74271196187349,50.61109186731202,0.11156692766441502,0.3624461127910763,13.523706896551724,0.0832998882689789,0.028267039395436122
19bc7379cfd8c4f9f740cb0ce983cc14ba802e88a77ce40527a6df05aaf4e6c9,Ahmedabad,ssp245,late_2080s,2086,perimeter_top_zn_3,perimeter,top,north,24.75778098556516,26.83800571537457,25.797893350469863,28.83594352908147,2.0802247298094163,50.05099145308207,0.11722065414873757,0.3750436492264271,15.966235632183908,0.08897231889721827,0.028248335251519305
19bc7379cfd8c4f9f740cb0ce983cc14ba802e88a77ce40527a6df05aaf4e6c9,Ahmedabad,ssp245,late_2080s,2086,perimeter_top_zn_4,perimeter,top,west,24.368572506282664,27.120955927000004,25.744764216641336,28.213811009959286,2.7523834207173437,51.0771958151168,0.10253193748825952,0.3101632185280323,10.308908045977011,0.07396474769007784,0.028567189798181673
1fbc80cc15fc47b906c5e8651c3035538a31d5ddc79e2f4047acca698afff72d,Kolkata,ssp585,baseline_2020s,2026,core_bottom,core,bottom,core,24.590669771531612,26.613227797533664,25.60194878453264,27.31341542674252,2.0225580260020517,51.43558334272834,0.08949471346760669,0.19891560450196266,4.885057471264368,0.060530164954564765,0.028964548513041925
1fbc80cc15fc47b906c5e8651c3035538a31d5ddc79e2f4047acca698afff72d,Kolkata,ssp585,baseline_2020s,2026,core_mid,core,middle,core,24.888389526554803,26.3926291345927,25.64050933057375,27.993429447809138,1.504239608037892,52.57920478025749,0.09921403094646719,0.284853876568377,11.548132183908045,0.07100606756775472,0.02820796337871247
1fbc80cc15fc47b906c5e8651c3035538a31d5ddc79e2f4047acca698afff72d,Kolkata,ssp585,baseline_2020s,2026,core_top,core,top,core,24.662579779777104,26.327374641372987,25.49497721057504,28.040439765035757,1.6647948615958816,52.0725227520943,0.09343052954162993,0.281505823135376,10.686063218390805,0.06406523349696691,0.02936529604466302
1fbc80cc15fc47b906c5e8651c3035538a31d5ddc79e2f4047acca698afff72d,Kolkata,ssp585,baseline_2020s,2026,perimeter_bot_zn_1,perimeter,bottom,south,25.51507605847803,27.388102780516014,26.451589419497026,28.8994270148683,1.8730267220379875,56.16763870919323,0.15282002100569628,0.31266534328460693,31.627155172413797,0.1297278286460109,0.023092192359685373
1fbc80cc15fc47b906c5e8651c3035538a31d5ddc79e2f4047acca698afff72d,Kolkata,ssp585,baseline_2020s,2026,perimeter_bot_zn_2,perimeter,bottom,east,24.361652769471142,26.5394388361511,25.45054580281112,27.30004849775454,2.1777860666799542,53.26133489026182,0.0835577176376005,0.2030697949230671,5.453783524904215,0.054167413531884666,0.02939030410571584
1fbc80cc15fc47b906c5e8651c3035538a31d5ddc79e2f4047acca698afff72d,Kolkata,ssp585,baseline_2020s,2026,perimeter_bot_zn_3,perimeter,bottom,north,24.75690363114843,26.470901157758092,25.613902394453262,27.788360360858153,1.7139975266096608,52.238590529313754,0.09544939041193505,0.25947653129696846,7.914272030651341,0.06753619449003287,0.02791319592190218
1fbc80cc15fc47b906c5e8651c3035538a31d5ddc79e2f4047acca698afff72d,Kolkata,ssp585,baseline_2020s,2026,perimeter_bot_zn_4,perimeter,bottom,west,24.24903825791216,26.439434865145888,25.34423656152902,26.921728830364504,2.19039660723373,53.62939890876529,0.07800305316328844,0.1872413046658039,3.3465038314176243,0.047442818797981616,0.03056023436530682
1fbc80cc15fc47b906c5e8651c3035538a31d5ddc79e2f4047acca698afff72d,Kolkata,ssp585,baseline_2020s,2026,perimeter_mid_zn_1,perimeter,middle,south,25.40590616930433,27.47437335514826,26.440139762226295,29.154247799488324,2.068467185843927,51.047778490800205,0.1528811799569569,0.36701315734535456,28.09506704980843,0.12944970253760876,0.02343147741934814
1fbc80cc15fc47b906c5e8651c3035538a31d5ddc79e2f4047acca698afff72d,Kolkata,ssp585,baseline_2020s,2026,perimeter_mid_zn_2,perimeter,middle,east,24.408840461286868,26.77374507667518,25.59129276898102,27.785845306854558,2.3649046153883133,53.857299872595384,0.0940581172720531,0.2619786560535431,9.746168582375478,0.06508847985833024,0.02896963741372284
1fbc80cc15fc47b906c5e8651c3035538a31d5ddc79e2f4047acca698afff72d,Kolkata,ssp585,baseline_2020s,2026,perimeter_mid_zn_3,perimeter,middle,north,24.929057067643324,26.81392681310136,25.871491940372344,28.631085068173576,1.8848697454580343,52.54117726866289,0.11350404907044596,0.3101632185280323,15.816570881226053,0.08677766942027715,0.026726379650168816
1fbc80cc15fc47b906c5e8651c3035538a31d5ddc79e2f4047acca698afff72d,Kolkata,ssp585,baseline_2020s,2026,perimeter_mid_zn_4,perimeter,middle,west,24.317995585188733,26.700369449394156,25.509182517291446,27.47706974632307,2.382373864205431,54.35888660048211,0.08766406563009344,0.25947653129696846,7.8723659003831425,0.05842061023644022,0.02924345539365322
1fbc80cc15fc47b906c5e8651c3035538a31d5ddc79e2f4047acca698afff72d,Kolkata,ssp585,baseline_2020s,2026,perimeter_top_zn_1,perimeter,top,south,25.05767675489653,27.312230473614527,26.18495361425553,29.071201466369086,2.2545537187179954,50.92073328489563,0.1346121416058937,0.3624461127910763,22.24616858237548,0.10974486796554468,0.024867273640348995
1fbc80cc15fc47b906c5e8651c3035538a31d5ddc79e2f4047acca698afff72d,Kolkata,ssp585,baseline_2020s,2026,perimeter_top_zn_2,perimeter,top,east,24.396256984517947,26.80037891619769,25.59831795035782,28.02407750779158,2.404121931679739,53.15021433679652,0.09543559078319332,0.292198546230793,10.482519157088124,0.06650052093953149,0.02893506984366182
1fbc80cc15fc47b906c5e8651c3035538a31d5ddc79e2f4047acca698afff72d,Kolkata,ssp585,baseline_2020s,2026,perimeter_top_zn_3,perimeter,top,north,24.725573409653602,26.737584952935872,25.731579181294734,28.640763808438585,2.012011543282268,52.129601218160204,0.10636296405149642,0.3101632185280323,14.254070881226053,0.07865789747918274,0.027705066572313673
1fbc80cc15fc47b906c5e8651c3035538a31d5ddc79e2f4047acca698afff72d,Kolkata,ssp585,baseline_2020s,2026,perimeter_top_zn_4,perimeter,top,west,24.259207762648302,26.690913878695596,25.475060820671946,27.485905468488657,2.431706116047295,53.611802255063374,0.08674199899036174,0.25947653129696846,7.830459770114942,0.05721799377084378,0.02952400521951796
21ac3684c23ae0ee63decd2b2d4fd3ebc8f5c89190829808ee71fba3d70044a3,Kolkata,ssp585,near_2030s,2038,core_bottom,core,bottom,core,24.461050042801148,26.430587845043902,25.44581894392253,27.22858756859844,1.9695378022427592,50.363462654402994,0.08712447528080378,0.2030697949230671,5.405890804597701,0.05657031282411676,0.030554162456687017
21ac3684c23ae0ee63decd2b2d4fd3ebc8f5c89190829808ee71fba3d70044a3,Kolkata,ssp585,near_2030s,2038,core_mid,core,middle,core,24.6657196910151,26.144020609438044,25.404870150226575,27.823333530035878,1.4783009184229465,51.38195277470839,0.09001899807343103,0.27900369837880135,8.11182950191571,0.059905712949950604,0.030113285123480424
21ac3684c23ae0ee63decd2b2d4fd3ebc8f5c89190829808ee71fba3d70044a3,Kolkata,ssp585,near_2030s,2038,core_top,core,top,core,24.503671111192403,26.096799069737944,25.300235090465176,27.87780650430602,1.5931279585455407,50.79538993137702,0.08712373458339832,0.27900369837880135,8.207614942528735,0.0562126086407606,0.030911125942637722
21ac3684c23ae0ee63decd2b2d4fd3ebc8f5c89190829808ee71fba3d70044a3,Kolkata,ssp585,near_2030s,2038,perimeter_bot_zn_1,perimeter,bottom,south,25.123636380132165,26.972708538344527,26.048172459238344,28.486586091657202,1.849072158212364,55.30639670688553,0.1274432001285824,0.3101632185280323,20.839319923371647,0.10203830075892487,0.02540489936965753
21ac3684c23ae0ee63decd2b2d4fd3ebc8f5c89190829808ee71fba3d70044a3,Kolkata,ssp585,near_2030s,2038,perimeter_bot_zn_2,perimeter,bottom,east,24.261600705164607,26.274172417686046,25.26788656142533,27.074246111217306,2.012571712521442,52.30038067324833,0.08036011210154068,0.19891560450196266,4.885057471264368,0.04928090430192214,0.031079207799618532
21ac3684c23ae0ee63decd2b2d4fd3ebc8f5c89190829808ee71fba3d70044a3,Kolkata,ssp585,near_2030s,2038,perimeter_bot_zn_3,perimeter,bottom,north,24.52920522198317,26.148962115199005,25.339083668591087,27.526232410981542,1.6197568932158333,51.59531269709302,0.08590146324605272,0.25947653129696846,6.208093869731801,0.056071782599783584,0.02982968064626914
21ac3684c23ae0ee63decd2b2d4fd3ebc8f5c89190829808ee71fba3d70044a3,Kolkata,ssp585,near_2030s,2038,perimeter_bot_zn_4,perimeter,bottom,west,24.18641033648117,26.199746701806628,25.1930785191439,26.66998975021402,2.013336365325457,52.55935776780563,0.07631222943493964,0.1220385767519474,3.59794061302682,0.044460209551418085,0.03185201988352154
21ac3684c23ae0ee63decd2b2d4fd3ebc8f5c89190829808ee71fba3d70044a3,Kolkata,ssp585,near_2030s,2038,perimeter_mid_zn_1,perimeter,middle,south,25.080783070103955,27.097012356653597,26.088897713378778,28.887422561084527,2.0162292865496414,50.155524397487916,0.13081987648914095,0.3624461127910763,20.37236590038314,0.10523408493209965,0.025585791557041306
21ac3684c23ae0ee63decd2b2d4fd3ebc8f5c89190829808ee71fba3d70044a3,Kolkata,ssp585,near_2030s,2038,perimeter_mid_zn_2,perimeter,middle,east,24.314170136718595,26.51260443397246,25.413387285345525,27.652658685106463,2.1984342972538644,52.36324681706923,0.08787139291882926,0.25947653129696846,7.29765325670498,0.05715486721534432,0.03071652570348494
21ac3684c23ae0ee63decd2b2d4fd3ebc8f5c89190829808ee71fba3d70044a3,Kolkata,ssp585,near_2030s,2038,perimeter_mid_zn_3,perimeter,middle,north,24.669328862097842,26.47515030130653,25.57223958170219,28.374949518183506,1.8058214392086882,51.52225567774783,0.09866456280026054,0.29288436844944954,10.721982758620689,0.06956224151026373,0.029102321289996798
21ac3684c23ae0ee63decd2b2d4fd3ebc8f5c89190829808ee71fba3d70044a3,Kolkata,ssp585,near_2030s,2038,perimeter_mid_zn_4,perimeter,middle,west,24.246645823295022,26.455338079170943,25.35099195123298,27.217194648842565,2.20869225587592,52.80616446053609,0.08303281934956407,0.2030697949230671,5.8069923371647505,0.05216107746955075,0.03087174188001331
21ac3684c23ae0ee63decd2b2d4fd3ebc8f5c89190829808ee71fba3d70044a3,Kolkata,ssp585,near_2030s,2038,perimeter_top_zn_1,perimeter,top,south,24.782577647221387,26.95136624670993,25.866971946965656,28.778585572732528,2.168788599488545,49.970943022324654,0.11697751811463387,0.3141811324749142,16.12787356321839,0.08976640567514453,0.02721111243948935
21ac3684c23ae0ee63decd2b2d4fd3ebc8f5c89190829808ee71fba3d70044a3,Kolkata,ssp585,near_2030s,2038,perimeter_top_zn_2,perimeter,top,east,24.308739506989536,26.535800282395225,25.42226989469238,27.854148023034295,2.2270607754056906,51.73483021972788,0.08976487677305559,0.26640616194345057,8.165708812260537,0.05898595888957549,0.0307789178834801
21ac3684c23ae0ee63decd2b2d4fd3ebc8f5c89190829808ee71fba3d70044a3,Kolkata,ssp585,near_2030s,2038,perimeter_top_zn_3,perimeter,top,north,24.5183384955191,26.417501476629045,25.467919986074072,28.36713531808915,1.8991629811099389,51.04776474075894,0.09555463397769941,0.29288436844944954,10.512452107279694,0.06565391568663723,0.02990071829106218
21ac3684c23ae0ee63decd2b2d4fd3ebc8f5c89190829808ee71fba3d70044a3,Kolkata,ssp585,near_2030s,2038,perimeter_top_zn_4,perimeter,top,west,24.204710411602473,26.447970379647924,25.326340395625195,27.26428407926725,2.2432599680454466,52.09213241736719,0.08275984058626508,0.2030697949230671,5.926724137931035,0.05167665828352346,0.03108318230274162
26e51acfc31cccfde342a9eb6133b0d7aaccbaf7f4ebaa6aefc5ac62635d0b13,Ahmedabad,ssp245,mid_2050s,2059,core_bottom,core,bottom,core,24.729861370213293,26.867580763580825,25.798721066897055,28.119651383695775,2.137719393367536,49.432484173843605,0.10747472814479295,0.29288436844944954,12.332375478927203,0.07811054515803342,0.029364182986759524
26e51acfc31cccfde342a9eb6133b0d7aaccbaf7f4ebaa6aefc5ac62635d0b13,Ahmedabad,ssp245,mid_2050s,2059,core_mid,core,middle,core,25.101161343748274,26.711628990268213,25.90639516700824,28.73843616149348,1.6104676465199392,50.747846531076284,0.12333437197567838,0.36548264790326357,20.04310344827586,0.0957538429765326,0.027580528999145777
26e51acfc31cccfde342a9eb6133b0d7aaccbaf7f4ebaa6aefc5ac62635d0b13,Ahmedabad,ssp245,mid_2050s,2059,core_top,core,top,core,24.866618277638043,26.671605474469562,25.7691118760538,28.583646807152178,1.8049871968315148,50.078039301470156,0.11558443761947915,0.3141811324749142,17.708333333333336,0.08694261541395847,0.028641822205520688
26e51acfc31cccfde342a9eb6133b0d7aaccbaf7f4ebaa6aefc5ac62635d0b13,Ahmedabad,ssp245,mid_2050s,2059,perimeter_bot_zn_1,perimeter,bottom,south,26.310768876885387,28.334081984630412,27.322425430757896,30.026566300831682,2.023313107745028,49.78160807038265,0.23160393900387735,0.5213801695499569,52.843630268199234,0.212798920583876,0.018805018420001336
26e51acfc31cccfde342a9eb6133b0d7aaccbaf7f4ebaa6aefc5ac62635d0b13,Ahmedabad,ssp245,mid_2050s,2059,perimeter_bot_zn_2,perimeter,bottom,east,24.65344266247757,27.26076416542813,25.957103413952847,28.550895632630336,2.6073215029505628,50.34829221766163,0.11842309542682337,0.3101632185280323,16.349377394636015,0.09033545372514562,0.028087641701677754
26e51acfc31cccfde342a9eb6133b0d7aaccbaf7f4ebaa6aefc5ac62635d0b13,Ahmedabad,ssp245,mid_2050s,2059,perimeter_bot_zn_3,perimeter,bottom,north,24.977631771493492,26.76957147504896,25.873601623271224,28.87194670415492,1.7919397035554667,49.94951541510357,0.12068769999708562,0.3624461127910763,18.259099616858236,0.09295015656073725,0.027737543436348367
26e51acfc31cccfde342a9eb6133b0d7aaccbaf7f4ebaa6aefc5ac62635d0b13,Ahmedabad,ssp245,mid_2050s,2059,perimeter_bot_zn_4,perimeter,bottom,west,24.52956546399563,27.14797576365111,25.838770613823367,28.226042935402276,2.618410299655481,50.796772384078395,0.10900652271792337,0.3101632185280323,13.098659003831417,0.08055280163707756,0.028453721080845807
26e51acfc31cccfde342a9eb6133b0d7aaccbaf7f4ebaa6aefc5ac62635d0b13,Ahmedabad,ssp245,mid_2050s,2059,perimeter_mid_zn_1,perimeter,middle,south,25.92349275466746,28.21159303251043,27.06754289358895,29.99576272402787,2.2881002778429713,48.541573704029354,0.2131589666142955,0.5213801695499569,45.76149425287356,0.19229546885302298,0.02086349776127254
26e51acfc31cccfde342a9eb6133b0d7aaccbaf7f4ebaa6aefc5ac62635d0b13,Ahmedabad,ssp245,mid_2050s,2059,perimeter_mid_zn_2,perimeter,middle,east,24.66777113035856,27.408857295947502,26.038314213153033,29.074529821958414,2.7410861655889414,51.60566446887923,0.12330830155297426,0.3624461127910763,18.983477011494255,0.0961377964848144,0.02717050506815986
26e51acfc31cccfde342a9eb6133b0d7aaccbaf7f4ebaa6aefc5ac62635d0b13,Ahmedabad,ssp245,mid_2050s,2059,perimeter_mid_zn_3,perimeter,middle,north,25.156075061923513,27.128614907634095,26.142344984778806,29.64860711208135,1.9725398457105794,50.689929983982445,0.13703054555165067,0.3811948134098202,23.37763409961686,0.11066521098045543,0.02636533457119523
26e51acfc31cccfde342a9eb6133b0d7aaccbaf7f4ebaa6aefc5ac62635d0b13,Ahmedabad,ssp245,mid_2050s,2059,perimeter_mid_zn_4,perimeter,middle,west,24.576809824519547,27.32734056771422,25.952075196116883,28.899628055120065,2.750530743194676,52.15863769484127,0.11518867916043515,0.3101632185280323,15.834530651340998,0.08794076724461426,0.027247911915820898
26e51acfc31cccfde342a9eb6133b0d7aaccbaf7f4ebaa6aefc5ac62635d0b13,Ahmedabad,ssp245,mid_2050s,2059,perimeter_top_zn_1,perimeter,top,south,25.53079374086185,28.04784859388796,26.789321167374904,29.748530110418795,2.517054853026106,48.323421409529296,0.1909382737263179,0.43340337369591,40.002394636015325,0.16829458661095312,0.02264368711536475
26e51acfc31cccfde342a9eb6133b0d7aaccbaf7f4ebaa6aefc5ac62635d0b13,Ahmedabad,ssp245,mid_2050s,2059,perimeter_top_zn_2,perimeter,top,east,24.6398098122486,27.44833175592769,26.044070784088145,29.170195979659503,2.8085219436790902,50.758348727491544,0.12471792450559618,0.36548264790326357,19.067289272030653,0.09759340748082493,0.02712451702477125
26e51acfc31cccfde342a9eb6133b0d7aaccbaf7f4ebaa6aefc5ac62635d0b13,Ahmedabad,ssp245,mid_2050s,2059,perimeter_top_zn_3,perimeter,top,north,24.971737496217667,27.088038629073015,26.02988806264534,29.531177320406858,2.116301132855351,50.06727538982517,0.1314381236969897,0.3750436492264271,21.49185823754789,0.10419805366825803,0.027240070028731668
26e51acfc31cccfde342a9eb6133b0d7aaccbaf7f4ebaa6aefc5ac62635d0b13,Ahmedabad,ssp245,mid_2050s,2059,perimeter_top_zn_4,perimeter,top,west,24.493726599653506,27.32459681216269,25.909161705908097,28.83658441743369,2.8308702125091805,51.33388250431115,0.11236316863796952,0.3101632185280323,14.475574712643677,0.084825748649916,0.02753741998805353
2709662e9ca2b56f853a9b97115aecb90e3d80fdacc794a457a982c2da901c7a,Guangzhou,ssp245,mid_2050s,2051,core_bottom,core,bottom,core,24.566668182150504,26.53637516429887,25.551521673224688,27.458350090197005,1.9697069821483648,49.06314053688208,0.09175625708427468,0.19437416223808812,4.3821839080459775,0.06314203220986497,0.02861422487440971
2709662e9ca2b56f853a9b97115aecb90e3d80fdacc794a457a982c2da901c7a,Guangzhou,ssp245,mid_2050s,2051,core_mid,core,middle,core,24.859902345823897,26.2968826215538,25.578392483688848,28.095479831863457,1.4369802757299055,50.57076764484972,0.10081035270234599,0.28462430015206114,10.859674329501916,0.07271541935229812,0.028094933350047858
2709662e9ca2b56f853a9b97115aecb90e3d80fdacc794a457a982c2da901c7a,Guangzhou,ssp245,mid_2050s,2051,core_top,core,top,core,24.624122290813965,26.18923044360712,25.406676367210544,28.020340242129908,1.5651081527931507,50.15810189684722,0.09323938590488867,0.2619786560535431,8.860153256704981,0.06366965938449821,0.02956972652039046
2709662e9ca2b56f853a9b97115aecb90e3d80fdacc794a457a982c2da901c7a,Guangzhou,ssp245,mid_2050s,2051,perimeter_bot_zn_1,perimeter,bottom,south,25.257252883997932,27.050752974242062,26.15400292912,29.24775678868893,1.7935000902441323,53.79745450260216,0.14233694417926296,0.31874817702919245,26.813936781609193,0.11728913308791655,0.025047811091346402
2709662e9ca2b56f853a9b97115aecb90e3d80fdacc794a457a982c2da901c7a,Guangzhou,ssp245,mid_2050s,2051,perimeter_bot_zn_2,perimeter,bottom,east,24.343255583356317,26.36046950974395,25.351862546550134,27.629612154844725,2.017213926387631,51.34089684333938,0.08781734181143623,0.2030697949230671,5.950670498084292,0.05779518617347857,0.030022155637957668
2709662e9ca2b56f853a9b97115aecb90e3d80fdacc794a457a982c2da901c7a,Guangzhou,ssp245,mid_2050s,2051,perimeter_bot_zn_3,perimeter,bottom,north,24.74332696587024,26.34011873407735,25.541722849973794,28.296834122654513,1.5967917682071107,50.251485703450385,0.10289917154414314,0.25984940119087696,9.99161877394636,0.0742786785082979,0.028620493035845237
2709662e9ca2b56f853a9b97115aecb90e3d80fdacc794a457a982c2da901c7a,Guangzhou,ssp245,mid_2050s,2051,perimeter_bot_zn_4,perimeter,bottom,west,24.299018896195104,26.459482177488102,25.379250536841603,27.489448421456245,2.160463281293003,51.279000890037196,0.08703451925354307,0.2030697949230671,5.369971264367816,0.057097741972663534,0.029936777280879536
2709662e9ca2b56f853a9b97115aecb90e3d80fdacc794a457a982c2da901c7a,Guangzhou,ssp245,mid_2050s,2051,perimeter_mid_zn_1,perimeter,middle,south,25.24053347449422,27.20519491959444,26.222864197044327,29.288717673402466,1.964661445100217,49.574906146525784,0.13911186613238555,0.36548264790326357,21.743295019157088,0.11477678059650473,0.024335085535880825
2709662e9ca2b56f853a9b97115aecb90e3d80fdacc794a457a982c2da901c7a,Guangzhou,ssp245,mid_2050s,2051,perimeter_mid_zn_2,perimeter,middle,east,24.382788326779707,26.608218567401646,25.495503447090677,28.011188527429184,2.22543024062194,52.05558329287839,0.09641934368654352,0.28028683201409876,10.087404214559387,0.06720672518217186,0.029212618504371672
2709662e9ca2b56f853a9b97115aecb90e3d80fdacc794a457a982c2da901c7a,Guangzhou,ssp245,mid_2050s,2051,perimeter_mid_zn_3,perimeter,middle,north,24.913134082286934,26.689035556362377,25.80108481932466,28.970194141932524,1.7759014740754462,50.73449337997437,0.11689886673521935,0.3101632185280323,16.271551724137932,0.08982505557221857,0.027073811163000786
2709662e9ca2b56f853a9b97115aecb90e3d80fdacc794a457a982c2da901c7a,Guangzhou,ssp245,mid_2050s,2051,perimeter_mid_zn_4,perimeter,middle,west,24.330252149483186,26.684610547444187,25.50743134846369,27.8463311916682,2.354358397960997,52.32918134807775,0.09410505908165541,0.2619786560535431,9.841954022988505,0.06514083986132455,0.028964219220330868
2709662e9ca2b56f853a9b97115aecb90e3d80fdacc794a457a982c2da901c7a,Guangzhou,ssp245,mid_2050s,2051,perimeter_top_zn_1,perimeter,top,south,24.904662432246568,27.021547737892384,25.963105085069476,29.14983312446259,2.116885305645816,49.497337648369694,0.12359820194280641,0.3624461127910763,16.52897509578544,0.09757918974581367,0.026019012196992736
2709662e9ca2b56f853a9b97115aecb90e3d80fdacc794a457a982c2da901c7a,Guangzhou,ssp245,mid_2050s,2051,perimeter_top_zn_2,perimeter,top,east,24.336322937416092,26.58577373990258,25.461048338659335,28.122625256027135,2.2494508024864897,51.5554013814808,0.09591858197284382,0.284853876568377,9.794061302681992,0.06607397196487028,0.02984461000797355
2709662e9ca2b56f853a9b97115aecb90e3d80fdacc794a457a982c2da901c7a,Guangzhou,ssp245,mid_2050s,2051,perimeter_top_zn_3,perimeter,top,north,24.687745180047305,26.569903850311306,25.628824515179307,28.859582871504855,1.8821586702640025,50.45250348991077,0.10845788992082817,0.30947739630937576,13.47581417624521,0.07999748461572025,0.028460405305107912
2709662e9ca2b56f853a9b97115aecb90e3d80fdacc794a457a982c2da901c7a,Guangzhou,ssp245,mid_2050s,2051,perimeter_top_zn_4,perimeter,top,west,24.238648578978815,26.62619073612878,25.432419657553794,27.853649782774244,2.387542157149967,51.75142514437448,0.09174884831279376,0.2619786560535431,9.021791187739463,0.062110834081545274,0.029638014231248486
2cd8cce966d18e58284456e5b1bc10cde749752d9237a6878b8950d49a84fc9e,Ahmedabad,ssp585,near_2030s,2031,core_bottom,core,bottom,core,24.562771441918745,26.64135487047933,25.60206315619904,27.671945309233077,2.0785834285605844,47.48868187108253,0.09666921961809773,0.25947653129696846,7.165948275862069,0.06666956481637996,0.02999965480171776
2cd8cce966d18e58284456e5b1bc10cde749752d9237a6878b8950d49a84fc9e,Ahmedabad,ssp585,near_2030s,2031,core_mid,core,middle,core,24.895732562262147,26.454922851626346,25.675327706944245,28.277070469259826,1.559190289364203,49.0024446486156,0.10868701468122545,0.3089472526684352,14.337883141762454,0.08048332508652734,0.028203689594698114
2cd8cce966d18e58284456e5b1bc10cde749752d9237a6878b8950d49a84fc9e,Ahmedabad,ssp585,near_2030s,2031,core_top,core,top,core,24.6736712567081,26.39862119850968,25.536146227608892,28.029351472685477,1.7249499418015832,48.3726847716408,0.10019002129091897,0.28132297446718263,11.302681992337165,0.07085351081270862,0.029336510478210356
2cd8cce966d18e58284456e5b1bc10cde749752d9237a6878b8950d49a84fc9e,Ahmedabad,ssp585,near_2030s,2031,perimeter_bot_zn_1,perimeter,bottom,south,25.78742035400239,27.78628293342405,26.78685164371322,29.86885503934731,1.9988625794216575,48.44117015736028,0.19082851826598954,0.42888039723038673,39.331896551724135,0.16923442136824587,0.02159409689774366
2cd8cce966d18e58284456e5b1bc10cde749752d9237a6878b8950d49a84fc9e,Ahmedabad,ssp585,near_2030s,2031,perimeter_bot_zn_2,perimeter,bottom,east,24.482852320770043,26.899798298792046,25.691325309781043,28.174616880666928,2.4169459780220044,48.64405079742149,0.10460092528353862,0.29288436844944954,10.380747126436782,0.07505014382507491,0.029550781458463713
2cd8cce966d18e58284456e5b1bc10cde749752d9237a6878b8950d49a84fc9e,Ahmedabad,ssp585,near_2030s,2031,perimeter_bot_zn_3,perimeter,bottom,north,24.72863835065987,26.379629859915436,25.554134105287655,28.249713439382994,1.6509915092555647,48.50295852309657,0.10460537882705516,0.29288436844944954,11.691810344827585,0.07547050178753724,0.02913487703951791
2cd8cce966d18e58284456e5b1bc10cde749752d9237a6878b8950d49a84fc9e,Ahmedabad,ssp585,near_2030s,2031,perimeter_bot_zn_4,perimeter,bottom,west,24.38506693553918,26.80301102606819,25.594038980803685,27.761696187920652,2.417944090529017,49.02436757992409,0.09786026915084556,0.2619786560535431,8.602729885057471,0.06798044476195121,0.02987982438889435
2cd8cce966d18e58284456e5b1bc10cde749752d9237a6878b8950d49a84fc9e,Ahmedabad,ssp585,near_2030s,2031,perimeter_mid_zn_1,perimeter,middle,south,25.556738123576444,27.765185811417453,26.660961967496945,29.65840248349199,2.208447687841015,47.196134232280556,0.18190021384375837,0.4288363291416317,35.021551724137936,0.1594178601991255,0.022482353644632875
2cd8cce966d18e58284456e5b1bc10cde749752d9237a6878b8950d49a84fc9e,Ahmedabad,ssp585,near_2030s,2031,perimeter_mid_zn_2,perimeter,middle,east,24.495332660932235,27.063066692187828,25.779199676560033,28.391629249245426,2.567734031255587,49.84524488703088,0.10895855414271731,0.3021327266469598,13.517720306513409,0.08043078006596673,0.028527774076750594
2cd8cce966d18e58284456e5b1bc10cde749752d9237a6878b8950d49a84fc9e,Ahmedabad,ssp585,near_2030s,2031,perimeter_mid_zn_3,perimeter,middle,north,24.909164836717064,26.757136584349958,25.83315071053351,28.846136448621873,1.847971747632894,49.164435484221045,0.12145306649523904,0.3624461127910763,18.39080459770115,0.09380086088369974,0.02765220561153931
2cd8cce966d18e58284456e5b1bc10cde749752d9237a6878b8950d49a84fc9e,Ahmedabad,ssp585,near_2030s,2031,perimeter_mid_zn_4,perimeter,middle,west,24.42278063669435,26.99240463601322,25.70759263635379,28.1389854489757,2.569623999318868,50.36778644642531,0.10290507377092205,0.29288436844944954,11.829501915708812,0.07423254906001833,0.02867252471090372
2cd8cce966d18e58284456e5b1bc10cde749752d9237a6878b8950d49a84fc9e,Ahmedabad,ssp585,near_2030s,2031,perimeter_top_zn_1,perimeter,top,south,25.19180788478556,27.59982200600586,26.395814945395706,29.329126092428904,2.4080141212203015,46.95143580544956,0.16099089501835195,0.4198947085533291,28.418342911877392,0.13682711449234525,0.02416378052600671
2cd8cce966d18e58284456e5b1bc10cde749752d9237a6878b8950d49a84fc9e,Ahmedabad,ssp585,near_2030s,2031,perimeter_top_zn_2,perimeter,top,east,24.447794393774767,27.075179223152844,25.761486808463804,28.374518548494972,2.627384829378074,49.12358461177238,0.10877625230715166,0.3101632185280323,12.78735632183908,0.08002875203346357,0.028747500273688085
2cd8cce966d18e58284456e5b1bc10cde749752d9237a6878b8950d49a84fc9e,Ahmedabad,ssp585,near_2030s,2031,perimeter_top_zn_3,perimeter,top,north,24.71745335271006,26.694560627500515,25.706006990105287,28.60259144571533,1.9771072747904495,48.6139476841134,0.11323106853161818,0.3101632185280323,15.463362068965516,0.08461890602032734,0.028612162511290846
2cd8cce966d18e58284456e5b1bc10cde749752d9237a6878b8950d49a84fc9e,Ahmedabad,ssp585,near_2030s,2031,perimeter_top_zn_4,perimeter,top,west,24.327369691088013,26.96537437426465,25.646372032676332,28.025520614329935,2.638004683176633,49.62639689939634,0.09963627948466801,0.29288436844944954,10.075431034482758,0.07069525761410266,0.028941021870565357
2d09699a8def8dea46d49e77a64f1458cf59986016b22b15c1876380e3278fbe,Ahmedabad,ssp245,near_2030s,2032,core_bottom,core,bottom,core,24.481365460578303,26.58159060924481,25.531478034911558,27.192371048454792,2.1002251486665098,48.05681712440826,0.08709360358918128,0.1872413046658039,2.412595785440613,0.05685359449633192,0.030240009092849365
2d09699a8def8dea46d49e77a64f1458cf59986016b22b15c1876380e3278fbe,Ahmedabad,ssp245,near_2030s,2032,core_mid,core,middle,core,24.789558774488373,26.379556094038247,25.584557434263306,27.74228549844339,1.5899973195498727,49.62328330938086,0.09465072218049551,0.25947653129696846,7.890325670498084,0.06580966184348612,0.028841060337009398
2d09699a8def8dea46d49e77a64f1458cf59986016b22b15c1876380e3278fbe,Ahmedabad,ssp245,near_2030s,2032,core_top,core,top,core,24.542977071282873,26.30929523765198,25.426136154467432,27.554807945504688,1.7663181663691099,48.84090280971486,0.08737728141189238,0.2030697949230671,5.914750957854406,0.057335528422087265,0.030041752989805114
2d09699a8def8dea46d49e77a64f1458cf59986016b22b15c1876380e3278fbe,Ahmedabad,ssp245,near_2030s,2032,perimeter_bot_zn_1,perimeter,bottom,south,25.772818618584047,27.787381944483066,26.78010028153356,29.133135505504722,2.014563325899014,49.064720196683936,0.18927329429931272,0.4282721318304539,39.439655172413794,0.16797011420163066,0.021303180097682037
2d09699a8def8dea46d49e77a64f1458cf59986016b22b15c1876380e3278fbe,Ahmedabad,ssp245,near_2030s,2032,perimeter_bot_zn_2,perimeter,bottom,east,24.374396847964558,26.8495754302844,25.611986139124475,27.414371291149354,2.475178582319844,49.21872882225307,0.0914534600937907,0.2030697949230671,5.172413793103448,0.06190529302626998,0.029548167067520715
2d09699a8def8dea46d49e77a64f1458cf59986016b22b15c1876380e3278fbe,Ahmedabad,ssp245,near_2030s,2032,perimeter_bot_zn_3,perimeter,bottom,north,24.634064328360175,26.34087338132081,25.48746885484049,27.529433647993507,1.7068090529606372,49.02243034699583,0.08981124290560195,0.2030697949230671,5.112547892720307,0.06055111839702278,0.029260124508579177
2d09699a8def8dea46d49e77a64f1458cf59986016b22b15c1876380e3278fbe,Ahmedabad,ssp245,near_2030s,2032,perimeter_bot_zn_4,perimeter,bottom,west,24.284277100831375,26.760435117188113,25.52235610900975,27.148600833863323,2.476158016356742,49.56733019112129,0.08592667635729277,0.18748648837208748,3.633860153256705,0.05583771882148083,0.030088957535811936
2d09699a8def8dea46d49e77a64f1458cf59986016b22b15c1876380e3278fbe,Ahmedabad,ssp245,near_2030s,2032,perimeter_mid_zn_1,perimeter,middle,south,25.477299788971866,27.719925729101487,26.598612759036676,28.979445353464033,2.2426259401296176,47.816306048019825,0.1736471040224098,0.4282721318304539,31.764846743295017,0.15120627020048139,0.02244083382192842
2d09699a8def8dea46d49e77a64f1458cf59986016b22b15c1876380e3278fbe,Ahmedabad,ssp245,near_2030s,2032,perimeter_mid_zn_2,perimeter,middle,east,24.358458397973795,26.98202566882346,25.670242033398626,27.624332318515542,2.623567270849661,50.57795683232282,0.09528100454600076,0.25947653129696846,8.081896551724139,0.06650411672865654,0.028776887817344214
2d09699a8def8dea46d49e77a64f1458cf59986016b22b15c1876380e3278fbe,Ahmedabad,ssp245,near_2030s,2032,perimeter_mid_zn_3,perimeter,middle,north,24.789230318037234,26.690525145178743,25.73987773160799,28.17326942517786,1.9012948271415113,49.8273954930056,0.10640188211561658,0.27900369837880135,12.003113026819925,0.07853892785644201,0.027862954259174563
2d09699a8def8dea46d49e77a64f1458cf59986016b22b15c1876380e3278fbe,Ahmedabad,ssp245,near_2030s,2032,perimeter_mid_zn_4,perimeter,middle,west,24.309604809354997,26.928283478327437,25.61894414384122,27.53502412863477,2.6186786689724366,51.00423433505403,0.09281103775671327,0.25947653129696846,7.315613026819924,0.06389008963243524,0.02892094812427803
2d09699a8def8dea46d49e77a64f1458cf59986016b22b15c1876380e3278fbe,Ahmedabad,ssp245,near_2030s,2032,perimeter_top_zn_1,perimeter,top,south,25.085411920923917,27.538183466632557,26.311797693778235,28.67417476121879,2.4527715457086354,47.44750840422218,0.15069018466979583,0.38957223668694496,24.61685823754789,0.12636588456948158,0.02432430010031424
2d09699a8def8dea46d49e77a64f1458cf59986016b22b15c1876380e3278fbe,Ahmedabad,ssp245,near_2030s,2032,perimeter_top_zn_2,perimeter,top,east,24.31432794896736,26.994611642817954,25.654469795892656,27.598921584440276,2.6802836938506,49.639122003685,0.09464992621516692,0.25947653129696846,7.770593869731801,0.06578118661473197,0.028868739600434956
2d09699a8def8dea46d49e77a64f1458cf59986016b22b15c1876380e3278fbe,Ahmedabad,ssp245,near_2030s,2032,perimeter_top_zn_3,perimeter,top,north,24.58699900178194,26.62056001442816,25.603779508105045,28.06807819110933,2.0335610126462176,49.11109375428405,0.09843673405017377,0.26165926782414006,9.08764367816092,0.06952995841985281,0.02890677563032096
2d09699a8def8dea46d49e77a64f1458cf59986016b22b15c1876380e3278fbe,Ahmedabad,ssp245,near_2030s,2032,perimeter_top_zn_4,perimeter,top,west,24.241011565622376,26.915573575743483,25.578292570682926,27.533252094791525,2.674562010121107,49.98866290261084,0.09138646365772381,0.2587907090783119,6.812739463601533,0.06211717808895684,0.02926928556876697
3292ef4b594a06edb5cab1e71a875a6f3ed3ee8cedc6f47ec3215783ebb2baab,Kolkata,ssp245,near_2030s,2036,core_bottom,core,bottom,core,24.536214935781544,26.544059257048687,25.540137096415116,27.216616698792986,2.007844321267149,51.10505471840599,0.08727887017390124,0.1899886131286621,4.436063218390805,0.05781063239868031,0.029468237775220923
3292ef4b594a06edb5cab1e71a875a6f3ed3ee8cedc6f47ec3215783ebb2baab,Kolkata,ssp245,near_2030s,2036,core_mid,core,middle,core,24.797465450025996,26.299089187941593,25.548277318983793,27.90808568175641,1.5016237379155966,52.1986497998637,0.09372482633406787,0.25947653129696846,9.357040229885058,0.0648194788662441,0.028905347467823757
3292ef4b594a06edb5cab1e71a875a6f3ed3ee8cedc6f47ec3215783ebb2baab,Kolkata,ssp245,near_2030s,2036,core_top,core,top,core,24.594016449201906,26.240193579342908,25.41710501427241,27.96672565884285,1.646177130140999,51.699272947430856,0.0889261655431109,0.25984940119087696,8.967911877394636,0.05894828326198392,0.02997788228112698
3292ef4b594a06edb5cab1e71a875a6f3ed3ee8cedc6f47ec3215783ebb2baab,Kolkata,ssp245,near_2030s,2036,perimeter_bot_zn_1,perimeter,bottom,south,25.372324888225403,27.25082190812285,26.311573398174126,28.79474482647652,1.8784970198974489,55.8383117535679,0.14362334242838307,0.3101632185280323,27.592193486590038,0.11983598066037575,0.023787361768007317
3292ef4b594a06edb5cab1e71a875a6f3ed3ee8cedc6f47ec3215783ebb2baab,Kolkata,ssp245,near_2030s,2036,perimeter_bot_zn_2,perimeter,bottom,east,24.322366457375,26.451268716590256,25.38681758698263,27.160294810529713,2.1289022592152533,52.955101639383464,0.08155942462693079,0.18974342942237854,4.460009578544062,0.05152715494363592,0.03003226968329487
3292ef4b594a06edb5cab1e71a875a6f3ed3ee8cedc6f47ec3215783ebb2baab,Kolkata,ssp245,near_2030s,2036,perimeter_bot_zn_3,perimeter,bottom,north,24.670217383477983,26.360159137681354,25.515188260579666,27.62681449492467,1.6899417542033695,52.050210889952105,0.0904850722042747,0.20557191967964172,6.315852490421456,0.061935347793387406,0.028549724410887285
3292ef4b594a06edb5cab1e71a875a6f3ed3ee8cedc6f47ec3215783ebb2baab,Kolkata,ssp245,near_2030s,2036,perimeter_bot_zn_4,perimeter,bottom,west,24.22486768007924,26.361559853269355,25.293213766674295,26.834735195703797,2.1366921731901183,53.28104779403356,0.07689822890781661,0.12454070150852203,2.987308429118774,0.045948925721639736,0.03094930318617688
3292ef4b594a06edb5cab1e71a875a6f3ed3ee8cedc6f47ec3215783ebb2baab,Kolkata,ssp245,near_2030s,2036,perimeter_mid_zn_1,perimeter,middle,south,25.28753920283491,27.348158319228713,26.31784876103181,29.026741971483776,2.0606191163937995,50.7629064942766,0.14660356370787386,0.37082353606820107,25.700431034482758,0.12232802296118674,0.024275540746687117
3292ef4b594a06edb5cab1e71a875a6f3ed3ee8cedc6f47ec3215783ebb2baab,Kolkata,ssp245,near_2030s,2036,perimeter_mid_zn_2,perimeter,middle,east,24.363144949124553,26.68022441699691,25.52168468306073,27.68254250460705,2.3170794678723565,53.37617084794462,0.08985555632290744,0.25947653129696846,7.8125,0.060290455043189216,0.029565101279718228
3292ef4b594a06edb5cab1e71a875a6f3ed3ee8cedc6f47ec3215783ebb2baab,Kolkata,ssp245,near_2030s,2036,perimeter_mid_zn_3,perimeter,middle,north,24.8310828123862,26.695454370535,25.763268591460598,28.51411499721796,1.864371558148797,52.214936177341215,0.1075823833107488,0.2975656820926815,12.984913793103448,0.07993603183645255,0.027646351474296244
3292ef4b594a06edb5cab1e71a875a6f3ed3ee8cedc6f47ec3215783ebb2baab,Kolkata,ssp245,near_2030s,2036,perimeter_mid_zn_4,perimeter,middle,west,24.281389192588257,26.612935736066234,25.44716246432725,27.314961732144535,2.331546543477975,53.855556749129356,0.08492373184941188,0.2030697949230671,6.166187739463601,0.055042661691907,0.029881070157504883
3292ef4b594a06edb5cab1e71a875a6f3ed3ee8cedc6f47ec3215783ebb2baab,Kolkata,ssp245,near_2030s,2036,perimeter_top_zn_1,perimeter,top,south,24.96240464958144,27.19473465168861,26.078569650635018,28.941163712467457,2.2323300021071697,50.632440101001336,0.1288569173742579,0.3624461127910763,19.719827586206897,0.103159123707618,0.025697793666639886
3292ef4b594a06edb5cab1e71a875a6f3ed3ee8cedc6f47ec3215783ebb2baab,Kolkata,ssp245,near_2030s,2036,perimeter_top_zn_2,perimeter,top,east,24.353609996300552,26.70608049992479,25.529845248112668,27.9538593137996,2.352470503624238,52.72959247648394,0.09132132178061071,0.2619786560535431,8.908045977011495,0.06178586562079381,0.029535456159816908
3292ef4b594a06edb5cab1e71a875a6f3ed3ee8cedc6f47ec3215783ebb2baab,Kolkata,ssp245,near_2030s,2036,perimeter_top_zn_3,perimeter,top,north,24.646974838359256,26.625971613932546,25.6364732261459,28.56305014745387,1.9789967755732893,51.810438698176654,0.10105890216505119,0.3006022172048688,11.55411877394636,0.07265868433762317,0.028400217827428017
3292ef4b594a06edb5cab1e71a875a6f3ed3ee8cedc6f47ec3215783ebb2baab,Kolkata,ssp245,near_2030s,2036,perimeter_top_zn_4,perimeter,top,west,24.230433790428698,26.605480680018392,25.417957235223547,27.360761971715405,2.3750468895896946,53.149465324501634,0.08406375967693414,0.2034426648169756,6.369731800766283,0.054009290117294516,0.03005446955963962
3550d9d7c1350e979982ca94fd0e78a84f381aa2921f39fba5a34e3bf5e99c4e,Kolkata,ssp585,baseline_2020s,2029,core_bottom,core,bottom,core,24.444874114022642,26.440159925161097,25.44251701959187,26.866319863652297,1.9952858111384555,50.63490468414009,0.08062601783693103,0.12454070150852203,1.861829501915709,0.05046212762243862,0.030163890214492405
3550d9d7c1350e979982ca94fd0e78a84f381aa2921f39fba5a34e3bf5e99c4e,Kolkata,ssp585,baseline_2020s,2029,core_mid,core,middle,core,24.676794406566078,26.172861097878013,25.42482775222205,27.4657581265712,1.496066691311929,51.67008999259951,0.08630018218033678,0.20557191967964172,6.339798850574713,0.056692892264642115,0.029607289915694654
3550d9d7c1350e979982ca94fd0e78a84f381aa2921f39fba5a34e3bf5e99c4e,Kolkata,ssp585,baseline_2020s,2029,core_top,core,top,core,24.476211665235464,26.108231706745425,25.292221685990448,27.483501731330108,1.632020041509959,51.02867716714034,0.08234144833679441,0.2030697949230671,6.082375478927203,0.05161953138409876,0.03072191695269564
3550d9d7c1350e979982ca94fd0e78a84f381aa2921f39fba5a34e3bf5e99c4e,Kolkata,ssp585,baseline_2020s,2029,perimeter_bot_zn_1,perimeter,bottom,south,25.21658613301933,27.084956115813398,26.150771124416366,28.294447640937346,1.8683699827940647,55.49346269671924,0.13309429758076988,0.3021327266469598,23.77873563218391,0.10855684467348033,0.024537452907289554
3550d9d7c1350e979982ca94fd0e78a84f381aa2921f39fba5a34e3bf5e99c4e,Kolkata,ssp585,baseline_2020s,2029,perimeter_bot_zn_2,perimeter,bottom,east,24.22792606565124,26.31694808702545,25.272437076338345,26.727750386091074,2.089022021374212,52.543505122552304,0.0749913645595231,0.1220385767519474,2.029454022988506,0.044175953551035436,0.03081541100848766
3550d9d7c1350e979982ca94fd0e78a84f381aa2921f39fba5a34e3bf5e99c4e,Kolkata,ssp585,baseline_2020s,2029,perimeter_bot_zn_3,perimeter,bottom,north,24.555340285424084,26.219896585546156,25.387618435485123,27.284599587048273,1.6645563001220758,51.698790946982044,0.08210995204302249,0.18974342942237854,3.6697796934865896,0.05283276366811001,0.02927718837491247
3550d9d7c1350e979982ca94fd0e78a84f381aa2921f39fba5a34e3bf5e99c4e,Kolkata,ssp585,baseline_2020s,2029,perimeter_bot_zn_4,perimeter,bottom,west,24.145681315341704,26.237099051276314,25.19139018330901,26.433377850645122,2.0914177359346096,52.819762381408474,0.07138519846796107,0.10898464545607567,1.1494252873563218,0.03963274584780492,0.03175245262015614
3550d9d7c1350e979982ca94fd0e78a84f381aa2921f39fba5a34e3bf5e99c4e,Kolkata,ssp585,baseline_2020s,2029,perimeter_mid_zn_1,perimeter,middle,south,25.13726272970489,27.18453791853027,26.16090032411758,28.56292956440957,2.047275188825381,50.341512522996645,0.13479281116119862,0.31874817702919245,21.054837164750957,0.1100154336877756,0.024777377473423033
3550d9d7c1350e979982ca94fd0e78a84f381aa2921f39fba5a34e3bf5e99c4e,Kolkata,ssp585,baseline_2020s,2029,perimeter_mid_zn_2,perimeter,middle,east,24.26088527856131,26.540421382541258,25.40065333055128,27.215372080507017,2.279536103979941,52.83006840010073,0.08286122257908629,0.2030697949230671,5.262212643678161,0.05250174629896071,0.030359476280125582
3550d9d7c1350e979982ca94fd0e78a84f381aa2921f39fba5a34e3bf5e99c4e,Kolkata,ssp585,baseline_2020s,2029,perimeter_mid_zn_3,perimeter,middle,north,24.692812751703517,26.541379047507775,25.617095899605644,28.03623666164687,1.8485662958042535,51.76629563045972,0.09826554886118781,0.27900369837880135,9.913793103448276,0.06973409019930242,0.028531458661885386
3550d9d7c1350e979982ca94fd0e78a84f381aa2921f39fba5a34e3bf5e99c4e,Kolkata,ssp585,baseline_2020s,2029,perimeter_mid_zn_4,perimeter,middle,west,24.193845591990048,26.482575937289024,25.338210764639534,26.841963282938487,2.2887303452989727,53.258287403048136,0.07823650404120999,0.12454070150852203,3.7416187739463607,0.04761335621577896,0.030623147825431032
3550d9d7c1350e979982ca94fd0e78a84f381aa2921f39fba5a34e3bf5e99c4e,Kolkata,ssp585,baseline_2020s,2029,perimeter_top_zn_1,perimeter,top,south,24.802742990470122,27.020214343980268,25.9114786672252,28.520616440727622,2.2174713535101427,50.10950888039936,0.11799007157547414,0.3101632185280323,15.56513409961686,0.09141811333914283,0.0265719582363313
3550d9d7c1350e979982ca94fd0e78a84f381aa2921f39fba5a34e3bf5e99c4e,Kolkata,ssp585,baseline_2020s,2029,perimeter_top_zn_2,perimeter,top,east,24.252135533070962,26.561869596981552,25.407002565026257,27.4323768274589,2.3097340639105877,52.05411339523,0.08490412908798751,0.259373657964169,6.633141762452108,0.05446318276272239,0.03044094632526512
3550d9d7c1350e979982ca94fd0e78a84f381aa2921f39fba5a34e3bf5e99c4e,Kolkata,ssp585,baseline_2020s,2029,perimeter_top_zn_3,perimeter,top,north,24.506602379228813,26.465218335132324,25.48591035718057,28.011846028678107,1.9586159559035095,51.24370925457699,0.09285866918992748,0.25984940119087696,8.967911877394636,0.06336163640880005,0.02949703278112744
3550d9d7c1350e979982ca94fd0e78a84f381aa2921f39fba5a34e3bf5e99c4e,Kolkata,ssp585,baseline_2020s,2029,perimeter_top_zn_4,perimeter,top,west,24.149983609463185,26.47405355703368,25.312018583248435,26.870204049492205,2.3240699475705036,52.401766643818185,0.07808433535714099,0.12737593799829483,3.7835249042145596,0.04722564731948916,0.030858688037651832
36d0c6d4fc871c986b20c8daaa64b77e2a3aadee383219cd016b3f7e042af356,Kolkata,ssp245,baseline_2020s,2028,core_bottom,core,bottom,core,24.709208547250817,26.75245355136218,25.7308310493065,27.503221475261796,2.043245004111358,52.15961788615016,0.09616528474229569,0.25947653129696846,7.08213601532567,0.06816474197401623,0.028000542768279457
36d0c6d4fc871c986b20c8daaa64b77e2a3aadee383219cd016b3f7e042af356,Kolkata,ssp245,baseline_2020s,2028,core_mid,core,middle,core,25.054676211838306,26.564953285136358,25.80981474848733,28.164464524582556,1.510277073298052,53.239822802951,0.1086356074494507,0.29538649320602417,14.619252873563218,0.08149683424506927,0.027138773204381416
36d0c6d4fc871c986b20c8daaa64b77e2a3aadee383219cd016b3f7e042af356,Kolkata,ssp245,baseline_2020s,2028,core_top,core,top,core,24.79588363207097,26.489153392075423,25.642518512073195,28.164664564799775,1.6932697600044528,52.67585921155506,0.10131228774996134,0.2975656820926815,12.996886973180077,0.07289830083077661,0.02841398691918473
36d0c6d4fc871c986b20c8daaa64b77e2a3aadee383219cd016b3f7e042af356,Kolkata,ssp245,baseline_2020s,2028,perimeter_bot_zn_1,perimeter,bottom,south,25.791821916638476,27.66213882624999,26.726980371444235,29.2091245601244,1.8703169096115162,56.64813426365501,0.17235398307773622,0.36701315734535456,38.799090038314176,0.15083822924606957,0.021515753831666665
36d0c6d4fc871c986b20c8daaa64b77e2a3aadee383219cd016b3f7e042af356,Kolkata,ssp245,baseline_2020s,2028,perimeter_bot_zn_2,perimeter,bottom,east,24.450376971726282,26.70956241578209,25.57996969375419,27.47098930797498,2.25918544405581,53.9923260749389,0.08981347484871224,0.25947653129696846,7.537116858237549,0.061231160250555285,0.028582314598156962
36d0c6d4fc871c986b20c8daaa64b77e2a3aadee383219cd016b3f7e042af356,Kolkata,ssp245,baseline_2020s,2028,perimeter_bot_zn_3,perimeter,bottom,north,24.90395572088943,26.665664020260813,25.784809870575117,27.950453741515602,1.7617082993713793,52.809189036383074,0.10408793608371437,0.27900369837880135,10.901580459770114,0.07732499125978946,0.026762944823924908
36d0c6d4fc871c986b20c8daaa64b77e2a3aadee383219cd016b3f7e042af356,Kolkata,ssp245,baseline_2020s,2028,perimeter_bot_zn_4,perimeter,bottom,west,24.31694678307773,26.59606722382753,25.456507003452625,27.108231656073507,2.2791204407498014,54.42448322786773,0.08329688874409247,0.2030697949230671,5.8069923371647505,0.05359502139996819,0.029701867344124278
36d0c6d4fc871c986b20c8daaa64b77e2a3aadee383219cd016b3f7e042af356,Kolkata,ssp245,baseline_2020s,2028,perimeter_mid_zn_1,perimeter,middle,south,25.65136061073613,27.731172756787366,26.69126668376175,29.480423881949328,2.079812146051237,51.526756190470884,0.1721240344312339,0.38576185796409845,34.66834291187739,0.1499771639434072,0.02214687048782667
36d0c6d4fc871c986b20c8daaa64b77e2a3aadee383219cd016b3f7e042af356,Kolkata,ssp245,baseline_2020s,2028,perimeter_mid_zn_2,perimeter,middle,east,24.513692301514396,26.95321216514772,25.733452233331054,28.071263861561093,2.4395198636333184,54.69055666255321,0.10105453487944785,0.29288436844944954,12.266522988505747,0.07310552893758893,0.027949005941858927
36d0c6d4fc871c986b20c8daaa64b77e2a3aadee383219cd016b3f7e042af356,Kolkata,ssp245,baseline_2020s,2028,perimeter_mid_zn_3,perimeter,middle,north,25.112730079559263,27.028722705424016,26.070726392491643,28.84421025669492,1.9159926258647535,53.154254345556524,0.12560335941034492,0.3123459550552039,20.079022988505745,0.10003847714325759,0.025564882267087318
36d0c6d4fc871c986b20c8daaa64b77e2a3aadee383219cd016b3f7e042af356,Kolkata,ssp245,baseline_2020s,2028,perimeter_mid_zn_4,perimeter,middle,west,24.399660581872524,26.865285840789607,25.632473211331067,27.710218816127412,2.465625258917081,55.255420463100094,0.09347297906832902,0.25984940119087696,9.925766283524904,0.065127663389165,0.028345315679164033
36d0c6d4fc871c986b20c8daaa64b77e2a3aadee383219cd016b3f7e042af356,Kolkata,ssp245,baseline_2020s,2028,perimeter_top_zn_1,perimeter,top,south,25.26622787318256,27.553559419584325,26.40989364638344,29.400358134891235,2.287331546401765,51.35040143018533,0.15149298882462825,0.3720397362485528,27.747844827586203,0.12769331794028738,0.023799670884340877
36d0c6d4fc871c986b20c8daaa64b77e2a3aadee383219cd016b3f7e042af356,Kolkata,ssp245,baseline_2020s,2028,perimeter_top_zn_2,perimeter,top,east,24.49830216442022,26.981242255036378,25.739772209728304,28.262999252882942,2.482940090616154,53.83990780750105,0.1026782144695393,0.29288436844944954,13.284243295019158,0.07468979457337312,0.027988419896166194
36d0c6d4fc871c986b20c8daaa64b77e2a3aadee383219cd016b3f7e042af356,Kolkata,ssp245,baseline_2020s,2028,perimeter_top_zn_3,perimeter,top,north,24.878043117157222,26.939614577366626,25.908828847261923,28.800703568587448,2.0615714602094046,52.68382809412373,0.11648255077014402,0.3101632185280323,17.732279693486593,0.08974935338962681,0.02673319738051721
36d0c6d4fc871c986b20c8daaa64b77e2a3aadee383219cd016b3f7e042af356,Kolkata,ssp245,baseline_2020s,2028,perimeter_top_zn_4,perimeter,top,west,24.329570931320312,26.852517170840837,25.59104405108057,27.737887406962763,2.522946239520528,54.4026397118972,0.0917090572351494,0.25984940119087696,9.770114942528735,0.0630665176639055,0.028642539571243887
3e673299901167bf897b0c78e87175e86456ee2be29781749415fb0dbd012fa3,Kolkata,ssp245,late_2080s,2086,core_bottom,core,bottom,core,25.04873228564899,27.099787187203926,26.07425973642646,28.51534177131867,2.0510549015549375,53.278912691153195,0.12440573359832705,0.3101632185280323,19.32471264367816,0.09820917945511735,0.02619655414320969
3e673299901167bf897b0c78e87175e86456ee2be29781749415fb0dbd012fa3,Kolkata,ssp245,late_2080s,2086,core_mid,core,middle,core,25.47727273661003,26.96864866068825,26.222960698649143,29.070062982882696,1.49137592407822,54.27490350995419,0.14174560003883163,0.37082353606820107,27.801724137931032,0.11659695480444372,0.025148645234387902
3e673299901167bf897b0c78e87175e86456ee2be29781749415fb0dbd012fa3,Kolkata,ssp245,late_2080s,2086,core_top,core,top,core,25.199042370597514,26.89645091129629,26.047746640946905,29.036332766729696,1.697408540698779,53.74373192286326,0.1317450270118807,0.36701315734535456,24.52705938697318,0.10548956983870385,0.02625545717317687
3e673299901167bf897b0c78e87175e86456ee2be29781749415fb0dbd012fa3,Kolkata,ssp245,late_2080s,2086,perimeter_bot_zn_1,perimeter,bottom,south,26.29499291457406,28.14356493223657,27.21927892340532,30.114597377400937,1.848572017662506,57.438022827517976,0.2070690320992998,0.38957223668694496,49.99401340996169,0.18799563435094085,0.01907339774835895
3e673299901167bf897b0c78e87175e86456ee2be29781749415fb0dbd012fa3,Kolkata,ssp245,late_2080s,2086,perimeter_bot_zn_2,perimeter,bottom,east,24.77310332020679,27.104367204188932,25.93873526219786,28.5234915575481,2.331263883982144,55.06247889574632,0.1171482385700032,0.3101632185280323,18.64822796934866,0.09050373650432281,0.026644502065680392
3e673299901167bf897b0c78e87175e86456ee2be29781749415fb0dbd012fa3,Kolkata,ssp245,late_2080s,2086,perimeter_bot_zn_3,perimeter,bottom,north,25.31004786799503,27.09182073718848,26.200934302591758,29.056593453785496,1.7817728691934485,53.65882756811587,0.1358313656120776,0.36701315734535456,23.748802681992338,0.11124066031437368,0.024590705297703894
3e673299901167bf897b0c78e87175e86456ee2be29781749415fb0dbd012fa3,Kolkata,ssp245,late_2080s,2086,perimeter_bot_zn_4,perimeter,bottom,west,24.60340181739275,26.96907509205119,25.78623845472197,28.152275800336025,2.365673274658443,55.61002314649452,0.10587445009611911,0.3021327266469598,14.643199233716475,0.07831116086296903,0.027563289233150073
3e673299901167bf897b0c78e87175e86456ee2be29781749415fb0dbd012fa3,Kolkata,ssp245,late_2080s,2086,perimeter_mid_zn_1,perimeter,middle,south,26.147957191850484,28.219014222988914,27.1834857074197,30.498435079621824,2.0710570311384315,52.33610094631648,0.2096328521266685,0.4295527561102051,46.683429118773944,0.18999886426610124,0.019633987860567245
3e673299901167bf897b0c78e87175e86456ee2be29781749415fb0dbd012fa3,Kolkata,ssp245,late_2080s,2086,perimeter_mid_zn_2,perimeter,middle,east,24.895555311292203,27.390344158897978,26.14294973509509,29.225496302417383,2.494788847605776,55.795713027283796,0.13140859236114794,0.3624461127910763,24.28759578544061,0.10557890866621722,0.025829683694930727
3e673299901167bf897b0c78e87175e86456ee2be29781749415fb0dbd012fa3,Kolkata,ssp245,late_2080s,2086,perimeter_mid_zn_3,perimeter,middle,north,25.579984402226792,27.496893974882376,26.538439188554584,29.97796375410755,1.9169095726555858,54.022946939252094,0.1585571583770452,0.3811948134098202,31.764846743295017,0.13519559051039526,0.02336156786664994
3e673299901167bf897b0c78e87175e86456ee2be29781749415fb0dbd012fa3,Kolkata,ssp245,late_2080s,2086,perimeter_mid_zn_4,perimeter,middle,west,24.745896559103592,27.281114157024106,26.01350535806385,28.94015346426071,2.5352175979205103,56.48110190770933,0.12125048417454944,0.3101632185280323,20.420258620689655,0.09492261316743233,0.026327871007117098
3e673299901167bf897b0c78e87175e86456ee2be29781749415fb0dbd012fa3,Kolkata,ssp245,late_2080s,2086,perimeter_top_zn_1,perimeter,top,south,25.743336456942252,28.04164321265381,26.892489834798027,30.389593806666795,2.298306755711561,52.205691060099774,0.18795979911788138,0.4282721318304539,40.10416666666667,0.1664087584832553,0.02155104063462608
3e673299901167bf897b0c78e87175e86456ee2be29781749415fb0dbd012fa3,Kolkata,ssp245,late_2080s,2086,perimeter_top_zn_2,perimeter,top,east,24.86364586024362,27.417017553514306,26.14033170687896,29.34277141941195,2.553371693270685,54.9823961520588,0.13157883169469817,0.36548264790326357,23.670977011494255,0.10557997516320503,0.025998856531493135
3e673299901167bf897b0c78e87175e86456ee2be29781749415fb0dbd012fa3,Kolkata,ssp245,late_2080s,2086,perimeter_top_zn_3,perimeter,top,north,25.324054170505555,27.406654158436073,26.365354164470812,29.906236105903606,2.082599987930519,53.60451545830772,0.14830694594813004,0.37082353606820107,28.89727011494253,0.12377199687031802,0.024534949077812018
3e673299901167bf897b0c78e87175e86456ee2be29781749415fb0dbd012fa3,Kolkata,ssp245,late_2080s,2086,perimeter_top_zn_4,perimeter,top,west,24.630758754319864,27.250838582843215,25.94079866858154,28.889585219864006,2.620079828523356,55.75961291325795,0.11574396709146853,0.3101632185280323,18.468630268199234,0.08903275228270964,0.02671121480875888
40a6d3a776ec0c4252ca89f52474798cc1e8cc94c3ecedc8913b93dd1d153007,Houston,ssp245,mid_2050s,2052,core_bottom,core,bottom,core,24.453822080320133,26.356874103724145,25.40534809202214,27.391614847279296,1.9030520234040125,48.3738930819296,0.08773489823505565,0.18748648837208748,3.873323754789272,0.05877948064395847,0.02895541759109717
40a6d3a776ec0c4252ca89f52474798cc1e8cc94c3ecedc8913b93dd1d153007,Houston,ssp245,mid_2050s,2052,core_mid,core,middle,core,24.7142186795434,26.082496258453894,25.39835746899865,28.05537231902507,1.368277578910495,49.72124737805255,0.09524177590190105,0.27900369837880135,10.362787356321839,0.06634658876566976,0.028895187136231296
40a6d3a776ec0c4252ca89f52474798cc1e8cc94c3ecedc8913b93dd1d153007,Houston,ssp245,mid_2050s,2052,core_top,core,top,core,24.522530586345884,25.970106550381246,25.246318568363566,27.93373183410631,1.4475759640353616,49.6477953679486,0.08920057700357101,0.25947653129696846,8.291427203065133,0.058964431647147084,0.03023614535642392
40a6d3a776ec0c4252ca89f52474798cc1e8cc94c3ecedc8913b93dd1d153007,Houston,ssp245,mid_2050s,2052,perimeter_bot_zn_1,perimeter,bottom,south,24.75935133734028,26.643531155515653,25.70144124642797,28.592731138450024,1.8841798181753773,52.52836479456263,0.11522305055289322,0.3021327266469598,17.07375478927203,0.08779905798623759,0.027423992566655633
40a6d3a776ec0c4252ca89f52474798cc1e8cc94c3ecedc8913b93dd1d153007,Houston,ssp245,mid_2050s,2052,perimeter_bot_zn_2,perimeter,bottom,east,24.372013080624026,26.29049098071227,25.331252030668146,28.21295829381896,1.918477900088241,50.43390192922937,0.09417529439085169,0.25947653129696846,8.985871647509578,0.06375884710386452,0.03041644728698717
40a6d3a776ec0c4252ca89f52474798cc1e8cc94c3ecedc8913b93dd1d153007,Houston,ssp245,mid_2050s,2052,perimeter_bot_zn_3,perimeter,bottom,north,24.489699473015502,25.8391574673069,25.1644284701612,27.829593120293254,1.349457994291399,50.5524360492996,0.08892241194503028,0.25947653129696846,7.08213601532567,0.05786578257803911,0.031056629366991183
40a6d3a776ec0c4252ca89f52474798cc1e8cc94c3ecedc8913b93dd1d153007,Houston,ssp245,mid_2050s,2052,perimeter_bot_zn_4,perimeter,bottom,west,24.237151101598656,26.214879313830444,25.226015207714546,27.480378056853535,1.9777282122317896,50.78207358635017,0.08449665574880783,0.2030697949230671,5.573515325670498,0.05357151922786125,0.030925136520946576
40a6d3a776ec0c4252ca89f52474798cc1e8cc94c3ecedc8913b93dd1d153007,Houston,ssp245,mid_2050s,2052,perimeter_mid_zn_1,perimeter,middle,south,24.857560121206863,26.84712772783865,25.852343924522756,28.724356814731713,1.9895676066317882,49.295751106589,0.12027211534347224,0.3101632185280323,16.798371647509576,0.09396519640011676,0.026306918943355483
40a6d3a776ec0c4252ca89f52474798cc1e8cc94c3ecedc8913b93dd1d153007,Houston,ssp245,mid_2050s,2052,perimeter_mid_zn_2,perimeter,middle,east,24.414748154417662,26.50400387877702,25.45937601659734,28.67738220381856,2.0892557243593606,50.78884052245189,0.10125648795495867,0.3021327266469598,12.55387931034483,0.07171964059127549,0.02953684736368319
40a6d3a776ec0c4252ca89f52474798cc1e8cc94c3ecedc8913b93dd1d153007,Houston,ssp245,mid_2050s,2052,perimeter_mid_zn_3,perimeter,middle,north,24.700437310756083,26.23782617311733,25.469131741936707,28.620409751178858,1.5373888623612513,50.46220635804378,0.10663649726300446,0.3059431053698063,14.110392720306514,0.07732415584258787,0.0293123414204166
40a6d3a776ec0c4252ca89f52474798cc1e8cc94c3ecedc8913b93dd1d153007,Houston,ssp245,mid_2050s,2052,perimeter_mid_zn_4,perimeter,middle,west,24.28513105944969,26.43547078853982,25.360300923994757,27.925198674606037,2.1503397290901294,51.42442403234141,0.09198922786497693,0.25947653129696846,9.225335249042145,0.061929063398035965,0.030060164466940965
40a6d3a776ec0c4252ca89f52474798cc1e8cc94c3ecedc8913b93dd1d153007,Houston,ssp245,mid_2050s,2052,perimeter_top_zn_1,perimeter,top,south,24.608206748698745,26.68715128489783,25.64767901679829,28.615042233573387,2.0789445361990837,49.466303956188455,0.10988669121278101,0.3101632185280323,13.481800766283525,0.08179965368977175,0.02808703752300926
40a6d3a776ec0c4252ca89f52474798cc1e8cc94c3ecedc8913b93dd1d153007,Houston,ssp245,mid_2050s,2052,perimeter_top_zn_2,perimeter,top,east,24.340473355767088,26.4436835092805,25.392078432523792,28.635214225979748,2.103210153513416,50.85341018322358,0.10099071005164821,0.3101632185280323,12.20067049808429,0.07056212702649423,0.030428583025153978
40a6d3a776ec0c4252ca89f52474798cc1e8cc94c3ecedc8913b93dd1d153007,Houston,ssp245,mid_2050s,2052,perimeter_top_zn_3,perimeter,top,north,24.505631393250017,26.114040367748373,25.309835880499197,28.557996373006542,1.6084089744983574,50.53528851068521,0.1003135646622684,0.2975656820926815,11.566091954022989,0.06950313631007832,0.03081042835219008
40a6d3a776ec0c4252ca89f52474798cc1e8cc94c3ecedc8913b93dd1d153007,Houston,ssp245,mid_2050s,2052,perimeter_top_zn_4,perimeter,top,west,24.171772221451285,26.343395601883376,25.257583911667336,27.85147699462109,2.171623380432096,51.34274236210233,0.09029260196795413,0.25947653129696846,8.662595785440613,0.059203530422463596,0.031089071545490534
42ac910f9f150e84c2c3db9b10f7e10d7258b391a97fd574d91836e2a52a24ac,Phoenix,ssp245,baseline_2020s,2025,core_bottom,core,bottom,core,24.119277838375343,26.14004046073725,25.129659149556296,26.006523310496398,2.020762622361907,33.547464749052956,0.08979156611097434,0.12853819504380226,0.101772030651341,0.05974869565275307,0.030042870458221273
42ac910f9f150e84c2c3db9b10f7e10d7258b391a97fd574d91836e2a52a24ac,Phoenix,ssp245,baseline_2020s,2025,core_mid,core,middle,core,24.312963345898837,25.85603017892119,25.084496762410016,26.751451744629044,1.5430668330223563,34.79949496788678,0.08945436004209832,0.15295543521642685,3.0771072796934864,0.06026546488255325,0.029188895159545068
42ac910f9f150e84c2c3db9b10f7e10d7258b391a97fd574d91836e2a52a24ac,Phoenix,ssp245,baseline_2020s,2025,core_top,core,top,core,24.224297394305655,25.81899863180661,25.021648013056137,26.652937718651724,1.5947012375009546,34.67624026917102,0.08981533921766408,0.14832361415028572,2.951388888888889,0.06003150484925877,0.02978383436840531
42ac910f9f150e84c2c3db9b10f7e10d7258b391a97fd574d91836e2a52a24ac,Phoenix,ssp245,baseline_2020s,2025,perimeter_bot_zn_1,perimeter,bottom,south,24.872706929826567,27.20067884301269,26.036692886419626,29.19545037162174,2.327971913186114,31.94046124924904,0.15767316105379958,0.393792349845171,24.030172413793103,0.1361963760442394,0.021476785009560177
42ac910f9f150e84c2c3db9b10f7e10d7258b391a97fd574d91836e2a52a24ac,Phoenix,ssp245,baseline_2020s,2025,perimeter_bot_zn_2,perimeter,bottom,east,24.140061008549342,26.458537608405805,25.299299308477572,27.30468037004256,2.3184765998564596,34.565588282135245,0.10228660067245268,0.25947653129696846,6.9145114942528725,0.07500611898271631,0.027280481689736374
42ac910f9f150e84c2c3db9b10f7e10d7258b391a97fd574d91836e2a52a24ac,Phoenix,ssp245,baseline_2020s,2025,perimeter_bot_zn_3,perimeter,bottom,north,24.14439229261184,25.56429368907635,24.854342990844096,26.89774854455979,1.419901396464506,35.47326345360393,0.0915866544038317,0.18660828769206386,4.184626436781609,0.05982166646020327,0.03176498794362843
42ac910f9f150e84c2c3db9b10f7e10d7258b391a97fd574d91836e2a52a24ac,Phoenix,ssp245,baseline_2020s,2025,perimeter_bot_zn_4,perimeter,bottom,west,24.10426268217862,26.44411871045009,25.274190696314356,27.26154989177215,2.339856028271472,34.828853758247675,0.10195906097382165,0.20557191967964172,6.232040229885057,0.0739845651341513,0.027974495839670353
42ac910f9f150e84c2c3db9b10f7e10d7258b391a97fd574d91836e2a52a24ac,Phoenix,ssp245,baseline_2020s,2025,perimeter_mid_zn_1,perimeter,middle,south,24.718771718771805,27.162027494533323,25.94039960665257,28.61255789976199,2.443255775761517,33.27206770955691,0.14907589375329788,0.3811704402323812,21.330220306513407,0.12607414518257512,0.023001748570722753
42ac910f9f150e84c2c3db9b10f7e10d7258b391a97fd574d91836e2a52a24ac,Phoenix,ssp245,baseline_2020s,2025,perimeter_mid_zn_2,perimeter,middle,east,24.11213244731507,26.557384779713537,25.334758613514303,27.261467227935732,2.4452523323984714,34.81805265439431,0.10098414270921946,0.25468486133030993,6.27993295019157,0.07425686715795637,0.026727275551263096
42ac910f9f150e84c2c3db9b10f7e10d7258b391a97fd574d91836e2a52a24ac,Phoenix,ssp245,baseline_2020s,2025,perimeter_mid_zn_3,perimeter,middle,north,24.30895014398402,25.960197289798668,25.134573716891346,27.26335523798967,1.651247145814653,35.11813040726876,0.10010985637924873,0.20557191967964172,6.585249042145594,0.07213414151936733,0.02797571485988141
42ac910f9f150e84c2c3db9b10f7e10d7258b391a97fd574d91836e2a52a24ac,Phoenix,ssp245,baseline_2020s,2025,perimeter_mid_zn_4,perimeter,middle,west,24.1492140384653,26.59464864138169,25.371931339923492,27.89109859457331,2.4454346029163934,35.13317830840524,0.10824200397341344,0.31006034519523284,7.908285440613026,0.08083871720962885,0.027403286763784583
42ac910f9f150e84c2c3db9b10f7e10d7258b391a97fd574d91836e2a52a24ac,Phoenix,ssp245,baseline_2020s,2025,perimeter_top_zn_1,perimeter,top,south,24.545545085499963,27.063432914391903,25.80448899994594,28.437405094664275,2.51788782889194,33.26143250996793,0.14080637320598743,0.3750436492264271,18.983477011494255,0.11701498927157801,0.023791383934409428
42ac910f9f150e84c2c3db9b10f7e10d7258b391a97fd574d91836e2a52a24ac,Phoenix,ssp245,baseline_2020s,2025,perimeter_top_zn_2,perimeter,top,east,24.08251658039141,26.548791365998643,25.31565397319503,27.40068649635903,2.4662747856072333,34.872456858666276,0.10273497981202248,0.25947653129696846,7.291666666666667,0.07604327835328832,0.02669170145873416
42ac910f9f150e84c2c3db9b10f7e10d7258b391a97fd574d91836e2a52a24ac,Phoenix,ssp245,baseline_2020s,2025,perimeter_top_zn_3,perimeter,top,north,24.1846968964387,25.89623394265848,25.04046541954859,27.28158143391737,1.7115370462197834,35.12384919672671,0.10011834549663857,0.2587907090783119,7.0761494252873565,0.07085732471129154,0.029261020785347036
42ac910f9f150e84c2c3db9b10f7e10d7258b391a97fd574d91836e2a52a24ac,Phoenix,ssp245,baseline_2020s,2025,perimeter_top_zn_4,perimeter,top,west,24.093806830771758,26.557081809293155,25.325444320032453,28.09932320662039,2.463274978521398,35.058839030547006,0.11143550942984502,0.32677866891026497,8.854166666666668,0.08348856505199016,0.027946944377854867
43dca971885bd46e069a030644a045ee97e32bfc627ca876e7224c5eb0733229,Houston,ssp245,late_2080s,2085,core_bottom,core,bottom,core,24.578471759350023,26.514949697616803,25.546710728483415,27.601375348760858,1.93647793826678,49.19923547694619,0.09369869324450258,0.2030697949230671,5.795019157088123,0.065315994107226,0.028382699137276583
43dca971885bd46e069a030644a045ee97e32bfc627ca876e7224c5eb0733229,Houston,ssp245,late_2080s,2085,core_mid,core,middle,core,24.89352554762208,26.28136357032671,25.5874445589744,28.23370680541963,1.3878380227046327,50.60749823758399,0.10498870240591149,0.2971967350691526,14.038553639846743,0.0771847083165834,0.027803994089328096
43dca971885bd46e069a030644a045ee97e32bfc627ca876e7224c5eb0733229,Houston,ssp245,late_2080s,2085,core_top,core,top,core,24.659032618807277,26.16152377283136,25.41027819581932,28.125298127136517,1.5024911540240844,50.379530134456864,0.09700711462235255,0.29288436844944954,11.093151340996169,0.0677958961278606,0.029211218494491945
43dca971885bd46e069a030644a045ee97e32bfc627ca876e7224c5eb0733229,Houston,ssp245,late_2080s,2085,perimeter_bot_zn_1,perimeter,bottom,south,25.109451095789822,27.033282904077616,26.071366999933723,29.236238014476918,1.9238318082877903,53.18041784411497,0.14000122987960903,0.3624461127910763,25.99976053639847,0.11460506320103399,0.025396166678575038
43dca971885bd46e069a030644a045ee97e32bfc627ca876e7224c5eb0733229,Houston,ssp245,late_2080s,2085,perimeter_bot_zn_2,perimeter,bottom,east,24.477587219081883,26.52950805104509,25.503547635063487,28.425350991437643,2.0519208319632027,51.17042178339153,0.1025038454392548,0.29288436844944954,11.84147509578544,0.07309435200618787,0.02940949343306693
43dca971885bd46e069a030644a045ee97e32bfc627ca876e7224c5eb0733229,Houston,ssp245,late_2080s,2085,perimeter_bot_zn_3,perimeter,bottom,north,24.66186233077132,26.09462272667977,25.37824252872554,28.057689505081324,1.432760395908451,51.094349355731865,0.09890777219171186,0.25947653129696846,10.081417624521073,0.06881150114383473,0.030096271047877127
43dca971885bd46e069a030644a045ee97e32bfc627ca876e7224c5eb0733229,Houston,ssp245,late_2080s,2085,perimeter_bot_zn_4,perimeter,bottom,west,24.317771285682188,26.44489361114332,25.381332448412756,27.717386072703565,2.1271223254611367,51.56089333632185,0.09086478393189745,0.25947653129696846,7.7526340996168575,0.06083459647911399,0.03003018745278346
43dca971885bd46e069a030644a045ee97e32bfc627ca876e7224c5eb0733229,Houston,ssp245,late_2080s,2085,perimeter_mid_zn_1,perimeter,middle,south,25.145973066313562,27.20272655701132,26.174349811662445,29.21719568309187,2.0567534906977625,49.89734870840676,0.14270097118837996,0.36701315734535456,24.84434865900383,0.1181134868025605,0.02458748438581947
43dca971885bd46e069a030644a045ee97e32bfc627ca876e7224c5eb0733229,Houston,ssp245,late_2080s,2085,perimeter_mid_zn_2,perimeter,middle,east,24.529318594339856,26.754831339002,25.642074966670926,28.901781221069292,2.2255127446621406,51.818557862244866,0.1086426172932361,0.3101632185280323,15.080220306513409,0.08024212521302623,0.028400492080209876
43dca971885bd46e069a030644a045ee97e32bfc627ca876e7224c5eb0733229,Houston,ssp245,late_2080s,2085,perimeter_mid_zn_3,perimeter,middle,north,24.904650370599832,26.517855064526696,25.711252717563266,28.81245668238255,1.6132046939268605,51.22908715545376,0.11709730812533307,0.3101632185280323,17.522749042145595,0.0892904373993107,0.027806870726022382
43dca971885bd46e069a030644a045ee97e32bfc627ca876e7224c5eb0733229,Houston,ssp245,late_2080s,2085,perimeter_mid_zn_4,perimeter,middle,west,24.384896841587633,26.68174912591648,25.533322983752054,28.194930567196938,2.2968522843288426,52.4456431231397,0.09918287581050728,0.29288436844944954,11.76963601532567,0.07027907440114599,0.028903801409361288
43dca971885bd46e069a030644a045ee97e32bfc627ca876e7224c5eb0733229,Houston,ssp245,late_2080s,2085,perimeter_top_zn_1,perimeter,top,south,24.84647001683089,27.025586845195104,25.936028431012996,28.992060210874442,2.1791168283642124,49.9710375116064,0.12833154040467767,0.3624461127910763,20.25862068965517,0.10185874440422696,0.026472796000450716
43dca971885bd46e069a030644a045ee97e32bfc627ca876e7224c5eb0733229,Houston,ssp245,late_2080s,2085,perimeter_top_zn_2,perimeter,top,east,24.449670452858076,26.70119639082297,25.575433421840525,28.867483017268558,2.2515259379648933,51.63785445421702,0.10814700337895482,0.3101632185280323,14.625239463601533,0.0789428591297563,0.029204144249198524
43dca971885bd46e069a030644a045ee97e32bfc627ca876e7224c5eb0733229,Houston,ssp245,late_2080s,2085,perimeter_top_zn_3,perimeter,top,north,24.673372294167855,26.385701443044965,25.529536868606414,28.718009435379603,1.7123291488771097,51.16700637867365,0.1088487305007004,0.3059431053698063,14.76293103448276,0.07943748218765423,0.029411248313046173
43dca971885bd46e069a030644a045ee97e32bfc627ca876e7224c5eb0733229,Houston,ssp245,late_2080s,2085,perimeter_top_zn_4,perimeter,top,west,24.259542385480888,26.592323419453788,25.425932902467338,28.107859628753975,2.3327810339728994,52.18400419375795,0.09636398455644304,0.29288436844944954,10.769875478927203,0.06648156874670631,0.02988241580973673
456ac9090f099ca2729115b82f2d1299c41844e023397cc378f2f6098e18d343,Houston,ssp585,late_2080s,2086,core_bottom,core,bottom,core,24.83900626403183,26.775967063077122,25.807486663554474,28.247564855934076,1.9369607990452906,49.18819793025872,0.11871726424415728,0.3101632185280323,17.079741379310345,0.09203412242680235,0.026683141817354934
456ac9090f099ca2729115b82f2d1299c41844e023397cc378f2f6098e18d343,Houston,ssp585,late_2080s,2086,core_mid,core,middle,core,25.260056564554247,26.612286257165355,25.936171410859803,28.87400496726911,1.3522296926111073,50.576436024209634,0.13882319101268661,0.37082353606820107,26.879789272030653,0.1126881205396311,0.026135070473055504
456ac9090f099ca2729115b82f2d1299c41844e023397cc378f2f6098e18d343,Houston,ssp585,late_2080s,2086,core_top,core,top,core,25.01226697626382,26.48753934003494,25.74990315814938,28.81095333630946,1.4752723637711143,50.425620371757795,0.12895764321108807,0.36701315734535456,23.700909961685824,0.10160023539052326,0.027357407820564797
456ac9090f099ca2729115b82f2d1299c41844e023397cc378f2f6098e18d343,Houston,ssp585,late_2080s,2086,perimeter_bot_zn_1,perimeter,bottom,south,25.42164970361503,27.289163384950207,26.35540654428262,30.218266516785334,1.8675136813351776,52.83237455262266,0.16135130187580343,0.37082353606820107,33.81824712643678,0.1371780114493826,0.02417329042642081
456ac9090f099ca2729115b82f2d1299c41844e023397cc378f2f6098e18d343,Houston,ssp585,late_2080s,2086,perimeter_bot_zn_2,perimeter,bottom,east,24.733499629380812,26.771836682473563,25.75266815592719,29.073498644846897,2.0383370530927523,51.115594914909295,0.127572556349391,0.36701315734535456,22.353927203065137,0.09946936426029257,0.02810319208909842
456ac9090f099ca2729115b82f2d1299c41844e023397cc378f2f6098e18d343,Houston,ssp585,late_2080s,2086,perimeter_bot_zn_3,perimeter,bottom,north,24.997594636358055,26.38161306505914,25.689603850708593,28.78796527541685,1.384018428701088,50.853047040490615,0.12958329238079044,0.36701315734535456,22.671216475095786,0.10110337040713815,0.028479921973652296
456ac9090f099ca2729115b82f2d1299c41844e023397cc378f2f6098e18d343,Houston,ssp585,late_2080s,2086,perimeter_bot_zn_4,perimeter,bottom,west,24.560487178481367,26.678700184561343,25.619593681521355,28.45433998415815,2.1182130060799826,51.55877706856824,0.11428969366755772,0.3101632185280323,18.049568965517242,0.08590493890193918,0.028384754765618542
456ac9090f099ca2729115b82f2d1299c41844e023397cc378f2f6098e18d343,Houston,ssp585,late_2080s,2086,perimeter_mid_zn_1,perimeter,middle,south,25.52190033474442,27.51847503635837,26.520187685551395,30.069358782344526,1.996574701613952,49.750757184286094,0.17007594139097076,0.3811948134098202,34.638409961685824,0.14729362634199955,0.022782315048971213
456ac9090f099ca2729115b82f2d1299c41844e023397cc378f2f6098e18d343,Houston,ssp585,late_2080s,2086,perimeter_mid_zn_2,perimeter,middle,east,24.84542062456272,27.053748619134016,25.949584621848373,29.62815834838825,2.2083279945712957,51.849842764627795,0.13346247525871874,0.36701315734535456,24.862308429118773,0.10691439097286005,0.026548084285858684
456ac9090f099ca2729115b82f2d1299c41844e023397cc378f2f6098e18d343,Houston,ssp585,late_2080s,2086,perimeter_mid_zn_3,perimeter,middle,north,25.302114470178456,26.855666682904413,26.078890576541433,29.534945638877947,1.5535522127259598,51.036285739693,0.15060442453060724,0.37082353606820107,30.18438697318008,0.12479223131228477,0.025812193218322465
456ac9090f099ca2729115b82f2d1299c41844e023397cc378f2f6098e18d343,Houston,ssp585,late_2080s,2086,perimeter_mid_zn_4,perimeter,middle,west,24.675188208304213,26.96360076107105,25.819394484687635,29.12792953738374,2.288412552766833,52.5873611609312,0.12316864335631439,0.3624424568144604,21.42001915708812,0.09620892048244262,0.026959722873871772
456ac9090f099ca2729115b82f2d1299c41844e023397cc378f2f6098e18d343,Houston,ssp585,late_2080s,2086,perimeter_top_zn_1,perimeter,top,south,25.203108863607746,27.333348694288667,26.268228778948206,29.861668109143114,2.130239830680929,49.882344537136404,0.15534793781736037,0.3750436492264271,29.819204980842912,0.13079839668029714,0.024549541137063247
456ac9090f099ca2729115b82f2d1299c41844e023397cc378f2f6098e18d343,Houston,ssp585,late_2080s,2086,perimeter_top_zn_2,perimeter,top,east,24.750757786595777,26.99159598810018,25.87117688734798,29.568983274132904,2.240838201504406,51.718659115705194,0.13303841620124898,0.36747269169427454,24.41331417624521,0.10553414248060738,0.027504273720641605
456ac9090f099ca2729115b82f2d1299c41844e023397cc378f2f6098e18d343,Houston,ssp585,late_2080s,2086,perimeter_top_zn_3,perimeter,top,north,25.04806278066774,26.712860802370702,25.88046179151922,29.455281837206897,1.6647980217029636,51.0515624923462,0.14146246518346786,0.37082353606820107,27.17911877394636,0.11400569241340727,0.02745677277006058
456ac9090f099ca2729115b82f2d1299c41844e023397cc378f2f6098e18d343,Houston,ssp585,late_2080s,2086,perimeter_top_zn_4,perimeter,top,west,24.499006556236697,26.84532502093999,25.67216578858834,29.06396766572577,2.346318464703291,52.48939339015937,0.11613789846436201,0.3141811324749142,18.342911877394634,0.08790376473821912,0.02823413372614289
46171916791f96e09183f3d15854469ce74bd699e55371bb3ff0c76d2780bceb,Phoenix,ssp245,mid_2050s,2051,core_bottom,core,bottom,core,24.265248665021538,26.331914966367613,25.29858181569458,26.83319841255882,2.0666663013460718,35.66064549408246,0.09467291589070315,0.14763779193162918,2.7418582375478926,0.06489340133081418,0.02977951455988896
46171916791f96e09183f3d15854469ce74bd699e55371bb3ff0c76d2780bceb,Phoenix,ssp245,mid_2050s,2051,core_mid,core,middle,core,24.536459649026195,26.107639466113053,25.322049557569628,27.59969433757117,1.5711798170868596,36.75121449831321,0.10478363203053617,0.2619786560535431,8.997844827586206,0.07636367888382763,0.028419953146708553
46171916791f96e09183f3d15854469ce74bd699e55371bb3ff0c76d2780bceb,Phoenix,ssp245,mid_2050s,2051,core_top,core,top,core,24.440679589379833,26.095295118094253,25.267987353737045,27.618515552487292,1.6546155287144184,36.52127775845045,0.10455331778669172,0.2619786560535431,8.584770114942529,0.0753420891214146,0.02921122866527711
46171916791f96e09183f3d15854469ce74bd699e55371bb3ff0c76d2780bceb,Phoenix,ssp245,mid_2050s,2051,perimeter_bot_zn_1,perimeter,bottom,south,25.23608365694771,27.56571207403359,26.40089786549065,30.030520850628584,2.3296284170858814,33.64274416960521,0.18716199759055388,0.5244167046621442,30.59147509578544,0.16674151894437075,0.02042047864618315
46171916791f96e09183f3d15854469ce74bd699e55371bb3ff0c76d2780bceb,Phoenix,ssp245,mid_2050s,2051,perimeter_bot_zn_2,perimeter,bottom,east,24.34801981166996,26.75177798069602,25.54989889618299,28.199689614521137,2.4037581690260548,36.33845370119605,0.12084485096633656,0.3750436492264271,12.631704980842912,0.09367288110494057,0.02717196986139598
46171916791f96e09183f3d15854469ce74bd699e55371bb3ff0c76d2780bceb,Phoenix,ssp245,mid_2050s,2051,perimeter_bot_zn_3,perimeter,bottom,north,24.43506007201407,25.908799196690982,25.17192963435253,27.955127666354198,1.4737391246769092,37.0047483745392,0.11496100665104238,0.31266534328460693,13.463840996168583,0.08476060735878232,0.030200399292260052
46171916791f96e09183f3d15854469ce74bd699e55371bb3ff0c76d2780bceb,Phoenix,ssp245,mid_2050s,2051,perimeter_bot_zn_4,perimeter,bottom,west,24.279212128037102,26.71485597530452,25.497034051670813,27.990597191608366,2.435643847267419,36.65630579698618,0.11522770750239782,0.31266534328460693,10.045498084291188,0.08734462683943682,0.027883080662961003
46171916791f96e09183f3d15854469ce74bd699e55371bb3ff0c76d2780bceb,Phoenix,ssp245,mid_2050s,2051,perimeter_mid_zn_1,perimeter,middle,south,24.986718139962246,27.480220300154095,26.233469220058165,29.33048487894885,2.49350216019185,35.10937541462754,0.17292292870026282,0.45902225747704506,28.304597701149426,0.15095473808452525,0.02196819061573757
46171916791f96e09183f3d15854469ce74bd699e55371bb3ff0c76d2780bceb,Phoenix,ssp245,mid_2050s,2051,perimeter_mid_zn_2,perimeter,middle,east,24.297233132279498,26.84131729950653,25.569275215893015,28.08122708776757,2.5440841672270373,36.840496851972865,0.11710162573503273,0.3101632185280323,10.985392720306514,0.09013716234248827,0.02696446339254445
46171916791f96e09183f3d15854469ce74bd699e55371bb3ff0c76d2780bceb,Phoenix,ssp245,mid_2050s,2051,perimeter_mid_zn_3,perimeter,middle,north,24.57783303841854,26.28903401235367,25.433433525386103,28.307099505045578,1.7112009739351282,36.822970980226486,0.12335521165053832,0.3750436492264271,15.277777777777779,0.09607017087911601,0.02728504077142231
46171916791f96e09183f3d15854469ce74bd699e55371bb3ff0c76d2780bceb,Phoenix,ssp245,mid_2050s,2051,perimeter_mid_zn_4,perimeter,middle,west,24.287515450811274,26.847518371005336,25.567516910908306,28.402126691470038,2.560002920194064,37.23856126068832,0.1180221206129363,0.3750436492264271,10.075431034482758,0.09038837475637937,0.027633745856556913
46171916791f96e09183f3d15854469ce74bd699e55371bb3ff0c76d2780bceb,Phoenix,ssp245,mid_2050s,2051,perimeter_top_zn_1,perimeter,top,south,24.808723505796873,27.40054736917112,26.104635437484,29.231654890562684,2.5918238633742505,35.04491852621302,0.16431098248050424,0.45521187875419855,25.059865900383144,0.14150721602169958,0.022803766458804657
46171916791f96e09183f3d15854469ce74bd699e55371bb3ff0c76d2780bceb,Phoenix,ssp245,mid_2050s,2051,perimeter_top_zn_2,perimeter,top,east,24.299322446197035,26.8709971535,25.58515979984852,28.331412640063775,2.571674707302962,36.71127021578726,0.12295733011983412,0.3750436492264271,13.00287356321839,0.09600004852923139,0.02695728159060274
46171916791f96e09183f3d15854469ce74bd699e55371bb3ff0c76d2780bceb,Phoenix,ssp245,mid_2050s,2051,perimeter_top_zn_3,perimeter,top,north,24.4639580471492,26.253646807037804,25.3588024270935,28.30022069847684,1.7896887598886089,36.72774348088642,0.12238330421724254,0.3750436492264271,14.373802681992338,0.09404936156006373,0.02833394265717881
46171916791f96e09183f3d15854469ce74bd699e55371bb3ff0c76d2780bceb,Phoenix,ssp245,mid_2050s,2051,perimeter_top_zn_4,perimeter,top,west,24.245528209692278,26.838365149772258,25.54194667973227,28.629497178784494,2.5928369400799856,37.046969869591145,0.12149737252983106,0.3750436492264271,11.009339080459771,0.09329682570685663,0.028200546822974425
47b14444d835d321ebad5563a859b52684ba356fc3fd52f24efef21ec56e4329,Phoenix,ssp245,near_2030s,2034,core_bottom,core,bottom,core,24.14974918456237,26.21565707845622,25.182703131509296,26.194296126604335,2.065907893893851,34.61439058294355,0.0901761158467944,0.12667039781808853,0.20953065134099616,0.05938171822841099,0.030794397618383405
47b14444d835d321ebad5563a859b52684ba356fc3fd52f24efef21ec56e4329,Phoenix,ssp245,near_2030s,2034,core_mid,core,middle,core,24.369497940189316,25.958103201046946,25.163800570618132,26.970277797955713,1.588605260857631,35.82605065871767,0.09265755500838303,0.18748648837208748,4.130747126436781,0.06316975664409409,0.029487798364288945
47b14444d835d321ebad5563a859b52684ba356fc3fd52f24efef21ec56e4329,Phoenix,ssp245,near_2030s,2034,core_top,core,top,core,24.281430209143412,25.941029671588936,25.111229940366172,26.94005542009334,1.6595994624455201,35.64084426437522,0.09262446637017946,0.1872413046658039,3.8134578544061304,0.06249290301070425,0.030131563359475203
47b14444d835d321ebad5563a859b52684ba356fc3fd52f24efef21ec56e4329,Phoenix,ssp245,near_2030s,2034,perimeter_bot_zn_1,perimeter,bottom,south,25.02323708460799,27.440371940730277,26.231804512669136,29.260591107687457,2.417134856122281,32.79394064104246,0.17343788124405757,0.4324922449886799,28.07112068965517,0.1523229981152835,0.021114883128774083
47b14444d835d321ebad5563a859b52684ba356fc3fd52f24efef21ec56e4329,Phoenix,ssp245,near_2030s,2034,perimeter_bot_zn_2,perimeter,bottom,east,24.210223475950222,26.642077671026467,25.426150573488346,27.565157440926328,2.4318541950762427,35.330634268656844,0.10773137509918743,0.2619786560535431,8.135775862068966,0.08038325137961647,0.02734812371957096
47b14444d835d321ebad5563a859b52684ba356fc3fd52f24efef21ec56e4329,Phoenix,ssp245,near_2030s,2034,perimeter_bot_zn_3,perimeter,bottom,north,24.254396577404425,25.76261775865735,25.008507168030885,27.21931556845986,1.508221181252925,36.01453404063491,0.09724327780758396,0.25947653129696846,6.483477011494252,0.06654537284712868,0.03069790496045529
47b14444d835d321ebad5563a859b52684ba356fc3fd52f24efef21ec56e4329,Phoenix,ssp245,near_2030s,2034,perimeter_bot_zn_4,perimeter,bottom,west,24.163910196322803,26.626576740488005,25.395243468405404,27.45356765072077,2.4626665441652063,35.558202131382096,0.10522048228569293,0.25947653129696846,6.932471264367816,0.07755808700744725,0.027662395278245686
47b14444d835d321ebad5563a859b52684ba356fc3fd52f24efef21ec56e4329,Phoenix,ssp245,near_2030s,2034,perimeter_mid_zn_1,perimeter,middle,south,24.858310734870493,27.388101626805266,26.123206180837876,28.903575247399985,2.529790891934777,34.173910841943524,0.16477865235041136,0.42881195596419275,26.49664750957854,0.14198290340966363,0.022795748940747724
47b14444d835d321ebad5563a859b52684ba356fc3fd52f24efef21ec56e4329,Phoenix,ssp245,near_2030s,2034,perimeter_mid_zn_2,perimeter,middle,east,24.169961316398698,26.72632217946023,25.448141747929462,27.494222757654114,2.5563608630615344,35.78170971083245,0.10632302013836198,0.2619786560535431,7.26772030651341,0.07929762262690204,0.027025397511459937
47b14444d835d321ebad5563a859b52684ba356fc3fd52f24efef21ec56e4329,Phoenix,ssp245,near_2030s,2034,perimeter_mid_zn_3,perimeter,middle,north,24.386481455701926,26.12884682928478,25.25766414249335,27.59564744243112,1.7423653735828533,35.91109707679289,0.10686842795082063,0.27900369837880135,9.315134099616857,0.07880879553985849,0.02805963241096213
47b14444d835d321ebad5563a859b52684ba356fc3fd52f24efef21ec56e4329,Phoenix,ssp245,near_2030s,2034,perimeter_mid_zn_4,perimeter,middle,west,24.193797045636277,26.758864286762147,25.476330666199214,28.005238738693386,2.56506724112587,36.061619672752315,0.11210128333022255,0.3105360884219408,8.6147030651341,0.08454989018759483,0.02755139314262772
47b14444d835d321ebad5563a859b52684ba356fc3fd52f24efef21ec56e4329,Phoenix,ssp245,near_2030s,2034,perimeter_top_zn_1,perimeter,top,south,24.684097796851404,27.303201335304625,25.993649566078012,28.696735993254183,2.619103538453221,34.13161340967543,0.15697541175102053,0.4198947085533291,23.976293103448278,0.13341224965058673,0.023563162100433785
47b14444d835d321ebad5563a859b52684ba356fc3fd52f24efef21ec56e4329,Phoenix,ssp245,near_2030s,2034,perimeter_top_zn_2,perimeter,top,east,24.157525965681877,26.741386790083947,25.449456377882914,27.718384624014668,2.5838608244020733,35.74973144416736,0.10979163973692357,0.27900369837880135,8.399185823754788,0.08297148317562941,0.02682015656129416
47b14444d835d321ebad5563a859b52684ba356fc3fd52f24efef21ec56e4329,Phoenix,ssp245,near_2030s,2034,perimeter_top_zn_3,perimeter,top,north,24.28137766369859,26.090939094010174,25.186158378854383,27.605101785844795,1.809561430311582,35.84366409998678,0.10658446315937908,0.27900369837880135,8.97389846743295,0.07752730670324624,0.029057156456132834
47b14444d835d321ebad5563a859b52684ba356fc3fd52f24efef21ec56e4329,Phoenix,ssp245,near_2030s,2034,perimeter_top_zn_4,perimeter,top,west,24.15576267209484,26.74530260241382,25.450532637254327,28.250880470432364,2.5895399303189715,35.91337438444294,0.11573278860400218,0.3740101133938845,9.66235632183908,0.0877944743857314,0.027938314218270786
4b566ec592c7386c10876a7b2728b3bdc93345ea60c9f344f4a3ba18521f4d86,Beijing,ssp245,near_2030s,2034,core_bottom,core,bottom,core,24.12462883267925,25.642615614514327,24.883622223596788,26.153374038224328,1.5179867818350747,31.657519961156567,0.10395496173226988,0.1830211915075779,2.310823754789272,0.08258085928523246,0.021374102447037423
4b566ec592c7386c10876a7b2728b3bdc93345ea60c9f344f4a3ba18521f4d86,Beijing,ssp245,near_2030s,2034,core_mid,core,middle,core,24.082769396536513,25.06082109690295,24.571795246719734,26.36108077294652,0.9780517003664345,33.318211234196234,0.08662575264653134,0.14763779193162918,1.670258620689655,0.06289269367709731,0.02373305896943403
4b566ec592c7386c10876a7b2728b3bdc93345ea60c9f344f4a3ba18521f4d86,Beijing,ssp245,near_2030s,2034,core_top,core,top,core,23.79109321868134,24.671959022562877,24.231526120622107,26.057868712638392,0.8808658038815367,33.530212227406345,0.07924188164034252,0.1220385767519474,1.3350095785440612,0.053043521901735786,0.02619835973860673
4b566ec592c7386c10876a7b2728b3bdc93345ea60c9f344f4a3ba18521f4d86,Beijing,ssp245,near_2030s,2034,perimeter_bot_zn_1,perimeter,bottom,south,23.338501171178585,25.299377765291133,24.318939468234856,26.92174639226385,1.9608765941125454,33.806440995500495,0.09418272662941458,0.1872413046658039,4.034961685823755,0.06855332542000511,0.025629401209409472
4b566ec592c7386c10876a7b2728b3bdc93345ea60c9f344f4a3ba18521f4d86,Beijing,ssp245,near_2030s,2034,perimeter_bot_zn_2,perimeter,bottom,east,23.536382534043426,24.658748055887568,24.0975652949655,26.08245035551147,1.1223655218441402,35.490749328238365,0.07454194305087725,0.0919598862528801,0.8022030651340997,0.04642151136257261,0.02812043168830464
4b566ec592c7386c10876a7b2728b3bdc93345ea60c9f344f4a3ba18521f4d86,Beijing,ssp245,near_2030s,2034,perimeter_bot_zn_3,perimeter,bottom,north,23.479813674929275,24.162751894166632,23.82128278454795,26.62423753757722,0.6829382192373614,35.41665561753717,0.07384930936566338,0.1114867702126503,1.1853448275862069,0.04299546572044349,0.03085384364521989
4b566ec592c7386c10876a7b2728b3bdc93345ea60c9f344f4a3ba18521f4d86,Beijing,ssp245,near_2030s,2034,perimeter_bot_zn_4,perimeter,bottom,west,23.55921678750121,24.831482143690128,24.195349465595672,26.089694995652167,1.272265356188917,35.153971118664536,0.07608434392262645,0.11024623624980412,0.5507662835249042,0.048377728936656275,0.027706614985970168
4b566ec592c7386c10876a7b2728b3bdc93345ea60c9f344f4a3ba18521f4d86,Beijing,ssp245,near_2030s,2034,perimeter_mid_zn_1,perimeter,middle,south,23.895762121509765,25.68571922987684,24.790740675693304,26.85610085194274,1.7899571083670782,32.42180389885596,0.10612133470725148,0.2030697949230671,5.771072796934866,0.08322519448265109,0.022896140224600396
4b566ec592c7386c10876a7b2728b3bdc93345ea60c9f344f4a3ba18521f4d86,Beijing,ssp245,near_2030s,2034,perimeter_mid_zn_2,perimeter,middle,east,23.604575823277976,24.935329763717075,24.26995279349752,26.10892200790446,1.3307539404390982,34.424638822507696,0.07902385129128209,0.11400808487087488,1.3888888888888888,0.05251336086939947,0.026510490421882617
4b566ec592c7386c10876a7b2728b3bdc93345ea60c9f344f4a3ba18521f4d86,Beijing,ssp245,near_2030s,2034,perimeter_mid_zn_3,perimeter,middle,north,23.647244990954068,24.584923282362176,24.11608413665812,27.012368770506505,0.9376782914081124,34.599414668411285,0.08162391895696033,0.1872413046658039,3.0830938697318007,0.05384216602633875,0.02778175293062158
4b566ec592c7386c10876a7b2728b3bdc93345ea60c9f344f4a3ba18521f4d86,Beijing,ssp245,near_2030s,2034,perimeter_mid_zn_4,perimeter,middle,west,23.5932883670442,25.057143236861368,24.325215801952783,26.258101550438223,1.4638548698171672,34.47873330336542,0.08241275328012888,0.1402931222692132,1.2332375478927202,0.05610349278636562,0.026309260493763267
4b566ec592c7386c10876a7b2728b3bdc93345ea60c9f344f4a3ba18521f4d86,Beijing,ssp245,near_2030s,2034,perimeter_top_zn_1,perimeter,top,south,23.717551257641947,25.381699749575052,24.5496255036085,26.669058821394145,1.6641484919331007,32.543517873558876,0.09954312444386937,0.19503930304199457,4.621647509578544,0.07486326582900425,0.024679858614865113
4b566ec592c7386c10876a7b2728b3bdc93345ea60c9f344f4a3ba18521f4d86,Beijing,ssp245,near_2030s,2034,perimeter_top_zn_2,perimeter,top,east,23.43670822176502,24.638553373930876,24.037630797847946,26.08510422858405,1.2018451521658586,35.02152603488974,0.07703608855790732,0.10829882323741913,1.598419540229885,0.04832630487727813,0.02870978368062919
4b566ec592c7386c10876a7b2728b3bdc93345ea60c9f344f4a3ba18521f4d86,Beijing,ssp245,near_2030s,2034,perimeter_top_zn_3,perimeter,top,north,23.40009651768478,24.237622528621078,23.81885952315293,26.725457904674563,0.8375260109362955,34.66793539629948,0.07822073888566865,0.12135275453329086,2.681992337164751,0.047546617954146914,0.030674120931521727
4b566ec592c7386c10876a7b2728b3bdc93345ea60c9f344f4a3ba18521f4d86,Beijing,ssp245,near_2030s,2034,perimeter_top_zn_4,perimeter,top,west,23.41754050197564,24.74681818758686,24.082179344781252,26.274712908484894,1.3292776856112187,34.58535280541605,0.08041965831569305,0.130563884973526,1.329022988505747,0.051869552993134,0.028550105322559048
4b72294fb85943c9cd9c02afa519f562da079804ca82daa29a7d9e5ccbdb3212,Houston,ssp585,late_2080s,2088,core_bottom,core,bottom,core,24.842300926156273,26.780605676903967,25.811453301530122,28.39476462975698,1.9383047507476885,49.703122148402855,0.11896921339900553,0.3101632185280323,15.95426245210728,0.09174246558376724,0.027226747815238296
4b72294fb85943c9cd9c02afa519f562da079804ca82daa29a7d9e5ccbdb3212,Houston,ssp585,late_2080s,2088,core_mid,core,middle,core,25.25076951836263,26.609544577841,25.930157048101815,29.02445736193649,1.3587750594783696,51.17706613848443,0.13409774178270015,0.37082353606820107,23.92241379310345,0.1077114632083335,0.026386278574366654
4b72294fb85943c9cd9c02afa519f562da079804ca82daa29a7d9e5ccbdb3212,Houston,ssp585,late_2080s,2088,core_top,core,top,core,25.00155393579494,26.483975568822718,25.74276475230883,28.870650982643706,1.4824216330277677,50.95270796927886,0.12484442869641373,0.36701315734535456,21.551724137931032,0.09714466560086935,0.027699763095544377
4b72294fb85943c9cd9c02afa519f562da079804ca82daa29a7d9e5ccbdb3212,Houston,ssp585,late_2080s,2088,perimeter_bot_zn_1,perimeter,bottom,south,25.42541627778448,27.289950597428984,26.35768343760673,30.05531768589952,1.8645343196445054,53.398352048988436,0.15703565861620944,0.36701315734535456,33.099856321839084,0.1328664303535236,0.024169228262685832
4b72294fb85943c9cd9c02afa519f562da079804ca82daa29a7d9e5ccbdb3212,Houston,ssp585,late_2080s,2088,perimeter_bot_zn_2,perimeter,bottom,east,24.734765417176174,26.781380119846453,25.758072768511315,29.204167790926107,2.046614702670286,51.684943743542064,0.12458156108586851,0.37082353606820107,20.079022988505745,0.09674510947181986,0.027836451614048654
4b72294fb85943c9cd9c02afa519f562da079804ca82daa29a7d9e5ccbdb3212,Houston,ssp585,late_2080s,2088,perimeter_bot_zn_3,perimeter,bottom,north,24.995272160797676,26.398096094501195,25.69668412764943,28.89269043475121,1.4028239337035224,51.41224966615282,0.12726252106273664,0.37082353606820107,20.007183908045977,0.09910898033126526,0.028153540731471374
4b72294fb85943c9cd9c02afa519f562da079804ca82daa29a7d9e5ccbdb3212,Houston,ssp585,late_2080s,2088,perimeter_bot_zn_4,perimeter,bottom,west,24.55511410158802,26.678406539607817,25.616760320597923,28.46817539970474,2.123292438019795,52.14673230492957,0.11307089364672859,0.3101632185280323,16.60081417624521,0.08442712070792155,0.02864377293880704
4b72294fb85943c9cd9c02afa519f562da079804ca82daa29a7d9e5ccbdb3212,Houston,ssp585,late_2080s,2088,perimeter_mid_zn_1,perimeter,middle,south,25.49819321332558,27.49654361310813,26.497368413216858,30.067067195561414,1.9983503997825502,50.43553759920996,0.1643418399511979,0.3750436492264271,32.525143678160916,0.14107711400369038,0.0232647259475075
4b72294fb85943c9cd9c02afa519f562da079804ca82daa29a7d9e5ccbdb3212,Houston,ssp585,late_2080s,2088,perimeter_mid_zn_2,perimeter,middle,east,24.835290756437278,27.048128211935794,25.941709484186536,29.78361424958085,2.212837455498512,52.50220342982411,0.1291950637348874,0.3624461127910763,23.018438697318008,0.10232143569408722,0.02687362804080019
4b72294fb85943c9cd9c02afa519f562da079804ca82daa29a7d9e5ccbdb3212,Houston,ssp585,late_2080s,2088,perimeter_mid_zn_3,perimeter,middle,north,25.296050969849297,26.859985360771407,26.078018165310354,29.70490966905221,1.5639343909221093,51.6810288587778,0.14641483975714317,0.37082353606820107,27.759818007662833,0.12034636038812493,0.02606847936901825
4b72294fb85943c9cd9c02afa519f562da079804ca82daa29a7d9e5ccbdb3212,Houston,ssp585,late_2080s,2088,perimeter_mid_zn_4,perimeter,middle,west,24.66544772781892,26.954515831428004,25.809981779623463,29.108077482279302,2.2890681036090865,53.233574709776335,0.12039135978403845,0.3101632185280323,20.396312260536398,0.09300338673023766,0.02738797305380079
4b72294fb85943c9cd9c02afa519f562da079804ca82daa29a7d9e5ccbdb3212,Houston,ssp585,late_2080s,2088,perimeter_top_zn_1,perimeter,top,south,25.181422825456224,27.312077075173296,26.24674995031476,29.911894406723754,2.1306542497170735,50.48337302871838,0.15056896501312647,0.37082353606820107,27.993295019157088,0.12550060893258416,0.02506835608054229
4b72294fb85943c9cd9c02afa519f562da079804ca82daa29a7d9e5ccbdb3212,Houston,ssp585,late_2080s,2088,perimeter_top_zn_2,perimeter,top,east,24.744061203469506,26.98779819262283,25.865929698046166,29.763785774536316,2.243736989153324,52.28819669868728,0.12908108313069772,0.36701315734535456,22.569444444444446,0.10138414549690151,0.027696937633796184
4b72294fb85943c9cd9c02afa519f562da079804ca82daa29a7d9e5ccbdb3212,Houston,ssp585,late_2080s,2088,perimeter_top_zn_3,perimeter,top,north,25.04193008809833,26.716770516303292,25.879350302200805,29.567434872548816,1.6748404282049605,51.61651395331539,0.13826049635237472,0.37082353606820107,25.10775862068966,0.11053160259364551,0.027728893758729212
4b72294fb85943c9cd9c02afa519f562da079804ca82daa29a7d9e5ccbdb3212,Houston,ssp585,late_2080s,2088,perimeter_top_zn_4,perimeter,top,west,24.500095264324074,26.842543985357036,25.67131962484056,29.053516033141648,2.342448721032957,53.02209653301833,0.11508809356381305,0.3101632185280323,18.312978927203066,0.0863540359338749,0.028734057629938144
4c2dfbe9d49d3b6585497b8167c564b917af5860e19d25bbd6eb2d5877fdf13c,Kolkata,ssp585,late_2080s,2088,core_bottom,core,bottom,core,25.143957424994596,27.224840575522986,26.184399000258793,28.45321855662091,2.080883150528392,53.703532025014816,0.12836117103227923,0.3101632185280323,19.486350574712645,0.10325851159564342,0.025102659436635796
4c2dfbe9d49d3b6585497b8167c564b917af5860e19d25bbd6eb2d5877fdf13c,Kolkata,ssp585,late_2080s,2088,core_mid,core,middle,core,25.629730458507286,27.133286098460363,26.38150827848382,29.072885087130086,1.5035556399530776,54.8492457487719,0.14765525433925167,0.37082353606820107,29.555795019157088,0.12388219668121137,0.023773057658040303
4c2dfbe9d49d3b6585497b8167c564b917af5860e19d25bbd6eb2d5877fdf13c,Kolkata,ssp585,late_2080s,2088,core_top,core,top,core,25.29392765934955,27.038856654609333,26.166392156979445,29.053879616795644,1.744928995259784,54.33969790086945,0.13379322098474358,0.36701315734535456,25.19755747126437,0.10858151372168633,0.025211707263057263
4c2dfbe9d49d3b6585497b8167c564b917af5860e19d25bbd6eb2d5877fdf13c,Kolkata,ssp585,late_2080s,2088,perimeter_bot_zn_1,perimeter,bottom,south,26.590143406387156,28.427593558385833,27.508868482386497,30.39294082770991,1.8374501519986803,58.012189688882664,0.22031747281357725,0.4198947085533291,55.23227969348659,0.2029493151423169,0.017368157671260362
4c2dfbe9d49d3b6585497b8167c564b917af5860e19d25bbd6eb2d5877fdf13c,Kolkata,ssp585,late_2080s,2088,perimeter_bot_zn_2,perimeter,bottom,east,24.869120899785127,27.28202074997552,26.07557082488032,28.61102780343207,2.412899850190399,55.36879355626564,0.12266946151312123,0.3101632185280323,19.761733716475096,0.09694925178339932,0.025720209729721926
4c2dfbe9d49d3b6585497b8167c564b917af5860e19d25bbd6eb2d5877fdf13c,Kolkata,ssp585,late_2080s,2088,perimeter_bot_zn_3,perimeter,bottom,north,25.470247119272972,27.29937994064797,26.38481352996047,29.087616858985633,1.8291328213749976,53.77909336558979,0.14640946021129636,0.37082353606820107,26.245210727969347,0.12273959923309,0.02366986097820637
4c2dfbe9d49d3b6585497b8167c564b917af5860e19d25bbd6eb2d5877fdf13c,Kolkata,ssp585,late_2080s,2088,perimeter_bot_zn_4,perimeter,bottom,west,24.67412387378655,27.13108550506583,25.90260468942619,28.263847362917616,2.456961631279279,55.991144305541695,0.10970981753504522,0.3101632185280323,15.95426245210728,0.08314833114637549,0.02656148638866973
4c2dfbe9d49d3b6585497b8167c564b917af5860e19d25bbd6eb2d5877fdf13c,Kolkata,ssp585,late_2080s,2088,perimeter_mid_zn_1,perimeter,middle,south,26.360816419463173,28.458671967039233,27.409744193251203,30.655944371476757,2.097855547576063,52.69804135678589,0.22010175539654916,0.431872864253819,50.92193486590039,0.20158524351594595,0.018516511880603204
4c2dfbe9d49d3b6585497b8167c564b917af5860e19d25bbd6eb2d5877fdf13c,Kolkata,ssp585,late_2080s,2088,perimeter_mid_zn_2,perimeter,middle,east,24.956587218235676,27.55064358554728,26.25361540189148,29.31330750906692,2.5940563673116093,56.568843528896934,0.1331516965497292,0.3624461127910763,24.55699233716475,0.10837679290847399,0.024774903641255185
4c2dfbe9d49d3b6585497b8167c564b917af5860e19d25bbd6eb2d5877fdf13c,Kolkata,ssp585,late_2080s,2088,perimeter_mid_zn_3,perimeter,middle,north,25.73232720483169,27.702364225340776,26.71734571508624,30.01770613338069,1.9700370205090856,54.51433814750888,0.1648827036188704,0.3750436492264271,34.093630268199234,0.1428621200914004,0.02202058352746999
4c2dfbe9d49d3b6585497b8167c564b917af5860e19d25bbd6eb2d5877fdf13c,Kolkata,ssp585,late_2080s,2088,perimeter_mid_zn_4,perimeter,middle,west,24.790199411290633,27.431182495714346,26.110690953502495,28.82714036880547,2.6409830844237163,57.29556925492771,0.12168666578428303,0.3101632185280323,20.64176245210728,0.09635140558939348,0.025335260194889537
4c2dfbe9d49d3b6585497b8167c564b917af5860e19d25bbd6eb2d5877fdf13c,Kolkata,ssp585,late_2080s,2088,perimeter_top_zn_1,perimeter,top,south,25.91423578152502,28.263918607084257,27.08907719430464,30.529418362505833,2.349682825559239,52.55689653981132,0.19695525258460944,0.4282721318304539,42.923850574712645,0.17656610274398155,0.020389149840627896
4c2dfbe9d49d3b6585497b8167c564b917af5860e19d25bbd6eb2d5877fdf13c,Kolkata,ssp585,late_2080s,2088,perimeter_top_zn_2,perimeter,top,east,24.90625469130375,27.57026349308224,26.238259092192994,29.44794060347977,2.6640088017784898,55.65801264656698,0.13206068258399145,0.36548264790326357,23.99425287356322,0.10709443378776946,0.024966248796221984
4c2dfbe9d49d3b6585497b8167c564b917af5860e19d25bbd6eb2d5877fdf13c,Kolkata,ssp585,late_2080s,2088,perimeter_top_zn_3,perimeter,top,north,25.432155975830682,27.592605913838632,26.512380944834657,29.908493843340423,2.160449938007956,54.085385542177356,0.1520347809180546,0.37082353606820107,29.627634099616856,0.12866494674250079,0.023369834175553834
4c2dfbe9d49d3b6585497b8167c564b917af5860e19d25bbd6eb2d5877fdf13c,Kolkata,ssp585,late_2080s,2088,perimeter_top_zn_4,perimeter,top,west,24.65334625752791,27.39191708638468,26.022631671956294,28.7753255492331,2.7385708288567723,56.49607311010386,0.11555381352830399,0.3101632185280323,18.57638888888889,0.08964487390516422,0.025908939623139764
4fce79efd959a284c70cf2070a851ecd1bb5ca29a70a4caa8b80fa7cb9d6e81e,Ahmedabad,ssp585,baseline_2020s,2027,core_bottom,core,bottom,core,24.857437109549313,26.997609074571635,25.92752309206048,28.325459517515036,2.1401719650223225,48.862535405987735,0.11691532437092472,0.29288436844944954,14.23611111111111,0.0883331554972498,0.028582168873674922
4fce79efd959a284c70cf2070a851ecd1bb5ca29a70a4caa8b80fa7cb9d6e81e,Ahmedabad,ssp585,baseline_2020s,2027,core_mid,core,middle,core,25.295272050953,26.885959919128965,26.09061598504098,28.87139871323949,1.5906878681759662,50.31421277912549,0.13418195059421123,0.3624461127910763,23.030411877394634,0.10759034910536117,0.02659160148885007
4fce79efd959a284c70cf2070a851ecd1bb5ca29a70a4caa8b80fa7cb9d6e81e,Ahmedabad,ssp585,baseline_2020s,2027,core_top,core,top,core,25.018423255152786,26.817090179110952,25.917756717131866,28.75176368532774,1.7986669239581605,49.808649492144895,0.12151512378519307,0.3101632185280323,18.23515325670498,0.0936774155526454,0.027837708232547664
4fce79efd959a284c70cf2070a851ecd1bb5ca29a70a4caa8b80fa7cb9d6e81e,Ahmedabad,ssp585,baseline_2020s,2027,perimeter_bot_zn_1,perimeter,bottom,south,26.444850075613687,28.464228610357726,27.454539342985704,30.28147950303165,2.019378534744038,49.09585498050251,0.23450034338683964,0.4372137524187565,55.22629310344828,0.21636991843544848,0.01813042495139117
4fce79efd959a284c70cf2070a851ecd1bb5ca29a70a4caa8b80fa7cb9d6e81e,Ahmedabad,ssp585,baseline_2020s,2027,perimeter_bot_zn_2,perimeter,bottom,east,24.816200953005012,27.42277362077473,26.11948728688987,28.85220293328884,2.606572667769717,49.70848934819593,0.12932030515188517,0.3101632185280323,19.42049808429119,0.10238664805331808,0.026933657098567102
4fce79efd959a284c70cf2070a851ecd1bb5ca29a70a4caa8b80fa7cb9d6e81e,Ahmedabad,ssp585,baseline_2020s,2027,perimeter_bot_zn_3,perimeter,bottom,north,25.176612071520424,26.93891495614917,26.0577635138348,29.143333515779837,1.762302884628747,49.260210075523176,0.13360071814499636,0.3624461127910763,21.24640804597701,0.10686787659954904,0.026732841545447302
4fce79efd959a284c70cf2070a851ecd1bb5ca29a70a4caa8b80fa7cb9d6e81e,Ahmedabad,ssp585,baseline_2020s,2027,perimeter_bot_zn_4,perimeter,bottom,west,24.670672528919415,27.293883678938126,25.982278103928774,28.551168995916033,2.6232111500187076,50.212222794552936,0.12056024871929984,0.3101632185280323,17.037835249042146,0.0929695544757709,0.027590694243528936
4fce79efd959a284c70cf2070a851ecd1bb5ca29a70a4caa8b80fa7cb9d6e81e,Ahmedabad,ssp585,baseline_2020s,2027,perimeter_mid_zn_1,perimeter,middle,south,26.132636337945193,28.396733631751143,27.264684984848174,30.31469106478226,2.264097293805949,48.0723082094918,0.22231674433762336,0.4506448341999203,49.19181034482759,0.20287726348373278,0.01943948085389057
4fce79efd959a284c70cf2070a851ecd1bb5ca29a70a4caa8b80fa7cb9d6e81e,Ahmedabad,ssp585,baseline_2020s,2027,perimeter_mid_zn_2,perimeter,middle,east,24.79316375354875,27.563394517130604,26.17827913533968,29.195344762361476,2.7702307635818495,51.36200405927064,0.1303363545880477,0.3141811324749142,21.461925287356323,0.10446107806570978,0.025875276522337922
4fce79efd959a284c70cf2070a851ecd1bb5ca29a70a4caa8b80fa7cb9d6e81e,Ahmedabad,ssp585,baseline_2020s,2027,perimeter_mid_zn_3,perimeter,middle,north,25.373967306108106,27.32165854624224,26.347812926175173,29.74676945483276,1.947691240134134,50.20874742886024,0.1469570848314378,0.36548264790326357,27.328783524904214,0.12214362897041077,0.024813455861027022
4fce79efd959a284c70cf2070a851ecd1bb5ca29a70a4caa8b80fa7cb9d6e81e,Ahmedabad,ssp585,baseline_2020s,2027,perimeter_mid_zn_4,perimeter,middle,west,24.692939022797926,27.473224908436805,26.083081965617367,28.88284403645979,2.780285885638877,51.94040458697923,0.12488939855306835,0.3101632185280323,20.462164750957854,0.09842733621764108,0.026462062335427285
4fce79efd959a284c70cf2070a851ecd1bb5ca29a70a4caa8b80fa7cb9d6e81e,Ahmedabad,ssp585,baseline_2020s,2027,perimeter_top_zn_1,perimeter,top,south,25.71180883598184,28.212195743748815,26.96200228986533,30.142998147209248,2.500386907766972,47.95594128220316,0.1987804202286372,0.4282721318304539,41.75646551724138,0.17748778467191476,0.02129263555672244
4fce79efd959a284c70cf2070a851ecd1bb5ca29a70a4caa8b80fa7cb9d6e81e,Ahmedabad,ssp585,baseline_2020s,2027,perimeter_top_zn_2,perimeter,top,east,24.739329956249676,27.579656194007246,26.159493075128463,29.254982387965118,2.8403262377575653,50.631415532112804,0.12840689672250558,0.31874817702919245,19.97126436781609,0.10233885380572155,0.026068042916784013
4fce79efd959a284c70cf2070a851ecd1bb5ca29a70a4caa8b80fa7cb9d6e81e,Ahmedabad,ssp585,baseline_2020s,2027,perimeter_top_zn_3,perimeter,top,north,25.136040946526606,27.244990406387867,26.190515676457235,29.572104127362874,2.108949459861263,49.75694881569838,0.13805649537755427,0.36548264790326357,23.16810344827586,0.11201889774470164,0.026037597632852637
4fce79efd959a284c70cf2070a851ecd1bb5ca29a70a4caa8b80fa7cb9d6e81e,Ahmedabad,ssp585,baseline_2020s,2027,perimeter_top_zn_4,perimeter,top,west,24.576957723963734,27.44360134260342,26.01027953328358,28.89568211203627,2.8666436186396864,51.23972075287018,0.11950605535364336,0.3101632185280323,17.881944444444446,0.09260898239839684,0.02689707295524654
522121311c489c4558e3a58902e0045ebbe0eacf6c951a009d62e7b7c2a70f67,Beijing,ssp245,late_2080s,2084,core_bottom,core,bottom,core,24.402229701951676,26.05551353129836,25.22887161662502,28.190967676591523,1.6532838293466765,34.00004100132017,0.12064019238618778,0.28028683201409876,9.656369731800767,0.09981161312467081,0.020828579261516964
522121311c489c4558e3a58902e0045ebbe0eacf6c951a009d62e7b7c2a70f67,Beijing,ssp245,late_2080s,2084,core_mid,core,middle,core,24.509931044421702,25.60458631767778,25.057258681049742,28.826367240667405,1.094655273256081,35.49818112949512,0.10944265910128013,0.3101632185280323,10.099377394636015,0.08729656216395408,0.02214609693732604
522121311c489c4558e3a58902e0045ebbe0eacf6c951a009d62e7b7c2a70f67,Beijing,ssp245,late_2080s,2084,core_top,core,top,core,24.255798338565157,25.296930626463315,24.776364482514236,28.75859174555522,1.0411322878981577,35.79674479587422,0.10083112441576143,0.3059431053698063,9.500718390804598,0.0766747677855959,0.024156356630165538
522121311c489c4558e3a58902e0045ebbe0eacf6c951a009d62e7b7c2a70f67,Beijing,ssp245,late_2080s,2084,perimeter_bot_zn_1,perimeter,bottom,south,24.009439784912967,26.112408355584638,25.060924070248802,29.423171530260436,2.1029685706716665,35.874909852546764,0.12169662643138641,0.3101632185280323,12.488026819923371,0.0990998516442661,0.02259677478712031
522121311c489c4558e3a58902e0045ebbe0eacf6c951a009d62e7b7c2a70f67,Beijing,ssp245,late_2080s,2084,perimeter_bot_zn_2,perimeter,bottom,east,23.963697241090752,25.35428664990373,24.65899194549724,28.442956877428266,1.3905894088129769,37.26604861910198,0.09416963306853438,0.29754130891524255,8.602729885057471,0.06862268999892009,0.025546943069614293
522121311c489c4558e3a58902e0045ebbe0eacf6c951a009d62e7b7c2a70f67,Beijing,ssp245,late_2080s,2084,perimeter_bot_zn_3,perimeter,bottom,north,24.01491975141926,24.89451872124915,24.454719236334206,29.091385269059888,0.8795989698298914,37.15391631798963,0.09763782506082325,0.3101632185280323,10.398706896551724,0.06981615156087609,0.027821673499947165
522121311c489c4558e3a58902e0045ebbe0eacf6c951a009d62e7b7c2a70f67,Beijing,ssp245,late_2080s,2084,perimeter_bot_zn_4,perimeter,bottom,west,23.97375085187545,25.527344388861692,24.750547620368575,28.286700540240712,1.5535935369862441,36.96884652037424,0.0963787334489049,0.29288436844944954,8.435105363984674,0.07132153461270893,0.025057198836195966
522121311c489c4558e3a58902e0045ebbe0eacf6c951a009d62e7b7c2a70f67,Beijing,ssp245,late_2080s,2084,perimeter_mid_zn_1,perimeter,middle,south,24.403086385487146,26.407899406834055,25.4054928961606,29.565363828137933,2.0048130213469086,34.5776891330227,0.13011371477487707,0.3624461127910763,13.344109195402298,0.10934196888628395,0.020771745888593138
522121311c489c4558e3a58902e0045ebbe0eacf6c951a009d62e7b7c2a70f67,Beijing,ssp245,late_2080s,2084,perimeter_mid_zn_2,perimeter,middle,east,24.05403184246017,25.642252739850722,24.848142291155447,28.935733899688465,1.5882208973905483,36.57197291170888,0.09920962543908766,0.2975656820926815,9.626436781609195,0.07509122487062578,0.024118400568461894
522121311c489c4558e3a58902e0045ebbe0eacf6c951a009d62e7b7c2a70f67,Beijing,ssp245,late_2080s,2084,perimeter_mid_zn_3,perimeter,middle,north,24.239280154267988,25.347816350388847,24.793548252328414,29.80057308747634,1.1085361961208673,36.49883863083556,0.10616113620922445,0.36242173961363733,12.05699233716475,0.08124626912160998,0.024914867087614468
522121311c489c4558e3a58902e0045ebbe0eacf6c951a009d62e7b7c2a70f67,Beijing,ssp245,late_2080s,2084,perimeter_mid_zn_4,perimeter,middle,west,24.02754887147626,25.76143229924689,24.894490585361577,28.61863764736799,1.733883427770633,36.73091156472082,0.10404751803904651,0.29754130891524255,9.584530651340996,0.08002960754055985,0.02401791049848666
522121311c489c4558e3a58902e0045ebbe0eacf6c951a009d62e7b7c2a70f67,Beijing,ssp245,late_2080s,2084,perimeter_top_zn_1,perimeter,top,south,24.20783536547545,26.146705477776955,25.177270421626204,29.44186320875493,1.9388701123015049,34.75325062982444,0.12332998143250441,0.36242173961363733,11.913314176245212,0.10091060556818586,0.022419375864318546
522121311c489c4558e3a58902e0045ebbe0eacf6c951a009d62e7b7c2a70f67,Beijing,ssp245,late_2080s,2084,perimeter_top_zn_2,perimeter,top,east,23.92539937181295,25.418518457242765,24.671958914527853,29.079388189668805,1.4931190854298113,37.07399127136787,0.09653117670476886,0.2975656820926815,9.728208812260537,0.07070896673023833,0.025822209974530535
522121311c489c4558e3a58902e0045ebbe0eacf6c951a009d62e7b7c2a70f67,Beijing,ssp245,late_2080s,2084,perimeter_top_zn_3,perimeter,top,north,24.00560309991973,25.061806137550885,24.533704618735307,29.616983120294336,1.0562030376311573,36.668772162441876,0.10227216183847099,0.3101632185280323,11.248802681992338,0.0747455060829933,0.02752665575547768
522121311c489c4558e3a58902e0045ebbe0eacf6c951a009d62e7b7c2a70f67,Beijing,ssp245,late_2080s,2084,perimeter_top_zn_4,perimeter,top,west,23.85722284393336,25.50487312982171,24.681047986877534,28.525569557346618,1.6476502858883464,36.90901661005652,0.10066846139790687,0.29754130891524255,8.991858237547893,0.0745923496249544,0.026076111772952475
548bbff76bee81d0bee5006966d28fa933c9724267046abcc829dd7da4df4b14,Beijing,ssp245,late_2080s,2083,core_bottom,core,bottom,core,24.375873690896665,25.949864866346573,25.16286927862162,27.83968812916069,1.5739911754499056,33.08405961456643,0.117317697999957,0.25947653129696846,9.273227969348659,0.09738137859983148,0.019936319400125514
548bbff76bee81d0bee5006966d28fa933c9724267046abcc829dd7da4df4b14,Beijing,ssp245,late_2080s,2083,core_mid,core,middle,core,24.4369188025027,25.446918410220718,24.94191860636171,28.35969443674058,1.0099996077180236,34.600173788420335,0.10671790576024706,0.29288436844944954,10.24904214559387,0.0848841183885559,0.021833787371691157
548bbff76bee81d0bee5006966d28fa933c9724267046abcc829dd7da4df4b14,Beijing,ssp245,late_2080s,2083,core_top,core,top,core,24.138315023558697,25.08480295814541,24.611558990852057,28.201465264629185,0.9464879345867153,34.89452609972702,0.09752601018296804,0.27900369837880135,8.584770114942529,0.07344053020977132,0.02408547997319673
548bbff76bee81d0bee5006966d28fa933c9724267046abcc829dd7da4df4b14,Beijing,ssp245,late_2080s,2083,perimeter_bot_zn_1,perimeter,bottom,south,23.84717919681697,25.84691837491651,24.84704878586674,29.160347674579583,1.9997391780995415,34.926446692801605,0.1188532619503366,0.3101632185280323,13.601532567049809,0.0957586953650747,0.0230945665852619
548bbff76bee81d0bee5006966d28fa933c9724267046abcc829dd7da4df4b14,Beijing,ssp245,late_2080s,2083,perimeter_bot_zn_2,perimeter,bottom,east,23.849084850378734,25.10293550805427,24.476010179216505,28.116165373125128,1.253850657675539,36.675368645953924,0.09290958442043085,0.2660614905063961,8.189655172413794,0.06725573244268677,0.025653851977744075
548bbff76bee81d0bee5006966d28fa933c9724267046abcc829dd7da4df4b14,Beijing,ssp245,late_2080s,2083,perimeter_bot_zn_3,perimeter,bottom,north,23.903925186638872,24.650684292603742,24.277304739621307,28.74642948484176,0.7467591059648719,36.43727206995783,0.09994793480958925,0.3101632185280323,11.416427203065133,0.07138804499173877,0.028559889817850462
548bbff76bee81d0bee5006966d28fa933c9724267046abcc829dd7da4df4b14,Beijing,ssp245,late_2080s,2083,perimeter_bot_zn_4,perimeter,bottom,west,23.87011464240809,25.276828628665474,24.57347163553678,28.0132303067165,1.4067139862573872,36.39709843547946,0.09534593791883997,0.2619786560535431,8.399185823754788,0.06990877049032847,0.025437167428511504
548bbff76bee81d0bee5006966d28fa933c9724267046abcc829dd7da4df4b14,Beijing,ssp245,late_2080s,2083,perimeter_mid_zn_1,perimeter,middle,south,24.299836057477894,26.178971057937105,25.239403557707497,29.214097282243884,1.8791350004592136,33.60838862332845,0.1296194857825508,0.3624461127910763,14.367816091954023,0.10867748378660713,0.02094200199594368
548bbff76bee81d0bee5006966d28fa933c9724267046abcc829dd7da4df4b14,Beijing,ssp245,late_2080s,2083,perimeter_mid_zn_2,perimeter,middle,east,23.919428416445758,25.38786543719173,24.653646926818745,28.359265675487546,1.4684370207459723,35.77121863468154,0.09778714607526273,0.292198546230793,9.309147509578544,0.07337327022389803,0.024413875851364696
548bbff76bee81d0bee5006966d28fa933c9724267046abcc829dd7da4df4b14,Beijing,ssp245,late_2080s,2083,perimeter_mid_zn_3,perimeter,middle,north,24.100339197369006,25.09642338835574,24.59838129286237,29.29503438515314,0.9960841909867292,35.67170407293056,0.10677560406330133,0.3624461127910763,12.937021072796934,0.08168280905288139,0.025092795010419944
548bbff76bee81d0bee5006966d28fa933c9724267046abcc829dd7da4df4b14,Beijing,ssp245,late_2080s,2083,perimeter_mid_zn_4,perimeter,middle,west,23.901293884588277,25.507353162821172,24.704323523704723,28.163631908265106,1.6060592782328955,35.928579300754876,0.10095925847084541,0.27900369837880135,9.285201149425287,0.07661542957902875,0.024343828891816667
548bbff76bee81d0bee5006966d28fa933c9724267046abcc829dd7da4df4b14,Beijing,ssp245,late_2080s,2083,perimeter_top_zn_1,perimeter,top,south,24.097841099694037,25.88624287401951,24.99204198685677,29.094155448541294,1.7884017743254725,33.809750347664576,0.12126224540175456,0.36242173961363733,12.529932950191572,0.09850983300808973,0.022752412393664847
548bbff76bee81d0bee5006966d28fa933c9724267046abcc829dd7da4df4b14,Beijing,ssp245,late_2080s,2083,perimeter_top_zn_2,perimeter,top,east,23.763508835252647,25.120907622942934,24.44220822909779,28.405853172054872,1.3573987876902867,36.33624882075061,0.0952483743011137,0.29288436844944954,9.285201149425287,0.06877542455919075,0.026472949741922953
548bbff76bee81d0bee5006966d28fa933c9724267046abcc829dd7da4df4b14,Beijing,ssp245,late_2080s,2083,perimeter_top_zn_3,perimeter,top,north,23.840220821881072,24.7676138153063,24.303917318593687,29.076584549657905,0.9273929934252292,35.832198343705905,0.10114405916847248,0.3101632185280323,11.452346743295019,0.07298103791521729,0.028163021253255198
548bbff76bee81d0bee5006966d28fa933c9724267046abcc829dd7da4df4b14,Beijing,ssp245,late_2080s,2083,perimeter_top_zn_4,perimeter,top,west,23.709494684959807,25.21056019506198,24.460027440010897,28.13901348040503,1.5010655101021682,36.117751340550605,0.09724634487932468,0.27900369837880135,8.327346743295019,0.07053296461158791,0.02671338026773678
54dcff04b8f8dcf0003c4f69941be2d5ae5b63318642e5659ae176538fc951a1,Ahmedabad,ssp585,late_2080s,2088,core_bottom,core,bottom,core,25.03969519997401,27.19037799433849,26.115036597156248,28.795235735321675,2.1506827943644784,51.282750569184095,0.1365340936183857,0.3750436492264271,23.233955938697317,0.10816267670371518,0.028371416914670516
54dcff04b8f8dcf0003c4f69941be2d5ae5b63318642e5659ae176538fc951a1,Ahmedabad,ssp585,late_2080s,2088,core_mid,core,middle,core,25.472093983029836,27.078795710011757,26.2754448465208,29.24178391384606,1.606701726981921,52.65602913575941,0.15147499803356282,0.38957223668694496,28.72365900383142,0.125503641820064,0.025971356213498806
54dcff04b8f8dcf0003c4f69941be2d5ae5b63318642e5659ae176538fc951a1,Ahmedabad,ssp585,late_2080s,2088,core_top,core,top,core,25.205966361703126,27.039445776289764,26.122706068996447,29.112713405474636,1.833479414586633,51.998196923702636,0.14314569401612692,0.3750436492264271,27.113266283524908,0.115842357441175,0.027303336574951917
54dcff04b8f8dcf0003c4f69941be2d5ae5b63318642e5659ae176538fc951a1,Ahmedabad,ssp585,late_2080s,2088,perimeter_bot_zn_1,perimeter,bottom,south,26.885347555087897,28.844987319702735,27.865167437395314,30.59522193028262,1.9596397646148385,51.598097399532016,0.2679233770844476,0.5274207787588239,61.470306513409966,0.2512423259144675,0.016681051169980074
54dcff04b8f8dcf0003c4f69941be2d5ae5b63318642e5659ae176538fc951a1,Ahmedabad,ssp585,late_2080s,2088,perimeter_bot_zn_2,perimeter,bottom,east,24.939753185367195,27.617284208526304,26.278518696946747,29.033384540331575,2.6775310231591094,52.194880272634855,0.14440309906704998,0.3811948134098202,25.526819923371647,0.11776893051056606,0.026634168556483928
54dcff04b8f8dcf0003c4f69941be2d5ae5b63318642e5659ae176538fc951a1,Ahmedabad,ssp585,late_2080s,2088,perimeter_bot_zn_3,perimeter,bottom,north,25.317903970390947,27.16316228823675,26.24053312931385,29.466308516086148,1.8452583178458009,51.58517353520884,0.15112039600151345,0.42446175310760736,26.772030651340994,0.1246119510803137,0.026508444921199747
54dcff04b8f8dcf0003c4f69941be2d5ae5b63318642e5659ae176538fc951a1,Ahmedabad,ssp585,late_2080s,2088,perimeter_bot_zn_4,perimeter,bottom,west,24.803666944207514,27.499597108866304,26.15163202653691,28.820740272473323,2.6959301646587894,52.67641291987152,0.13483795125466017,0.37082353606820107,22.97653256704981,0.10750257690141417,0.027335374353245998
54dcff04b8f8dcf0003c4f69941be2d5ae5b63318642e5659ae176538fc951a1,Ahmedabad,ssp585,late_2080s,2088,perimeter_mid_zn_1,perimeter,middle,south,26.368191683363282,28.657807519798226,27.512999601580756,30.48186163013325,2.2896158364349404,50.21836644627825,0.2460025334562087,0.5244167046621442,54.25646551724138,0.22671059496388316,0.019291938492325553
54dcff04b8f8dcf0003c4f69941be2d5ae5b63318642e5659ae176538fc951a1,Ahmedabad,ssp585,late_2080s,2088,perimeter_mid_zn_2,perimeter,middle,east,24.980807836182695,27.785788202799097,26.383298019490898,29.50170968109898,2.8049803666164013,53.6824508568679,0.14803288464693537,0.3811948134098202,27.84363026819923,0.12257820346609688,0.025454681180838483
54dcff04b8f8dcf0003c4f69941be2d5ae5b63318642e5659ae176538fc951a1,Ahmedabad,ssp585,late_2080s,2088,perimeter_mid_zn_3,perimeter,middle,north,25.545015408531935,27.550009818931084,26.54751261373151,30.230551638280286,2.0049944103991435,52.5045901465072,0.16654684277760345,0.431872864253819,31.782806513409962,0.14197794986412401,0.02456889291347945
54dcff04b8f8dcf0003c4f69941be2d5ae5b63318642e5659ae176538fc951a1,Ahmedabad,ssp585,late_2080s,2088,perimeter_mid_zn_4,perimeter,middle,west,24.87912238230875,27.700055856011303,26.289589119160027,29.453267687288076,2.8209334737025533,54.26922841452575,0.13775243658202616,0.37082353606820107,25.10775862068966,0.11197155213605263,0.025780884445973533
54dcff04b8f8dcf0003c4f69941be2d5ae5b63318642e5659ae176538fc951a1,Ahmedabad,ssp585,late_2080s,2088,perimeter_top_zn_1,perimeter,top,south,25.95593071504233,28.497581568727735,27.226756141885033,30.250933361882158,2.5416508536854026,50.01101752502231,0.2245905116043136,0.5213801695499569,49.12595785440613,0.20351455120739556,0.02107596039691803
54dcff04b8f8dcf0003c4f69941be2d5ae5b63318642e5659ae176538fc951a1,Ahmedabad,ssp585,late_2080s,2088,perimeter_top_zn_2,perimeter,top,east,24.92967681046452,27.824465405674434,26.377071108069476,29.488565525895375,2.894788595209915,52.83017021089403,0.14808274951367428,0.38576185796409845,27.173132183908045,0.12265649647150863,0.025426253042165642
54dcff04b8f8dcf0003c4f69941be2d5ae5b63318642e5659ae176538fc951a1,Ahmedabad,ssp585,late_2080s,2088,perimeter_top_zn_3,perimeter,top,north,25.33266575958823,27.50812330577827,26.42039453268325,30.06145110923903,2.175457546190033,51.89550910620787,0.1596470947406209,0.4288363291416317,30.14248084291188,0.13404442326878724,0.02560267147183364
54dcff04b8f8dcf0003c4f69941be2d5ae5b63318642e5659ae176538fc951a1,Ahmedabad,ssp585,late_2080s,2088,perimeter_top_zn_4,perimeter,top,west,24.74644994026187,27.682269874111196,26.214359907186534,29.373291987826228,2.9358199338493334,53.51428698650104,0.13217949400612938,0.37082353606820107,22.32998084291188,0.10598005560361441,0.026199438402514975
558cf65dcbed838d757374ab58e8ce1b323bb8299a4682bcef7aaa201ce5bfbe,Phoenix,ssp585,late_2080s,2081,core_bottom,core,bottom,core,24.465783338352995,26.604981711828472,25.535382525090732,27.54728217536276,2.1391983734754745,40.01892806388972,0.10815779925554846,0.2641083523631096,9.889846743295019,0.07652666160040196,0.0316311376551465
558cf65dcbed838d757374ab58e8ce1b323bb8299a4682bcef7aaa201ce5bfbe,Phoenix,ssp585,late_2080s,2081,core_mid,core,middle,core,24.849452296997892,26.47733114230446,25.663391719651177,28.258978528201446,1.6278788453065742,41.05477273021349,0.1284972148392884,0.3750436492264271,20.02514367816092,0.10005084121594442,0.028446373623343974
558cf65dcbed838d757374ab58e8ce1b323bb8299a4682bcef7aaa201ce5bfbe,Phoenix,ssp585,late_2080s,2081,core_top,core,top,core,24.766494109276373,26.522024540154636,25.644259324715506,28.341175232598857,1.7555304308782622,40.64547287840252,0.1293946751071814,0.3750436492264271,19.414511494252874,0.10072842651985495,0.028666248587326443
558cf65dcbed838d757374ab58e8ce1b323bb8299a4682bcef7aaa201ce5bfbe,Phoenix,ssp585,late_2080s,2081,perimeter_bot_zn_1,perimeter,bottom,south,25.826273429793613,28.181384056828552,27.00382874331108,30.731464874141366,2.3551106270349456,37.221114061052674,0.23928996930877908,0.6147761367144962,44.612068965517246,0.21971886971732602,0.019571099591453048
558cf65dcbed838d757374ab58e8ce1b323bb8299a4682bcef7aaa201ce5bfbe,Phoenix,ssp585,late_2080s,2081,perimeter_bot_zn_2,perimeter,bottom,east,24.623842403434722,27.200441184301955,25.91214179386834,28.766442181523008,2.576598780867229,40.275303512014716,0.1443037211958159,0.42446175310760736,21.16259578544061,0.11694221680416766,0.027361504391648216
558cf65dcbed838d757374ab58e8ce1b323bb8299a4682bcef7aaa201ce5bfbe,Phoenix,ssp585,late_2080s,2081,perimeter_bot_zn_3,perimeter,bottom,north,24.8230659882276,26.43104245438589,25.627054221306746,28.574312750920647,1.6079764661582916,40.50952134328023,0.14209953792455038,0.3775457739830017,24.060105363984675,0.11328118616788446,0.028818351756665927
558cf65dcbed838d757374ab58e8ce1b323bb8299a4682bcef7aaa201ce5bfbe,Phoenix,ssp585,late_2080s,2081,perimeter_bot_zn_4,perimeter,bottom,west,24.53269482420921,27.154936641114883,25.843815732662048,28.768404763123254,2.622241816905673,40.59503010955455,0.1356215957400877,0.42446175310760736,17.379070881226053,0.10773863558878478,0.027882960151302916
558cf65dcbed838d757374ab58e8ce1b323bb8299a4682bcef7aaa201ce5bfbe,Phoenix,ssp585,late_2080s,2081,perimeter_mid_zn_1,perimeter,middle,south,25.409345203523834,28.0107229154761,26.710034059499968,29.910071838507534,2.6013777119522636,39.116354522441185,0.2141281115785752,0.5259472141042352,41.564894636015325,0.1926076271097529,0.02152048446882228
558cf65dcbed838d757374ab58e8ce1b323bb8299a4682bcef7aaa201ce5bfbe,Phoenix,ssp585,late_2080s,2081,perimeter_mid_zn_2,perimeter,middle,east,24.58181203801849,27.30132284485326,25.941567441435875,29.02117661352689,2.719510806834772,41.16068873826028,0.14345043867784812,0.43340337369591,19.749760536398465,0.11639747014154378,0.027052968536304345
558cf65dcbed838d757374ab58e8ce1b323bb8299a4682bcef7aaa201ce5bfbe,Phoenix,ssp585,late_2080s,2081,perimeter_mid_zn_3,perimeter,middle,north,24.9903137596244,26.81885386868833,25.904583814156364,29.066755148593177,1.8285401090639297,40.70906413342664,0.15717409240244207,0.43340337369591,26.478687739463602,0.1306803320434504,0.026493760358991696
558cf65dcbed838d757374ab58e8ce1b323bb8299a4682bcef7aaa201ce5bfbe,Phoenix,ssp585,late_2080s,2081,perimeter_mid_zn_4,perimeter,middle,west,24.53801991451408,27.290527719500567,25.914273817007324,29.43508598173849,2.7525078049864877,41.59135666153706,0.1377012111435928,0.5213801695499569,16.19971264367816,0.10994238084504628,0.02775883029854653
558cf65dcbed838d757374ab58e8ce1b323bb8299a4682bcef7aaa201ce5bfbe,Phoenix,ssp585,late_2080s,2081,perimeter_top_zn_1,perimeter,top,south,25.244203574779334,27.976851067875753,26.61052732132754,29.883465576323403,2.732647493096418,38.945652493875265,0.20789011078666458,0.5274207787588239,39.21815134099617,0.18572098426511904,0.02216912652154554
558cf65dcbed838d757374ab58e8ce1b323bb8299a4682bcef7aaa201ce5bfbe,Phoenix,ssp585,late_2080s,2081,perimeter_top_zn_2,perimeter,top,east,24.633309576729182,27.396296284114495,26.014802930421844,29.165727692181942,2.762986707385312,40.777772689371524,0.1539332658287366,0.45902225747704506,22.497605363984675,0.1275311936265847,0.026402072202151895
558cf65dcbed838d757374ab58e8ce1b323bb8299a4682bcef7aaa201ce5bfbe,Phoenix,ssp585,late_2080s,2081,perimeter_top_zn_3,perimeter,top,north,24.899282328495918,26.837406236989473,25.868344282742694,29.12964095540013,1.9381239084935549,40.44358187759243,0.15733639897004592,0.4372137524187565,26.191331417624518,0.1304476829799886,0.026888715990057318
558cf65dcbed838d757374ab58e8ce1b323bb8299a4682bcef7aaa201ce5bfbe,Phoenix,ssp585,late_2080s,2081,perimeter_top_zn_4,perimeter,top,west,24.51497639813803,27.330141280931024,25.922558839534524,29.674697165121763,2.815164882792992,41.24068209507456,0.14119219386925771,0.5213801695499569,16.564894636015325,0.11328789393448313,0.027904299934774567
5632d50b13a25a2a639581e27edff67a5684a52ea36eb9f6a1d3b0612b28ae9f,Ahmedabad,ssp585,mid_2050s,2051,core_bottom,core,bottom,core,24.67632221862642,26.82939444321317,25.752858330919793,27.740913710034224,2.1530722245867553,49.35959134065449,0.10003542931082143,0.25947653129696846,8.117816091954024,0.07080073049799333,0.029234698812828096
5632d50b13a25a2a639581e27edff67a5684a52ea36eb9f6a1d3b0612b28ae9f,Ahmedabad,ssp585,mid_2050s,2051,core_mid,core,middle,core,25.07734318971146,26.69493826951318,25.88614072961232,28.346568263901656,1.617595079801722,50.79077146086479,0.11625670435171244,0.3101632185280323,16.343390804597703,0.089084616069855,0.02717208828185743
5632d50b13a25a2a639581e27edff67a5684a52ea36eb9f6a1d3b0612b28ae9f,Ahmedabad,ssp585,mid_2050s,2051,core_top,core,top,core,24.820830300460678,26.639409134103424,25.730119717282054,28.2088171360931,1.8185788336427429,50.20714668692284,0.10752586451282097,0.3006022172048688,13.757183908045977,0.07901933355745547,0.02850653095536549
5632d50b13a25a2a639581e27edff67a5684a52ea36eb9f6a1d3b0612b28ae9f,Ahmedabad,ssp585,mid_2050s,2051,perimeter_bot_zn_1,perimeter,bottom,south,26.297391840846874,28.336378473811504,27.316885157329185,29.984281379544488,2.038986632964632,49.55590211511676,0.23347687307665824,0.5243842436466366,52.33477011494253,0.21458322900638227,0.01889364407027597
5632d50b13a25a2a639581e27edff67a5684a52ea36eb9f6a1d3b0612b28ae9f,Ahmedabad,ssp585,mid_2050s,2051,perimeter_bot_zn_2,perimeter,bottom,east,24.611318349740667,27.23586694370864,25.923592646724654,28.215940391140727,2.624548593967974,50.24939784348716,0.11229029415214124,0.2975656820926815,12.793342911877396,0.08430245709827418,0.02798783705386706
5632d50b13a25a2a639581e27edff67a5684a52ea36eb9f6a1d3b0612b28ae9f,Ahmedabad,ssp585,mid_2050s,2051,perimeter_bot_zn_3,perimeter,bottom,north,24.930859777740803,26.738855290635907,25.834857534188355,28.352111811707683,1.8079955128951044,49.84600105384103,0.11346368606756113,0.3059431053698063,14.307950191570882,0.08573707887753211,0.027726607190029024
5632d50b13a25a2a639581e27edff67a5684a52ea36eb9f6a1d3b0612b28ae9f,Ahmedabad,ssp585,mid_2050s,2051,perimeter_bot_zn_4,perimeter,bottom,west,24.476983946179303,27.115490462275503,25.796237204227403,27.908332101353082,2.638506516096202,50.71812261960848,0.10385429943823138,0.27900369837880135,10.704022988505747,0.07505821128025914,0.02879608815797224
5632d50b13a25a2a639581e27edff67a5684a52ea36eb9f6a1d3b0612b28ae9f,Ahmedabad,ssp585,mid_2050s,2051,perimeter_mid_zn_1,perimeter,middle,south,25.927752729310626,28.224146414525542,27.075949571918084,29.809931764001472,2.29639368521492,48.501854668990006,0.21573323320068968,0.5243842436466366,45.30651340996169,0.1951847116070821,0.0205485215936076
5632d50b13a25a2a639581e27edff67a5684a52ea36eb9f6a1d3b0612b28ae9f,Ahmedabad,ssp585,mid_2050s,2051,perimeter_mid_zn_2,perimeter,middle,east,24.59684792448361,27.36966076211752,25.983254343300565,28.547020655295267,2.772812837633917,51.77361596392873,0.11706368654686021,0.3101632185280323,16.29549808429119,0.08994737339205594,0.02711631315480427
5632d50b13a25a2a639581e27edff67a5684a52ea36eb9f6a1d3b0612b28ae9f,Ahmedabad,ssp585,mid_2050s,2051,perimeter_mid_zn_3,perimeter,middle,north,25.116317217423607,27.104182062234514,26.110249639829057,29.02576446815502,1.987864844810907,50.75073089475222,0.1330928439796571,0.36701315734535456,22.32998084291188,0.10695483205957967,0.026138011920077402
5632d50b13a25a2a639581e27edff67a5684a52ea36eb9f6a1d3b0612b28ae9f,Ahmedabad,ssp585,mid_2050s,2051,perimeter_mid_zn_4,perimeter,middle,west,24.50932002991842,27.28928231661265,25.899301173265535,28.38292888765568,2.7799622866942237,52.30879879053808,0.11054134085549508,0.3101632185280323,14.254070881226053,0.08306610723684223,0.027475233618652856
5632d50b13a25a2a639581e27edff67a5684a52ea36eb9f6a1d3b0612b28ae9f,Ahmedabad,ssp585,mid_2050s,2051,perimeter_top_zn_1,perimeter,top,south,25.522621775283525,28.05028618822169,26.786453981752604,29.572037879815117,2.527664412938164,48.32883186504473,0.19229596597209422,0.45521187875419855,38.72725095785441,0.1697302413410757,0.02256572463101854
5632d50b13a25a2a639581e27edff67a5684a52ea36eb9f6a1d3b0612b28ae9f,Ahmedabad,ssp585,mid_2050s,2051,perimeter_top_zn_2,perimeter,top,east,24.563696428809934,27.40162520459884,25.98266081670439,28.6594392881205,2.8379287757889062,50.963281589057154,0.11794817314728377,0.3101632185280323,15.888409961685824,0.09069429632696462,0.027253876820319156
5632d50b13a25a2a639581e27edff67a5684a52ea36eb9f6a1d3b0612b28ae9f,Ahmedabad,ssp585,mid_2050s,2051,perimeter_top_zn_3,perimeter,top,north,24.9075648736832,27.04631532522685,25.976940099455028,28.92077327289733,2.1387504515436544,50.209837152362354,0.12495860420988988,0.36548264790326357,18.773946360153257,0.09780588952942226,0.027152714680467614
5632d50b13a25a2a639581e27edff67a5684a52ea36eb9f6a1d3b0612b28ae9f,Ahmedabad,ssp585,mid_2050s,2051,perimeter_top_zn_4,perimeter,top,west,24.42773258017953,27.282739661049867,25.8552361206147,28.384375182800913,2.855007080870337,51.49369932181818,0.10812105196936816,0.3101632185280323,13.044779693486591,0.0802600957161432,0.027860956253224968
57af24721a56f7b40801c76e1b5680bffdcc9d48cdee360aa6f38b9608f731ba,Guangzhou,ssp585,baseline_2020s,2026,core_bottom,core,bottom,core,24.47038367418716,26.371467659895316,25.42092566704124,27.263111038202787,1.9010839857081534,48.089492742424575,0.08770596780204276,0.18748648837208748,3.5261015325670497,0.05845237955971981,0.029253588242322954
57af24721a56f7b40801c76e1b5680bffdcc9d48cdee360aa6f38b9608f731ba,Guangzhou,ssp585,baseline_2020s,2026,core_mid,core,middle,core,24.683971855712702,26.07308050017108,25.378526177941886,27.8670179143003,1.3891086444583782,49.51190749663708,0.09068945888297464,0.25947653129696846,7.7526340996168575,0.06162030424947683,0.029069154633497806
57af24721a56f7b40801c76e1b5680bffdcc9d48cdee360aa6f38b9608f731ba,Guangzhou,ssp585,baseline_2020s,2026,core_top,core,top,core,24.472164980475075,25.949778117436804,25.210971548955936,27.803911676805956,1.4776131369617276,49.08964093227019,0.08539243051824624,0.25947653129696846,6.645114942528736,0.054817197153699794,0.030575233364546442
57af24721a56f7b40801c76e1b5680bffdcc9d48cdee360aa6f38b9608f731ba,Guangzhou,ssp585,baseline_2020s,2026,perimeter_bot_zn_1,perimeter,bottom,south,24.892404886487146,26.613118914032558,25.75276190025985,28.519973730519588,1.7207140275454118,52.655041069713825,0.12742677553241513,0.3059431053698063,22.910680076628353,0.10010340250894727,0.02732337302346785
57af24721a56f7b40801c76e1b5680bffdcc9d48cdee360aa6f38b9608f731ba,Guangzhou,ssp585,baseline_2020s,2026,perimeter_bot_zn_2,perimeter,bottom,east,24.209294998525092,26.04772991475839,25.128512456641747,27.26057649763206,1.8384349162332996,50.827618575665404,0.08081894434646278,0.18748648837208748,3.867337164750958,0.0492833573308727,0.03153558701559008
57af24721a56f7b40801c76e1b5680bffdcc9d48cdee360aa6f38b9608f731ba,Guangzhou,ssp585,baseline_2020s,2026,perimeter_bot_zn_3,perimeter,bottom,north,24.539534416648877,26.007894280748676,25.273714348698775,27.854485030535102,1.468359864099798,49.826651687584246,0.09338237833924659,0.25947653129696846,7.357519157088123,0.06285866678680581,0.030523711552440793
57af24721a56f7b40801c76e1b5680bffdcc9d48cdee360aa6f38b9608f731ba,Guangzhou,ssp585,baseline_2020s,2026,perimeter_bot_zn_4,perimeter,bottom,west,24.1793822967815,26.147433345085776,25.163407820933642,27.057799602452903,1.9680510483042744,50.69816938306444,0.07974532856989537,0.1872413046658039,2.957375478927203,0.048488299129642295,0.03125702944025308
57af24721a56f7b40801c76e1b5680bffdcc9d48cdee360aa6f38b9608f731ba,Guangzhou,ssp585,baseline_2020s,2026,perimeter_mid_zn_1,perimeter,middle,south,24.964059035276673,26.823330610574885,25.893694822925777,28.77906428204286,1.859271575298209,48.802457768144265,0.12410898281214937,0.3101632185280323,17.64248084291188,0.09792852340514996,0.026180459406999406
57af24721a56f7b40801c76e1b5680bffdcc9d48cdee360aa6f38b9608f731ba,Guangzhou,ssp585,baseline_2020s,2026,perimeter_mid_zn_2,perimeter,middle,east,24.256583216506424,26.304765168116838,25.280674192311633,27.579639068787962,2.048181951610409,50.9700335974108,0.08711721703776289,0.25947653129696846,6.950431034482758,0.056883664424203326,0.030233552613559558
57af24721a56f7b40801c76e1b5680bffdcc9d48cdee360aa6f38b9608f731ba,Guangzhou,ssp585,baseline_2020s,2026,perimeter_mid_zn_3,perimeter,middle,north,24.70304646563331,26.35752482834634,25.530285646989824,28.57354817839186,1.654478362713029,49.86997720530011,0.10588735436068206,0.3006022172048688,12.55387931034483,0.07737064845325876,0.028516705907423293
57af24721a56f7b40801c76e1b5680bffdcc9d48cdee360aa6f38b9608f731ba,Guangzhou,ssp585,baseline_2020s,2026,perimeter_mid_zn_4,perimeter,middle,west,24.21697298417819,26.382605518310527,25.29978925124436,27.391788004251648,2.165632534132337,51.201647563931026,0.08625176019100847,0.2034426648169756,6.184147509578544,0.056191754390680054,0.030060005800328415
57af24721a56f7b40801c76e1b5680bffdcc9d48cdee360aa6f38b9608f731ba,Guangzhou,ssp585,baseline_2020s,2026,perimeter_top_zn_1,perimeter,top,south,24.677096902072616,26.643902062102306,25.66049948208746,28.64376246595782,1.966805160029691,48.65565447947125,0.11075473159052172,0.30947739630937576,12.72749042145594,0.08288200933093043,0.027872722259591292
57af24721a56f7b40801c76e1b5680bffdcc9d48cdee360aa6f38b9608f731ba,Guangzhou,ssp585,baseline_2020s,2026,perimeter_top_zn_2,perimeter,top,east,24.208950517186032,26.26046005843154,25.234705287808787,27.754650885897615,2.0515095412455064,50.55377920466111,0.08710197047053897,0.25947653129696846,6.8486590038314175,0.05633078328902714,0.030771187181511832
57af24721a56f7b40801c76e1b5680bffdcc9d48cdee360aa6f38b9608f731ba,Guangzhou,ssp585,baseline_2020s,2026,perimeter_top_zn_3,perimeter,top,north,24.49875399576903,26.22678173658639,25.362767866177713,28.45555798350599,1.7280277408173577,49.56764288693526,0.09891737063350506,0.29288436844944954,9.931752873563218,0.06889910851751313,0.03001826211599193
57af24721a56f7b40801c76e1b5680bffdcc9d48cdee360aa6f38b9608f731ba,Guangzhou,ssp585,baseline_2020s,2026,perimeter_top_zn_4,perimeter,top,west,24.13704725720105,26.310093491155676,25.22357037417836,27.390540334445134,2.1730462339546266,50.634487630422825,0.08516130742530365,0.20338673433288879,6.184147509578544,0.05426785393925366,0.03089345348604999
5a3b9c49e2be9cd99bb25335b8b91576c19cab3823bd589d20597830e99ff85b,Kolkata,ssp585,baseline_2020s,2027,core_bottom,core,bottom,core,24.51696795011286,26.51530691264878,25.51613743138082,27.240312784551893,1.9983389625359225,50.87079622097267,0.08764004529893661,0.19891560450196266,4.873084291187739,0.05785110299473261,0.029788942304204
5a3b9c49e2be9cd99bb25335b8b91576c19cab3823bd589d20597830e99ff85b,Kolkata,ssp585,baseline_2020s,2027,core_mid,core,middle,core,24.771978295748863,26.267464112523896,25.51972120413638,27.952642964620246,1.4954858167750305,51.90198662703227,0.09366205646234671,0.27900369837880135,9.614463601532568,0.0646020131318012,0.02906004333054552
5a3b9c49e2be9cd99bb25335b8b91576c19cab3823bd589d20597830e99ff85b,Kolkata,ssp585,baseline_2020s,2027,core_top,core,top,core,24.58147699493319,26.21519534456765,25.39833616975042,27.990013495967965,1.6337183496344632,51.41085402087931,0.09019297870123633,0.27900369837880135,9.285201149425287,0.060078928351912544,0.030114050349323778
5a3b9c49e2be9cd99bb25335b8b91576c19cab3823bd589d20597830e99ff85b,Kolkata,ssp585,baseline_2020s,2027,perimeter_bot_zn_1,perimeter,bottom,south,25.322182162858336,27.188965319753965,26.255573741306147,28.860995640065905,1.8667831568956226,55.6817939612416,0.1406466182335193,0.3141811324749142,26.311063218390807,0.11655634146837618,0.024090276765143116
5a3b9c49e2be9cd99bb25335b8b91576c19cab3823bd589d20597830e99ff85b,Kolkata,ssp585,baseline_2020s,2027,perimeter_bot_zn_2,perimeter,bottom,east,24.30680118277647,26.4062832926877,25.356542237732082,27.198258585816816,2.0994821099112326,52.749970910710665,0.08198612749240258,0.2014177292585373,5.010775862068965,0.051784890518306086,0.03020123697409649
5a3b9c49e2be9cd99bb25335b8b91576c19cab3823bd589d20597830e99ff85b,Kolkata,ssp585,baseline_2020s,2027,perimeter_bot_zn_3,perimeter,bottom,north,24.632720611792575,26.304691418200875,25.468706014996723,27.701697015988696,1.6719708064082999,51.90378867131657,0.09007095724039388,0.25947653129696846,7.0102969348659006,0.06113115140041551,0.028939805839978378
5a3b9c49e2be9cd99bb25335b8b91576c19cab3823bd589d20597830e99ff85b,Kolkata,ssp585,baseline_2020s,2027,perimeter_bot_zn_4,perimeter,bottom,west,24.2144132596182,26.32092280144125,25.267668030529723,26.87643587148246,2.1065095418230473,53.058347200870074,0.07712742923529216,0.12806176021695137,3.5859674329501914,0.045996344595725144,0.031131084639567014
5a3b9c49e2be9cd99bb25335b8b91576c19cab3823bd589d20597830e99ff85b,Kolkata,ssp585,baseline_2020s,2027,perimeter_mid_zn_1,perimeter,middle,south,25.244529188837664,27.293833112996307,26.269181150916985,29.159872739793155,2.049303924158642,50.532627228845335,0.14432597233965913,0.36701315734535456,25.460967432950195,0.11978417345392027,0.024541798885738864
5a3b9c49e2be9cd99bb25335b8b91576c19cab3823bd589d20597830e99ff85b,Kolkata,ssp585,baseline_2020s,2027,perimeter_mid_zn_2,perimeter,middle,east,24.355178922168054,26.643347783669576,25.499263352918817,27.696285717342754,2.2881688615015223,53.038495446324134,0.09005492725691686,0.25947653129696846,8.165708812260537,0.06029846884535048,0.029756458411566374
5a3b9c49e2be9cd99bb25335b8b91576c19cab3823bd589d20597830e99ff85b,Kolkata,ssp585,baseline_2020s,2027,perimeter_mid_zn_3,perimeter,middle,north,24.791619831088298,26.643256911072992,25.717438371080643,28.566291202222335,1.8516370799846995,51.97332975510135,0.10566131547145521,0.2975656820926815,12.877155172413794,0.07770722326362046,0.02795409220783475
5a3b9c49e2be9cd99bb25335b8b91576c19cab3823bd589d20597830e99ff85b,Kolkata,ssp585,baseline_2020s,2027,perimeter_mid_zn_4,perimeter,middle,west,24.27780095114845,26.57991335546294,25.42885715330569,27.410681345030188,2.3021124043144834,53.507147369638744,0.08500335473799242,0.24687899486161768,6.603208812260536,0.054956161688368275,0.03004719304962414
5a3b9c49e2be9cd99bb25335b8b91576c19cab3823bd589d20597830e99ff85b,Kolkata,ssp585,baseline_2020s,2027,perimeter_top_zn_1,perimeter,top,south,24.938672617508615,27.15134611430789,26.045009365908253,29.074131866416263,2.212673496799277,50.40169058576028,0.12806358191486497,0.3624461127910763,19.65397509578544,0.10202667202389713,0.026036909890967852
5a3b9c49e2be9cd99bb25335b8b91576c19cab3823bd589d20597830e99ff85b,Kolkata,ssp585,baseline_2020s,2027,perimeter_top_zn_2,perimeter,top,east,24.351746257167537,26.673176357051023,25.51246130710928,27.955429120492106,2.3214300998834845,52.430857995793204,0.0920925399600091,0.27900369837880135,9.333093869731801,0.06228757522506479,0.029804964734944317
5a3b9c49e2be9cd99bb25335b8b91576c19cab3823bd589d20597830e99ff85b,Kolkata,ssp585,baseline_2020s,2027,perimeter_top_zn_3,perimeter,top,north,24.622429825379708,26.582210755050504,25.602320290215104,28.56240408261323,1.9597809296707907,51.578297528420855,0.10103964157479679,0.3021327266469598,11.907327586206897,0.07216905761915804,0.028870583955638764
5a3b9c49e2be9cd99bb25335b8b91576c19cab3823bd589d20597830e99ff85b,Kolkata,ssp585,baseline_2020s,2027,perimeter_top_zn_4,perimeter,top,west,24.23189004336912,26.57573474452065,25.403812393944886,27.440996350887648,2.343844701151526,52.83651667382236,0.08462629450199201,0.25947653129696846,6.872605363984674,0.05443591909838565,0.03019037540360636
5b3ec10bd62d85baf976fafa1876e95917501b8ea6d3bc5d1dbc2770f1263686,Beijing,ssp245,near_2030s,2039,core_bottom,core,bottom,core,24.039051305453313,25.485020088266893,24.762035696860107,25.59354329019283,1.4459687828135777,31.189983856775857,0.09881968985915954,0.1792108127847314,0.8261494252873564,0.07644498454024605,0.02237470531891349
5b3ec10bd62d85baf976fafa1876e95917501b8ea6d3bc5d1dbc2770f1263686,Beijing,ssp245,near_2030s,2039,core_mid,core,middle,core,23.91422295160458,24.83682513024587,24.375524040925225,25.629569056126524,0.9226021786412869,32.82633447969398,0.07968245386322192,0.1220385767519474,0.46096743295019155,0.054734071171610575,0.024948382691611353
5b3ec10bd62d85baf976fafa1876e95917501b8ea6d3bc5d1dbc2770f1263686,Beijing,ssp245,near_2030s,2039,core_top,core,top,core,23.630985823652583,24.43675197619419,24.033868899923384,25.232442738719243,0.8057661525416087,32.85236576383369,0.07545147320223076,0.1114867702126503,0.3232758620689655,0.04761188199793361,0.027839591204297152
5b3ec10bd62d85baf976fafa1876e95917501b8ea6d3bc5d1dbc2770f1263686,Beijing,ssp245,near_2030s,2039,perimeter_bot_zn_1,perimeter,bottom,south,23.096588114911743,24.995032729559497,24.04581042223562,26.1197794975674,1.898444614647752,33.59785733506141,0.0831440922037302,0.12806176021695137,0.8022030651340997,0.05521584229756341,0.02792824990616679
5b3ec10bd62d85baf976fafa1876e95917501b8ea6d3bc5d1dbc2770f1263686,Beijing,ssp245,near_2030s,2039,perimeter_bot_zn_2,perimeter,bottom,east,23.407034136794667,24.395908811710598,23.90147147425263,25.509927629837936,0.9888746749159283,34.940959838973704,0.07389952753063013,0.0919598862528801,0.11973180076628352,0.043608945409028696,0.030290582121601434
5b3ec10bd62d85baf976fafa1876e95917501b8ea6d3bc5d1dbc2770f1263686,Beijing,ssp245,near_2030s,2039,perimeter_bot_zn_3,perimeter,bottom,north,23.307435762962093,23.885964483307678,23.596700123134884,25.55476621264734,0.5785287203455849,35.01246436226071,0.0705386654372814,0.0919598862528801,0.101772030651341,0.03744004639708597,0.03309861904019543
5b3ec10bd62d85baf976fafa1876e95917501b8ea6d3bc5d1dbc2770f1263686,Beijing,ssp245,near_2030s,2039,perimeter_bot_zn_4,perimeter,bottom,west,23.45804789450462,24.580066594197795,24.01905724435121,25.66150355001432,1.1220186996931747,34.660409132578515,0.07503428236599004,0.0935356356203556,0.047892720306513405,0.045468811505635615,0.02956547086035442
5b3ec10bd62d85baf976fafa1876e95917501b8ea6d3bc5d1dbc2770f1263686,Beijing,ssp245,near_2030s,2039,perimeter_mid_zn_1,perimeter,middle,south,23.73664115030688,25.423548458251194,24.58009480427904,26.17214811363158,1.6869073079443127,31.827173093541038,0.10161394119522009,0.20557191967964172,5.687260536398467,0.07707428772419948,0.024539653471020613
5b3ec10bd62d85baf976fafa1876e95917501b8ea6d3bc5d1dbc2770f1263686,Beijing,ssp245,near_2030s,2039,perimeter_mid_zn_2,perimeter,middle,east,23.456327953278688,24.66144237726999,24.05888516527434,25.713580232608646,1.2051144239912994,33.60838138142705,0.07666538802955265,0.10602605529129505,0.37116858237547895,0.048327768489063214,0.028337619540489446
5b3ec10bd62d85baf976fafa1876e95917501b8ea6d3bc5d1dbc2770f1263686,Beijing,ssp245,near_2030s,2039,perimeter_mid_zn_3,perimeter,middle,north,23.429324307075476,24.278710445679557,23.85401737637752,25.822817788217215,0.8493861386040891,34.00853601965164,0.07523214386907001,0.0919598862528801,0.7962164750957854,0.045166653473859286,0.030065490395210726
5b3ec10bd62d85baf976fafa1876e95917501b8ea6d3bc5d1dbc2770f1263686,Beijing,ssp245,near_2030s,2039,perimeter_mid_zn_4,perimeter,middle,west,23.48776222773017,24.802024236003355,24.144893231866757,25.87973467120793,1.3142620082731866,33.747248672961135,0.07931712861315586,0.11781846359372139,0.28735632183908044,0.051192562915690305,0.028124565697465558
5b3ec10bd62d85baf976fafa1876e95917501b8ea6d3bc5d1dbc2770f1263686,Beijing,ssp245,near_2030s,2039,perimeter_top_zn_1,perimeter,top,south,23.56037583299002,25.10590021254234,24.333138022766175,25.991282759134236,1.5455243795523146,31.933355005619322,0.09419638830324012,0.19350879359990358,4.064894636015326,0.06796586816617282,0.026230520137067295
5b3ec10bd62d85baf976fafa1876e95917501b8ea6d3bc5d1dbc2770f1263686,Beijing,ssp245,near_2030s,2039,perimeter_top_zn_2,perimeter,top,east,23.275723720139766,24.344755968439713,23.81023984428974,25.71623500248931,1.0690322482999457,34.191831872028374,0.0753936388990815,0.0919598862528801,0.4789272030651341,0.04419357825520669,0.03120006064387481
5b3ec10bd62d85baf976fafa1876e95917501b8ea6d3bc5d1dbc2770f1263686,Beijing,ssp245,near_2030s,2039,perimeter_top_zn_3,perimeter,top,north,23.195601820834046,23.92547749442718,23.56053965763061,25.450521456091476,0.7298756735931334,34.029776368027406,0.07419583799107396,0.0919598862528801,0.7303639846743295,0.040972650436157276,0.03322318755491669
5b3ec10bd62d85baf976fafa1876e95917501b8ea6d3bc5d1dbc2770f1263686,Beijing,ssp245,near_2030s,2039,perimeter_top_zn_4,perimeter,top,west,23.289371442832707,24.466729767790557,23.878050605311632,25.935393338428835,1.177358324957854,33.843288876373315,0.07784469577991086,0.11452881433069706,0.24545019157088122,0.04708819414422735,0.030756501635683522
5b7f2c881e01fe46cf784e7a843b60f5e7447539393e269719b792b9501ad621,Phoenix,ssp245,baseline_2020s,2026,core_bottom,core,bottom,core,24.10265908178384,26.159780440966635,25.131219761375238,25.943771050720486,2.0571213591827964,34.22612254309918,0.08734515178734543,0.12450248375535011,0.1257183908045977,0.0577069069993155,0.029638244788029938
5b7f2c881e01fe46cf784e7a843b60f5e7447539393e269719b792b9501ad621,Phoenix,ssp245,baseline_2020s,2026,core_mid,core,middle,core,24.276184052557134,25.870795119280576,25.073489585918857,26.743340400981744,1.5946110667234439,35.391121423631205,0.08714966206938544,0.14763779193162918,2.813697318007663,0.05777170827028643,0.029377953799099014
5b7f2c881e01fe46cf784e7a843b60f5e7447539393e269719b792b9501ad621,Phoenix,ssp245,baseline_2020s,2026,core_top,core,top,core,24.202902782872414,25.855030223494314,25.02896650318336,26.637770016904298,1.6521274406218995,35.23667809026513,0.08717231914810349,0.1326935812830925,2.65205938697318,0.05751528450544572,0.02965703464265776
5b7f2c881e01fe46cf784e7a843b60f5e7447539393e269719b792b9501ad621,Phoenix,ssp245,baseline_2020s,2026,perimeter_bot_zn_1,perimeter,bottom,south,24.88074047320292,27.33276302449293,26.10675174884792,28.749959454458295,2.452022551290008,32.541342241981376,0.15638213156337724,0.3775457739830017,23.886494252873565,0.13478641733642038,0.02159571422695687
5b7f2c881e01fe46cf784e7a843b60f5e7447539393e269719b792b9501ad621,Phoenix,ssp245,baseline_2020s,2026,perimeter_bot_zn_2,perimeter,bottom,east,24.13202753154907,26.562319290754672,25.34717341115187,27.214556196713232,2.4302917592056077,34.96561280021601,0.0989647790668143,0.2030697949230671,5.441810344827586,0.07179939124804129,0.027165387818773017
5b7f2c881e01fe46cf784e7a843b60f5e7447539393e269719b792b9501ad621,Phoenix,ssp245,baseline_2020s,2026,perimeter_bot_zn_3,perimeter,bottom,north,24.139782502253357,25.658590273447615,24.899186387850484,26.78031035078498,1.5188077711942554,35.78348741553004,0.08828597965687504,0.14655067399144173,3.7176724137931036,0.05721390144884991,0.03107207820802513
5b7f2c881e01fe46cf784e7a843b60f5e7447539393e269719b792b9501ad621,Phoenix,ssp245,baseline_2020s,2026,perimeter_bot_zn_4,perimeter,bottom,west,24.109393951761692,26.562965216063343,25.336179583912518,27.022422484426738,2.4535712643016487,35.17044234709592,0.09769116557915553,0.19256429560482502,4.765325670498084,0.0704919060714939,0.027199259507661628
5b7f2c881e01fe46cf784e7a843b60f5e7447539393e269719b792b9501ad621,Phoenix,ssp245,baseline_2020s,2026,perimeter_mid_zn_1,perimeter,middle,south,24.74826326841326,27.28923011535849,26.018746691885877,28.663844122261285,2.5409668469452287,33.8150707598022,0.15267423502417043,0.393792349845171,23.425526819923373,0.12971621233553107,0.02295802268863937
5b7f2c881e01fe46cf784e7a843b60f5e7447539393e269719b792b9501ad621,Phoenix,ssp245,baseline_2020s,2026,perimeter_mid_zn_2,perimeter,middle,east,24.115396843853393,26.653281786914782,25.384339315384086,27.128295924406242,2.537884943061388,35.211345743786204,0.09940704328943946,0.2030697949230671,5.142480842911877,0.07282717406677913,0.026579869222660327
5b7f2c881e01fe46cf784e7a843b60f5e7447539393e269719b792b9501ad621,Phoenix,ssp245,baseline_2020s,2026,perimeter_mid_zn_3,perimeter,middle,north,24.270063586358592,26.020592813659665,25.145328200009125,27.22902180096803,1.7505292273010722,35.51724873926958,0.09623624385175428,0.20557191967964172,5.956657088122606,0.06821140767090955,0.028024836180844725
5b7f2c881e01fe46cf784e7a843b60f5e7447539393e269719b792b9501ad621,Phoenix,ssp245,baseline_2020s,2026,perimeter_mid_zn_4,perimeter,middle,west,24.139407299712367,26.68769835960317,25.41355282965777,27.56632761245678,2.548291059890805,35.51369535771649,0.10404040146913131,0.2619786560535431,6.974377394636015,0.07731232472465256,0.026728076744478746
5b7f2c881e01fe46cf784e7a843b60f5e7447539393e269719b792b9501ad621,Phoenix,ssp245,baseline_2020s,2026,perimeter_top_zn_1,perimeter,top,south,24.57329068123081,27.199334465189263,25.886312573210038,28.403980891219078,2.6260437839584574,33.81768730628241,0.14432917985677043,0.3750436492264271,20.94109195402299,0.12084999420842686,0.02347918564834357
5b7f2c881e01fe46cf784e7a843b60f5e7447539393e269719b792b9501ad621,Phoenix,ssp245,baseline_2020s,2026,perimeter_top_zn_2,perimeter,top,east,24.08804661365006,26.65691274283313,25.372479678241596,27.282949366693376,2.5688661291830623,35.25808665558705,0.10164622757114404,0.20557191967964172,6.148227969348659,0.0749307212047814,0.026715506366362628
5b7f2c881e01fe46cf784e7a843b60f5e7447539393e269719b792b9501ad621,Phoenix,ssp245,baseline_2020s,2026,perimeter_top_zn_3,perimeter,top,north,24.17343185873485,25.983268750261164,25.078350304498006,27.154320345820533,1.8098368915263139,35.4832314682429,0.09630091015776761,0.2030697949230671,5.56154214559387,0.06742675127541839,0.028874158882349215
5b7f2c881e01fe46cf784e7a843b60f5e7447539393e269719b792b9501ad621,Phoenix,ssp245,baseline_2020s,2026,perimeter_top_zn_4,perimeter,top,west,24.098170598282387,26.66884231734702,25.3835064578147,27.825320690877472,2.5706717190646295,35.4284620551876,0.10748500257135975,0.29506710497662114,7.920258620689655,0.08022478691117581,0.02726021566018393
6093571170bd3ee0ac7e9197e87e133651def4e6a88f72c33eba3232ef2e8dc2,Houston,ssp585,late_2080s,2080,core_bottom,core,bottom,core,24.742043787058346,26.720187264522423,25.73111552579039,28.216071883387684,1.9781434774640747,50.3225904029569,0.11103820114229138,0.3101632185280323,15.265804597701148,0.08304659732179431,0.02799160382049707
6093571170bd3ee0ac7e9197e87e133651def4e6a88f72c33eba3232ef2e8dc2,Houston,ssp585,late_2080s,2080,core_mid,core,middle,core,25.136490309398184,26.550028634357208,25.843259471877698,28.96959086991372,1.4135383249590248,51.72704016076864,0.12787794185319173,0.37082353606820107,22.892720306513407,0.10077260098913177,0.027105340864059965
6093571170bd3ee0ac7e9197e87e133651def4e6a88f72c33eba3232ef2e8dc2,Houston,ssp585,late_2080s,2080,core_top,core,top,core,24.917490808235872,26.46557295570962,25.69153188197275,28.8672376829298,1.5480821474737483,51.423645320947436,0.1211468565992639,0.36548264790326357,20.86925287356322,0.09298317794490898,0.02816367865435492
6093571170bd3ee0ac7e9197e87e133651def4e6a88f72c33eba3232ef2e8dc2,Houston,ssp585,late_2080s,2080,perimeter_bot_zn_1,perimeter,bottom,south,25.383340760878944,27.339554159526454,26.361447460202694,29.61394537774156,1.956213398647515,54.525591801409135,0.15162721777617652,0.36548264790326357,29.84913793103448,0.1279324265097119,0.02369479126646462
6093571170bd3ee0ac7e9197e87e133651def4e6a88f72c33eba3232ef2e8dc2,Houston,ssp585,late_2080s,2080,perimeter_bot_zn_2,perimeter,bottom,east,24.675954046272526,26.81159033718001,25.74377219172627,29.0838375040071,2.1356362909074864,52.09578922513199,0.11938621502788525,0.36701315734535456,19.169061302681992,0.091423399271836,0.027962815756049256
6093571170bd3ee0ac7e9197e87e133651def4e6a88f72c33eba3232ef2e8dc2,Houston,ssp585,late_2080s,2080,perimeter_bot_zn_3,perimeter,bottom,north,24.906409224191258,26.40523576495385,25.65582249457255,28.754171282912054,1.4988265407625883,51.903933957935436,0.11862346695984882,0.36701315734535456,18.7919061302682,0.09022649317570351,0.02839697378414531
6093571170bd3ee0ac7e9197e87e133651def4e6a88f72c33eba3232ef2e8dc2,Houston,ssp585,late_2080s,2080,perimeter_bot_zn_4,perimeter,bottom,west,24.509295572160575,26.719142735557575,25.614219153859075,28.375976959670357,2.209847163396997,52.531718258338316,0.10761679568912215,0.3101632185280323,15.762691570881227,0.07893043462614353,0.028686361062978605
6093571170bd3ee0ac7e9197e87e133651def4e6a88f72c33eba3232ef2e8dc2,Houston,ssp585,late_2080s,2080,perimeter_mid_zn_1,perimeter,middle,south,25.417597309335722,27.512374484126244,26.464985896730983,29.798236881500525,2.0947771747905235,50.97672283544478,0.16002453309227635,0.3750436492264271,31.267959770114945,0.13666762576326533,0.023356907329011026
6093571170bd3ee0ac7e9197e87e133651def4e6a88f72c33eba3232ef2e8dc2,Houston,ssp585,late_2080s,2080,perimeter_mid_zn_2,perimeter,middle,east,24.778973230286496,27.068684833667074,25.92382903197678,29.707512242826,2.289711603380577,52.93456927994451,0.12373846060449717,0.3624461127910763,21.060823754789272,0.09657621441902531,0.02716224618547186
6093571170bd3ee0ac7e9197e87e133651def4e6a88f72c33eba3232ef2e8dc2,Houston,ssp585,late_2080s,2080,perimeter_mid_zn_3,perimeter,middle,north,25.19028420037204,26.8483594692426,26.01932183480732,29.679531433831666,1.658075268870555,52.24261216528365,0.1370633800734802,0.37082353606820107,25.191570881226056,0.1108134819338075,0.026249898139672722
6093571170bd3ee0ac7e9197e87e133651def4e6a88f72c33eba3232ef2e8dc2,Houston,ssp585,late_2080s,2080,perimeter_mid_zn_4,perimeter,middle,west,24.630264024177723,26.98961491196991,25.809939468073818,29.15379700385887,2.359350887792183,53.59718548071616,0.11604951785823432,0.3101632185280323,18.875718390804597,0.08844349472156826,0.027606023136666068
6093571170bd3ee0ac7e9197e87e133651def4e6a88f72c33eba3232ef2e8dc2,Houston,ssp585,late_2080s,2080,perimeter_top_zn_1,perimeter,top,south,25.119791495055658,27.35823854534617,26.239015020200913,29.679397731033188,2.2384470502905103,51.033730406854325,0.14610186887436832,0.37082353606820107,26.939655172413797,0.12113547579714738,0.024966393077220938
6093571170bd3ee0ac7e9197e87e133651def4e6a88f72c33eba3232ef2e8dc2,Houston,ssp585,late_2080s,2080,perimeter_top_zn_2,perimeter,top,east,24.71052714691436,27.042516577623132,25.876521862268746,29.737938809940804,2.3319894307087696,52.70796071230708,0.12394222305473533,0.3624461127910763,20.97102490421456,0.09635523423352689,0.027586988821208445
6093571170bd3ee0ac7e9197e87e133651def4e6a88f72c33eba3232ef2e8dc2,Houston,ssp585,late_2080s,2080,perimeter_top_zn_3,perimeter,top,north,24.977991272641074,26.749311178728515,25.863651225684798,29.583649689433212,1.7713199060874425,52.13019829205195,0.1310993079832456,0.37082353606820107,23.287835249042146,0.10352783346331457,0.027571474519931024
6093571170bd3ee0ac7e9197e87e133651def4e6a88f72c33eba3232ef2e8dc2,Houston,ssp585,late_2080s,2080,perimeter_top_zn_4,perimeter,top,west,24.492912266405988,26.914696448592128,25.703804357499056,29.076852548523988,2.4217841821861383,53.36788864469294,0.1110372382003982,0.3101632185280323,16.60081417624521,0.0826309473697369,0.028406290830661284
60c5fcf96aa14dbee7405241f6d78accf10da2447c33410327e5849bdb5599c2,Houston,ssp245,mid_2050s,2058,core_bottom,core,bottom,core,24.467558023210202,26.31439198987059,25.390975006540398,27.56231804970548,1.8468339666603888,46.98013741527831,0.09194617031998058,0.2030697949230671,5.741139846743295,0.06433016164538315,0.02761600867459743
60c5fcf96aa14dbee7405241f6d78accf10da2447c33410327e5849bdb5599c2,Houston,ssp245,mid_2050s,2058,core_mid,core,middle,core,24.701912447926503,26.007267157162815,25.354589802544663,28.18583867207093,1.305354709236309,48.46592904273944,0.09935153021855847,0.29288436844944954,12.158764367816092,0.0714537409025265,0.027897789316031978
60c5fcf96aa14dbee7405241f6d78accf10da2447c33410327e5849bdb5599c2,Houston,ssp245,mid_2050s,2058,core_top,core,top,core,24.486922214074625,25.859227099424466,25.173074656749545,28.02972594391936,1.3723048853498387,48.36870119390008,0.09343284558938812,0.29288436844944954,10.195162835249043,0.06381140036638461,0.02962144522300352
60c5fcf96aa14dbee7405241f6d78accf10da2447c33410327e5849bdb5599c2,Houston,ssp245,mid_2050s,2058,perimeter_bot_zn_1,perimeter,bottom,south,24.676863385764452,26.512734077936813,25.59479873185063,29.011792366102213,1.8358706921723638,51.08634794714375,0.12096397526210904,0.3101632185280323,19.282806513409962,0.09356108110055053,0.027402894161558524
60c5fcf96aa14dbee7405241f6d78accf10da2447c33410327e5849bdb5599c2,Houston,ssp245,mid_2050s,2058,perimeter_bot_zn_2,perimeter,bottom,east,24.322615517605726,26.16287222257897,25.24274387009235,28.37802383769494,1.8402567049732457,49.26967366955014,0.09807806029436655,0.29288436844944954,10.76388888888889,0.06767682266432544,0.030401237630041118
60c5fcf96aa14dbee7405241f6d78accf10da2447c33410327e5849bdb5599c2,Houston,ssp245,mid_2050s,2058,perimeter_bot_zn_3,perimeter,bottom,north,24.42851908134667,25.697748524602787,25.06313380297473,28.06959606497296,1.2692294432561144,49.319603357283626,0.09289244069288013,0.25947653129696846,9.033764367816092,0.06137010552869107,0.031522335164189064
60c5fcf96aa14dbee7405241f6d78accf10da2447c33410327e5849bdb5599c2,Houston,ssp245,mid_2050s,2058,perimeter_bot_zn_4,perimeter,bottom,west,24.19009366756872,26.09331280550314,25.14170323653593,27.68487568588543,1.9032191379344132,49.56611888381639,0.08770680310641127,0.25947653129696846,7.08213601532567,0.05700984924724566,0.030696953859165606
60c5fcf96aa14dbee7405241f6d78accf10da2447c33410327e5849bdb5599c2,Houston,ssp245,mid_2050s,2058,perimeter_mid_zn_1,perimeter,middle,south,24.832568911640102,26.753966791171543,25.79326785140582,29.02798340351,1.9213978795314401,47.9289830192645,0.12458789318158964,0.3624461127910763,18.815852490421456,0.09882840359285991,0.02575948958872972
60c5fcf96aa14dbee7405241f6d78accf10da2447c33410327e5849bdb5599c2,Houston,ssp245,mid_2050s,2058,perimeter_mid_zn_2,perimeter,middle,east,24.37696418940056,26.39359426817816,25.385279228789358,28.817853799833248,2.0166300787776037,49.513513762910115,0.1035898528633151,0.3101632185280323,13.134578544061304,0.07464383835131544,0.02894601451199967
60c5fcf96aa14dbee7405241f6d78accf10da2447c33410327e5849bdb5599c2,Houston,ssp245,mid_2050s,2058,perimeter_mid_zn_3,perimeter,middle,north,24.63974551197335,26.106495488892495,25.373120500432922,28.827637903408633,1.4667499769191448,49.22536135854218,0.10789945495190675,0.3101632185280323,14.92456896551724,0.07897538707732764,0.028924067874579115
60c5fcf96aa14dbee7405241f6d78accf10da2447c33410327e5849bdb5599c2,Houston,ssp245,mid_2050s,2058,perimeter_mid_zn_4,perimeter,middle,west,24.253086189126556,26.3306926778177,25.291889433472132,28.11928115088938,2.077606488691149,50.113025809849184,0.09528018150559334,0.27900369837880135,10.368773946360154,0.06583530072415411,0.029444880781439222
60c5fcf96aa14dbee7405241f6d78accf10da2447c33410327e5849bdb5599c2,Houston,ssp245,mid_2050s,2058,perimeter_top_zn_1,perimeter,top,south,24.57117383085411,26.56823880061514,25.569706315734628,28.810009755092242,1.9970649697610323,48.04689436397295,0.11377539544784347,0.3101632185280323,15.176005747126437,0.08604727291412405,0.027728122533719417
60c5fcf96aa14dbee7405241f6d78accf10da2447c33410327e5849bdb5599c2,Houston,ssp245,mid_2050s,2058,perimeter_top_zn_2,perimeter,top,east,24.28470282953582,26.302672272152176,25.293687550844,28.79657791465282,2.0179694426163537,49.559470244383576,0.10335753570643123,0.3101632185280323,12.925047892720306,0.07305918806860308,0.030298347637828165
60c5fcf96aa14dbee7405241f6d78accf10da2447c33410327e5849bdb5599c2,Houston,ssp245,mid_2050s,2058,perimeter_top_zn_3,perimeter,top,north,24.428262376497788,25.953221708611665,25.190742042554728,28.65210192813973,1.5249593321138755,49.244592891641105,0.10228529955822516,0.3006022172048688,12.739463601532567,0.07126693675982305,0.03101836279840211
60c5fcf96aa14dbee7405241f6d78accf10da2447c33410327e5849bdb5599c2,Houston,ssp245,mid_2050s,2058,perimeter_top_zn_4,perimeter,top,west,24.115962327617098,26.205567686841068,25.160765007229084,28.013401872329244,2.089605359223972,49.99394562084014,0.09281211399007533,0.27900369837880135,9.428879310344827,0.06190566474791943,0.030906449242155902
63682e0e4c1898b94a8c2aed4ec9cbac31b9f4a49f7ebd6948189739cb2bb9fc,Guangzhou,ssp585,baseline_2020s,2025,core_bottom,core,bottom,core,24.384802646634505,26.2719379953384,25.328370320986448,26.89315317904244,1.8871353487038982,47.31268988651872,0.08158277851559304,0.130563884973526,1.3350095785440612,0.05222591523025756,0.02935686328533548
63682e0e4c1898b94a8c2aed4ec9cbac31b9f4a49f7ebd6948189739cb2bb9fc,Guangzhou,ssp585,baseline_2020s,2025,core_mid,core,middle,core,24.562969271111825,25.944926905892455,25.25394808850214,27.36398813334447,1.381957634780631,48.81439583310842,0.0828164480151555,0.19256429560482502,4.340277777777778,0.05331908071737458,0.029497367297780925
63682e0e4c1898b94a8c2aed4ec9cbac31b9f4a49f7ebd6948189739cb2bb9fc,Guangzhou,ssp585,baseline_2020s,2025,core_top,core,top,core,24.340617060944215,25.809167080826146,25.07489207088518,27.311973984714722,1.4685500198819341,48.31182145236803,0.07887584916022704,0.19186100382357515,4.424090038314176,0.047583519281856036,0.03129232987837101
63682e0e4c1898b94a8c2aed4ec9cbac31b9f4a49f7ebd6948189739cb2bb9fc,Guangzhou,ssp585,baseline_2020s,2025,perimeter_bot_zn_1,perimeter,bottom,south,24.80208031619089,26.53897618648887,25.670528251339874,28.62689707309197,1.7368958702979802,52.17577002444324,0.12490353747993858,0.3101632185280323,20.162835249042146,0.0973864291068452,0.027517108373093385
63682e0e4c1898b94a8c2aed4ec9cbac31b9f4a49f7ebd6948189739cb2bb9fc,Guangzhou,ssp585,baseline_2020s,2025,perimeter_bot_zn_2,perimeter,bottom,east,24.104738388951663,25.924770624899487,25.014754506925573,26.86584085154333,1.820032235947828,50.084315603330055,0.07579938916606455,0.12667039781808853,1.730124521072797,0.04348445304308597,0.03231493612297858
63682e0e4c1898b94a8c2aed4ec9cbac31b9f4a49f7ebd6948189739cb2bb9fc,Guangzhou,ssp585,baseline_2020s,2025,perimeter_bot_zn_3,perimeter,bottom,north,24.386082520356947,25.855683040122425,25.120882780239686,27.425058869526463,1.4696005197654782,49.21567148836584,0.08424994665574036,0.1875950216315685,3.5201149425287355,0.05296088078940623,0.031289065866334134
63682e0e4c1898b94a8c2aed4ec9cbac31b9f4a49f7ebd6948189739cb2bb9fc,Guangzhou,ssp585,baseline_2020s,2025,perimeter_bot_zn_4,perimeter,bottom,west,24.084059371138363,26.03924941136348,25.061654391250922,26.741965374718227,1.9551900402251206,49.93456395087107,0.07532368492834864,0.1220385767519474,1.1853448275862069,0.04328550262314444,0.0320381823052042
63682e0e4c1898b94a8c2aed4ec9cbac31b9f4a49f7ebd6948189739cb2bb9fc,Guangzhou,ssp585,baseline_2020s,2025,perimeter_mid_zn_1,perimeter,middle,south,24.858380593750184,26.729406018819407,25.793893306284797,28.497490670490762,1.8710254250692242,48.07994603744143,0.12146684494450449,0.32677866891026497,16.187739463601535,0.09497048024563619,0.026496364698868305
63682e0e4c1898b94a8c2aed4ec9cbac31b9f4a49f7ebd6948189739cb2bb9fc,Guangzhou,ssp585,baseline_2020s,2025,perimeter_mid_zn_2,perimeter,middle,east,24.130915859200865,26.166595254982255,25.14875555709156,26.968721994112666,2.0356793957813935,50.26782443779786,0.07959961471425436,0.1872413046658039,3.633860153256705,0.04860837429098854,0.03099124042326582
63682e0e4c1898b94a8c2aed4ec9cbac31b9f4a49f7ebd6948189739cb2bb9fc,Guangzhou,ssp585,baseline_2020s,2025,perimeter_mid_zn_3,perimeter,middle,north,24.517715862480166,26.185792858444827,25.351754360462497,27.90762822936088,1.6680769959646589,49.32450521970583,0.09355490218687529,0.25947653129696846,7.878352490421456,0.0641296260790713,0.02942527610780399
63682e0e4c1898b94a8c2aed4ec9cbac31b9f4a49f7ebd6948189739cb2bb9fc,Guangzhou,ssp585,baseline_2020s,2025,perimeter_mid_zn_4,perimeter,middle,west,24.10410252707751,26.259425477347673,25.181764002212592,26.86735148879249,2.1553229502701603,50.4482922392766,0.07883387263208885,0.12806176021695137,2.807710727969349,0.0480953170672051,0.030738555564883748
63682e0e4c1898b94a8c2aed4ec9cbac31b9f4a49f7ebd6948189739cb2bb9fc,Guangzhou,ssp585,baseline_2020s,2025,perimeter_top_zn_1,perimeter,top,south,24.55881646161332,26.53672061010528,25.547768535859294,28.274908181333384,1.9779041484919664,47.86942849827011,0.10900332374785997,0.3101632185280323,12.38625478927203,0.08051605798817914,0.028487265759680826
63682e0e4c1898b94a8c2aed4ec9cbac31b9f4a49f7ebd6948189739cb2bb9fc,Guangzhou,ssp585,baseline_2020s,2025,perimeter_top_zn_2,perimeter,top,east,24.087214876961237,26.11977298877668,25.10349393286896,27.11973905711135,2.0325581118154457,49.75242150203106,0.08090621254878441,0.18748648837208748,4.406130268199234,0.04910421982606948,0.03180199272271493
63682e0e4c1898b94a8c2aed4ec9cbac31b9f4a49f7ebd6948189739cb2bb9fc,Guangzhou,ssp585,baseline_2020s,2025,perimeter_top_zn_3,perimeter,top,north,24.312955333826697,26.04876562349946,25.18086047866308,27.866111696695494,1.7358102896727643,48.936742120952694,0.08953228338313067,0.25947653129696846,7.016283524904214,0.05832314439570858,0.031209138987422096
63682e0e4c1898b94a8c2aed4ec9cbac31b9f4a49f7ebd6948189739cb2bb9fc,Guangzhou,ssp585,baseline_2020s,2025,perimeter_top_zn_4,perimeter,top,west,24.035188964657042,26.188376524262818,25.111782744459934,26.882685968020905,2.15318755960578,49.7641737598944,0.07928982155871558,0.14832361415028572,3.3045977011494254,0.04771458121775774,0.03157524034095784
65b82990a42c0bfd5b51013ab413084e80eaea1816640737a1a0e73ead8ed033,Phoenix,ssp585,mid_2050s,2057,core_bottom,core,bottom,core,24.257114875143905,26.36597963215848,25.31154725365119,26.72189298242231,2.1088647570145755,37.557641259870216,0.09444172072397827,0.18655548244714737,1.9157088122605364,0.060994289526673504,0.03344743119730477
65b82990a42c0bfd5b51013ab413084e80eaea1816640737a1a0e73ead8ed033,Phoenix,ssp585,mid_2050s,2057,core_mid,core,middle,core,24.561931728578514,26.176195887840393,25.369063808209457,27.628832685087964,1.6142641592618778,38.64602287464414,0.10478791312694369,0.2619786560535431,9.309147509578544,0.07420737039855586,0.030580542728387825
65b82990a42c0bfd5b51013ab413084e80eaea1816640737a1a0e73ead8ed033,Phoenix,ssp585,mid_2050s,2057,core_top,core,top,core,24.46881714294995,26.18218983798966,25.325503490469806,27.674390677925647,1.713372695039712,38.368266099291915,0.10477262060631867,0.2641083523631096,9.207375478927203,0.07333214033665572,0.03144048026966295
65b82990a42c0bfd5b51013ab413084e80eaea1816640737a1a0e73ead8ed033,Phoenix,ssp585,mid_2050s,2057,perimeter_bot_zn_1,perimeter,bottom,south,25.35276396019757,27.733030109277152,26.54289703473737,29.950987624233655,2.3802661490795862,35.148721809463616,0.19746979860129157,0.5243598704691976,34.91977969348659,0.17583810724490867,0.021631691356382904
65b82990a42c0bfd5b51013ab413084e80eaea1816640737a1a0e73ead8ed033,Phoenix,ssp585,mid_2050s,2057,perimeter_bot_zn_2,perimeter,bottom,east,24.367898671181475,26.861871600803262,25.614885135992367,28.205389530888088,2.4939729296217887,38.058009098343376,0.12163261555268114,0.3750436492264271,13.673371647509578,0.09304171246135254,0.028590903091328588
65b82990a42c0bfd5b51013ab413084e80eaea1816640737a1a0e73ead8ed033,Phoenix,ssp585,mid_2050s,2057,perimeter_bot_zn_3,perimeter,bottom,north,24.4785380672051,26.035539855918014,25.25703896156156,27.933700543342514,1.557001788712925,38.60610452564918,0.11466926707540705,0.3750436492264271,13.637452107279694,0.08316032349997757,0.03150894357542948
65b82990a42c0bfd5b51013ab413084e80eaea1816640737a1a0e73ead8ed033,Phoenix,ssp585,mid_2050s,2057,perimeter_bot_zn_4,perimeter,bottom,west,24.296923980125072,26.826252334802877,25.561588157463973,28.05321494034251,2.5293283546778094,38.35710883022774,0.11705820724133424,0.3750436492264271,10.698036398467432,0.08750125146513338,0.029556955776200874
65b82990a42c0bfd5b51013ab413084e80eaea1816640737a1a0e73ead8ed033,Phoenix,ssp585,mid_2050s,2057,perimeter_mid_zn_1,perimeter,middle,south,25.050984472382428,27.613632048221646,26.33230826030204,29.165495780967426,2.562647575839217,36.89548081854557,0.17954202730166707,0.44133099224418304,31.501436781609193,0.15552566320534128,0.024016364096325796
65b82990a42c0bfd5b51013ab413084e80eaea1816640737a1a0e73ead8ed033,Phoenix,ssp585,mid_2050s,2057,perimeter_mid_zn_2,perimeter,middle,east,24.318145158641652,26.947535541662532,25.632840350152094,28.144202197546285,2.6293903830208794,38.68694454836296,0.11879796577959914,0.3750436492264271,11.793582375478927,0.0901269330151363,0.028671032764462836
65b82990a42c0bfd5b51013ab413084e80eaea1816640737a1a0e73ead8ed033,Phoenix,ssp585,mid_2050s,2057,perimeter_mid_zn_3,perimeter,middle,north,24.639313494297237,26.41917307815103,25.529243286224137,28.397405489517674,1.779859583853794,38.537190954251564,0.12584742504932575,0.3750436492264271,16.020114942528735,0.09769921075022811,0.028148214299097623
65b82990a42c0bfd5b51013ab413084e80eaea1816640737a1a0e73ead8ed033,Phoenix,ssp585,mid_2050s,2057,perimeter_mid_zn_4,perimeter,middle,west,24.326341104157176,26.967224855969857,25.64678298006352,28.58946476647615,2.6408837518126878,39.005271015070036,0.12174336095398813,0.3772263857535987,11.16499042145594,0.09227192981236203,0.029471431141626113
65b82990a42c0bfd5b51013ab413084e80eaea1816640737a1a0e73ead8ed033,Phoenix,ssp585,mid_2050s,2057,perimeter_top_zn_1,perimeter,top,south,24.881533517408013,27.55127951606547,26.216406516736743,29.14048711801833,2.669745998657463,36.79278076681273,0.17182224979244465,0.43310051038861275,29.01700191570881,0.1469896487426459,0.024832601049798765
65b82990a42c0bfd5b51013ab413084e80eaea1816640737a1a0e73ead8ed033,Phoenix,ssp585,mid_2050s,2057,perimeter_top_zn_2,perimeter,top,east,24.337324888764314,26.99930967668064,25.668317282722477,28.434480786259936,2.6619847879163254,38.48589886206155,0.12469415272590452,0.3750436492264271,13.685344827586206,0.09664593004455194,0.028048222681352583
65b82990a42c0bfd5b51013ab413084e80eaea1816640737a1a0e73ead8ed033,Phoenix,ssp585,mid_2050s,2057,perimeter_top_zn_3,perimeter,top,north,24.53379289628737,26.402010205326505,25.46790155080694,28.445522130153563,1.8682173090391359,38.38595646239454,0.12522557919294242,0.3750436492264271,15.481321839080458,0.09588935898121365,0.02933622021172878
65b82990a42c0bfd5b51013ab413084e80eaea1816640737a1a0e73ead8ed033,Phoenix,ssp585,mid_2050s,2057,perimeter_top_zn_4,perimeter,top,west,24.30082191750178,26.97998411687891,25.640403017190344,28.840015117733216,2.6791621993771333,38.74320787078665,0.12533829140535313,0.39810471646487405,11.943247126436782,0.09566148351107401,0.02967680789427912
65ea2d0e189d3ab2c5bf91782007270e304ea07bbfb09c532c94c1fd40b209a9,Kolkata,ssp245,near_2030s,2039,core_bottom,core,bottom,core,24.720364691376297,26.736094459156366,25.72822957526633,27.74186242225781,2.015729767780069,51.6343851885859,0.10173394507894387,0.27900369837880135,10.255028735632184,0.07344616902897347,0.0282877760499704
65ea2d0e189d3ab2c5bf91782007270e304ea07bbfb09c532c94c1fd40b209a9,Kolkata,ssp245,near_2030s,2039,core_mid,core,middle,core,25.0531871783032,26.53474781479223,25.793967496547715,28.45429691269118,1.4815606364890297,52.6429556189916,0.1148710259427438,0.3101632185280323,18.06154214559387,0.08742985405318682,0.027441171889556987
65ea2d0e189d3ab2c5bf91782007270e304ea07bbfb09c532c94c1fd40b209a9,Kolkata,ssp245,near_2030s,2039,core_top,core,top,core,24.8166446110178,26.464125569158984,25.640385090088394,28.38737056516778,1.6474809581411807,52.102657189710456,0.10682648682675344,0.3101632185280323,16.020114942528735,0.07837411556536755,0.028452371261385893
65ea2d0e189d3ab2c5bf91782007270e304ea07bbfb09c532c94c1fd40b209a9,Kolkata,ssp245,near_2030s,2039,perimeter_bot_zn_1,perimeter,bottom,south,25.673048707953235,27.525875722966433,26.599462215459834,29.216752750156846,1.8528270150131998,56.08886277354569,0.16470436005529965,0.36701315734535456,35.63218390804598,0.14230011479977708,0.02240424525552256
65ea2d0e189d3ab2c5bf91782007270e304ea07bbfb09c532c94c1fd40b209a9,Kolkata,ssp245,near_2030s,2039,perimeter_bot_zn_2,perimeter,bottom,east,24.473752697254554,26.65641466286243,25.565083680058493,27.734808466656876,2.182661965607878,53.52519014309378,0.09467781259011983,0.2783178761601448,10.326867816091955,0.06593575193222222,0.02874206065789761
65ea2d0e189d3ab2c5bf91782007270e304ea07bbfb09c532c94c1fd40b209a9,Kolkata,ssp245,near_2030s,2039,perimeter_bot_zn_3,perimeter,bottom,north,24.910365691968604,26.605651819402002,25.758008755685303,28.281603665396407,1.6952861274333983,52.38845525193106,0.1098449003463823,0.3101632185280323,14.224137931034484,0.08257885838077551,0.02726604196560677
65ea2d0e189d3ab2c5bf91782007270e304ea07bbfb09c532c94c1fd40b209a9,Kolkata,ssp245,near_2030s,2039,perimeter_bot_zn_4,perimeter,bottom,west,24.341522092343624,26.545098213951746,25.44331015314769,27.371339184375127,2.20357612160812,53.94689993689901,0.08644777450262715,0.25947653129696846,7.321599616858237,0.05667180889103226,0.02977596561159489
65ea2d0e189d3ab2c5bf91782007270e304ea07bbfb09c532c94c1fd40b209a9,Kolkata,ssp245,near_2030s,2039,perimeter_mid_zn_1,perimeter,middle,south,25.582821060882388,27.62855862590777,26.605689843395076,29.582721329641284,2.0457375650253757,51.08121031536981,0.1666040632848015,0.37435782700777054,33.27945402298851,0.14410536133042373,0.022498701954377774
65ea2d0e189d3ab2c5bf91782007270e304ea07bbfb09c532c94c1fd40b209a9,Kolkata,ssp245,near_2030s,2039,perimeter_mid_zn_2,perimeter,middle,east,24.553790785449557,26.91574152411203,25.734766154780786,28.38835948990088,2.3619507386624683,53.977403584039884,0.10628155209802062,0.30947739630937576,14.972461685823754,0.07823961748087233,0.0280419346171483
65ea2d0e189d3ab2c5bf91782007270e304ea07bbfb09c532c94c1fd40b209a9,Kolkata,ssp245,near_2030s,2039,perimeter_mid_zn_3,perimeter,middle,north,25.111230696328107,26.970064446297233,26.040647571312665,29.297255429771287,1.8588337499691192,52.56485893175738,0.12803548953229524,0.3624461127910763,21.479885057471265,0.10206397662693732,0.025971512905357923
65ea2d0e189d3ab2c5bf91782007270e304ea07bbfb09c532c94c1fd40b209a9,Kolkata,ssp245,near_2030s,2039,perimeter_mid_zn_4,perimeter,middle,west,24.44352655622183,26.831511919894435,25.637519238058132,28.062178244852365,2.3879853636726045,54.53803175336049,0.0975237409431457,0.29288436844944954,11.679837164750957,0.06913078997779942,0.028392950965346272
65ea2d0e189d3ab2c5bf91782007270e304ea07bbfb09c532c94c1fd40b209a9,Kolkata,ssp245,near_2030s,2039,perimeter_top_zn_1,perimeter,top,south,25.21794464983929,27.457492802700546,26.337718726269916,29.48996390933928,2.239548152861257,50.92971399079547,0.1468208130190551,0.37082353606820107,26.76604406130268,0.1228342527836754,0.023986560235379716
65ea2d0e189d3ab2c5bf91782007270e304ea07bbfb09c532c94c1fd40b209a9,Kolkata,ssp245,near_2030s,2039,perimeter_top_zn_2,perimeter,top,east,24.529250296705968,26.934646143857453,25.731948220281712,28.61289154034242,2.405395847151482,53.236348634648536,0.10675143210234474,0.3101632185280323,15.247844827586206,0.07860261974425833,0.028148812358086403
65ea2d0e189d3ab2c5bf91782007270e304ea07bbfb09c532c94c1fd40b209a9,Kolkata,ssp245,near_2030s,2039,perimeter_top_zn_3,perimeter,top,north,24.89037637545125,26.88436044761909,25.887368411535167,29.203476466155816,1.9939840721678412,52.13269992433597,0.11978693781295699,0.3624461127910763,19.00742337164751,0.09276401661924075,0.027022921193716246
65ea2d0e189d3ab2c5bf91782007270e304ea07bbfb09c532c94c1fd40b209a9,Kolkata,ssp245,near_2030s,2039,perimeter_top_zn_4,perimeter,top,west,24.362207871861475,26.808325659883472,25.585266765872472,28.023382330859395,2.446117788022001,53.7894717906863,0.09540351647672066,0.284853876568377,11.422413793103448,0.06658597750250488,0.02881753897421578
6675cd92c753b37065312e184e50afe930c9f5a83136bf912a6938942c4466e6,Guangzhou,ssp245,late_2080s,2083,core_bottom,core,bottom,core,24.699302587480567,26.727505838559214,25.71340421301989,27.640201222539833,2.028203251078649,50.01748070035998,0.09904489341828719,0.2034426648169756,6.016522988505748,0.07095563937884254,0.02808925403944465
6675cd92c753b37065312e184e50afe930c9f5a83136bf912a6938942c4466e6,Guangzhou,ssp245,late_2080s,2083,core_mid,core,middle,core,25.060955338723772,26.5433072813187,25.802131310021235,28.314158254430883,1.482351942594922,51.4998061496065,0.11212320323824196,0.29288436844944954,15.367576628352491,0.085027353749102,0.027095849489139963
6675cd92c753b37065312e184e50afe930c9f5a83136bf912a6938942c4466e6,Guangzhou,ssp245,late_2080s,2083,core_top,core,top,core,24.815041741049473,26.4513859232043,25.633213832126884,28.289855068228213,1.6363441821548306,51.102112894019776,0.1026394080088519,0.29288436844944954,12.661637931034484,0.07425370040874646,0.02838570760010545
6675cd92c753b37065312e184e50afe930c9f5a83136bf912a6938942c4466e6,Guangzhou,ssp245,late_2080s,2083,perimeter_bot_zn_1,perimeter,bottom,south,25.593121564003372,27.471128249895326,26.53212490694935,29.390625201271884,1.8780066858919577,54.17548275718343,0.16224784838602224,0.36548264790326357,34.69827586206897,0.13944045105212863,0.022807397333893614
6675cd92c753b37065312e184e50afe930c9f5a83136bf912a6938942c4466e6,Guangzhou,ssp245,late_2080s,2083,perimeter_bot_zn_2,perimeter,bottom,east,24.474876132259585,26.642535775205722,25.55870595373265,27.835309082932593,2.1676596429461377,52.064304983656065,0.09476151371732558,0.25947653129696846,8.010057471264368,0.06602254111108583,0.02873897260623976
6675cd92c753b37065312e184e50afe930c9f5a83136bf912a6938942c4466e6,Guangzhou,ssp245,late_2080s,2083,perimeter_bot_zn_3,perimeter,bottom,north,24.960153768858344,26.646836173856876,25.803494971357612,28.46585740373357,1.6866824049985327,50.799162567184204,0.1145897140204223,0.29288436844944954,13.397988505747128,0.08740674582378265,0.027182968196639647
6675cd92c753b37065312e184e50afe930c9f5a83136bf912a6938942c4466e6,Guangzhou,ssp245,late_2080s,2083,perimeter_bot_zn_4,perimeter,bottom,west,24.419225606992647,26.76089851741952,25.59006206220608,27.766496189355536,2.3416729104268708,52.02537465929315,0.09435346282209481,0.25947653129696846,8.135775862068966,0.06537533734016962,0.028978125481925177
6675cd92c753b37065312e184e50afe930c9f5a83136bf912a6938942c4466e6,Guangzhou,ssp245,late_2080s,2083,perimeter_mid_zn_1,perimeter,middle,south,25.576089626635596,27.61591866432762,26.596004145481604,29.547814544460167,2.039829037692025,50.17196935293681,0.16654051188895255,0.3811948134098202,32.435344827586206,0.14406995942899323,0.02247055245995931
6675cd92c753b37065312e184e50afe930c9f5a83136bf912a6938942c4466e6,Guangzhou,ssp245,late_2080s,2083,perimeter_mid_zn_2,perimeter,middle,east,24.523484959047956,26.8893491886692,25.706417073858578,28.30482522737262,2.3658642296212444,53.11934958059041,0.10440745647314843,0.29288436844944954,13.505747126436782,0.07648284986532218,0.027924606607826245
6675cd92c753b37065312e184e50afe930c9f5a83136bf912a6938942c4466e6,Guangzhou,ssp245,late_2080s,2083,perimeter_mid_zn_3,perimeter,middle,north,25.16465072152689,27.010789488150543,26.087720104838716,29.208642325956177,1.8461387666236524,51.501934948414885,0.1320550016480341,0.3624461127910763,21.49185823754789,0.10639274824442792,0.025662253403606186
6675cd92c753b37065312e184e50afe930c9f5a83136bf912a6938942c4466e6,Guangzhou,ssp245,late_2080s,2083,perimeter_mid_zn_4,perimeter,middle,west,24.46927929567074,26.986576828791573,25.72792806223116,28.0897905635317,2.517297533120838,53.371132126359925,0.10359951904998853,0.28132297446718263,13.565613026819923,0.07589292012027267,0.027706598929715855
6675cd92c753b37065312e184e50afe930c9f5a83136bf912a6938942c4466e6,Guangzhou,ssp245,late_2080s,2083,perimeter_top_zn_1,perimeter,top,south,25.22298692796184,27.43846581134408,26.330726369652957,29.43531607994033,2.2154788833822385,50.12703086528263,0.14717769870168568,0.37435782700777054,25.0419061302682,0.12292669616791044,0.024251002533775236
6675cd92c753b37065312e184e50afe930c9f5a83136bf912a6938942c4466e6,Guangzhou,ssp245,late_2080s,2083,perimeter_top_zn_2,perimeter,top,east,24.49521272118871,26.89182649827293,25.693519609730817,28.44551622487792,2.39661377708422,52.55171498710532,0.10436775822356516,0.29288436844944954,13.254310344827585,0.07627496268989169,0.028092795533673474
6675cd92c753b37065312e184e50afe930c9f5a83136bf912a6938942c4466e6,Guangzhou,ssp245,late_2080s,2083,perimeter_top_zn_3,perimeter,top,north,24.940004286232693,26.90882913393749,25.92441671008509,29.129914561121584,1.9688248477047952,51.22422866189705,0.1226339152927927,0.3624461127910763,18.09147509578544,0.09588841944996497,0.026745495842827725
6675cd92c753b37065312e184e50afe930c9f5a83136bf912a6938942c4466e6,Guangzhou,ssp245,late_2080s,2083,perimeter_top_zn_4,perimeter,top,west,24.384568219142068,26.946041673787533,25.665304946464797,28.091715196958766,2.561473454645464,52.788010020312775,0.10062300566350763,0.28028683201409876,12.188697318007662,0.07239798702357803,0.0282250186399296
682e11cf9df4cf073992dc57a1b21d72191ee1e5197222a97008512b8adf842c,Ahmedabad,ssp245,baseline_2020s,2029,core_bottom,core,bottom,core,24.71002376653086,26.852407536765284,25.781215651648075,27.653816259181188,2.142383770234423,49.185138484430006,0.10203693551318033,0.25947653129696846,7.327586206896551,0.07358003721636688,0.028456898296813454
682e11cf9df4cf073992dc57a1b21d72191ee1e5197222a97008512b8adf842c,Ahmedabad,ssp245,baseline_2020s,2029,core_mid,core,middle,core,25.13058876034505,26.72762509989483,25.929106930119936,28.295532017800888,1.597036339549784,50.69508882255019,0.11974782839453865,0.3059431053698063,18.025622605363985,0.09317909209647571,0.02656873629806294
682e11cf9df4cf073992dc57a1b21d72191ee1e5197222a97008512b8adf842c,Ahmedabad,ssp245,baseline_2020s,2029,core_top,core,top,core,24.83785955397922,26.6482350996061,25.743047326792663,28.093839619938116,1.81037554562688,50.13110999509704,0.10655026610484512,0.29288436844944954,13.403975095785443,0.07849908736729558,0.028051178737549545
682e11cf9df4cf073992dc57a1b21d72191ee1e5197222a97008512b8adf842c,Ahmedabad,ssp245,baseline_2020s,2029,perimeter_bot_zn_1,perimeter,bottom,south,26.332226000944324,28.33892894221125,27.33557747157779,30.25132248802477,2.00670294126693,49.584464872384764,0.2324766406639554,0.5213801695499569,52.74185823754789,0.21384363226837638,0.01863300839557903
682e11cf9df4cf073992dc57a1b21d72191ee1e5197222a97008512b8adf842c,Ahmedabad,ssp245,baseline_2020s,2029,perimeter_bot_zn_2,perimeter,bottom,east,24.624468055104778,27.23074813357298,25.92760809433888,28.016880015095804,2.606280078468205,50.15481295819794,0.11253211999315556,0.29288436844944954,12.577825670498086,0.08486223274405236,0.0276698872491032
682e11cf9df4cf073992dc57a1b21d72191ee1e5197222a97008512b8adf842c,Ahmedabad,ssp245,baseline_2020s,2029,perimeter_bot_zn_3,perimeter,bottom,north,24.971716698847615,26.750959820867656,25.861338259857636,28.115498979432886,1.7792431220200438,49.69425502718811,0.11534613334886365,0.29288436844944954,14.032567049808428,0.0881539139812665,0.027192219367597147
682e11cf9df4cf073992dc57a1b21d72191ee1e5197222a97008512b8adf842c,Ahmedabad,ssp245,baseline_2020s,2029,perimeter_bot_zn_4,perimeter,bottom,west,24.483542055421065,27.10760768702915,25.795574871225107,27.755310080327728,2.6240656316080835,50.63867736686941,0.10227442849772582,0.25947653129696846,9.913793103448276,0.07410574920367988,0.028168679294045935
682e11cf9df4cf073992dc57a1b21d72191ee1e5197222a97008512b8adf842c,Ahmedabad,ssp245,baseline_2020s,2029,perimeter_mid_zn_1,perimeter,middle,south,25.969530661817373,28.240535162383395,27.105032912100384,29.847188588426402,2.2710045005660207,48.462577285391696,0.21562760157015093,0.5213801695499569,45.390325670498086,0.1955427151546685,0.020084886415482416
682e11cf9df4cf073992dc57a1b21d72191ee1e5197222a97008512b8adf842c,Ahmedabad,ssp245,baseline_2020s,2029,perimeter_mid_zn_2,perimeter,middle,east,24.60357849369887,27.369259917403852,25.986419205551364,28.28558330036255,2.765681423704984,51.8420728383895,0.11655840166753882,0.3101632185280323,16.834291187739463,0.0897862202644779,0.02677218140306092
682e11cf9df4cf073992dc57a1b21d72191ee1e5197222a97008512b8adf842c,Ahmedabad,ssp245,baseline_2020s,2029,perimeter_mid_zn_3,perimeter,middle,north,25.158094002064995,27.125148230685415,26.1416211163752,28.771683462601942,1.9670542286204138,50.71618725645535,0.13577481269198538,0.3624461127910763,23.13817049808429,0.11011001516227883,0.025664797529706556
682e11cf9df4cf073992dc57a1b21d72191ee1e5197222a97008512b8adf842c,Ahmedabad,ssp245,baseline_2020s,2029,perimeter_mid_zn_4,perimeter,middle,west,24.514156279293086,27.288525361400293,25.901340820346686,28.22960650309472,2.77436908210721,52.37804949101483,0.11005990356173999,0.3006022172048688,14.27801724137931,0.08288492047915037,0.027174983082589615
682e11cf9df4cf073992dc57a1b21d72191ee1e5197222a97008512b8adf842c,Ahmedabad,ssp245,baseline_2020s,2029,perimeter_top_zn_1,perimeter,top,south,25.54012524300934,28.049463921776898,26.79479458239312,29.500804459449213,2.509338678767559,48.29221570723189,0.18972652458687383,0.43180642277002335,37.535919540229884,0.1678181544873017,0.021908370099572146
682e11cf9df4cf073992dc57a1b21d72191ee1e5197222a97008512b8adf842c,Ahmedabad,ssp245,baseline_2020s,2029,perimeter_top_zn_2,perimeter,top,east,24.54227169136153,27.379639381620677,25.960955536491106,28.28879340947274,2.83736769025915,51.038985877834065,0.11475118124989181,0.3101632185280323,15.630986590038315,0.08773175783813762,0.027019423411754197
682e11cf9df4cf073992dc57a1b21d72191ee1e5197222a97008512b8adf842c,Ahmedabad,ssp245,baseline_2020s,2029,perimeter_top_zn_3,perimeter,top,north,24.91223849418527,27.04224158388057,25.97724003903292,28.637833702001636,2.1300030896953004,50.203297890315184,0.1234434123799819,0.3101632185280323,18.49257662835249,0.09656774123910487,0.026875671140877022
682e11cf9df4cf073992dc57a1b21d72191ee1e5197222a97008512b8adf842c,Ahmedabad,ssp245,baseline_2020s,2029,perimeter_top_zn_4,perimeter,top,west,24.410565898557177,27.264377393393826,25.8374716459755,28.196300646823033,2.853811494836646,51.547245379324316,0.10645983472021939,0.29288436844944954,12.24257662835249,0.07876657835726172,0.027693256362957653
69c4523a6b289c52fcb3863ec6e0df115fecad68709320256967febbe86d906e,Guangzhou,ssp245,baseline_2020s,2025,core_bottom,core,bottom,core,24.41793701336828,26.3501149028017,25.384025958084997,27.191357004140695,1.9321778894334172,48.11848189096403,0.08521992420881158,0.1872413046658039,2.586206896551724,0.05551505423879333,0.02970486997001826
69c4523a6b289c52fcb3863ec6e0df115fecad68709320256967febbe86d906e,Guangzhou,ssp245,baseline_2020s,2025,core_mid,core,middle,core,24.61793556907882,26.04809319600836,25.33301438254359,27.717801418287188,1.430157626929537,49.51657625196935,0.08745417104494235,0.25947653129696846,6.669061302681992,0.05779389053472974,0.029660280510212605
69c4523a6b289c52fcb3863ec6e0df115fecad68709320256967febbe86d906e,Guangzhou,ssp245,baseline_2020s,2025,core_top,core,top,core,24.42701350470027,25.946791794458317,25.186902649579295,27.531827287329246,1.5197782897580456,48.9906333754616,0.08228341496755671,0.2030697949230671,5.531609195402299,0.05144493667271891,0.0308384782948378
69c4523a6b289c52fcb3863ec6e0df115fecad68709320256967febbe86d906e,Guangzhou,ssp245,baseline_2020s,2025,perimeter_bot_zn_1,perimeter,bottom,south,24.916609699272946,26.68171063723199,25.799160168252467,28.78408725558501,1.7651009379590457,52.983713447829146,0.12463944326445647,0.3101632185280323,20.677681992337167,0.09751833253818872,0.02712111072626776
69c4523a6b289c52fcb3863ec6e0df115fecad68709320256967febbe86d906e,Guangzhou,ssp245,baseline_2020s,2025,perimeter_bot_zn_2,perimeter,bottom,east,24.235754463186694,26.102900056740708,25.1693272599637,27.319011653017643,1.867145593554015,50.46542743050962,0.08060878890872508,0.18748648837208748,3.9571360153256707,0.04917882548516234,0.03142996342356274
69c4523a6b289c52fcb3863ec6e0df115fecad68709320256967febbe86d906e,Guangzhou,ssp245,baseline_2020s,2025,perimeter_bot_zn_3,perimeter,bottom,north,24.522416426736953,26.032853023866803,25.277634725301876,27.906287514015762,1.5104365971298508,49.64527759856709,0.09098118604355428,0.25947653129696846,7.08213601532567,0.06044432849801008,0.030536857545544204
69c4523a6b289c52fcb3863ec6e0df115fecad68709320256967febbe86d906e,Guangzhou,ssp245,baseline_2020s,2025,perimeter_bot_zn_4,perimeter,bottom,west,24.205701910336213,26.204438924206677,25.20507041727144,27.12000576444857,1.9987370138704652,50.36282214322564,0.07970665068906675,0.1872413046658039,2.9394157088122608,0.048587705094324446,0.031118945594742303
69c4523a6b289c52fcb3863ec6e0df115fecad68709320256967febbe86d906e,Guangzhou,ssp245,baseline_2020s,2025,perimeter_mid_zn_1,perimeter,middle,south,24.92952856554617,26.851522324210126,25.890525444878147,28.81828461392544,1.921993758663959,48.720644093564644,0.12124571286200303,0.3101632185280323,16.29549808429119,0.0948991358650503,0.02634657699695273
69c4523a6b289c52fcb3863ec6e0df115fecad68709320256967febbe86d906e,Guangzhou,ssp245,baseline_2020s,2025,perimeter_mid_zn_2,perimeter,middle,east,24.254033581124762,26.336554464992023,25.295294023058393,27.51630259526017,2.082520883867258,50.71830967808445,0.0860505744807095,0.25144603941589594,6.483477011494252,0.05557035999373717,0.030480214486972333
69c4523a6b289c52fcb3863ec6e0df115fecad68709320256967febbe86d906e,Guangzhou,ssp245,baseline_2020s,2025,perimeter_mid_zn_3,perimeter,middle,north,24.636678966643213,26.35009374624237,25.493386356442794,28.444822568513345,1.7134147795991481,49.80092269324036,0.10007778624881333,0.29288436844944954,10.548371647509578,0.07099904551117688,0.029078740737636454
69c4523a6b289c52fcb3863ec6e0df115fecad68709320256967febbe86d906e,Guangzhou,ssp245,baseline_2020s,2025,perimeter_mid_zn_4,perimeter,middle,west,24.21708402817228,26.417328714029303,25.317206371100788,27.32687909513035,2.200244685857025,50.9622918221232,0.08497913756133597,0.2030697949230671,5.693247126436781,0.05481804595760407,0.0301610916037319
69c4523a6b289c52fcb3863ec6e0df115fecad68709320256967febbe86d906e,Guangzhou,ssp245,baseline_2020s,2025,perimeter_top_zn_1,perimeter,top,south,24.638815524535378,26.679353141961634,25.659084333248504,28.624484704055323,2.040537617426258,48.5300156664867,0.10848317248116728,0.30947739630937576,12.02705938697318,0.08050106794031879,0.02798210454084848
69c4523a6b289c52fcb3863ec6e0df115fecad68709320256967febbe86d906e,Guangzhou,ssp245,baseline_2020s,2025,perimeter_top_zn_2,perimeter,top,east,24.206319915324602,26.30279805689544,25.254558986110027,27.548893130222794,2.0964781415708367,50.23443125310132,0.08595246746841732,0.25144603941589594,5.992576628352491,0.055042237244988884,0.030910230223428443
69c4523a6b289c52fcb3863ec6e0df115fecad68709320256967febbe86d906e,Guangzhou,ssp245,baseline_2020s,2025,perimeter_top_zn_3,perimeter,top,north,24.44810389078381,26.238243199567787,25.343173545175794,28.317824219376522,1.7901393087839792,49.425406721740096,0.09425188577325533,0.27900369837880135,8.71647509578544,0.0640036127207443,0.030248273052511022
69c4523a6b289c52fcb3863ec6e0df115fecad68709320256967febbe86d906e,Guangzhou,ssp245,baseline_2020s,2025,perimeter_top_zn_4,perimeter,top,west,24.139467753440123,26.356328970438963,25.24789836193954,27.302939735187937,2.216861216998835,50.33840174512426,0.08338304409084356,0.2030697949230671,5.346024904214559,0.05259677888032707,0.030786265210516486
6b61e1dc71fb3e88f344ccbcff1ad1f5a0ee142e85b3b0e5df4b4de10f02fd4e,Phoenix,ssp585,baseline_2020s,2029,core_bottom,core,bottom,core,24.17941889781248,26.24141640155608,25.210417649684278,26.368875457601874,2.061997503743605,34.445020477459195,0.08964182751523544,0.12667039781808853,0.7962164750957854,0.06034739390677965,0.029294433608455798
6b61e1dc71fb3e88f344ccbcff1ad1f5a0ee142e85b3b0e5df4b4de10f02fd4e,Phoenix,ssp585,baseline_2020s,2029,core_mid,core,middle,core,24.412832885023683,25.99140298056818,25.202117932795932,27.208358718871636,1.5785700955444897,35.57818363906758,0.09553484262325855,0.2030697949230671,5.759099616858237,0.06691988794907162,0.028614954674186923
6b61e1dc71fb3e88f344ccbcff1ad1f5a0ee142e85b3b0e5df4b4de10f02fd4e,Phoenix,ssp585,baseline_2020s,2029,core_top,core,top,core,24.327839204225295,25.970733175180058,25.149286189702675,27.261123910729733,1.6428939709547692,35.43652155736327,0.09637622539411708,0.2034426648169756,5.741139846743295,0.06731984259308026,0.02905638280103683
6b61e1dc71fb3e88f344ccbcff1ad1f5a0ee142e85b3b0e5df4b4de10f02fd4e,Phoenix,ssp585,baseline_2020s,2029,perimeter_bot_zn_1,perimeter,bottom,south,25.04366785188912,27.436119719093643,26.239893785491383,29.30602757356712,2.3924518672045245,32.61957368560822,0.17169946519715062,0.44074804335832596,27.981321839080458,0.15104918676644602,0.02065027843070461
6b61e1dc71fb3e88f344ccbcff1ad1f5a0ee142e85b3b0e5df4b4de10f02fd4e,Phoenix,ssp585,baseline_2020s,2029,perimeter_bot_zn_2,perimeter,bottom,east,24.232124361052662,26.642080114864754,25.43710223795871,27.71687161979116,2.409955753812092,35.22639487479368,0.11030542599511481,0.29288436844944954,9.572557471264368,0.08377483818043109,0.026530587814683725
6b61e1dc71fb3e88f344ccbcff1ad1f5a0ee142e85b3b0e5df4b4de10f02fd4e,Phoenix,ssp585,baseline_2020s,2029,perimeter_bot_zn_3,perimeter,bottom,north,24.27687879150296,25.76480236218995,25.020840576846457,27.431630476293048,1.4879235706869947,35.98949797793956,0.10199306389618883,0.25947653129696846,8.512931034482758,0.07113256612813798,0.03086049776805085
6b61e1dc71fb3e88f344ccbcff1ad1f5a0ee142e85b3b0e5df4b4de10f02fd4e,Phoenix,ssp585,baseline_2020s,2029,perimeter_bot_zn_4,perimeter,bottom,west,24.1847450430586,26.620916758122387,25.402830900590494,27.55883548640451,2.4361717150637854,35.503679275307874,0.10644315866993984,0.2619786560535431,7.477250957854406,0.07948297340025005,0.02696018526968979
6b61e1dc71fb3e88f344ccbcff1ad1f5a0ee142e85b3b0e5df4b4de10f02fd4e,Phoenix,ssp585,baseline_2020s,2029,perimeter_mid_zn_1,perimeter,middle,south,24.867112422623997,27.377141220522066,26.12212682157303,28.774431170546666,2.51002879789807,33.99131791522084,0.16413327617040477,0.4198947085533291,27.78975095785441,0.14199191513037535,0.022141361040029416
6b61e1dc71fb3e88f344ccbcff1ad1f5a0ee142e85b3b0e5df4b4de10f02fd4e,Phoenix,ssp585,baseline_2020s,2029,perimeter_mid_zn_2,perimeter,middle,east,24.20088497036459,26.734129074693904,25.467507022529247,27.710942516334246,2.5332441043293166,35.580919341585236,0.10931358665725889,0.2886642552912235,8.512931034482758,0.08304479339992328,0.02626879325733561
6b61e1dc71fb3e88f344ccbcff1ad1f5a0ee142e85b3b0e5df4b4de10f02fd4e,Phoenix,ssp585,baseline_2020s,2029,perimeter_mid_zn_3,perimeter,middle,north,24.431537997449265,26.147451661996065,25.289494829722663,27.9495290448687,1.7159136645467974,35.7254566766541,0.11269300449031557,0.3101632185280323,11.85344827586207,0.08515597928387436,0.027537025206441204
6b61e1dc71fb3e88f344ccbcff1ad1f5a0ee142e85b3b0e5df4b4de10f02fd4e,Phoenix,ssp585,baseline_2020s,2029,perimeter_mid_zn_4,perimeter,middle,west,24.211108303571585,26.75503914555351,25.483073724562548,28.01668045511678,2.5439308419819273,35.93874216816059,0.11212642819344015,0.3101632185280323,8.800287356321839,0.08552741114753994,0.02659901704590021
6b61e1dc71fb3e88f344ccbcff1ad1f5a0ee142e85b3b0e5df4b4de10f02fd4e,Phoenix,ssp585,baseline_2020s,2029,perimeter_top_zn_1,perimeter,top,south,24.686410108150554,27.285341096369816,25.985875602260183,28.652333132122422,2.598930988219265,33.99431063598516,0.15527833395186685,0.3811948134098202,24.790469348659002,0.13231311637235377,0.0229652175795131
6b61e1dc71fb3e88f344ccbcff1ad1f5a0ee142e85b3b0e5df4b4de10f02fd4e,Phoenix,ssp585,baseline_2020s,2029,perimeter_top_zn_2,perimeter,top,east,24.187728399452695,26.74577641612929,25.466752407790995,27.92532027754002,2.5580480166765938,35.583938844139084,0.11367808016691373,0.3101632185280323,10.171216475095786,0.08738041569787021,0.026297664469043535
6b61e1dc71fb3e88f344ccbcff1ad1f5a0ee142e85b3b0e5df4b4de10f02fd4e,Phoenix,ssp585,baseline_2020s,2029,perimeter_top_zn_3,perimeter,top,north,24.315943684536748,26.100590065545184,25.208266875040962,27.999682490973026,1.784646381008431,35.71840538851089,0.11199612323186045,0.3101632185280323,11.536159003831417,0.08339386428534624,0.028602258946514202
6b61e1dc71fb3e88f344ccbcff1ad1f5a0ee142e85b3b0e5df4b4de10f02fd4e,Phoenix,ssp585,baseline_2020s,2029,perimeter_top_zn_4,perimeter,top,west,24.160702642773543,26.731153510687857,25.445928076730702,28.24993541425947,2.570450867914314,35.85628375047734,0.11550721388602458,0.37082353606820107,9.859913793103448,0.08832110833132219,0.027186105554702404
6c40f24ba73d9f21cd57b9f9d19d3fa6de786c5eedd96fafa8ed1aa70df83596,Houston,ssp585,mid_2050s,2055,core_bottom,core,bottom,core,24.538975044675993,26.430031861724228,25.48450345320011,27.463194808220766,1.891056817048233,47.812029028765956,0.09281959741224019,0.18974342942237854,3.8613505747126435,0.06473324996126205,0.028086347450978138
6c40f24ba73d9f21cd57b9f9d19d3fa6de786c5eedd96fafa8ed1aa70df83596,Houston,ssp585,mid_2050s,2055,core_mid,core,middle,core,24.83423759079525,26.173434150177947,25.5038358704866,28.162608754126676,1.3391965593827033,49.17036109427059,0.10266811603188387,0.27900369837880135,12.104885057471265,0.07497322551578942,0.027694890516094455
6c40f24ba73d9f21cd57b9f9d19d3fa6de786c5eedd96fafa8ed1aa70df83596,Houston,ssp585,mid_2050s,2055,core_top,core,top,core,24.591199365586917,26.02123387933676,25.30621662246184,28.02530321004548,1.4300345137498411,49.11381543876332,0.09505094286875135,0.26944269705563784,9.566570881226054,0.06568728509039923,0.02936365777835211
6c40f24ba73d9f21cd57b9f9d19d3fa6de786c5eedd96fafa8ed1aa70df83596,Houston,ssp585,mid_2050s,2055,perimeter_bot_zn_1,perimeter,bottom,south,24.914327719276333,26.777956966182774,25.846142342729554,29.043664862359222,1.8636292469064448,51.46212384545291,0.13628295882413166,0.3624461127910763,24.682710727969347,0.10946171807614288,0.02682124074798876
6c40f24ba73d9f21cd57b9f9d19d3fa6de786c5eedd96fafa8ed1aa70df83596,Houston,ssp585,mid_2050s,2055,perimeter_bot_zn_2,perimeter,bottom,east,24.413263410831437,26.34970479111206,25.381484100971747,28.34930240143051,1.9364413802806193,50.02419341178473,0.10210706517825978,0.2619786560535431,11.176963601532568,0.07168807992534364,0.030418985252916145
6c40f24ba73d9f21cd57b9f9d19d3fa6de786c5eedd96fafa8ed1aa70df83596,Houston,ssp585,mid_2050s,2055,perimeter_bot_zn_3,perimeter,bottom,north,24.56600364994003,25.902041943725678,25.23402279683285,28.00816978123906,1.336038293785642,49.96508477075718,0.09962937576263399,0.25947653129696846,9.680316091954024,0.06822052054309913,0.03140885521953487
6c40f24ba73d9f21cd57b9f9d19d3fa6de786c5eedd96fafa8ed1aa70df83596,Houston,ssp585,mid_2050s,2055,perimeter_bot_zn_4,perimeter,bottom,west,24.257120520553947,26.26877028319904,25.262945401876493,27.66905184805069,2.011649762645095,50.355257948414796,0.0898212830330222,0.25947653129696846,6.381704980842912,0.05927081262387052,0.030550470409151684
6c40f24ba73d9f21cd57b9f9d19d3fa6de786c5eedd96fafa8ed1aa70df83596,Houston,ssp585,mid_2050s,2055,perimeter_mid_zn_1,perimeter,middle,south,25.0256698845394,26.99439420862484,26.010032046582122,29.095079327269907,1.9687243240854386,48.502839255861794,0.13740675353948686,0.36701315734535456,22.623323754789272,0.11206431397785731,0.025342439561629564
6c40f24ba73d9f21cd57b9f9d19d3fa6de786c5eedd96fafa8ed1aa70df83596,Houston,ssp585,mid_2050s,2055,perimeter_mid_zn_2,perimeter,middle,east,24.46807559306701,26.583091699393876,25.525583646230444,28.737310806681144,2.1150161063268613,50.33376042541393,0.1080615120467447,0.3101632185280323,14.64918582375479,0.07929153718383022,0.02876997486291448
6c40f24ba73d9f21cd57b9f9d19d3fa6de786c5eedd96fafa8ed1aa70df83596,Houston,ssp585,mid_2050s,2055,perimeter_mid_zn_3,perimeter,middle,north,24.810553301768337,26.332850160010512,25.571701730889426,28.76833730160294,1.5222968582421676,49.84302197576124,0.11614918250362972,0.3101632185280323,17.049808429118773,0.08774509891013256,0.028404083593497168
6c40f24ba73d9f21cd57b9f9d19d3fa6de786c5eedd96fafa8ed1aa70df83596,Houston,ssp585,mid_2050s,2055,perimeter_mid_zn_4,perimeter,middle,west,24.316361319032747,26.506307821058105,25.411334570045426,28.09561773663756,2.1899465020253572,50.96974911801737,0.09766820448222875,0.27900369837880135,10.853687739463602,0.06835611752941143,0.029312086952817326
6c40f24ba73d9f21cd57b9f9d19d3fa6de786c5eedd96fafa8ed1aa70df83596,Houston,ssp585,mid_2050s,2055,perimeter_top_zn_1,perimeter,top,south,24.742190706630474,26.80330447685326,25.77274759174187,28.889842833449606,2.0611137702227826,48.65919416119393,0.12428084482173805,0.3624461127910763,18.199233716475096,0.09701865999765384,0.02726218482408422
6c40f24ba73d9f21cd57b9f9d19d3fa6de786c5eedd96fafa8ed1aa70df83596,Houston,ssp585,mid_2050s,2055,perimeter_top_zn_2,perimeter,top,east,24.378941069417483,26.500688221819875,25.43981464561868,28.706408982634958,2.121747152402391,50.33618132832179,0.10793207994759461,0.3101632185280323,14.218151340996169,0.07796731426498105,0.02996476568261356
6c40f24ba73d9f21cd57b9f9d19d3fa6de786c5eedd96fafa8ed1aa70df83596,Houston,ssp585,mid_2050s,2055,perimeter_top_zn_3,perimeter,top,north,24.57547692225589,26.174067061828254,25.374771992042067,28.67254711981772,1.598590139572364,49.898890281249486,0.10835960440693818,0.3021327266469598,14.00862068965517,0.07789819918289001,0.030461405224048166
6c40f24ba73d9f21cd57b9f9d19d3fa6de786c5eedd96fafa8ed1aa70df83596,Houston,ssp585,mid_2050s,2055,perimeter_top_zn_4,perimeter,top,west,24.181489160212855,26.388542694622497,25.285015927417675,28.03373364159453,2.20705353440964,50.84984939149482,0.09525930700925472,0.27900369837880135,10.171216475095786,0.06451225604076283,0.030747050968491896
6d7ffb99a5c7c5a4b5c8508332a20cf4dcffd34d0520c709c9114fef8a44cb8b,Beijing,ssp245,mid_2050s,2050,core_bottom,core,bottom,core,24.3447812075814,25.988554795832922,25.166668001707162,27.507128392183024,1.6437735882515216,33.638147035075065,0.11107657327696892,0.25525641813874245,6.39367816091954,0.09010245404772682,0.020974119229242093
6d7ffb99a5c7c5a4b5c8508332a20cf4dcffd34d0520c709c9114fef8a44cb8b,Beijing,ssp245,mid_2050s,2050,core_mid,core,middle,core,24.414688685338888,25.507670933340155,24.96117980933952,28.17699759309974,1.092982248001263,35.03833657030774,0.10097985038506152,0.27900369837880135,7.3036398467432955,0.07831581493466512,0.0226640354503964
6d7ffb99a5c7c5a4b5c8508332a20cf4dcffd34d0520c709c9114fef8a44cb8b,Beijing,ssp245,mid_2050s,2050,core_top,core,top,core,24.148541747225252,25.184427506480915,24.666484626853084,28.022603945143032,1.035885759255658,35.31722237451905,0.09288822387342514,0.2619786560535431,6.603208812260536,0.06813329964554136,0.024754924227883775
6d7ffb99a5c7c5a4b5c8508332a20cf4dcffd34d0520c709c9114fef8a44cb8b,Beijing,ssp245,mid_2050s,2050,perimeter_bot_zn_1,perimeter,bottom,south,23.941373330595695,26.0189386492979,24.980155989946798,28.78720103231978,2.077565318702203,35.51325623488289,0.11634710254800533,0.2975656820926815,11.649904214559387,0.09313068261280409,0.023216419935201238
6d7ffb99a5c7c5a4b5c8508332a20cf4dcffd34d0520c709c9114fef8a44cb8b,Beijing,ssp245,mid_2050s,2050,perimeter_bot_zn_2,perimeter,bottom,east,23.89471218586585,25.259100527449426,24.57690635665764,27.6972334490752,1.3643883415835771,36.929627738171654,0.08878535551255802,0.25947653129696846,5.950670498084292,0.06258282488216672,0.026202530630391293
6d7ffb99a5c7c5a4b5c8508332a20cf4dcffd34d0520c709c9114fef8a44cb8b,Beijing,ssp245,mid_2050s,2050,perimeter_bot_zn_3,perimeter,bottom,north,23.95863968172426,24.807923506235788,24.383281593980026,28.413139885133845,0.8492838245115201,36.86156737547335,0.09333314741090215,0.29288436844944954,8.231561302681992,0.06476040200923099,0.028572745401671172
6d7ffb99a5c7c5a4b5c8508332a20cf4dcffd34d0520c709c9114fef8a44cb8b,Beijing,ssp245,mid_2050s,2050,perimeter_bot_zn_4,perimeter,bottom,west,23.911708762137575,25.43139273207006,24.671550747103815,27.798049447262382,1.519683969932483,36.67747095637003,0.09119998146479877,0.25947653129696846,5.932710727969349,0.06550660331187577,0.02569337815292299
6d7ffb99a5c7c5a4b5c8508332a20cf4dcffd34d0520c709c9114fef8a44cb8b,Beijing,ssp245,mid_2050s,2050,perimeter_mid_zn_1,perimeter,middle,south,24.316043230487164,26.296417171324965,25.306230200906064,28.818941348358255,1.9803739408377996,34.1395585979035,0.12380670403651155,0.3101632185280323,11.793582375478927,0.10238796209455271,0.021418741941958835
6d7ffb99a5c7c5a4b5c8508332a20cf4dcffd34d0520c709c9114fef8a44cb8b,Beijing,ssp245,mid_2050s,2050,perimeter_mid_zn_2,perimeter,middle,east,23.94773843447158,25.51780432463101,24.732771379551295,28.01967609787801,1.5700658901594247,36.13114857739143,0.09319129716255925,0.2619786560535431,6.752873563218391,0.06819596526734183,0.02499533189521742
6d7ffb99a5c7c5a4b5c8508332a20cf4dcffd34d0520c709c9114fef8a44cb8b,Beijing,ssp245,mid_2050s,2050,perimeter_mid_zn_3,perimeter,middle,north,24.12666950447107,25.225006085243177,24.675837794857124,28.995882427494365,1.0983365807721053,36.07180596889547,0.1013442617198216,0.30947739630937576,10.201149425287356,0.07552098027154824,0.02582328144827335
6d7ffb99a5c7c5a4b5c8508332a20cf4dcffd34d0520c709c9114fef8a44cb8b,Beijing,ssp245,mid_2050s,2050,perimeter_mid_zn_4,perimeter,middle,west,23.933749882310178,25.640689560117313,24.787219721213745,27.924121793912317,1.7069396778071313,36.31190560741489,0.09659708390808334,0.25984940119087696,6.788793103448276,0.0717540140267862,0.024843069881297135
6d7ffb99a5c7c5a4b5c8508332a20cf4dcffd34d0520c709c9114fef8a44cb8b,Beijing,ssp245,mid_2050s,2050,perimeter_top_zn_1,perimeter,top,south,24.1186322373012,26.024659516283442,25.07164587679232,28.64623546289055,1.9060272789822423,34.32965947424609,0.11611396883387107,0.3006022172048688,9.788074712643677,0.09313037451753621,0.02298359431633485
6d7ffb99a5c7c5a4b5c8508332a20cf4dcffd34d0520c709c9114fef8a44cb8b,Beijing,ssp245,mid_2050s,2050,perimeter_top_zn_2,perimeter,top,east,23.817736565114938,25.285078825995996,24.551407695555472,28.10240269852632,1.4673422608810616,36.64304206275916,0.09143427122198146,0.2783178761601448,6.968390804597702,0.06477330912504937,0.02666096209693208
6d7ffb99a5c7c5a4b5c8508332a20cf4dcffd34d0520c709c9114fef8a44cb8b,Beijing,ssp245,mid_2050s,2050,perimeter_top_zn_3,perimeter,top,north,23.891300522270082,24.929497179879203,24.410398851074646,28.77493651955641,1.0381966576091224,36.257820619875204,0.09665950235131657,0.2975656820926815,8.764367816091955,0.06818051544764976,0.0284789869036668
6d7ffb99a5c7c5a4b5c8508332a20cf4dcffd34d0520c709c9114fef8a44cb8b,Beijing,ssp245,mid_2050s,2050,perimeter_top_zn_4,perimeter,top,west,23.765984663301204,25.376984618219815,24.57148464076051,27.836760267523193,1.61099995491861,36.48307579646825,0.09386673471350687,0.25947653129696846,6.423611111111111,0.0670398474244202,0.026826887289086675
6dd79682cbe77c6d0ea2129fd82d15c7c9853a31f7c11e40c01a7cb7c10dd96a,Guangzhou,ssp245,near_2030s,2031,core_bottom,core,bottom,core,24.38808695305365,26.298111499695096,25.34309922637437,27.001462372516894,1.910024546641443,47.891631609366,0.08240973949164751,0.1872413046658039,1.7181513409961684,0.052102554092514665,0.03030718539913285
6dd79682cbe77c6d0ea2129fd82d15c7c9853a31f7c11e40c01a7cb7c10dd96a,Guangzhou,ssp245,near_2030s,2031,core_mid,core,middle,core,24.57882839858708,25.987989150635727,25.283408774611402,27.623364033804236,1.4091607520486493,49.36722772341847,0.08389327278611843,0.2030697949230671,5.435823754789272,0.05375743138873049,0.03013584139738794
6dd79682cbe77c6d0ea2129fd82d15c7c9853a31f7c11e40c01a7cb7c10dd96a,Guangzhou,ssp245,near_2030s,2031,core_top,core,top,core,24.374735095666914,25.872833531469915,25.123784313568418,27.391663836816495,1.4980984358030014,48.77030814066177,0.07876808229268269,0.18974342942237854,4.436063218390805,0.04714450117915831,0.03162358111352437
6dd79682cbe77c6d0ea2129fd82d15c7c9853a31f7c11e40c01a7cb7c10dd96a,Guangzhou,ssp245,near_2030s,2031,perimeter_bot_zn_1,perimeter,bottom,south,24.862519458379456,26.581676543892144,25.7220980011358,28.65663766316444,1.719157085512688,53.04265085269916,0.1237684191412488,0.3101632185280323,19.899425287356323,0.09572420811384981,0.028044211027398996
6dd79682cbe77c6d0ea2129fd82d15c7c9853a31f7c11e40c01a7cb7c10dd96a,Guangzhou,ssp245,near_2030s,2031,perimeter_bot_zn_2,perimeter,bottom,east,24.161565838455285,25.97811937973016,25.06984260909272,26.999312106325664,1.8165535412748732,50.55059311196924,0.07613038223521593,0.1872413046658039,2.304837164750958,0.043675836887218634,0.03245454534799729
6dd79682cbe77c6d0ea2129fd82d15c7c9853a31f7c11e40c01a7cb7c10dd96a,Guangzhou,ssp245,near_2030s,2031,perimeter_bot_zn_3,perimeter,bottom,north,24.443991022992403,25.91649608764634,25.18024355531937,27.549572186547092,1.4725050646539377,49.70732482730236,0.08487116119430055,0.1912780549377181,4.190613026819923,0.053657344324778325,0.03121381686952222
6dd79682cbe77c6d0ea2129fd82d15c7c9853a31f7c11e40c01a7cb7c10dd96a,Guangzhou,ssp245,near_2030s,2031,perimeter_bot_zn_4,perimeter,bottom,west,24.1425558136349,26.079044684068926,25.110800248851913,26.84251248841455,1.9364888704340248,50.396412662781295,0.07586461455608946,0.12454070150852203,1.8558429118773947,0.043735803521199906,0.03212881103488956
6dd79682cbe77c6d0ea2129fd82d15c7c9853a31f7c11e40c01a7cb7c10dd96a,Guangzhou,ssp245,near_2030s,2031,perimeter_mid_zn_1,perimeter,middle,south,24.86247750990123,26.745736307134564,25.8041069085179,28.64576228921805,1.8832587972333377,48.71864258346553,0.11692200102230882,0.3101632185280323,14.284003831417625,0.08981649960238233,0.027105501419926483
6dd79682cbe77c6d0ea2129fd82d15c7c9853a31f7c11e40c01a7cb7c10dd96a,Guangzhou,ssp245,near_2030s,2031,perimeter_mid_zn_2,perimeter,middle,east,24.190847390951497,26.222976838291984,25.20691211462174,27.17366590421907,2.0321294473404894,50.75200455149821,0.08112396692683582,0.1876141745597124,4.465996168582375,0.049848613659465434,0.031275353267370395
6dd79682cbe77c6d0ea2129fd82d15c7c9853a31f7c11e40c01a7cb7c10dd96a,Guangzhou,ssp245,near_2030s,2031,perimeter_mid_zn_3,perimeter,middle,north,24.562128841326953,26.23969245799763,25.40091064966229,28.071291289707,1.677563616670684,49.85592170894708,0.09446526773152568,0.25947653129696846,8.171695402298852,0.06479784080925285,0.02966742692227282
6dd79682cbe77c6d0ea2129fd82d15c7c9853a31f7c11e40c01a7cb7c10dd96a,Guangzhou,ssp245,near_2030s,2031,perimeter_mid_zn_4,perimeter,middle,west,24.162385250827057,26.30325357918862,25.23281941500784,27.026255989204035,2.1408683283615644,50.955102290505764,0.08011177762127633,0.1872413046658039,3.5859674329501914,0.049170767191495976,0.030941010429780355
6dd79682cbe77c6d0ea2129fd82d15c7c9853a31f7c11e40c01a7cb7c10dd96a,Guangzhou,ssp245,near_2030s,2031,perimeter_top_zn_1,perimeter,top,south,24.568886895904477,26.566874113241028,25.567880504572756,28.405881118003037,1.9979872173365516,48.44896260717669,0.10398033149671726,0.3006022172048688,10.201149425287356,0.07517042630426791,0.028809905192449352
6dd79682cbe77c6d0ea2129fd82d15c7c9853a31f7c11e40c01a7cb7c10dd96a,Guangzhou,ssp245,near_2030s,2031,perimeter_top_zn_2,perimeter,top,east,24.13998860879192,26.18273989176109,25.161364250276502,27.231597829631717,2.042751282969166,50.18696109012843,0.08075866409327036,0.18748648837208748,4.454022988505748,0.04887465091978184,0.031884013173488525
6dd79682cbe77c6d0ea2129fd82d15c7c9853a31f7c11e40c01a7cb7c10dd96a,Guangzhou,ssp245,near_2030s,2031,perimeter_top_zn_3,perimeter,top,north,24.364806486428797,26.117708135053714,25.241257310741258,27.854025478109108,1.7529016486249207,49.40948966164892,0.08813567083041325,0.25947653129696846,6.166187739463601,0.0572119168778306,0.030923753952582646
6dd79682cbe77c6d0ea2129fd82d15c7c9853a31f7c11e40c01a7cb7c10dd96a,Guangzhou,ssp245,near_2030s,2031,perimeter_top_zn_4,perimeter,top,west,24.087182404794042,26.238955671813255,25.16306903830365,26.956767392776335,2.151773267019216,50.230121068957736,0.07883928529968373,0.1872413046658039,3.699712643678161,0.04726601505831153,0.031573270241372194
73cd61f2c3ce16cd2bdcc7ba1c2c8672ff3bb595e4ed7c4603d16cf7767ad8d1,Houston,ssp245,baseline_2020s,2026,core_bottom,core,bottom,core,24.435901128014613,26.294562673805206,25.36523190090991,27.08385215983686,1.8586615457905886,47.56351206555596,0.08387943228737493,0.1872413046658039,1.9276819923371646,0.05616503020882753,0.02771440207854741
73cd61f2c3ce16cd2bdcc7ba1c2c8672ff3bb595e4ed7c4603d16cf7767ad8d1,Houston,ssp245,baseline_2020s,2026,core_mid,core,middle,core,24.692075590013673,26.006685567079103,25.349380578546384,27.66601681932881,1.3146099770654294,48.96917189272451,0.09010875467950312,0.25947653129696846,6.992337164750957,0.062411361293841804,0.027697393385661316
73cd61f2c3ce16cd2bdcc7ba1c2c8672ff3bb595e4ed7c4603d16cf7767ad8d1,Houston,ssp245,baseline_2020s,2026,core_top,core,top,core,24.437894385556703,25.84094830347717,25.139421344516933,27.515645043113487,1.403053917920462,48.85949291902304,0.08400302180382326,0.2030697949230671,5.381944444444445,0.054120349102924306,0.029882672700898942
73cd61f2c3ce16cd2bdcc7ba1c2c8672ff3bb595e4ed7c4603d16cf7767ad8d1,Houston,ssp245,baseline_2020s,2026,perimeter_bot_zn_1,perimeter,bottom,south,24.74437279001864,26.603107312047456,25.673740051033054,28.660540058184573,1.858734522028817,51.443612604117526,0.12389545915827034,0.3101632185280323,19.881465517241377,0.09706192253910405,0.026833536619166296
73cd61f2c3ce16cd2bdcc7ba1c2c8672ff3bb595e4ed7c4603d16cf7767ad8d1,Houston,ssp245,baseline_2020s,2026,perimeter_bot_zn_2,perimeter,bottom,east,24.27700860938542,26.190860299018606,25.23393445420201,27.93856449971005,1.9138516896331883,49.948903896735004,0.09188409338980558,0.25947653129696846,7.327586206896551,0.06172982617662738,0.030154267213178192
73cd61f2c3ce16cd2bdcc7ba1c2c8672ff3bb595e4ed7c4603d16cf7767ad8d1,Houston,ssp245,baseline_2020s,2026,perimeter_bot_zn_3,perimeter,bottom,north,24.41626252814719,25.740460267528263,25.078361397837725,27.531354428783995,1.324197739381076,49.91673995745418,0.08640437101985647,0.1899886131286621,4.005028735632184,0.05536473444229219,0.031039636577564287
73cd61f2c3ce16cd2bdcc7ba1c2c8672ff3bb595e4ed7c4603d16cf7767ad8d1,Houston,ssp245,baseline_2020s,2026,perimeter_bot_zn_4,perimeter,bottom,west,24.122487262082185,26.108854275026953,25.115670768554565,27.235025300714856,1.9863670129447684,50.29239808584142,0.08097426352132168,0.1872413046658039,2.921455938697318,0.050170750470336443,0.030803513050985245
73cd61f2c3ce16cd2bdcc7ba1c2c8672ff3bb595e4ed7c4603d16cf7767ad8d1,Houston,ssp245,baseline_2020s,2026,perimeter_mid_zn_1,perimeter,middle,south,24.866879602977797,26.819531407307185,25.84320550514249,28.66428972286858,1.9526518043293841,48.38275289853618,0.126732139198215,0.3624461127910763,18.13936781609195,0.10131237261716305,0.025419766581051946
73cd61f2c3ce16cd2bdcc7ba1c2c8672ff3bb595e4ed7c4603d16cf7767ad8d1,Houston,ssp245,baseline_2020s,2026,perimeter_mid_zn_2,perimeter,middle,east,24.31274129923247,26.408356450379067,25.360548874805772,28.323775489970487,2.0956151511465966,50.20570151906896,0.09741329012016148,0.2927814951166501,10.069444444444445,0.06848825636758939,0.028925033752572094
73cd61f2c3ce16cd2bdcc7ba1c2c8672ff3bb595e4ed7c4603d16cf7767ad8d1,Houston,ssp245,baseline_2020s,2026,perimeter_mid_zn_3,perimeter,middle,north,24.63725523421927,26.152642864283617,25.39494904925144,28.249063401736795,1.515387630064345,49.77251123845521,0.10370814611101492,0.27900369837880135,11.404454022988505,0.07514116120887332,0.028566984902141605
73cd61f2c3ce16cd2bdcc7ba1c2c8672ff3bb595e4ed7c4603d16cf7767ad8d1,Houston,ssp245,baseline_2020s,2026,perimeter_mid_zn_4,perimeter,middle,west,24.171899728166025,26.336887379975384,25.254393554070706,27.641643629683166,2.164987651809357,50.82789290356278,0.08792470554629732,0.20557191967964172,6.2140804597701145,0.058365651492209625,0.029559054054087697
73cd61f2c3ce16cd2bdcc7ba1c2c8672ff3bb595e4ed7c4603d16cf7767ad8d1,Houston,ssp245,baseline_2020s,2026,perimeter_top_zn_1,perimeter,top,south,24.576702559931196,26.617462609451803,25.597082584691503,28.495775860146367,2.0407600495206077,48.48986740926936,0.11438314052279096,0.3101632185280323,14.152298850574713,0.08687839992470385,0.027504740598087107
73cd61f2c3ce16cd2bdcc7ba1c2c8672ff3bb595e4ed7c4603d16cf7767ad8d1,Houston,ssp245,baseline_2020s,2026,perimeter_top_zn_2,perimeter,top,east,24.220149016865292,26.316751126387658,25.268450071626475,28.252868664442424,2.0966021095223706,50.18547417135973,0.0971939577841489,0.27900369837880135,9.90780651340996,0.06684309776477208,0.03035086001937681
73cd61f2c3ce16cd2bdcc7ba1c2c8672ff3bb595e4ed7c4603d16cf7767ad8d1,Houston,ssp245,baseline_2020s,2026,perimeter_top_zn_3,perimeter,top,north,24.391865307077044,25.980864648927117,25.18636497800208,28.20153373685241,1.5889993418500692,49.78951621444158,0.09706787243726031,0.25984940119087696,9.20138888888889,0.06617774056351897,0.03089013187374134
73cd61f2c3ce16cd2bdcc7ba1c2c8672ff3bb595e4ed7c4603d16cf7767ad8d1,Houston,ssp245,baseline_2020s,2026,perimeter_top_zn_4,perimeter,top,west,24.045344871324797,26.217700864509887,25.131522867917344,27.59179763003683,2.1723559931850924,50.61213658068974,0.08701440231976393,0.2030697949230671,6.154214559386973,0.05582136659771677,0.03119303572204716
757924282223c190026ed536d677b9ac479cbf48e3795636808742c93d7606f2,Guangzhou,ssp245,mid_2050s,2055,core_bottom,core,bottom,core,24.532534799704763,26.53304976992914,25.53279228481695,27.523218957294915,2.0005149702243754,49.23576645998055,0.09165292119010088,0.2030697949230671,5.262212643678161,0.0626514110445126,0.029001510145588265
757924282223c190026ed536d677b9ac479cbf48e3795636808742c93d7606f2,Guangzhou,ssp245,mid_2050s,2055,core_mid,core,middle,core,24.79798355635449,26.284671498634307,25.541327527494396,28.1003393478366,1.486687942279814,50.57872088258667,0.09866388888577565,0.29288436844944954,10.985392720306514,0.0703625357758889,0.02830135310988675
757924282223c190026ed536d677b9ac479cbf48e3795636808742c93d7606f2,Guangzhou,ssp245,mid_2050s,2055,core_top,core,top,core,24.58170183599058,26.193401854893594,25.387551845442086,28.01554426122539,1.6117000189030166,50.148802589326834,0.09220864928930597,0.27900369837880135,9.410919540229886,0.06260714476369009,0.029601504525615878
757924282223c190026ed536d677b9ac479cbf48e3795636808742c93d7606f2,Guangzhou,ssp245,mid_2050s,2055,perimeter_bot_zn_1,perimeter,bottom,south,25.25728035331422,27.138935163188748,26.19810775825148,29.346289816307134,1.8816548098745307,53.616707194172974,0.14581626248714044,0.36548264790326357,27.101293103448278,0.1213498576030169,0.02446640488412354
757924282223c190026ed536d677b9ac479cbf48e3795636808742c93d7606f2,Guangzhou,ssp245,mid_2050s,2055,perimeter_bot_zn_2,perimeter,bottom,east,24.36266582029814,26.422385490747605,25.39252565552287,27.791650190714034,2.0597196704494594,51.2166807500489,0.09020573533476545,0.25947653129696846,7.650862068965517,0.06035090431652854,0.02985483101823691
757924282223c190026ed536d677b9ac479cbf48e3795636808742c93d7606f2,Guangzhou,ssp245,mid_2050s,2055,perimeter_bot_zn_3,perimeter,bottom,north,24.722839071848504,26.366231797067076,25.54453543445779,28.33180264007686,1.6433927252185745,50.267520930519794,0.10392161277619288,0.29288436844944954,11.66786398467433,0.07512617613425544,0.02879543664193745
757924282223c190026ed536d677b9ac479cbf48e3795636808742c93d7606f2,Guangzhou,ssp245,mid_2050s,2055,perimeter_bot_zn_4,perimeter,bottom,west,24.32070217448841,26.539668202466355,25.430185188477388,27.63285995370694,2.218966027977948,51.15407268960016,0.08959741889357177,0.25947653129696846,6.842672413793103,0.0598885614862728,0.02970885740729897
757924282223c190026ed536d677b9ac479cbf48e3795636808742c93d7606f2,Guangzhou,ssp245,mid_2050s,2055,perimeter_mid_zn_1,perimeter,middle,south,25.243452749201303,27.27950501276399,26.26147888098265,29.407973672666298,2.0360522635626848,49.441514447257134,0.1457782173344999,0.37082353606820107,24.263649425287355,0.12188293426422495,0.02389528307027493
757924282223c190026ed536d677b9ac479cbf48e3795636808742c93d7606f2,Guangzhou,ssp245,mid_2050s,2055,perimeter_mid_zn_2,perimeter,middle,east,24.37229802492703,26.640682118071812,25.506490071499417,28.03811915467826,2.268384093144784,51.85901520285712,0.09521800817035987,0.27900369837880135,9.446839080459771,0.0662127376811256,0.02900527048923427
757924282223c190026ed536d677b9ac479cbf48e3795636808742c93d7606f2,Guangzhou,ssp245,mid_2050s,2055,perimeter_mid_zn_3,perimeter,middle,north,24.85441007943549,26.684576794536348,25.76949343698592,28.898936099295177,1.830166715100857,50.68830307510411,0.11357272860366448,0.3101632185280323,15.439415708812259,0.08649751937697718,0.0270752092266873
757924282223c190026ed536d677b9ac479cbf48e3795636808742c93d7606f2,Guangzhou,ssp245,mid_2050s,2055,perimeter_mid_zn_4,perimeter,middle,west,24.328273484176478,26.735932595590853,25.53210303988367,27.77942951440848,2.4076591114143735,52.1063946680253,0.09390926533670535,0.25984940119087696,9.07567049808429,0.06503540017826963,0.02887386515843573
757924282223c190026ed536d677b9ac479cbf48e3795636808742c93d7606f2,Guangzhou,ssp245,mid_2050s,2055,perimeter_top_zn_1,perimeter,top,south,24.921975938281303,27.107504565758717,26.01474025202001,29.148326279867504,2.185528627477415,49.369300799982675,0.1293941794738133,0.36548264790326357,18.654214559386972,0.10367335734681059,0.025720822127002704
757924282223c190026ed536d677b9ac479cbf48e3795636808742c93d7606f2,Guangzhou,ssp245,mid_2050s,2055,perimeter_top_zn_2,perimeter,top,east,24.337935622520362,26.63091744800624,25.484426535263303,28.15074806380335,2.2929818254858785,51.37064812084663,0.09544662882339344,0.29288436844944954,9.889846743295019,0.06616439056601482,0.029282238257378614
757924282223c190026ed536d677b9ac479cbf48e3795636808742c93d7606f2,Guangzhou,ssp245,mid_2050s,2055,perimeter_top_zn_3,perimeter,top,north,24.656191703745623,26.585664112511488,25.620927908128554,28.792558652919524,1.9294724087658597,50.38993121413922,0.10673881031137822,0.3101632185280323,13.080699233716475,0.07853248117852223,0.028206329132855996
757924282223c190026ed536d677b9ac479cbf48e3795636808742c93d7606f2,Guangzhou,ssp245,mid_2050s,2055,perimeter_top_zn_4,perimeter,top,west,24.252724489022967,26.69198605187792,25.472355270450443,27.69153087463752,2.439261562854952,51.54259810952749,0.09183857558851895,0.25947653129696846,8.518917624521073,0.06251653080670765,0.029322044781811305
77f504c2516a5487bcae250047e3d87b4d6c31e11657f87a69487209752304b3,Phoenix,ssp585,late_2080s,2089,core_bottom,core,bottom,core,24.623246298647445,26.732932745676944,25.678089522162193,28.060510912013598,2.1096864470295005,39.53886891837171,0.12477276070117932,0.3101632185280323,16.07998084291188,0.09521106015218438,0.029561700548994947
77f504c2516a5487bcae250047e3d87b4d6c31e11657f87a69487209752304b3,Phoenix,ssp585,late_2080s,2089,core_mid,core,middle,core,25.05594015192427,26.63150790556826,25.843724028746262,28.80688198926309,1.5755677536439945,40.52607062891684,0.15154984156676454,0.42446175310760736,25.736350574712645,0.12495990933672439,0.026589932230040157
77f504c2516a5487bcae250047e3d87b4d6c31e11657f87a69487209752304b3,Phoenix,ssp585,late_2080s,2089,core_top,core,top,core,24.980691789561,26.67604185548785,25.828366822524426,29.012911619565955,1.695350065926853,40.15443792141863,0.1546141781432424,0.42888039723038673,26.155411877394634,0.12764975536967918,0.026964422773563243
77f504c2516a5487bcae250047e3d87b4d6c31e11657f87a69487209752304b3,Phoenix,ssp585,late_2080s,2089,perimeter_bot_zn_1,perimeter,bottom,south,25.996735555833766,28.27513395609613,27.135934755964946,31.328856453393332,2.2783984002623687,36.68190240883456,0.25376449674937157,0.6241571737919003,44.576149425287355,0.2351035669735803,0.018660929775791254
77f504c2516a5487bcae250047e3d87b4d6c31e11657f87a69487209752304b3,Phoenix,ssp585,late_2080s,2089,perimeter_bot_zn_2,perimeter,bottom,east,24.829638014111616,27.33348486744502,26.081561440778316,29.547655472563203,2.503846853333401,39.846664031858204,0.17434229667959075,0.5243842436466366,27.93941570881226,0.14833946474555745,0.026002831934033303
77f504c2516a5487bcae250047e3d87b4d6c31e11657f87a69487209752304b3,Phoenix,ssp585,late_2080s,2089,perimeter_bot_zn_3,perimeter,bottom,north,25.022921505341042,26.559416422580753,25.7911689639609,29.35595020997172,1.5364949172397109,40.149258114323324,0.1712380889513666,0.5213801695499569,29.07088122605364,0.1434273116006333,0.027810777350733305
77f504c2516a5487bcae250047e3d87b4d6c31e11657f87a69487209752304b3,Phoenix,ssp585,late_2080s,2089,perimeter_bot_zn_4,perimeter,bottom,west,24.714293411391548,27.262929912157265,25.988611661774407,29.556397797157544,2.5486365007657152,40.245556559975086,0.16115225491487403,0.5243842436466366,24.161877394636015,0.1341570438822719,0.026995211032602152
77f504c2516a5487bcae250047e3d87b4d6c31e11657f87a69487209752304b3,Phoenix,ssp585,late_2080s,2089,perimeter_mid_zn_1,perimeter,middle,south,25.59026100034049,28.125438981825816,26.857849991083153,30.566246036001814,2.535177981485326,38.57244813776036,0.2312035662051625,0.6120837165508419,43.917624521072796,0.21082637120788503,0.020377194997277474
77f504c2516a5487bcae250047e3d87b4d6c31e11657f87a69487209752304b3,Phoenix,ssp585,late_2080s,2089,perimeter_mid_zn_2,perimeter,middle,east,24.80184174280287,27.459355913162085,26.130598827982475,29.76210456885472,2.657514170359213,40.64108871026615,0.1724853445201257,0.5259472141042352,26.209291187739463,0.14685398082918366,0.025631363690942054
77f504c2516a5487bcae250047e3d87b4d6c31e11657f87a69487209752304b3,Phoenix,ssp585,late_2080s,2089,perimeter_mid_zn_3,perimeter,middle,north,25.234224556772816,26.983738430802752,26.108981493787788,29.889334357093738,1.7495138740299434,40.20633568208362,0.1880003036382115,0.5243842436466366,31.148227969348657,0.16286158131248624,0.025138722325725258
77f504c2516a5487bcae250047e3d87b4d6c31e11657f87a69487209752304b3,Phoenix,ssp585,late_2080s,2089,perimeter_mid_zn_4,perimeter,middle,west,24.728663780891928,27.42312192315064,26.075892852021287,30.373818318446535,2.6944581422587075,41.184714956034654,0.16072252505813825,0.5297575928270817,22.168342911877396,0.13405225751994015,0.02667026753819809
77f504c2516a5487bcae250047e3d87b4d6c31e11657f87a69487209752304b3,Phoenix,ssp585,late_2080s,2089,perimeter_top_zn_1,perimeter,top,south,25.431250918039225,28.092971546319273,26.762111232179247,30.684627191548657,2.6617206282800474,38.42073454467493,0.22450056213184044,0.6120837165508419,40.93630268199234,0.20331313418368524,0.021187427948155195
77f504c2516a5487bcae250047e3d87b4d6c31e11657f87a69487209752304b3,Phoenix,ssp585,late_2080s,2089,perimeter_top_zn_2,perimeter,top,east,24.871492204127012,27.56089684938973,26.216194526758372,30.041393150158413,2.689404645262721,40.27383502225762,0.18664142716422258,0.6120837165508419,28.675766283524908,0.16151926451525694,0.025122162648965628
77f504c2516a5487bcae250047e3d87b4d6c31e11657f87a69487209752304b3,Phoenix,ssp585,late_2080s,2089,perimeter_top_zn_3,perimeter,top,north,25.137905641939145,26.996180450910337,26.067043046424736,30.050379493803415,1.8582748089711878,39.990421719661796,0.18944486550345535,0.5259472141042352,30.91475095785441,0.16356121510513916,0.025883650398316194
77f504c2516a5487bcae250047e3d87b4d6c31e11657f87a69487209752304b3,Phoenix,ssp585,late_2080s,2089,perimeter_top_zn_4,perimeter,top,west,24.70106815700977,27.45710231014267,26.079085233576222,30.70804818420129,2.7560341531328976,40.882203511334865,0.16374045914912744,0.612059343373403,22.38984674329502,0.1367082190187492,0.027032240130378256
7995a16e91791ea2e067d3110ed6d377fde394064a2fbdc398852daf36abe908,Phoenix,ssp245,late_2080s,2081,core_bottom,core,bottom,core,24.257904361863243,26.31490692824434,25.286405645053794,26.9550333014057,2.057002566381095,35.91770798287202,0.09618036331257862,0.18748648837208748,4.352250957854406,0.06586280129378227,0.030317562018796335
7995a16e91791ea2e067d3110ed6d377fde394064a2fbdc398852daf36abe908,Phoenix,ssp245,late_2080s,2081,core_mid,core,middle,core,24.519612492579146,26.08468314317513,25.302147817877138,27.685113192866652,1.5650706505959824,37.06725899154815,0.10507954689075276,0.2641083523631096,9.710249042145595,0.07619243506895257,0.028887111821800194
7995a16e91791ea2e067d3110ed6d377fde394064a2fbdc398852daf36abe908,Phoenix,ssp245,late_2080s,2081,core_top,core,top,core,24.43497307844557,26.07814815041246,25.256560614429016,27.67806412278153,1.643175071966891,36.82539791564422,0.1058111356035126,0.27900369837880135,9.494731800766283,0.07648082201266965,0.029330313590842958
7995a16e91791ea2e067d3110ed6d377fde394064a2fbdc398852daf36abe908,Phoenix,ssp245,late_2080s,2081,perimeter_bot_zn_1,perimeter,bottom,south,25.198009696719076,27.512839027450713,26.355424362084896,29.723026932335664,2.3148293307316368,33.91976689320619,0.18708090629254448,0.5244167046621442,31.255986590038315,0.16608111621903202,0.020999790073512478
7995a16e91791ea2e067d3110ed6d377fde394064a2fbdc398852daf36abe908,Phoenix,ssp245,late_2080s,2081,perimeter_bot_zn_2,perimeter,bottom,east,24.315156594828657,26.706772013387116,25.51096430410789,28.17771554578031,2.3916154185584584,36.758646664549346,0.11993805578446161,0.37435782700777054,12.547892720306514,0.09218454470909718,0.02775351107536442
7995a16e91791ea2e067d3110ed6d377fde394064a2fbdc398852daf36abe908,Phoenix,ssp245,late_2080s,2081,perimeter_bot_zn_3,perimeter,bottom,north,24.397465738050386,25.868385473873463,25.132925605961923,28.079298192911317,1.4709197358230754,37.364654850643596,0.11429770244582357,0.3750436492264271,12.55986590038314,0.08370439473021521,0.030593307715608364
7995a16e91791ea2e067d3110ed6d377fde394064a2fbdc398852daf36abe908,Phoenix,ssp245,late_2080s,2081,perimeter_bot_zn_4,perimeter,bottom,west,24.259219350636783,26.67599455099261,25.467606950814698,28.100111667607678,2.4167752003558283,37.03671805719242,0.11591176439967173,0.31266534328460693,10.470545977011495,0.08764126589283136,0.02827049850684036
7995a16e91791ea2e067d3110ed6d377fde394064a2fbdc398852daf36abe908,Phoenix,ssp245,late_2080s,2081,perimeter_mid_zn_1,perimeter,middle,south,24.949396102758023,27.42888284861014,26.18913947568408,29.088080883272333,2.4794867458521206,35.43936751348289,0.1709392447713514,0.43558428063988686,29.0110153256705,0.14855742073279782,0.022381824038553582
7995a16e91791ea2e067d3110ed6d377fde394064a2fbdc398852daf36abe908,Phoenix,ssp245,late_2080s,2081,perimeter_mid_zn_2,perimeter,middle,east,24.297346978189864,26.818539502572754,25.557943240381316,28.219729853175476,2.521192524382887,37.13065486793139,0.11922529955655553,0.3750436492264271,11.308668582375478,0.09207980609583664,0.02714549346071888
7995a16e91791ea2e067d3110ed6d377fde394064a2fbdc398852daf36abe908,Phoenix,ssp245,late_2080s,2081,perimeter_mid_zn_3,perimeter,middle,north,24.56718989102805,26.265851670142187,25.41652078058512,28.466003553330573,1.6986617791141385,37.147433959856365,0.1264022065923869,0.3750436492264271,15.367576628352491,0.09869830697492546,0.02770389961746144
7995a16e91791ea2e067d3110ed6d377fde394064a2fbdc398852daf36abe908,Phoenix,ssp245,late_2080s,2081,perimeter_mid_zn_4,perimeter,middle,west,24.290418687179034,26.825459727961253,25.557939207570143,28.508874002320315,2.5350410407822186,37.526432392182166,0.11974575558488698,0.3750436492264271,10.596264367816092,0.09186703090749322,0.02787872467739376
7995a16e91791ea2e067d3110ed6d377fde394064a2fbdc398852daf36abe908,Phoenix,ssp245,late_2080s,2081,perimeter_top_zn_1,perimeter,top,south,24.77785313326651,27.352892231206447,26.06537268223648,29.029810933242636,2.5750390979399334,35.366008564904874,0.1630880906453814,0.4324922449886799,26.16139846743295,0.1398952658790194,0.023192824766362
7995a16e91791ea2e067d3110ed6d377fde394064a2fbdc398852daf36abe908,Phoenix,ssp245,late_2080s,2081,perimeter_top_zn_2,perimeter,top,east,24.303387245041936,26.850528411608497,25.576957828325217,28.539717103158736,2.5471411665665653,37.00624319287217,0.12520027783416324,0.3750436492264271,13.338122605363983,0.09830288035793755,0.026897397476225694
7995a16e91791ea2e067d3110ed6d377fde394064a2fbdc398852daf36abe908,Phoenix,ssp245,late_2080s,2081,perimeter_top_zn_3,perimeter,top,north,24.459283609774225,26.234159901710793,25.34672175574251,28.491897124369657,1.774876291936568,37.03203667391942,0.12593355267906897,0.3750436492264271,15.15205938697318,0.09731650721873657,0.028617045460332415
7995a16e91791ea2e067d3110ed6d377fde394064a2fbdc398852daf36abe908,Phoenix,ssp245,late_2080s,2081,perimeter_top_zn_4,perimeter,top,west,24.247064874001698,26.815835101521504,25.531449987761604,28.746700623300605,2.5687702275198063,37.33484512961133,0.12301027289988088,0.3925763839855739,11.230842911877396,0.09485858458069098,0.028151688319189905
79dd9d04914e697174ed85a53c1097c16a6ac61c9408aa2c8085da25ec13d9ee,Kolkata,ssp245,baseline_2020s,2026,core_bottom,core,bottom,core,24.621338617123214,26.636208681715168,25.628773649419188,27.462136262296568,2.0148700645919546,51.52063212401629,0.09400748981257298,0.25947653129696846,7.2138409961685825,0.06509815767958048,0.028909332132992495
79dd9d04914e697174ed85a53c1097c16a6ac61c9408aa2c8085da25ec13d9ee,Kolkata,ssp245,baseline_2020s,2026,core_mid,core,middle,core,24.93742299595583,26.425796065765173,25.681609530860502,28.092533032851563,1.4883730698093391,52.62976155071219,0.10571352234640183,0.29325723834335804,14.050526819923373,0.07762179483278873,0.028091727513613083
79dd9d04914e697174ed85a53c1097c16a6ac61c9408aa2c8085da25ec13d9ee,Kolkata,ssp245,baseline_2020s,2026,core_top,core,top,core,24.718398714219546,26.36469024523962,25.541544479729584,28.12339508188967,1.6462915310200663,52.03887805881224,0.09960235004120714,0.29288436844944954,12.541906130268199,0.07050409186080588,0.029098258180401272
79dd9d04914e697174ed85a53c1097c16a6ac61c9408aa2c8085da25ec13d9ee,Kolkata,ssp245,baseline_2020s,2026,perimeter_bot_zn_1,perimeter,bottom,south,25.53689256144537,27.40696233391076,26.471927447678066,28.92255573708832,1.8700697724653894,56.03654627563541,0.15710540917576907,0.32677866891026497,32.339559386973185,0.13421642291320576,0.022888986262563308
79dd9d04914e697174ed85a53c1097c16a6ac61c9408aa2c8085da25ec13d9ee,Kolkata,ssp245,baseline_2020s,2026,perimeter_bot_zn_2,perimeter,bottom,east,24.380192945217168,26.552775484926777,25.46648421507197,27.349729010000605,2.172582539709609,53.382589495661115,0.0867017222040621,0.20557191967964172,6.645114942528736,0.057301974383346076,0.029399747820716027
79dd9d04914e697174ed85a53c1097c16a6ac61c9408aa2c8085da25ec13d9ee,Kolkata,ssp245,baseline_2020s,2026,perimeter_bot_zn_3,perimeter,bottom,north,24.776352123400343,26.478635533833117,25.627493828616732,27.879209481138997,1.7022834104327702,52.35072415539486,0.09887427711805598,0.27900369837880135,9.638409961685824,0.07099133608601826,0.027882941032037714
79dd9d04914e697174ed85a53c1097c16a6ac61c9408aa2c8085da25ec13d9ee,Kolkata,ssp245,baseline_2020s,2026,perimeter_bot_zn_4,perimeter,bottom,west,24.263918262923536,26.45086245831679,25.35739036062016,27.03548943854376,2.1869441953932527,53.760290597131686,0.08058967535935746,0.19891560450196266,4.855124521072797,0.05008617460850798,0.03050350075084948
79dd9d04914e697174ed85a53c1097c16a6ac61c9408aa2c8085da25ec13d9ee,Kolkata,ssp245,baseline_2020s,2026,perimeter_mid_zn_1,perimeter,middle,south,25.46318314256316,27.51802085585005,26.490601999206604,29.313124542434867,2.054837713286893,51.07653019132074,0.16076946837050457,0.3750436492264271,31.69300766283525,0.13755181710018555,0.023217651270319023
79dd9d04914e697174ed85a53c1097c16a6ac61c9408aa2c8085da25ec13d9ee,Kolkata,ssp245,baseline_2020s,2026,perimeter_mid_zn_2,perimeter,middle,east,24.467085048555617,26.81554516782226,25.641315108188937,28.047649084335053,2.3484601192666497,53.8713581618371,0.09911121966285961,0.29288436844944954,11.865421455938698,0.07037990777116578,0.028731311891693846
79dd9d04914e697174ed85a53c1097c16a6ac61c9408aa2c8085da25ec13d9ee,Kolkata,ssp245,baseline_2020s,2026,perimeter_mid_zn_3,perimeter,middle,north,24.982936920285496,26.84660502276665,25.91477097152607,28.91695652647422,1.863668102481151,52.57994757067067,0.12032302541791424,0.3624461127910763,18.28903256704981,0.09355740181248014,0.026765623605434097
79dd9d04914e697174ed85a53c1097c16a6ac61c9408aa2c8085da25ec13d9ee,Kolkata,ssp245,baseline_2020s,2026,perimeter_mid_zn_4,perimeter,middle,west,24.364841036581264,26.735529779721656,25.55018540815146,27.799702554807727,2.370688743140392,54.41107255065339,0.09237415442703248,0.2619786560535431,9.446839080459771,0.06330565112524521,0.02906850330178727
79dd9d04914e697174ed85a53c1097c16a6ac61c9408aa2c8085da25ec13d9ee,Kolkata,ssp245,baseline_2020s,2026,perimeter_top_zn_1,perimeter,top,south,25.11149100640091,27.35456951273783,26.233030259569368,29.23162560853139,2.243078506336921,50.880146572744856,0.141922600074332,0.36701315734535456,25.167624521072796,0.11711879082864206,0.02480380924568994
79dd9d04914e697174ed85a53c1097c16a6ac61c9408aa2c8085da25ec13d9ee,Kolkata,ssp245,baseline_2020s,2026,perimeter_top_zn_2,perimeter,top,east,24.454566779596576,26.842358757001286,25.648462768298934,28.27401517260947,2.387791977404708,53.09685186307841,0.10067375168864776,0.29288436844944954,12.643678160919542,0.07185233683577137,0.028821414852876374
79dd9d04914e697174ed85a53c1097c16a6ac61c9408aa2c8085da25ec13d9ee,Kolkata,ssp245,baseline_2020s,2026,perimeter_top_zn_3,perimeter,top,north,24.781811754332907,26.772237870536344,25.77702481243462,28.87783782452426,1.9904261162034333,52.092303826641675,0.1124158767575808,0.3101632185280323,16.493055555555554,0.08478774197021155,0.027628134787369252
79dd9d04914e697174ed85a53c1097c16a6ac61c9408aa2c8085da25ec13d9ee,Kolkata,ssp245,baseline_2020s,2026,perimeter_top_zn_4,perimeter,top,west,24.300083767262258,26.722797198269934,25.5114404827661,27.79531323398331,2.422713431007683,53.61376165004422,0.0908736620127958,0.2641083523631096,9.243295019157088,0.061599401462904775,0.02927426054989103
7b07031aef5e91cf018b8438fd01cb15c63af4d21c010251a3e6fed538b5d8c5,Guangzhou,ssp245,late_2080s,2088,core_bottom,core,bottom,core,24.81597372045281,26.809995617017556,25.812984668735183,28.07314023499696,1.9940218965647454,49.421182206158676,0.10977202939811902,0.27900369837880135,10.913553639846743,0.08298487004032715,0.026787159357791863
7b07031aef5e91cf018b8438fd01cb15c63af4d21c010251a3e6fed538b5d8c5,Guangzhou,ssp245,late_2080s,2088,core_mid,core,middle,core,25.18814683813569,26.625994322199737,25.907070580167712,28.58949563580727,1.4378474840640458,50.78689978333595,0.12499432356057051,0.3101632185280323,19.72581417624521,0.0989158916578943,0.02607843190267621
7b07031aef5e91cf018b8438fd01cb15c63af4d21c010251a3e6fed538b5d8c5,Guangzhou,ssp245,late_2080s,2088,core_top,core,top,core,24.92001242541323,26.507374760405224,25.713693592909223,28.477060942395013,1.5873623349919952,50.4728251987524,0.11390516273682645,0.3101632185280323,16.349377394636015,0.08647172825305698,0.027433434483769482
7b07031aef5e91cf018b8438fd01cb15c63af4d21c010251a3e6fed538b5d8c5,Guangzhou,ssp245,late_2080s,2088,perimeter_bot_zn_1,perimeter,bottom,south,25.659502423650192,27.47148519365019,26.565493808650192,29.949259914375723,1.8119827699999953,53.47333011253457,0.170148750387396,0.36701315734535456,37.40421455938697,0.147317260629551,0.022831489757845005
7b07031aef5e91cf018b8438fd01cb15c63af4d21c010251a3e6fed538b5d8c5,Guangzhou,ssp245,late_2080s,2088,perimeter_bot_zn_2,perimeter,bottom,east,24.57984738687467,26.680874519920636,25.630360953397652,28.36316970150232,2.1010271330459664,51.58876280219046,0.10806431970617603,0.3021327266469598,13.278256704980842,0.07963256702685445,0.02843175267932158
7b07031aef5e91cf018b8438fd01cb15c63af4d21c010251a3e6fed538b5d8c5,Guangzhou,ssp245,late_2080s,2088,perimeter_bot_zn_3,perimeter,bottom,north,25.090115732501967,26.704580109962343,25.897347921232154,28.940746395140795,1.6144643774603775,50.2348719406094,0.129429974609377,0.3624461127910763,19.749760536398465,0.10248577494839504,0.026944199660981955
7b07031aef5e91cf018b8438fd01cb15c63af4d21c010251a3e6fed538b5d8c5,Guangzhou,ssp245,late_2080s,2088,perimeter_bot_zn_4,perimeter,bottom,west,24.51672235922351,26.7822580907837,25.649490225003603,28.15878866293688,2.2655357315601874,51.56945421276223,0.10585058041167146,0.29288436844944954,12.541906130268199,0.0776872683071261,0.02816331210454535
7b07031aef5e91cf018b8438fd01cb15c63af4d21c010251a3e6fed538b5d8c5,Guangzhou,ssp245,late_2080s,2088,perimeter_mid_zn_1,perimeter,middle,south,25.669082275654464,27.64318907165901,26.65613567365674,29.96989567997752,1.974106796004543,49.48107331619375,0.17191252866282358,0.38576185796409845,34.14750957854406,0.1499591450909107,0.021953383571912878
7b07031aef5e91cf018b8438fd01cb15c63af4d21c010251a3e6fed538b5d8c5,Guangzhou,ssp245,late_2080s,2088,perimeter_mid_zn_2,perimeter,middle,east,24.624030364822048,26.938092147141727,25.78106125598189,28.669798694408286,2.314061782319679,52.425698343813146,0.11646578678120506,0.3101632185280323,17.869971264367816,0.08921427660558366,0.02725151017562141
7b07031aef5e91cf018b8438fd01cb15c63af4d21c010251a3e6fed538b5d8c5,Guangzhou,ssp245,late_2080s,2088,perimeter_mid_zn_3,perimeter,middle,north,25.28691190146451,27.07416222558197,26.180537063523243,29.576583959022276,1.7872503241174635,50.75121089535733,0.14363400545075766,0.36701315734535456,26.269157088122608,0.11858697406633381,0.025047031384423865
7b07031aef5e91cf018b8438fd01cb15c63af4d21c010251a3e6fed538b5d8c5,Guangzhou,ssp245,late_2080s,2088,perimeter_mid_zn_4,perimeter,middle,west,24.550636084687866,27.01303629558269,25.781836190135277,28.47368796218606,2.4624002108948213,52.753167253909126,0.11243893912769741,0.30947739630937576,16.403256704980844,0.08539739292317028,0.02704154620452713
7b07031aef5e91cf018b8438fd01cb15c63af4d21c010251a3e6fed538b5d8c5,Guangzhou,ssp245,late_2080s,2088,perimeter_top_zn_1,perimeter,top,south,25.298869653622624,27.444455149749253,26.37166240168594,29.78919267363205,2.1455854961266296,49.49498647798338,0.15366913842426655,0.3750436492264271,27.424568965517242,0.12984034144123338,0.023828796983033154
7b07031aef5e91cf018b8438fd01cb15c63af4d21c010251a3e6fed538b5d8c5,Guangzhou,ssp245,late_2080s,2088,perimeter_top_zn_2,perimeter,top,east,24.567106413861893,26.91128086390673,25.739193638884313,28.7179004035619,2.3441744500448363,51.95919410298294,0.11490592775235862,0.3101632185280323,16.93007662835249,0.08714422649024607,0.027761701262112547
7b07031aef5e91cf018b8438fd01cb15c63af4d21c010251a3e6fed538b5d8c5,Guangzhou,ssp245,late_2080s,2088,perimeter_top_zn_3,perimeter,top,north,25.03090368989552,26.94203235163046,25.98646802076299,29.45280124199669,1.911128661734939,50.56047127745143,0.13312353539740066,0.36548264790326357,21.611590038314176,0.10663317203412673,0.02649036336327393
7b07031aef5e91cf018b8438fd01cb15c63af4d21c010251a3e6fed538b5d8c5,Guangzhou,ssp245,late_2080s,2088,perimeter_top_zn_4,perimeter,top,west,24.422565083158382,26.935330353629915,25.67894771839415,28.493604766925984,2.512765270471532,52.29323538311276,0.10759506090237236,0.3059431053698063,14.774904214559387,0.07966325769939779,0.027931803202974566
7c8a14e4da9aeaafd2361c3d94f2fc0c1cd4d019fc5f810652137d3cde4ed6d0,Beijing,ssp245,mid_2050s,2056,core_bottom,core,bottom,core,24.188575784009487,25.723231956327457,24.955903870168473,26.599402001251285,1.534656172317972,31.839120252132386,0.10648832466367786,0.1879713125526905,3.4123563218390807,0.0860089517037484,0.02047937295992945
7c8a14e4da9aeaafd2361c3d94f2fc0c1cd4d019fc5f810652137d3cde4ed6d0,Beijing,ssp245,mid_2050s,2056,core_mid,core,middle,core,24.14817643822105,25.139088526066825,24.64363248214394,26.871639930706845,0.9909120878457793,33.4195800072694,0.0888355827102498,0.1872413046658039,3.1309865900383143,0.06607103445175794,0.022764548258491862
7c8a14e4da9aeaafd2361c3d94f2fc0c1cd4d019fc5f810652137d3cde4ed6d0,Beijing,ssp245,mid_2050s,2056,core_top,core,top,core,23.859216590731027,24.75274829515696,24.305982442943993,26.593591674532988,0.8935317044259334,33.67332350148236,0.08170319737196241,0.12806176021695137,2.8316570881226055,0.05634687701312663,0.02535632035883578
7c8a14e4da9aeaafd2361c3d94f2fc0c1cd4d019fc5f810652137d3cde4ed6d0,Beijing,ssp245,mid_2050s,2056,perimeter_bot_zn_1,perimeter,bottom,south,23.43677558449064,25.42314155104596,24.4299585677683,27.57583293854318,1.986365966555318,33.95152350986417,0.0982230528224,0.25947653129696846,6.417624521072797,0.07327438200320166,0.024948670819198347
7c8a14e4da9aeaafd2361c3d94f2fc0c1cd4d019fc5f810652137d3cde4ed6d0,Beijing,ssp245,mid_2050s,2056,perimeter_bot_zn_2,perimeter,bottom,east,23.610921984533174,24.76414950930526,24.187535746919213,26.612196446115572,1.1532275247720836,35.468431734551366,0.07793843988137376,0.1114867702126503,2.280890804597701,0.05080130512017036,0.02713713476120341
7c8a14e4da9aeaafd2361c3d94f2fc0c1cd4d019fc5f810652137d3cde4ed6d0,Beijing,ssp245,mid_2050s,2056,perimeter_bot_zn_3,perimeter,bottom,north,23.59682008148032,24.28542549980574,23.941122790643032,27.225801627572114,0.6886054183254209,35.43187072140613,0.08063597464691459,0.1872413046658039,3.7775383141762453,0.050789151754588424,0.029846822892326166
7c8a14e4da9aeaafd2361c3d94f2fc0c1cd4d019fc5f810652137d3cde4ed6d0,Beijing,ssp245,mid_2050s,2056,perimeter_bot_zn_4,perimeter,bottom,west,23.64173293154355,24.942774914468345,24.29225392300595,26.547271233426798,1.3010419829247923,35.20797211060402,0.08026286277450444,0.1402931222692132,1.9157088122605364,0.05371894686733965,0.02654391590716479
7c8a14e4da9aeaafd2361c3d94f2fc0c1cd4d019fc5f810652137d3cde4ed6d0,Beijing,ssp245,mid_2050s,2056,perimeter_mid_zn_1,perimeter,middle,south,23.982620500172224,25.79585372745397,24.889237113813095,27.491980041205856,1.8132332272817504,32.46069100836785,0.11220838852547099,0.29538649320602417,8.333333333333332,0.08994598519191961,0.02226240333355138
7c8a14e4da9aeaafd2361c3d94f2fc0c1cd4d019fc5f810652137d3cde4ed6d0,Beijing,ssp245,mid_2050s,2056,perimeter_mid_zn_2,perimeter,middle,east,23.656968887200254,25.02008181950446,24.33852535335236,26.585102618328744,1.3631129323042055,34.44907694897981,0.08239877838513728,0.12454070150852203,2.693965517241379,0.0566271089252229,0.025771669459914374
7c8a14e4da9aeaafd2361c3d94f2fc0c1cd4d019fc5f810652137d3cde4ed6d0,Beijing,ssp245,mid_2050s,2056,perimeter_mid_zn_3,perimeter,middle,north,23.744380124788012,24.68818602995461,24.216283077371312,27.54494625607318,0.9438059051665931,34.562043614682494,0.08673318125146096,0.20109834102913426,5.004789272030651,0.05983419006592701,0.02689899118553394
7c8a14e4da9aeaafd2361c3d94f2fc0c1cd4d019fc5f810652137d3cde4ed6d0,Beijing,ssp245,mid_2050s,2056,perimeter_mid_zn_4,perimeter,middle,west,23.65232882004125,25.14612885971849,24.39922883987987,26.572191255083272,1.493800039677237,34.58425138860827,0.08543706687848439,0.1776803033426404,2.4664750957854404,0.059946201095445406,0.025490865783038986
7c8a14e4da9aeaafd2361c3d94f2fc0c1cd4d019fc5f810652137d3cde4ed6d0,Beijing,ssp245,mid_2050s,2056,perimeter_top_zn_1,perimeter,top,south,23.793887110341206,25.48718129311973,24.640534201730464,27.369976425082704,1.6932941827785204,32.66620091035239,0.10511458521974572,0.25984940119087696,7.0761494252873565,0.0810698666038898,0.02404471861585592
7c8a14e4da9aeaafd2361c3d94f2fc0c1cd4d019fc5f810652137d3cde4ed6d0,Beijing,ssp245,mid_2050s,2056,perimeter_top_zn_2,perimeter,top,east,23.49778756541144,24.72911962917098,24.113453597291212,26.618961442077232,1.2313320637595382,35.07349600103935,0.08051568436049364,0.1220385767519474,2.9693486590038316,0.05239500830462247,0.028120676055871163
7c8a14e4da9aeaafd2361c3d94f2fc0c1cd4d019fc5f810652137d3cde4ed6d0,Beijing,ssp245,mid_2050s,2056,perimeter_top_zn_3,perimeter,top,north,23.493315822233512,24.340262112907823,23.91678896757067,27.253110956057064,0.8469462906743134,34.74101840542543,0.08283382117080824,0.1872413046658039,4.005028735632184,0.05289286643419891,0.029940954736609328
7c8a14e4da9aeaafd2361c3d94f2fc0c1cd4d019fc5f810652137d3cde4ed6d0,Beijing,ssp245,mid_2050s,2056,perimeter_top_zn_4,perimeter,top,west,23.466926015282333,24.83170846364641,24.149317239464374,26.545065019846795,1.3647824483640796,34.767011515797705,0.08361782697447849,0.1776803033426404,2.50838122605364,0.05565964590390775,0.027958181070570742
7da15f6004f8d5c700e8ea93f237e77047575258410ff20add0c53318203d768,Phoenix,ssp245,mid_2050s,2058,core_bottom,core,bottom,core,24.262377543813948,26.357741908057058,25.310059725935503,26.67948479460937,2.09536436424311,36.05196904931241,0.09587678754653649,0.14832361415028572,1.2511973180076628,0.06436490761237691,0.03151187993415956
7da15f6004f8d5c700e8ea93f237e77047575258410ff20add0c53318203d768,Phoenix,ssp245,mid_2050s,2058,core_mid,core,middle,core,24.570802890574786,26.163881937629494,25.36734241410214,27.54786155242856,1.5930790470547043,37.157650733887685,0.10541452711456548,0.25947653129696846,8.381226053639846,0.07695501050675445,0.02845951660781103
7da15f6004f8d5c700e8ea93f237e77047575258410ff20add0c53318203d768,Phoenix,ssp245,mid_2050s,2058,core_top,core,top,core,24.493129030922702,26.17257987001614,25.332854450469423,27.622399646470747,1.6794508390934393,36.879084554093986,0.10736666894435322,0.25984940119087696,8.5727969348659,0.07825388056784735,0.02911278837650588
7da15f6004f8d5c700e8ea93f237e77047575258410ff20add0c53318203d768,Phoenix,ssp245,mid_2050s,2058,perimeter_bot_zn_1,perimeter,bottom,south,25.300595683331313,27.651333840150013,26.475964761740666,29.889723583139773,2.350738156818704,33.899259375214704,0.19637692472670829,0.5243805876700207,33.37523946360153,0.1763049926585607,0.02007193206814758
7da15f6004f8d5c700e8ea93f237e77047575258410ff20add0c53318203d768,Phoenix,ssp245,mid_2050s,2058,perimeter_bot_zn_2,perimeter,bottom,east,24.39796244508766,26.83345303952551,25.615707742306586,28.168706495097794,2.4354905944378484,36.55783350558116,0.12637736554857154,0.3750436492264271,13.864942528735632,0.09920631866387834,0.027171046884693215
7da15f6004f8d5c700e8ea93f237e77047575258410ff20add0c53318203d768,Phoenix,ssp245,mid_2050s,2058,perimeter_bot_zn_3,perimeter,bottom,north,24.52729470964043,26.01254231022013,25.269918509930278,27.849207220388326,1.4852476005797022,37.15279890286683,0.11799695767756414,0.3144755851477354,14.972461685823754,0.08911509440157614,0.028881863275988
7da15f6004f8d5c700e8ea93f237e77047575258410ff20add0c53318203d768,Phoenix,ssp245,mid_2050s,2058,perimeter_bot_zn_4,perimeter,bottom,west,24.32098148574874,26.792847633123145,25.556914559435942,28.177402286630226,2.471866147374406,36.87532538899369,0.1196487853810081,0.3750436492264271,10.566331417624522,0.09145513071107207,0.02819365466993603
7da15f6004f8d5c700e8ea93f237e77047575258410ff20add0c53318203d768,Phoenix,ssp245,mid_2050s,2058,perimeter_mid_zn_1,perimeter,middle,south,25.04216393450294,27.561965430208712,26.302064682355827,29.086544143175043,2.5198014957057686,35.47301523399754,0.18013606756964387,0.4324922449886799,30.597461685823756,0.15827819726909814,0.02185787030054574
7da15f6004f8d5c700e8ea93f237e77047575258410ff20add0c53318203d768,Phoenix,ssp245,mid_2050s,2058,perimeter_mid_zn_2,perimeter,middle,east,24.34044671287744,26.919887501340657,25.63016710710905,28.194640976554027,2.5794407884632187,37.20220233951617,0.12295968737727812,0.3750436492264271,11.793582375478927,0.09587134709250551,0.027088340284772618
7da15f6004f8d5c700e8ea93f237e77047575258410ff20add0c53318203d768,Phoenix,ssp245,mid_2050s,2058,perimeter_mid_zn_3,perimeter,middle,north,24.67913412323817,26.39762970692067,25.53838191507942,28.373598799824894,1.7184955836825018,37.04274627239477,0.13218353985981574,0.3750436492264271,18.330938697318008,0.10573916689823275,0.026444372961582984
7da15f6004f8d5c700e8ea93f237e77047575258410ff20add0c53318203d768,Phoenix,ssp245,mid_2050s,2058,perimeter_mid_zn_4,perimeter,middle,west,24.338440496374346,26.931895427086403,25.635167961730374,28.847506666391165,2.5934549307120514,37.55884951144988,0.12347247615358788,0.4229312436655164,10.428639846743296,0.09549125229768764,0.027981223855900243
7da15f6004f8d5c700e8ea93f237e77047575258410ff20add0c53318203d768,Phoenix,ssp245,mid_2050s,2058,perimeter_top_zn_1,perimeter,top,south,24.877402125516735,27.498565720014355,26.187983922765547,29.00430311931529,2.62116359449762,35.386593955180885,0.17354076141480101,0.4324922449886799,28.78352490421456,0.15085753171274954,0.022683229702051486
7da15f6004f8d5c700e8ea93f237e77047575258410ff20add0c53318203d768,Phoenix,ssp245,mid_2050s,2058,perimeter_top_zn_2,perimeter,top,east,24.369081177412948,26.974095224677022,25.671588201044983,28.477900230499962,2.6050140472640693,37.007949459975315,0.1307496476503339,0.3750436492264271,14.36182950191571,0.10417302500899708,0.026576622641336825
7da15f6004f8d5c700e8ea93f237e77047575258410ff20add0c53318203d768,Phoenix,ssp245,mid_2050s,2058,perimeter_top_zn_3,perimeter,top,north,24.574363053711885,26.377189283713584,25.475776168712734,28.515341464141866,1.8028262300017013,36.92712203565697,0.13261400453632133,0.3754165191203356,17.708333333333336,0.10519817457810915,0.027415829958212186
7da15f6004f8d5c700e8ea93f237e77047575258410ff20add0c53318203d768,Phoenix,ssp245,mid_2050s,2058,perimeter_top_zn_4,perimeter,top,west,24.311253922372163,26.939739305697863,25.625496614035015,29.076854572351092,2.6284853833257,37.34621886814555,0.1275471681103673,0.4324922449886799,11.41044061302682,0.09943789501841291,0.02810927309195437
8263e4fdfe48d07d80b7df29cb3e9ee2ff96fa6d4d70db50d658690c05539c2f,Ahmedabad,ssp585,mid_2050s,2050,core_bottom,core,bottom,core,24.665673211133676,26.80591888614747,25.73579604864057,27.64596993619124,2.140245675013794,49.69133391741627,0.10068703446313346,0.25947653129696846,8.985871647509578,0.07123083112922174,0.02945620333391172
8263e4fdfe48d07d80b7df29cb3e9ee2ff96fa6d4d70db50d658690c05539c2f,Ahmedabad,ssp585,mid_2050s,2050,core_mid,core,middle,core,25.051887924311036,26.661109817555392,25.856498870933216,28.301275994430842,1.6092218932443574,51.127292237181514,0.11749389581956546,0.3101632185280323,17.69037356321839,0.08983516689786693,0.027658728921698527
8263e4fdfe48d07d80b7df29cb3e9ee2ff96fa6d4d70db50d658690c05539c2f,Ahmedabad,ssp585,mid_2050s,2050,core_top,core,top,core,24.78944106072935,26.60030332816462,25.694872194446987,28.19255025584669,1.8108622674352708,50.32506047688595,0.10848186843411553,0.3101632185280323,14.834770114942527,0.07946471127173399,0.02901715716238154
8263e4fdfe48d07d80b7df29cb3e9ee2ff96fa6d4d70db50d658690c05539c2f,Ahmedabad,ssp585,mid_2050s,2050,perimeter_bot_zn_1,perimeter,bottom,south,26.244212386379864,28.264982813494484,27.25459759993717,29.748113572587613,2.0207704271146216,49.98175081733903,0.22755224388408604,0.5213801695499569,51.293103448275865,0.20831049709478028,0.019241746789305778
8263e4fdfe48d07d80b7df29cb3e9ee2ff96fa6d4d70db50d658690c05539c2f,Ahmedabad,ssp585,mid_2050s,2050,perimeter_bot_zn_2,perimeter,bottom,east,24.566486248549047,27.166139953706118,25.86631310112758,28.012325602120395,2.5996537051570745,50.66852899316114,0.11011967827052525,0.3101632185280323,13.284243295019158,0.08161822019772241,0.028501458072802834
8263e4fdfe48d07d80b7df29cb3e9ee2ff96fa6d4d70db50d658690c05539c2f,Ahmedabad,ssp585,mid_2050s,2050,perimeter_bot_zn_3,perimeter,bottom,north,24.894528600375672,26.68407905169944,25.789303826037557,28.27105470599979,1.7895504513237726,50.239378716762886,0.11250016141789744,0.3101632185280323,14.427681992337165,0.08455067420408657,0.027949487213810867
8263e4fdfe48d07d80b7df29cb3e9ee2ff96fa6d4d70db50d658690c05539c2f,Ahmedabad,ssp585,mid_2050s,2050,perimeter_bot_zn_4,perimeter,bottom,west,24.44351727472766,27.054953902781985,25.749235588754825,27.73526333264011,2.6114366280543235,51.106218895605075,0.10018910811755158,0.27900369837880135,9.782088122605364,0.07132587023832081,0.02886323787923077
8263e4fdfe48d07d80b7df29cb3e9ee2ff96fa6d4d70db50d658690c05539c2f,Ahmedabad,ssp585,mid_2050s,2050,perimeter_mid_zn_1,perimeter,middle,south,25.862626685784917,28.147343018524463,27.004984852154696,29.65077063030563,2.28471633273954,48.91740662517812,0.21158706466331434,0.5213801695499569,43.61230842911878,0.19047542475816265,0.021111639905151695
8263e4fdfe48d07d80b7df29cb3e9ee2ff96fa6d4d70db50d658690c05539c2f,Ahmedabad,ssp585,mid_2050s,2050,perimeter_mid_zn_2,perimeter,middle,east,24.584975784066334,27.31959175734062,25.95228377070348,28.558630863451185,2.7346159732742854,52.07170233908346,0.11706325732143602,0.32677866891026497,16.307471264367816,0.08945174559460635,0.02761151172682967
8263e4fdfe48d07d80b7df29cb3e9ee2ff96fa6d4d70db50d658690c05539c2f,Ahmedabad,ssp585,mid_2050s,2050,perimeter_mid_zn_3,perimeter,middle,north,25.082968383181345,27.05152545465504,26.06724691891819,29.1326677584591,1.968557071473695,51.106849334665974,0.1333761083502862,0.3750436492264271,21.797174329501914,0.10687138793175555,0.026504720418530667
8263e4fdfe48d07d80b7df29cb3e9ee2ff96fa6d4d70db50d658690c05539c2f,Ahmedabad,ssp585,mid_2050s,2050,perimeter_mid_zn_4,perimeter,middle,west,24.49988551591889,27.242561797736602,25.871223656827745,28.37474736284344,2.7426762818177113,52.60206600017071,0.10936991795810785,0.3101632185280323,13.667385057471265,0.08175913574758577,0.027610782210522093
8263e4fdfe48d07d80b7df29cb3e9ee2ff96fa6d4d70db50d658690c05539c2f,Ahmedabad,ssp585,mid_2050s,2050,perimeter_top_zn_1,perimeter,top,south,25.449786975764134,27.967218439528573,26.70850270764635,29.40449203273553,2.517431463764437,48.55141821167658,0.1872026958326422,0.4372137524187565,37.12883141762452,0.1642299166974104,0.022972779135231797
8263e4fdfe48d07d80b7df29cb3e9ee2ff96fa6d4d70db50d658690c05539c2f,Ahmedabad,ssp585,mid_2050s,2050,perimeter_top_zn_2,perimeter,top,east,24.538246318884863,27.342516784375903,25.940381551630384,28.569014804260565,2.8042704654910393,51.068765518683016,0.1170855438557462,0.36548264790326357,16.103927203065137,0.08927482376831862,0.027810720087427573
8263e4fdfe48d07d80b7df29cb3e9ee2ff96fa6d4d70db50d658690c05539c2f,Ahmedabad,ssp585,mid_2050s,2050,perimeter_top_zn_3,perimeter,top,north,24.868932392074726,26.988996774543494,25.92896458330911,28.97029718963257,2.1200643824687724,50.35401261410116,0.12485104172190412,0.3750436492264271,19.04932950191571,0.09721186575367181,0.027639175968232295
8263e4fdfe48d07d80b7df29cb3e9ee2ff96fa6d4d70db50d658690c05539c2f,Ahmedabad,ssp585,mid_2050s,2050,perimeter_top_zn_4,perimeter,top,west,24.405614856749086,27.227501360340753,25.816558108544918,28.278386806499373,2.821886503591667,51.591365314325905,0.10586459935210459,0.3101632185280323,12.17073754789272,0.07775410719369083,0.028110492158413755
84c76e9a1df479ff453b0875cebfae0f606c4ea7f93fba4c8d8cc08ab61b78a6,Phoenix,ssp585,baseline_2020s,2025,core_bottom,core,bottom,core,24.189168135724337,26.245764904419147,25.217466520071746,26.40865269523636,2.0565967686948134,35.25630142123709,0.09146296428610454,0.13712769616395193,1.1314655172413792,0.06011529915944461,0.03134766512665993
84c76e9a1df479ff453b0875cebfae0f606c4ea7f93fba4c8d8cc08ab61b78a6,Phoenix,ssp585,baseline_2020s,2025,core_mid,core,middle,core,24.445416380911933,26.008888357413372,25.22715236916265,27.30416423423158,1.5634719765014458,36.42908113349168,0.09768669607570052,0.20573021844029427,6.351772030651341,0.06836256579293243,0.02932413028276809
84c76e9a1df479ff453b0875cebfae0f606c4ea7f93fba4c8d8cc08ab61b78a6,Phoenix,ssp585,baseline_2020s,2025,core_top,core,top,core,24.357411729795835,25.991590576834685,25.17450115331526,27.324180516468754,1.634178847038846,36.24030118672944,0.09899158374876073,0.25947653129696846,6.519396551724138,0.06875473688834059,0.030236846860420132
84c76e9a1df479ff453b0875cebfae0f606c4ea7f93fba4c8d8cc08ab61b78a6,Phoenix,ssp585,baseline_2020s,2025,perimeter_bot_zn_1,perimeter,bottom,south,25.078458622213304,27.407542557133713,26.24300058967351,29.377947440114536,2.329083934920408,33.36604141816109,0.1740292384488611,0.44032221320084813,28.633860153256705,0.15266086029110054,0.021368378157760538
84c76e9a1df479ff453b0875cebfae0f606c4ea7f93fba4c8d8cc08ab61b78a6,Phoenix,ssp585,baseline_2020s,2025,perimeter_bot_zn_2,perimeter,bottom,east,24.253374942943953,26.631224791725735,25.442299867334846,27.83282341566607,2.37784984878178,36.112964218465095,0.11376908615679947,0.3101632185280323,10.267001915708812,0.08558402902141599,0.028185057135383485
84c76e9a1df479ff453b0875cebfae0f606c4ea7f93fba4c8d8cc08ab61b78a6,Phoenix,ssp585,baseline_2020s,2025,perimeter_bot_zn_3,perimeter,bottom,north,24.313302395093714,25.778349421630505,25.04582590836211,27.53232797893712,1.4650470265367894,36.842961162503244,0.10405555727420611,0.2619786560535431,9.093630268199233,0.07272071488189576,0.03133484239231035
84c76e9a1df479ff453b0875cebfae0f606c4ea7f93fba4c8d8cc08ab61b78a6,Phoenix,ssp585,baseline_2020s,2025,perimeter_bot_zn_4,perimeter,bottom,west,24.197094008595307,26.60124002633372,25.399167017464514,27.698155203192716,2.404146017738413,36.39249554413924,0.10993525195437012,0.2886642552912235,8.447078544061302,0.08097453406172041,0.02896071789264971
84c76e9a1df479ff453b0875cebfae0f606c4ea7f93fba4c8d8cc08ab61b78a6,Phoenix,ssp585,baseline_2020s,2025,perimeter_mid_zn_1,perimeter,middle,south,24.845176035303083,27.326072965636243,26.08562450046966,28.686179354122945,2.4808969303331607,34.87818893713867,0.1603671790719676,0.393792349845171,25.981800766283524,0.13703877520118574,0.023328403870781868
84c76e9a1df479ff453b0875cebfae0f606c4ea7f93fba4c8d8cc08ab61b78a6,Phoenix,ssp585,baseline_2020s,2025,perimeter_mid_zn_2,perimeter,middle,east,24.223339810633828,26.73083801945625,25.47708891504504,27.792873495576067,2.507498208822424,36.49716895924369,0.11197320502912914,0.3053715485613738,9.446839080459771,0.08442681453595967,0.02754639049316946
84c76e9a1df479ff453b0875cebfae0f606c4ea7f93fba4c8d8cc08ab61b78a6,Phoenix,ssp585,baseline_2020s,2025,perimeter_mid_zn_3,perimeter,middle,north,24.486511068264278,26.17555180879567,25.33103143852997,28.051114721417584,1.6890407405313952,36.58403939428317,0.11669631767765719,0.3750436492264271,12.182710727969347,0.08859197236541784,0.02810434531223935
84c76e9a1df479ff453b0875cebfae0f606c4ea7f93fba4c8d8cc08ab61b78a6,Phoenix,ssp585,baseline_2020s,2025,perimeter_mid_zn_4,perimeter,middle,west,24.236818826405614,26.751146360589534,25.493982593497574,28.248539652841142,2.514327534183922,36.84270448367029,0.11603948068426745,0.3750436492264271,9.925766283524904,0.08747469832292415,0.028564782361343296
84c76e9a1df479ff453b0875cebfae0f606c4ea7f93fba4c8d8cc08ab61b78a6,Phoenix,ssp585,baseline_2020s,2025,perimeter_top_zn_1,perimeter,top,south,24.676943924265757,27.245272886610056,25.961108405437912,28.667283128197422,2.5683289623443057,34.830966378268975,0.15284529483937448,0.3811948134098202,22.593390804597703,0.12861093100391408,0.024234363835460418
84c76e9a1df479ff453b0875cebfae0f606c4ea7f93fba4c8d8cc08ab61b78a6,Phoenix,ssp585,baseline_2020s,2025,perimeter_top_zn_2,perimeter,top,east,24.220078519955454,26.7510476238106,25.485563071883025,28.066736669947293,2.5309691038551447,36.44962340557322,0.11744637566561361,0.36548264790326357,11.063218390804598,0.08992081380011452,0.0275255618654991
84c76e9a1df479ff453b0875cebfae0f606c4ea7f93fba4c8d8cc08ab61b78a6,Phoenix,ssp585,baseline_2020s,2025,perimeter_top_zn_3,perimeter,top,north,24.36915428100228,26.13096738189136,25.25006083144682,28.10265103207344,1.7618131008890787,36.53227817098754,0.11678801642323156,0.3750436492264271,11.745689655172415,0.08732270982674674,0.02946530659648481
84c76e9a1df479ff453b0875cebfae0f606c4ea7f93fba4c8d8cc08ab61b78a6,Phoenix,ssp585,baseline_2020s,2025,perimeter_top_zn_4,perimeter,top,west,24.19336823596677,26.734839705569613,25.464103970768193,28.492270274091798,2.5414714696028406,36.695179907958554,0.11961317367368789,0.3750436492264271,10.991379310344827,0.09065317936650641,0.028959994307181474
8b61b87b981065a1c56e49218af783939b15bddd26a04fbd6d167adf1bbdad0f,Phoenix,ssp585,near_2030s,2033,core_bottom,core,bottom,core,24.231988259124268,26.324670963503408,25.27832961131383,26.6289024346947,2.092682704379137,36.01471317309598,0.09275712969263979,0.1300242282450199,1.3888888888888888,0.060247709043602764,0.032509420649037016
8b61b87b981065a1c56e49218af783939b15bddd26a04fbd6d167adf1bbdad0f,Phoenix,ssp585,near_2030s,2033,core_mid,core,middle,core,24.507925675597594,26.111979039466334,25.309952357531962,27.455452024166647,1.6040533638687402,37.12298799351313,0.10175555730083559,0.25947653129696846,7.393438697318008,0.07117914126322193,0.030576416037613668
8b61b87b981065a1c56e49218af783939b15bddd26a04fbd6d167adf1bbdad0f,Phoenix,ssp585,near_2030s,2033,core_top,core,top,core,24.423196870363405,26.11230792356988,25.267752396966642,27.454936883160833,1.6891110532064733,36.923588192728566,0.10178475028091082,0.25947653129696846,7.064176245210728,0.07043637343579984,0.031348376845110985
8b61b87b981065a1c56e49218af783939b15bddd26a04fbd6d167adf1bbdad0f,Phoenix,ssp585,near_2030s,2033,perimeter_bot_zn_1,perimeter,bottom,south,25.265197759757566,27.665854713526734,26.465526236642155,29.984298277884147,2.4006569537691695,33.86298750519411,0.188601155949428,0.5213801695499569,31.974377394636015,0.16710425146910723,0.021496904480320773
8b61b87b981065a1c56e49218af783939b15bddd26a04fbd6d167adf1bbdad0f,Phoenix,ssp585,near_2030s,2033,perimeter_bot_zn_2,perimeter,bottom,east,24.335222216103915,26.81087080871158,25.573046512407743,28.06787458810287,2.475648592607667,36.56213721698428,0.11928866567195585,0.3750436492264271,11.59602490421456,0.09105493928164411,0.02823372639031174
8b61b87b981065a1c56e49218af783939b15bddd26a04fbd6d167adf1bbdad0f,Phoenix,ssp585,near_2030s,2033,perimeter_bot_zn_3,perimeter,bottom,north,24.423558337522465,25.959209780267287,25.19138405889488,27.816665851442764,1.535651442744822,37.18276980915802,0.11181303372721657,0.31266534328460693,11.386494252873563,0.08024493820980455,0.03156809551741201
8b61b87b981065a1c56e49218af783939b15bddd26a04fbd6d167adf1bbdad0f,Phoenix,ssp585,near_2030s,2033,perimeter_bot_zn_4,perimeter,bottom,west,24.26744367478566,26.777025429863695,25.522234552324676,27.89179437648874,2.5095817550780355,36.86574369461019,0.11406655473034348,0.3101632185280323,9.321120689655173,0.08496203449406657,0.029104520236276906
8b61b87b981065a1c56e49218af783939b15bddd26a04fbd6d167adf1bbdad0f,Phoenix,ssp585,near_2030s,2033,perimeter_mid_zn_1,perimeter,middle,south,25.019666390562556,27.575964993620037,26.297815692091294,29.315149740588122,2.5562986030574812,35.398550437033855,0.1769266121419497,0.4506204610224813,29.154693486590038,0.15357284096585475,0.02335377117609496
8b61b87b981065a1c56e49218af783939b15bddd26a04fbd6d167adf1bbdad0f,Phoenix,ssp585,near_2030s,2033,perimeter_mid_zn_2,perimeter,middle,east,24.28204811053923,26.893495692888873,25.587771901714053,27.974845911192112,2.611447582349639,37.13093340287302,0.11541436332724213,0.3101632185280323,9.955699233716475,0.08733970981702999,0.028074653510212134
8b61b87b981065a1c56e49218af783939b15bddd26a04fbd6d167adf1bbdad0f,Phoenix,ssp585,near_2030s,2033,perimeter_mid_zn_3,perimeter,middle,north,24.575815392625653,26.33945531587932,25.457635354252492,28.155015555950126,1.7636399232536568,37.062733006637245,0.12208571397089796,0.3750436492264271,13.996647509578544,0.09355446922984662,0.028531244741051353
8b61b87b981065a1c56e49218af783939b15bddd26a04fbd6d167adf1bbdad0f,Phoenix,ssp585,near_2030s,2033,perimeter_mid_zn_4,perimeter,middle,west,24.29095575884196,26.913354043819115,25.60215490133054,28.44264527346143,2.6223982849771543,37.45636065834156,0.11846664613304882,0.3750436492264271,10.099377394636015,0.08953226913938431,0.028934376993664506
8b61b87b981065a1c56e49218af783939b15bddd26a04fbd6d167adf1bbdad0f,Phoenix,ssp585,near_2030s,2033,perimeter_top_zn_1,perimeter,top,south,24.84069241836621,27.500948635615025,26.17082052699062,29.138245727737832,2.6602562172488122,35.372977688355896,0.16889361092506086,0.4372137524187565,26.885775862068968,0.14483053889922876,0.02406307202583211
8b61b87b981065a1c56e49218af783939b15bddd26a04fbd6d167adf1bbdad0f,Phoenix,ssp585,near_2030s,2033,perimeter_top_zn_2,perimeter,top,east,24.287048875981256,26.930673489080824,25.60886118253104,28.247070951346622,2.643624613099563,37.036731149694916,0.12070161513410768,0.32677866891026497,11.931273946360154,0.09301213626970602,0.027689478864401675
8b61b87b981065a1c56e49218af783939b15bddd26a04fbd6d167adf1bbdad0f,Phoenix,ssp585,near_2030s,2033,perimeter_top_zn_3,perimeter,top,north,24.463354255921512,26.310935921927328,25.38714508892442,28.157883250213217,1.847581666005814,37.01811757813665,0.12189666274932219,0.3750436492264271,13.637452107279694,0.09242186293726737,0.029474799812054822
8b61b87b981065a1c56e49218af783939b15bddd26a04fbd6d167adf1bbdad0f,Phoenix,ssp585,near_2030s,2033,perimeter_top_zn_4,perimeter,top,west,24.25633407594542,26.91355221275206,25.584943144348742,28.687420928431724,2.6572181368066436,37.30734906795507,0.12246410823630366,0.3796754702925682,11.153017241379311,0.09328280445598637,0.02918130378031729
8cd29f20d76b43dfb25d8ce3516a80f3f023c74ab35987ad5e827b7568e24184,Kolkata,ssp245,baseline_2020s,2027,core_bottom,core,bottom,core,24.803300241548186,26.806590076314176,25.804945158931183,27.970431941849547,2.003289834765988,51.61181939286005,0.1035164810609193,0.29288436844944954,8.71647509578544,0.07561441203346253,0.02790206902745678
8cd29f20d76b43dfb25d8ce3516a80f3f023c74ab35987ad5e827b7568e24184,Kolkata,ssp245,baseline_2020s,2027,core_mid,core,middle,core,25.127221773772515,26.60460774712115,25.865914760446827,28.642501896909568,1.4773859733486339,52.81343878352081,0.1148031905332883,0.3101632185280323,15.283764367816092,0.08776908045879055,0.02703411007449776
8cd29f20d76b43dfb25d8ce3516a80f3f023c74ab35987ad5e827b7568e24184,Kolkata,ssp245,baseline_2020s,2027,core_top,core,top,core,24.88241582306329,26.529732334335016,25.706074078699153,28.660040112248033,1.6473165112717219,52.28733448142158,0.10750080390096914,0.3101632185280323,13.649425287356323,0.07921386863126409,0.028286935269705046
8cd29f20d76b43dfb25d8ce3516a80f3f023c74ab35987ad5e827b7568e24184,Kolkata,ssp245,baseline_2020s,2027,perimeter_bot_zn_1,perimeter,bottom,south,25.79134326234813,27.635859799795373,26.71360153107175,29.779069079187018,1.8445165374472459,56.1518853680811,0.1722955651971234,0.3750436492264271,36.23084291187739,0.15032232154886216,0.02197324364826126
8cd29f20d76b43dfb25d8ce3516a80f3f023c74ab35987ad5e827b7568e24184,Kolkata,ssp245,baseline_2020s,2027,perimeter_bot_zn_2,perimeter,bottom,east,24.56065009866595,26.740725855357628,25.65068797701179,27.99131098523118,2.180075756691677,53.49832093498049,0.0973627150947584,0.27900369837880135,9.494731800766283,0.06888381691533141,0.028478898179426993
8cd29f20d76b43dfb25d8ce3516a80f3f023c74ab35987ad5e827b7568e24184,Kolkata,ssp245,baseline_2020s,2027,perimeter_bot_zn_3,perimeter,bottom,north,24.991977430025297,26.681383330075132,25.836680380050215,28.512470944954227,1.6894059000498352,52.3739898045535,0.11142932273638696,0.3101632185280323,12.422174329501916,0.08424162616549814,0.027187696570888813
8cd29f20d76b43dfb25d8ce3516a80f3f023c74ab35987ad5e827b7568e24184,Kolkata,ssp245,baseline_2020s,2027,perimeter_bot_zn_4,perimeter,bottom,west,24.43313904738628,26.631167839842522,25.5321534436144,27.679030899122132,2.198028792456242,53.91358965364683,0.0912777061015334,0.25947653129696846,7.84243295019157,0.06172461049578606,0.02955309560574735
8cd29f20d76b43dfb25d8ce3516a80f3f023c74ab35987ad5e827b7568e24184,Kolkata,ssp245,baseline_2020s,2027,perimeter_mid_zn_1,perimeter,middle,south,25.69064301482602,27.73536578059013,26.713004397708076,29.996156707763337,2.0447227657641056,51.185189048395294,0.1744626223072753,0.4229312436655164,33.50095785440613,0.15215347145879873,0.022309150848476577
8cd29f20d76b43dfb25d8ce3516a80f3f023c74ab35987ad5e827b7568e24184,Kolkata,ssp245,baseline_2020s,2027,perimeter_mid_zn_2,perimeter,middle,east,24.620723341135516,26.99026388531004,25.805493613222776,28.542296351713365,2.3695405441745194,54.191688927462124,0.10876966580966335,0.3006022172048688,13.679358237547893,0.08068274674877807,0.028086919060885288
8cd29f20d76b43dfb25d8ce3516a80f3f023c74ab35987ad5e827b7568e24184,Kolkata,ssp245,baseline_2020s,2027,perimeter_mid_zn_3,perimeter,middle,north,25.184128200769788,27.044323115301648,26.114225658035718,29.385908298523997,1.860194914531859,52.75152029233763,0.13078802865758177,0.36548264790326357,19.468390804597703,0.10496564862312538,0.025822380034456395
8cd29f20d76b43dfb25d8ce3516a80f3f023c74ab35987ad5e827b7568e24184,Kolkata,ssp245,baseline_2020s,2027,perimeter_mid_zn_4,perimeter,middle,west,24.515245228579634,26.907576537769206,25.71141088317442,28.21897875999887,2.3923313091895717,54.738070333169944,0.10228653380682037,0.29288436844944954,11.428400383141762,0.07379288658385086,0.0284936472229695
8cd29f20d76b43dfb25d8ce3516a80f3f023c74ab35987ad5e827b7568e24184,Kolkata,ssp245,baseline_2020s,2027,perimeter_top_zn_1,perimeter,top,south,25.325968932996783,27.56444447258966,26.445206702793218,29.85018450747055,2.2384755395928773,51.03278787827856,0.15508416675853173,0.38957223668694496,27.173132183908045,0.1310929502311459,0.02399121652738585
8cd29f20d76b43dfb25d8ce3516a80f3f023c74ab35987ad5e827b7568e24184,Kolkata,ssp245,baseline_2020s,2027,perimeter_top_zn_2,perimeter,top,east,24.595212946145345,27.008530194672378,25.80187157040886,28.72437874955502,2.4133172485270307,53.45074122046917,0.1095572662616108,0.3101632185280323,13.990660919540229,0.08142448899178263,0.028132777269828175
8cd29f20d76b43dfb25d8ce3516a80f3f023c74ab35987ad5e827b7568e24184,Kolkata,ssp245,baseline_2020s,2027,perimeter_top_zn_3,perimeter,top,north,24.957958749687315,26.955307145878656,25.956632947782985,29.31783671216614,1.9973483961913363,52.334598997620375,0.12254496288209116,0.3624461127910763,17.34315134099617,0.09539552211127658,0.02714944077081458
8cd29f20d76b43dfb25d8ce3516a80f3f023c74ab35987ad5e827b7568e24184,Kolkata,ssp245,baseline_2020s,2027,perimeter_top_zn_4,perimeter,top,west,24.43422055005806,26.884582356733244,25.659401453395652,28.161383222246982,2.4503618066751827,53.99136627679711,0.10027875412878916,0.29288436844944954,11.404454022988505,0.07127657068552765,0.02900218344326151
91f7803f2d9bb26214f4859058ca2469e6b3363a9ae1281183bcf5cf87e3aaac,Guangzhou,ssp245,baseline_2020s,2027,core_bottom,core,bottom,core,24.316154995231486,26.252767912510055,25.284461453870765,26.730116773839974,1.9366129172785735,47.655292897722866,0.07725656398584739,0.1114867702126503,1.0237068965517242,0.04764229288665708,0.029614271099190317
91f7803f2d9bb26214f4859058ca2469e6b3363a9ae1281183bcf5cf87e3aaac,Guangzhou,ssp245,baseline_2020s,2027,core_mid,core,middle,core,24.489957739775708,25.933285002258962,25.211621371017337,27.21925718527743,1.4433272624832556,49.12246016733808,0.07827531201669044,0.18748648837208748,3.0172413793103448,0.04856964087988414,0.029705671136806295
91f7803f2d9bb26214f4859058ca2469e6b3363a9ae1281183bcf5cf87e3aaac,Guangzhou,ssp245,baseline_2020s,2027,core_top,core,top,core,24.30182015356861,25.834319670592784,25.0680699120807,27.106515506072206,1.532499517024174,48.62101973203075,0.07482866524623696,0.1872413046658039,3.1609195402298855,0.04370770360696864,0.031120961639268318
91f7803f2d9bb26214f4859058ca2469e6b3363a9ae1281183bcf5cf87e3aaac,Guangzhou,ssp245,baseline_2020s,2027,perimeter_bot_zn_1,perimeter,bottom,south,24.79291386932618,26.605485770364684,25.699199819845433,28.29631016861141,1.8125719010385055,52.862129498107095,0.11750524656996987,0.30947739630937576,17.037835249042146,0.09056825726382235,0.02693698930614753
91f7803f2d9bb26214f4859058ca2469e6b3363a9ae1281183bcf5cf87e3aaac,Guangzhou,ssp245,baseline_2020s,2027,perimeter_bot_zn_2,perimeter,bottom,east,24.10034290780527,25.99356223076462,25.046952569284947,26.640853712091545,1.893219322959347,50.09033771719543,0.07257200172087365,0.1114867702126503,1.08955938697318,0.04057561274574645,0.0319963889751272
91f7803f2d9bb26214f4859058ca2469e6b3363a9ae1281183bcf5cf87e3aaac,Guangzhou,ssp245,baseline_2020s,2027,perimeter_bot_zn_3,perimeter,bottom,north,24.348324756811287,25.906287824591324,25.127306290701306,27.182232908957985,1.5579630677800398,49.34143202319897,0.07802721447822275,0.1872413046658039,1.7181513409961684,0.0469475764479828,0.031079638030239956
91f7803f2d9bb26214f4859058ca2469e6b3363a9ae1281183bcf5cf87e3aaac,Guangzhou,ssp245,baseline_2020s,2027,perimeter_bot_zn_4,perimeter,bottom,west,24.085856589309632,26.111417653479293,25.09863712139446,26.529354440856803,2.0255610641696595,49.92904530071898,0.07264457819829481,0.10898464545607567,0.6345785440613027,0.04109876591759516,0.031545812280699644
91f7803f2d9bb26214f4859058ca2469e6b3363a9ae1281183bcf5cf87e3aaac,Guangzhou,ssp245,baseline_2020s,2027,perimeter_mid_zn_1,perimeter,middle,south,24.80260820578922,26.760694064338,25.78165113506361,28.318785097538466,1.9580858585487835,48.37781657682892,0.11163111607765693,0.3021327266469598,12.404214559386974,0.08553369584062022,0.0260974202370367
91f7803f2d9bb26214f4859058ca2469e6b3363a9ae1281183bcf5cf87e3aaac,Guangzhou,ssp245,baseline_2020s,2027,perimeter_mid_zn_2,perimeter,middle,east,24.117305006011975,26.21770886987463,25.167506937943305,26.73742866168861,2.100403863862659,50.401931344852244,0.07666156477826983,0.1220385767519474,2.514367816091954,0.04563548418720453,0.031026080591065302
91f7803f2d9bb26214f4859058ca2469e6b3363a9ae1281183bcf5cf87e3aaac,Guangzhou,ssp245,baseline_2020s,2027,perimeter_mid_zn_3,perimeter,middle,north,24.459307812907262,26.212547548936993,25.33592768092213,27.67537996869736,1.753239736029733,49.579406913864815,0.08734657245252586,0.20557191967964172,5.681273946360153,0.05798848988340009,0.029358082569125768
91f7803f2d9bb26214f4859058ca2469e6b3363a9ae1281183bcf5cf87e3aaac,Guangzhou,ssp245,baseline_2020s,2027,perimeter_mid_zn_4,perimeter,middle,west,24.097870963326983,26.314711856928728,25.206291410127854,26.692216179359075,2.216840893601749,50.56656571542808,0.07616479936170917,0.1220385767519474,1.700191570881226,0.045641123277596396,0.03052367608411277
91f7803f2d9bb26214f4859058ca2469e6b3363a9ae1281183bcf5cf87e3aaac,Guangzhou,ssp245,baseline_2020s,2027,perimeter_top_zn_1,perimeter,top,south,24.515609386446574,26.590905501123398,25.553257443784986,28.141450267398575,2.0752961146768265,48.227397625637444,0.10020288412280613,0.27900369837880135,9.566570881226054,0.07225900965373003,0.027943874469076098
91f7803f2d9bb26214f4859058ca2469e6b3363a9ae1281183bcf5cf87e3aaac,Guangzhou,ssp245,baseline_2020s,2027,perimeter_top_zn_2,perimeter,top,east,24.081571285060328,26.192174988179875,25.1368731366201,26.89939575051783,2.110603703119545,49.94165911317573,0.0775749460653865,0.15076221898198128,3.364463601532567,0.04609161869667817,0.031483327368708326
91f7803f2d9bb26214f4859058ca2469e6b3363a9ae1281183bcf5cf87e3aaac,Guangzhou,ssp245,baseline_2020s,2027,perimeter_top_zn_3,perimeter,top,north,24.282719669682987,26.107869800463124,25.19529473507306,27.57998287793772,1.8251501307801368,49.21938143109161,0.08326056649071215,0.2034426648169756,5.37595785440613,0.052533522552966276,0.03072704393774587
91f7803f2d9bb26214f4859058ca2469e6b3363a9ae1281183bcf5cf87e3aaac,Guangzhou,ssp245,baseline_2020s,2027,perimeter_top_zn_4,perimeter,top,west,24.040591302441793,26.266899384668736,25.153745343555265,26.659422506199174,2.2263080822269434,49.938546592951134,0.07581918345411019,0.1220385767519474,1.9875478927203067,0.04475564159391808,0.03106354186019211
9205208984eadd7b50f0c2eae9d2b62365744f65672fe4b485e475bc19717ab7,Beijing,ssp585,mid_2050s,2053,core_bottom,core,bottom,core,24.165472011945155,25.75220729133057,24.958839651637863,26.395883686434484,1.586735279385418,32.6945341858811,0.10251235706324446,0.1872413046658039,2.861590038314176,0.08103801616511247,0.021474340898131994
9205208984eadd7b50f0c2eae9d2b62365744f65672fe4b485e475bc19717ab7,Beijing,ssp585,mid_2050s,2053,core_mid,core,middle,core,24.17621564339449,25.218815796295132,24.697515719844805,26.812730579568306,1.0426001529006468,34.311252858681854,0.08826685543008143,0.15076221898198128,2.101293103448276,0.06469352512020025,0.02357333030988118
9205208984eadd7b50f0c2eae9d2b62365744f65672fe4b485e475bc19717ab7,Beijing,ssp585,mid_2050s,2053,core_top,core,top,core,23.895372980698973,24.861262677876773,24.378317829287873,26.443142602059208,0.9658896971778017,34.46885887456658,0.08060379778227895,0.12454070150852203,1.766044061302682,0.05464706555570001,0.025956732226578943
9205208984eadd7b50f0c2eae9d2b62365744f65672fe4b485e475bc19717ab7,Beijing,ssp585,mid_2050s,2053,perimeter_bot_zn_1,perimeter,bottom,south,23.56902603058277,25.592107260975503,24.58056664577914,27.13473868001377,2.0230812303927337,35.02330553969637,0.09746380099697273,0.19891560450196266,4.693486590038314,0.07311554177843972,0.024348259218533008
9205208984eadd7b50f0c2eae9d2b62365744f65672fe4b485e475bc19717ab7,Beijing,ssp585,mid_2050s,2053,perimeter_bot_zn_2,perimeter,bottom,east,23.637421352244147,24.876082318867557,24.256751835555853,26.220235108669453,1.2386609666234103,36.284347326536,0.07434145122862615,0.0919598862528801,0.6525383141762453,0.04700549514042044,0.027335956088205715
9205208984eadd7b50f0c2eae9d2b62365744f65672fe4b485e475bc19717ab7,Beijing,ssp585,mid_2050s,2053,perimeter_bot_zn_3,perimeter,bottom,north,23.619076485082672,24.399740317195338,24.009408401139,26.828130049733836,0.780663832112675,36.29400715700465,0.07492756308301733,0.1220385767519474,1.293103448275862,0.04519889894734633,0.02972866413567101
9205208984eadd7b50f0c2eae9d2b62365744f65672fe4b485e475bc19717ab7,Beijing,ssp585,mid_2050s,2053,perimeter_bot_zn_4,perimeter,bottom,west,23.65849868282067,25.044766792916885,24.35163273786878,26.17270561894944,1.3862681100962126,35.98593922368614,0.07721213418297904,0.11781846359372139,0.7004310344827587,0.050242953882592825,0.026969180300386204
9205208984eadd7b50f0c2eae9d2b62365744f65672fe4b485e475bc19717ab7,Beijing,ssp585,mid_2050s,2053,perimeter_mid_zn_1,perimeter,middle,south,24.002622651100722,25.899462907495693,24.95104277929821,27.115430336822747,1.8968402563949718,33.513603518735955,0.10608422876235825,0.2030697949230671,5.711206896551724,0.08348177948327007,0.02260244927908817
9205208984eadd7b50f0c2eae9d2b62365744f65672fe4b485e475bc19717ab7,Beijing,ssp585,mid_2050s,2053,perimeter_mid_zn_2,perimeter,middle,east,23.701430123983855,25.143570763137177,24.422500443560512,26.342763719035265,1.4421406391533196,35.42411022444226,0.08018603378311834,0.1220385767519474,1.7540708812260535,0.05418707356025274,0.025998960222865606
9205208984eadd7b50f0c2eae9d2b62365744f65672fe4b485e475bc19717ab7,Beijing,ssp585,mid_2050s,2053,perimeter_mid_zn_3,perimeter,middle,north,23.798216191493083,24.82375619653464,24.31098619401386,27.34171684512518,1.0255400050415584,35.52998482237798,0.08375962177627488,0.18748648837208748,3.9990421455938696,0.056863328793230625,0.026896292983044263
9205208984eadd7b50f0c2eae9d2b62365744f65672fe4b485e475bc19717ab7,Beijing,ssp585,mid_2050s,2053,perimeter_mid_zn_4,perimeter,middle,west,23.685425448976346,25.260379815800057,24.4729026323882,26.378613046068498,1.5749543668237154,35.53643466993258,0.08326153995189771,0.14832361415028572,1.532567049808429,0.05748395349694794,0.02577758645494977
9205208984eadd7b50f0c2eae9d2b62365744f65672fe4b485e475bc19717ab7,Beijing,ssp585,mid_2050s,2053,perimeter_top_zn_1,perimeter,top,south,23.80792269863386,25.6087239508169,24.708323324725374,26.90016850115034,1.8008012521830432,33.552694150165614,0.0996789974241197,0.19503930304199457,4.442049808429119,0.07533170158753592,0.024347295836583776
9205208984eadd7b50f0c2eae9d2b62365744f65672fe4b485e475bc19717ab7,Beijing,ssp585,mid_2050s,2053,perimeter_top_zn_2,perimeter,top,east,23.543543169847396,24.87452064224549,24.20903190604644,26.28393416966912,1.3309774723980943,35.867600251959864,0.07743450265681734,0.1114867702126503,1.8977490421455938,0.049439084102340325,0.027995418554477007
9205208984eadd7b50f0c2eae9d2b62365744f65672fe4b485e475bc19717ab7,Beijing,ssp585,mid_2050s,2053,perimeter_top_zn_3,perimeter,top,north,23.54395584112102,24.494985088835687,24.019470464978355,27.02452053965885,0.9510292477146706,35.58845360354592,0.07953639488320847,0.1872413046658039,3.2088122605363987,0.049798868909057575,0.029737525974150896
9205208984eadd7b50f0c2eae9d2b62365744f65672fe4b485e475bc19717ab7,Beijing,ssp585,mid_2050s,2053,perimeter_top_zn_4,perimeter,top,west,23.515339002344216,24.97480063638343,24.245069819363827,26.340008802157392,1.4594616340392135,35.55386491523991,0.0806926961449511,0.1424010916147349,1.4427681992337165,0.05272492969460371,0.02796776645034739
927a98917a75a7725ae6a73f1df78533a59b565d9b3fa275c66df2ef87886d30,Houston,ssp245,late_2080s,2081,core_bottom,core,bottom,core,24.62022983920711,26.495135979027733,25.557682909117418,27.820171708361684,1.87490613982062,47.76096140158547,0.09984270244134245,0.25947653129696846,8.54286398467433,0.07301319284010875,0.026829509601233703
927a98917a75a7725ae6a73f1df78533a59b565d9b3fa275c66df2ef87886d30,Houston,ssp245,late_2080s,2081,core_mid,core,middle,core,24.93430303678248,26.244570855171656,25.58943694597707,28.539519673301303,1.3102678183891727,49.152353724290606,0.1146643817132565,0.3101632185280323,18.34889846743295,0.08776374541940497,0.026900636293851525
927a98917a75a7725ae6a73f1df78533a59b565d9b3fa275c66df2ef87886d30,Houston,ssp245,late_2080s,2081,core_top,core,top,core,24.69767489549617,26.09674314243942,25.397209018967793,28.440226643635608,1.3990682469432456,49.03718932999436,0.10658252414913794,0.3101632185280323,15.098180076628353,0.0779865819628982,0.028595942186239738
927a98917a75a7725ae6a73f1df78533a59b565d9b3fa275c66df2ef87886d30,Houston,ssp245,late_2080s,2081,perimeter_bot_zn_1,perimeter,bottom,south,24.9689380882657,26.813602661123074,25.89127037469439,29.361767936669427,1.8446645728573758,51.60982212681852,0.13776350930509934,0.3624461127910763,26.053639846743295,0.11192043267931545,0.025843076625783903
927a98917a75a7725ae6a73f1df78533a59b565d9b3fa275c66df2ef87886d30,Houston,ssp245,late_2080s,2081,perimeter_bot_zn_2,perimeter,bottom,east,24.487697941053266,26.39462633113639,25.44116213609482,28.65675168045975,1.9069283900831218,49.96438010095866,0.10937884341258504,0.3101632185280323,15.068247126436782,0.07993914061306237,0.02943970279952266
927a98917a75a7725ae6a73f1df78533a59b565d9b3fa275c66df2ef87886d30,Houston,ssp245,late_2080s,2081,perimeter_bot_zn_3,perimeter,bottom,north,24.654598207706048,25.958759446709657,25.30667882720785,28.302198627637456,1.3041612390036053,49.94070975460319,0.10714780983510457,0.29288436844944954,13.595545977011495,0.07682947294191785,0.030318336893186724
927a98917a75a7725ae6a73f1df78533a59b565d9b3fa275c66df2ef87886d30,Houston,ssp245,late_2080s,2081,perimeter_bot_zn_4,perimeter,bottom,west,24.328755479673024,26.30971069715136,25.319233088412194,27.985463795551723,1.9809552174783376,50.34829707892053,0.0969681504750767,0.25984940119087696,11.08117816091954,0.0672450085633106,0.029723141911766095
927a98917a75a7725ae6a73f1df78533a59b565d9b3fa275c66df2ef87886d30,Houston,ssp245,late_2080s,2081,perimeter_mid_zn_1,perimeter,middle,south,25.10263808785665,27.047312379056756,26.074975233456705,29.38833023305381,1.9446742912001083,48.578557827067925,0.1418361230185503,0.36701315734535456,25.68845785440613,0.11756860112169913,0.02426752189685117
927a98917a75a7725ae6a73f1df78533a59b565d9b3fa275c66df2ef87886d30,Houston,ssp245,late_2080s,2081,perimeter_mid_zn_2,perimeter,middle,east,24.56087268892596,26.643138668418498,25.60200567867223,29.25130335454349,2.0822659794925364,50.35481110283932,0.11555546379654394,0.31721766758710146,18.600335249042146,0.08752701785681917,0.028028445939724762
927a98917a75a7725ae6a73f1df78533a59b565d9b3fa275c66df2ef87886d30,Houston,ssp245,late_2080s,2081,perimeter_mid_zn_3,perimeter,middle,north,24.89871409566707,26.391371632559498,25.645042864113286,29.181362776933504,1.492657536892424,49.8949527534526,0.12502021344734973,0.3624461127910763,21.41403256704981,0.0971690902685041,0.027851123178845638
927a98917a75a7725ae6a73f1df78533a59b565d9b3fa275c66df2ef87886d30,Houston,ssp245,late_2080s,2081,perimeter_mid_zn_4,perimeter,middle,west,24.408742768182965,26.56389699417244,25.486319881177703,28.55185424240692,2.155154225989475,51.035146829019624,0.10532809789617005,0.2975656820926815,14.906609195402298,0.07677584935525625,0.028552248540913806
927a98917a75a7725ae6a73f1df78533a59b565d9b3fa275c66df2ef87886d30,Houston,ssp245,late_2080s,2081,perimeter_top_zn_1,perimeter,top,south,24.811239490400105,26.85346601036592,25.832352750383016,29.183760362487153,2.042226519965812,48.69160699170306,0.1292881058542456,0.36548264790326357,21.41403256704981,0.10303030611248687,0.02625779974175875
927a98917a75a7725ae6a73f1df78533a59b565d9b3fa275c66df2ef87886d30,Houston,ssp245,late_2080s,2081,perimeter_top_zn_2,perimeter,top,east,24.469684060724717,26.560002604305733,25.514843332515223,29.191257411132717,2.090318543581015,50.31432652977313,0.11537902362235603,0.3624461127910763,18.50454980842912,0.08598904509094661,0.029389978531409403
927a98917a75a7725ae6a73f1df78533a59b565d9b3fa275c66df2ef87886d30,Houston,ssp245,late_2080s,2081,perimeter_top_zn_3,perimeter,top,north,24.66664659353842,26.23554651065667,25.451096552097543,29.048637099347747,1.568899917118247,49.90171048516218,0.11739153323750372,0.3624461127910763,18.474616858237546,0.08766010355165761,0.029731429685846102
927a98917a75a7725ae6a73f1df78533a59b565d9b3fa275c66df2ef87886d30,Houston,ssp245,late_2080s,2081,perimeter_top_zn_4,perimeter,top,west,24.257282251846302,26.43749704950411,25.34738965067521,28.470687748107032,2.180214797657806,50.8973117930902,0.1016328861278383,0.2975656820926815,13.266283524904216,0.07165162535046425,0.029981260777374046
92a7c51002b75939f8663277f90d95980bccc20f1c1354af68cd20471eead7c5,Phoenix,ssp585,late_2080s,2085,core_bottom,core,bottom,core,24.50468420600701,26.62520408993564,25.564944147971325,27.71388746198702,2.1205198839286328,38.97630958430785,0.11509149978240645,0.3101632185280323,10.775862068965516,0.08257732048631383,0.03251417929609261
92a7c51002b75939f8663277f90d95980bccc20f1c1354af68cd20471eead7c5,Phoenix,ssp585,late_2080s,2085,core_mid,core,middle,core,24.92116202935119,26.512708698952785,25.716935364151986,28.507119112803334,1.5915466696015954,39.96911107747676,0.13812974291071986,0.3750436492264271,20.647749042145595,0.10880579615513156,0.029323946755588293
92a7c51002b75939f8663277f90d95980bccc20f1c1354af68cd20471eead7c5,Phoenix,ssp585,late_2080s,2085,core_top,core,top,core,24.840421375395394,26.547768837061753,25.694095106228577,28.65540068520774,1.7073474616663578,39.603789147947275,0.14140404900823075,0.3796754702925682,21.294300766283524,0.1114616104812224,0.029942438527008373
92a7c51002b75939f8663277f90d95980bccc20f1c1354af68cd20471eead7c5,Phoenix,ssp585,late_2080s,2085,perimeter_bot_zn_1,perimeter,bottom,south,25.822503843885357,28.122227730537414,26.972365787211388,30.828180358383126,2.2997238866520595,36.29230471330525,0.23796905148188405,0.6241328006144613,42.88194444444444,0.21828678907880958,0.01968226240307447
92a7c51002b75939f8663277f90d95980bccc20f1c1354af68cd20471eead7c5,Phoenix,ssp585,late_2080s,2085,perimeter_bot_zn_2,perimeter,bottom,east,24.685682629952808,27.190728988298346,25.938205809125577,29.118230042653515,2.5050463583455365,39.341470531590296,0.1581492016155475,0.4372137524187565,24.119971264367816,0.13010557049788826,0.028043631117659246
92a7c51002b75939f8663277f90d95980bccc20f1c1354af68cd20471eead7c5,Phoenix,ssp585,late_2080s,2085,perimeter_bot_zn_3,perimeter,bottom,north,24.881757751389085,26.422391016583504,25.652074383986296,28.87666911663921,1.54063326519442,39.6741793227697,0.154511755354541,0.431872864253819,25.65852490421456,0.12484437621968453,0.029667379134856484
92a7c51002b75939f8663277f90d95980bccc20f1c1354af68cd20471eead7c5,Phoenix,ssp585,late_2080s,2085,perimeter_bot_zn_4,perimeter,bottom,west,24.583649570070136,27.129737404303523,25.856693487186835,29.0405973236775,2.5460878342333886,39.71561015439967,0.1475268657247687,0.43475572033785054,20.162835249042146,0.11845300469200272,0.029073861032765973
92a7c51002b75939f8663277f90d95980bccc20f1c1354af68cd20471eead7c5,Phoenix,ssp585,late_2080s,2085,perimeter_mid_zn_1,perimeter,middle,south,25.4348439000423,27.978137887385483,26.70649089371389,29.99357726022922,2.5432939873431883,38.13334715250976,0.21711741182039024,0.5274207787588239,41.044061302681996,0.19507436962135652,0.02204304219903373
92a7c51002b75939f8663277f90d95980bccc20f1c1354af68cd20471eead7c5,Phoenix,ssp585,late_2080s,2085,perimeter_mid_zn_2,perimeter,middle,east,24.652116769009663,27.30611005213814,25.9791134105739,29.28280314828084,2.6539932831284805,40.12857707693134,0.15638618750161054,0.4528605871368199,22.21623563218391,0.12860004301634537,0.027786144485265164
92a7c51002b75939f8663277f90d95980bccc20f1c1354af68cd20471eead7c5,Phoenix,ssp585,late_2080s,2085,perimeter_mid_zn_3,perimeter,middle,north,25.08789254843281,26.840426710141102,25.964159629286957,29.422718314563582,1.7525341617082915,39.68138527912638,0.17171731229689027,0.5213801695499569,28.508141762452105,0.14462644491400223,0.027090867382888052
92a7c51002b75939f8663277f90d95980bccc20f1c1354af68cd20471eead7c5,Phoenix,ssp585,late_2080s,2085,perimeter_mid_zn_4,perimeter,middle,west,24.612540819442312,27.292200430563007,25.952370625002654,29.78139616544961,2.679659611120698,40.572710918963416,0.14998617644908604,0.5243842436466366,18.887691570881227,0.12122774750184512,0.02875842894724092
92a7c51002b75939f8663277f90d95980bccc20f1c1354af68cd20471eead7c5,Phoenix,ssp585,late_2080s,2085,perimeter_top_zn_1,perimeter,top,south,25.271885296101132,27.93745803091425,26.604671663507688,30.064448803509237,2.665572734813115,37.98164506309407,0.21030445519295166,0.5297575928270817,38.457854406130274,0.18750976032810063,0.022794694864851025
92a7c51002b75939f8663277f90d95980bccc20f1c1354af68cd20471eead7c5,Phoenix,ssp585,late_2080s,2085,perimeter_top_zn_2,perimeter,top,east,24.71132484601038,27.396967667108722,26.05414625655955,29.560891046594687,2.685642821098342,39.7781221853515,0.16816930458984664,0.5244167046621442,24.62883141762452,0.14103046273449132,0.027138841855355318
92a7c51002b75939f8663277f90d95980bccc20f1c1354af68cd20471eead7c5,Phoenix,ssp585,late_2080s,2085,perimeter_top_zn_3,perimeter,top,north,24.985761311508305,26.843758818026824,25.914760064767567,29.56473687335495,1.8579975065185186,39.48713843547536,0.17281661830069794,0.5243842436466366,27.72389846743295,0.14498341017541203,0.027833208125285912
92a7c51002b75939f8663277f90d95980bccc20f1c1354af68cd20471eead7c5,Phoenix,ssp585,late_2080s,2085,perimeter_top_zn_4,perimeter,top,west,24.58852430835416,27.322566984744057,25.95554564654911,30.074099754681157,2.7340426763898966,40.276965067549796,0.15383610584008953,0.5259472141042352,19.23491379310345,0.12493626590181674,0.02889983993827279
9417e611777848bac825c68e640578764e6ab223814d1b48a928ba3e7f8264db,Kolkata,ssp585,mid_2050s,2057,core_bottom,core,bottom,core,24.678450724273315,26.70547957411827,25.69196514919579,27.824590224868892,2.0270288498449567,51.842032101315915,0.09944440800719415,0.27900369837880135,9.668342911877396,0.07083837524458089,0.02860603276261325
9417e611777848bac825c68e640578764e6ab223814d1b48a928ba3e7f8264db,Kolkata,ssp585,mid_2050s,2057,core_mid,core,middle,core,24.988517544938784,26.492742545901077,25.74063004541993,28.405155872240407,1.5042250009622897,52.87731383561665,0.11008915940232558,0.3101632185280323,16.247605363984675,0.08221309251126109,0.027876066891064488
9417e611777848bac825c68e640578764e6ab223814d1b48a928ba3e7f8264db,Kolkata,ssp585,mid_2050s,2057,core_top,core,top,core,24.762875880404494,26.4352058664127,25.599040873408597,28.353013209076195,1.672329986008206,52.28542830042518,0.10357280254042422,0.3101632185280323,14.721024904214557,0.07470088187846893,0.02887192066195528
9417e611777848bac825c68e640578764e6ab223814d1b48a928ba3e7f8264db,Kolkata,ssp585,mid_2050s,2057,perimeter_bot_zn_1,perimeter,bottom,south,25.675007412138065,27.544758330332556,26.60988287123531,29.493622707978595,1.8697509181944894,56.523023760978134,0.16353945395008201,0.36701315734535456,34.94971264367816,0.14136854195842427,0.022170911991657754
9417e611777848bac825c68e640578764e6ab223814d1b48a928ba3e7f8264db,Kolkata,ssp585,mid_2050s,2057,perimeter_bot_zn_2,perimeter,bottom,east,24.449685980457957,26.654310089609915,25.551998035033932,27.79446400868152,2.2046241091519563,53.61230693676357,0.0935663394568486,0.27900369837880135,9.596503831417625,0.06437106192224816,0.02919527753460044
9417e611777848bac825c68e640578764e6ab223814d1b48a928ba3e7f8264db,Kolkata,ssp585,mid_2050s,2057,perimeter_bot_zn_3,perimeter,bottom,north,24.847321080704045,26.582799967154823,25.715060523929434,28.25298645230774,1.735478886450783,52.575820294444725,0.10465304697236799,0.3101632185280323,12.236590038314176,0.0772548124634717,0.02739823450889629
9417e611777848bac825c68e640578764e6ab223814d1b48a928ba3e7f8264db,Kolkata,ssp585,mid_2050s,2057,perimeter_bot_zn_4,perimeter,bottom,west,24.33141691133048,26.551586755944882,25.441501833637677,27.465782793006845,2.2201698446143974,54.00277949415377,0.08685735549772003,0.25947653129696846,7.429358237547892,0.056765382431810577,0.030091973065909456
9417e611777848bac825c68e640578764e6ab223814d1b48a928ba3e7f8264db,Kolkata,ssp585,mid_2050s,2057,perimeter_mid_zn_1,perimeter,middle,south,25.54555650099582,27.618305736773948,26.58193111888488,29.759594303160885,2.072749235778134,51.23765832934475,0.16430891612395793,0.38576185796409845,31.818726053639846,0.14150852373753445,0.022800392386423455
9417e611777848bac825c68e640578764e6ab223814d1b48a928ba3e7f8264db,Kolkata,ssp585,mid_2050s,2057,perimeter_mid_zn_2,perimeter,middle,east,24.52000036023769,26.901228634314577,25.710614497276133,28.481793006859018,2.3812282740768826,54.08687581094903,0.10413333355808534,0.3101632185280323,13.47581417624521,0.07555728521198257,0.02857604834610276
9417e611777848bac825c68e640578764e6ab223814d1b48a928ba3e7f8264db,Kolkata,ssp585,mid_2050s,2057,perimeter_mid_zn_3,perimeter,middle,north,25.03517582339415,26.933639205778764,25.98440751458646,29.220443292216967,1.8984633823846113,52.79231237617331,0.12255504071385828,0.36701315734535456,19.300766283524904,0.09620125296752466,0.02635378774633362
9417e611777848bac825c68e640578764e6ab223814d1b48a928ba3e7f8264db,Kolkata,ssp585,mid_2050s,2057,perimeter_mid_zn_4,perimeter,middle,west,24.420237691248577,26.822875624139307,25.621556657693944,28.166093435642594,2.402637932890727,54.615982920348095,0.09641776472277182,0.29754130891524255,10.841714559386974,0.06763222294989385,0.028785541772877978
9417e611777848bac825c68e640578764e6ab223814d1b48a928ba3e7f8264db,Kolkata,ssp585,mid_2050s,2057,perimeter_top_zn_1,perimeter,top,south,25.19276555820931,27.459922342230495,26.3263439502199,29.661387707561335,2.267156784021186,51.04248824127092,0.1463114054245456,0.3775457739830017,26.317049808429115,0.12187779868264474,0.024433606741900853
9417e611777848bac825c68e640578764e6ab223814d1b48a928ba3e7f8264db,Kolkata,ssp585,mid_2050s,2057,perimeter_top_zn_2,perimeter,top,east,24.507680579582896,26.933679098915388,25.72067983924914,28.675503634330337,2.4259985193324924,53.29857997124805,0.10533428573327763,0.3101632185280323,14.146312260536398,0.07682486809015147,0.028509417643126166
9417e611777848bac825c68e640578764e6ab223814d1b48a928ba3e7f8264db,Kolkata,ssp585,mid_2050s,2057,perimeter_top_zn_3,perimeter,top,north,24.830343547823883,26.862637547454963,25.846490547639426,29.14579209071659,2.0322939996310803,52.30610892099064,0.11567964970078277,0.36548264790326357,17.618534482758623,0.08842839904269337,0.027251250658089397
9417e611777848bac825c68e640578764e6ab223814d1b48a928ba3e7f8264db,Kolkata,ssp585,mid_2050s,2057,perimeter_top_zn_4,perimeter,top,west,24.35573064778577,26.816052342149195,25.58589149496748,28.117200198310726,2.460321694363424,53.81271769881212,0.0945167230933837,0.29288436844944954,10.488505747126437,0.06560888832230505,0.028907834771078663
9519b95d5717f346c8a127d7730998eb1201329ac65c71fb2d7a7363f2e8f039,Beijing,ssp585,late_2080s,2084,core_bottom,core,bottom,core,24.451688164570722,26.084311491119994,25.267999827845358,27.993883759229014,1.63262332654927,34.87958793653422,0.11746310857826854,0.27900369837880135,9.327107279693486,0.09618552522827475,0.02127758334999379
9519b95d5717f346c8a127d7730998eb1201329ac65c71fb2d7a7363f2e8f039,Beijing,ssp585,late_2080s,2084,core_mid,core,middle,core,24.5347358341439,25.61278899861572,25.073762416379815,28.53650127830931,1.0780531644718234,36.3379289326237,0.10780076247259039,0.2975656820926815,10.482519157088124,0.08512745294399904,0.022673309528591357
9519b95d5717f346c8a127d7730998eb1201329ac65c71fb2d7a7363f2e8f039,Beijing,ssp585,late_2080s,2084,core_top,core,top,core,24.271884368512527,25.296375817321394,24.784130092916957,28.49057913166142,1.0244914488088637,36.51069822223111,0.10005726887076151,0.29754130891524255,9.099616858237548,0.07523556318226846,0.024821705688493057
9519b95d5717f346c8a127d7730998eb1201329ac65c71fb2d7a7363f2e8f039,Beijing,ssp585,late_2080s,2084,perimeter_bot_zn_1,perimeter,bottom,south,24.066416868528318,26.09138318690103,25.07890002771467,29.334721177325857,2.0249663183727127,36.81894270129317,0.12234707945730357,0.3101632185280323,13.924808429118773,0.09861586596274845,0.023731213494555127
9519b95d5717f346c8a127d7730998eb1201329ac65c71fb2d7a7363f2e8f039,Beijing,ssp585,late_2080s,2084,perimeter_bot_zn_2,perimeter,bottom,east,23.98521228493576,25.323020535304476,24.65411641012012,28.199541833353244,1.337808250368719,38.203788152285064,0.09490865285237256,0.2802624588366598,8.6147030651341,0.0679695024819116,0.026939150370460966
9519b95d5717f346c8a127d7730998eb1201329ac65c71fb2d7a7363f2e8f039,Beijing,ssp585,late_2080s,2084,perimeter_bot_zn_3,perimeter,bottom,north,24.094403088294165,24.90787262353863,24.5011378559164,28.834379161418607,0.8134695352444656,38.012735446715766,0.10160185487407504,0.30947739630937576,11.38050766283525,0.07267653833537485,0.028925316538700188
9519b95d5717f346c8a127d7730998eb1201329ac65c71fb2d7a7363f2e8f039,Beijing,ssp585,late_2080s,2084,perimeter_bot_zn_4,perimeter,bottom,west,24.002131525557107,25.483902920867276,24.743017223212192,28.18682125523291,1.481771395310169,37.953718024385324,0.09717671680942427,0.2927814951166501,8.31537356321839,0.07093227613805186,0.026244440671372413
9519b95d5717f346c8a127d7730998eb1201329ac65c71fb2d7a7363f2e8f039,Beijing,ssp585,late_2080s,2084,perimeter_mid_zn_1,perimeter,middle,south,24.426688549971228,26.36973779982455,25.398213174897887,29.40546247602989,1.9430492498533238,35.448260310092216,0.12894973353772093,0.3624461127910763,14.307950191570882,0.1072406855373803,0.021709048000340625
9519b95d5717f346c8a127d7730998eb1201329ac65c71fb2d7a7363f2e8f039,Beijing,ssp585,late_2080s,2084,perimeter_mid_zn_2,perimeter,middle,east,24.056900214590563,25.600629487212853,24.82876485090171,28.565624459233,1.5437292726222893,37.50611649372579,0.10078572830508893,0.29506710497662114,9.578544061302683,0.0755368359543591,0.025248892350729833
9519b95d5717f346c8a127d7730998eb1201329ac65c71fb2d7a7363f2e8f039,Beijing,ssp585,late_2080s,2084,perimeter_mid_zn_3,perimeter,middle,north,24.288971308123624,25.345137403357388,24.817054355740503,29.48690076922435,1.0561660952337621,37.25831844452804,0.11192663138189489,0.3624461127910763,13.463840996168583,0.08603720594600282,0.025889425435892066
9519b95d5717f346c8a127d7730998eb1201329ac65c71fb2d7a7363f2e8f039,Beijing,ssp585,late_2080s,2084,perimeter_mid_zn_4,perimeter,middle,west,24.030633281002956,25.708894151414647,24.8697637162088,28.45319914020152,1.6782608704116913,37.670705089058934,0.10289956986235871,0.29754130891524255,9.123563218390805,0.07766356866748092,0.025236001194877795
9519b95d5717f346c8a127d7730998eb1201329ac65c71fb2d7a7363f2e8f039,Beijing,ssp585,late_2080s,2084,perimeter_top_zn_1,perimeter,top,south,24.218741150957786,26.09717218308351,25.157956667020645,29.29206899157533,1.8784310321257238,35.5679932808711,0.12122679256853715,0.3141811324749142,12.128831417624522,0.09786965380660508,0.023357138761932073
9519b95d5717f346c8a127d7730998eb1201329ac65c71fb2d7a7363f2e8f039,Beijing,ssp585,late_2080s,2084,perimeter_top_zn_2,perimeter,top,east,23.910056797327915,25.363573632178838,24.636815214753376,28.705973176027,1.4535168348509229,37.940204446387376,0.09899061476733487,0.2975656820926815,9.386973180076629,0.07168912430916301,0.027301490458171866
9519b95d5717f346c8a127d7730998eb1201329ac65c71fb2d7a7363f2e8f039,Beijing,ssp585,late_2080s,2084,perimeter_top_zn_3,perimeter,top,north,24.030199306754916,25.04278569065088,24.536492498702902,29.309637318800934,1.0125863838959612,37.3825944950296,0.10645870357902439,0.31077685320051346,11.48227969348659,0.0777831590145432,0.028675544564481188
9519b95d5717f346c8a127d7730998eb1201329ac65c71fb2d7a7363f2e8f039,Beijing,ssp585,late_2080s,2084,perimeter_top_zn_4,perimeter,top,west,23.849978284352353,25.442672405797236,24.646325345074796,28.3663256517568,1.5926941214448784,37.778832596356644,0.10019864841543909,0.29288436844944954,8.674568965517242,0.07275357724613889,0.02744507116930021
9b9473aedcd53d90e23a09e41c26db1a9fb61369bff65402e514147a62f84163,Guangzhou,ssp585,mid_2050s,2057,core_bottom,core,bottom,core,24.59090302192299,26.59139791976713,25.59115047084506,27.295207206735796,2.000494897844129,49.73878175356039,0.09047901425587586,0.18748648837208748,3.6278735632183907,0.06229872975014043,0.02818028450573543
9b9473aedcd53d90e23a09e41c26db1a9fb61369bff65402e514147a62f84163,Guangzhou,ssp585,mid_2050s,2057,core_mid,core,middle,core,24.909832450520643,26.370664749007574,25.640248599764103,27.900477316871935,1.4608322984869275,51.18761946182391,0.1011076110021367,0.27900369837880135,11.578065134099617,0.0735269258405065,0.02758068516163019
9b9473aedcd53d90e23a09e41c26db1a9fb61369bff65402e514147a62f84163,Guangzhou,ssp585,mid_2050s,2057,core_top,core,top,core,24.64354268913332,26.249836636563213,25.446689662848264,27.846539949144912,1.6062939474298914,50.7415024007867,0.092382270917181,0.25947653129696846,8.818247126436782,0.06318570716424543,0.029196563752935563
9b9473aedcd53d90e23a09e41c26db1a9fb61369bff65402e514147a62f84163,Guangzhou,ssp585,mid_2050s,2057,perimeter_bot_zn_1,perimeter,bottom,south,25.398113567560415,27.209044290664906,26.303578929112657,29.347216970264505,1.8109307231044962,54.32001718889723,0.15295121810162654,0.36701315734535456,30.058668582375482,0.12899852788998653,0.02395269021164
9b9473aedcd53d90e23a09e41c26db1a9fb61369bff65402e514147a62f84163,Guangzhou,ssp585,mid_2050s,2057,perimeter_bot_zn_2,perimeter,bottom,east,24.338956888059002,26.423868493808342,25.38141269093367,27.391061142326947,2.0849116057493458,52.069352958384464,0.08670714106667492,0.2030697949230671,5.034722222222222,0.05689683726178509,0.02981030380488982
9b9473aedcd53d90e23a09e41c26db1a9fb61369bff65402e514147a62f84163,Guangzhou,ssp585,mid_2050s,2057,perimeter_bot_zn_3,perimeter,bottom,north,24.789183000130024,26.43386313948888,25.61152306980945,28.036136193541093,1.6446801393588553,50.83827329112955,0.10287769373253573,0.25947653129696846,9.123563218390805,0.07492810505867394,0.027949588673861794
9b9473aedcd53d90e23a09e41c26db1a9fb61369bff65402e514147a62f84163,Guangzhou,ssp585,mid_2050s,2057,perimeter_bot_zn_4,perimeter,bottom,west,24.290947721557675,26.52408898043644,25.407518350997055,27.31998573037874,2.233141258878763,52.006321368560855,0.08509845507746674,0.19891560450196266,4.807231800766284,0.05533607634870733,0.029762378728759413
9b9473aedcd53d90e23a09e41c26db1a9fb61369bff65402e514147a62f84163,Guangzhou,ssp585,mid_2050s,2057,perimeter_mid_zn_1,perimeter,middle,south,25.33343327740296,27.326894396312362,26.33016383685766,29.154500213037117,1.9934611189094016,50.10885682274029,0.14804294085647998,0.37435782700777054,25.16163793103448,0.12424271678605779,0.023800224070422198
9b9473aedcd53d90e23a09e41c26db1a9fb61369bff65402e514147a62f84163,Guangzhou,ssp585,mid_2050s,2057,perimeter_mid_zn_2,perimeter,middle,east,24.364127733803308,26.65610758690995,25.51011766035663,27.629103384721034,2.291979853106645,52.90064202699055,0.09367726407399599,0.25947653129696846,9.67432950191571,0.06472996094451872,0.028947303129477277
9b9473aedcd53d90e23a09e41c26db1a9fb61369bff65402e514147a62f84163,Guangzhou,ssp585,mid_2050s,2057,perimeter_mid_zn_3,perimeter,middle,north,24.958696422542456,26.773954930777055,25.866325676659752,28.61582837379044,1.815258508234598,51.39108227088489,0.11846806101399626,0.3101632185280323,16.983955938697317,0.09196630680180463,0.02650175421219163
9b9473aedcd53d90e23a09e41c26db1a9fb61369bff65402e514147a62f84163,Guangzhou,ssp585,mid_2050s,2057,perimeter_mid_zn_4,perimeter,middle,west,24.311950598971567,26.736124416914613,25.524037507943095,27.58500049890666,2.4241738179430343,53.153962912396075,0.09163823658827928,0.25947653129696846,8.465038314176246,0.06295097662828206,0.028687259959997217
9b9473aedcd53d90e23a09e41c26db1a9fb61369bff65402e514147a62f84163,Guangzhou,ssp585,mid_2050s,2057,perimeter_top_zn_1,perimeter,top,south,24.975749909802413,27.1324649415218,26.054107425662107,28.988320096745973,2.156715031719384,49.99689466092244,0.12987170516153057,0.3624461127910763,19.127155172413794,0.10423168810148022,0.02564001706005036
9b9473aedcd53d90e23a09e41c26db1a9fb61369bff65402e514147a62f84163,Guangzhou,ssp585,mid_2050s,2057,perimeter_top_zn_2,perimeter,top,east,24.32363325071435,26.63787943544538,25.480756343079864,27.781909036038513,2.314246184731029,52.28385884834754,0.09394530120142468,0.25947653129696846,9.542624521072797,0.06456200151263346,0.029383299688791224
9b9473aedcd53d90e23a09e41c26db1a9fb61369bff65402e514147a62f84163,Guangzhou,ssp585,mid_2050s,2057,perimeter_top_zn_3,perimeter,top,north,24.716486643148915,26.64689062057638,25.681688631862645,28.525703726964082,1.9304039774274684,51.05906443386658,0.10876788509472396,0.3006022172048688,13.469827586206899,0.08091564874838943,0.027852236346334533
9b9473aedcd53d90e23a09e41c26db1a9fb61369bff65402e514147a62f84163,Guangzhou,ssp585,mid_2050s,2057,perimeter_top_zn_4,perimeter,top,west,24.2245393368005,26.680859818659897,25.452699577730193,27.553801330123203,2.4563204818593927,52.46904770898714,0.08984831469415334,0.25947653129696846,8.261494252873563,0.06062594306439124,0.02922237162976211
9d07cd74691118d2f0b595ca9dc5f2d31962553b652ffa05874c5e2f7c8fff15,Beijing,ssp585,mid_2050s,2052,core_bottom,core,bottom,core,24.389287206706488,25.963710362404512,25.1764987845555,27.635813185012932,1.5744231556980284,33.696803968461126,0.11607326077622322,0.25947653129696846,7.650862068965517,0.09545858240209322,0.02061467837413001
9d07cd74691118d2f0b595ca9dc5f2d31962553b652ffa05874c5e2f7c8fff15,Beijing,ssp585,mid_2050s,2052,core_mid,core,middle,core,24.435829608015442,25.450086727131655,24.94295816757355,28.301805947263176,1.0142571191162173,35.229473302870254,0.1066128779725816,0.3019031502306439,9.883860153256704,0.08393851420103922,0.02267436377154237
9d07cd74691118d2f0b595ca9dc5f2d31962553b652ffa05874c5e2f7c8fff15,Beijing,ssp585,mid_2050s,2052,core_top,core,top,core,24.117156362057557,25.074222259843403,24.595689310950476,28.181709610985525,0.9570658977858452,35.32843667110127,0.09808832867889174,0.29288436844944954,8.369252873563218,0.0729361627359854,0.025152165942906334
9d07cd74691118d2f0b595ca9dc5f2d31962553b652ffa05874c5e2f7c8fff15,Beijing,ssp585,mid_2050s,2052,perimeter_bot_zn_1,perimeter,bottom,south,23.839824330119338,25.86824638537392,24.85403535774663,28.87600467248427,2.028422055254578,35.705942151932526,0.11797308261347972,0.3101632185280323,13.176484674329503,0.09424180703593812,0.0237312755775416
9d07cd74691118d2f0b595ca9dc5f2d31962553b652ffa05874c5e2f7c8fff15,Beijing,ssp585,mid_2050s,2052,perimeter_bot_zn_2,perimeter,bottom,east,23.819751599340133,25.116647210950248,24.468199405145185,27.899490668420214,1.2968956116101187,37.051744099839276,0.09429861770554644,0.26864254535175086,7.674808429118773,0.06714340400751823,0.027155213698028216
9d07cd74691118d2f0b595ca9dc5f2d31962553b652ffa05874c5e2f7c8fff15,Beijing,ssp585,mid_2050s,2052,perimeter_bot_zn_3,perimeter,bottom,north,23.951471775531118,24.71657948012814,24.33402562782963,28.52378386382143,0.76510770459702,36.691924423996596,0.10208141601244028,0.3101632185280323,10.099377394636015,0.07305668218743093,0.029024733825009343
9d07cd74691118d2f0b595ca9dc5f2d31962553b652ffa05874c5e2f7c8fff15,Beijing,ssp585,mid_2050s,2052,perimeter_bot_zn_4,perimeter,bottom,west,23.837368300420515,25.283327160168348,24.560347730294435,27.774821853979088,1.4459588597478323,36.89905862196525,0.09436274795935505,0.25947653129696846,7.0102969348659006,0.06793879769930716,0.026423950260047895
9d07cd74691118d2f0b595ca9dc5f2d31962553b652ffa05874c5e2f7c8fff15,Beijing,ssp585,mid_2050s,2052,perimeter_mid_zn_1,perimeter,middle,south,24.302340946565334,26.194983566392715,25.24866225647902,28.9044862043338,1.89264261982738,34.24700985050472,0.13080089769360273,0.36548264790326357,15.271791187739463,0.1095912477658447,0.02120964992775803
9d07cd74691118d2f0b595ca9dc5f2d31962553b652ffa05874c5e2f7c8fff15,Beijing,ssp585,mid_2050s,2052,perimeter_mid_zn_2,perimeter,middle,east,23.885720584219836,25.382811578399398,24.634266081309615,28.25305286297771,1.4970909941795596,36.36334574395253,0.09879567922205933,0.29288436844944954,8.87212643678161,0.07340618966298287,0.02538948955907646
9d07cd74691118d2f0b595ca9dc5f2d31962553b652ffa05874c5e2f7c8fff15,Beijing,ssp585,mid_2050s,2052,perimeter_mid_zn_3,perimeter,middle,north,24.13984596529701,25.137199536566143,24.63852275093158,29.21680782732845,0.9973535712691388,35.98558453058116,0.11055370794927938,0.3624461127910763,12.338362068965516,0.08457856902133867,0.025975138927940695
9d07cd74691118d2f0b595ca9dc5f2d31962553b652ffa05874c5e2f7c8fff15,Beijing,ssp585,mid_2050s,2052,perimeter_mid_zn_4,perimeter,middle,west,23.876728176194348,25.504976868463523,24.690852522328935,27.992878442251616,1.6282486922691775,36.5440324180124,0.09970428327268986,0.2802624588366598,8.321360153256704,0.0746072611335078,0.02509702213918206
9d07cd74691118d2f0b595ca9dc5f2d31962553b652ffa05874c5e2f7c8fff15,Beijing,ssp585,mid_2050s,2052,perimeter_top_zn_1,perimeter,top,south,24.073398237770064,25.882112187375018,24.97775521257254,28.781032780216858,1.8087139496049554,34.36340497945191,0.12051356214215048,0.36242173961363733,12.625718390804597,0.09754694771410548,0.022966614428045
9d07cd74691118d2f0b595ca9dc5f2d31962553b652ffa05874c5e2f7c8fff15,Beijing,ssp585,mid_2050s,2052,perimeter_top_zn_2,perimeter,top,east,23.707930642319507,25.10028438203822,24.404107512178868,28.321679899899593,1.392353739718716,36.77294754633718,0.0967498470300141,0.29538649320602417,8.692528735632184,0.06897228904744437,0.027777557982569735
9d07cd74691118d2f0b595ca9dc5f2d31962553b652ffa05874c5e2f7c8fff15,Beijing,ssp585,mid_2050s,2052,perimeter_top_zn_3,perimeter,top,north,23.842970777438254,24.78563262997555,24.3143017037069,29.0184720266044,0.9426618525372983,36.08292421856228,0.10421951089204158,0.3101632185280323,10.476532567049809,0.07523059954048737,0.02898891135155421
9d07cd74691118d2f0b595ca9dc5f2d31962553b652ffa05874c5e2f7c8fff15,Beijing,ssp585,mid_2050s,2052,perimeter_top_zn_4,perimeter,top,west,23.6649578039468,25.19331248924676,24.429135146596778,27.90280799583973,1.5283546852999648,36.61993199531205,0.09627485439744225,0.27900369837880135,7.477250957854406,0.06872076983569178,0.027554084561750476
9d5f088a21e1c0f58f8f139b811472332aae4f745ab044bc29a0968e0c1495d1,Guangzhou,ssp245,baseline_2020s,2028,core_bottom,core,bottom,core,24.379997799341005,26.28708672144381,25.33354226039241,26.95560011110488,1.9070889221028098,47.90430425318599,0.08212260502224192,0.15076221898198128,1.358955938697318,0.05189027030590094,0.030232334716340983
9d5f088a21e1c0f58f8f139b811472332aae4f745ab044bc29a0968e0c1495d1,Guangzhou,ssp245,baseline_2020s,2028,core_mid,core,middle,core,24.574738622638186,25.977340481794815,25.276039552216503,27.51890164694869,1.4026018591566292,49.344785221392655,0.08409686453819544,0.2030697949230671,5.393917624521072,0.053944851989591126,0.03015201254860432
9d5f088a21e1c0f58f8f139b811472332aae4f745ab044bc29a0968e0c1495d1,Guangzhou,ssp245,baseline_2020s,2028,core_top,core,top,core,24.379247218362345,25.862091577405362,25.12066939788385,27.388683554827445,1.4828443590430258,48.89111322426295,0.07920003017765011,0.19219142571091652,4.783285440613027,0.04772357439012998,0.03147645578752013
9d5f088a21e1c0f58f8f139b811472332aae4f745ab044bc29a0968e0c1495d1,Guangzhou,ssp245,baseline_2020s,2028,perimeter_bot_zn_1,perimeter,bottom,south,24.829055964893286,26.539014198742983,25.68403508181813,28.686358041476325,1.7099582338496977,52.69074893362329,0.12405800736398089,0.3101632185280323,19.96527777777778,0.09604364929705594,0.028014358066924948
9d5f088a21e1c0f58f8f139b811472332aae4f745ab044bc29a0968e0c1495d1,Guangzhou,ssp245,baseline_2020s,2028,perimeter_bot_zn_2,perimeter,bottom,east,24.164857814542284,25.97004138771358,25.06744960112793,27.08092218394026,1.8051835731712944,50.56771878406502,0.07653048526085286,0.1872413046658039,2.4245689655172415,0.04439364772016125,0.03213683754069161
9d5f088a21e1c0f58f8f139b811472332aae4f745ab044bc29a0968e0c1495d1,Guangzhou,ssp245,baseline_2020s,2028,perimeter_bot_zn_3,perimeter,bottom,north,24.45340408097337,25.909791882905342,25.181597981939355,27.58952768038167,1.4563878019319663,49.6829289001216,0.08589085569219188,0.19891560450196266,4.6875,0.05479053561288018,0.031100320079311697
9d5f088a21e1c0f58f8f139b811472332aae4f745ab044bc29a0968e0c1495d1,Guangzhou,ssp245,baseline_2020s,2028,perimeter_bot_zn_4,perimeter,bottom,west,24.141343855186516,26.070663944137873,25.10600389966219,26.89936443046174,1.9293200889513624,50.43251534489924,0.07646566844302828,0.14832361415028572,1.9456417624521074,0.04453203923809806,0.031933629204930224
9d5f088a21e1c0f58f8f139b811472332aae4f745ab044bc29a0968e0c1495d1,Guangzhou,ssp245,baseline_2020s,2028,perimeter_mid_zn_1,perimeter,middle,south,24.863668996761763,26.726870179115636,25.795269587938698,28.68517422695377,1.8632011823538692,48.63686736805255,0.11847673284258538,0.3146541650872664,14.547413793103448,0.09133871926451495,0.027138013578070438
9d5f088a21e1c0f58f8f139b811472332aae4f745ab044bc29a0968e0c1495d1,Guangzhou,ssp245,baseline_2020s,2028,perimeter_mid_zn_2,perimeter,middle,east,24.18951282045093,26.213580420511274,25.2015466204811,27.195639643123116,2.0240676000603393,50.69396799194527,0.08125227824128027,0.1899886131286621,4.394157088122606,0.05007763957112789,0.031174638670152393
9d5f088a21e1c0f58f8f139b811472332aae4f745ab044bc29a0968e0c1495d1,Guangzhou,ssp245,baseline_2020s,2028,perimeter_mid_zn_3,perimeter,middle,north,24.576721452239113,26.23706125445641,25.40689135334776,28.08255998288147,1.6603398022172953,49.74943805643699,0.09649889321084894,0.25984940119087696,8.806273946360154,0.06693301522789633,0.02956587798295262
9d5f088a21e1c0f58f8f139b811472332aae4f745ab044bc29a0968e0c1495d1,Guangzhou,ssp245,baseline_2020s,2028,perimeter_mid_zn_4,perimeter,middle,west,24.15703146670951,26.293713680441634,25.22537257357557,27.070437836013447,2.1366822137321186,50.91387786771122,0.08060740751523317,0.18748648837208748,3.771551724137931,0.04972694869976361,0.030880458815469563
9d5f088a21e1c0f58f8f139b811472332aae4f745ab044bc29a0968e0c1495d1,Guangzhou,ssp245,baseline_2020s,2028,perimeter_top_zn_1,perimeter,top,south,24.590754205703256,26.555527274411226,25.57314074005724,28.559282548774217,1.9647730687079674,48.470162525754006,0.10727958520907833,0.3101632185280323,11.230842911877396,0.07850640564923883,0.028773179559839508
9d5f088a21e1c0f58f8f139b811472332aae4f745ab044bc29a0968e0c1495d1,Guangzhou,ssp245,baseline_2020s,2028,perimeter_top_zn_2,perimeter,top,east,24.144300667256722,26.172198438178935,25.158249552717827,27.333412358837364,2.02789777092221,50.28027111628349,0.08151481106003766,0.20104241054504746,5.004789272030651,0.049811049359935335,0.03170376170010233
9d5f088a21e1c0f58f8f139b811472332aae4f745ab044bc29a0968e0c1495d1,Guangzhou,ssp245,baseline_2020s,2028,perimeter_top_zn_3,perimeter,top,north,24.383244172401028,26.11262686266299,25.247935517532007,28.025906962992043,1.7293826902619545,49.43898276918576,0.09019349726433881,0.25947653129696846,6.878591954022989,0.059268207980410846,0.030925289283927966
9d5f088a21e1c0f58f8f139b811472332aae4f745ab044bc29a0968e0c1495d1,Guangzhou,ssp245,baseline_2020s,2028,perimeter_top_zn_4,perimeter,top,west,24.08706932192678,26.228176683973608,25.157623002950192,27.10997591133407,2.141107362046831,50.32789501084191,0.08014876630311504,0.18748648837208748,4.14272030651341,0.04859840415727697,0.03155036214583808
a359fd079de8e50f2d08eb7b2ed5abede8acc6269a7d834f3f133a5d673c78b7,Houston,ssp585,mid_2050s,2058,core_bottom,core,bottom,core,24.567147318638455,26.47905895105717,25.523103134847812,27.6207347632907,1.911911632418715,48.44973314677266,0.0944304008019596,0.2030697949230671,5.77705938697318,0.06713626604153457,0.027294134760425016
a359fd079de8e50f2d08eb7b2ed5abede8acc6269a7d834f3f133a5d673c78b7,Houston,ssp585,mid_2050s,2058,core_mid,core,middle,core,24.867555913636192,26.230634427804983,25.549095170720584,28.227477818757492,1.363078514168791,49.7896994533269,0.10566479544817328,0.29288436844944954,14.194204980842912,0.07869827048022299,0.0269665249679503
a359fd079de8e50f2d08eb7b2ed5abede8acc6269a7d834f3f133a5d673c78b7,Houston,ssp585,mid_2050s,2058,core_top,core,top,core,24.616747984365333,26.087593908606234,25.35217094648578,28.051988954594254,1.4708459242409033,49.599350490259155,0.09687231550916117,0.284853876568377,11.147030651340996,0.06832153726741805,0.028550778241743114
a359fd079de8e50f2d08eb7b2ed5abede8acc6269a7d834f3f133a5d673c78b7,Houston,ssp585,mid_2050s,2058,perimeter_bot_zn_1,perimeter,bottom,south,25.034717660307738,26.949401423185776,25.992059541746762,29.38535960541467,1.9146837628780369,52.178770894073935,0.1390531466962387,0.3624461127910763,25.868055555555557,0.11412038818341626,0.02493275851282243
a359fd079de8e50f2d08eb7b2ed5abede8acc6269a7d834f3f133a5d673c78b7,Houston,ssp585,mid_2050s,2058,perimeter_bot_zn_2,perimeter,bottom,east,24.448890618071776,26.468723562769725,25.458807090420752,28.446634991628947,2.019832944697952,50.424977828868414,0.10301183360047877,0.29288436844944954,12.110871647509578,0.07424615605962213,0.02876567754085665
a359fd079de8e50f2d08eb7b2ed5abede8acc6269a7d834f3f133a5d673c78b7,Houston,ssp585,mid_2050s,2058,perimeter_bot_zn_3,perimeter,bottom,north,24.636665125687944,26.031782547164536,25.33422383642624,28.112530196239767,1.395117421476589,50.32075840902471,0.10020519574954194,0.25947653129696846,11.296695402298852,0.07082357145025184,0.029381624299290095
a359fd079de8e50f2d08eb7b2ed5abede8acc6269a7d834f3f133a5d673c78b7,Houston,ssp585,mid_2050s,2058,perimeter_bot_zn_4,perimeter,bottom,west,24.28970185709606,26.383556804575676,25.33662933083587,27.75241263683309,2.0938549474796138,50.817915952432195,0.09178507574422183,0.25947653129696846,8.297413793103448,0.06251710987586521,0.02926796586835662
a359fd079de8e50f2d08eb7b2ed5abede8acc6269a7d834f3f133a5d673c78b7,Houston,ssp585,mid_2050s,2058,perimeter_mid_zn_1,perimeter,middle,south,25.108625599112255,27.137939428335766,26.12328251372401,29.31735357716054,2.0293138292235122,49.01207022224722,0.14167180145036704,0.36701315734535456,23.000478927203066,0.11778136399795143,0.023890437452415616
a359fd079de8e50f2d08eb7b2ed5abede8acc6269a7d834f3f133a5d673c78b7,Houston,ssp585,mid_2050s,2058,perimeter_mid_zn_2,perimeter,middle,east,24.482579208192558,26.682590867463887,25.582585037828228,28.820809478092617,2.2000116592713286,50.96205604606786,0.10863791471307906,0.3101632185280323,15.193965517241379,0.08092990198059559,0.02770801273248347
a359fd079de8e50f2d08eb7b2ed5abede8acc6269a7d834f3f133a5d673c78b7,Houston,ssp585,mid_2050s,2058,perimeter_mid_zn_3,perimeter,middle,north,24.855133196846825,26.439917336870764,25.647525266858796,28.813609381727712,1.5847841400239313,50.366549319156135,0.11766950640138794,0.3101632185280323,17.678400383141764,0.09040354121393003,0.02726596518745791
a359fd079de8e50f2d08eb7b2ed5abede8acc6269a7d834f3f133a5d673c78b7,Houston,ssp585,mid_2050s,2058,perimeter_mid_zn_4,perimeter,middle,west,24.33685800463522,26.607521891047266,25.472189947841244,28.12548350886683,2.2706638864120516,51.597194688431976,0.09888405258109627,0.28028683201409876,11.129070881226054,0.07058778014523558,0.028296272435860702
a359fd079de8e50f2d08eb7b2ed5abede8acc6269a7d834f3f133a5d673c78b7,Houston,ssp585,mid_2050s,2058,perimeter_top_zn_1,perimeter,top,south,24.797513228766885,26.941872023641846,25.86969262620437,29.08852770727604,2.1443587948749663,49.10244182188248,0.12666079335343325,0.3624461127910763,18.773946360153257,0.1008018289126346,0.02585896444079864
a359fd079de8e50f2d08eb7b2ed5abede8acc6269a7d834f3f133a5d673c78b7,Houston,ssp585,mid_2050s,2058,perimeter_top_zn_2,perimeter,top,east,24.394462721365493,26.610620441172927,25.502541581269213,28.770378941952217,2.21615771980743,50.81248259801314,0.10830531935400735,0.3101632185280323,15.062260536398467,0.07950691312631339,0.028798406227693963
a359fd079de8e50f2d08eb7b2ed5abede8acc6269a7d834f3f133a5d673c78b7,Houston,ssp585,mid_2050s,2058,perimeter_top_zn_3,perimeter,top,north,24.612571822919122,26.288145022706622,25.450358422812876,28.690830596176223,1.675573199787501,50.321917349743664,0.10903773979595036,0.3101632185280323,14.756944444444445,0.07989630616325537,0.029141433632694978
a359fd079de8e50f2d08eb7b2ed5abede8acc6269a7d834f3f133a5d673c78b7,Houston,ssp585,mid_2050s,2058,perimeter_top_zn_4,perimeter,top,west,24.201354207485586,26.49926376569096,25.35030898658827,28.021550837004778,2.2979095582053755,51.347541278025794,0.09571817936039817,0.27900369837880135,10.219109195402298,0.06621405699076684,0.029504122369631326
a5f0200b5cb5eaf100921659b7130db899c76b2af3807acb615acf4152b4a430,Ahmedabad,ssp245,mid_2050s,2058,core_bottom,core,bottom,core,24.444489736549624,26.57027068546799,25.50738021100881,27.05766969599121,2.125780948918365,48.3494097774661,0.08610172625081076,0.1872413046658039,3.1309865900383143,0.055272872091779016,0.030828854159031745
a5f0200b5cb5eaf100921659b7130db899c76b2af3807acb615acf4152b4a430,Ahmedabad,ssp245,mid_2050s,2058,core_mid,core,middle,core,24.761986764435683,26.380552815292557,25.571269789864118,27.74634692742566,1.618566050856879,49.92105658592388,0.09508230707319244,0.2619786560535431,8.596743295019158,0.06600007229528998,0.029082234777902456
a5f0200b5cb5eaf100921659b7130db899c76b2af3807acb615acf4152b4a430,Ahmedabad,ssp245,mid_2050s,2058,core_top,core,top,core,24.537845332677467,26.332715991478363,25.435280662077915,27.632400560899278,1.7948706588008885,49.204492056027554,0.0885002500026426,0.25947653129696846,6.854645593869732,0.05808864891292907,0.03041160108971352
a5f0200b5cb5eaf100921659b7130db899c76b2af3807acb615acf4152b4a430,Ahmedabad,ssp245,mid_2050s,2058,perimeter_bot_zn_1,perimeter,bottom,south,25.848239479265146,27.912636995230656,26.8804382372479,29.376323777581213,2.064397515965512,49.135369059344306,0.20044888348315404,0.45902225747704506,41.30747126436782,0.1796324275592583,0.02081645592389574
a5f0200b5cb5eaf100921659b7130db899c76b2af3807acb615acf4152b4a430,Ahmedabad,ssp245,mid_2050s,2058,perimeter_bot_zn_2,perimeter,bottom,east,24.36028469644062,26.902811673745223,25.63154818509292,27.433692552755467,2.54252697730461,49.3871281188814,0.09274154492637514,0.2030697949230671,5.603448275862069,0.06268931479433906,0.03005223013203608
a5f0200b5cb5eaf100921659b7130db899c76b2af3807acb615acf4152b4a430,Ahmedabad,ssp245,mid_2050s,2058,perimeter_bot_zn_3,perimeter,bottom,north,24.59891727493314,26.370514700647387,25.484715987790263,27.53412426138762,1.771597425714246,49.21090333581815,0.08966221948753018,0.2030697949230671,6.010536398467433,0.06004586846694142,0.029616351020588762
a5f0200b5cb5eaf100921659b7130db899c76b2af3807acb615acf4152b4a430,Ahmedabad,ssp245,mid_2050s,2058,perimeter_bot_zn_4,perimeter,bottom,west,24.27592756809692,26.81627016818003,25.54609886813848,27.189855657708332,2.5403426000831115,49.71637535528396,0.08782969145950921,0.19469355046749115,4.639607279693487,0.057301945931731345,0.030527745527777865
a5f0200b5cb5eaf100921659b7130db899c76b2af3807acb615acf4152b4a430,Ahmedabad,ssp245,mid_2050s,2058,perimeter_mid_zn_1,perimeter,middle,south,25.52900690829624,27.823962439039747,26.676484673667993,29.27152121681188,2.2949555307435023,47.93785109014049,0.18415946104197523,0.5213801695499569,33.979885057471265,0.16160543591017795,0.02255402513179726
a5f0200b5cb5eaf100921659b7130db899c76b2af3807acb615acf4152b4a430,Ahmedabad,ssp245,mid_2050s,2058,perimeter_mid_zn_2,perimeter,middle,east,24.359454528240402,27.04014699420574,25.699800761223074,27.683065567442053,2.6806924659653424,50.75691487455854,0.09674623677701012,0.25984940119087696,8.171695402298852,0.06768410257593474,0.029062134201075392
a5f0200b5cb5eaf100921659b7130db899c76b2af3807acb615acf4152b4a430,Ahmedabad,ssp245,mid_2050s,2058,perimeter_mid_zn_3,perimeter,middle,north,24.765015106207038,26.72289351202143,25.743954309114237,28.205105868973895,1.9578784058143859,50.06502246402572,0.10765144537991995,0.3021327266469598,12.841235632183908,0.07943965867736022,0.028211786702559735
a5f0200b5cb5eaf100921659b7130db899c76b2af3807acb615acf4152b4a430,Ahmedabad,ssp245,mid_2050s,2058,perimeter_mid_zn_4,perimeter,middle,west,24.31050787729762,26.985273057361063,25.647890467329347,27.597179501014136,2.6747651800634435,51.18228671023147,0.09394762152400311,0.25947653129696846,7.387452107279693,0.0647444413647937,0.02920318015920941
a5f0200b5cb5eaf100921659b7130db899c76b2af3807acb615acf4152b4a430,Ahmedabad,ssp245,mid_2050s,2058,perimeter_top_zn_1,perimeter,top,south,25.15853099805531,27.66219461096645,26.41036280451088,28.965055929258344,2.5036636129111387,47.6301124785988,0.16282836722237481,0.4288363291416317,28.220785440613028,0.1385936543791041,0.024234712843270705
a5f0200b5cb5eaf100921659b7130db899c76b2af3807acb615acf4152b4a430,Ahmedabad,ssp245,mid_2050s,2058,perimeter_top_zn_2,perimeter,top,east,24.32809863411558,27.06915269778669,25.698625665951138,27.762057301779386,2.741054063671111,49.89887819827134,0.09699474169354297,0.2619786560535431,8.034003831417625,0.06778587938971697,0.02920886230382598
a5f0200b5cb5eaf100921659b7130db899c76b2af3807acb615acf4152b4a430,Ahmedabad,ssp245,mid_2050s,2058,perimeter_top_zn_3,perimeter,top,north,24.58468647675067,26.674110480554983,25.62939847865282,28.085535700651324,2.08942400380431,49.405169849441315,0.10096881461468141,0.29288436844944954,10.428639846743296,0.07180713677209699,0.029161677842584423
a5f0200b5cb5eaf100921659b7130db899c76b2af3807acb615acf4152b4a430,Ahmedabad,ssp245,mid_2050s,2058,perimeter_top_zn_4,perimeter,top,west,24.252410127690702,26.987617561811064,25.620013844750883,27.608178406063626,2.7352074341203627,50.25374435671902,0.0928618834769828,0.25947653129696846,6.926484674329501,0.06348505229190736,0.029376831185075447
a64f00878873a2df8adef4875a8c3fed08a17cc4ce6e4183c9e0c4cb49a4b88b,Ahmedabad,ssp585,mid_2050s,2055,core_bottom,core,bottom,core,24.40750785528577,26.517420480282386,25.462464167784074,26.95485097609119,2.1099126249966127,48.414672535137534,0.08357737442652269,0.1872413046658039,2.957375478927203,0.052499575099461335,0.03107779932706135
a64f00878873a2df8adef4875a8c3fed08a17cc4ce6e4183c9e0c4cb49a4b88b,Ahmedabad,ssp585,mid_2050s,2055,core_mid,core,middle,core,24.67790768986319,26.294427535211362,25.486167612537276,27.56115729949855,1.6165198453481786,49.84322600430692,0.09096029919247238,0.25947653129696846,8.183668582375478,0.061151650201846396,0.02980864899062598
a64f00878873a2df8adef4875a8c3fed08a17cc4ce6e4183c9e0c4cb49a4b88b,Ahmedabad,ssp585,mid_2050s,2055,core_top,core,top,core,24.47092465325051,26.25524510440836,25.363084878829437,27.41148245123762,1.7843204511578492,49.07964532119026,0.08571548213883637,0.2034426648169756,6.65110153256705,0.054566391862699605,0.031149090276136764
a64f00878873a2df8adef4875a8c3fed08a17cc4ce6e4183c9e0c4cb49a4b88b,Ahmedabad,ssp585,mid_2050s,2055,perimeter_bot_zn_1,perimeter,bottom,south,25.77932520284933,27.799362981748754,26.789344092299043,29.555162525857412,2.0200377788994204,49.52034963462985,0.1936367173702367,0.5213557963725179,37.88912835249042,0.17234920813760923,0.021287509232627448
a64f00878873a2df8adef4875a8c3fed08a17cc4ce6e4183c9e0c4cb49a4b88b,Ahmedabad,ssp585,mid_2050s,2055,perimeter_bot_zn_2,perimeter,bottom,east,24.305088479817766,26.797056035823374,25.551072257820568,27.223375621261805,2.49196755600561,49.54253408549118,0.0882778824915445,0.2030697949230671,5.184386973180077,0.0577627400849465,0.030515142406598007
a64f00878873a2df8adef4875a8c3fed08a17cc4ce6e4183c9e0c4cb49a4b88b,Ahmedabad,ssp585,mid_2050s,2055,perimeter_bot_zn_3,perimeter,bottom,north,24.517714175922002,26.265159918082666,25.391437047002334,27.356546077780894,1.7474457421606624,49.422695526614554,0.08529591061746018,0.2030697949230671,5.543582375478928,0.054985289786847746,0.03031062083061244
a64f00878873a2df8adef4875a8c3fed08a17cc4ce6e4183c9e0c4cb49a4b88b,Ahmedabad,ssp585,mid_2050s,2055,perimeter_bot_zn_4,perimeter,bottom,west,24.22874127246043,26.717157154485893,25.47294921347316,27.016349520494913,2.4884158820254627,49.84580977552986,0.08382114448923157,0.1872413046658039,3.7356321839080464,0.052886303256489284,0.03093484123274229
a64f00878873a2df8adef4875a8c3fed08a17cc4ce6e4183c9e0c4cb49a4b88b,Ahmedabad,ssp585,mid_2050s,2055,perimeter_mid_zn_1,perimeter,middle,south,25.40798100848655,27.68190950465316,26.544945256569854,29.215218261604956,2.2739284961666133,47.96532653837661,0.17637206005398964,0.4632423706352711,32.00431034482759,0.15295596987693044,0.023416090177059205
a64f00878873a2df8adef4875a8c3fed08a17cc4ce6e4183c9e0c4cb49a4b88b,Ahmedabad,ssp585,mid_2050s,2055,perimeter_mid_zn_2,perimeter,middle,east,24.29771583740247,26.92777671122291,25.612746274312695,27.488514570817667,2.6300608738204394,50.64321219631757,0.09206448596979634,0.25947653129696846,7.159961685823754,0.06241670534097441,0.02964778062882193
a64f00878873a2df8adef4875a8c3fed08a17cc4ce6e4183c9e0c4cb49a4b88b,Ahmedabad,ssp585,mid_2050s,2055,perimeter_mid_zn_3,perimeter,middle,north,24.659583946102657,26.601250893002636,25.63041741955265,28.080303393805536,1.9416669468999765,50.06502308216167,0.10119902901383511,0.3101632185280323,10.949473180076629,0.07223721242075344,0.028961816593081672
a64f00878873a2df8adef4875a8c3fed08a17cc4ce6e4183c9e0c4cb49a4b88b,Ahmedabad,ssp585,mid_2050s,2055,perimeter_mid_zn_4,perimeter,middle,west,24.26260405550665,26.883324548873972,25.572964302190314,27.448874936661216,2.620720493367322,51.027943125260926,0.08987535476877258,0.20557191967964172,6.4415708812260535,0.060168634134626205,0.029706720634146373
a64f00878873a2df8adef4875a8c3fed08a17cc4ce6e4183c9e0c4cb49a4b88b,Ahmedabad,ssp585,mid_2050s,2055,perimeter_top_zn_1,perimeter,top,south,25.06378687926261,27.535121345660233,26.299454112461422,28.87117156138112,2.4713344663976176,47.609891440918595,0.1568304016082561,0.4282721318304539,27.424568965517242,0.13182125067050876,0.025009150937747325
a64f00878873a2df8adef4875a8c3fed08a17cc4ce6e4183c9e0c4cb49a4b88b,Ahmedabad,ssp585,mid_2050s,2055,perimeter_top_zn_2,perimeter,top,east,24.27670753844308,26.96438257031569,25.620545054379384,27.599737720516586,2.6876750318726117,49.76965430317649,0.09310022932286616,0.25947653129696846,7.429358237547892,0.06341412257221599,0.029686106750650164
a64f00878873a2df8adef4875a8c3fed08a17cc4ce6e4183c9e0c4cb49a4b88b,Ahmedabad,ssp585,mid_2050s,2055,perimeter_top_zn_3,perimeter,top,north,24.509047947905316,26.569403331721183,25.53922563981325,27.910728848966144,2.0603553838158697,49.33827202123923,0.09652051596362998,0.29288436844944954,9.416906130268199,0.0667092986457305,0.029811217317899482
a64f00878873a2df8adef4875a8c3fed08a17cc4ce6e4183c9e0c4cb49a4b88b,Ahmedabad,ssp585,mid_2050s,2055,perimeter_top_zn_4,perimeter,top,west,24.215186015367365,26.89355180586185,25.554368910614613,27.465288677796003,2.678365790494486,50.08226705776972,0.08942649029425574,0.20353171145543442,6.17816091954023,0.059564070226867695,0.029862420067388047
a7e1610838d4cf9a8729edfd297286f2af50e1c20d6d0e2f8f44dfaa6165e530,Kolkata,ssp245,late_2080s,2084,core_bottom,core,bottom,core,25.010407660109806,27.02705582695535,26.018731743532577,28.90353056636558,2.0166481668455485,52.546410355547344,0.12487747922805771,0.37082353606820107,19.04932950191571,0.09812791520659188,0.02674956402146584
a7e1610838d4cf9a8729edfd297286f2af50e1c20d6d0e2f8f44dfaa6165e530,Kolkata,ssp245,late_2080s,2084,core_mid,core,middle,core,25.358994490807312,26.841515158018012,26.10025482441266,29.422364219437668,1.4825206672107,53.62321764278787,0.13254157979565095,0.37082353606820107,22.82088122605364,0.10659130200692604,0.025950277788724913
a7e1610838d4cf9a8729edfd297286f2af50e1c20d6d0e2f8f44dfaa6165e530,Kolkata,ssp245,late_2080s,2084,core_top,core,top,core,25.10181588043871,26.769455501085694,25.9356356907622,29.379723445845322,1.6676396206469835,53.07071010199206,0.12523663892603382,0.37082353606820107,21.665469348659002,0.09808004558938546,0.027156593336648365
a7e1610838d4cf9a8729edfd297286f2af50e1c20d6d0e2f8f44dfaa6165e530,Kolkata,ssp245,late_2080s,2084,perimeter_bot_zn_1,perimeter,bottom,south,26.113098081944383,27.948406417765945,27.030752249855166,30.483424676584004,1.835308335821563,57.048296448047594,0.19026859506154684,0.3811948134098202,43.77394636015325,0.1700498446224144,0.020218750439132422
a7e1610838d4cf9a8729edfd297286f2af50e1c20d6d0e2f8f44dfaa6165e530,Kolkata,ssp245,late_2080s,2084,perimeter_bot_zn_2,perimeter,bottom,east,24.764991037749244,26.99949619088708,25.88224361431816,28.85356777441269,2.2345051531378317,54.35536767786584,0.11752446979367974,0.36701315734535456,18.24712643678161,0.09019630722217824,0.027328162571501502
a7e1610838d4cf9a8729edfd297286f2af50e1c20d6d0e2f8f44dfaa6165e530,Kolkata,ssp245,late_2080s,2084,perimeter_bot_zn_3,perimeter,bottom,north,25.22748280235828,26.953467775481645,26.090475288919965,29.461742731063826,1.7259849731233619,53.13728907371102,0.133038589930864,0.3750436492264271,21.665469348659002,0.10735691655440599,0.02568167337645802
a7e1610838d4cf9a8729edfd297286f2af50e1c20d6d0e2f8f44dfaa6165e530,Kolkata,ssp245,late_2080s,2084,perimeter_bot_zn_4,perimeter,bottom,west,24.61349909353181,26.87675969672325,25.745129395127528,28.57868584169186,2.263260603191446,54.85349524442439,0.10786968282914776,0.3101632185280323,15.403496168582375,0.07967022862199513,0.02819945420715262
a7e1610838d4cf9a8729edfd297286f2af50e1c20d6d0e2f8f44dfaa6165e530,Kolkata,ssp245,late_2080s,2084,perimeter_mid_zn_1,perimeter,middle,south,25.967941535778206,28.02228020863617,26.995110872207192,30.72145570277934,2.0543386728579733,51.836859414666215,0.1879372891445859,0.4229312436655164,40.17600574712644,0.16701655341469518,0.020920735729890727
a7e1610838d4cf9a8729edfd297286f2af50e1c20d6d0e2f8f44dfaa6165e530,Kolkata,ssp245,late_2080s,2084,perimeter_mid_zn_2,perimeter,middle,east,24.847764225587294,27.26074876617771,26.0542564958825,29.637237759071574,2.412984540590406,54.97339334618103,0.12490033954189032,0.3624461127910763,21.054837164750957,0.0982435580578961,0.02665678148399423
a7e1610838d4cf9a8729edfd297286f2af50e1c20d6d0e2f8f44dfaa6165e530,Kolkata,ssp245,late_2080s,2084,perimeter_mid_zn_3,perimeter,middle,north,25.441490240577526,27.32636834756617,26.383929294071848,30.443526595467766,1.8848781069886462,53.441514204610364,0.14300865083819136,0.3750436492264271,26.029693486590038,0.1185381855728449,0.02447046526534647
a7e1610838d4cf9a8729edfd297286f2af50e1c20d6d0e2f8f44dfaa6165e530,Kolkata,ssp245,late_2080s,2084,perimeter_mid_zn_4,perimeter,middle,west,24.723109549687255,27.167758687381358,25.945434118534305,29.33981731716092,2.4446491376941006,55.58631407696256,0.11739767972958152,0.32677866891026497,19.04932950191571,0.09025256261882958,0.02714511711075195
a7e1610838d4cf9a8729edfd297286f2af50e1c20d6d0e2f8f44dfaa6165e530,Kolkata,ssp245,late_2080s,2084,perimeter_top_zn_1,perimeter,top,south,25.59008040858243,27.851320813113386,26.720700610847906,30.590332980768828,2.2612404045309558,51.67351695642548,0.1703152168717411,0.39310652762651443,34.47078544061303,0.1475975260765638,0.022717690795177298
a7e1610838d4cf9a8729edfd297286f2af50e1c20d6d0e2f8f44dfaa6165e530,Kolkata,ssp245,late_2080s,2084,perimeter_top_zn_2,perimeter,top,east,24.805983145657848,27.276273716640176,26.041128431149016,29.720937069979612,2.470290570982332,54.22598709253194,0.12434677139448802,0.3624461127910763,21.00095785440613,0.0975007479831976,0.026846023411290422
a7e1610838d4cf9a8729edfd297286f2af50e1c20d6d0e2f8f44dfaa6165e530,Kolkata,ssp245,late_2080s,2084,perimeter_top_zn_3,perimeter,top,north,25.204801400493622,27.23891266212337,26.221857031308495,30.29741985559509,2.0341112616297425,53.005815786650885,0.13628397998423727,0.37082353606820107,24.275622605363985,0.11057357722871056,0.025710402755526728
a7e1610838d4cf9a8729edfd297286f2af50e1c20d6d0e2f8f44dfaa6165e530,Kolkata,ssp245,late_2080s,2084,perimeter_top_zn_4,perimeter,top,west,24.611106121420107,27.134121876335453,25.87261399887778,29.215775878869383,2.5230157549153467,54.88480164389103,0.11268349059816059,0.3101632185280323,17.654454022988507,0.0851611974963029,0.02752229310185769
aac02000b7d6a0c7b84819a18dc7baafaedb0ef27c084f506d09fe1e3798afba,Kolkata,ssp245,mid_2050s,2058,core_bottom,core,bottom,core,24.67172368014673,26.712852564178448,25.69228812216259,27.714306065827763,2.041128884031722,52.02126449503875,0.0982311901879539,0.2619786560535431,8.848180076628353,0.06967303458506677,0.028558155602887134
aac02000b7d6a0c7b84819a18dc7baafaedb0ef27c084f506d09fe1e3798afba,Kolkata,ssp245,mid_2050s,2058,core_mid,core,middle,core,24.996508031330453,26.51586347072173,25.756185751026088,28.42957368801932,1.5193554393912783,52.986693398428734,0.10964524019900951,0.3101632185280323,14.619252873563218,0.08184045752892012,0.027804782670089383
aac02000b7d6a0c7b84819a18dc7baafaedb0ef27c084f506d09fe1e3798afba,Kolkata,ssp245,mid_2050s,2058,core_top,core,top,core,24.776296581702006,26.465618825753985,25.620957703728,28.420572559816573,1.6893222440519753,52.46194461649529,0.10370537502510449,0.3101632185280323,14.16427203065134,0.0748919052205903,0.028813469804514186
aac02000b7d6a0c7b84819a18dc7baafaedb0ef27c084f506d09fe1e3798afba,Kolkata,ssp245,mid_2050s,2058,perimeter_bot_zn_1,perimeter,bottom,south,25.70745207724875,27.60721815226386,26.65733511475631,29.4024302902562,1.8997660750151173,56.40438768875163,0.16733819613772577,0.37082353606820107,35.650143678160916,0.1456320009625185,0.021706195175207277
aac02000b7d6a0c7b84819a18dc7baafaedb0ef27c084f506d09fe1e3798afba,Kolkata,ssp245,mid_2050s,2058,perimeter_bot_zn_2,perimeter,bottom,east,24.458326568154305,26.700949737659414,25.579638152906863,27.777411988799244,2.2426231695051073,53.6942310587864,0.0933542808547252,0.2619786560535431,9.267241379310345,0.06444749165711286,0.028906789197612345
aac02000b7d6a0c7b84819a18dc7baafaedb0ef27c084f506d09fe1e3798afba,Kolkata,ssp245,mid_2050s,2058,perimeter_bot_zn_3,perimeter,bottom,north,24.86341317995522,26.623610469859454,25.74351182490734,28.23206849115835,1.7601972899042375,52.654293354293806,0.10455786666894863,0.3021327266469598,11.919300766283525,0.07741765144241615,0.027140215226532483
aac02000b7d6a0c7b84819a18dc7baafaedb0ef27c084f506d09fe1e3798afba,Kolkata,ssp245,mid_2050s,2058,perimeter_bot_zn_4,perimeter,bottom,west,24.335144600201335,26.59361842824894,25.46438151422514,27.413019940332386,2.258473828047608,54.102723132118214,0.0863660854298931,0.25947653129696846,6.992337164750957,0.05670746428041426,0.029658621149478835
aac02000b7d6a0c7b84819a18dc7baafaedb0ef27c084f506d09fe1e3798afba,Kolkata,ssp245,mid_2050s,2058,perimeter_mid_zn_1,perimeter,middle,south,25.590264870395703,27.687330574101725,26.638797722248718,29.786734634794183,2.0970657037060234,51.254097044587446,0.16961413886368193,0.38957223668694496,33.63266283524904,0.1471872318865998,0.022426906977082117
aac02000b7d6a0c7b84819a18dc7baafaedb0ef27c084f506d09fe1e3798afba,Kolkata,ssp245,mid_2050s,2058,perimeter_mid_zn_2,perimeter,middle,east,24.521162952487977,26.943853170880384,25.732508061684182,28.440825128003507,2.4226902183924053,54.203123219032044,0.10375811511583106,0.3101632185280323,13.392001915708812,0.0754661626900391,0.028291952425791966
aac02000b7d6a0c7b84819a18dc7baafaedb0ef27c084f506d09fe1e3798afba,Kolkata,ssp245,mid_2050s,2058,perimeter_mid_zn_3,perimeter,middle,north,25.05573447283419,26.97879025351515,26.017262363174673,29.17644586161624,1.9230557806809625,52.86349029539871,0.1214208841484063,0.3624461127910763,18.726053639846743,0.09561218619559601,0.02580869795281029
aac02000b7d6a0c7b84819a18dc7baafaedb0ef27c084f506d09fe1e3798afba,Kolkata,ssp245,mid_2050s,2058,perimeter_mid_zn_4,perimeter,middle,west,24.418226367994837,26.86219636776928,25.640211367882056,28.14590011336127,2.443969999774447,54.73954105195465,0.09599104850149927,0.29288436844944954,10.506465517241379,0.06740249469004289,0.028588553811456377
aac02000b7d6a0c7b84819a18dc7baafaedb0ef27c084f506d09fe1e3798afba,Kolkata,ssp245,mid_2050s,2058,perimeter_top_zn_1,perimeter,top,south,25.241811635763202,27.534558972487382,26.388185304125287,29.6867996151155,2.2927473367241786,51.11945306083492,0.1519458352413076,0.3811948134098202,27.807710727969347,0.12791693452135722,0.024028900719950376
aac02000b7d6a0c7b84819a18dc7baafaedb0ef27c084f506d09fe1e3798afba,Kolkata,ssp245,mid_2050s,2058,perimeter_top_zn_2,perimeter,top,east,24.521138053994637,26.986669538436676,25.753903796215656,28.645974939291385,2.465531484442042,53.46147133011915,0.10570504708253284,0.3101632185280323,14.188218390804597,0.0774866019060498,0.028218445176483038
aac02000b7d6a0c7b84819a18dc7baafaedb0ef27c084f506d09fe1e3798afba,Kolkata,ssp245,mid_2050s,2058,perimeter_top_zn_3,perimeter,top,north,24.85651280430831,26.914179893086022,25.885346348697162,29.16159248980115,2.0576670887777126,52.43981017699278,0.11506545349353801,0.3624461127910763,17.061781609195403,0.08827336755883612,0.026792085934701886
aac02000b7d6a0c7b84819a18dc7baafaedb0ef27c084f506d09fe1e3798afba,Kolkata,ssp245,mid_2050s,2058,perimeter_top_zn_4,perimeter,top,west,24.366022931439836,26.86570218967955,25.615862560559695,28.096635324077546,2.4996792582397105,53.986751555505286,0.09494259866289101,0.29288436844944954,10.668103448275861,0.06624698560748256,0.028695613055408443
ac45890d2a099cdd99b2bbd07ab35b33f3afe9590bc046d9e0f4e53a94314838,Beijing,ssp245,near_2030s,2035,core_bottom,core,bottom,core,24.133108105957774,25.559989031042303,24.846548568500033,26.365550660393655,1.426880925084524,31.30269797423767,0.10492168743800843,0.1830211915075779,2.7598180076628354,0.08327517461123558,0.02164651282677285
ac45890d2a099cdd99b2bbd07ab35b33f3afe9590bc046d9e0f4e53a94314838,Beijing,ssp245,near_2030s,2035,core_mid,core,middle,core,24.01098332687122,24.907423897338102,24.459203612104663,26.513120092704813,0.8964405704668815,33.01035167391175,0.08573725255653601,0.1441035009920597,1.969588122605364,0.061127986661042535,0.02460926589549348
ac45890d2a099cdd99b2bbd07ab35b33f3afe9590bc046d9e0f4e53a94314838,Beijing,ssp245,near_2030s,2035,core_top,core,top,core,23.684179671308385,24.469612465648936,24.07689606847866,26.160452571131106,0.7854327943405489,32.978123479983566,0.07974877632930036,0.12135275453329086,1.430795019157088,0.05225431943546233,0.027494456893838032
ac45890d2a099cdd99b2bbd07ab35b33f3afe9590bc046d9e0f4e53a94314838,Beijing,ssp245,near_2030s,2035,perimeter_bot_zn_1,perimeter,bottom,south,23.14972799624951,25.016716273858847,24.08322213505418,27.012352325039817,1.8669882776093323,33.39693131787362,0.09069663011899928,0.18748648837208748,4.190613026819923,0.06287267696690234,0.027823953152096955
ac45890d2a099cdd99b2bbd07ab35b33f3afe9590bc046d9e0f4e53a94314838,Beijing,ssp245,near_2030s,2035,perimeter_bot_zn_2,perimeter,bottom,east,23.44473451271511,24.42133999197364,23.933037252344377,26.12495198926562,0.976605479258518,35.11421826723766,0.0771737599273041,0.09896574169397354,0.7602969348659003,0.04731387035331111,0.02985988957399299
ac45890d2a099cdd99b2bbd07ab35b33f3afe9590bc046d9e0f4e53a94314838,Beijing,ssp245,near_2030s,2035,perimeter_bot_zn_3,perimeter,bottom,north,23.44798058340721,23.970534014137762,23.70925729877248,26.76510338672275,0.5225534307305515,35.00609278650363,0.07765728332162737,0.1220385767519474,1.424808429118774,0.04538350817360478,0.032273775148022585
ac45890d2a099cdd99b2bbd07ab35b33f3afe9590bc046d9e0f4e53a94314838,Beijing,ssp245,near_2030s,2035,perimeter_bot_zn_4,perimeter,bottom,west,23.494643086598092,24.598916207284145,24.04677964694112,26.09251967701187,1.1042731206860528,34.93168239134058,0.07789467711532863,0.11119735427200794,0.34123563218390807,0.04868875446104243,0.0292059226542862
ac45890d2a099cdd99b2bbd07ab35b33f3afe9590bc046d9e0f4e53a94314838,Beijing,ssp245,near_2030s,2035,perimeter_mid_zn_1,perimeter,middle,south,23.827669627645154,25.470166759619485,24.64891819363232,26.848067001551737,1.6424971319743358,31.978924221580204,0.10920693963204428,0.2975656820926815,8.387212643678161,0.08515470242618416,0.02405223720586012
ac45890d2a099cdd99b2bbd07ab35b33f3afe9590bc046d9e0f4e53a94314838,Beijing,ssp245,near_2030s,2035,perimeter_mid_zn_2,perimeter,middle,east,23.484465910999514,24.67938655647201,24.081926233735757,26.098770794752898,1.1949206454725005,33.957131202677296,0.080591999335512,0.11537842452526093,1.1673850574712643,0.052508162795985296,0.028083836539526705
ac45890d2a099cdd99b2bbd07ab35b33f3afe9590bc046d9e0f4e53a94314838,Beijing,ssp245,near_2030s,2035,perimeter_mid_zn_3,perimeter,middle,north,23.56063648826523,24.355344918122654,23.957990703193943,27.09022276520515,0.7947084298574232,34.017064193132846,0.08396262663073786,0.1872413046658039,3.0411877394636013,0.05466064602749688,0.02930198060324098
ac45890d2a099cdd99b2bbd07ab35b33f3afe9590bc046d9e0f4e53a94314838,Beijing,ssp245,near_2030s,2035,perimeter_mid_zn_4,perimeter,middle,west,23.51325855348221,24.81510194269127,24.164180248086737,26.210110967061834,1.3018433892090597,34.09134268857265,0.08220724576056462,0.12454070150852203,0.9758141762452108,0.05444187684483305,0.027765368915731566
ac45890d2a099cdd99b2bbd07ab35b33f3afe9590bc046d9e0f4e53a94314838,Beijing,ssp245,near_2030s,2035,perimeter_top_zn_1,perimeter,top,south,23.62209464745199,25.121303104007197,24.37169887572959,26.57329705670864,1.4992084565551989,32.064498075504495,0.10038696095272191,0.25947653129696846,6.112308429118774,0.07447932433296607,0.02590763661975585
ac45890d2a099cdd99b2bbd07ab35b33f3afe9590bc046d9e0f4e53a94314838,Beijing,ssp245,near_2030s,2035,perimeter_top_zn_2,perimeter,top,east,23.283249992812543,24.33672363714106,23.8099868149768,26.006046784893787,1.0534736443285135,34.4577970190963,0.07915855782022664,0.10898464545607567,1.4547413793103448,0.04797063591971216,0.031187921900514486
ac45890d2a099cdd99b2bbd07ab35b33f3afe9590bc046d9e0f4e53a94314838,Beijing,ssp245,near_2030s,2035,perimeter_top_zn_3,perimeter,top,north,23.277291066094485,23.960911826025317,23.6191014460599,26.696795432005125,0.6836207599308326,34.02465135457526,0.08077501906809909,0.11977965082041842,2.3946360153256707,0.04800377818039918,0.03277124088769991
ac45890d2a099cdd99b2bbd07ab35b33f3afe9590bc046d9e0f4e53a94314838,Beijing,ssp245,near_2030s,2035,perimeter_top_zn_4,perimeter,top,west,23.296340107953736,24.454887761448752,23.875613934701242,26.155159879431764,1.15854765349501,34.110620346535256,0.0806740208485754,0.1220385767519474,1.1613984674329503,0.05001978758500418,0.030654233263571227
ad1393191f35ac909a51f23f8c3d58e668d30bbe1681f7fc0b41ed998f059ad4,Houston,ssp585,near_2030s,2037,core_bottom,core,bottom,core,24.478884662507436,26.407900740529563,25.443392701518505,27.3599172601351,1.9290160780221206,48.92283270490516,0.08839695839895118,0.18748648837208748,3.460249042145594,0.0593525312334242,0.029044427165526975
ad1393191f35ac909a51f23f8c3d58e668d30bbe1681f7fc0b41ed998f059ad4,Houston,ssp585,near_2030s,2037,core_mid,core,middle,core,24.75514622988283,26.151769183440322,25.453457706661574,27.976372001083433,1.396622953557495,50.257804962786494,0.09592662125487898,0.27900369837880135,10.1352969348659,0.06724921468786059,0.0286774065670184
ad1393191f35ac909a51f23f8c3d58e668d30bbe1681f7fc0b41ed998f059ad4,Houston,ssp585,near_2030s,2037,core_top,core,top,core,24.54247798789785,26.03982935474573,25.291153671321794,27.8238423409663,1.4973513668478808,50.108314339749775,0.08906965250565799,0.25947653129696846,7.992097701149426,0.059060648319472456,0.030009004186185535
ad1393191f35ac909a51f23f8c3d58e668d30bbe1681f7fc0b41ed998f059ad4,Houston,ssp585,near_2030s,2037,perimeter_bot_zn_1,perimeter,bottom,south,24.92181470501916,26.860500516483096,25.891157610751126,28.728357148039123,1.9386858114639356,52.80680746056003,0.12760682215754282,0.3101632185280323,21.396072796934863,0.10111522888596361,0.026491593271579215
ad1393191f35ac909a51f23f8c3d58e668d30bbe1681f7fc0b41ed998f059ad4,Houston,ssp585,near_2030s,2037,perimeter_bot_zn_2,perimeter,bottom,east,24.38977328648519,26.41564056293895,25.40270692471207,28.12361269997828,2.0258672764537597,50.84723113707633,0.09532569940548173,0.25947653129696846,8.740421455938698,0.06524086423601617,0.030084835169465553
ad1393191f35ac909a51f23f8c3d58e668d30bbe1681f7fc0b41ed998f059ad4,Houston,ssp585,near_2030s,2037,perimeter_bot_zn_3,perimeter,bottom,north,24.54049203654717,25.962213202691874,25.251352619619524,27.790595774564718,1.4217211661447007,50.876526750036504,0.09084602393138791,0.25947653129696846,6.956417624521073,0.05997678873178699,0.030869235199600924
ad1393191f35ac909a51f23f8c3d58e668d30bbe1681f7fc0b41ed998f059ad4,Houston,ssp585,near_2030s,2037,perimeter_bot_zn_4,perimeter,bottom,west,24.24334750443048,26.337210398013827,25.290278951222152,27.409077297363627,2.093862893583347,51.223030492724526,0.08489929635877624,0.19891560450196266,4.813218390804598,0.05417972060048219,0.030719575758294048
ad1393191f35ac909a51f23f8c3d58e668d30bbe1681f7fc0b41ed998f059ad4,Houston,ssp585,near_2030s,2037,perimeter_mid_zn_1,perimeter,middle,south,24.974925743542006,27.033004683201696,26.00396521337185,28.777615162940496,2.0580789396596915,49.61756584434511,0.1312064677837196,0.3624461127910763,20.522030651340998,0.10564522110808898,0.02556124667563064
ad1393191f35ac909a51f23f8c3d58e668d30bbe1681f7fc0b41ed998f059ad4,Houston,ssp585,near_2030s,2037,perimeter_mid_zn_2,perimeter,middle,east,24.430728276143796,26.627350791946913,25.529039534045356,28.53876071321349,2.1966225158031194,51.33373726122112,0.10193439765060952,0.2975656820926815,12.332375478927203,0.07279431780893222,0.0291400798416773
ad1393191f35ac909a51f23f8c3d58e668d30bbe1681f7fc0b41ed998f059ad4,Houston,ssp585,near_2030s,2037,perimeter_mid_zn_3,perimeter,middle,north,24.756427334623602,26.36537460561983,25.56090097012172,28.53926110657141,1.608947270996231,50.89617323401936,0.10790952311101304,0.3006022172048688,14.032567049808428,0.07931921004657357,0.02859031306443947
ad1393191f35ac909a51f23f8c3d58e668d30bbe1681f7fc0b41ed998f059ad4,Houston,ssp585,near_2030s,2037,perimeter_mid_zn_4,perimeter,middle,west,24.29800891853579,26.559827897643967,25.42891840808988,27.89747172680993,2.2618189791081798,51.95429758985917,0.09248478579126616,0.25947653129696846,8.674568965517242,0.06284855207886861,0.029636233712397552
ad1393191f35ac909a51f23f8c3d58e668d30bbe1681f7fc0b41ed998f059ad4,Houston,ssp585,near_2030s,2037,perimeter_top_zn_1,perimeter,top,south,24.698453310478417,26.866208165015742,25.782330737747078,28.593199173035757,2.1677548545373284,49.744948274028424,0.11749850654778268,0.3101632185280323,15.630986590038315,0.09024096622367718,0.027257540324105507
ad1393191f35ac909a51f23f8c3d58e668d30bbe1681f7fc0b41ed998f059ad4,Houston,ssp585,near_2030s,2037,perimeter_top_zn_2,perimeter,top,east,24.358011716800046,26.576626609172905,25.467319162986474,28.48698804330477,2.21861489237286,51.246544183320204,0.10151639495433444,0.2975656820926815,12.368295019157088,0.07152183257780213,0.02999456237653231
ad1393191f35ac909a51f23f8c3d58e668d30bbe1681f7fc0b41ed998f059ad4,Houston,ssp585,near_2030s,2037,perimeter_top_zn_3,perimeter,top,north,24.54469111788991,26.241513305584014,25.393102211736963,28.417597512054236,1.6968221876941085,50.90503868131776,0.1008962067274112,0.29288436844944954,11.500239463601533,0.07059627254477924,0.03029993418263197
ad1393191f35ac909a51f23f8c3d58e668d30bbe1681f7fc0b41ed998f059ad4,Houston,ssp585,near_2030s,2037,perimeter_top_zn_4,perimeter,top,west,24.188834758897595,26.478258446080336,25.333546602488966,27.827222703144447,2.289423687182744,51.76142384576334,0.09085835702300539,0.25947653129696846,8.399185823754788,0.0601748893469201,0.030683467676085298
b3364b0c0403bdd27f0dc6dd22e7ecd20d9bd4705963f025810db432ea565301,Beijing,ssp585,late_2080s,2089,core_bottom,core,bottom,core,24.508761054397763,26.183315235448454,25.346038144923106,28.133928026108492,1.6745541810506905,35.88149583878023,0.12133703494747626,0.29288436844944954,10.865660919540229,0.10043800043448863,0.020899034512987635
b3364b0c0403bdd27f0dc6dd22e7ecd20d9bd4705963f025810db432ea565301,Beijing,ssp585,late_2080s,2089,core_mid,core,middle,core,24.635274667724367,25.744660761057474,25.18996771439092,28.716674261562073,1.1093860933331077,37.32245091698294,0.11373839954552283,0.3101632185280323,12.488026819923371,0.09178103315511271,0.021957366390410123
b3364b0c0403bdd27f0dc6dd22e7ecd20d9bd4705963f025810db432ea565301,Beijing,ssp585,late_2080s,2089,core_top,core,top,core,24.332136630288293,25.4193466147035,24.875741622495898,28.499986949474348,1.0872099844152028,37.50943337030564,0.10316368802793766,0.3101632185280323,10.698036398467432,0.07893480246958423,0.02422888555835343
b3364b0c0403bdd27f0dc6dd22e7ecd20d9bd4705963f025810db432ea565301,Beijing,ssp585,late_2080s,2089,perimeter_bot_zn_1,perimeter,bottom,south,24.23859148392416,26.340389710379434,25.289490597151794,29.361919574717525,2.1017982264552675,37.86368228779711,0.13268759515108547,0.31874817702919245,18.53448275862069,0.11085914330468005,0.021828451846405427
b3364b0c0403bdd27f0dc6dd22e7ecd20d9bd4705963f025810db432ea565301,Beijing,ssp585,late_2080s,2089,perimeter_bot_zn_2,perimeter,bottom,east,24.031176691987856,25.500903640783623,24.76604016638574,28.293299671587963,1.4697269487957687,39.20033369499279,0.09792091670610072,0.29754130891524255,9.584530651340996,0.07217635081521631,0.0257445658908844
b3364b0c0403bdd27f0dc6dd22e7ecd20d9bd4705963f025810db432ea565301,Beijing,ssp585,late_2080s,2089,perimeter_bot_zn_3,perimeter,bottom,north,24.19830808073929,25.115115746313293,24.65671191352629,28.9860186939629,0.9168076655740003,38.761069396165766,0.1078826201565263,0.3624461127910763,12.811302681992338,0.08017449049002329,0.02770812966650302
b3364b0c0403bdd27f0dc6dd22e7ecd20d9bd4705963f025810db432ea565301,Beijing,ssp585,late_2080s,2089,perimeter_bot_zn_4,perimeter,bottom,west,24.036897419052796,25.660707342660338,24.84880238085657,28.27968495627917,1.6238099236075436,38.930865315712616,0.10058254934341383,0.3006022172048688,9.758141762452107,0.07511176042712804,0.02547078891628579
b3364b0c0403bdd27f0dc6dd22e7ecd20d9bd4705963f025810db432ea565301,Beijing,ssp585,late_2080s,2089,perimeter_mid_zn_1,perimeter,middle,south,24.524483825186586,26.566227075453806,25.545355450320198,29.38836589780387,2.0417432502672197,36.43248304133355,0.13563947097806017,0.3624461127910763,16.876197318007662,0.11501711356190214,0.02062235741615804
b3364b0c0403bdd27f0dc6dd22e7ecd20d9bd4705963f025810db432ea565301,Beijing,ssp585,late_2080s,2089,perimeter_mid_zn_2,perimeter,middle,east,24.099164348859077,25.76825888805634,24.933711618457707,28.71424220737604,1.6690945391972627,38.663289087853606,0.1036182161076941,0.3101632185280323,11.22485632183908,0.07938034977188282,0.024237866335811285
b3364b0c0403bdd27f0dc6dd22e7ecd20d9bd4705963f025810db432ea565301,Beijing,ssp585,late_2080s,2089,perimeter_mid_zn_3,perimeter,middle,north,24.403630760890962,25.546694792781985,24.97516277683647,29.632913988212806,1.1430640318910261,38.21827003354146,0.11652915716203101,0.3624461127910763,15.547174329501914,0.09186880880290146,0.02466034835912954
b3364b0c0403bdd27f0dc6dd22e7ecd20d9bd4705963f025810db432ea565301,Beijing,ssp585,late_2080s,2089,perimeter_mid_zn_4,perimeter,middle,west,24.071458481041713,25.879319331913273,24.97538890647749,28.582632285068335,1.8078608508715566,38.790851582710935,0.10631361118409596,0.3006022172048688,11.015325670498084,0.08198903015713471,0.02432458102696125
b3364b0c0403bdd27f0dc6dd22e7ecd20d9bd4705963f025810db432ea565301,Beijing,ssp585,late_2080s,2089,perimeter_top_zn_1,perimeter,top,south,24.293807507136854,26.28947325308799,25.291640380112423,29.2526243706831,1.9956657459511364,36.51678685493951,0.12695655721638446,0.36242173961363733,14.529454022988505,0.10461555002575028,0.022341007190634175
b3364b0c0403bdd27f0dc6dd22e7ecd20d9bd4705963f025810db432ea565301,Beijing,ssp585,late_2080s,2089,perimeter_top_zn_2,perimeter,top,east,23.951118496605947,25.536810090091944,24.743964293348945,28.719764188704865,1.585691593485999,39.02539269207771,0.10036439630732338,0.3059431053698063,10.674090038314176,0.07418822452152314,0.02617617178580024
b3364b0c0403bdd27f0dc6dd22e7ecd20d9bd4705963f025810db432ea565301,Beijing,ssp585,late_2080s,2089,perimeter_top_zn_3,perimeter,top,north,24.113475841492438,25.236194454939504,24.67483514821597,29.44515390790156,1.1227186134470635,38.29650738909925,0.10988638594522623,0.3624461127910763,13.128591954022989,0.08234096007356714,0.027545425871659094
b3364b0c0403bdd27f0dc6dd22e7ecd20d9bd4705963f025810db432ea565301,Beijing,ssp585,late_2080s,2089,perimeter_top_zn_4,perimeter,top,west,23.87771101239175,25.613897864040087,24.745804438215917,28.442151391575173,1.7361868516483367,38.814007162893766,0.10207564658827964,0.29754130891524255,10.027538314176246,0.07557651130625286,0.026499135282026784
b5744415947205fcb199be97aa24a2302d7c0d82d2c3e7222e88ce4c0407fbe9,Beijing,ssp585,near_2030s,2037,core_bottom,core,bottom,core,24.185275043272767,25.655806808608084,24.920540925940426,26.65784103760201,1.4705317653353058,32.64385776723961,0.10951521001193405,0.19503930304199457,4.657567049808429,0.08770558339011966,0.021809626621814397
b5744415947205fcb199be97aa24a2302d7c0d82d2c3e7222e88ce4c0407fbe9,Beijing,ssp585,near_2030s,2037,core_mid,core,middle,core,24.09425202873758,25.036392042216185,24.565322035476886,26.95978564378269,0.9421400134786024,34.21305846091947,0.08896574938613601,0.1872413046658039,3.1070402298850572,0.0644143002214342,0.024551449164701804
b5744415947205fcb199be97aa24a2302d7c0d82d2c3e7222e88ce4c0407fbe9,Beijing,ssp585,near_2030s,2037,core_top,core,top,core,23.768513103394792,24.62330899359659,24.195911048495688,26.688689867739605,0.854795890201798,34.27468069086113,0.08282488944675546,0.1441035009920597,2.687978927203065,0.055365357035782166,0.027459532410973306
b5744415947205fcb199be97aa24a2302d7c0d82d2c3e7222e88ce4c0407fbe9,Beijing,ssp585,near_2030s,2037,perimeter_bot_zn_1,perimeter,bottom,south,23.31667244471403,25.30008653275175,24.30837948873289,27.713367793809315,1.9834140880377191,34.511153463412235,0.10278735442601779,0.25947653129696846,7.8244731800766285,0.07545756166055977,0.027329792765458025
b5744415947205fcb199be97aa24a2302d7c0d82d2c3e7222e88ce4c0407fbe9,Beijing,ssp585,near_2030s,2037,perimeter_bot_zn_2,perimeter,bottom,east,23.505123224922187,24.647597238082724,24.076360231502456,26.666434510073266,1.1424740131605402,36.17468118264929,0.0809909794678652,0.12235551616176908,1.766044061302682,0.051224207235397626,0.02976677223246757
b5744415947205fcb199be97aa24a2302d7c0d82d2c3e7222e88ce4c0407fbe9,Beijing,ssp585,near_2030s,2037,perimeter_bot_zn_3,perimeter,bottom,north,23.533592564040827,24.20093567136922,23.867264117705023,27.33430056604244,0.6673431073283894,35.87770769424644,0.0844551304878129,0.18748648837208748,3.6458333333333335,0.052642335817735225,0.03181279467007768
b5744415947205fcb199be97aa24a2302d7c0d82d2c3e7222e88ce4c0407fbe9,Beijing,ssp585,near_2030s,2037,perimeter_bot_zn_4,perimeter,bottom,west,23.53333006069162,24.825544137567725,24.179437099129675,26.701310266508997,1.2922140768761081,36.00204372177338,0.08287191028191335,0.14273172710090876,1.6463122605363985,0.05355618006093258,0.02931573022098077
b5744415947205fcb199be97aa24a2302d7c0d82d2c3e7222e88ce4c0407fbe9,Beijing,ssp585,near_2030s,2037,perimeter_mid_zn_1,perimeter,middle,south,23.9486202814351,25.716622310230917,24.83262129583301,27.68073751996156,1.7680020287958171,33.084298157707636,0.11684554125466065,0.3006022172048688,10.398706896551724,0.09320342595720445,0.023642115297456207
b5744415947205fcb199be97aa24a2302d7c0d82d2c3e7222e88ce4c0407fbe9,Beijing,ssp585,near_2030s,2037,perimeter_mid_zn_2,perimeter,middle,east,23.542239998748254,24.892618073726002,24.217429036237128,26.780561562240983,1.3503780749777468,35.10801284417926,0.08447618947720772,0.13246706873178482,2.448515325670498,0.056460336318885876,0.02801585315832185
b5744415947205fcb199be97aa24a2302d7c0d82d2c3e7222e88ce4c0407fbe9,Beijing,ssp585,near_2030s,2037,perimeter_mid_zn_3,perimeter,middle,north,23.678320164970238,24.58999064019456,24.1341554025824,27.75015621071931,0.9116704752243214,34.9545366153954,0.09168568819229825,0.25947653129696846,5.765086206896552,0.06278011266533973,0.028905575526958525
b5744415947205fcb199be97aa24a2302d7c0d82d2c3e7222e88ce4c0407fbe9,Beijing,ssp585,near_2030s,2037,perimeter_mid_zn_4,perimeter,middle,west,23.558557600746024,25.0328956322405,24.295726616493265,26.799463928432377,1.474338031494473,35.263471492446634,0.08728784513081601,0.1792108127847314,2.789750957854406,0.059629517236177654,0.02765832789463836
b5744415947205fcb199be97aa24a2302d7c0d82d2c3e7222e88ce4c0407fbe9,Beijing,ssp585,near_2030s,2037,perimeter_top_zn_1,perimeter,top,south,23.734318549527167,25.381636857211035,24.557977703369104,27.4818278988021,1.6473183076838653,33.274159477062476,0.10848946315360722,0.2783178761601448,8.075909961685824,0.08290110294322636,0.025588360210380853
b5744415947205fcb199be97aa24a2302d7c0d82d2c3e7222e88ce4c0407fbe9,Beijing,ssp585,near_2030s,2037,perimeter_top_zn_2,perimeter,top,east,23.334510952713835,24.56886083527807,23.95168589399595,26.77141493406608,1.2343498825642394,35.617703128694224,0.0833642788576939,0.12851134315133095,2.987308429118774,0.05275374857503189,0.03061053028266201
b5744415947205fcb199be97aa24a2302d7c0d82d2c3e7222e88ce4c0407fbe9,Beijing,ssp585,near_2030s,2037,perimeter_top_zn_3,perimeter,top,north,23.380976774296865,24.210512409983494,23.79574459214018,27.489364219147696,0.8295356356866328,35.036421362765104,0.08703790403713746,0.18974342942237854,4.591714559386973,0.054817176813634835,0.032220727223502624
b5744415947205fcb199be97aa24a2302d7c0d82d2c3e7222e88ce4c0407fbe9,Beijing,ssp585,near_2030s,2037,perimeter_top_zn_4,perimeter,top,west,23.336612188442754,24.689668441270197,24.013140314856475,26.724733019254426,1.3530562528274392,35.356818407665806,0.08615495230970176,0.1776803033426404,3.071120689655172,0.05583457541125702,0.030320376898444742
b7e2469848177c26fcdbfe570f458e795ba758d5fbaffca9c5dfed3aec7df2ca,Ahmedabad,ssp245,near_2030s,2034,core_bottom,core,bottom,core,24.541305857011192,26.664068835915135,25.60268734646316,27.284038938482215,2.122762978903946,49.45321803977964,0.09037229670452532,0.2030697949230671,5.4477969348659006,0.060135860195179594,0.03023643650934573
b7e2469848177c26fcdbfe570f458e795ba758d5fbaffca9c5dfed3aec7df2ca,Ahmedabad,ssp245,near_2030s,2034,core_mid,core,middle,core,24.867982971798654,26.47794192496552,25.672962448382087,27.87285011203354,1.6099589531668705,50.892966922719616,0.10285304808516146,0.29288436844944954,12.31441570881226,0.07414280892976682,0.028710239155394637
b7e2469848177c26fcdbfe570f458e795ba758d5fbaffca9c5dfed3aec7df2ca,Ahmedabad,ssp245,near_2030s,2034,core_top,core,top,core,24.62641766384862,26.42640923373807,25.526413448793342,27.817727643627567,1.7999915698894486,50.108973779843716,0.0958978429469746,0.27900369837880135,10.243055555555555,0.06588881365264412,0.03000902929433048
b7e2469848177c26fcdbfe570f458e795ba758d5fbaffca9c5dfed3aec7df2ca,Ahmedabad,ssp245,near_2030s,2034,perimeter_bot_zn_1,perimeter,bottom,south,26.029705743685543,28.028769633282383,27.029237688483963,29.70059668737111,1.9990638895968373,50.10526836638861,0.20964335189216549,0.5164338536560535,44.73778735632184,0.18912752459852258,0.020515827293642902
b7e2469848177c26fcdbfe570f458e795ba758d5fbaffca9c5dfed3aec7df2ca,Ahmedabad,ssp245,near_2030s,2034,perimeter_bot_zn_2,perimeter,bottom,east,24.439006526212758,26.984892228811027,25.711949377511896,27.65568508982954,2.5458857025982695,50.534470190524466,0.09760062911307307,0.25947653129696846,8.50095785440613,0.06810476770373623,0.02949586140933684
b7e2469848177c26fcdbfe570f458e795ba758d5fbaffca9c5dfed3aec7df2ca,Ahmedabad,ssp245,near_2030s,2034,perimeter_bot_zn_3,perimeter,bottom,north,24.718454579719918,26.487587795695042,25.603021187707483,27.738731900197326,1.769133215975122,50.23930343327074,0.09696844687160833,0.25947653129696846,8.97389846743295,0.06805601460178752,0.028912432269820803
b7e2469848177c26fcdbfe570f458e795ba758d5fbaffca9c5dfed3aec7df2ca,Ahmedabad,ssp245,near_2030s,2034,perimeter_bot_zn_4,perimeter,bottom,west,24.337253162765254,26.887982269677714,25.612617716221482,27.31395454219997,2.550729106912462,50.91225293097374,0.09034780608945066,0.2030697949230671,5.681273946360153,0.06030673617153639,0.03004106991791427
b7e2469848177c26fcdbfe570f458e795ba758d5fbaffca9c5dfed3aec7df2ca,Ahmedabad,ssp245,near_2030s,2034,perimeter_mid_zn_1,perimeter,middle,south,25.623592881735867,27.89776528071615,26.76067908122601,29.282882576930838,2.274172398980278,48.862987140513994,0.19053157096271997,0.4414338655769825,37.47006704980843,0.167938682833926,0.022592888128793984
b7e2469848177c26fcdbfe570f458e795ba758d5fbaffca9c5dfed3aec7df2ca,Ahmedabad,ssp245,near_2030s,2034,perimeter_mid_zn_2,perimeter,middle,east,24.431175282387922,27.119968785461435,25.77557203392468,27.992010181934088,2.6887935030735095,51.829312750896456,0.1031552560148,0.3021327266469598,11.548132183908045,0.0744181792678845,0.028737076746915502
b7e2469848177c26fcdbfe570f458e795ba758d5fbaffca9c5dfed3aec7df2ca,Ahmedabad,ssp245,near_2030s,2034,perimeter_mid_zn_3,perimeter,middle,north,24.866690610868392,26.829889314824833,25.84828996284661,28.57612463630464,1.963198703956443,51.03578160377671,0.1152356870246096,0.3624461127910763,15.846503831417625,0.08749566514628637,0.027740021878323216
b7e2469848177c26fcdbfe570f458e795ba758d5fbaffca9c5dfed3aec7df2ca,Ahmedabad,ssp245,near_2030s,2034,perimeter_mid_zn_4,perimeter,middle,west,24.37033325936946,27.058886561185137,25.7146099102773,27.72286211658019,2.688553301815677,52.285974093233634,0.09763399509013782,0.2619786560535431,8.794300766283525,0.06888994592655864,0.02874404916357917
b7e2469848177c26fcdbfe570f458e795ba758d5fbaffca9c5dfed3aec7df2ca,Ahmedabad,ssp245,near_2030s,2034,perimeter_top_zn_1,perimeter,top,south,25.2380323585229,27.732229313955717,26.485130836239307,29.071011244374482,2.494196955432815,48.51474464507486,0.1680550434688192,0.4282721318304539,30.926724137931032,0.14357312308310824,0.024481920385710947
b7e2469848177c26fcdbfe570f458e795ba758d5fbaffca9c5dfed3aec7df2ca,Ahmedabad,ssp245,near_2030s,2034,perimeter_top_zn_2,perimeter,top,east,24.39996065802473,27.15239889764572,25.77617977783523,28.144387460871744,2.75243823962099,50.86661393944184,0.10367189438980594,0.3101632185280323,11.362547892720306,0.07467531365130795,0.028996580738497993
b7e2469848177c26fcdbfe570f458e795ba758d5fbaffca9c5dfed3aec7df2ca,Ahmedabad,ssp245,near_2030s,2034,perimeter_top_zn_3,perimeter,top,north,24.67815804116714,26.780818138685856,25.7294880899265,28.490975859427852,2.1026600975187173,50.29753661881917,0.10871724444825367,0.3101632185280323,13.769157088122604,0.07986414192357703,0.028853102524676634
b7e2469848177c26fcdbfe570f458e795ba758d5fbaffca9c5dfed3aec7df2ca,Ahmedabad,ssp245,near_2030s,2034,perimeter_top_zn_4,perimeter,top,west,24.304207754962956,27.06061929903146,25.68241352699721,27.739110767833854,2.7564115440685026,51.280357006687204,0.09563734855393732,0.2619786560535431,7.992097701149426,0.06658177282706919,0.029055575726868142
b95f5d8a97cb3d7dca82ed05f76ff8e41d6997ffd2ce9e65479a1fc9e3aaa9a1,Phoenix,ssp245,late_2080s,2086,core_bottom,core,bottom,core,24.280320806646277,26.423610014180095,25.351965410413186,26.81785783220392,2.143289207533816,37.676789304352,0.09390016656985169,0.17995029189623765,2.544300766283525,0.06091883127817124,0.03298133529168045
b95f5d8a97cb3d7dca82ed05f76ff8e41d6997ffd2ce9e65479a1fc9e3aaa9a1,Phoenix,ssp245,late_2080s,2086,core_mid,core,middle,core,24.621971978237738,26.263864421419616,25.44291819982868,27.682770503739572,1.6418924431818778,38.70651503651852,0.10828841372223132,0.27900369837880135,11.105124521072797,0.07800423966953085,0.030284174052700473
b95f5d8a97cb3d7dca82ed05f76ff8e41d6997ffd2ce9e65479a1fc9e3aaa9a1,Phoenix,ssp245,late_2080s,2086,core_top,core,top,core,24.53322584619941,26.279768233725967,25.406497039962687,27.761985091930395,1.746542387526555,38.49489699637824,0.10903662536967897,0.29288436844944954,11.117097701149426,0.07821311415778606,0.030823511211892904
b95f5d8a97cb3d7dca82ed05f76ff8e41d6997ffd2ce9e65479a1fc9e3aaa9a1,Phoenix,ssp245,late_2080s,2086,perimeter_bot_zn_1,perimeter,bottom,south,25.517263230803813,27.976397304730934,26.746830267767375,30.28950700287765,2.4591340739271237,35.02297601677364,0.21008394079092646,0.5243842436466366,39.565373563218394,0.18985996440270875,0.02022397638821771
b95f5d8a97cb3d7dca82ed05f76ff8e41d6997ffd2ce9e65479a1fc9e3aaa9a1,Phoenix,ssp245,late_2080s,2086,perimeter_bot_zn_2,perimeter,bottom,east,24.436878067770348,27.031152822765097,25.734015445267723,28.39971856569794,2.594274754994751,37.99949925034166,0.12943968821494367,0.3750436492264271,16.014128352490424,0.10136784306416016,0.028071845150783512
b95f5d8a97cb3d7dca82ed05f76ff8e41d6997ffd2ce9e65479a1fc9e3aaa9a1,Phoenix,ssp245,late_2080s,2086,perimeter_bot_zn_3,perimeter,bottom,north,24.573242471880338,26.20180330084776,25.387522886364042,28.092439386337315,1.6285608289674205,38.41869520241782,0.12233348162221443,0.3750436492264271,15.960249042145595,0.09171976919608883,0.030613712426125594
b95f5d8a97cb3d7dca82ed05f76ff8e41d6997ffd2ce9e65479a1fc9e3aaa9a1,Phoenix,ssp245,late_2080s,2086,perimeter_bot_zn_4,perimeter,bottom,west,24.350748450353173,26.98894611035842,25.6698472803558,28.209801089529996,2.638197660005251,38.30858333351503,0.1222208271893958,0.3750436492264271,12.434147509578544,0.09343476069636618,0.02878606649302961
b95f5d8a97cb3d7dca82ed05f76ff8e41d6997ffd2ce9e65479a1fc9e3aaa9a1,Phoenix,ssp245,late_2080s,2086,perimeter_mid_zn_1,perimeter,middle,south,25.223284525863207,27.8552693466496,26.5392769362564,29.369453727514323,2.631984820786394,36.76515617447369,0.1958986410190358,0.5213557963725179,36.60799808429119,0.17342081180192936,0.022477829217106452
b95f5d8a97cb3d7dca82ed05f76ff8e41d6997ffd2ce9e65479a1fc9e3aaa9a1,Phoenix,ssp245,late_2080s,2086,perimeter_mid_zn_2,perimeter,middle,east,24.37575571183645,27.108512026789352,25.742133869312898,28.3580704173454,2.7327563149529013,38.74240888076472,0.12599003571280773,0.3750436492264271,14.28999042145594,0.09801790824777071,0.027972127465037022
b95f5d8a97cb3d7dca82ed05f76ff8e41d6997ffd2ce9e65479a1fc9e3aaa9a1,Phoenix,ssp245,late_2080s,2086,perimeter_mid_zn_3,perimeter,middle,north,24.735355840011113,26.580807169409344,25.65808150471023,28.548206528308388,1.8454513293982326,38.47610786620458,0.13554261646005353,0.3796754702925682,19.270833333333336,0.10767610021169927,0.027866516248354244
b95f5d8a97cb3d7dca82ed05f76ff8e41d6997ffd2ce9e65479a1fc9e3aaa9a1,Phoenix,ssp245,late_2080s,2086,perimeter_mid_zn_4,perimeter,middle,west,24.37525015831138,27.12506640301108,25.750158280661232,28.831275367197808,2.749816244699699,39.05637991324301,0.12695996833516804,0.4198947085533291,13.026819923371647,0.09837254093273255,0.028587427402435493
b95f5d8a97cb3d7dca82ed05f76ff8e41d6997ffd2ce9e65479a1fc9e3aaa9a1,Phoenix,ssp245,late_2080s,2086,perimeter_top_zn_1,perimeter,top,south,25.047465554963807,27.795287737818548,26.42137664639118,29.32546442738394,2.747822182854742,36.73145397732903,0.1888302996655208,0.45368136931210756,34.77610153256705,0.16561376561120356,0.023216534054317263
b95f5d8a97cb3d7dca82ed05f76ff8e41d6997ffd2ce9e65479a1fc9e3aaa9a1,Phoenix,ssp245,late_2080s,2086,perimeter_top_zn_2,perimeter,top,east,24.399426405475207,27.168787417883028,25.784106911679114,28.629551159882627,2.7693610124078156,38.58957679228011,0.1335517838191684,0.3750436492264271,16.55890804597701,0.10605818248742842,0.02749360133173998
b95f5d8a97cb3d7dca82ed05f76ff8e41d6997ffd2ce9e65479a1fc9e3aaa9a1,Phoenix,ssp245,late_2080s,2086,perimeter_top_zn_3,perimeter,top,north,24.62253306719735,26.565911868716427,25.594222467956886,28.612846814336297,1.943378801519078,38.41565441777747,0.13536706129922807,0.38599369302392006,18.69013409961686,0.1065154892311724,0.02885157206805565
b95f5d8a97cb3d7dca82ed05f76ff8e41d6997ffd2ce9e65479a1fc9e3aaa9a1,Phoenix,ssp245,late_2080s,2086,perimeter_top_zn_4,perimeter,top,west,24.34947623022211,27.143476842179098,25.746476536200607,29.09707919528245,2.794000611956989,38.87421236057393,0.13139967719932125,0.43186289803124955,14.224137931034484,0.10253137838603016,0.028868298813291105
b96e0c8b8acb89d21cf145789d229b57921e2d0b9a29e5fea6cc32678f6cc0ce,Phoenix,ssp585,mid_2050s,2050,core_bottom,core,bottom,core,24.263902367115,26.30195969424083,25.282931030677915,26.828955984293835,2.0380573271258218,34.7654683926345,0.0968270060315597,0.1792108127847314,3.011254789272031,0.06786202985643484,0.028964976175124862
b96e0c8b8acb89d21cf145789d229b57921e2d0b9a29e5fea6cc32678f6cc0ce,Phoenix,ssp585,mid_2050s,2050,core_mid,core,middle,core,24.544931030569717,26.08598213120736,25.315456580888537,27.696220772420187,1.5410511006376382,35.93371193503052,0.10701300152299803,0.2641083523631096,10.159243295019158,0.07955680934147387,0.02745619218152416
b96e0c8b8acb89d21cf145789d229b57921e2d0b9a29e5fea6cc32678f6cc0ce,Phoenix,ssp585,mid_2050s,2050,core_top,core,top,core,24.46207870191038,26.076118334953925,25.26909851843215,27.759330639801323,1.6140396330435505,35.749107707086495,0.10808871544458935,0.27937656827270985,9.841954022988505,0.07991846300884804,0.02817025243574131
b96e0c8b8acb89d21cf145789d229b57921e2d0b9a29e5fea6cc32678f6cc0ce,Phoenix,ssp585,mid_2050s,2050,perimeter_bot_zn_1,perimeter,bottom,south,25.178046504025858,27.43902959519954,26.308538049612697,30.47529634882966,2.2609830911736806,32.89014719686934,0.184269582010104,0.5244167046621442,27.849616858237546,0.1638701420755842,0.0203994399345198
b96e0c8b8acb89d21cf145789d229b57921e2d0b9a29e5fea6cc32678f6cc0ce,Phoenix,ssp585,mid_2050s,2050,perimeter_bot_zn_2,perimeter,bottom,east,24.35532864330896,26.679778595260352,25.51755361928466,28.421704912333347,2.3244499519513875,35.556038941315734,0.12572526304205775,0.3750436492264271,13.170498084291188,0.09895865076836609,0.02676661227369167
b96e0c8b8acb89d21cf145789d229b57921e2d0b9a29e5fea6cc32678f6cc0ce,Phoenix,ssp585,mid_2050s,2050,perimeter_bot_zn_3,perimeter,bottom,north,24.42179810646323,25.832011212920232,25.126904659691725,28.125108391339182,1.4102131064570047,36.32581963868783,0.12005946488712109,0.3750436492264271,14.36182950191571,0.09024287127578359,0.02981659361133749
b96e0c8b8acb89d21cf145789d229b57921e2d0b9a29e5fea6cc32678f6cc0ce,Phoenix,ssp585,mid_2050s,2050,perimeter_bot_zn_4,perimeter,bottom,west,24.282190387287518,26.638349281314223,25.460269834300867,28.18618831755243,2.356158894026701,35.921427481440304,0.1189053316351231,0.3750436492264271,10.344827586206897,0.09170390415706554,0.027201427478057563
b96e0c8b8acb89d21cf145789d229b57921e2d0b9a29e5fea6cc32678f6cc0ce,Phoenix,ssp585,mid_2050s,2050,perimeter_mid_zn_1,perimeter,middle,south,24.970039325350847,27.392513428861573,26.18127637710621,29.56502112507658,2.422474103510732,34.3013811870912,0.1739164788831662,0.5213801695499569,26.939655172413797,0.1521870994727864,0.021729379410379775
b96e0c8b8acb89d21cf145789d229b57921e2d0b9a29e5fea6cc32678f6cc0ce,Phoenix,ssp585,mid_2050s,2050,perimeter_mid_zn_2,perimeter,middle,east,24.318201533819884,26.791358153851448,25.55477984383567,28.33223260280272,2.4731566200315673,36.045224561228785,0.12142623436984405,0.3750436492264271,11.218869731800767,0.09527367962110819,0.02615255474873586
b96e0c8b8acb89d21cf145789d229b57921e2d0b9a29e5fea6cc32678f6cc0ce,Phoenix,ssp585,mid_2050s,2050,perimeter_mid_zn_3,perimeter,middle,north,24.591751176313263,26.24200751075062,25.416879343531942,28.524666057201078,1.6502563344373589,36.077705056977486,0.13029576520751304,0.3754165191203356,16.29549808429119,0.10341998491620456,0.026875780291308497
b96e0c8b8acb89d21cf145789d229b57921e2d0b9a29e5fea6cc32678f6cc0ce,Phoenix,ssp585,mid_2050s,2050,perimeter_mid_zn_4,perimeter,middle,west,24.288537284422848,26.784903638949142,25.536720461685995,28.477057496585715,2.4963663545262924,36.52003704214964,0.11935979425360463,0.3750436492264271,9.692289272030653,0.0924236475764011,0.02693614667720352
b96e0c8b8acb89d21cf145789d229b57921e2d0b9a29e5fea6cc32678f6cc0ce,Phoenix,ssp585,mid_2050s,2050,perimeter_top_zn_1,perimeter,top,south,24.8018370028172,27.315721166364263,26.058779084590732,29.569815950309845,2.51388416354706,34.278192009472924,0.16567545709228304,0.5213801695499569,24.293582375478927,0.1431892307060842,0.02248622638619883
b96e0c8b8acb89d21cf145789d229b57921e2d0b9a29e5fea6cc32678f6cc0ce,Phoenix,ssp585,mid_2050s,2050,perimeter_top_zn_2,perimeter,top,east,24.322825069948774,26.819703492642667,25.571264281295722,28.641248717005137,2.4968784226938903,35.972479203028925,0.12797461429929374,0.3750436492264271,13.284243295019158,0.1017338188549203,0.02624079544437343
b96e0c8b8acb89d21cf145789d229b57921e2d0b9a29e5fea6cc32678f6cc0ce,Phoenix,ssp585,mid_2050s,2050,perimeter_top_zn_3,perimeter,top,north,24.47765956971614,26.203407886736787,25.34053372822646,28.58126914289886,1.7257483170206454,36.05062649419012,0.12916211661380853,0.3796754702925682,15.415469348659002,0.10135317183571593,0.027808944778092596
b96e0c8b8acb89d21cf145789d229b57921e2d0b9a29e5fea6cc32678f6cc0ce,Phoenix,ssp585,mid_2050s,2050,perimeter_top_zn_4,perimeter,top,west,24.245749382156106,26.77191447713563,25.50883192964587,28.700004771398955,2.526165094979529,36.40321732076516,0.12310811321565437,0.3796754702925682,10.835727969348659,0.09564665238100008,0.027461460834654304
b9d381afdc984c653b12fe2fea4a1b8cfffd0515044bebb8f6bdf2ec56ebdfd6,Phoenix,ssp245,baseline_2020s,2028,core_bottom,core,bottom,core,24.129056723911376,26.1892206668859,25.15913869539864,26.102828829198803,2.060163942974521,35.05595099802556,0.08838434944328963,0.12667039781808853,0.4489942528735632,0.05757140331430819,0.030812946128981434
b9d381afdc984c653b12fe2fea4a1b8cfffd0515044bebb8f6bdf2ec56ebdfd6,Phoenix,ssp245,baseline_2020s,2028,core_mid,core,middle,core,24.329285626176574,25.917957016861283,25.12362132151893,26.868305995422165,1.5886713906847125,36.3326215315946,0.08930749488917315,0.1830211915075779,3.190852490421456,0.05957295901450495,0.029734535874668205
b9d381afdc984c653b12fe2fea4a1b8cfffd0515044bebb8f6bdf2ec56ebdfd6,Phoenix,ssp245,baseline_2020s,2028,core_top,core,top,core,24.256782877245833,25.90922338000834,25.08300312862709,26.893669980693883,1.652440502762505,36.14182714125398,0.09017176429770746,0.1872413046658039,3.19683908045977,0.05994510165621104,0.030226662641496423
b9d381afdc984c653b12fe2fea4a1b8cfffd0515044bebb8f6bdf2ec56ebdfd6,Phoenix,ssp245,baseline_2020s,2028,perimeter_bot_zn_1,perimeter,bottom,south,24.967162620388024,27.345832863496476,26.156497741942253,29.240438439685807,2.3786702431084477,33.24692517108506,0.1624942493242203,0.4288363291416317,24.766522988505745,0.14078210718186895,0.021712142142351343
b9d381afdc984c653b12fe2fea4a1b8cfffd0515044bebb8f6bdf2ec56ebdfd6,Phoenix,ssp245,baseline_2020s,2028,perimeter_bot_zn_2,perimeter,bottom,east,24.18553720773679,26.5793811238183,25.382459165777544,27.4151922271935,2.3938439160815195,35.811989870906565,0.1034892881368714,0.25947653129696846,6.9624042145593865,0.07556828960940916,0.027920998527462236
b9d381afdc984c653b12fe2fea4a1b8cfffd0515044bebb8f6bdf2ec56ebdfd6,Phoenix,ssp245,baseline_2020s,2028,perimeter_bot_zn_3,perimeter,bottom,north,24.2276716140232,25.713424592587533,24.970548103305365,27.144285991483255,1.4857529785643344,36.604795226854556,0.09326667383793114,0.2030697949230671,5.783045977011494,0.062012127334215426,0.03125454650371571
b9d381afdc984c653b12fe2fea4a1b8cfffd0515044bebb8f6bdf2ec56ebdfd6,Phoenix,ssp245,baseline_2020s,2028,perimeter_bot_zn_4,perimeter,bottom,west,24.151806318797416,26.56795235813368,25.35987933846555,27.26236108960483,2.416146039336266,36.06060504409346,0.10132751864355989,0.20770161598920822,6.016522988505748,0.07308032191583755,0.028247196727722346
b9d381afdc984c653b12fe2fea4a1b8cfffd0515044bebb8f6bdf2ec56ebdfd6,Phoenix,ssp245,baseline_2020s,2028,perimeter_mid_zn_1,perimeter,middle,south,24.78081944978304,27.280579217760383,26.03069933377171,28.704425867455527,2.4997597679773436,34.70417440709101,0.15485299842980374,0.41987033537589014,24.233716475095786,0.13173313592796987,0.023119862501833868
b9d381afdc984c653b12fe2fea4a1b8cfffd0515044bebb8f6bdf2ec56ebdfd6,Phoenix,ssp245,baseline_2020s,2028,perimeter_mid_zn_2,perimeter,middle,east,24.153832125149336,26.667225668066102,25.41052889660772,27.324407153941912,2.5133935429167633,36.24804126741825,0.10232004791881384,0.20557191967964172,5.926724137931035,0.07492671404923741,0.02739333386957644
b9d381afdc984c653b12fe2fea4a1b8cfffd0515044bebb8f6bdf2ec56ebdfd6,Phoenix,ssp245,baseline_2020s,2028,perimeter_mid_zn_3,perimeter,middle,north,24.348388720038024,26.07293402312854,25.21066137158328,27.5907799894626,1.724545303090519,36.45187399683149,0.10230759717546353,0.2619786560535431,8.057950191570882,0.07379013177661325,0.028517465398850285
b9d381afdc984c653b12fe2fea4a1b8cfffd0515044bebb8f6bdf2ec56ebdfd6,Phoenix,ssp245,baseline_2020s,2028,perimeter_mid_zn_4,perimeter,middle,west,24.172310993197282,26.694287685899237,25.43329933954826,27.691507186307195,2.521976692701956,36.57384939036602,0.1063946985910013,0.27478358522057533,7.112068965517242,0.07869883499049601,0.02769586360050529
b9d381afdc984c653b12fe2fea4a1b8cfffd0515044bebb8f6bdf2ec56ebdfd6,Phoenix,ssp245,baseline_2020s,2028,perimeter_top_zn_1,perimeter,top,south,24.611735735737867,27.199944262505863,25.905839999121866,28.600684309443697,2.588208526767998,34.676316780230536,0.14698844951230078,0.3811704402323812,21.443965517241377,0.12306179253661459,0.023926656975686193
b9d381afdc984c653b12fe2fea4a1b8cfffd0515044bebb8f6bdf2ec56ebdfd6,Phoenix,ssp245,baseline_2020s,2028,perimeter_top_zn_2,perimeter,top,east,24.135117233850153,26.680979995714456,25.408048614782306,27.589340052628497,2.545862761864297,36.23781967449807,0.10572077545624069,0.25947653129696846,7.040229885057471,0.07830424245884704,0.02741653299739364
b9d381afdc984c653b12fe2fea4a1b8cfffd0515044bebb8f6bdf2ec56ebdfd6,Phoenix,ssp245,baseline_2020s,2028,perimeter_top_zn_3,perimeter,top,north,24.24670610259665,26.038282045075036,25.142494073835845,27.57160288723522,1.7915759424783826,36.40222421614358,0.10261594054001023,0.2619786560535431,7.6209291187739465,0.07310477176542221,0.029511168774588023
b9d381afdc984c653b12fe2fea4a1b8cfffd0515044bebb8f6bdf2ec56ebdfd6,Phoenix,ssp245,baseline_2020s,2028,perimeter_top_zn_4,perimeter,top,west,24.132281591706036,26.681407376793135,25.406844484249586,27.93779540187309,2.5491257850870954,36.4536815736835,0.11003580668067914,0.3101632185280323,8.105842911877396,0.0819481845852679,0.02808762209541124
ba06bc939ec64c5432932450359cc848a4ff1e4e8f9315979df395ffaae6c287,Houston,ssp245,near_2030s,2033,core_bottom,core,bottom,core,24.44402347369471,26.287410416092175,25.36571694489344,27.288341798306284,1.8433869423974614,47.06525625767173,0.08736309200920918,0.18748648837208748,2.9094827586206895,0.05871954702620994,0.028643544982999234
ba06bc939ec64c5432932450359cc848a4ff1e4e8f9315979df395ffaae6c287,Houston,ssp245,near_2030s,2033,core_mid,core,middle,core,24.688824820016137,25.98785343553019,25.338339127773164,27.881313616932573,1.299028615514058,48.54476319900732,0.09416319486622708,0.25947653129696846,8.937978927203066,0.06542621938988095,0.028736975476346127
ba06bc939ec64c5432932450359cc848a4ff1e4e8f9315979df395ffaae6c287,Houston,ssp245,near_2030s,2033,core_top,core,top,core,24.460417557618083,25.825875516391424,25.143146537004753,27.696203435542223,1.3654579587733415,48.43874407545445,0.08752955574908257,0.25947653129696846,6.788793103448276,0.0569599181569986,0.03056963759208396
ba06bc939ec64c5432932450359cc848a4ff1e4e8f9315979df395ffaae6c287,Houston,ssp245,near_2030s,2033,perimeter_bot_zn_1,perimeter,bottom,south,24.64268821660648,26.459606081276657,25.55114714894157,28.765174505681003,1.8169178646701778,50.920876058107204,0.11969410887412503,0.3059431053698063,18.761973180076627,0.09108556586744128,0.028608543006683744
ba06bc939ec64c5432932450359cc848a4ff1e4e8f9315979df395ffaae6c287,Houston,ssp245,near_2030s,2033,perimeter_bot_zn_2,perimeter,bottom,east,24.298407747536565,26.130090781370793,25.21424926445368,28.10398533765295,1.8316830338342263,49.52586029385718,0.09448695383452248,0.25947653129696846,8.47102490421456,0.06336676199483138,0.0311201918396911
ba06bc939ec64c5432932450359cc848a4ff1e4e8f9315979df395ffaae6c287,Houston,ssp245,near_2030s,2033,perimeter_bot_zn_3,perimeter,bottom,north,24.4099947835414,25.6728629189702,25.0414288512558,27.747558051285054,1.2628681354288016,49.58106844855821,0.089109597710707,0.2034426648169756,6.124281609195402,0.057274485503087426,0.03183511220761959
ba06bc939ec64c5432932450359cc848a4ff1e4e8f9315979df395ffaae6c287,Houston,ssp245,near_2030s,2033,perimeter_bot_zn_4,perimeter,bottom,west,24.158787211261895,26.05266406673962,25.10572563900076,27.39608312592997,1.8938768554777254,49.83794945226984,0.0840629904232907,0.19219142571091652,4.424090038314176,0.05237149548185169,0.03169149494143901
ba06bc939ec64c5432932450359cc848a4ff1e4e8f9315979df395ffaae6c287,Houston,ssp245,near_2030s,2033,perimeter_mid_zn_1,perimeter,middle,south,24.80566885042196,26.70400448275425,25.754836666588105,28.752561106165555,1.8983356323322933,48.09437076384627,0.12086214104368351,0.3624461127910763,16.45713601532567,0.09421834403580283,0.026643797007880676
ba06bc939ec64c5432932450359cc848a4ff1e4e8f9315979df395ffaae6c287,Houston,ssp245,near_2030s,2033,perimeter_mid_zn_2,perimeter,middle,east,24.33569159558006,26.348542229931198,25.342116912755632,28.47870608937152,2.0128506343511434,49.768346934570346,0.10062090300301324,0.2975656820926815,11.619971264367816,0.07052413279453151,0.03009677020848173
ba06bc939ec64c5432932450359cc848a4ff1e4e8f9315979df395ffaae6c287,Houston,ssp245,near_2030s,2033,perimeter_mid_zn_3,perimeter,middle,north,24.626240828262258,26.0823953589313,25.354318093596785,28.456419760788712,1.4561545306690435,49.41466129892525,0.10596677319465497,0.29288436844944954,13.098659003831417,0.07616997485049515,0.029796798344159818
ba06bc939ec64c5432932450359cc848a4ff1e4e8f9315979df395ffaae6c287,Houston,ssp245,near_2030s,2033,perimeter_mid_zn_4,perimeter,middle,west,24.2033415795239,26.278896320926602,25.24111895022525,27.82524586815103,2.0755547414027027,50.38089551435702,0.09125803415863142,0.25947653129696846,8.153735632183908,0.06070681857333208,0.030551215585299333
ba06bc939ec64c5432932450359cc848a4ff1e4e8f9315979df395ffaae6c287,Houston,ssp245,near_2030s,2033,perimeter_top_zn_1,perimeter,top,south,24.537879237458338,26.50827912178029,25.523079179619312,28.579934462501285,1.9703998843219475,48.17266170869052,0.1105857213599175,0.3101632185280323,13.116618773946358,0.08185400734061217,0.028731714019305327
ba06bc939ec64c5432932450359cc848a4ff1e4e8f9315979df395ffaae6c287,Houston,ssp245,near_2030s,2033,perimeter_top_zn_2,perimeter,top,east,24.238790809278353,26.248889275666425,25.24384004247239,28.40061883635567,2.010098466388074,49.761997482362986,0.1007565424937973,0.29288436844944954,11.655890804597702,0.06920949986084744,0.03154704263294986
ba06bc939ec64c5432932450359cc848a4ff1e4e8f9315979df395ffaae6c287,Houston,ssp245,near_2030s,2033,perimeter_top_zn_3,perimeter,top,north,24.393491045094144,25.91105998430408,25.152275514699113,28.358639258175852,1.5175689392099336,49.40283572118875,0.09935108917665854,0.28332336712628603,10.60823754789272,0.06743154349753373,0.031919545679124806
ba06bc939ec64c5432932450359cc848a4ff1e4e8f9315979df395ffaae6c287,Houston,ssp245,near_2030s,2033,perimeter_top_zn_4,perimeter,top,west,24.06914081399499,26.14883839795411,25.10898960597455,27.731695140689936,2.079697583959116,50.202793230774915,0.08951966526557494,0.25947653129696846,7.770593869731801,0.05736411464688505,0.032155550618689875
bbe77402449ca1ad211b9a4871f9eb6673bd74141992af627c86468284b1666c,Guangzhou,ssp585,late_2080s,2086,core_bottom,core,bottom,core,25.33649490539801,27.3595297783052,26.348012341851604,29.132702249737235,2.0230348729071896,51.51193399826435,0.15592746228530013,0.3750436492264271,30.190373563218394,0.13181626849923322,0.024111193786066902
bbe77402449ca1ad211b9a4871f9eb6673bd74141992af627c86468284b1666c,Guangzhou,ssp585,late_2080s,2086,core_mid,core,middle,core,25.845387441605755,27.2843604657101,26.56487395365793,29.596205866217453,1.4389730241043466,53.025839649799124,0.17275116298425156,0.3750436492264271,37.83524904214559,0.14988648095871795,0.0228646820255336
bbe77402449ca1ad211b9a4871f9eb6673bd74141992af627c86468284b1666c,Guangzhou,ssp585,late_2080s,2086,core_top,core,top,core,25.553048197852036,27.19656259729122,26.37480539757163,29.506703821288298,1.6435143994391856,52.55775953798014,0.1617104996108133,0.3750436492264271,35.15325670498085,0.13764523940937642,0.02406526020143689
bbe77402449ca1ad211b9a4871f9eb6673bd74141992af627c86468284b1666c,Guangzhou,ssp585,late_2080s,2086,perimeter_bot_zn_1,perimeter,bottom,south,26.602060206897168,28.397604340184532,27.499832273540846,31.465742613206146,1.795544133287365,55.43554592464192,0.2284519207738322,0.5213801695499569,52.861590038314176,0.20986891059637366,0.01858301017745853
bbe77402449ca1ad211b9a4871f9eb6673bd74141992af627c86468284b1666c,Guangzhou,ssp585,late_2080s,2086,perimeter_bot_zn_2,perimeter,bottom,east,25.140290617218216,27.40738733113389,26.273838974176055,29.588326620320217,2.2670967139156755,53.42310160995422,0.15619449980341027,0.38576185796409845,30.908764367816094,0.1313570828580251,0.024837416945385164
bbe77402449ca1ad211b9a4871f9eb6673bd74141992af627c86468284b1666c,Guangzhou,ssp585,late_2080s,2086,perimeter_bot_zn_3,perimeter,bottom,north,25.76718391578713,27.469496340810082,26.618340128298602,30.223985080336494,1.7023124250229569,51.73135326436914,0.17921635591883248,0.4250700185075402,37.224616858237546,0.15608029283715413,0.023136063081678336
bbe77402449ca1ad211b9a4871f9eb6673bd74141992af627c86468284b1666c,Guangzhou,ssp585,late_2080s,2086,perimeter_bot_zn_4,perimeter,bottom,west,25.060840377201007,27.511425912416932,26.28613314480897,29.61187491044941,2.45058553521593,53.447555517020426,0.15158947299003633,0.3720397362485528,30.495689655172413,0.1269333373594755,0.024656135630560815
bbe77402449ca1ad211b9a4871f9eb6673bd74141992af627c86468284b1666c,Guangzhou,ssp585,late_2080s,2086,perimeter_mid_zn_1,perimeter,middle,south,26.529101822709645,28.543260031691563,27.536180927200608,31.42206761081601,2.014158208981917,51.17534040170305,0.22476163643616465,0.45908247283659875,50.78424329501916,0.20658099338147118,0.018180643054693482
bbe77402449ca1ad211b9a4871f9eb6673bd74141992af627c86468284b1666c,Guangzhou,ssp585,late_2080s,2086,perimeter_mid_zn_2,perimeter,middle,east,25.23100549175797,27.70885169005883,26.4699285909084,29.978065191024218,2.4778461983008584,54.8129981380889,0.15736671073011926,0.37082353606820107,33.91403256704981,0.133841889006397,0.023524821723722233
bbe77402449ca1ad211b9a4871f9eb6673bd74141992af627c86468284b1666c,Guangzhou,ssp585,late_2080s,2086,perimeter_mid_zn_3,perimeter,middle,north,26.033243022574762,27.892846331354153,26.963044676964454,30.887444718633656,1.8596033087793868,52.714934809116635,0.18724476978079313,0.4198947085533291,41.780411877394634,0.16597653445411942,0.021268235326673695
bbe77402449ca1ad211b9a4871f9eb6673bd74141992af627c86468284b1666c,Guangzhou,ssp585,late_2080s,2086,perimeter_mid_zn_4,perimeter,middle,west,25.138976475098655,27.784281607065942,26.4616290410823,30.15807156145935,2.6453051319672864,55.175586711124346,0.15147161817353366,0.36701315734535456,32.83045977011494,0.12807141610394923,0.023400202069584423
bbe77402449ca1ad211b9a4871f9eb6673bd74141992af627c86468284b1666c,Guangzhou,ssp585,late_2080s,2086,perimeter_top_zn_1,perimeter,top,south,26.12873436235623,28.362997370862672,27.245865866609446,31.247581437602236,2.2342630085064425,51.09184007884406,0.20850608771622225,0.43340337369591,46.138649425287355,0.18866408036301854,0.019842007353203704
bbe77402449ca1ad211b9a4871f9eb6673bd74141992af627c86468284b1666c,Guangzhou,ssp585,late_2080s,2086,perimeter_top_zn_2,perimeter,top,east,25.16542878358323,27.70913823599608,26.43728350978966,30.049615992363833,2.543709452412847,54.15089763678747,0.15713164714151706,0.37082353606820107,33.06393678160919,0.13327879061688486,0.023852856524632215
bbe77402449ca1ad211b9a4871f9eb6673bd74141992af627c86468284b1666c,Guangzhou,ssp585,late_2080s,2086,perimeter_top_zn_3,perimeter,top,north,25.75634443740912,27.784713845328653,26.770529141368886,30.764276379246045,2.0283694079195276,52.384819918926404,0.17886846041942397,0.4198947085533291,38.73922413793103,0.15646500763796908,0.022403452781454898
bbe77402449ca1ad211b9a4871f9eb6673bd74141992af627c86468284b1666c,Guangzhou,ssp585,late_2080s,2086,perimeter_top_zn_4,perimeter,top,west,24.960573310289906,27.710952995018122,26.335763152654017,30.104791516170224,2.750379684728213,54.66296159965666,0.14345770178276196,0.36548264790326357,29.48395593869732,0.11930948611722646,0.02414821566553551
bd726b1a25a86a295efefe0abdd3737d00821f926fa519dd614827b7afe53b78,Houston,ssp585,baseline_2020s,2025,core_bottom,core,bottom,core,24.49632946440599,26.342046686750876,25.41918807557843,27.36466400799473,1.8457172223448843,46.82225844746984,0.08944782715004652,0.18748648837208748,3.125,0.06218006625442348,0.027267760895623046
bd726b1a25a86a295efefe0abdd3737d00821f926fa519dd614827b7afe53b78,Houston,ssp585,baseline_2020s,2025,core_mid,core,middle,core,24.75370389638921,26.04934877824814,25.40152633731868,27.993499037064147,1.2956448818589277,48.194436419898445,0.0974109526095828,0.27900369837880135,10.141283524904214,0.06985347475167418,0.027557477857908626
bd726b1a25a86a295efefe0abdd3737d00821f926fa519dd614827b7afe53b78,Houston,ssp585,baseline_2020s,2025,core_top,core,top,core,24.521288466346505,25.88383570545489,25.202562085900695,27.821086071250715,1.3625472391083837,48.137617045761246,0.08924823478953707,0.25947653129696846,7.614942528735632,0.06010577640239947,0.02914245838713761
bd726b1a25a86a295efefe0abdd3737d00821f926fa519dd614827b7afe53b78,Houston,ssp585,baseline_2020s,2025,perimeter_bot_zn_1,perimeter,bottom,south,24.71974779596559,26.538475291752164,25.629111543858876,28.842503004067915,1.8187274957865736,50.59287461159621,0.12453962986984357,0.3101632185280323,21.58764367816092,0.09710161030428328,0.027438019565560287
bd726b1a25a86a295efefe0abdd3737d00821f926fa519dd614827b7afe53b78,Houston,ssp585,baseline_2020s,2025,perimeter_bot_zn_2,perimeter,bottom,east,24.363294850454785,26.192542326942707,25.277918588698746,28.182560444729912,1.8292474764879245,49.11186371187444,0.09736568659556927,0.25947653129696846,9.375,0.06743819419536794,0.02992749240020133
bd726b1a25a86a295efefe0abdd3737d00821f926fa519dd614827b7afe53b78,Houston,ssp585,baseline_2020s,2025,perimeter_bot_zn_3,perimeter,bottom,north,24.489038365387763,25.73618580517961,25.112612085283683,27.845337047273468,1.2471474397918456,49.193790396096624,0.09354033586444241,0.25947653129696846,7.644875478927203,0.06240921558879612,0.031131120275646285
bd726b1a25a86a295efefe0abdd3737d00821f926fa519dd614827b7afe53b78,Houston,ssp585,baseline_2020s,2025,perimeter_bot_zn_4,perimeter,bottom,west,24.20969896947695,26.108593792685163,25.159146381081058,27.50262407827433,1.8988948232082137,49.473552991629795,0.08530650992965427,0.19891560450196266,4.938936781609195,0.0549524357803661,0.030354074149288174
bd726b1a25a86a295efefe0abdd3737d00821f926fa519dd614827b7afe53b78,Houston,ssp585,baseline_2020s,2025,perimeter_mid_zn_1,perimeter,middle,south,24.885737393531567,26.790816101565802,25.838276747548687,28.886789267372965,1.9050787080342355,47.68850197421604,0.12546048388951678,0.3624461127910763,18.761973180076627,0.10010022800707907,0.025360255882437687
bd726b1a25a86a295efefe0abdd3737d00821f926fa519dd614827b7afe53b78,Houston,ssp585,baseline_2020s,2025,perimeter_mid_zn_2,perimeter,middle,east,24.400613419915185,26.41841698787821,25.4095152038967,28.576103875327448,2.017803567963022,49.329425162144204,0.10310502076482543,0.2975656820926815,12.865181992337165,0.07454897806222793,0.0285560427025975
bd726b1a25a86a295efefe0abdd3737d00821f926fa519dd614827b7afe53b78,Houston,ssp585,baseline_2020s,2025,perimeter_mid_zn_3,perimeter,middle,north,24.703523989574613,26.15419308598766,25.42885853778113,28.58217010469709,1.4506690964130504,48.96557845584062,0.10931154974099334,0.3006022172048688,14.882662835249041,0.08092695660337179,0.02838459313762155
bd726b1a25a86a295efefe0abdd3737d00821f926fa519dd614827b7afe53b78,Houston,ssp585,baseline_2020s,2025,perimeter_mid_zn_4,perimeter,middle,west,24.25151186673222,26.339938648733078,25.29572525773265,27.92871178692821,2.0884267820008557,49.99566493629531,0.092755156187446,0.25947653129696846,9.111590038314176,0.0635618345624182,0.029193321625027788
bd726b1a25a86a295efefe0abdd3737d00821f926fa519dd614827b7afe53b78,Houston,ssp585,baseline_2020s,2025,perimeter_top_zn_1,perimeter,top,south,24.60818055451858,26.589625890493057,25.59890322250582,28.690558568873357,1.9814453359744746,47.81389161147397,0.11414836537103183,0.3101632185280323,14.906609195402298,0.08672457172684113,0.027423793644190703
bd726b1a25a86a295efefe0abdd3737d00821f926fa519dd614827b7afe53b78,Houston,ssp585,baseline_2020s,2025,perimeter_top_zn_2,perimeter,top,east,24.302742693378967,26.31768433125041,25.310213512314686,28.50210355351689,2.0149416378714395,49.35997319366682,0.10266386539018173,0.2975656820926815,12.434147509578544,0.07278891080815142,0.029874954582030315
bd726b1a25a86a295efefe0abdd3737d00821f926fa519dd614827b7afe53b78,Houston,ssp585,baseline_2020s,2025,perimeter_top_zn_3,perimeter,top,north,24.467324750076635,25.98036680316428,25.22384577662046,28.463821205984267,1.5130420530876456,49.02529908783382,0.10196389586739336,0.29288436844944954,12.116858237547893,0.07145682872164641,0.030507067145746945
bd726b1a25a86a295efefe0abdd3737d00821f926fa519dd614827b7afe53b78,Houston,ssp585,baseline_2020s,2025,perimeter_top_zn_4,perimeter,top,west,24.11258908916895,26.20653603780409,25.159562563486517,27.857380945512205,2.093946948635137,49.878495402866015,0.09108286848703724,0.25947653129696846,8.608716475095786,0.060216173441700147,0.030866695045337095
bf9759440ae424f2dc2fc422658cc7e0162e0f23e468d3faaba7f01d0cdbd9b0,Houston,ssp245,near_2030s,2039,core_bottom,core,bottom,core,24.477141560474877,26.351720263616553,25.414430912045717,27.439517686690134,1.8745787031416732,47.481047035850985,0.08994687692313749,0.1876141745597124,3.633860153256705,0.06148887860010667,0.028457998323030823
bf9759440ae424f2dc2fc422658cc7e0162e0f23e468d3faaba7f01d0cdbd9b0,Houston,ssp245,near_2030s,2039,core_mid,core,middle,core,24.71959789692287,26.054892865947366,25.387245381435118,27.931902618966674,1.3352949690244966,48.813288306908824,0.09585146624908267,0.27900369837880135,9.650383141762452,0.06736530247228033,0.028486163776802343
bf9759440ae424f2dc2fc422658cc7e0162e0f23e468d3faaba7f01d0cdbd9b0,Houston,ssp245,near_2030s,2039,core_top,core,top,core,24.4938526331888,25.905981917138686,25.19991727516374,27.712436551196582,1.4121292839498891,48.75868857691587,0.08823144900529124,0.25947653129696846,7.08213601532567,0.05811951627070129,0.030111932734589956
bf9759440ae424f2dc2fc422658cc7e0162e0f23e468d3faaba7f01d0cdbd9b0,Houston,ssp245,near_2030s,2039,perimeter_bot_zn_1,perimeter,bottom,south,24.770800755157925,26.624410161420265,25.697605458289097,29.119008043532617,1.85360940626234,51.27646127173657,0.12354847893163573,0.31266534328460693,19.36661877394636,0.09588301859923613,0.0276654603323996
bf9759440ae424f2dc2fc422658cc7e0162e0f23e468d3faaba7f01d0cdbd9b0,Houston,ssp245,near_2030s,2039,perimeter_bot_zn_2,perimeter,bottom,east,24.373176181496127,26.264578327746722,25.31887725462142,28.23262726909175,1.89140214625059,49.65284889856041,0.09738937659968608,0.25947653129696846,9.943726053639846,0.06714114606204502,0.030248230537641068
bf9759440ae424f2dc2fc422658cc7e0162e0f23e468d3faaba7f01d0cdbd9b0,Houston,ssp245,near_2030s,2039,perimeter_bot_zn_3,perimeter,bottom,north,24.49441363529027,25.800204604654326,25.1473091199723,27.927044521685087,1.3057909693640555,49.73762453300132,0.09286203992210054,0.25947653129696846,8.117816091954024,0.06153009412174606,0.031331945800354484
bf9759440ae424f2dc2fc422658cc7e0162e0f23e468d3faaba7f01d0cdbd9b0,Houston,ssp245,near_2030s,2039,perimeter_bot_zn_4,perimeter,bottom,west,24.228919495036077,26.186128975673036,25.20752423535456,27.544373895103355,1.9572094806369582,49.991397743628646,0.08633472011121297,0.2030697949230671,5.3999042145593865,0.05560471225297747,0.030730007858235493
bf9759440ae424f2dc2fc422658cc7e0162e0f23e468d3faaba7f01d0cdbd9b0,Houston,ssp245,near_2030s,2039,perimeter_mid_zn_1,perimeter,middle,south,24.874411780527133,26.833507775774095,25.853959778150614,29.015820145093105,1.9590959952469584,48.27594052417148,0.12481329464346094,0.3624461127910763,16.954022988505745,0.09853390813264344,0.026279386510817494
bf9759440ae424f2dc2fc422658cc7e0162e0f23e468d3faaba7f01d0cdbd9b0,Houston,ssp245,near_2030s,2039,perimeter_mid_zn_2,perimeter,middle,east,24.390320950038276,26.467454333293762,25.42888764166602,28.509005229287855,2.0771333832554864,49.90704991308164,0.10272011334659492,0.2975656820926815,11.99712643678161,0.07329372338337557,0.029426389963219345
bf9759440ae424f2dc2fc422658cc7e0162e0f23e468d3faaba7f01d0cdbd9b0,Houston,ssp245,near_2030s,2039,perimeter_mid_zn_3,perimeter,middle,north,24.68084951463062,26.19170840375008,25.43627895919035,28.51692990315242,1.5108588891194596,49.58678434499861,0.10756554241514694,0.3006022172048688,13.906848659003831,0.0783949982935462,0.029170544121600753
bf9759440ae424f2dc2fc422658cc7e0162e0f23e468d3faaba7f01d0cdbd9b0,Houston,ssp245,near_2030s,2039,perimeter_mid_zn_4,perimeter,middle,west,24.252074948021345,26.395110876244402,25.323592912132874,27.82314229846043,2.143035928223055,50.5530647220732,0.09189420274082595,0.25947653129696846,8.081896551724139,0.0620923114302024,0.029801891310623548
bf9759440ae424f2dc2fc422658cc7e0162e0f23e468d3faaba7f01d0cdbd9b0,Houston,ssp245,near_2030s,2039,perimeter_top_zn_1,perimeter,top,south,24.60699226156959,26.647832577100683,25.627412419335137,28.772390530567293,2.0408403155310935,48.430080611309776,0.11392628450250057,0.3101632185280323,13.912835249042146,0.08576354682519122,0.028162737677309358
bf9759440ae424f2dc2fc422658cc7e0162e0f23e468d3faaba7f01d0cdbd9b0,Houston,ssp245,near_2030s,2039,perimeter_top_zn_2,perimeter,top,east,24.29801365875591,26.38028459031412,25.339149124535016,28.407610775793735,2.0822709315582153,49.96898294104579,0.10154083798159375,0.29288436844944954,11.757662835249043,0.07089541567089411,0.030645422310699638
bf9759440ae424f2dc2fc422658cc7e0162e0f23e468d3faaba7f01d0cdbd9b0,Houston,ssp245,near_2030s,2039,perimeter_top_zn_3,perimeter,top,north,24.457683605178943,26.035487111376206,25.24658535827757,28.367732843820264,1.5778035061972688,49.668039828176966,0.10012504101834419,0.27900369837880135,11.027298850574713,0.0689945655494774,0.031130475468866787
bf9759440ae424f2dc2fc422658cc7e0162e0f23e468d3faaba7f01d0cdbd9b0,Houston,ssp245,near_2030s,2039,perimeter_top_zn_4,perimeter,top,west,24.122299752231815,26.2772593182761,25.199779535253956,27.72372110554714,2.1549595660442846,50.45422006019298,0.08965908643818638,0.25947653129696846,7.327586206896551,0.058364869842271884,0.03129421659591449
c1697c40ebe6add96a7be6a0fa4367d514da06894a527e18c07045ef32c13d13,Houston,ssp245,mid_2050s,2056,core_bottom,core,bottom,core,24.408785651989522,26.376169795277853,25.39247772363369,26.91768695178372,1.967384143288339,49.76662040495777,0.08226978181268337,0.15076221898198128,1.496647509578544,0.0519310436769071,0.030338738135776262
c1697c40ebe6add96a7be6a0fa4367d514da06894a527e18c07045ef32c13d13,Houston,ssp245,mid_2050s,2056,core_mid,core,middle,core,24.66519558090263,26.116998913146674,25.391097247024653,27.468249898345277,1.451803332244044,51.114164895823095,0.08527658958281516,0.19891560450196266,4.938936781609195,0.0557327684426169,0.029543821140198247
c1697c40ebe6add96a7be6a0fa4367d514da06894a527e18c07045ef32c13d13,Houston,ssp245,mid_2050s,2056,core_top,core,top,core,24.462057770153802,26.024937269071582,25.24349751961269,27.374010876792322,1.5628794989177803,50.82390670988612,0.07962786376946186,0.18785935826599598,4.058908045977012,0.04893198577126032,0.030695877998201553
c1697c40ebe6add96a7be6a0fa4367d514da06894a527e18c07045ef32c13d13,Houston,ssp245,mid_2050s,2056,perimeter_bot_zn_1,perimeter,bottom,south,24.915849627081386,26.914372998065822,25.915111312573604,28.370383789762716,1.9985233709844383,53.75915894118213,0.12359921692114972,0.3059431053698063,18.785919540229884,0.0970966971263698,0.026502519794779925
c1697c40ebe6add96a7be6a0fa4367d514da06894a527e18c07045ef32c13d13,Houston,ssp245,mid_2050s,2056,perimeter_bot_zn_2,perimeter,bottom,east,24.33429016453074,26.446764818432314,25.390527491481528,27.560193606371637,2.112474653901574,51.562555266828575,0.0863028225999588,0.19256429560482502,4.627634099616858,0.056404168417269605,0.029898654182689194
c1697c40ebe6add96a7be6a0fa4367d514da06894a527e18c07045ef32c13d13,Houston,ssp245,mid_2050s,2056,perimeter_bot_zn_3,perimeter,bottom,north,24.494985091862834,25.998023043273115,25.246504067567976,27.258758972673867,1.5030379514102779,51.59009329421556,0.08020019734876455,0.1872413046658039,2.1611590038314175,0.05009594661354487,0.030104250735219683
c1697c40ebe6add96a7be6a0fa4367d514da06894a527e18c07045ef32c13d13,Houston,ssp245,mid_2050s,2056,perimeter_bot_zn_4,perimeter,bottom,west,24.202629673992945,26.374652072194372,25.288640873093662,26.97284047149621,2.172022398201422,51.90218694343413,0.07846252555991041,0.17453661933541298,1.4786877394636015,0.04764959210676223,0.03081293345314818
c1697c40ebe6add96a7be6a0fa4367d514da06894a527e18c07045ef32c13d13,Houston,ssp245,mid_2050s,2056,perimeter_mid_zn_1,perimeter,middle,south,24.929180053602742,27.05403950080473,25.991609777203738,28.411134499535596,2.124859447201982,50.461179005676584,0.12679449757748423,0.3101632185280323,17.379070881226053,0.10070795068363222,0.026086546893852005
c1697c40ebe6add96a7be6a0fa4367d514da06894a527e18c07045ef32c13d13,Houston,ssp245,mid_2050s,2056,perimeter_mid_zn_2,perimeter,middle,east,24.35805112583063,26.632970664032655,25.49551089493164,27.90171638874819,2.274919538202023,52.18122007799899,0.0928052047353864,0.25947653129696846,7.3036398467432955,0.06340025965493687,0.029404945080449548
c1697c40ebe6add96a7be6a0fa4367d514da06894a527e18c07045ef32c13d13,Houston,ssp245,mid_2050s,2056,perimeter_mid_zn_3,perimeter,middle,north,24.697610238527357,26.37987355991771,25.538741899222533,27.983353417793094,1.682263321390351,51.71063435311472,0.09791695640782132,0.25947653129696846,9.08764367816092,0.06931444297518342,0.028602513432637894
c1697c40ebe6add96a7be6a0fa4367d514da06894a527e18c07045ef32c13d13,Houston,ssp245,mid_2050s,2056,perimeter_mid_zn_4,perimeter,middle,west,24.245531648412484,26.57701186271946,25.411271755565974,27.42810326507359,2.331480214306972,52.73291541139888,0.08597275399112254,0.20238397270441055,5.052681992337165,0.05590405230887878,0.03006870168224376
c1697c40ebe6add96a7be6a0fa4367d514da06894a527e18c07045ef32c13d13,Houston,ssp245,mid_2050s,2056,perimeter_top_zn_1,perimeter,top,south,24.658343808260998,26.901329602228788,25.779836705244893,28.27409786305803,2.242985793967789,50.50387538972459,0.11254265552574089,0.30947739630937576,12.583812260536398,0.08497957179185237,0.02756308373388851
c1697c40ebe6add96a7be6a0fa4367d514da06894a527e18c07045ef32c13d13,Houston,ssp245,mid_2050s,2056,perimeter_top_zn_2,perimeter,top,east,24.298926283627107,26.602416029426287,25.4506711565267,27.84557585845693,2.3034897457991823,51.966978900386785,0.09192407719827009,0.25947653129696846,7.040229885057471,0.0620203710698511,0.029903706128418982
c1697c40ebe6add96a7be6a0fa4367d514da06894a527e18c07045ef32c13d13,Houston,ssp245,mid_2050s,2056,perimeter_top_zn_3,perimeter,top,north,24.498420258721016,26.27515872757094,25.386789493145976,27.90664425292045,1.7767384688499244,51.61486065117099,0.09190418441737036,0.25947653129696846,7.423371647509579,0.06192116417102043,0.029983020246349933
c1697c40ebe6add96a7be6a0fa4367d514da06894a527e18c07045ef32c13d13,Houston,ssp245,mid_2050s,2056,perimeter_top_zn_4,perimeter,top,west,24.16682963440982,26.525054586636365,25.34594211052309,27.41182018097901,2.3582249522265415,52.392523898048715,0.08526085383627631,0.2030697949230671,5.280172413793103,0.05468288213319022,0.030577971703086095
c300d09204ecbaf191b6772309ac6fb939da35572eed2f7060c8876d5e1b4b0b,Houston,ssp245,late_2080s,2086,core_bottom,core,bottom,core,24.445537926277485,26.345002513223108,25.3952702197503,27.20170709766153,1.8994645869456204,48.341450941327295,0.08588059581033404,0.1872413046658039,2.885536398467433,0.057111896669168306,0.028768699141165734
c300d09204ecbaf191b6772309ac6fb939da35572eed2f7060c8876d5e1b4b0b,Houston,ssp245,late_2080s,2086,core_mid,core,middle,core,24.69928464155126,26.065133390538787,25.382209016045017,27.77042102712881,1.365848748987524,49.68740727411051,0.09130337579439046,0.25947653129696846,8.06992337164751,0.0627640689209918,0.028539306873398663
c300d09204ecbaf191b6772309ac6fb939da35572eed2f7060c8876d5e1b4b0b,Houston,ssp245,late_2080s,2086,core_top,core,top,core,24.479097127566252,25.93365850799979,25.206377817783025,27.689364284556575,1.4545613804335398,49.57179466653052,0.08526022818974155,0.25947653129696846,6.698994252873564,0.055061472837310964,0.030198755352430592
c300d09204ecbaf191b6772309ac6fb939da35572eed2f7060c8876d5e1b4b0b,Houston,ssp245,late_2080s,2086,perimeter_bot_zn_1,perimeter,bottom,south,24.804354522409422,26.68777958016201,25.746067051285717,28.9107137653526,1.8834250577525913,52.179017804425825,0.12113402320477222,0.3059431053698063,18.546455938697317,0.09418382977131688,0.026950193433455345
c300d09204ecbaf191b6772309ac6fb939da35572eed2f7060c8876d5e1b4b0b,Houston,ssp245,late_2080s,2086,perimeter_bot_zn_2,perimeter,bottom,east,24.334729891918094,26.29198786197824,25.313358876948165,27.961491998118095,1.9572579700601458,50.43362251275977,0.0917112312992574,0.25947653129696846,7.507183908045977,0.061530907030480066,0.03018032426877733
c300d09204ecbaf191b6772309ac6fb939da35572eed2f7060c8876d5e1b4b0b,Houston,ssp245,late_2080s,2086,perimeter_bot_zn_3,perimeter,bottom,north,24.48008955971414,25.846301755257656,25.1631956574859,27.674303547705822,1.366212195543514,50.465434804284286,0.08691544669808086,0.2030697949230671,5.711206896551724,0.056144918417812315,0.030770528280268553
c300d09204ecbaf191b6772309ac6fb939da35572eed2f7060c8876d5e1b4b0b,Houston,ssp245,late_2080s,2086,perimeter_bot_zn_4,perimeter,bottom,west,24.200284772992966,26.21963835197108,25.20996156248202,27.296889609062326,2.019353578978116,50.76728187434925,0.08242371092799455,0.18748648837208748,4.058908045977012,0.051556233916689474,0.030867477011305086
c300d09204ecbaf191b6772309ac6fb939da35572eed2f7060c8876d5e1b4b0b,Houston,ssp245,late_2080s,2086,perimeter_mid_zn_1,perimeter,middle,south,24.876986205639938,26.874347014740135,25.87566661019003,28.743751633093588,1.9973608091001993,49.13735531863154,0.12316198491490987,0.3624461127910763,16.24161877394636,0.09714025838139567,0.026021726533514204
c300d09204ecbaf191b6772309ac6fb939da35572eed2f7060c8876d5e1b4b0b,Houston,ssp245,late_2080s,2086,perimeter_mid_zn_2,perimeter,middle,east,24.361582487094594,26.493697686734336,25.42764008691447,28.252756626865,2.1321151996397414,50.82691319143794,0.09740690008897274,0.29288436844944954,10.141283524904214,0.06813059183212498,0.029276308256847752
c300d09204ecbaf191b6772309ac6fb939da35572eed2f7060c8876d5e1b4b0b,Houston,ssp245,late_2080s,2086,perimeter_mid_zn_3,perimeter,middle,north,24.686140767271542,26.241986062482038,25.46406341487679,28.3013786030495,1.5558452952105,50.383188626374846,0.10358522081369859,0.29288436844944954,11.709770114942529,0.07465492473729891,0.028930296076399672
c300d09204ecbaf191b6772309ac6fb939da35572eed2f7060c8876d5e1b4b0b,Houston,ssp245,late_2080s,2086,perimeter_mid_zn_4,perimeter,middle,west,24.23711886198737,26.431012604271263,25.33406573312931,27.65997729131019,2.193893742283894,51.425607258896065,0.08906405606507582,0.25947653129696846,6.908524904214559,0.05918439398817424,0.029879662076901587
c300d09204ecbaf191b6772309ac6fb939da35572eed2f7060c8876d5e1b4b0b,Houston,ssp245,late_2080s,2086,perimeter_top_zn_1,perimeter,top,south,24.61041441823403,26.700763006418722,25.655588712326377,28.528809725649932,2.0903485881846895,49.248841148898066,0.11171783647293464,0.3101632185280323,13.128591954022989,0.08389446661314504,0.027823369859789598
c300d09204ecbaf191b6772309ac6fb939da35572eed2f7060c8876d5e1b4b0b,Houston,ssp245,late_2080s,2086,perimeter_top_zn_2,perimeter,top,east,24.27914426674521,26.42418026605249,25.35166226639885,28.21554376599806,2.1450359993072823,50.79763104059727,0.0960519429599643,0.27900369837880135,9.770114942528735,0.06576147559422275,0.03029046736574155
c300d09204ecbaf191b6772309ac6fb939da35572eed2f7060c8876d5e1b4b0b,Houston,ssp245,late_2080s,2086,perimeter_top_zn_3,perimeter,top,north,24.46663205692277,26.100250562008224,25.2834413094655,28.20456735368282,1.6336185050854595,50.41170329062465,0.09689315544403207,0.27900369837880135,9.279214559386974,0.06623440489089973,0.030658750553132334
c300d09204ecbaf191b6772309ac6fb939da35572eed2f7060c8876d5e1b4b0b,Houston,ssp245,late_2080s,2086,perimeter_top_zn_4,perimeter,top,west,24.127205477173042,26.33643354736313,25.231819512268086,27.59696055028424,2.2092280701900857,51.23767654782337,0.08778716422262782,0.25947653129696846,6.734913793103449,0.0568028458254055,0.030984318397222314
c59e593170b885590963a450393a139e37ee43e6f4c93fc2d80ce81b9c7b56b4,Houston,ssp245,near_2030s,2038,core_bottom,core,bottom,core,24.488770283682094,26.46283396395134,25.475802123816717,27.252389370183423,1.9740636802692473,49.929869331128366,0.08835089261658308,0.18748648837208748,3.065134099616858,0.05851831114161813,0.029832581474964946
c59e593170b885590963a450393a139e37ee43e6f4c93fc2d80ce81b9c7b56b4,Houston,ssp245,near_2030s,2038,core_mid,core,middle,core,24.763741105532823,26.215487056916157,25.489614081224488,27.87559104817204,1.4517459513833344,51.16884400091274,0.09371620166990864,0.25947653129696846,8.28544061302682,0.06472200215556632,0.028994199514342317
c59e593170b885590963a450393a139e37ee43e6f4c93fc2d80ce81b9c7b56b4,Houston,ssp245,near_2030s,2038,core_top,core,top,core,24.558270810311438,26.124011490997287,25.341141150654362,27.70337098833923,1.5657406806858492,51.009664645316036,0.08659294816194561,0.25947653129696846,6.2859195402298855,0.05654899448547084,0.030043953676474767
c59e593170b885590963a450393a139e37ee43e6f4c93fc2d80ce81b9c7b56b4,Houston,ssp245,near_2030s,2038,perimeter_bot_zn_1,perimeter,bottom,south,25.05024203978116,27.061434653284874,26.05583834653302,28.902627355362302,2.0111926135037095,53.66485215651524,0.13362834098339849,0.3105360884219408,22.270114942528735,0.10770109141773145,0.025927249565667033
c59e593170b885590963a450393a139e37ee43e6f4c93fc2d80ce81b9c7b56b4,Houston,ssp245,near_2030s,2038,perimeter_bot_zn_2,perimeter,bottom,east,24.453637463914408,26.5751938171548,25.514415640534605,28.091131385859644,2.121556353240388,51.563458703797764,0.09593676559567288,0.25947653129696846,8.195641762452107,0.06642159544109007,0.02951517015458281
c59e593170b885590963a450393a139e37ee43e6f4c93fc2d80ce81b9c7b56b4,Houston,ssp245,near_2030s,2038,perimeter_bot_zn_3,perimeter,bottom,north,24.625654130239756,26.124385704762133,25.375019917500943,27.69205379848721,1.4987315745223777,51.57365824930005,0.0900235145785547,0.2030697949230671,5.783045977011494,0.060416436921541986,0.029607077657012714
c59e593170b885590963a450393a139e37ee43e6f4c93fc2d80ce81b9c7b56b4,Houston,ssp245,near_2030s,2038,perimeter_bot_zn_4,perimeter,bottom,west,24.294364699347675,26.488022167003464,25.39119343317557,27.383211653156163,2.1936574676557865,51.97782121411171,0.08501383774998371,0.18785935826599598,3.9691091954022992,0.05482843089399376,0.030185406855989954
c59e593170b885590963a450393a139e37ee43e6f4c93fc2d80ce81b9c7b56b4,Houston,ssp245,near_2030s,2038,perimeter_mid_zn_1,perimeter,middle,south,25.06020764335122,27.199876629580523,26.130042136465875,28.847983757388743,2.1396689862293012,50.40604379200731,0.13755912294065945,0.36701315734535456,21.599616858237546,0.11223103623205868,0.025328086708600758
c59e593170b885590963a450393a139e37ee43e6f4c93fc2d80ce81b9c7b56b4,Houston,ssp245,near_2030s,2038,perimeter_mid_zn_2,perimeter,middle,east,24.45741432534409,26.75317064751793,25.605292486431004,28.44002347275299,2.2957563221738395,52.205643851913685,0.1017680393178268,0.2975656820926815,11.159003831417625,0.07274211232949199,0.029025926988334814
c59e593170b885590963a450393a139e37ee43e6f4c93fc2d80ce81b9c7b56b4,Houston,ssp245,near_2030s,2038,perimeter_mid_zn_3,perimeter,middle,north,24.810866614710527,26.498839268410737,25.654852941560627,28.384349023536004,1.6879726537002073,51.689479610115555,0.10772674198222139,0.29288436844944954,12.661637931034484,0.07956442529505335,0.02816231668716804
c59e593170b885590963a450393a139e37ee43e6f4c93fc2d80ce81b9c7b56b4,Houston,ssp245,near_2030s,2038,perimeter_mid_zn_4,perimeter,middle,west,24.32176992860577,26.683681667077455,25.502725797841613,27.78205057130334,2.361911738471683,52.83161208246636,0.09234318723424291,0.25947653129696846,7.908285440613026,0.06276769084435302,0.02957549638988988
c59e593170b885590963a450393a139e37ee43e6f4c93fc2d80ce81b9c7b56b4,Houston,ssp245,near_2030s,2038,perimeter_top_zn_1,perimeter,top,south,24.778805133691925,27.04246333222285,25.91063423295739,28.60968855684497,2.2636581985309276,50.57878503874833,0.1224149929297835,0.31266534328460693,16.780411877394634,0.09563201094746288,0.026782981982320625
c59e593170b885590963a450393a139e37ee43e6f4c93fc2d80ce81b9c7b56b4,Houston,ssp245,near_2030s,2038,perimeter_top_zn_2,perimeter,top,east,24.395793097047456,26.721698493020345,25.5587457950339,28.389526808406796,2.3259053959728884,52.109087614896666,0.1013020803205377,0.29288436844944954,10.79382183908046,0.07171476129384469,0.029587319026693013
c59e593170b885590963a450393a139e37ee43e6f4c93fc2d80ce81b9c7b56b4,Houston,ssp245,near_2030s,2038,perimeter_top_zn_3,perimeter,top,north,24.60747194935931,26.39319875643659,25.50033535289795,28.28073024965991,1.7857268070772705,51.71244827194215,0.10048013964569343,0.27900369837880135,10.476532567049809,0.07103905263781714,0.029441087007876288
c59e593170b885590963a450393a139e37ee43e6f4c93fc2d80ce81b9c7b56b4,Houston,ssp245,near_2030s,2038,perimeter_top_zn_4,perimeter,top,west,24.22958808104434,26.62448813198142,25.427038106512875,27.71759755436963,2.394900050937073,52.632837777420534,0.09048316479236056,0.25947653129696846,7.333572796934866,0.06027019658615238,0.03021296820620818
c5e97e6e258a40a7187b103c653cfa17e1234e7e2c2a7b83dc51f6c16c63855d,Houston,ssp585,near_2030s,2038,core_bottom,core,bottom,core,24.43117386840734,26.24883185817093,25.340002863289133,27.123752504345912,1.8176579897635956,46.23120759808237,0.08469180685480954,0.1872413046658039,2.071360153256705,0.05805778340403066,0.026634023450778876
c5e97e6e258a40a7187b103c653cfa17e1234e7e2c2a7b83dc51f6c16c63855d,Houston,ssp585,near_2030s,2038,core_mid,core,middle,core,24.662676036300148,25.933081040759966,25.297878538530057,27.705287065321766,1.2704050044598207,47.698740437653065,0.09025297107949311,0.2587907090783119,6.597222222222222,0.06314505186374389,0.02710791921574922
c5e97e6e258a40a7187b103c653cfa17e1234e7e2c2a7b83dc51f6c16c63855d,Houston,ssp585,near_2030s,2038,core_top,core,top,core,24.400783326354063,25.740309218983636,25.070546272668853,27.569060459456328,1.3395258926295748,47.6787936593223,0.08339010554816756,0.2030697949230671,5.37595785440613,0.0538234878565034,0.029566617691664156
c5e97e6e258a40a7187b103c653cfa17e1234e7e2c2a7b83dc51f6c16c63855d,Houston,ssp585,near_2030s,2038,perimeter_bot_zn_1,perimeter,bottom,south,24.60802079823746,26.403410926037502,25.505715862137478,28.943466627932743,1.7953901278000435,50.15590124650369,0.12248213913371589,0.3101632185280323,19.588122605363985,0.09505044480156148,0.027431694332154408
c5e97e6e258a40a7187b103c653cfa17e1234e7e2c2a7b83dc51f6c16c63855d,Houston,ssp585,near_2030s,2038,perimeter_bot_zn_2,perimeter,bottom,east,24.226877417796064,26.039964390487842,25.133420904141957,27.926601454846633,1.813086972691772,48.85517584306531,0.09169982775003023,0.25947653129696846,7.255747126436781,0.061084855369727534,0.030614972380302703
c5e97e6e258a40a7187b103c653cfa17e1234e7e2c2a7b83dc51f6c16c63855d,Houston,ssp585,near_2030s,2038,perimeter_bot_zn_3,perimeter,bottom,north,24.344960053331224,25.585279585019144,24.965119819175186,27.609438875244386,1.2403195316879208,48.81190131703989,0.08734277323219779,0.19928847439587116,4.998802681992337,0.055567274204971824,0.03177549902722596
c5e97e6e258a40a7187b103c653cfa17e1234e7e2c2a7b83dc51f6c16c63855d,Houston,ssp585,near_2030s,2038,perimeter_bot_zn_4,perimeter,bottom,west,24.084902792960232,25.965199378006275,25.025051085483256,27.27217134539501,1.880296585046037,49.15539777981876,0.08125732248377811,0.18748648837208748,3.0471743295019156,0.05018577248875455,0.031071549995023564
c5e97e6e258a40a7187b103c653cfa17e1234e7e2c2a7b83dc51f6c16c63855d,Houston,ssp585,near_2030s,2038,perimeter_mid_zn_1,perimeter,middle,south,24.77577985068556,26.65149413395243,25.713636992318996,28.77579749820986,1.8757142832668672,47.171380777961325,0.12200098269249618,0.3624461127910763,16.469109195402297,0.0964392548142861,0.025561727878210087
c5e97e6e258a40a7187b103c653cfa17e1234e7e2c2a7b83dc51f6c16c63855d,Houston,ssp585,near_2030s,2038,perimeter_mid_zn_2,perimeter,middle,east,24.25444724784353,26.257453243498787,25.25595024567116,28.217079755466195,2.0030059956552626,48.99479779373847,0.09630249932905273,0.27900369837880135,9.698275862068966,0.0673083854791034,0.028994113849949335
c5e97e6e258a40a7187b103c653cfa17e1234e7e2c2a7b83dc51f6c16c63855d,Houston,ssp585,near_2030s,2038,perimeter_mid_zn_3,perimeter,middle,north,24.554317068466293,25.994684807341734,25.274500937904016,28.214219633366366,1.4403677388754395,48.59249790979122,0.10128112603299533,0.27721617571077173,11.188936781609195,0.07230813144657126,0.02897299458642407
c5e97e6e258a40a7187b103c653cfa17e1234e7e2c2a7b83dc51f6c16c63855d,Houston,ssp585,near_2030s,2038,perimeter_mid_zn_4,perimeter,middle,west,24.12120664201828,26.190319360148305,25.15576300108329,27.58071597767507,2.069112718130023,49.591802314851385,0.08731181864653802,0.2034426648169756,6.17816091954023,0.0575526808616567,0.029759137784881328
c5e97e6e258a40a7187b103c653cfa17e1234e7e2c2a7b83dc51f6c16c63855d,Houston,ssp585,near_2030s,2038,perimeter_top_zn_1,perimeter,top,south,24.50229125028798,26.44142801036409,25.471859630326037,28.554320883734942,1.939136760076112,47.26489857182834,0.11080794904095127,0.3101632185280323,13.254310344827585,0.08313767003582147,0.027670279005129816
c5e97e6e258a40a7187b103c653cfa17e1234e7e2c2a7b83dc51f6c16c63855d,Houston,ssp585,near_2030s,2038,perimeter_top_zn_2,perimeter,top,east,24.152499926123436,26.142128932818025,25.147314429470732,28.156959905664802,1.9896290066945885,49.03629006282475,0.09531374773957824,0.25984940119087696,9.386973180076629,0.06444548841275255,0.03086825932682569
c5e97e6e258a40a7187b103c653cfa17e1234e7e2c2a7b83dc51f6c16c63855d,Houston,ssp585,near_2030s,2038,perimeter_top_zn_3,perimeter,top,north,24.304449421361713,25.80148092337648,25.052965172369095,28.136575967632048,1.497031502014767,48.61985751919732,0.0950142304959052,0.25947653129696846,8.824233716475096,0.06349825299752188,0.03151597749838332
c5e97e6e258a40a7187b103c653cfa17e1234e7e2c2a7b83dc51f6c16c63855d,Houston,ssp585,near_2030s,2038,perimeter_top_zn_4,perimeter,top,west,23.98679348873035,26.04887884532951,25.017836167029927,27.524515285356934,2.062085356599161,49.39864704332383,0.08640036952950966,0.2030697949230671,6.010536398467433,0.05480867237675805,0.03159169715275161
c7eb6c73ac06467c37f16178af8ece5ea488092e59ce146fc785d8246f150c58,Guangzhou,ssp585,near_2030s,2039,core_bottom,core,bottom,core,24.398454379451433,26.321316844317455,25.359885611884444,26.90716030576964,1.9228624648660222,47.85762019842227,0.08180782233033253,0.15076221898198128,1.2033045977011494,0.05211414330526544,0.029693679025067084
c7eb6c73ac06467c37f16178af8ece5ea488092e59ce146fc785d8246f150c58,Guangzhou,ssp585,near_2030s,2039,core_mid,core,middle,core,24.6200700831929,26.032218409593074,25.326144246392985,27.5605370902745,1.4121483264001717,49.4519102341572,0.08514034694252033,0.2030697949230671,5.681273946360153,0.055409687364545754,0.029730659577974574
c7eb6c73ac06467c37f16178af8ece5ea488092e59ce146fc785d8246f150c58,Guangzhou,ssp585,near_2030s,2039,core_top,core,top,core,24.413658837984656,25.91938100854616,25.16651992326541,27.48963083123006,1.5057221705615096,49.00401771900702,0.08066458026208367,0.19891560450196266,4.962883141762452,0.04951176500988061,0.03115281525220306
c7eb6c73ac06467c37f16178af8ece5ea488092e59ce146fc785d8246f150c58,Guangzhou,ssp585,near_2030s,2039,perimeter_bot_zn_1,perimeter,bottom,south,24.872952457047738,26.627969768492292,25.75046111277001,28.273627887958565,1.7550173114445549,52.72903477661388,0.12035480845634607,0.29288436844944954,18.7080938697318,0.09337059450838706,0.026984213947959003
c7eb6c73ac06467c37f16178af8ece5ea488092e59ce146fc785d8246f150c58,Guangzhou,ssp585,near_2030s,2039,perimeter_bot_zn_2,perimeter,bottom,east,24.139605478175103,26.02084167669547,25.080223577435287,26.791462615906234,1.8812361985203634,50.44464966256644,0.07449115467769847,0.12454070150852203,1.5924329501915708,0.04235777421508759,0.03213338046261088
c7eb6c73ac06467c37f16178af8ece5ea488092e59ce146fc785d8246f150c58,Guangzhou,ssp585,near_2030s,2039,perimeter_bot_zn_3,perimeter,bottom,north,24.4573058405226,25.97357626316342,25.21544105184301,27.40097708435814,1.5162704226408168,49.53412682356237,0.08366236848129098,0.18748648837208748,3.4542624521072796,0.05295003231012011,0.03071233617117088
c7eb6c73ac06467c37f16178af8ece5ea488092e59ce146fc785d8246f150c58,Guangzhou,ssp585,near_2030s,2039,perimeter_bot_zn_4,perimeter,bottom,west,24.120555051777487,26.127267472627246,25.123911262202363,26.64603132388331,2.0067124208497615,50.29384575810428,0.07436734456932476,0.1220385767519474,0.9578544061302682,0.04259955272514737,0.031767791844177384
c7eb6c73ac06467c37f16178af8ece5ea488092e59ce146fc785d8246f150c58,Guangzhou,ssp585,near_2030s,2039,perimeter_mid_zn_1,perimeter,middle,south,24.91932723374818,26.81759775420692,25.86846249397755,28.44312332381992,1.8982705204587373,48.71475512748718,0.11717976612228531,0.3021327266469598,14.11637931034483,0.0909579327552788,0.026221833367006505
c7eb6c73ac06467c37f16178af8ece5ea488092e59ce146fc785d8246f150c58,Guangzhou,ssp585,near_2030s,2039,perimeter_mid_zn_2,perimeter,middle,east,24.189008832220544,26.27515763282636,25.23208323252345,27.159672852787764,2.0861488006058213,50.90180045015933,0.08140679016025276,0.19219142571091652,4.603687739463601,0.05063075622247302,0.030776033937779744
c7eb6c73ac06467c37f16178af8ece5ea488092e59ce146fc785d8246f150c58,Guangzhou,ssp585,near_2030s,2039,perimeter_mid_zn_3,perimeter,middle,north,24.62652006844537,26.323127566277343,25.474823817361354,28.077681431854632,1.6966074978319787,49.830923512372706,0.09762800570028592,0.25984940119087696,9.141522988505747,0.06871778388856464,0.028910221811721277
c7eb6c73ac06467c37f16178af8ece5ea488092e59ce146fc785d8246f150c58,Guangzhou,ssp585,near_2030s,2039,perimeter_mid_zn_4,perimeter,middle,west,24.16277446945536,26.360628552144753,25.261701510800055,26.946532718084523,2.197854082689394,51.090389414701825,0.08081960486149116,0.1872413046658039,3.675766283524904,0.050280613677812135,0.030538991183679018
c7eb6c73ac06467c37f16178af8ece5ea488092e59ce146fc785d8246f150c58,Guangzhou,ssp585,near_2030s,2039,perimeter_top_zn_1,perimeter,top,south,24.620361908532388,26.63862538088018,25.629493644706283,28.250191648407316,2.0182634723477895,48.575241079538735,0.10473119077941823,0.292198546230793,10.452586206896552,0.07678326944039128,0.027947921339026943
c7eb6c73ac06467c37f16178af8ece5ea488092e59ce146fc785d8246f150c58,Guangzhou,ssp585,near_2030s,2039,perimeter_top_zn_2,perimeter,top,east,24.14842714982091,26.24280990067648,25.195618525248694,27.26344604663614,2.094382750855565,50.427351040974195,0.08172565249343032,0.2030697949230671,5.118534482758621,0.05047389273946548,0.03125175975396483
c7eb6c73ac06467c37f16178af8ece5ea488092e59ce146fc785d8246f150c58,Guangzhou,ssp585,near_2030s,2039,perimeter_top_zn_3,perimeter,top,north,24.426519416299247,26.202167203856547,25.314343310077895,27.990339558770046,1.7756477875573011,49.514763865945504,0.09166420032339388,0.25947653129696846,7.638888888888889,0.06136714728523253,0.030297053038161353
c7eb6c73ac06467c37f16178af8ece5ea488092e59ce146fc785d8246f150c58,Guangzhou,ssp585,near_2030s,2039,perimeter_top_zn_4,perimeter,top,west,24.092946256839326,26.301324818341982,25.19713553759065,26.94809879244288,2.2083785615026605,50.487980500485726,0.08017414506258351,0.1872413046658039,3.849377394636015,0.04905986785844068,0.031114277204142823
c872d0260a9bd4ca16a799445ce3fccd15ac9dc280d7eef3ba658f4b6338a5b8,Kolkata,ssp585,late_2080s,2080,core_bottom,core,bottom,core,25.603812693515327,27.676602661727905,26.64020767762162,29.22129131946159,2.072789968212581,54.86899411535529,0.16576553921133166,0.3750436492264271,32.90828544061303,0.14332589404196952,0.022439645169362143
c872d0260a9bd4ca16a799445ce3fccd15ac9dc280d7eef3ba658f4b6338a5b8,Kolkata,ssp585,late_2080s,2080,core_mid,core,middle,core,26.187481243730765,27.65097551729664,26.9192283805137,29.69383974752202,1.4634942735658782,56.09910483763113,0.18669242553865473,0.3811948134098202,43.06154214559387,0.16601392083630273,0.02067850470235199
c872d0260a9bd4ca16a799445ce3fccd15ac9dc280d7eef3ba658f4b6338a5b8,Kolkata,ssp585,late_2080s,2080,core_top,core,top,core,25.79803070096686,27.540704447437424,26.669367574202145,29.69433721302779,1.742673746470567,55.600236461373534,0.16990458967753316,0.3750436492264271,37.79334291187739,0.14751092032676605,0.022393669350767108
c872d0260a9bd4ca16a799445ce3fccd15ac9dc280d7eef3ba658f4b6338a5b8,Kolkata,ssp585,late_2080s,2080,perimeter_bot_zn_1,perimeter,bottom,south,27.29692130672826,29.063996185029403,28.180458745878834,31.509920925533827,1.7670748783011427,58.892071728661705,0.26338014959391576,0.5213557963725179,67.10967432950191,0.24880466674054416,0.014575482853371614
c872d0260a9bd4ca16a799445ce3fccd15ac9dc280d7eef3ba658f4b6338a5b8,Kolkata,ssp585,late_2080s,2080,perimeter_bot_zn_2,perimeter,bottom,east,25.309356194299514,27.78753721181867,26.548446703059092,29.467007758701016,2.47818101751916,56.532510966241205,0.1586081540202334,0.3750436492264271,33.004070881226056,0.13604796102977004,0.022560192990463347
c872d0260a9bd4ca16a799445ce3fccd15ac9dc280d7eef3ba658f4b6338a5b8,Kolkata,ssp585,late_2080s,2080,perimeter_bot_zn_3,perimeter,bottom,north,26.022985416269243,27.85107788913743,26.937031652703336,29.912145682759764,1.8280924728681829,54.62852634566783,0.18906024540320127,0.42446175310760736,39.888649425287355,0.16844289885522526,0.02061734654797599
c872d0260a9bd4ca16a799445ce3fccd15ac9dc280d7eef3ba658f4b6338a5b8,Kolkata,ssp585,late_2080s,2080,perimeter_bot_zn_4,perimeter,bottom,west,25.059633736591927,27.602979899876427,26.33130681823418,29.152917040905837,2.5433461632845034,57.32315480237486,0.14131507130462792,0.36701315734535456,28.334530651340994,0.11739640440955763,0.023918666895070283
c872d0260a9bd4ca16a799445ce3fccd15ac9dc280d7eef3ba658f4b6338a5b8,Kolkata,ssp585,late_2080s,2080,perimeter_mid_zn_1,perimeter,middle,south,27.027068344614044,29.09022168413903,28.058645014376534,31.562447931455633,2.0631533395249892,53.63459945583757,0.25912522427084883,0.5213801695499569,62.60775862068966,0.24333171136859025,0.01579351290225859
c872d0260a9bd4ca16a799445ce3fccd15ac9dc280d7eef3ba658f4b6338a5b8,Kolkata,ssp585,late_2080s,2080,perimeter_mid_zn_2,perimeter,middle,east,25.418098999302217,28.082770896775898,26.75043494803906,30.100155522451228,2.664671897473687,58.100789784571546,0.16574235673071033,0.37082353606820107,37.40421455938697,0.14402156773372776,0.021720788996982574
c872d0260a9bd4ca16a799445ce3fccd15ac9dc280d7eef3ba658f4b6338a5b8,Kolkata,ssp585,late_2080s,2080,perimeter_mid_zn_3,perimeter,middle,north,26.335902051989958,28.29454067881057,27.315221365400266,30.77833305155263,1.958638626820609,55.61692050547343,0.20077262282201694,0.38957223668694496,47.47365900383142,0.18184767623597684,0.0189249465860401
c872d0260a9bd4ca16a799445ce3fccd15ac9dc280d7eef3ba658f4b6338a5b8,Kolkata,ssp585,late_2080s,2080,perimeter_mid_zn_4,perimeter,middle,west,25.2040211510801,27.93457888336686,26.569300017223483,29.801008496979144,2.7305577322867647,58.97822815091595,0.14980326681273523,0.36548264790326357,32.8544061302682,0.1273112674434986,0.02249199936923663
c872d0260a9bd4ca16a799445ce3fccd15ac9dc280d7eef3ba658f4b6338a5b8,Kolkata,ssp585,late_2080s,2080,perimeter_top_zn_1,perimeter,top,south,26.531570315997634,28.87870754543033,27.705138930713982,31.43557310522434,2.3471372294326973,53.50276972493132,0.23499182993684678,0.4506448341999203,55.85488505747126,0.217460492259693,0.017531337677153792
c872d0260a9bd4ca16a799445ce3fccd15ac9dc280d7eef3ba658f4b6338a5b8,Kolkata,ssp585,late_2080s,2080,perimeter_top_zn_2,perimeter,top,east,25.329854537393185,28.087496349973854,26.708675443683518,30.233703609688863,2.75764181258067,57.149023546592765,0.16162776441881854,0.37082353606820107,35.84171455938697,0.13949470669158262,0.02213305772723591
c872d0260a9bd4ca16a799445ce3fccd15ac9dc280d7eef3ba658f4b6338a5b8,Kolkata,ssp585,late_2080s,2080,perimeter_top_zn_3,perimeter,top,north,25.977486991667107,28.16235834793055,27.069922669798828,30.71633608134628,2.1848713562634465,55.22023121723788,0.18632475905634374,0.38576185796409845,42.367097701149426,0.1658808819633945,0.020443877092949217
c872d0260a9bd4ca16a799445ce3fccd15ac9dc280d7eef3ba658f4b6338a5b8,Kolkata,ssp585,late_2080s,2080,perimeter_top_zn_4,perimeter,top,west,25.000663419885267,27.864829926000258,26.432746672942763,29.76926958569471,2.864166506114989,58.23997717142694,0.13933347022430795,0.3624461127910763,28.51412835249042,0.11591299887967584,0.02342047134463212
c87dac4945f87f74a748fe0edf61b966f519325ccb7a39f4d4886d952af9b744,Guangzhou,ssp245,near_2030s,2034,core_bottom,core,bottom,core,24.39171027158581,26.324649882150066,25.35818007686794,26.950544216445124,1.9329396105642564,48.5269549095486,0.08252389464986562,0.1872413046658039,1.5924329501915708,0.05193580263373451,0.030588092016131115
c87dac4945f87f74a748fe0edf61b966f519325ccb7a39f4d4886d952af9b744,Guangzhou,ssp245,near_2030s,2034,core_mid,core,middle,core,24.602386711565348,26.031751628634233,25.317069170099792,27.525862766566938,1.4293649170688898,49.93912422778801,0.0844011665103329,0.2030697949230671,5.63338122605364,0.05411242339287267,0.030288743117460232
c87dac4945f87f74a748fe0edf61b966f519325ccb7a39f4d4886d952af9b744,Guangzhou,ssp245,near_2030s,2034,core_top,core,top,core,24.42113112042011,25.94023317581324,25.180682148116674,27.548997049986625,1.5191020553931327,49.4046396575675,0.08035323677026539,0.2030697949230671,5.094588122605364,0.04898005981483119,0.0313731769554342
c87dac4945f87f74a748fe0edf61b966f519325ccb7a39f4d4886d952af9b744,Guangzhou,ssp245,near_2030s,2034,perimeter_bot_zn_1,perimeter,bottom,south,24.891708672264077,26.640543835276524,25.766126253770295,28.493333958273453,1.748835163012447,53.50951728373968,0.11946916491015354,0.3006022172048688,18.456657088122604,0.09180100690604677,0.027668158004106776
c87dac4945f87f74a748fe0edf61b966f519325ccb7a39f4d4886d952af9b744,Guangzhou,ssp245,near_2030s,2034,perimeter_bot_zn_2,perimeter,bottom,east,24.187859418711668,26.052223905040133,25.120041661875902,26.946677539781138,1.8643644863284619,50.979599361719025,0.07543851730153472,0.15262645278125683,2.101293103448276,0.0435961946506402,0.03184232265089453
c87dac4945f87f74a748fe0edf61b966f519325ccb7a39f4d4886d952af9b744,Guangzhou,ssp245,near_2030s,2034,perimeter_bot_zn_3,perimeter,bottom,north,24.486370001246506,25.998090603005434,25.242230302125968,27.51534165292621,1.5117206017589269,50.13016641446834,0.08447969953896513,0.1899886131286621,3.9930555555555554,0.05377316076593506,0.03070653877303007
c87dac4945f87f74a748fe0edf61b966f519325ccb7a39f4d4886d952af9b744,Guangzhou,ssp245,near_2030s,2034,perimeter_bot_zn_4,perimeter,bottom,west,24.165349934371225,26.155483667887808,25.160416801129518,26.78966225094825,1.9901337335165823,50.840871420934036,0.07569167466558036,0.12454070150852203,1.658285440613027,0.043984778503190644,0.03170689616238971
c87dac4945f87f74a748fe0edf61b966f519325ccb7a39f4d4886d952af9b744,Guangzhou,ssp245,near_2030s,2034,perimeter_mid_zn_1,perimeter,middle,south,24.900350609655735,26.812138397904686,25.856244503780207,28.57634902809273,1.9117877882489485,49.25056551987689,0.11704176560844254,0.3101632185280323,14.34985632183908,0.08996468988437673,0.027077075724065806
c87dac4945f87f74a748fe0edf61b966f519325ccb7a39f4d4886d952af9b744,Guangzhou,ssp245,near_2030s,2034,perimeter_mid_zn_2,perimeter,middle,east,24.220825480335932,26.29626027900937,25.258542879672653,27.1574737130244,2.075434798673439,51.28644147225014,0.08214051390453511,0.19891560450196266,4.765325670498084,0.050968496690029674,0.031172017214505444
c87dac4945f87f74a748fe0edf61b966f519325ccb7a39f4d4886d952af9b744,Guangzhou,ssp245,near_2030s,2034,perimeter_mid_zn_3,perimeter,middle,north,24.623589066987197,26.32877059061389,25.476179828800547,28.155534391015845,1.7051815236266952,50.31045041644261,0.0973134401343814,0.25947653129696846,9.297174329501916,0.06785713717871314,0.02945630295566826
c87dac4945f87f74a748fe0edf61b966f519325ccb7a39f4d4886d952af9b744,Guangzhou,ssp245,near_2030s,2034,perimeter_mid_zn_4,perimeter,middle,west,24.190130014876285,26.378659524583387,25.284394769729836,27.04382486258026,2.188529509707095,51.494612898316326,0.08122354868905214,0.18748648837208748,3.945162835249042,0.05029491461102915,0.030928634078022994
c87dac4945f87f74a748fe0edf61b966f519325ccb7a39f4d4886d952af9b744,Guangzhou,ssp245,near_2030s,2034,perimeter_top_zn_1,perimeter,top,south,24.624417590418727,26.65231517268164,25.63836638155018,28.438706346135938,2.027897582262913,49.06313804089482,0.10552269268575604,0.3021327266469598,11.003352490421456,0.07680861241795467,0.02871408026780136
c87dac4945f87f74a748fe0edf61b966f519325ccb7a39f4d4886d952af9b744,Guangzhou,ssp245,near_2030s,2034,perimeter_top_zn_2,perimeter,top,east,24.191100177976754,26.27730070068131,25.234200439329033,27.29818851805331,2.086200522704557,50.78154067645078,0.08316042249239165,0.2030697949230671,5.23227969348659,0.051658997730458144,0.03150142476193351
c87dac4945f87f74a748fe0edf61b966f519325ccb7a39f4d4886d952af9b744,Guangzhou,ssp245,near_2030s,2034,perimeter_top_zn_3,perimeter,top,north,24.445015601977712,26.2267737701078,25.335894686042753,28.07902908108486,1.7817581681300951,49.94054949527297,0.09194159814833117,0.25947653129696846,8.004070881226054,0.06132553014757069,0.030616068000760478
c87dac4945f87f74a748fe0edf61b966f519325ccb7a39f4d4886d952af9b744,Guangzhou,ssp245,near_2030s,2034,perimeter_top_zn_4,perimeter,top,west,24.13399424043683,26.334243926780253,25.234119083608544,27.070784236066373,2.20024968634342,50.85154555709327,0.0808522695477787,0.18748648837208748,4.35823754789272,0.04947950789842967,0.031372761649349025
caa54723021bdca1a46f6a8e463c43283e6c12a1d4f3fa54b6e272b390e9bde1,Beijing,ssp585,near_2030s,2032,core_bottom,core,bottom,core,24.171333256998132,25.73750451818107,24.9544188875896,26.41042409481276,1.566171261182938,32.23924222399512,0.10450615968100367,0.1872413046658039,3.466235632183908,0.08336399665407451,0.02114216302692916
caa54723021bdca1a46f6a8e463c43283e6c12a1d4f3fa54b6e272b390e9bde1,Beijing,ssp585,near_2030s,2032,core_mid,core,middle,core,24.16455630900297,25.18368849812677,24.674122403564866,26.676420525244097,1.0191321891238,33.80490498432306,0.08824580761232018,0.15076221898198128,2.244971264367816,0.06484796047693304,0.02339784713538713
caa54723021bdca1a46f6a8e463c43283e6c12a1d4f3fa54b6e272b390e9bde1,Beijing,ssp585,near_2030s,2032,core_top,core,top,core,23.88003061684085,24.81428443986919,24.34715752835502,26.36387258946594,0.9342538230283459,34.10543477760322,0.07998791668055377,0.12454070150852203,1.873802681992337,0.05425294743137393,0.025734969249179843
caa54723021bdca1a46f6a8e463c43283e6c12a1d4f3fa54b6e272b390e9bde1,Beijing,ssp585,near_2030s,2032,perimeter_bot_zn_1,perimeter,bottom,south,23.50739684648259,25.5108496353904,24.5091232409365,27.226107452110554,2.0034527889078135,34.31636290450792,0.0984827928345342,0.2030697949230671,5.363984674329502,0.07362053469794676,0.024862258136587444
caa54723021bdca1a46f6a8e463c43283e6c12a1d4f3fa54b6e272b390e9bde1,Beijing,ssp585,near_2030s,2032,perimeter_bot_zn_2,perimeter,bottom,east,23.630122193819126,24.827918139568094,24.22902016669361,26.36631661974133,1.1977959457489638,35.936302839622215,0.07554899388082349,0.10815531015396118,1.2033045977011494,0.04804365329652484,0.027505340584298647
caa54723021bdca1a46f6a8e463c43283e6c12a1d4f3fa54b6e272b390e9bde1,Beijing,ssp585,near_2030s,2032,perimeter_bot_zn_3,perimeter,bottom,north,23.597665059387573,24.338833505206342,23.96824928229696,26.884847663450525,0.7411684458187724,35.988019486736576,0.07574046880489178,0.12806176021695137,2.1551724137931036,0.04554608449003333,0.03019438431485845
caa54723021bdca1a46f6a8e463c43283e6c12a1d4f3fa54b6e272b390e9bde1,Beijing,ssp585,near_2030s,2032,perimeter_bot_zn_4,perimeter,bottom,west,23.651522782702877,24.999841058173473,24.325681920438175,26.282994463076925,1.3483182754705978,35.6460178840783,0.07708382561010704,0.11781846359372139,0.8920019157088124,0.05011730509975406,0.026966520510352986
caa54723021bdca1a46f6a8e463c43283e6c12a1d4f3fa54b6e272b390e9bde1,Beijing,ssp585,near_2030s,2032,perimeter_mid_zn_1,perimeter,middle,south,23.98372553273656,25.846881413892408,24.915303473314484,27.149872709691124,1.8631558811558457,32.929511078825534,0.10795638789926551,0.25947653129696846,6.645114942528736,0.08538193853339626,0.02257444936586925
caa54723021bdca1a46f6a8e463c43283e6c12a1d4f3fa54b6e272b390e9bde1,Beijing,ssp585,near_2030s,2032,perimeter_mid_zn_2,perimeter,middle,east,23.68754780075321,25.09403630673671,24.390792053744967,26.35207821584311,1.4064885059834935,34.87267962321876,0.07939333968645411,0.11781846359372139,1.7061781609195403,0.05350882141939873,0.025884518267055377
caa54723021bdca1a46f6a8e463c43283e6c12a1d4f3fa54b6e272b390e9bde1,Beijing,ssp585,near_2030s,2032,perimeter_mid_zn_3,perimeter,middle,north,23.769699457100387,24.762773856648625,24.26623665687451,27.251140573161063,0.9930743995482382,35.04656419847643,0.08382184764535801,0.18785935826599598,4.340277777777778,0.056877149585837415,0.0269446980595206
caa54723021bdca1a46f6a8e463c43283e6c12a1d4f3fa54b6e272b390e9bde1,Beijing,ssp585,near_2030s,2032,perimeter_mid_zn_4,perimeter,middle,west,23.670011858928852,25.212022733983773,24.441017296456312,26.39755630131624,1.5420108750549182,34.99798871841007,0.08277988084233703,0.14869648404419422,1.460727969348659,0.056987119222062524,0.025792761620274506
caa54723021bdca1a46f6a8e463c43283e6c12a1d4f3fa54b6e272b390e9bde1,Beijing,ssp585,near_2030s,2032,perimeter_top_zn_1,perimeter,top,south,23.805377548997114,25.556438826723227,24.68090818786017,26.963578668219714,1.7510612777261112,33.08137510612063,0.10212110729059681,0.24100238803069926,5.932710727969349,0.07803702650760555,0.024084080782991263
caa54723021bdca1a46f6a8e463c43283e6c12a1d4f3fa54b6e272b390e9bde1,Beijing,ssp585,near_2030s,2032,perimeter_top_zn_2,perimeter,top,east,23.53621259563707,24.819224658909242,24.17771862727316,26.360971141891675,1.2830120632721695,35.44601488332086,0.0774741378760482,0.1114867702126503,2.077346743295019,0.04968001890763189,0.027794118968416312
caa54723021bdca1a46f6a8e463c43283e6c12a1d4f3fa54b6e272b390e9bde1,Beijing,ssp585,near_2030s,2032,perimeter_top_zn_3,perimeter,top,north,23.530656805754944,24.432368898187814,23.981512851971377,26.95953865409447,0.9017120924328673,35.189069401508895,0.07973637266479684,0.17453661933541298,3.316570881226054,0.04996818420399155,0.029768188460805284
caa54723021bdca1a46f6a8e463c43283e6c12a1d4f3fa54b6e272b390e9bde1,Beijing,ssp585,near_2030s,2032,perimeter_top_zn_4,perimeter,top,west,23.50802995382464,24.92176240159416,24.214896177709402,26.378707963036792,1.413732447769526,35.13825948156787,0.08085947315531934,0.14763779193162918,1.694204980842912,0.05294241984587803,0.027917053309441307
ce0bb182ac33fbcfe603bad9d9790f6f55884d4cfd97d5edcb2cd76c69bdf3e2,Houston,ssp585,mid_2050s,2059,core_bottom,core,bottom,core,24.58085016942324,26.45955906529778,25.520204617360505,27.72843952477363,1.878708895874539,48.39302208429103,0.095856570710974,0.25947653129696846,6.890565134099617,0.06804636047233763,0.027810210238636376
ce0bb182ac33fbcfe603bad9d9790f6f55884d4cfd97d5edcb2cd76c69bdf3e2,Houston,ssp585,mid_2050s,2059,core_mid,core,middle,core,24.87021359094101,26.193006502588805,25.531610046764907,28.252963436238442,1.322792911647796,49.818964550722185,0.10611884429004004,0.3021327266469598,14.0625,0.07849632207202989,0.027622522218010148
ce0bb182ac33fbcfe603bad9d9790f6f55884d4cfd97d5edcb2cd76c69bdf3e2,Houston,ssp585,mid_2050s,2059,core_top,core,top,core,24.610819740490395,26.03306636646638,25.32194305347839,28.097826121287792,1.4222466259759796,49.68791414632918,0.09791138461390439,0.29288436844944954,11.254789272030653,0.06842941704282664,0.02948196757107775
ce0bb182ac33fbcfe603bad9d9790f6f55884d4cfd97d5edcb2cd76c69bdf3e2,Houston,ssp585,mid_2050s,2059,perimeter_bot_zn_1,perimeter,bottom,south,24.959214980848262,26.784954579319447,25.872084780083856,29.729321592595266,1.8257395984711862,52.29355502267906,0.13329827404238734,0.3624461127910763,23.215996168582375,0.1067783010985713,0.02651997294381604
ce0bb182ac33fbcfe603bad9d9790f6f55884d4cfd97d5edcb2cd76c69bdf3e2,Houston,ssp585,mid_2050s,2059,perimeter_bot_zn_2,perimeter,bottom,east,24.445102830310496,26.364569248433128,25.404836039371816,28.542361118107845,1.919466418122636,50.646900819381514,0.10327388366866189,0.2975656820926815,12.835249042145595,0.07366731461678129,0.029606569051880603
ce0bb182ac33fbcfe603bad9d9790f6f55884d4cfd97d5edcb2cd76c69bdf3e2,Houston,ssp585,mid_2050s,2059,perimeter_bot_zn_3,perimeter,bottom,north,24.61803049692668,25.93939103059615,25.278710763761413,28.279789419852012,1.3213605336694725,50.55317169759792,0.10163452060620483,0.27900369837880135,11.847461685823754,0.07127007216554566,0.03036444844065916
ce0bb182ac33fbcfe603bad9d9790f6f55884d4cfd97d5edcb2cd76c69bdf3e2,Houston,ssp585,mid_2050s,2059,perimeter_bot_zn_4,perimeter,bottom,west,24.290415433680952,26.28210335476762,25.28625939422428,27.870771709623625,1.991687921086669,50.9957955670546,0.09251830089975918,0.25947653129696846,8.327346743295019,0.062233235300917775,0.03028506559884141
ce0bb182ac33fbcfe603bad9d9790f6f55884d4cfd97d5edcb2cd76c69bdf3e2,Houston,ssp585,mid_2050s,2059,perimeter_mid_zn_1,perimeter,middle,south,25.041236788811954,26.986463277683043,26.013850033247497,29.544752064584657,1.9452264888710882,49.22415309074593,0.1362813632848225,0.36701315734535456,21.16259578544061,0.11103783652005303,0.025243526764769465
ce0bb182ac33fbcfe603bad9d9790f6f55884d4cfd97d5edcb2cd76c69bdf3e2,Houston,ssp585,mid_2050s,2059,perimeter_mid_zn_2,perimeter,middle,east,24.485588157600468,26.5889677238752,25.537277940737834,28.850646701197412,2.1033795662747368,51.05747461955745,0.10944247912039093,0.3101632185280323,15.439415708812259,0.08082809923117458,0.028614379889216345
ce0bb182ac33fbcfe603bad9d9790f6f55884d4cfd97d5edcb2cd76c69bdf3e2,Houston,ssp585,mid_2050s,2059,perimeter_mid_zn_3,perimeter,middle,north,24.846082838411707,26.357100689260925,25.601591763836314,28.852042703313497,1.5110178508492171,50.51130775061534,0.11888393015581004,0.3101632185280323,18.342911877394634,0.09068430197050294,0.0281996281853071
ce0bb182ac33fbcfe603bad9d9790f6f55884d4cfd97d5edcb2cd76c69bdf3e2,Houston,ssp585,mid_2050s,2059,perimeter_mid_zn_4,perimeter,middle,west,24.336690607263062,26.511993713928174,25.42434216059562,28.14271442916127,2.175303106665112,51.72328805527119,0.09975890888725684,0.29288436844944954,11.835488505747128,0.07065556011792946,0.029103348769327374
ce0bb182ac33fbcfe603bad9d9790f6f55884d4cfd97d5edcb2cd76c69bdf3e2,Houston,ssp585,mid_2050s,2059,perimeter_top_zn_1,perimeter,top,south,24.75261718570654,26.793009251837223,25.772813218771883,29.253403268448114,2.040392066130679,49.31928464862842,0.12423882504497327,0.36548264790326357,17.81609195402299,0.09708515461428328,0.027153670430689995
ce0bb182ac33fbcfe603bad9d9790f6f55884d4cfd97d5edcb2cd76c69bdf3e2,Houston,ssp585,mid_2050s,2059,perimeter_top_zn_2,perimeter,top,east,24.383537659368887,26.498436117810314,25.4409868885896,28.753276522315282,2.114898458441428,51.01044620531059,0.10898245021505606,0.3101632185280323,15.074233716475097,0.07903499647918544,0.029947453735870624
ce0bb182ac33fbcfe603bad9d9790f6f55884d4cfd97d5edcb2cd76c69bdf3e2,Houston,ssp585,mid_2050s,2059,perimeter_top_zn_3,perimeter,top,north,24.60033300809259,26.19219715107729,25.396265079584943,28.733882817914868,1.5918641429847034,50.517622687207115,0.11064051611922868,0.3101632185280323,15.241858237547893,0.08060604266046682,0.030034473458761854
ce0bb182ac33fbcfe603bad9d9790f6f55884d4cfd97d5edcb2cd76c69bdf3e2,Houston,ssp585,mid_2050s,2059,perimeter_top_zn_4,perimeter,top,west,24.18579820756595,26.38466379287652,25.285231000221234,28.05914417383482,2.1988655853105743,51.55513687960582,0.0962655136312487,0.292198546230793,10.428639846743296,0.06571608304021116,0.030549430591037534
d1af0d8c4fd91d0afa29a0e6e6d01cd2ca6c1b505e847c9e715f4bc78c4a127e,Phoenix,ssp245,near_2030s,2039,core_bottom,core,bottom,core,24.218268933812276,26.302842043064654,25.260555488438463,26.55669547213144,2.084573109252378,35.590789036154895,0.09253945812609508,0.12892116233706474,0.6585249042145593,0.06049671548811658,0.03204274263797851
d1af0d8c4fd91d0afa29a0e6e6d01cd2ca6c1b505e847c9e715f4bc78c4a127e,Phoenix,ssp245,near_2030s,2039,core_mid,core,middle,core,24.50088710604194,26.089207918884533,25.29504751246324,27.35055622498654,1.5883208128425934,36.68150803653744,0.1009000889358622,0.20557191967964172,6.704980842911877,0.0712954383685233,0.029604650567338905
d1af0d8c4fd91d0afa29a0e6e6d01cd2ca6c1b505e847c9e715f4bc78c4a127e,Phoenix,ssp245,near_2030s,2039,core_top,core,top,core,24.414653574061155,26.084100298601463,25.249376936331313,27.439005686642314,1.6694467245403102,36.48663094222958,0.10314898879799841,0.25947653129696846,7.2138409961685825,0.0727844198111831,0.030364568986815322
d1af0d8c4fd91d0afa29a0e6e6d01cd2ca6c1b505e847c9e715f4bc78c4a127e,Phoenix,ssp245,near_2030s,2039,perimeter_bot_zn_1,perimeter,bottom,south,25.20042591903429,27.56671198045975,26.38356894974702,29.685587987657293,2.366286061425455,33.52954074729462,0.18543371176427423,0.4643005265388638,31.160201149425287,0.1644013079622706,0.02103240380200363
d1af0d8c4fd91d0afa29a0e6e6d01cd2ca6c1b505e847c9e715f4bc78c4a127e,Phoenix,ssp245,near_2030s,2039,perimeter_bot_zn_2,perimeter,bottom,east,24.313886175621942,26.748835146369952,25.53136066099595,27.960830512640413,2.434948970748013,36.265271228523744,0.11894875461376646,0.37082353606820107,11.41044061302682,0.09088820680586525,0.028060547807901206
d1af0d8c4fd91d0afa29a0e6e6d01cd2ca6c1b505e847c9e715f4bc78c4a127e,Phoenix,ssp245,near_2030s,2039,perimeter_bot_zn_3,perimeter,bottom,north,24.40659719104127,25.90679685257128,25.156697021806277,27.68021846940428,1.5001996615300082,36.89964109770752,0.11025996560953875,0.29288436844944954,11.272749042145595,0.0794518414932866,0.03080812411625215
d1af0d8c4fd91d0afa29a0e6e6d01cd2ca6c1b505e847c9e715f4bc78c4a127e,Phoenix,ssp245,near_2030s,2039,perimeter_bot_zn_4,perimeter,bottom,west,24.24847463586516,26.716286214084864,25.482380424975016,27.902398464900518,2.4678115782197,36.56030936308217,0.11413006573379737,0.3105360884219408,9.099616858237548,0.08521538779520434,0.028914677938593036
d1af0d8c4fd91d0afa29a0e6e6d01cd2ca6c1b505e847c9e715f4bc78c4a127e,Phoenix,ssp245,near_2030s,2039,perimeter_mid_zn_1,perimeter,middle,south,24.960973526295536,27.480968249743245,26.22097088801939,28.977457367485442,2.5199947234477102,35.03283933625126,0.17210192462322968,0.431872864253819,28.981082375478927,0.14926565135645162,0.02283627326677808
d1af0d8c4fd91d0afa29a0e6e6d01cd2ca6c1b505e847c9e715f4bc78c4a127e,Phoenix,ssp245,near_2030s,2039,perimeter_mid_zn_2,perimeter,middle,east,24.2741677020722,26.84112603378256,25.55764686792738,27.960262794275636,2.5669583317103597,36.72944675541858,0.11727912969670874,0.31266534328460693,10.189176245210728,0.08937857850495783,0.027900551191750906
d1af0d8c4fd91d0afa29a0e6e6d01cd2ca6c1b505e847c9e715f4bc78c4a127e,Phoenix,ssp245,near_2030s,2039,perimeter_mid_zn_3,perimeter,middle,north,24.568610662429325,26.29426767041384,25.43143916642158,28.169706995815567,1.7256570079845166,36.697202801299305,0.12428034840131205,0.3750436492264271,14.744971264367814,0.09640081788931074,0.027879530512001316
d1af0d8c4fd91d0afa29a0e6e6d01cd2ca6c1b505e847c9e715f4bc78c4a127e,Phoenix,ssp245,near_2030s,2039,perimeter_mid_zn_4,perimeter,middle,west,24.28033850651488,26.8590377550078,25.569688130761342,28.470276240499896,2.578699248492922,37.07789274550909,0.12007538679200441,0.3750436492264271,9.943726053639846,0.09132167745921967,0.02875370933278475
d1af0d8c4fd91d0afa29a0e6e6d01cd2ca6c1b505e847c9e715f4bc78c4a127e,Phoenix,ssp245,near_2030s,2039,perimeter_top_zn_1,perimeter,top,south,24.7918749263232,27.407824701567307,26.09984981394526,28.89830592801243,2.615949775244106,35.00103467484138,0.1650364999619774,0.4288363291416317,26.40086206896552,0.14133594915586598,0.023700550806111394
d1af0d8c4fd91d0afa29a0e6e6d01cd2ca6c1b505e847c9e715f4bc78c4a127e,Phoenix,ssp245,near_2030s,2039,perimeter_top_zn_2,perimeter,top,east,24.284504173466125,26.877654424792144,25.581079299129133,28.218194324295986,2.593150251326017,36.64699122144092,0.12380480278687354,0.3750436492264271,12.27250957854406,0.09636578314078587,0.027439019646087682
d1af0d8c4fd91d0afa29a0e6e6d01cd2ca6c1b505e847c9e715f4bc78c4a127e,Phoenix,ssp245,near_2030s,2039,perimeter_top_zn_3,perimeter,top,north,24.458520648079816,26.26297776083073,25.36074920445527,28.236413327737072,1.8044571127509101,36.656481989544254,0.12443460441635269,0.3750436492264271,14.319923371647509,0.09544132301059571,0.028993281405756983
d1af0d8c4fd91d0afa29a0e6e6d01cd2ca6c1b505e847c9e715f4bc78c4a127e,Phoenix,ssp245,near_2030s,2039,perimeter_top_zn_4,perimeter,top,west,24.243967897339378,26.85487305036753,25.549420473853456,28.696107992576803,2.610905153028151,36.94210447104146,0.12395780785024318,0.3796754702925682,10.997365900383143,0.09498455688126306,0.02897325096898012
d49e8ee21631095c419a90dd5eb4fd42d6052c2bce708c32b5137ffd775dff9f,Guangzhou,ssp245,near_2030s,2038,core_bottom,core,bottom,core,24.506764047399855,26.478844397145707,25.49280422227278,27.255401792510504,1.9720803497458514,48.87565084169598,0.08726971069298653,0.1872413046658039,2.7059386973180075,0.05856637092286246,0.028703339770124063
d49e8ee21631095c419a90dd5eb4fd42d6052c2bce708c32b5137ffd775dff9f,Guangzhou,ssp245,near_2030s,2038,core_mid,core,middle,core,24.782472616643673,26.232987589589882,25.507730103116778,27.936972231422043,1.4505149729462063,50.30705537101082,0.09607313923788403,0.26944269705563784,9.70426245210728,0.06775889822198934,0.02831424101589469
d49e8ee21631095c419a90dd5eb4fd42d6052c2bce708c32b5137ffd775dff9f,Guangzhou,ssp245,near_2030s,2038,core_top,core,top,core,24.575506931362195,26.142948279651886,25.359227605507044,27.94180861344582,1.5674413482896912,49.95564124220956,0.09029755575518937,0.2619786560535431,8.602729885057471,0.0606770100250106,0.029620545730178763
d49e8ee21631095c419a90dd5eb4fd42d6052c2bce708c32b5137ffd775dff9f,Guangzhou,ssp245,near_2030s,2038,perimeter_bot_zn_1,perimeter,bottom,south,25.113286925906298,26.95072995234909,26.032008439127694,28.581242095158412,1.8374430264427903,53.491900562545474,0.13411973881665085,0.30947739630937576,23.748802681992338,0.10877468522528358,0.025345053591367264
d49e8ee21631095c419a90dd5eb4fd42d6052c2bce708c32b5137ffd775dff9f,Guangzhou,ssp245,near_2030s,2038,perimeter_bot_zn_2,perimeter,bottom,east,24.26451437043455,26.280038097814025,25.27227623412429,27.24291719879632,2.0155237273794744,51.159099917245655,0.08189803363911012,0.18748648837208748,3.789511494252874,0.05150921793479046,0.030388815704319658
d49e8ee21631095c419a90dd5eb4fd42d6052c2bce708c32b5137ffd775dff9f,Guangzhou,ssp245,near_2030s,2038,perimeter_bot_zn_3,perimeter,bottom,north,24.64035912105217,26.246524025772974,25.443441573412574,27.902820518116474,1.606164904720807,50.13322347354527,0.09584092008037148,0.25947653129696846,7.962164750957855,0.06654575754942103,0.029295162530950453
d49e8ee21631095c419a90dd5eb4fd42d6052c2bce708c32b5137ffd775dff9f,Guangzhou,ssp245,near_2030s,2038,perimeter_bot_zn_4,perimeter,bottom,west,24.227463120608828,26.39460155049696,25.311032335552895,27.061141571209888,2.1671384298881358,51.06618333583352,0.08106557621566625,0.1872413046658039,3.190852490421456,0.0508063667267271,0.03025920948893915
d49e8ee21631095c419a90dd5eb4fd42d6052c2bce708c32b5137ffd775dff9f,Guangzhou,ssp245,near_2030s,2038,perimeter_mid_zn_1,perimeter,middle,south,25.155490294620545,27.133816662020177,26.144653478320365,28.900473868262146,1.9783263673996316,49.3519391321443,0.13474267880086127,0.3624461127910763,21.455938697318008,0.11038345994709471,0.024359218853766566
d49e8ee21631095c419a90dd5eb4fd42d6052c2bce708c32b5137ffd775dff9f,Guangzhou,ssp245,near_2030s,2038,perimeter_mid_zn_2,perimeter,middle,east,24.33621832666218,26.542860962827383,25.439539644744787,27.781406184226363,2.2066426361652063,51.713716677274434,0.09198729082649243,0.25984940119087696,8.734434865900383,0.06265279466888003,0.029334496157612387
d49e8ee21631095c419a90dd5eb4fd42d6052c2bce708c32b5137ffd775dff9f,Guangzhou,ssp245,near_2030s,2038,perimeter_mid_zn_3,perimeter,middle,north,24.830599361979004,26.60464130627425,25.71762033412663,28.76616443774757,1.7740419442952404,50.503736794465055,0.11309317758152868,0.3101632185280323,15.469348659003831,0.08553584869494939,0.027557328886579288
d49e8ee21631095c419a90dd5eb4fd42d6052c2bce708c32b5137ffd775dff9f,Guangzhou,ssp245,near_2030s,2038,perimeter_mid_zn_4,perimeter,middle,west,24.289783342397655,26.631990292779737,25.460886817588698,27.603596277861563,2.342206950382079,51.959007249447254,0.09038604381187854,0.25947653129696846,7.998084291187739,0.061350071975797185,0.029035971836081347
d49e8ee21631095c419a90dd5eb4fd42d6052c2bce708c32b5137ffd775dff9f,Guangzhou,ssp245,near_2030s,2038,perimeter_top_zn_1,perimeter,top,south,24.84852267383768,26.967791339409835,25.908157006623764,28.817054949394134,2.1192686655721547,49.33971517194211,0.12079603044431919,0.3101632185280323,16.403256704980844,0.09462313447777633,0.026172895966542858
d49e8ee21631095c419a90dd5eb4fd42d6052c2bce708c32b5137ffd775dff9f,Guangzhou,ssp245,near_2030s,2038,perimeter_top_zn_2,perimeter,top,east,24.309507010029833,26.534678767256885,25.42209288864336,27.93521290619562,2.225171757227051,51.311926168715146,0.0933221259145152,0.27900369837880135,9.422892720306514,0.06358544717425074,0.029736678740264463
d49e8ee21631095c419a90dd5eb4fd42d6052c2bce708c32b5137ffd775dff9f,Guangzhou,ssp245,near_2030s,2038,perimeter_top_zn_3,perimeter,top,north,24.643976701120994,26.509259173244235,25.57661793718262,28.704004107675797,1.8652824721232406,50.265857636081016,0.10656348388947384,0.3101632185280323,12.71551724137931,0.07789397544829242,0.028669508441181414
d49e8ee21631095c419a90dd5eb4fd42d6052c2bce708c32b5137ffd775dff9f,Guangzhou,ssp245,near_2030s,2038,perimeter_top_zn_4,perimeter,top,west,24.221224440071957,26.589505302005936,25.405364871038948,27.579109345843225,2.368280861933982,51.47284789589347,0.08959786132718678,0.25947653129696846,7.92624521072797,0.059924951685820904,0.02967290964136587
d4f07153612838a5cd607b7750e13b73cc42cfdf29668e0a6aa23e3c9e18f62b,Houston,ssp585,baseline_2020s,2026,core_bottom,core,bottom,core,24.443393838512772,26.292727720458483,25.368060779485624,27.157266592540623,1.8493338819457121,46.461921662766514,0.08470094016491314,0.1872413046658039,2.382662835249042,0.058122636196810136,0.026578303968103
d4f07153612838a5cd607b7750e13b73cc42cfdf29668e0a6aa23e3c9e18f62b,Houston,ssp585,baseline_2020s,2026,core_mid,core,middle,core,24.68507898705848,25.99050680173043,25.337792894394457,27.73572108067569,1.3054278146719522,47.94260914022007,0.0902278271577454,0.25947653129696846,6.890565134099617,0.06344032308539033,0.02678750407235506
d4f07153612838a5cd607b7750e13b73cc42cfdf29668e0a6aa23e3c9e18f62b,Houston,ssp585,baseline_2020s,2026,core_top,core,top,core,24.422240472566653,25.80639930410342,25.114319888335036,27.599187511794735,1.3841588315367657,47.87450173588388,0.08345524373600774,0.2030697949230671,5.441810344827586,0.05429776441164259,0.02915747932436514
d4f07153612838a5cd607b7750e13b73cc42cfdf29668e0a6aa23e3c9e18f62b,Houston,ssp585,baseline_2020s,2026,perimeter_bot_zn_1,perimeter,bottom,south,24.689874309340162,26.546446099134705,25.618160204237434,28.849889071222123,1.8565717897945424,50.31585136932107,0.12292699491137048,0.3101632185280323,19.061302681992338,0.09666273462586328,0.026264260285507202
d4f07153612838a5cd607b7750e13b73cc42cfdf29668e0a6aa23e3c9e18f62b,Houston,ssp585,baseline_2020s,2026,perimeter_bot_zn_2,perimeter,bottom,east,24.267885682023927,26.154921137737787,25.211403409880855,27.98878015889961,1.8870354557138627,48.89806161518989,0.09174734537068041,0.25947653129696846,7.339559386973179,0.06221381924622487,0.029533526124455544
d4f07153612838a5cd607b7750e13b73cc42cfdf29668e0a6aa23e3c9e18f62b,Houston,ssp585,baseline_2020s,2026,perimeter_bot_zn_3,perimeter,bottom,north,24.392470997435492,25.693283391450137,25.042877194442813,27.580532972085194,1.3008123940146428,48.91721504881416,0.08676944356927982,0.19891560450196266,4.926963601532567,0.05590409729715617,0.03086534627212365
d4f07153612838a5cd607b7750e13b73cc42cfdf29668e0a6aa23e3c9e18f62b,Houston,ssp585,baseline_2020s,2026,perimeter_bot_zn_4,perimeter,bottom,west,24.116397351428393,26.07133504506836,25.093866198248374,27.25661075933561,1.9549376936399663,49.24570284163693,0.08110910761785618,0.18748648837208748,3.484195402298851,0.05081325368243189,0.03029585393542429
d4f07153612838a5cd607b7750e13b73cc42cfdf29668e0a6aa23e3c9e18f62b,Houston,ssp585,baseline_2020s,2026,perimeter_mid_zn_1,perimeter,middle,south,24.841422422253146,26.77578804821999,25.80860523523657,28.703065146290122,1.9343656259668471,47.40503191235889,0.1234820188815616,0.31479503959417343,16.88817049808429,0.09880465442011217,0.024677364461449438
d4f07153612838a5cd607b7750e13b73cc42cfdf29668e0a6aa23e3c9e18f62b,Houston,ssp585,baseline_2020s,2026,perimeter_mid_zn_2,perimeter,middle,east,24.287672126059014,26.358743430249433,25.32320777815422,28.26098075417218,2.0710713041904194,49.237142720961394,0.0962498017717484,0.28305073552764687,9.554597701149426,0.06776973552902861,0.028480066242719794
d4f07153612838a5cd607b7750e13b73cc42cfdf29668e0a6aa23e3c9e18f62b,Houston,ssp585,baseline_2020s,2026,perimeter_mid_zn_3,perimeter,middle,north,24.599605466956763,26.09534715523324,25.347476311095004,28.266877865430203,1.495741688276482,48.82309468849406,0.10131029409910447,0.27900369837880135,10.39272030651341,0.07317785807220413,0.02813243602690034
d4f07153612838a5cd607b7750e13b73cc42cfdf29668e0a6aa23e3c9e18f62b,Houston,ssp585,baseline_2020s,2026,perimeter_mid_zn_4,perimeter,middle,west,24.153336192720325,26.288500271218577,25.22091823196945,27.59415572403028,2.135164078498255,49.84250382703965,0.08703109200695824,0.2030697949230671,5.902777777777778,0.057990924780497013,0.029040167226461234
d4f07153612838a5cd607b7750e13b73cc42cfdf29668e0a6aa23e3c9e18f62b,Houston,ssp585,baseline_2020s,2026,perimeter_top_zn_1,perimeter,top,south,24.54849074153528,26.561584816814115,25.555037779174697,28.472742171620993,2.0130940752788384,47.4926197794549,0.11162853320995361,0.30947739630937576,13.332136015325672,0.08467067636248844,0.026957856847465166
d4f07153612838a5cd607b7750e13b73cc42cfdf29668e0a6aa23e3c9e18f62b,Houston,ssp585,baseline_2020s,2026,perimeter_top_zn_2,perimeter,top,east,24.18792574627878,26.252534018041153,25.220229882159966,28.195755065395904,2.0646082717623773,49.205372671373674,0.0952812602420939,0.27900369837880135,9.285201149425287,0.06538882702424002,0.02989243321785388
d4f07153612838a5cd607b7750e13b73cc42cfdf29668e0a6aa23e3c9e18f62b,Houston,ssp585,baseline_2020s,2026,perimeter_top_zn_3,perimeter,top,north,24.34972402765238,25.909668236774255,25.129696132213315,28.20837816306247,1.5599442091218758,48.82086248304562,0.09428706296277031,0.25947653129696846,8.249521072796934,0.0637959488708806,0.030491114091889718
d4f07153612838a5cd607b7750e13b73cc42cfdf29668e0a6aa23e3c9e18f62b,Houston,ssp585,baseline_2020s,2026,perimeter_top_zn_4,perimeter,top,west,24.02120238050947,26.155508111797356,25.088355246153416,27.520952670602167,2.134305731287886,49.60889891003259,0.08597901763494108,0.2030697949230671,5.8069923371647505,0.05516160162851764,0.030817416006423442
d62975ab99f71c4d68d31826860f67aa16ffbdcd09d6c598ca6cf8699084666a,Guangzhou,ssp245,late_2080s,2084,core_bottom,core,bottom,core,24.53434545604126,26.502473021805418,25.51840923892334,27.23192536498386,1.9681275657641635,49.037288584123814,0.08808136961512737,0.1872413046658039,2.3227969348659006,0.05911599581655725,0.02896537379857012
d62975ab99f71c4d68d31826860f67aa16ffbdcd09d6c598ca6cf8699084666a,Guangzhou,ssp245,late_2080s,2084,core_mid,core,middle,core,24.822892812406007,26.261504553106974,25.542198682756492,27.887080980885045,1.438611740700966,50.56886958412866,0.09460300280717228,0.25947653129696846,8.177681992337165,0.06637097044282109,0.02823203236435119
d62975ab99f71c4d68d31826860f67aa16ffbdcd09d6c598ca6cf8699084666a,Guangzhou,ssp245,late_2080s,2084,core_top,core,top,core,24.569235245106302,26.137973539202093,25.3536043921542,27.944915115370925,1.5687382940957961,50.0413468942191,0.08720042195179592,0.25947653129696846,6.800766283524904,0.057199421972219236,0.030000999979576688
d62975ab99f71c4d68d31826860f67aa16ffbdcd09d6c598ca6cf8699084666a,Guangzhou,ssp245,late_2080s,2084,perimeter_bot_zn_1,perimeter,bottom,south,25.263411659839807,27.020075800461345,26.141743730150573,29.3419648274603,1.7566641406215373,53.774675801398125,0.14813517780946184,0.36701315734535456,29.196599616858236,0.1227989686391864,0.02533620917027543
d62975ab99f71c4d68d31826860f67aa16ffbdcd09d6c598ca6cf8699084666a,Guangzhou,ssp245,late_2080s,2084,perimeter_bot_zn_2,perimeter,bottom,east,24.29779417551875,26.282839718516414,25.29031694701758,27.42393121018624,1.9850455429976641,51.46887906585638,0.08297051916916048,0.18974342942237854,4.148706896551724,0.05248312360046867,0.03048739556869181
d62975ab99f71c4d68d31826860f67aa16ffbdcd09d6c598ca6cf8699084666a,Guangzhou,ssp245,late_2080s,2084,perimeter_bot_zn_3,perimeter,bottom,north,24.709817750061994,26.279938595436334,25.494878172749164,27.89221827974186,1.5701208453743423,50.320720454227626,0.09881338095020088,0.25947653129696846,7.860392720306514,0.0699237283588306,0.028889652591370295
d62975ab99f71c4d68d31826860f67aa16ffbdcd09d6c598ca6cf8699084666a,Guangzhou,ssp245,late_2080s,2084,perimeter_bot_zn_4,perimeter,bottom,west,24.261079816718215,26.381773941148996,25.321426878933607,27.250697982257833,2.120694124430778,51.375272266489475,0.08294317466517122,0.18748648837208748,3.747605363984674,0.05239506635862408,0.030548108306547143
d62975ab99f71c4d68d31826860f67aa16ffbdcd09d6c598ca6cf8699084666a,Guangzhou,ssp245,late_2080s,2084,perimeter_mid_zn_1,perimeter,middle,south,25.22331928987236,27.164188971996094,26.193754130934227,29.110064258793773,1.940869682123729,49.576072273717195,0.14200038138612095,0.3754165191203356,21.97677203065134,0.11713787005026469,0.02486251133585628
d62975ab99f71c4d68d31826860f67aa16ffbdcd09d6c598ca6cf8699084666a,Guangzhou,ssp245,late_2080s,2084,perimeter_mid_zn_2,perimeter,middle,east,24.322030170380888,26.52503020054732,25.423530185464102,27.58629029810176,2.203000030166432,52.18206352254622,0.08932630813647861,0.25947653129696846,7.1240421455938705,0.05962769612330958,0.029698612013169038
d62975ab99f71c4d68d31826860f67aa16ffbdcd09d6c598ca6cf8699084666a,Guangzhou,ssp245,late_2080s,2084,perimeter_mid_zn_3,perimeter,middle,north,24.86485684140633,26.622430200014506,25.743643520710414,28.54185431045758,1.7575733586081725,50.80670179213491,0.1122856657402387,0.2975656820926815,13.380028735632186,0.08479487776037722,0.027490787979861465
d62975ab99f71c4d68d31826860f67aa16ffbdcd09d6c598ca6cf8699084666a,Guangzhou,ssp245,late_2080s,2084,perimeter_mid_zn_4,perimeter,middle,west,24.280704851031174,26.604875975660285,25.44279041334573,27.53409486073209,2.3241711246291117,52.416994911747054,0.08872337459813592,0.2587907090783119,7.315613026819924,0.05924456257391382,0.02947881202422211
d62975ab99f71c4d68d31826860f67aa16ffbdcd09d6c598ca6cf8699084666a,Guangzhou,ssp245,late_2080s,2084,perimeter_top_zn_1,perimeter,top,south,24.880069921490144,26.97094987691579,25.925509899202968,28.958836050532327,2.0908799554256463,49.374238576593484,0.12496135630468674,0.36548264790326357,16.61278735632184,0.09824521803010301,0.026716138274583724
d62975ab99f71c4d68d31826860f67aa16ffbdcd09d6c598ca6cf8699084666a,Guangzhou,ssp245,late_2080s,2084,perimeter_top_zn_2,perimeter,top,east,24.276588544718667,26.497682362387447,25.387135453553054,27.803782248463943,2.2210938176687822,51.526161923458275,0.08945827427743303,0.25947653129696846,7.273706896551724,0.059091918382430594,0.030366355895002438
d62975ab99f71c4d68d31826860f67aa16ffbdcd09d6c598ca6cf8699084666a,Guangzhou,ssp245,late_2080s,2084,perimeter_top_zn_3,perimeter,top,north,24.625199428511635,26.489703514988513,25.557451471750078,28.467173474012576,1.8645040864768738,50.4119477202823,0.10253484204380675,0.284853876568377,10.374760536398467,0.07350589316409667,0.02902894887971008
d62975ab99f71c4d68d31826860f67aa16ffbdcd09d6c598ca6cf8699084666a,Guangzhou,ssp245,late_2080s,2084,perimeter_top_zn_4,perimeter,top,west,24.200019952719494,26.547374697629472,25.373697325174483,27.581755023572626,2.3473547449099783,51.6507029734655,0.08721602776580299,0.25947653129696846,7.040229885057471,0.05700439162274922,0.030211636143053774
d8d5af555ea767be8f72c08cb229d2cc0d0bf5d4341bf257c37a842a9f000ebe,Kolkata,ssp585,near_2030s,2030,core_bottom,core,bottom,core,24.60872862789235,26.61396303926512,25.61134583357873,27.281134901692162,2.005234411372769,51.20879540829429,0.09160243636689089,0.2030697949230671,5.92073754789272,0.06296063591474114,0.02864180045214975
d8d5af555ea767be8f72c08cb229d2cc0d0bf5d4341bf257c37a842a9f000ebe,Kolkata,ssp585,near_2030s,2030,core_mid,core,middle,core,24.900091946948198,26.38590756659049,25.642999756769346,27.937518072444895,1.4858156196422938,52.21229047721355,0.10121772086001757,0.27900369837880135,12.667624521072796,0.07306742865918517,0.02815029220083241
d8d5af555ea767be8f72c08cb229d2cc0d0bf5d4341bf257c37a842a9f000ebe,Kolkata,ssp585,near_2030s,2030,core_top,core,top,core,24.67179700037984,26.312474859226572,25.492135929803204,27.967956650299502,1.6406778588467301,51.700402119127375,0.09484980212442798,0.27900369837880135,11.063218390804598,0.06550139079537907,0.02934841132904889
d8d5af555ea767be8f72c08cb229d2cc0d0bf5d4341bf257c37a842a9f000ebe,Kolkata,ssp585,near_2030s,2030,perimeter_bot_zn_1,perimeter,bottom,south,25.496915532704822,27.34514392167923,26.42102972719202,28.858199731675857,1.8482283889744142,55.81871497282936,0.1530213066922108,0.3101632185280323,32.27969348659004,0.13002726972325915,0.02299403696895166
d8d5af555ea767be8f72c08cb229d2cc0d0bf5d4341bf257c37a842a9f000ebe,Kolkata,ssp585,near_2030s,2030,perimeter_bot_zn_2,perimeter,bottom,east,24.35240352067215,26.497069282957707,25.424736401814926,27.216992384323756,2.144665762285549,53.15973535293379,0.08397681754729416,0.2030697949230671,5.2861590038314175,0.054432974866247055,0.02954384268104711
d8d5af555ea767be8f72c08cb229d2cc0d0bf5d4341bf257c37a842a9f000ebe,Kolkata,ssp585,near_2030s,2030,perimeter_bot_zn_3,perimeter,bottom,north,24.753167169072682,26.434192817111747,25.593679993092216,27.74964928122996,1.6810256480390646,52.10713350419341,0.09632106379489191,0.25947653129696846,9.069683908045976,0.06827999618129896,0.028041067613592957
d8d5af555ea767be8f72c08cb229d2cc0d0bf5d4341bf257c37a842a9f000ebe,Kolkata,ssp585,near_2030s,2030,perimeter_bot_zn_4,perimeter,bottom,west,24.243085104430822,26.400290610720354,25.321687857575586,26.913007214628397,2.1572055062895372,53.51731913897647,0.07820229240088997,0.17453661933541298,3.4961685823754785,0.04769402132047317,0.030508271080416795
d8d5af555ea767be8f72c08cb229d2cc0d0bf5d4341bf257c37a842a9f000ebe,Kolkata,ssp585,near_2030s,2030,perimeter_mid_zn_1,perimeter,middle,south,25.404330451524604,27.445411987099053,26.42487121931183,29.113410318732953,2.0410815355744485,50.735280457348125,0.15549712686538703,0.37082353606820107,29.57974137931034,0.1321174226033544,0.023379704262032616
d8d5af555ea767be8f72c08cb229d2cc0d0bf5d4341bf257c37a842a9f000ebe,Kolkata,ssp585,near_2030s,2030,perimeter_mid_zn_2,perimeter,middle,east,24.41372112844101,26.744127621023576,25.578924374732296,27.8482001268454,2.3304064925825676,53.53587109293995,0.09480642382670158,0.2619786560535431,10.24904214559387,0.06596624249307184,0.028840181333629745
d8d5af555ea767be8f72c08cb229d2cc0d0bf5d4341bf257c37a842a9f000ebe,Kolkata,ssp585,near_2030s,2030,perimeter_mid_zn_3,perimeter,middle,north,24.933027861694217,26.78631871267114,25.859673287182677,28.69975228434968,1.853290850976923,52.21457108126702,0.11610702098450615,0.3101632185280323,16.80435823754789,0.08926984505270477,0.02683717593180138
d8d5af555ea767be8f72c08cb229d2cc0d0bf5d4341bf257c37a842a9f000ebe,Kolkata,ssp585,near_2030s,2030,perimeter_mid_zn_4,perimeter,middle,west,24.320231430415642,26.670238362245613,25.495234896330626,27.486539535058895,2.3500069318299697,54.04588075687056,0.08844799879259609,0.25947653129696846,7.944204980842912,0.059233669152459256,0.029214329640136833
d8d5af555ea767be8f72c08cb229d2cc0d0bf5d4341bf257c37a842a9f000ebe,Kolkata,ssp585,near_2030s,2030,perimeter_top_zn_1,perimeter,top,south,25.05615963082985,27.278176565131986,26.167168097980912,29.046904980325362,2.2220169343021325,50.58094037658259,0.13582802589763243,0.36548264790326357,22.150383141762454,0.110738560299278,0.025089465598354427
d8d5af555ea767be8f72c08cb229d2cc0d0bf5d4341bf257c37a842a9f000ebe,Kolkata,ssp585,near_2030s,2030,perimeter_top_zn_2,perimeter,top,east,24.39589135673459,26.762476527726818,25.579183942230703,28.09034889737153,2.366585170992231,52.82771460022543,0.09600680245471424,0.281505823135376,10.859674329501916,0.06708286676082628,0.02892393569388796
d8d5af555ea767be8f72c08cb229d2cc0d0bf5d4341bf257c37a842a9f000ebe,Kolkata,ssp585,near_2030s,2030,perimeter_top_zn_3,perimeter,top,north,24.72512010849019,26.701935510506182,25.71352780949818,28.659409405591543,1.9768154020159918,51.79220035340377,0.10851168013080799,0.3101632185280323,14.547413793103448,0.0805132079411653,0.027998472189642687
d8d5af555ea767be8f72c08cb229d2cc0d0bf5d4341bf257c37a842a9f000ebe,Kolkata,ssp585,near_2030s,2030,perimeter_top_zn_4,perimeter,top,west,24.253802406638396,26.651042987842047,25.45242269724022,27.518387396500618,2.3972405812036524,53.30469976773534,0.08724041874625578,0.25947653129696846,7.962164750957855,0.057721369537238075,0.0295190492090177
d91bdc4d2d263ac6f9d436e85618550452705ac9c42f40fdba3deff4e3ab76e0,Phoenix,ssp585,near_2030s,2034,core_bottom,core,bottom,core,24.155533058083467,26.21654929494619,25.18604117651483,26.26957929688998,2.061016236862724,34.957247268832674,0.09028564272616799,0.12667039781808853,0.2753831417624521,0.05892935238325419,0.0313562903429138
d91bdc4d2d263ac6f9d436e85618550452705ac9c42f40fdba3deff4e3ab76e0,Phoenix,ssp585,near_2030s,2034,core_mid,core,middle,core,24.380165570670094,25.96150473119905,25.17083515093457,27.051818570410845,1.581339160528957,36.13393366051114,0.09408929287674533,0.19219142571091652,4.436063218390805,0.06388698671534086,0.030202306161404468
d91bdc4d2d263ac6f9d436e85618550452705ac9c42f40fdba3deff4e3ab76e0,Phoenix,ssp585,near_2030s,2034,core_top,core,top,core,24.294668547373803,25.94695013555522,25.120809341464508,27.051050494305436,1.6522815881814126,35.92455719761711,0.09501461942155642,0.1899886131286621,4.448036398467433,0.06420519809773632,0.030809421323820096
d91bdc4d2d263ac6f9d436e85618550452705ac9c42f40fdba3deff4e3ab76e0,Phoenix,ssp585,near_2030s,2034,perimeter_bot_zn_1,perimeter,bottom,south,25.022661622090745,27.404801913065704,26.213731767578224,29.236355320614525,2.38214029097496,33.14429891972379,0.17123386515846378,0.43310051038861275,27.915469348659006,0.1496799136550452,0.02155395150341859
d91bdc4d2d263ac6f9d436e85618550452705ac9c42f40fdba3deff4e3ab76e0,Phoenix,ssp585,near_2030s,2034,perimeter_bot_zn_2,perimeter,bottom,east,24.20927580204402,26.615226535571367,25.41225116880769,27.578678548528593,2.405950733527348,35.759106937576455,0.1084628993993302,0.2619786560535431,8.477011494252872,0.08052361056655093,0.027939288832779265
d91bdc4d2d263ac6f9d436e85618550452705ac9c42f40fdba3deff4e3ab76e0,Phoenix,ssp585,near_2030s,2034,perimeter_bot_zn_3,perimeter,bottom,north,24.252424305204254,25.74279011818283,24.99760721169354,27.237047138457626,1.4903658129785757,36.52851635355968,0.09820280158974791,0.25947653129696846,6.68103448275862,0.06661826833230453,0.031584533257443384
d91bdc4d2d263ac6f9d436e85618550452705ac9c42f40fdba3deff4e3ab76e0,Phoenix,ssp585,near_2030s,2034,perimeter_bot_zn_4,perimeter,bottom,west,24.16209876628567,26.596337571585714,25.379218168935687,27.48136101065231,2.434238805300041,36.01625712297476,0.10486267629352773,0.25947653129696846,6.926484674329501,0.07639710850709464,0.028465567786433093
d91bdc4d2d263ac6f9d436e85618550452705ac9c42f40fdba3deff4e3ab76e0,Phoenix,ssp585,near_2030s,2034,perimeter_mid_zn_1,perimeter,middle,south,24.824170111921493,27.336903314694236,26.080536713307865,28.849904666030778,2.512733202772746,34.53919968297734,0.15924404643004772,0.42881195596419275,25.233477011494255,0.13605856104809444,0.023185485381953298
d91bdc4d2d263ac6f9d436e85618550452705ac9c42f40fdba3deff4e3ab76e0,Phoenix,ssp585,near_2030s,2034,perimeter_mid_zn_2,perimeter,middle,east,24.181478871081545,26.711211952685563,25.446345411883556,27.52030922395206,2.529733081604017,36.1065096512184,0.10679353485024128,0.25984940119087696,7.555076628352491,0.07930837021380131,0.027485164636439956
d91bdc4d2d263ac6f9d436e85618550452705ac9c42f40fdba3deff4e3ab76e0,Phoenix,ssp585,near_2030s,2034,perimeter_mid_zn_3,perimeter,middle,north,24.40804529397273,26.12774311192608,25.267894202949403,27.714920970049665,1.7196978179533515,36.25998776237524,0.10908100007092582,0.29288436844944954,10.189176245210728,0.08062005343479443,0.02846094663613139
d91bdc4d2d263ac6f9d436e85618550452705ac9c42f40fdba3deff4e3ab76e0,Phoenix,ssp585,near_2030s,2034,perimeter_mid_zn_4,perimeter,middle,west,24.204178579653284,26.741306954718365,25.47274276718582,28.021974392555634,2.5371283750650804,36.42158753440691,0.11194062580455316,0.3101632185280323,8.620689655172415,0.08388795188902003,0.02805267391553313
d91bdc4d2d263ac6f9d436e85618550452705ac9c42f40fdba3deff4e3ab76e0,Phoenix,ssp585,near_2030s,2034,perimeter_top_zn_1,perimeter,top,south,24.65500534392101,27.25601303744296,25.95550919068199,28.66669491321462,2.6010076935219444,34.48096428906125,0.15206396962039645,0.393792349845171,22.713122605363985,0.1281604078640471,0.02390356175634935
d91bdc4d2d263ac6f9d436e85618550452705ac9c42f40fdba3deff4e3ab76e0,Phoenix,ssp585,near_2030s,2034,perimeter_top_zn_2,perimeter,top,east,24.17461983705548,26.730904960685297,25.452762398870387,27.762316499487945,2.5562851236298147,36.04776897636191,0.11117141876043049,0.29288436844944954,9.105603448275861,0.0839569368373475,0.027214481923082987
d91bdc4d2d263ac6f9d436e85618550452705ac9c42f40fdba3deff4e3ab76e0,Phoenix,ssp585,near_2030s,2034,perimeter_top_zn_3,perimeter,top,north,24.303656590032094,26.091367884889834,25.197512237460963,27.73354845064038,1.7877112948577447,36.17859874602987,0.10920083182376597,0.29538649320602417,9.716235632183908,0.07977602415423977,0.029424807669526196
d91bdc4d2d263ac6f9d436e85618550452705ac9c42f40fdba3deff4e3ab76e0,Phoenix,ssp585,near_2030s,2034,perimeter_top_zn_4,perimeter,top,west,24.166847394570823,26.729446105884293,25.448146750227554,28.260349447699628,2.562598711313475,36.25908401630831,0.11576008787011526,0.3750436492264271,9.668342911877396,0.08748238649765891,0.028277701372456342
db4a33da8c78b1c9405f7680e4f5f24c7d523fb5b382d3fcbed250f3a3e4ef5e,Kolkata,ssp585,mid_2050s,2059,core_bottom,core,bottom,core,25.481222923958804,27.56218385633495,26.52170339014688,28.77440717566451,2.0809609323761498,54.46236709508981,0.1607796229313427,0.37082353606820107,33.62068965517241,0.13737105732908342,0.023408565602259276
db4a33da8c78b1c9405f7680e4f5f24c7d523fb5b382d3fcbed250f3a3e4ef5e,Kolkata,ssp585,mid_2050s,2059,core_mid,core,middle,core,26.040518770613016,27.506015749671,26.773267260142006,29.252079076404012,1.465496979057983,55.70600886245072,0.18475940340772903,0.3750436492264271,43.63625478927203,0.16288958665722147,0.02186981675050757
db4a33da8c78b1c9405f7680e4f5f24c7d523fb5b382d3fcbed250f3a3e4ef5e,Kolkata,ssp585,mid_2050s,2059,core_top,core,top,core,25.656607331638686,27.386058544303616,26.521332937971152,29.195307386494466,1.7294512126649277,55.2214821413319,0.16645405350167514,0.37082353606820107,37.51795977011494,0.14316854984681274,0.023285503654862406
db4a33da8c78b1c9405f7680e4f5f24c7d523fb5b382d3fcbed250f3a3e4ef5e,Kolkata,ssp585,mid_2050s,2059,perimeter_bot_zn_1,perimeter,bottom,south,27.043270400568847,28.821916960043026,27.93259368030594,30.853912399248294,1.7786465594741772,58.71373728739141,0.24561442047677534,0.4229312436655164,64.54741379310344,0.23018361057570316,0.015430809901072175
db4a33da8c78b1c9405f7680e4f5f24c7d523fb5b382d3fcbed250f3a3e4ef5e,Kolkata,ssp585,mid_2050s,2059,perimeter_bot_zn_2,perimeter,bottom,east,25.165210003907482,27.608438573900887,26.386824288904183,28.825474021144142,2.4432285699934013,56.28268236059612,0.1508583057807213,0.37082353606820107,31.914511494252874,0.12716165530172863,0.02369665047899268
db4a33da8c78b1c9405f7680e4f5f24c7d523fb5b382d3fcbed250f3a3e4ef5e,Kolkata,ssp585,mid_2050s,2059,perimeter_bot_zn_3,perimeter,bottom,north,25.874414070361084,27.68647616238621,26.780445116373645,29.357425394179238,1.8120620920251234,54.4034241516729,0.18466432432762714,0.38957223668694496,40.75670498084291,0.16308639681291673,0.021577927514710427
db4a33da8c78b1c9405f7680e4f5f24c7d523fb5b382d3fcbed250f3a3e4ef5e,Kolkata,ssp585,mid_2050s,2059,perimeter_bot_zn_4,perimeter,bottom,west,24.928797642910173,27.434727114651604,26.181762378780892,28.569386937897473,2.50592947174143,57.03248928251381,0.13331018229149483,0.32677866891026497,26.634339080459768,0.10854101799252502,0.02476916429896982
db4a33da8c78b1c9405f7680e4f5f24c7d523fb5b382d3fcbed250f3a3e4ef5e,Kolkata,ssp585,mid_2050s,2059,perimeter_mid_zn_1,perimeter,middle,south,26.800379767684376,28.853357413007505,27.826868590345942,30.9101522984442,2.052977645323128,53.50836615602663,0.24767094493227917,0.4324922449886799,60.757902298850574,0.2311987877472494,0.0164721571850298
db4a33da8c78b1c9405f7680e4f5f24c7d523fb5b382d3fcbed250f3a3e4ef5e,Kolkata,ssp585,mid_2050s,2059,perimeter_mid_zn_2,perimeter,middle,east,25.28760398183036,27.90343724825522,26.595520615042794,29.44789297108228,2.6158332664248602,57.71042219795846,0.16310169070139388,0.37082353606820107,37.08692528735632,0.1403502376135809,0.022751453087813
db4a33da8c78b1c9405f7680e4f5f24c7d523fb5b382d3fcbed250f3a3e4ef5e,Kolkata,ssp585,mid_2050s,2059,perimeter_mid_zn_3,perimeter,middle,north,26.175367527777045,28.112355075184972,27.14386130148101,30.261443897329823,1.9369875474079254,55.331588320810845,0.2002719166634316,0.38957223668694496,47.084530651341,0.18029977462145855,0.01997214204197307
db4a33da8c78b1c9405f7680e4f5f24c7d523fb5b382d3fcbed250f3a3e4ef5e,Kolkata,ssp585,mid_2050s,2059,perimeter_mid_zn_4,perimeter,middle,west,25.08337665449199,27.763587512759912,26.42348208362595,29.238971202485907,2.6802108582679187,58.562153675209494,0.14705271067547332,0.3624461127910763,32.537116858237546,0.12367029762242553,0.023382413053047783
db4a33da8c78b1c9405f7680e4f5f24c7d523fb5b382d3fcbed250f3a3e4ef5e,Kolkata,ssp585,mid_2050s,2059,perimeter_top_zn_1,perimeter,top,south,26.309831948202202,28.634437695333002,27.4721348217676,30.74984056622453,2.3246057471307973,53.39830443078849,0.22311339706286015,0.42881195596419275,53.25071839080459,0.20476055793833056,0.018352839124529605
db4a33da8c78b1c9405f7680e4f5f24c7d523fb5b382d3fcbed250f3a3e4ef5e,Kolkata,ssp585,mid_2050s,2059,perimeter_top_zn_2,perimeter,top,east,25.195486345525296,27.896492224464264,26.54598928499478,29.5694450388081,2.7010058789389686,56.80981147228958,0.15853407969452432,0.37082353606820107,35.05747126436782,0.1353609282502207,0.023173151444303635
db4a33da8c78b1c9405f7680e4f5f24c7d523fb5b382d3fcbed250f3a3e4ef5e,Kolkata,ssp585,mid_2050s,2059,perimeter_top_zn_3,perimeter,top,north,25.82115019290144,27.972479121071157,26.896814656986297,30.151111447143403,2.1513289281697165,54.9548342740585,0.18403776048683912,0.38576185796409845,42.007902298850574,0.1626205320926218,0.021417228394217315
db4a33da8c78b1c9405f7680e4f5f24c7d523fb5b382d3fcbed250f3a3e4ef5e,Kolkata,ssp585,mid_2050s,2059,perimeter_top_zn_4,perimeter,top,west,24.875330494932822,27.681065869049416,26.27819818199112,29.160032728338066,2.8057353741165922,57.86574474516571,0.13440817212168263,0.32677866891026497,27.107279693486593,0.11015614276870968,0.02425202935297295
dd901e9649c2674cdced993e8f00ed69849eead51f08823f55f32ca2edf649af,Ahmedabad,ssp245,baseline_2020s,2025,core_bottom,core,bottom,core,24.463986397963183,26.601600341350043,25.532793369656613,27.106842868043305,2.1376139433868597,48.93303685975678,0.08532969829232978,0.1872413046658039,2.6281130268199235,0.05490978091842115,0.03041991737390863
dd901e9649c2674cdced993e8f00ed69849eead51f08823f55f32ca2edf649af,Ahmedabad,ssp245,baseline_2020s,2025,core_mid,core,middle,core,24.78212349564706,26.413710754625573,25.597917125136316,27.637449281183336,1.6315872589785128,50.43442374733331,0.09418737808978064,0.25947653129696846,8.339319923371647,0.0655938894601099,0.028593488629670746
dd901e9649c2674cdced993e8f00ed69849eead51f08823f55f32ca2edf649af,Ahmedabad,ssp245,baseline_2020s,2025,core_top,core,top,core,24.54916815316703,26.366470513643588,25.457819333405308,27.548043811576832,1.8173023604765564,49.72073256505349,0.087644729288102,0.25525641813874245,6.752873563218391,0.057771465358009,0.029873263930093
dd901e9649c2674cdced993e8f00ed69849eead51f08823f55f32ca2edf649af,Ahmedabad,ssp245,baseline_2020s,2025,perimeter_bot_zn_1,perimeter,bottom,south,25.942991236009107,28.003057759836615,26.97302449792286,29.709758161339593,2.0600665238275133,49.550297342744585,0.204324199818005,0.5213801695499569,42.792145593869726,0.1837406944157578,0.02058350540224721
dd901e9649c2674cdced993e8f00ed69849eead51f08823f55f32ca2edf649af,Ahmedabad,ssp245,baseline_2020s,2025,perimeter_bot_zn_2,perimeter,bottom,east,24.394079246604296,26.96806824893826,25.68107374777128,27.55545080710156,2.5739890023339616,49.895178074824486,0.09339844376868017,0.2034426648169756,6.327825670498084,0.06407466244695831,0.02932378132172186
dd901e9649c2674cdced993e8f00ed69849eead51f08823f55f32ca2edf649af,Ahmedabad,ssp245,baseline_2020s,2025,perimeter_bot_zn_3,perimeter,bottom,north,24.637175271879492,26.440962989560557,25.539069130720023,27.540230969870578,1.8037877176810633,49.68420001844889,0.09078760779813394,0.2030697949230671,5.890804597701149,0.0616679953679289,0.029119612430205048
dd901e9649c2674cdced993e8f00ed69849eead51f08823f55f32ca2edf649af,Ahmedabad,ssp245,baseline_2020s,2025,perimeter_bot_zn_4,perimeter,bottom,west,24.301155208740003,26.876448604195797,25.588801906467904,27.322984907338316,2.575293395455792,50.24314688475516,0.08819783526352652,0.20238397270441055,5.064655172413793,0.05834759077480084,0.02985024448872568
dd901e9649c2674cdced993e8f00ed69849eead51f08823f55f32ca2edf649af,Ahmedabad,ssp245,baseline_2020s,2025,perimeter_mid_zn_1,perimeter,middle,south,25.57255122916175,27.88397357623791,26.72826240269983,29.350670177257268,2.311422347076165,48.328034564565655,0.18682970032812074,0.5213801695499569,35.06944444444444,0.16431420002448446,0.022515500303636277
dd901e9649c2674cdced993e8f00ed69849eead51f08823f55f32ca2edf649af,Ahmedabad,ssp245,baseline_2020s,2025,perimeter_mid_zn_2,perimeter,middle,east,24.37315819520846,27.091663908305318,25.732411051756884,27.715118355420557,2.7185057130968535,51.26404460929037,0.09714236725430338,0.25947653129696846,8.866139846743296,0.06851992649442143,0.02862244075988194
dd901e9649c2674cdced993e8f00ed69849eead51f08823f55f32ca2edf649af,Ahmedabad,ssp245,baseline_2020s,2025,perimeter_mid_zn_3,perimeter,middle,north,24.789505974129472,26.78304611512454,25.786276044627,28.15680817696236,1.99354014099507,50.523334023405845,0.10769388540216943,0.29288436844944954,13.212404214559387,0.0799728345737094,0.027721050828460013
dd901e9649c2674cdced993e8f00ed69849eead51f08823f55f32ca2edf649af,Ahmedabad,ssp245,baseline_2020s,2025,perimeter_mid_zn_4,perimeter,middle,west,24.319409460586986,27.034459179224164,25.676934319905577,27.65747080678362,2.7150497186371836,51.69881495468718,0.09366785847600935,0.25947653129696846,7.363505747126436,0.06504268723776853,0.02862517123824082
dd901e9649c2674cdced993e8f00ed69849eead51f08823f55f32ca2edf649af,Ahmedabad,ssp245,baseline_2020s,2025,perimeter_top_zn_1,perimeter,top,south,25.194399709974775,27.722052191813365,26.458225950894068,29.006496529531177,2.527652481838587,48.04503546521798,0.16531363201325783,0.43180642277002335,29.669540229885055,0.1410522125315138,0.02426141948174403
dd901e9649c2674cdced993e8f00ed69849eead51f08823f55f32ca2edf649af,Ahmedabad,ssp245,baseline_2020s,2025,perimeter_top_zn_2,perimeter,top,east,24.345994392773164,27.12642769036656,25.73621104156986,27.743914795146587,2.780433297593398,50.39055441761758,0.09767751465723,0.25984940119087696,8.90205938697318,0.0688478219494807,0.0288296927077493
dd901e9649c2674cdced993e8f00ed69849eead51f08823f55f32ca2edf649af,Ahmedabad,ssp245,baseline_2020s,2025,perimeter_top_zn_3,perimeter,top,north,24.603049319321837,26.734791888127276,25.66892060372456,28.100996373069055,2.1317425688054388,49.872956427472396,0.10109533581120998,0.29288436844944954,10.853687739463602,0.0722078180405685,0.028887517770641472
dd901e9649c2674cdced993e8f00ed69849eead51f08823f55f32ca2edf649af,Ahmedabad,ssp245,baseline_2020s,2025,perimeter_top_zn_4,perimeter,top,west,24.26585054026534,27.043164332632184,25.654507436448764,27.655157628661012,2.777313792366848,50.749473970335245,0.09333516003461301,0.25947653129696846,7.26772030651341,0.06428534325803907,0.02904981677657394
e1a396ce14cdae050d4a276f4bf5e20b254f65d8f116954665771888b46ff24b,Beijing,ssp245,baseline_2020s,2026,core_bottom,core,bottom,core,24.057742135150626,25.527841482959236,24.792791809054933,25.53879235034022,1.4700993478086097,30.63849812516223,0.1013193876914978,0.1792108127847314,0.43103448275862066,0.07971864656752183,0.02160074112397597
e1a396ce14cdae050d4a276f4bf5e20b254f65d8f116954665771888b46ff24b,Beijing,ssp245,baseline_2020s,2026,core_mid,core,middle,core,23.962371881386932,24.903990793242414,24.433181337314668,25.615265434185293,0.9416189118554797,32.28659059073172,0.08080492054758562,0.12384164705872536,0.5507662835249042,0.05660531324422758,0.024199607303358038
e1a396ce14cdae050d4a276f4bf5e20b254f65d8f116954665771888b46ff24b,Beijing,ssp245,baseline_2020s,2026,core_top,core,top,core,23.695844967950432,24.51036229273641,24.10310363034342,25.25056731996449,0.8145173247859729,32.44796930824907,0.07548346447132143,0.1114867702126503,0.646551724137931,0.04889798045053122,0.026585484020790206
e1a396ce14cdae050d4a276f4bf5e20b254f65d8f116954665771888b46ff24b,Beijing,ssp245,baseline_2020s,2026,perimeter_bot_zn_1,perimeter,bottom,south,23.142884798739125,25.000997608348758,24.071941203543936,25.92238745515523,1.8581128096096329,33.19136533251912,0.08430166587607545,0.14832361415028572,1.1494252873563218,0.057237798568020554,0.02706386730805489
e1a396ce14cdae050d4a276f4bf5e20b254f65d8f116954665771888b46ff24b,Beijing,ssp245,baseline_2020s,2026,perimeter_bot_zn_2,perimeter,bottom,east,23.462694656500773,24.419863655342034,23.941279155921407,25.482849839208274,0.957168998841265,34.506706221130095,0.07189688116750927,0.09089525043964386,0.17959770114942528,0.043053283913674766,0.028843597253834494
e1a396ce14cdae050d4a276f4bf5e20b254f65d8f116954665771888b46ff24b,Beijing,ssp245,baseline_2020s,2026,perimeter_bot_zn_3,perimeter,bottom,north,23.360843139919954,23.909330494555583,23.635086817237767,25.613078468743833,0.5484873546356248,34.72813025967687,0.06957652521802744,0.0919598862528801,0.17959770114942528,0.03758099143548558,0.03199553378254186
e1a396ce14cdae050d4a276f4bf5e20b254f65d8f116954665771888b46ff24b,Beijing,ssp245,baseline_2020s,2026,perimeter_bot_zn_4,perimeter,bottom,west,23.51753442089925,24.597402183544638,24.05746830222194,25.617942411001007,1.0798677626453879,34.25089359219525,0.07415868171715531,0.0981990434229374,0.04190613026819923,0.045832378300537095,0.02832630341661821
e1a396ce14cdae050d4a276f4bf5e20b254f65d8f116954665771888b46ff24b,Beijing,ssp245,baseline_2020s,2026,perimeter_mid_zn_1,perimeter,middle,south,23.776435435638078,25.436175339262242,24.606305387450163,26.14763130105701,1.6597399036241605,31.42335397728515,0.10099264099865082,0.2030697949230671,5.08860153256705,0.07706878885717784,0.023923852141472975
e1a396ce14cdae050d4a276f4bf5e20b254f65d8f116954665771888b46ff24b,Beijing,ssp245,baseline_2020s,2026,perimeter_mid_zn_2,perimeter,middle,east,23.52331564445808,24.69659759801607,24.109956621237075,25.692805347407077,1.1732819535579861,33.217889973113664,0.0756163840157928,0.10476453229784966,0.43103448275862066,0.04824575859499324,0.027370625420799568
e1a396ce14cdae050d4a276f4bf5e20b254f65d8f116954665771888b46ff24b,Beijing,ssp245,baseline_2020s,2026,perimeter_mid_zn_3,perimeter,middle,north,23.502246592297283,24.322382777831585,23.912314685064434,25.993214122429833,0.8201361855342981,33.643158103705076,0.07526473349362382,0.0919598862528801,1.3529693486590038,0.04643849590245743,0.028826237591166384
e1a396ce14cdae050d4a276f4bf5e20b254f65d8f116954665771888b46ff24b,Beijing,ssp245,baseline_2020s,2026,perimeter_mid_zn_4,perimeter,middle,west,23.544547105996593,24.825072056790322,24.184809581393456,25.850965615831676,1.2805249507937246,33.3466289093824,0.07889699946513404,0.1220385767519474,0.24545019157088122,0.0517593853224035,0.027137614142730537
e1a396ce14cdae050d4a276f4bf5e20b254f65d8f116954665771888b46ff24b,Beijing,ssp245,baseline_2020s,2026,perimeter_top_zn_1,perimeter,top,south,23.611662114293303,25.126038250693767,24.36885018249353,25.876123589354144,1.5143761364004622,31.579749419078944,0.09523981423901128,0.19350879359990358,4.0888409961685825,0.0695592618797829,0.02568055235922838
e1a396ce14cdae050d4a276f4bf5e20b254f65d8f116954665771888b46ff24b,Beijing,ssp245,baseline_2020s,2026,perimeter_top_zn_2,perimeter,top,east,23.35137185753099,24.384264774850077,23.867818316190537,25.707632483493303,1.0328929173190915,33.86516394955581,0.07399447952399175,0.0919598862528801,0.6285919540229885,0.044016972229955625,0.02997750729403612
e1a396ce14cdae050d4a276f4bf5e20b254f65d8f116954665771888b46ff24b,Beijing,ssp245,baseline_2020s,2026,perimeter_top_zn_3,perimeter,top,north,23.28483601877543,23.975763974321257,23.630299996548345,25.550708111567054,0.6909279555458245,33.745124601995904,0.07348880997270843,0.0919598862528801,1.2751436781609196,0.04155835142123631,0.03193045855147213
e1a396ce14cdae050d4a276f4bf5e20b254f65d8f116954665771888b46ff24b,Beijing,ssp245,baseline_2020s,2026,perimeter_top_zn_4,perimeter,top,west,23.367586704566115,24.49993362407358,23.933760164319846,25.915338587069186,1.132346919507463,33.52925416665302,0.07709875780015181,0.12003126833587885,0.35919540229885055,0.047517482693002905,0.0295812751071489
e47aa5c1305aefffea0d6dd517f7197da0bead4506fcbd6f0a2b8a4601c115dc,Phoenix,ssp245,mid_2050s,2054,core_bottom,core,bottom,core,24.193883385295997,26.26529501569622,25.229589200496115,26.511903099595038,2.071411630400223,34.97363475206907,0.09369326928806432,0.141592126339674,1.63433908045977,0.06294527237920869,0.03074799690885564
e47aa5c1305aefffea0d6dd517f7197da0bead4506fcbd6f0a2b8a4601c115dc,Phoenix,ssp245,mid_2050s,2054,core_mid,core,middle,core,24.427812590011673,26.01837266581925,25.22309262791546,27.272224954110868,1.5905600758075795,36.10539428871282,0.09924985745838545,0.25947653129696846,6.4415708812260535,0.06977349517817236,0.02947636228021309
e47aa5c1305aefffea0d6dd517f7197da0bead4506fcbd6f0a2b8a4601c115dc,Phoenix,ssp245,mid_2050s,2054,core_top,core,top,core,24.356667327144386,26.015906022071903,25.18628667460814,27.315575088212782,1.6592386949275182,35.88868045400792,0.10052066253112599,0.25947653129696846,6.7828065134099615,0.07064689989856282,0.029873762632563167
e47aa5c1305aefffea0d6dd517f7197da0bead4506fcbd6f0a2b8a4601c115dc,Phoenix,ssp245,mid_2050s,2054,perimeter_bot_zn_1,perimeter,bottom,south,25.069009777070214,27.46367625273708,26.26634301490365,29.265435119073373,2.3946664756668623,33.152288871833754,0.17635107931247318,0.4414338655769825,28.765565134099617,0.15516429373648122,0.021186785575991962
e47aa5c1305aefffea0d6dd517f7197da0bead4506fcbd6f0a2b8a4601c115dc,Phoenix,ssp245,mid_2050s,2054,perimeter_bot_zn_2,perimeter,bottom,east,24.265436632200203,26.683794649389647,25.474615640794926,27.81259312905904,2.4183580171894437,35.65754576942454,0.11379693220205321,0.3101632185280323,10.32088122605364,0.08628665978959636,0.027510272412456842
e47aa5c1305aefffea0d6dd517f7197da0bead4506fcbd6f0a2b8a4601c115dc,Phoenix,ssp245,mid_2050s,2054,perimeter_bot_zn_3,perimeter,bottom,north,24.327714398796452,25.824418931163645,25.076066664980047,27.609785634617868,1.4967045323671881,36.372856428400695,0.10600426651331572,0.29538649320602417,9.871886973180075,0.07539561427206379,0.03060865224125194
e47aa5c1305aefffea0d6dd517f7197da0bead4506fcbd6f0a2b8a4601c115dc,Phoenix,ssp245,mid_2050s,2054,perimeter_bot_zn_4,perimeter,bottom,west,24.214372324418704,26.661366022414555,25.437869173416633,27.652085135016208,2.4469936979958495,35.92258730254056,0.10912706831666555,0.281505823135376,8.004070881226054,0.08148362824813306,0.02764344006853249
e47aa5c1305aefffea0d6dd517f7197da0bead4506fcbd6f0a2b8a4601c115dc,Phoenix,ssp245,mid_2050s,2054,perimeter_mid_zn_1,perimeter,middle,south,24.876221805165393,27.397151925815727,26.13668686549056,28.779490456610652,2.520930120650334,34.524078949630294,0.16651454341338429,0.42881195596419275,27.592193486590038,0.1436552798659389,0.02285926354744539
e47aa5c1305aefffea0d6dd517f7197da0bead4506fcbd6f0a2b8a4601c115dc,Phoenix,ssp245,mid_2050s,2054,perimeter_mid_zn_2,perimeter,middle,east,24.23367768768523,26.773718334271944,25.503698010978592,27.776037895558044,2.540040646586712,36.05622174078749,0.11275312623985179,0.3021327266469598,9.369013409961687,0.08536839359631705,0.02738473264353474
e47aa5c1305aefffea0d6dd517f7197da0bead4506fcbd6f0a2b8a4601c115dc,Phoenix,ssp245,mid_2050s,2054,perimeter_mid_zn_3,perimeter,middle,north,24.470405541404546,26.19562527229862,25.333015406851587,28.086938139647007,1.7252197308940713,36.15811911737111,0.11658677881061374,0.3750436492264271,12.230603448275861,0.08836352093459929,0.028223257876014457
e47aa5c1305aefffea0d6dd517f7197da0bead4506fcbd6f0a2b8a4601c115dc,Phoenix,ssp245,mid_2050s,2054,perimeter_mid_zn_4,perimeter,middle,west,24.24030227779017,26.79308339809468,25.516692837942426,28.09907412174336,2.5527811203045054,36.404847589149085,0.11476560983114323,0.31266534328460693,9.279214559386974,0.08713397196706132,0.027631637864081893
e47aa5c1305aefffea0d6dd517f7197da0bead4506fcbd6f0a2b8a4601c115dc,Phoenix,ssp245,mid_2050s,2054,perimeter_top_zn_1,perimeter,top,south,24.71140617620704,27.322430940101402,26.01691855815422,28.63923192164442,2.6110247638943576,34.46981575442211,0.15848496062205494,0.41987033537589014,24.574952107279692,0.1349387075001565,0.023546253121898453
e47aa5c1305aefffea0d6dd517f7197da0bead4506fcbd6f0a2b8a4601c115dc,Phoenix,ssp245,mid_2050s,2054,perimeter_top_zn_2,perimeter,top,east,24.235266267261643,26.802076762914506,25.518671515088073,28.073739681999395,2.566810495652861,35.984486551359836,0.11798822895098648,0.3101632185280323,11.446360153256704,0.09069284644923253,0.027295382501753947
e47aa5c1305aefffea0d6dd517f7197da0bead4506fcbd6f0a2b8a4601c115dc,Phoenix,ssp245,mid_2050s,2054,perimeter_top_zn_3,perimeter,top,north,24.37797041990429,26.170138995148996,25.27405470752664,28.181923427481983,1.7921685752446996,36.07119221791858,0.117885686494429,0.3750436492264271,12.38625478927203,0.08886908215261645,0.029016604341812552
e47aa5c1305aefffea0d6dd517f7197da0bead4506fcbd6f0a2b8a4601c115dc,Phoenix,ssp245,mid_2050s,2054,perimeter_top_zn_4,perimeter,top,west,24.208123870256248,26.787802649330764,25.497963259793504,28.364471137720486,2.579678779074524,36.253321975286134,0.1184478042222059,0.37082353606820107,10.117337164750957,0.09057327187561004,0.027874532346595864
ea6ebe492d13130fb6aec9ec2976fce52907ee108f04774ef852e328a84e5c61,Ahmedabad,ssp585,near_2030s,2037,core_bottom,core,bottom,core,24.550429862985606,26.67151122519948,25.610970544092545,27.288555100283954,2.121081362213873,48.849091954606116,0.09072323216487103,0.19219142571091652,4.406130268199234,0.06067439390533074,0.0300488382595403
ea6ebe492d13130fb6aec9ec2976fce52907ee108f04774ef852e328a84e5c61,Ahmedabad,ssp585,near_2030s,2037,core_mid,core,middle,core,24.9056245529542,26.504423329092205,25.70502394102321,27.915804632898887,1.598798776138005,50.4327597406513,0.10287823939812035,0.27900369837880135,11.176963601532568,0.07473089843978382,0.028147340958336525
ea6ebe492d13130fb6aec9ec2976fce52907ee108f04774ef852e328a84e5c61,Ahmedabad,ssp585,near_2030s,2037,core_top,core,top,core,24.654217808117842,26.442754976036657,25.548486392077248,27.860511441349196,1.788537167918819,49.72155448877142,0.09518230793794086,0.27900369837880135,9.11757662835249,0.06549276278659316,0.0296895451513477
ea6ebe492d13130fb6aec9ec2976fce52907ee108f04774ef852e328a84e5c61,Ahmedabad,ssp585,near_2030s,2037,perimeter_bot_zn_1,perimeter,bottom,south,26.02596748520146,28.03631455761673,27.031141021409095,29.99233615060407,2.010347072415272,49.52243284755285,0.21123957206260158,0.5213801695499569,44.94731800766284,0.1909392451527582,0.02030032690984337
ea6ebe492d13130fb6aec9ec2976fce52907ee108f04774ef852e328a84e5c61,Ahmedabad,ssp585,near_2030s,2037,perimeter_bot_zn_2,perimeter,bottom,east,24.464855647185598,26.997457433144596,25.7311565401651,27.814592234593952,2.5326017859590015,49.891635905041106,0.09971029132662751,0.25947653129696846,8.147749042145595,0.07031892778485045,0.029391363541777064
ea6ebe492d13130fb6aec9ec2976fce52907ee108f04774ef852e328a84e5c61,Ahmedabad,ssp585,near_2030s,2037,perimeter_bot_zn_3,perimeter,bottom,north,24.74179974929156,26.489783469963218,25.61579160962739,27.801558888422967,1.7479837206716569,49.61179135564468,0.09736921811061314,0.25947653129696846,7.716714559386974,0.06884140790916508,0.028527810201448053
ea6ebe492d13130fb6aec9ec2976fce52907ee108f04774ef852e328a84e5c61,Ahmedabad,ssp585,near_2030s,2037,perimeter_bot_zn_4,perimeter,bottom,west,24.355935891543133,26.89515248154129,25.625544186542214,27.44627162463299,2.5392165899981634,50.27868152966608,0.09236920816136722,0.2030697949230671,6.118295019157088,0.062439407701907375,0.029929800459459848
ea6ebe492d13130fb6aec9ec2976fce52907ee108f04774ef852e328a84e5c61,Ahmedabad,ssp585,near_2030s,2037,perimeter_mid_zn_1,perimeter,middle,south,25.680493608082582,27.944224664069502,26.812359136076047,29.59828961434294,2.263731055986922,48.38287209645641,0.19380053036830164,0.5213801695499569,36.57806513409962,0.1719487179465453,0.021851812421756357
ea6ebe492d13130fb6aec9ec2976fce52907ee108f04774ef852e328a84e5c61,Ahmedabad,ssp585,near_2030s,2037,perimeter_mid_zn_2,perimeter,middle,east,24.440729749978537,27.130142864892647,25.785436307435596,28.00422073515644,2.6894131149141107,51.451767481899665,0.10263527083307437,0.28332336712628603,10.43462643678161,0.07412609024534458,0.02850918058772978
ea6ebe492d13130fb6aec9ec2976fce52907ee108f04774ef852e328a84e5c61,Ahmedabad,ssp585,near_2030s,2037,perimeter_mid_zn_3,perimeter,middle,north,24.90911938669637,26.850240329790406,25.87967985824339,28.373115668754362,1.9411209430940266,50.563650455476036,0.11509955947931512,0.3101632185280323,14.451628352490422,0.08796161881312808,0.02713794066618704
ea6ebe492d13130fb6aec9ec2976fce52907ee108f04774ef852e328a84e5c61,Ahmedabad,ssp585,near_2030s,2037,perimeter_mid_zn_4,perimeter,middle,west,24.381605828593244,27.068638416023756,25.725122122308502,27.797342882431867,2.6870325874305108,51.89627908575666,0.09848347520352851,0.25984940119087696,8.764367816091955,0.06971900004039829,0.028764475163130222
ea6ebe492d13130fb6aec9ec2976fce52907ee108f04774ef852e328a84e5c61,Ahmedabad,ssp585,near_2030s,2037,perimeter_top_zn_1,perimeter,top,south,25.290744511858232,27.772593002216368,26.531668757037302,29.264258291586255,2.4818484903581384,48.07072072094694,0.17164798834360523,0.4324922449886799,30.801005747126435,0.14795289712247056,0.023695091221134657
ea6ebe492d13130fb6aec9ec2976fce52907ee108f04774ef852e328a84e5c61,Ahmedabad,ssp585,near_2030s,2037,perimeter_top_zn_2,perimeter,top,east,24.408555760073366,27.15724795403514,25.782901857054252,28.125832036333662,2.748692193961775,50.534693873480585,0.10312646073134776,0.29288436844944954,10.530411877394636,0.07446373062683546,0.0286627301045123
ea6ebe492d13130fb6aec9ec2976fce52907ee108f04774ef852e328a84e5c61,Ahmedabad,ssp585,near_2030s,2037,perimeter_top_zn_3,perimeter,top,north,24.702472180136947,26.786648023476225,25.744560101806584,28.316332315794934,2.084175843339282,49.91159984068205,0.10793473116033314,0.3059431053698063,12.284482758620689,0.0795223945775203,0.028412336582812826
ea6ebe492d13130fb6aec9ec2976fce52907ee108f04774ef852e328a84e5c61,Ahmedabad,ssp585,near_2030s,2037,perimeter_top_zn_4,perimeter,top,west,24.31777474265109,27.066850754564552,25.69231274860782,27.812731933128777,2.7490760119134676,50.9214799176464,0.09741053784469228,0.2619786560535431,8.381226053639846,0.06840741608392892,0.029003121760763362
f02b0a102d7199a5ee742ff1a3df437c05286005d29b1a16657869ca81e1a681,Houston,ssp245,baseline_2020s,2027,core_bottom,core,bottom,core,24.301947113960388,26.190354757489043,25.246150935724714,26.708909237710838,1.8884076435286525,47.61791929591661,0.07846487742422507,0.1114867702126503,1.1374521072796935,0.048447890564892085,0.03001698685933299
f02b0a102d7199a5ee742ff1a3df437c05286005d29b1a16657869ca81e1a681,Houston,ssp245,baseline_2020s,2027,core_mid,core,middle,core,24.477420708853973,25.856222543923753,25.166821626388867,27.17909936038197,1.3788018350697802,48.93890802498262,0.07843286355160546,0.1872413046658039,3.1549329501915713,0.048110381778322026,0.030322481773283432
f02b0a102d7199a5ee742ff1a3df437c05286005d29b1a16657869ca81e1a681,Houston,ssp245,baseline_2020s,2027,core_top,core,top,core,24.292445675084508,25.733682393487882,25.01306403428619,27.023981577414812,1.4412367184033756,48.820124852859564,0.07463109545531,0.1872413046658039,2.951388888888889,0.04272495986551664,0.031906135589793376
f02b0a102d7199a5ee742ff1a3df437c05286005d29b1a16657869ca81e1a681,Houston,ssp245,baseline_2020s,2027,perimeter_bot_zn_1,perimeter,bottom,south,24.546219148918674,26.45127177272064,25.49874546081966,28.062598660115302,1.9050526238019634,51.66389852773823,0.10550836398604908,0.292198546230793,12.104885057471265,0.07700005047153985,0.028508313514509238
f02b0a102d7199a5ee742ff1a3df437c05286005d29b1a16657869ca81e1a681,Houston,ssp245,baseline_2020s,2027,perimeter_bot_zn_2,perimeter,bottom,east,24.20089772553796,26.118259093966852,25.15957840975241,27.38805101635723,1.9173613684288873,49.71100090172269,0.08177374260186956,0.18748648837208748,3.9272030651340994,0.050626399034268035,0.031147343567601526
f02b0a102d7199a5ee742ff1a3df437c05286005d29b1a16657869ca81e1a681,Houston,ssp245,baseline_2020s,2027,perimeter_bot_zn_3,perimeter,bottom,north,24.281095681564164,25.637558963303096,24.95932732243363,27.043187873737725,1.356463281738937,49.93900250591167,0.07437711673733195,0.1872413046658039,1.5744731800766285,0.042204496881425455,0.03217261985590649
f02b0a102d7199a5ee742ff1a3df437c05286005d29b1a16657869ca81e1a681,Houston,ssp245,baseline_2020s,2027,perimeter_bot_zn_4,perimeter,bottom,west,24.087823145890706,26.05612492498942,25.07197403544006,26.67179744384985,1.968301779098706,50.005373187671125,0.07449706917674588,0.1114867702126503,1.059626436781609,0.042553013773149746,0.031944055403596135
f02b0a102d7199a5ee742ff1a3df437c05286005d29b1a16657869ca81e1a681,Houston,ssp245,baseline_2020s,2027,perimeter_mid_zn_1,perimeter,middle,south,24.62798585023667,26.63203629795404,25.63001107409536,28.0620358030584,2.0040504477173693,48.46547938804939,0.1059269983346044,0.29288436844944954,10.446599616858238,0.07855939227582305,0.027367606058781337
f02b0a102d7199a5ee742ff1a3df437c05286005d29b1a16657869ca81e1a681,Houston,ssp245,baseline_2020s,2027,perimeter_mid_zn_2,perimeter,middle,east,24.201840344402235,26.293566771840943,25.24770355812159,27.546418134337074,2.091726427438703,49.88391342593598,0.08594466869596276,0.2030697949230671,5.16044061302682,0.05526939451851047,0.030675274177452295
f02b0a102d7199a5ee742ff1a3df437c05286005d29b1a16657869ca81e1a681,Houston,ssp245,baseline_2020s,2027,perimeter_mid_zn_3,perimeter,middle,north,24.42212183353685,25.988368717686612,25.205245275611727,27.614035437905812,1.5662468841497588,49.73656090063446,0.08543380131590192,0.2030697949230671,5.405890804597701,0.05488671890550946,0.030547082410392466
f02b0a102d7199a5ee742ff1a3df437c05286005d29b1a16657869ca81e1a681,Houston,ssp245,baseline_2020s,2027,perimeter_mid_zn_4,perimeter,middle,west,24.100231610462405,26.242893601981567,25.171562606221986,26.95440046564456,2.1426619915191587,50.432338376673954,0.07905106440970855,0.1872413046658039,2.5383141762452106,0.04795844145656663,0.03109262295314191
f02b0a102d7199a5ee742ff1a3df437c05286005d29b1a16657869ca81e1a681,Houston,ssp245,baseline_2020s,2027,perimeter_top_zn_1,perimeter,top,south,24.38068870042586,26.462727608926123,25.42170815467599,27.864740992990004,2.0820389085002593,48.564951474277976,0.09635846924825221,0.25947653129696846,7.7526340996168575,0.06711252208918884,0.029245947159063364
f02b0a102d7199a5ee742ff1a3df437c05286005d29b1a16657869ca81e1a681,Houston,ssp245,baseline_2020s,2027,perimeter_top_zn_2,perimeter,top,east,24.120348037472855,26.22052523271065,25.17043663509175,27.47937141893778,2.1001771952377997,49.8902672131037,0.0845484112716971,0.2030697949230671,5.1065613026819925,0.053082047042205406,0.0314663642294917
f02b0a102d7199a5ee742ff1a3df437c05286005d29b1a16657869ca81e1a681,Houston,ssp245,baseline_2020s,2027,perimeter_top_zn_3,perimeter,top,north,24.230016852227315,25.855139824357558,25.042578338292433,27.470948505253368,1.6251229721302376,49.748047063049675,0.08140860909703804,0.19219142571091652,4.603687739463601,0.04909231502465079,0.03231629407238724
f02b0a102d7199a5ee742ff1a3df437c05286005d29b1a16657869ca81e1a681,Houston,ssp245,baseline_2020s,2027,perimeter_top_zn_4,perimeter,top,west,24.00887928070708,26.154546349909282,25.08171281530818,26.926397934158356,2.1456670692021946,50.23350984836276,0.07847022052460506,0.15076221898198128,2.646072796934866,0.04631896439531168,0.03215125612929337
f048600e107d3173126e85da0a89ac55813c8bbf00ef033ada4eb40110b05b3b,Kolkata,ssp245,near_2030s,2031,core_bottom,core,bottom,core,24.88431898996623,26.919036543661104,25.901677766813666,28.148413490700975,2.034717553694876,52.247635472283115,0.11361722982532563,0.29288436844944954,15.493295019157088,0.08630475370193094,0.027312476123394682
f048600e107d3173126e85da0a89ac55813c8bbf00ef033ada4eb40110b05b3b,Kolkata,ssp245,near_2030s,2031,core_mid,core,middle,core,25.27932627248303,26.755575136199045,26.017450704341037,28.669670349397673,1.4762488637160163,53.532231668911614,0.1272205453312461,0.3101632185280323,23.341714559386972,0.10130222148996362,0.02591832384128249
f048600e107d3173126e85da0a89ac55813c8bbf00ef033ada4eb40110b05b3b,Kolkata,ssp245,near_2030s,2031,core_top,core,top,core,24.96637252617075,26.645513580310336,25.805943053240547,28.46020136166583,1.6791410541395844,53.085256820230825,0.11291475401873426,0.3059431053698063,18.48060344827586,0.08567064553561667,0.027244108483117584
f048600e107d3173126e85da0a89ac55813c8bbf00ef033ada4eb40110b05b3b,Kolkata,ssp245,near_2030s,2031,perimeter_bot_zn_1,perimeter,bottom,south,25.99709350308539,27.827485989974466,26.91228974652993,30.223196270314133,1.8303924868890742,56.80361457986063,0.1792249638176103,0.3750436492264271,40.65493295019157,0.15844821066969614,0.020776753147914148
f048600e107d3173126e85da0a89ac55813c8bbf00ef033ada4eb40110b05b3b,Kolkata,ssp245,near_2030s,2031,perimeter_bot_zn_2,perimeter,bottom,east,24.64046354252484,26.88092610192875,25.760694822226796,28.16053050115793,2.240462559403909,54.08830234887441,0.10756675497788987,0.29288436844944954,15.91235632183908,0.0799889388306078,0.02757781614728207
f048600e107d3173126e85da0a89ac55813c8bbf00ef033ada4eb40110b05b3b,Kolkata,ssp245,near_2030s,2031,perimeter_bot_zn_3,perimeter,bottom,north,25.153731691274974,26.868870552986838,26.011301122130906,28.874836760219804,1.715138861711865,52.75322010506009,0.12915998803047102,0.3624461127910763,21.270354406130267,0.10320889496157959,0.025951093068891436
f048600e107d3173126e85da0a89ac55813c8bbf00ef033ada4eb40110b05b3b,Kolkata,ssp245,near_2030s,2031,perimeter_bot_zn_4,perimeter,bottom,west,24.483809579055716,26.754396782246797,25.619103180651255,27.823524153959344,2.2705872031910843,54.59641256230752,0.09747928484999836,0.27900369837880135,12.811302681992338,0.06887459068857285,0.028604694161425505
f048600e107d3173126e85da0a89ac55813c8bbf00ef033ada4eb40110b05b3b,Kolkata,ssp245,near_2030s,2031,perimeter_mid_zn_1,perimeter,middle,south,25.855943100923373,27.905816591182084,26.88087984605273,30.12587698649302,2.049873490258715,51.83662864698984,0.18152979668523922,0.38423134852200747,38.69731800766284,0.16035395968395197,0.02117583700128725
f048600e107d3173126e85da0a89ac55813c8bbf00ef033ada4eb40110b05b3b,Kolkata,ssp245,near_2030s,2031,perimeter_mid_zn_2,perimeter,middle,east,24.68465500262946,27.124676699783773,25.904665851206612,28.457292019223114,2.4400216971543194,55.12819318660106,0.1138377185606716,0.2975656820926815,18.761973180076627,0.08700222923976576,0.02683548932090583
f048600e107d3173126e85da0a89ac55813c8bbf00ef033ada4eb40110b05b3b,Kolkata,ssp245,near_2030s,2031,perimeter_mid_zn_3,perimeter,middle,north,25.347422890895597,27.232243975347785,26.289833433121693,29.355647596377963,1.8848210844521927,53.40859824240308,0.14235841350577963,0.36548264790326357,27.56824712643678,0.11780431040219688,0.024554103103582747
f048600e107d3173126e85da0a89ac55813c8bbf00ef033ada4eb40110b05b3b,Kolkata,ssp245,near_2030s,2031,perimeter_mid_zn_4,perimeter,middle,west,24.550144945898325,27.025110186254707,25.787627566076512,28.17529571975551,2.47496524035638,55.77320003625209,0.10414321452697138,0.27900369837880135,15.098180076628353,0.0769091162328132,0.02723409829415819
f048600e107d3173126e85da0a89ac55813c8bbf00ef033ada4eb40110b05b3b,Kolkata,ssp245,near_2030s,2031,perimeter_top_zn_1,perimeter,top,south,25.432789258512692,27.70247806110213,26.567633659807413,29.745870583891982,2.269688802589436,51.75447305360613,0.1594356930752322,0.37082353606820107,30.812978927203066,0.13656449196203407,0.02287120111319814
f048600e107d3173126e85da0a89ac55813c8bbf00ef033ada4eb40110b05b3b,Kolkata,ssp245,near_2030s,2031,perimeter_top_zn_2,perimeter,top,east,24.60882981483385,27.110989841000702,25.859909827917274,28.48951098092078,2.5021600261668486,54.41570318463579,0.1111142362906565,0.3021327266469598,17.37308429118774,0.0839595233509607,0.0271547129396958
f048600e107d3173126e85da0a89ac55813c8bbf00ef033ada4eb40110b05b3b,Kolkata,ssp245,near_2030s,2031,perimeter_top_zn_3,perimeter,top,north,25.0569537695983,27.10687314839675,26.081913458997523,29.153530086103306,2.049919378798448,53.06928665153718,0.12897399750622807,0.3624461127910763,22.34794061302682,0.10320630799813939,0.025767689508088675
f048600e107d3173126e85da0a89ac55813c8bbf00ef033ada4eb40110b05b3b,Kolkata,ssp245,near_2030s,2031,perimeter_top_zn_4,perimeter,top,west,24.411175485168126,26.965510080912956,25.68834278304054,28.00310261572209,2.554334595744832,55.07818503804249,0.0978093023824206,0.27900369837880135,12.619731800766285,0.06982726347827847,0.02798203890414213
f652225dc0a394e8113ba06e69842636bf6438810f12cda7f9aa8c36d936c36c,Guangzhou,ssp585,baseline_2020s,2028,core_bottom,core,bottom,core,24.429513400713233,26.35847057923219,25.39399198997271,27.072918442814856,1.9289571785189554,47.86315011649357,0.08410971614196977,0.1872413046658039,1.8438697318007662,0.0545245382206767,0.029585177921293074
f652225dc0a394e8113ba06e69842636bf6438810f12cda7f9aa8c36d936c36c,Guangzhou,ssp585,baseline_2020s,2028,core_mid,core,middle,core,24.661383747162706,26.075630366476744,25.368507056819723,27.75826683587814,1.4142466193140404,49.374897847194966,0.08876207179537755,0.25947653129696846,6.812739463601533,0.059329611558816844,0.029432460236560706
f652225dc0a394e8113ba06e69842636bf6438810f12cda7f9aa8c36d936c36c,Guangzhou,ssp585,baseline_2020s,2028,core_top,core,top,core,24.449342104284057,25.956269588251903,25.20280584626798,27.648562857421034,1.5069274839678508,48.87290343163031,0.08295035805670059,0.25144603941589594,5.747126436781609,0.05214579363575007,0.03080456442095052
f652225dc0a394e8113ba06e69842636bf6438810f12cda7f9aa8c36d936c36c,Guangzhou,ssp585,baseline_2020s,2028,perimeter_bot_zn_1,perimeter,bottom,south,24.910500807383226,26.681711035157562,25.796105921270396,28.661915473902948,1.7712102277743405,52.590676094719306,0.1257978894919824,0.3101632185280323,20.534003831417625,0.0988838355300254,0.026914053961957007
f652225dc0a394e8113ba06e69842636bf6438810f12cda7f9aa8c36d936c36c,Guangzhou,ssp585,baseline_2020s,2028,perimeter_bot_zn_2,perimeter,bottom,east,24.19034304156064,26.07439480471336,25.132368923136998,27.15310561726607,1.8840517631527203,50.393842509162695,0.07858584708095616,0.1872413046658039,2.807710727969349,0.04698505938089706,0.031600787700059106
f652225dc0a394e8113ba06e69842636bf6438810f12cda7f9aa8c36d936c36c,Guangzhou,ssp585,baseline_2020s,2028,perimeter_bot_zn_3,perimeter,bottom,north,24.507344803286724,26.02039988568807,25.2638723444874,27.711869184499495,1.5130550824013498,49.48824834435416,0.08892089851824808,0.2030697949230671,5.292145593869732,0.058480818613695064,0.030440079904553014
f652225dc0a394e8113ba06e69842636bf6438810f12cda7f9aa8c36d936c36c,Guangzhou,ssp585,baseline_2020s,2028,perimeter_bot_zn_4,perimeter,bottom,west,24.164876150431827,26.181699841498283,25.173287995965055,26.972824246327676,2.0168236910664543,50.27286390141363,0.07800812112841883,0.17453661933541298,2.2150383141762453,0.04663462038980431,0.03137350073861452
f652225dc0a394e8113ba06e69842636bf6438810f12cda7f9aa8c36d936c36c,Guangzhou,ssp585,baseline_2020s,2028,perimeter_mid_zn_1,perimeter,middle,south,24.99716676711831,26.89409246967195,25.945629618395127,28.73673434457395,1.8969257025536452,48.58683900075786,0.1241320657685566,0.3101632185280323,16.73251915708812,0.09848703168002733,0.025645034088529254
f652225dc0a394e8113ba06e69842636bf6438810f12cda7f9aa8c36d936c36c,Guangzhou,ssp585,baseline_2020s,2028,perimeter_mid_zn_2,perimeter,middle,east,24.233578997867923,26.326023911057828,25.279801454462877,27.35656447781154,2.0924449131898997,50.795005132305505,0.08434419457603762,0.2030697949230671,5.663314176245211,0.05396430781539315,0.030379886760644462
f652225dc0a394e8113ba06e69842636bf6438810f12cda7f9aa8c36d936c36c,Guangzhou,ssp585,baseline_2020s,2028,perimeter_mid_zn_3,perimeter,middle,north,24.674596056260807,26.369630411722827,25.522113233991817,28.30131564602089,1.6950343554620146,49.7190591923129,0.10196234264576455,0.27900369837880135,10.530411877394636,0.07322596065932885,0.02873638198643571
f652225dc0a394e8113ba06e69842636bf6438810f12cda7f9aa8c36d936c36c,Guangzhou,ssp585,baseline_2020s,2028,perimeter_mid_zn_4,perimeter,middle,west,24.199301303688596,26.411058364103386,25.305179833895988,27.168252508892095,2.211757060414787,51.01727956917088,0.08347170675787315,0.19891560450196266,4.873084291187739,0.05326430593053917,0.030207400827333968
f652225dc0a394e8113ba06e69842636bf6438810f12cda7f9aa8c36d936c36c,Guangzhou,ssp585,baseline_2020s,2028,perimeter_top_zn_1,perimeter,top,south,24.67447960311614,26.698389221503696,25.686434412309914,28.59587913488248,2.023909618387558,48.412235733317225,0.1100536147708599,0.30947739630937576,11.943247126436782,0.08233554128556775,0.027718073485292146
f652225dc0a394e8113ba06e69842636bf6438810f12cda7f9aa8c36d936c36c,Guangzhou,ssp585,baseline_2020s,2028,perimeter_top_zn_2,perimeter,top,east,24.18600064075965,26.286187804413846,25.23609422258675,27.510671091144527,2.100187163654191,50.253791702555354,0.08470325448323754,0.2034426648169756,5.8788314176245215,0.05363736061927491,0.03106589386396262
f652225dc0a394e8113ba06e69842636bf6438810f12cda7f9aa8c36d936c36c,Guangzhou,ssp585,baseline_2020s,2028,perimeter_top_zn_3,perimeter,top,north,24.462249455531225,26.238915806924584,25.3505826312279,28.220019842124444,1.7766663513933585,49.35006497705015,0.09493562142561271,0.26944269705563784,8.734434865900383,0.0646599762764928,0.030275645149119915
f652225dc0a394e8113ba06e69842636bf6438810f12cda7f9aa8c36d936c36c,Guangzhou,ssp585,baseline_2020s,2028,perimeter_top_zn_4,perimeter,top,west,24.120220562852303,26.342814919855133,25.231517741353716,27.167353920597723,2.222594357002831,50.34667260246448,0.08244441720134965,0.19928847439587116,4.974856321839081,0.05147844646817387,0.030965970733175786
fbe06d88b8e88faccbe0576f38acde9f6af8aca575622af34d25e7af977f3e3d,Beijing,ssp585,near_2030s,2030,core_bottom,core,bottom,core,24.16843531391426,25.62345858708474,24.8959469504995,26.497706073992784,1.4550232731704786,31.37050643814903,0.10979695293019065,0.19219142571091652,3.7595785440613025,0.08885950648943515,0.020937446440755497
fbe06d88b8e88faccbe0576f38acde9f6af8aca575622af34d25e7af977f3e3d,Beijing,ssp585,near_2030s,2030,core_mid,core,middle,core,24.097944606891925,25.008017566454473,24.552981086673196,27.01351179761529,0.9100729595625474,33.0529231839095,0.09134809304301054,0.1872413046658039,3.7954980842911876,0.06792813440022313,0.023419958642787404
fbe06d88b8e88faccbe0576f38acde9f6af8aca575622af34d25e7af977f3e3d,Beijing,ssp585,near_2030s,2030,core_top,core,top,core,23.762567533087264,24.576594329662974,24.169580931375123,26.83274686592541,0.8140267965757099,33.120249490428456,0.08489658749367733,0.14832361415028572,3.1429597701149428,0.05835580810367253,0.026540779390004803
fbe06d88b8e88faccbe0576f38acde9f6af8aca575622af34d25e7af977f3e3d,Beijing,ssp585,near_2030s,2030,perimeter_bot_zn_1,perimeter,bottom,south,23.23392983144186,25.19785860837937,24.215894219910613,27.486818454143943,1.9639287769375102,33.41521758382712,0.09966401669798765,0.25947653129696846,6.423611111111111,0.07291428264602037,0.02674973405196728
fbe06d88b8e88faccbe0576f38acde9f6af8aca575622af34d25e7af977f3e3d,Beijing,ssp585,near_2030s,2030,perimeter_bot_zn_2,perimeter,bottom,east,23.471646152327487,24.560346057354785,24.015996104841133,26.501795938846843,1.0886999050272983,35.08740235067751,0.0812108830418469,0.1220385767519474,2.17911877394636,0.05210530155962128,0.029105581482225616
fbe06d88b8e88faccbe0576f38acde9f6af8aca575622af34d25e7af977f3e3d,Beijing,ssp585,near_2030s,2030,perimeter_bot_zn_3,perimeter,bottom,north,23.480656214043776,24.100314193583987,23.790485203813883,27.14059911319892,0.6196579795402054,34.78021615289792,0.08350714963668847,0.1872413046658039,3.2806513409961684,0.052213202332105434,0.03129394730458304
fbe06d88b8e88faccbe0576f38acde9f6af8aca575622af34d25e7af977f3e3d,Beijing,ssp585,near_2030s,2030,perimeter_bot_zn_4,perimeter,bottom,west,23.511796833125363,24.747643088268703,24.129719960697027,26.52994265521468,1.2358462551433433,34.82832577355101,0.08288488026094619,0.12414209917187691,1.9276819923371646,0.05457774177271698,0.028307138488229213
fbe06d88b8e88faccbe0576f38acde9f6af8aca575622af34d25e7af977f3e3d,Beijing,ssp585,near_2030s,2030,perimeter_mid_zn_1,perimeter,middle,south,23.91256897741997,25.64806200587667,24.78031549164832,27.534135621267634,1.7354930284567047,31.939145830162435,0.1199619233447199,0.3101632185280323,11.613984674329501,0.09700712798223733,0.022954795362482582
fbe06d88b8e88faccbe0576f38acde9f6af8aca575622af34d25e7af977f3e3d,Beijing,ssp585,near_2030s,2030,perimeter_mid_zn_2,perimeter,middle,east,23.530039103592983,24.829695645224543,24.17986737440876,26.684268284233568,1.2996565416315597,33.98735571764833,0.08575584564699604,0.1387626128271222,3.1609195402298855,0.058663413081627244,0.027092432565368793
fbe06d88b8e88faccbe0576f38acde9f6af8aca575622af34d25e7af977f3e3d,Beijing,ssp585,near_2030s,2030,perimeter_mid_zn_3,perimeter,middle,north,23.63200493240054,24.50699341013766,24.0694991712691,27.780317448810287,0.8749884777371234,33.94044255915486,0.09135304695570726,0.25947653129696846,5.9446839080459775,0.06322030533970222,0.02813274161600505
fbe06d88b8e88faccbe0576f38acde9f6af8aca575622af34d25e7af977f3e3d,Beijing,ssp585,near_2030s,2030,perimeter_mid_zn_4,perimeter,middle,west,23.549361063820406,24.97114605418789,24.26025355900415,26.68949331875403,1.421784990367482,34.0953307424973,0.0887310247416075,0.1872413046658039,3.466235632183908,0.06201464826340602,0.026716376478201485
fbe06d88b8e88faccbe0576f38acde9f6af8aca575622af34d25e7af977f3e3d,Beijing,ssp585,near_2030s,2030,perimeter_top_zn_1,perimeter,top,south,23.698099836330556,25.30196667293087,24.50003325463071,27.32531031691617,1.603866836600315,32.102769167880716,0.10989807451626583,0.29754130891524255,9.003831417624522,0.08495666956047526,0.024941404955790572
fbe06d88b8e88faccbe0576f38acde9f6af8aca575622af34d25e7af977f3e3d,Beijing,ssp585,near_2030s,2030,perimeter_top_zn_2,perimeter,top,east,23.32718970713792,24.493309929436933,23.910249818287422,26.739520156396278,1.1661202222990144,34.52919798498,0.08416173263369371,0.12454070150852203,3.400383141762452,0.05438718499599731,0.0297745476376964
fbe06d88b8e88faccbe0576f38acde9f6af8aca575622af34d25e7af977f3e3d,Beijing,ssp585,near_2030s,2030,perimeter_top_zn_3,perimeter,top,north,23.34781572319661,24.119571529429255,23.733693626312935,27.558910917679388,0.7717558062326465,33.99256318373615,0.08748504701905131,0.2030697949230671,5.0826149425287355,0.05590998825856433,0.03157505876048699
fbe06d88b8e88faccbe0576f38acde9f6af8aca575622af34d25e7af977f3e3d,Beijing,ssp585,near_2030s,2030,perimeter_top_zn_4,perimeter,top,west,23.330383371144208,24.61589996491213,23.97314166802817,26.58989989925203,1.2855165937679314,34.20151132107109,0.08675957536016536,0.182630424387753,3.298611111111111,0.05719199630037535,0.029567579059790013
fc7ee2a2821718a92ee217eed43b6d3ebe4a4ab13c0e2c099efaa707d7537cdd,Beijing,ssp585,baseline_2020s,2029,core_bottom,core,bottom,core,24.152933135561106,25.636160592888757,24.89454686422493,26.46415603451517,1.483227457327656,31.071468860951274,0.10833368405228158,0.1872413046658039,3.442289272030651,0.08731879893658233,0.021014885115699256
fc7ee2a2821718a92ee217eed43b6d3ebe4a4ab13c0e2c099efaa707d7537cdd,Beijing,ssp585,baseline_2020s,2029,core_mid,core,middle,core,24.08490520442107,25.028551387902013,24.55672829616154,26.783052578189356,0.9436461834809478,32.735245057984066,0.08907725702336958,0.17453661933541298,2.771791187739464,0.06547951705004909,0.02359773997332048
fc7ee2a2821718a92ee217eed43b6d3ebe4a4ab13c0e2c099efaa707d7537cdd,Beijing,ssp585,baseline_2020s,2029,core_top,core,top,core,23.782218445545016,24.61599639182247,24.19910741868374,26.494581749601892,0.8337779462774526,32.82497493772718,0.08209084565470252,0.12454070150852203,2.1551724137931036,0.05570203605380268,0.026388809600899843
fc7ee2a2821718a92ee217eed43b6d3ebe4a4ab13c0e2c099efaa707d7537cdd,Beijing,ssp585,baseline_2020s,2029,perimeter_bot_zn_1,perimeter,bottom,south,23.283700157096103,25.212116258470218,24.247908207783162,27.278324737668196,1.9284161013741128,33.17768007867863,0.09714316157331415,0.20557191967964172,5.884818007662835,0.07092544503187291,0.02621771654144123
fc7ee2a2821718a92ee217eed43b6d3ebe4a4ab13c0e2c099efaa707d7537cdd,Beijing,ssp585,baseline_2020s,2029,perimeter_bot_zn_2,perimeter,bottom,east,23.531163481011934,24.586533605094285,24.05884854305311,26.382998691808307,1.0553701240823534,34.85228789316411,0.07762746746724086,0.10898464545607567,1.3709291187739463,0.04898157169699171,0.02864589577024915
fc7ee2a2821718a92ee217eed43b6d3ebe4a4ab13c0e2c099efaa707d7537cdd,Beijing,ssp585,baseline_2020s,2029,perimeter_bot_zn_3,perimeter,bottom,north,23.50363165289618,24.107087106519423,23.8053593797078,27.026387546022605,0.6034554536232394,34.80219093697464,0.07842439914660143,0.1872413046658039,2.687978927203065,0.04729538931007545,0.031129009836525976
fc7ee2a2821718a92ee217eed43b6d3ebe4a4ab13c0e2c099efaa707d7537cdd,Beijing,ssp585,baseline_2020s,2029,perimeter_bot_zn_4,perimeter,bottom,west,23.55780938179306,24.760068587687186,24.158938984740125,26.26841656395068,1.202259205894128,34.57225598668639,0.08000068269882768,0.1220385767519474,1.4008620689655173,0.05205891284421693,0.02794176985461076
fc7ee2a2821718a92ee217eed43b6d3ebe4a4ab13c0e2c099efaa707d7537cdd,Beijing,ssp585,baseline_2020s,2029,perimeter_mid_zn_1,perimeter,middle,south,23.91089258131076,25.63500092452524,24.772946752918,27.240595578119837,1.7241083432144808,31.76022028005517,0.11234398976968206,0.29288436844944954,8.734434865900383,0.08934336220172066,0.023000627567961396
fc7ee2a2821718a92ee217eed43b6d3ebe4a4ab13c0e2c099efaa707d7537cdd,Beijing,ssp585,baseline_2020s,2029,perimeter_mid_zn_2,perimeter,middle,east,23.58673670228062,24.85438410414992,24.220560403215266,26.423098203475405,1.2676474018693,33.694249646073615,0.08295269621200996,0.1220385767519474,2.382662835249042,0.05616081689903245,0.026791879312977506
fc7ee2a2821718a92ee217eed43b6d3ebe4a4ab13c0e2c099efaa707d7537cdd,Beijing,ssp585,baseline_2020s,2029,perimeter_mid_zn_3,perimeter,middle,north,23.660612841342274,24.52117916597695,24.090896003659616,27.40618055258117,0.8605663246346699,33.8314821687771,0.08581384996210838,0.1925083651207382,4.633620689655173,0.057842240789876195,0.02797160917223218
fc7ee2a2821718a92ee217eed43b6d3ebe4a4ab13c0e2c099efaa707d7537cdd,Beijing,ssp585,baseline_2020s,2029,perimeter_mid_zn_4,perimeter,middle,west,23.587302675980833,24.98096811726809,24.28413539662446,26.37433755274303,1.3936654412872627,33.84032073486349,0.08592533053088397,0.1776803033426404,2.891522988505747,0.05939713336720927,0.0265281971636747
fc7ee2a2821718a92ee217eed43b6d3ebe4a4ab13c0e2c099efaa707d7537cdd,Beijing,ssp585,baseline_2020s,2029,perimeter_top_zn_1,perimeter,top,south,23.70803910511555,25.300181289644947,24.50411019738025,27.014048956506866,1.5921421845293975,31.906309641391108,0.1042740784775292,0.25947653129696846,6.645114942528736,0.07926213784896906,0.025011940628560138
fc7ee2a2821718a92ee217eed43b6d3ebe4a4ab13c0e2c099efaa707d7537cdd,Beijing,ssp585,baseline_2020s,2029,perimeter_top_zn_2,perimeter,top,east,23.39876178879616,24.53328927955555,23.96602553417586,26.460580847307853,1.1345274907593867,34.2457709159506,0.08109486094849411,0.1220385767519474,2.5323275862068964,0.05151737141911337,0.02957748952938074
fc7ee2a2821718a92ee217eed43b6d3ebe4a4ab13c0e2c099efaa707d7537cdd,Beijing,ssp585,baseline_2020s,2029,perimeter_top_zn_3,perimeter,top,north,23.380787839111758,24.143343103003925,23.762065471057845,27.072442380374994,0.76255526389217,33.898368223615094,0.08237769069529555,0.1872413046658039,3.7595785440613025,0.051164589721488254,0.031213100973807296
fc7ee2a2821718a92ee217eed43b6d3ebe4a4ab13c0e2c099efaa707d7537cdd,Beijing,ssp585,baseline_2020s,2029,perimeter_top_zn_4,perimeter,top,west,23.37132373310256,24.63470727349973,24.003015503301146,26.286658767797466,1.2633835403971674,33.93103831464044,0.08367099915364888,0.17453661933541298,2.687978927203065,0.05455864711602841,0.029112352037620467
fda339e2f6101bbec6afa10b5c292dbedd3e9fee50bdd8f300c19ec2b4dcbc84,Guangzhou,ssp245,mid_2050s,2054,core_bottom,core,bottom,core,24.51944360028,26.481052718576272,25.500248159428132,27.134048447431567,1.9616091182962698,48.52464434542752,0.08602648294453645,0.1872413046658039,1.7480842911877392,0.058235201707990285,0.027791281236546166
fda339e2f6101bbec6afa10b5c292dbedd3e9fee50bdd8f300c19ec2b4dcbc84,Guangzhou,ssp245,mid_2050s,2054,core_mid,core,middle,core,24.79986727023905,26.230266941996618,25.515067106117836,27.824327309346856,1.4303996717575704,49.97653927386977,0.09408143530957716,0.25947653129696846,8.494971264367816,0.06668791648277467,0.027393518826802497
fda339e2f6101bbec6afa10b5c292dbedd3e9fee50bdd8f300c19ec2b4dcbc84,Guangzhou,ssp245,mid_2050s,2054,core_top,core,top,core,24.552282728346007,26.105865619462016,25.329074173904008,27.84387200742691,1.5535828911160108,49.612925996478666,0.08749485589985406,0.25947653129696846,7.447318007662836,0.05834825483004257,0.029146601069811488
fda339e2f6101bbec6afa10b5c292dbedd3e9fee50bdd8f300c19ec2b4dcbc84,Guangzhou,ssp245,mid_2050s,2054,perimeter_bot_zn_1,perimeter,bottom,south,25.213676560225185,27.003132292086615,26.108404426155897,29.03836906586754,1.7894557318614344,53.048334271907436,0.1454818353510582,0.36548264790326357,27.933429118773944,0.12089826285074576,0.024583572500312418
fda339e2f6101bbec6afa10b5c292dbedd3e9fee50bdd8f300c19ec2b4dcbc84,Guangzhou,ssp245,mid_2050s,2054,perimeter_bot_zn_2,perimeter,bottom,east,24.254370353986445,26.260775590866807,25.257572972426626,27.227839808313703,2.006405236880362,50.94063914890661,0.08129961656151055,0.18748648837208748,3.0052681992337167,0.05128075975918709,0.03001885680232346
fda339e2f6101bbec6afa10b5c292dbedd3e9fee50bdd8f300c19ec2b4dcbc84,Guangzhou,ssp245,mid_2050s,2054,perimeter_bot_zn_3,perimeter,bottom,north,24.671361234332355,26.251893458666952,25.46162734649965,27.83466521961986,1.5805322243346025,49.80042072822185,0.09637538538847638,0.25947653129696846,6.609195402298851,0.06778263820077014,0.028592747187706234
fda339e2f6101bbec6afa10b5c292dbedd3e9fee50bdd8f300c19ec2b4dcbc84,Guangzhou,ssp245,mid_2050s,2054,perimeter_bot_zn_4,perimeter,bottom,west,24.218173633082674,26.372537476290294,25.295355554686484,27.069090807384423,2.154363843207617,50.84223877539187,0.08091809035603793,0.1872413046658039,2.849616858237548,0.05103081917538311,0.029887271180654824
fda339e2f6101bbec6afa10b5c292dbedd3e9fee50bdd8f300c19ec2b4dcbc84,Guangzhou,ssp245,mid_2050s,2054,perimeter_mid_zn_1,perimeter,middle,south,25.200680083025237,27.153642339764595,26.177161211394914,29.006630183675927,1.95296225673936,48.91615537558703,0.13890002583834532,0.36701315734535456,21.330220306513407,0.11492902102385749,0.023971004814487815
fda339e2f6101bbec6afa10b5c292dbedd3e9fee50bdd8f300c19ec2b4dcbc84,Guangzhou,ssp245,mid_2050s,2054,perimeter_mid_zn_2,perimeter,middle,east,24.28268137864514,26.500021596101643,25.39135148737339,27.531400191462673,2.2173402174565067,51.56375897658211,0.08883783452883703,0.25947653129696846,7.405411877394635,0.059720081370859136,0.0291177531579779
fda339e2f6101bbec6afa10b5c292dbedd3e9fee50bdd8f300c19ec2b4dcbc84,Guangzhou,ssp245,mid_2050s,2054,perimeter_mid_zn_3,perimeter,middle,north,24.82836093189746,26.591987187609053,25.710174059753253,28.515862528491883,1.7636262557115938,50.195723346857584,0.11198783815596199,0.3006022172048688,13.631465517241379,0.0848903942786753,0.027097443877286687
fda339e2f6101bbec6afa10b5c292dbedd3e9fee50bdd8f300c19ec2b4dcbc84,Guangzhou,ssp245,mid_2050s,2054,perimeter_mid_zn_4,perimeter,middle,west,24.243583444353096,26.591249892446438,25.41741666839977,27.45044119695178,2.347666448093343,51.78355526398099,0.08800566511519886,0.25525641813874245,6.7828065134099615,0.059122781157297334,0.028882883957901527
fda339e2f6101bbec6afa10b5c292dbedd3e9fee50bdd8f300c19ec2b4dcbc84,Guangzhou,ssp245,mid_2050s,2054,perimeter_top_zn_1,perimeter,top,south,24.860795668698824,26.958750676586224,25.90977317264252,28.909703277859567,2.0979550078873968,48.851317997946,0.12317136449485264,0.3624461127910763,15.888409961685824,0.09719405428587166,0.025977310208980975
fda339e2f6101bbec6afa10b5c292dbedd3e9fee50bdd8f300c19ec2b4dcbc84,Guangzhou,ssp245,mid_2050s,2054,perimeter_top_zn_2,perimeter,top,east,24.2459458772856,26.47405593604546,25.36000090666553,27.726660140575845,2.228110058759862,51.06203853932527,0.0897420096914255,0.25947653129696846,8.022030651340996,0.060009436985226684,0.029732572706198807
fda339e2f6101bbec6afa10b5c292dbedd3e9fee50bdd8f300c19ec2b4dcbc84,Guangzhou,ssp245,mid_2050s,2054,perimeter_top_zn_3,perimeter,top,north,24.60079232992939,26.46218292603446,25.531487627981925,28.430914281287205,1.8613905961050656,49.923545664126095,0.1040896009173482,0.29288436844944954,11.33860153256705,0.07538963366511511,0.02869996725223308
fda339e2f6101bbec6afa10b5c292dbedd3e9fee50bdd8f300c19ec2b4dcbc84,Guangzhou,ssp245,mid_2050s,2054,perimeter_top_zn_4,perimeter,top,west,24.16598302341867,26.532096045024907,25.349039534221788,27.468464926633487,2.366113021606241,51.173889269785676,0.08734807556159596,0.25947653129696846,7.153975095785441,0.0576446781042982,0.029703397457297758
