case_id,city,scenario,time_slice,severity,weather_year,outdoor_temp_bin,occupied_steps,mean_outdoor_temp_c,mean_zone_operative_temp_c,mean_zone_rh_pct,mean_zone_cooling_rate_w,mean_p_tail,high_tail_pct
ahmedabad_ssp245_baseline_2020s_heatwave_extreme_2029,Ahmedabad,ssp245,baseline_2020s,heatwave_extreme,2029,<20,1398,16.252065450643777,24.794100283470545,39.16839450887024,79845.2461212033,0.07823656789133966,0.0
ahmedabad_ssp245_baseline_2020s_heatwave_extreme_2029,Ahmedabad,ssp245,baseline_2020s,heatwave_extreme,2029,20--25,1946,22.870547276464542,25.263965313306816,44.084851454124696,98793.56723638652,0.0897084789674151,0.20554984583761562
ahmedabad_ssp245_baseline_2020s_heatwave_extreme_2029,Ahmedabad,ssp245,baseline_2020s,heatwave_extreme,2029,25--30,4519,27.772777716308916,25.998176766622088,50.808761433239404,110292.85515021694,0.1213054043582234,12.126576676255809
ahmedabad_ssp245_baseline_2020s_heatwave_extreme_2029,Ahmedabad,ssp245,baseline_2020s,heatwave_extreme,2029,30--35,5604,32.47455835117773,26.489004717875268,53.050394219064195,113137.49691429277,0.14851659107081927,23.536759457530334
ahmedabad_ssp245_baseline_2020s_heatwave_extreme_2029,Ahmedabad,ssp245,baseline_2020s,heatwave_extreme,2029,>=35,3237,37.42249768303985,26.83425160691749,53.39417097380481,116141.09432972956,0.1750185000741406,36.17547111523015
ahmedabad_ssp245_baseline_2020s_hot_2029,Ahmedabad,ssp245,baseline_2020s,hot,2029,<20,1398,16.252065450643777,24.794100283470545,39.16839450887024,79845.2461212033,0.07823656789133966,0.0
ahmedabad_ssp245_baseline_2020s_hot_2029,Ahmedabad,ssp245,baseline_2020s,hot,2029,20--25,1946,22.870547276464542,25.263965313306816,44.084851454124696,98793.56723638652,0.0897084789674151,0.20554984583761562
ahmedabad_ssp245_baseline_2020s_hot_2029,Ahmedabad,ssp245,baseline_2020s,hot,2029,25--30,4519,27.772777716308916,25.998176766622088,50.808761433239404,110292.85515021694,0.1213054043582234,12.126576676255809
ahmedabad_ssp245_baseline_2020s_hot_2029,Ahmedabad,ssp245,baseline_2020s,hot,2029,30--35,5604,32.47455835117773,26.489004717875268,53.050394219064195,113137.49691429277,0.14851659107081927,23.536759457530334
ahmedabad_ssp245_baseline_2020s_hot_2029,Ahmedabad,ssp245,baseline_2020s,hot,2029,>=35,3237,37.42249768303985,26.83425160691749,53.39417097380481,116141.09432972956,0.1750185000741406,36.17547111523015
ahmedabad_ssp245_baseline_2020s_typical_2025,Ahmedabad,ssp245,baseline_2020s,typical,2025,<20,1309,17.17632734912147,24.836879576033567,41.61160107639391,81115.22367813006,0.0724683214461861,0.0
ahmedabad_ssp245_baseline_2020s_typical_2025,Ahmedabad,ssp245,baseline_2020s,typical,2025,20--25,1994,22.81180416248746,25.28090098013979,46.78895227451769,102483.85070819565,0.08244468764933957,0.3009027081243731
ahmedabad_ssp245_baseline_2020s_typical_2025,Ahmedabad,ssp245,baseline_2020s,typical,2025,25--30,5508,27.765662672476395,25.73620718204368,50.98614377818214,107972.11331646614,0.10507696304153322,6.935366739288308
ahmedabad_ssp245_baseline_2020s_typical_2025,Ahmedabad,ssp245,baseline_2020s,typical,2025,30--35,5472,32.26411275584795,26.111854037764353,50.99889656157246,114929.23132119651,0.1226709167473926,10.508040935672515
ahmedabad_ssp245_baseline_2020s_typical_2025,Ahmedabad,ssp245,baseline_2020s,typical,2025,>=35,2421,37.61906237092111,26.562178008467797,52.372211543951735,117001.37035608548,0.15239614903523313,27.467988434531186
ahmedabad_ssp245_late_2080s_heatwave_extreme_2081,Ahmedabad,ssp245,late_2080s,heatwave_extreme,2081,<20,1190,17.104554621848738,24.847920698384797,42.206355946843196,80857.86807446055,0.07399822810487378,0.0
ahmedabad_ssp245_late_2080s_heatwave_extreme_2081,Ahmedabad,ssp245,late_2080s,heatwave_extreme,2081,20--25,1724,22.822830626450116,25.344569768277164,46.44802965653695,101364.00913712362,0.08851160907076004,0.6380510440835266
ahmedabad_ssp245_late_2080s_heatwave_extreme_2081,Ahmedabad,ssp245,late_2080s,heatwave_extreme,2081,25--30,4316,27.910103683966636,25.924781692269935,51.38583258449315,110183.01516633247,0.1172749593634894,9.777571825764596
ahmedabad_ssp245_late_2080s_heatwave_extreme_2081,Ahmedabad,ssp245,late_2080s,heatwave_extreme,2081,30--35,5846,32.26506029763941,26.548843663480458,52.78244340927062,114637.13909800244,0.1569260903219608,26.30858706808074
ahmedabad_ssp245_late_2080s_heatwave_extreme_2081,Ahmedabad,ssp245,late_2080s,heatwave_extreme,2081,>=35,3628,38.023073318632854,26.929197739444742,53.52945267187734,116606.08472593465,0.1827683680334092,36.99007717750827
ahmedabad_ssp245_late_2080s_hot_2081,Ahmedabad,ssp245,late_2080s,hot,2081,<20,1190,17.104554621848738,24.847920698384797,42.206355946843196,80857.86807446055,0.07399822810487378,0.0
ahmedabad_ssp245_late_2080s_hot_2081,Ahmedabad,ssp245,late_2080s,hot,2081,20--25,1724,22.822830626450116,25.344569768277164,46.44802965653695,101364.00913712362,0.08851160907076004,0.6380510440835266
ahmedabad_ssp245_late_2080s_hot_2081,Ahmedabad,ssp245,late_2080s,hot,2081,25--30,4316,27.910103683966636,25.924781692269935,51.38583258449315,110183.01516633247,0.1172749593634894,9.777571825764596
ahmedabad_ssp245_late_2080s_hot_2081,Ahmedabad,ssp245,late_2080s,hot,2081,30--35,5846,32.26506029763941,26.548843663480458,52.78244340927062,114637.13909800244,0.1569260903219608,26.30858706808074
ahmedabad_ssp245_late_2080s_hot_2081,Ahmedabad,ssp245,late_2080s,hot,2081,>=35,3628,38.023073318632854,26.929197739444742,53.52945267187734,116606.08472593465,0.1827683680334092,36.99007717750827
ahmedabad_ssp245_late_2080s_typical_2086,Ahmedabad,ssp245,late_2080s,typical,2086,<20,1426,17.1014358345021,24.8637613941507,42.244074220013346,82597.79341063583,0.07343421590068414,0.0
ahmedabad_ssp245_late_2080s_typical_2086,Ahmedabad,ssp245,late_2080s,typical,2086,20--25,2297,22.95360143665651,25.294365389725925,48.33609340300767,98875.65815454627,0.0833587086693757,0.478885502829778
ahmedabad_ssp245_late_2080s_typical_2086,Ahmedabad,ssp245,late_2080s,typical,2086,25--30,5743,27.778189535086188,25.616286762896557,50.312006351327035,105723.09694851049,0.10090671803123205,4.753613094201637
ahmedabad_ssp245_late_2080s_typical_2086,Ahmedabad,ssp245,late_2080s,typical,2086,30--35,4215,32.09776868327402,26.24724811659179,50.97551080500634,118234.70989571647,0.13825713732364167,17.200474495848162
ahmedabad_ssp245_late_2080s_typical_2086,Ahmedabad,ssp245,late_2080s,typical,2086,>=35,3023,38.71825917962289,27.135073539971337,53.67901249782075,115040.15552052791,0.20861507209939234,46.046973205425076
ahmedabad_ssp245_mid_2050s_heatwave_extreme_2059,Ahmedabad,ssp245,mid_2050s,heatwave_extreme,2059,<20,1267,16.446272691397,24.79323295709865,39.38357168666494,77122.88946309,0.07824457527605792,0.0
ahmedabad_ssp245_mid_2050s_heatwave_extreme_2059,Ahmedabad,ssp245,mid_2050s,heatwave_extreme,2059,20--25,2163,22.871830790568655,25.292362694067055,46.750871884302924,100618.49581904133,0.08459099847130164,0.27739251040221913
ahmedabad_ssp245_mid_2050s_heatwave_extreme_2059,Ahmedabad,ssp245,mid_2050s,heatwave_extreme,2059,25--30,4555,27.78929473106476,25.811614592315642,51.0913762417957,106019.0356134186,0.10942469194793833,8.957189901207464
ahmedabad_ssp245_mid_2050s_heatwave_extreme_2059,Ahmedabad,ssp245,mid_2050s,heatwave_extreme,2059,30--35,5454,32.31870737073707,26.56301291416717,51.72683642837513,116198.11301557372,0.16093620451507834,27.796112944627797
ahmedabad_ssp245_mid_2050s_heatwave_extreme_2059,Ahmedabad,ssp245,mid_2050s,heatwave_extreme,2059,>=35,3265,38.06095712098009,27.091245877211648,53.43854703538979,116322.55179861694,0.19957514172560625,43.52220520673813
ahmedabad_ssp245_mid_2050s_hot_2059,Ahmedabad,ssp245,mid_2050s,hot,2059,<20,1267,16.446272691397,24.79323295709865,39.38357168666494,77122.88946309,0.07824457527605792,0.0
ahmedabad_ssp245_mid_2050s_hot_2059,Ahmedabad,ssp245,mid_2050s,hot,2059,20--25,2163,22.871830790568655,25.292362694067055,46.750871884302924,100618.49581904133,0.08459099847130164,0.27739251040221913
ahmedabad_ssp245_mid_2050s_hot_2059,Ahmedabad,ssp245,mid_2050s,hot,2059,25--30,4555,27.78929473106476,25.811614592315642,51.0913762417957,106019.0356134186,0.10942469194793833,8.957189901207464
ahmedabad_ssp245_mid_2050s_hot_2059,Ahmedabad,ssp245,mid_2050s,hot,2059,30--35,5454,32.31870737073707,26.56301291416717,51.72683642837513,116198.11301557372,0.16093620451507834,27.796112944627797
ahmedabad_ssp245_mid_2050s_hot_2059,Ahmedabad,ssp245,mid_2050s,hot,2059,>=35,3265,38.06095712098009,27.091245877211648,53.43854703538979,116322.55179861694,0.19957514172560625,43.52220520673813
ahmedabad_ssp245_mid_2050s_typical_2058,Ahmedabad,ssp245,mid_2050s,typical,2058,<20,1637,16.3511850946854,24.842129478233794,40.12758921290717,81070.753759411,0.07933247707479991,0.0
ahmedabad_ssp245_mid_2050s_typical_2058,Ahmedabad,ssp245,mid_2050s,typical,2058,20--25,2319,22.915178956446745,25.275586880434922,45.596765126455765,99808.09059891086,0.08828518843237192,0.258732212160414
ahmedabad_ssp245_mid_2050s_typical_2058,Ahmedabad,ssp245,mid_2050s,typical,2058,25--30,5397,27.768276820455807,25.72476566750345,50.2234590544285,110205.93232531351,0.1053846128758904,4.817491198814157
ahmedabad_ssp245_mid_2050s_typical_2058,Ahmedabad,ssp245,mid_2050s,typical,2058,30--35,4658,32.254453628166594,26.13183758081809,52.17491488644962,113498.00036561201,0.12271999316676574,12.83812795191069
ahmedabad_ssp245_mid_2050s_typical_2058,Ahmedabad,ssp245,mid_2050s,typical,2058,>=35,2693,37.46573338284441,26.486435175109573,52.29766280312597,115585.87094549372,0.14555787437467815,21.760118826587448
ahmedabad_ssp245_near_2030s_heatwave_extreme_2034,Ahmedabad,ssp245,near_2030s,heatwave_extreme,2034,<20,1217,16.94594289235826,24.76122989988518,41.5967190076655,78546.63420641868,0.0722121937030029,0.0
ahmedabad_ssp245_near_2030s_heatwave_extreme_2034,Ahmedabad,ssp245,near_2030s,heatwave_extreme,2034,20--25,1981,22.87336698637052,25.229694680084815,47.41158010931269,98571.09696691473,0.07898529552336361,0.05047955577990913
ahmedabad_ssp245_near_2030s_heatwave_extreme_2034,Ahmedabad,ssp245,near_2030s,heatwave_extreme,2034,25--30,5221,27.792348209155328,25.726758765242245,51.04908263146292,107194.60401019396,0.10414861178588451,6.416395326565792
ahmedabad_ssp245_near_2030s_heatwave_extreme_2034,Ahmedabad,ssp245,near_2030s,heatwave_extreme,2034,30--35,5275,32.23568483412322,26.100006109547472,51.562373297244456,113534.30845632587,0.12285148774794528,12.909952606635072
ahmedabad_ssp245_near_2030s_heatwave_extreme_2034,Ahmedabad,ssp245,near_2030s,heatwave_extreme,2034,>=35,3010,37.848882059800665,26.763129906513456,53.21448490807691,115515.97600712285,0.17635281379645068,35.91362126245847
ahmedabad_ssp245_near_2030s_hot_2034,Ahmedabad,ssp245,near_2030s,hot,2034,<20,1217,16.94594289235826,24.76122989988518,41.5967190076655,78546.63420641868,0.0722121937030029,0.0
ahmedabad_ssp245_near_2030s_hot_2034,Ahmedabad,ssp245,near_2030s,hot,2034,20--25,1981,22.87336698637052,25.229694680084815,47.41158010931269,98571.09696691473,0.07898529552336361,0.05047955577990913
ahmedabad_ssp245_near_2030s_hot_2034,Ahmedabad,ssp245,near_2030s,hot,2034,25--30,5221,27.792348209155328,25.726758765242245,51.04908263146292,107194.60401019396,0.10414861178588451,6.416395326565792
ahmedabad_ssp245_near_2030s_hot_2034,Ahmedabad,ssp245,near_2030s,hot,2034,30--35,5275,32.23568483412322,26.100006109547472,51.562373297244456,113534.30845632587,0.12285148774794528,12.909952606635072
ahmedabad_ssp245_near_2030s_hot_2034,Ahmedabad,ssp245,near_2030s,hot,2034,>=35,3010,37.848882059800665,26.763129906513456,53.21448490807691,115515.97600712285,0.17635281379645068,35.91362126245847
ahmedabad_ssp245_near_2030s_typical_2032,Ahmedabad,ssp245,near_2030s,typical,2032,<20,1820,15.945406593406593,24.753374044264287,38.05594644781266,77881.37064001914,0.07922721265814345,0.0
ahmedabad_ssp245_near_2030s_typical_2032,Ahmedabad,ssp245,near_2030s,typical,2032,20--25,2126,22.90411453433678,25.191905290759877,44.19427665113358,95695.49906543082,0.0862438564643123,0.09407337723424271
ahmedabad_ssp245_near_2030s_typical_2032,Ahmedabad,ssp245,near_2030s,typical,2032,25--30,5095,27.772091265947005,25.795353175975258,50.59565415483526,108866.99680283427,0.1085359909634161,7.576054955839058
ahmedabad_ssp245_near_2030s_typical_2032,Ahmedabad,ssp245,near_2030s,typical,2032,30--35,5109,32.25338324525348,26.131846473924696,52.6076639203685,111004.94689884235,0.11900886652199792,11.528674887453514
ahmedabad_ssp245_near_2030s_typical_2032,Ahmedabad,ssp245,near_2030s,typical,2032,>=35,2554,37.44688821456539,26.275427973013606,52.058982986203816,116299.46439079127,0.12739915942086583,14.643696162881753
ahmedabad_ssp585_baseline_2020s_heatwave_extreme_2027,Ahmedabad,ssp585,baseline_2020s,heatwave_extreme,2027,<20,1603,15.89731441048035,24.754242419394693,38.17245120053364,78013.24542773353,0.08139342963743944,0.0
ahmedabad_ssp585_baseline_2020s_heatwave_extreme_2027,Ahmedabad,ssp585,baseline_2020s,heatwave_extreme,2027,20--25,1902,22.703782860147214,25.216218349102213,42.17577088550947,96204.68290676898,0.09291066730432826,0.31545741324921134
ahmedabad_ssp585_baseline_2020s_heatwave_extreme_2027,Ahmedabad,ssp585,baseline_2020s,heatwave_extreme,2027,25--30,4467,27.84216588314305,26.218090012182614,50.71961507606175,109653.35004257505,0.1379751645297334,19.811954331766284
ahmedabad_ssp585_baseline_2020s_heatwave_extreme_2027,Ahmedabad,ssp585,baseline_2020s,heatwave_extreme,2027,30--35,5639,32.43751463025359,27.018089377484642,53.419531108919244,114994.07193325044,0.18426670791399766,39.93615889342082
ahmedabad_ssp585_baseline_2020s_heatwave_extreme_2027,Ahmedabad,ssp585,baseline_2020s,heatwave_extreme,2027,>=35,3093,37.62329291949563,26.665295879229646,53.10225140077758,116273.62620355393,0.15749786578397626,25.476883284836727
ahmedabad_ssp585_baseline_2020s_hot_2027,Ahmedabad,ssp585,baseline_2020s,hot,2027,<20,1603,15.89731441048035,24.754242419394693,38.17245120053364,78013.24542773353,0.08139342963743944,0.0
ahmedabad_ssp585_baseline_2020s_hot_2027,Ahmedabad,ssp585,baseline_2020s,hot,2027,20--25,1902,22.703782860147214,25.216218349102213,42.17577088550947,96204.68290676898,0.09291066730432826,0.31545741324921134
ahmedabad_ssp585_baseline_2020s_hot_2027,Ahmedabad,ssp585,baseline_2020s,hot,2027,25--30,4467,27.84216588314305,26.218090012182614,50.71961507606175,109653.35004257505,0.1379751645297334,19.811954331766284
ahmedabad_ssp585_baseline_2020s_hot_2027,Ahmedabad,ssp585,baseline_2020s,hot,2027,30--35,5639,32.43751463025359,27.018089377484642,53.419531108919244,114994.07193325044,0.18426670791399766,39.93615889342082
ahmedabad_ssp585_baseline_2020s_hot_2027,Ahmedabad,ssp585,baseline_2020s,hot,2027,>=35,3093,37.62329291949563,26.665295879229646,53.10225140077758,116273.62620355393,0.15749786578397626,25.476883284836727
ahmedabad_ssp585_baseline_2020s_typical_2025,Ahmedabad,ssp585,baseline_2020s,typical,2025,<20,1514,16.82043262879789,24.783237400509744,40.86341237039315,78964.06589246858,0.07339430650553036,0.0
ahmedabad_ssp585_baseline_2020s_typical_2025,Ahmedabad,ssp585,baseline_2020s,typical,2025,20--25,2284,22.93633318739054,25.25047539274603,46.74274170709705,99895.38652192213,0.08365854324484259,0.2626970227670753
ahmedabad_ssp585_baseline_2020s_typical_2025,Ahmedabad,ssp585,baseline_2020s,typical,2025,25--30,4898,27.664637096774197,25.727264631488183,50.24609988806657,108296.86539805602,0.10696736990812113,7.778685177623519
ahmedabad_ssp585_baseline_2020s_typical_2025,Ahmedabad,ssp585,baseline_2020s,typical,2025,30--35,5796,32.41034290890269,26.443446340721298,51.629490740799106,113665.07296537275,0.1471585128743603,23.567977915804004
ahmedabad_ssp585_baseline_2020s_typical_2025,Ahmedabad,ssp585,baseline_2020s,typical,2025,>=35,2212,37.62900316455697,26.565364309419465,52.101915805882086,116862.4820774637,0.15009716858777467,23.553345388788426
ahmedabad_ssp585_late_2080s_heatwave_extreme_2088,Ahmedabad,ssp585,late_2080s,heatwave_extreme,2088,<20,567,18.357191358024693,24.855138344048598,44.69445173350932,78515.07853747146,0.06571344999801247,0.0
ahmedabad_ssp585_late_2080s_heatwave_extreme_2088,Ahmedabad,ssp585,late_2080s,heatwave_extreme,2088,20--25,1814,22.789983461962514,25.28534594143618,48.90701409648083,105265.65787386874,0.07500942630285329,0.05512679162072767
ahmedabad_ssp585_late_2080s_heatwave_extreme_2088,Ahmedabad,ssp585,late_2080s,heatwave_extreme,2088,25--30,3454,27.734921829762598,25.70871615338957,50.61807707453903,105862.44289780561,0.1021273275548612,6.7458019687319055
ahmedabad_ssp585_late_2080s_heatwave_extreme_2088,Ahmedabad,ssp585,late_2080s,heatwave_extreme,2088,30--35,6403,32.45571568014993,26.616524601785894,52.154047107779576,114760.37243996157,0.17366325545348799,31.68827112291114
ahmedabad_ssp585_late_2080s_heatwave_extreme_2088,Ahmedabad,ssp585,late_2080s,heatwave_extreme,2088,>=35,4466,38.54413905060457,27.777029579791808,55.75912904728691,111331.69018717273,0.25467000919508404,60.30004478280341
ahmedabad_ssp585_late_2080s_hot_2088,Ahmedabad,ssp585,late_2080s,hot,2088,<20,567,18.357191358024693,24.855138344048598,44.69445173350932,78515.07853747146,0.06571344999801247,0.0
ahmedabad_ssp585_late_2080s_hot_2088,Ahmedabad,ssp585,late_2080s,hot,2088,20--25,1814,22.789983461962514,25.28534594143618,48.90701409648083,105265.65787386874,0.07500942630285329,0.05512679162072767
ahmedabad_ssp585_late_2080s_hot_2088,Ahmedabad,ssp585,late_2080s,hot,2088,25--30,3454,27.734921829762598,25.70871615338957,50.61807707453903,105862.44289780561,0.1021273275548612,6.7458019687319055
ahmedabad_ssp585_late_2080s_hot_2088,Ahmedabad,ssp585,late_2080s,hot,2088,30--35,6403,32.45571568014993,26.616524601785894,52.154047107779576,114760.37243996157,0.17366325545348799,31.68827112291114
ahmedabad_ssp585_late_2080s_hot_2088,Ahmedabad,ssp585,late_2080s,hot,2088,>=35,4466,38.54413905060457,27.777029579791808,55.75912904728691,111331.69018717273,0.25467000919508404,60.30004478280341
ahmedabad_ssp585_late_2080s_typical_2087,Ahmedabad,ssp585,late_2080s,typical,2087,<20,938,17.092849147121537,24.836821581080514,41.71806959741617,80824.1552411356,0.07260485268423007,0.0
ahmedabad_ssp585_late_2080s_typical_2087,Ahmedabad,ssp585,late_2080s,typical,2087,20--25,1752,22.97342180365297,25.28373236772707,47.48728710625323,100464.99740185642,0.0802372302252518,0.5136986301369862
ahmedabad_ssp585_late_2080s_typical_2087,Ahmedabad,ssp585,late_2080s,typical,2087,25--30,4863,27.71859397491261,25.681169206015312,50.617614668650866,107200.17986572889,0.10174768078182408,5.634382068681884
ahmedabad_ssp585_late_2080s_typical_2087,Ahmedabad,ssp585,late_2080s,typical,2087,30--35,5278,32.26250047366427,26.25187116803816,51.777258143187375,114602.68125324362,0.13934943079577577,19.192876089427813
ahmedabad_ssp585_late_2080s_typical_2087,Ahmedabad,ssp585,late_2080s,typical,2087,>=35,3873,37.79699909630777,27.168654764206902,53.61582642648736,116711.60080356312,0.20855847066697958,43.9710818486961
ahmedabad_ssp585_mid_2050s_heatwave_extreme_2051,Ahmedabad,ssp585,mid_2050s,heatwave_extreme,2051,<20,1447,16.479488597097443,24.817024560130363,39.92748095880118,79477.70454272347,0.0778735618419607,0.0
ahmedabad_ssp585_mid_2050s_heatwave_extreme_2051,Ahmedabad,ssp585,mid_2050s,heatwave_extreme,2051,20--25,2012,22.84933399602386,25.28854438313678,45.96326864386412,100990.90642107624,0.08529192633723816,0.3976143141153081
ahmedabad_ssp585_mid_2050s_heatwave_extreme_2051,Ahmedabad,ssp585,mid_2050s,heatwave_extreme,2051,25--30,4862,27.900010798025505,25.954450208994178,51.38858477817604,109765.53599512232,0.11877902549608237,11.003702180172768
ahmedabad_ssp585_mid_2050s_heatwave_extreme_2051,Ahmedabad,ssp585,mid_2050s,heatwave_extreme,2051,30--35,5302,32.26615192380234,26.463077168490376,52.16722693723177,115705.33033119359,0.148697034062802,22.387778196906826
ahmedabad_ssp585_mid_2050s_heatwave_extreme_2051,Ahmedabad,ssp585,mid_2050s,heatwave_extreme,2051,>=35,3081,37.99448717948718,26.98579646124746,53.27394578576503,116683.56181012785,0.18968799384044333,39.59753326841934
ahmedabad_ssp585_mid_2050s_hot_2050,Ahmedabad,ssp585,mid_2050s,hot,2050,<20,1311,16.90500953470633,24.81819971770008,41.67923150540681,78876.92470206376,0.0736994789326277,0.0
ahmedabad_ssp585_mid_2050s_hot_2050,Ahmedabad,ssp585,mid_2050s,hot,2050,20--25,2172,22.996068139963167,25.297851288184027,47.424542437404604,99797.88248459432,0.08426380123077802,0.1841620626151013
ahmedabad_ssp585_mid_2050s_hot_2050,Ahmedabad,ssp585,mid_2050s,hot,2050,25--30,4662,27.769923852423855,25.796713322764905,50.85416763155316,108151.2224658984,0.10921531711213532,6.7996567996568
ahmedabad_ssp585_mid_2050s_hot_2050,Ahmedabad,ssp585,mid_2050s,hot,2050,30--35,5505,32.3385608537693,26.382284109587474,52.073274735683135,115539.50267131696,0.14538792014624183,21.217075386012716
ahmedabad_ssp585_mid_2050s_hot_2050,Ahmedabad,ssp585,mid_2050s,hot,2050,>=35,3054,38.144705304518666,27.078885179334414,53.791179521204725,115070.03132850408,0.2028742334176771,45.18664047151277
ahmedabad_ssp585_mid_2050s_typical_2055,Ahmedabad,ssp585,mid_2050s,typical,2055,<20,1420,16.34495422535211,24.81239777765841,39.772737802174575,79629.37676254845,0.0779460746280744,0.0
ahmedabad_ssp585_mid_2050s_typical_2055,Ahmedabad,ssp585,mid_2050s,typical,2055,20--25,2359,22.965675074183974,25.299870958457184,46.82404228445613,97946.79137150056,0.08666050989383202,0.2967359050445104
ahmedabad_ssp585_mid_2050s_typical_2055,Ahmedabad,ssp585,mid_2050s,typical,2055,25--30,5318,27.665835370440018,25.552703289627726,50.01672076812636,107058.23526669001,0.09500797253285187,3.0274539300488903
ahmedabad_ssp585_mid_2050s_typical_2055,Ahmedabad,ssp585,mid_2050s,typical,2055,30--35,4895,32.30948161389172,25.91202379533538,50.97711790688394,113043.8659014148,0.11148396557243904,8.498467824310522
ahmedabad_ssp585_mid_2050s_typical_2055,Ahmedabad,ssp585,mid_2050s,typical,2055,>=35,2712,37.75702710176991,26.57956931739705,53.106186354621954,115999.88692738749,0.15601382566839267,25.110619469026545
ahmedabad_ssp585_near_2030s_heatwave_extreme_2037,Ahmedabad,ssp585,near_2030s,heatwave_extreme,2037,<20,1616,16.306084467821783,24.779983065548706,40.044908627242435,77942.37543824498,0.07645421860338666,0.0
ahmedabad_ssp585_near_2030s_heatwave_extreme_2037,Ahmedabad,ssp585,near_2030s,heatwave_extreme,2037,20--25,2137,23.038882779597564,25.28224426468993,44.62450985076829,97884.3813421657,0.09139381566096108,0.5147402901263454
ahmedabad_ssp585_near_2030s_heatwave_extreme_2037,Ahmedabad,ssp585,near_2030s,heatwave_extreme,2037,25--30,4801,27.849273068110808,25.85275433273216,51.299952360849446,110880.24548084136,0.11129279539616545,8.144136638200376
ahmedabad_ssp585_near_2030s_heatwave_extreme_2037,Ahmedabad,ssp585,near_2030s,heatwave_extreme,2037,30--35,5081,32.23473479629994,26.161347336907127,52.507090963467384,111696.19307231267,0.12206404642066321,12.438496358984452
ahmedabad_ssp585_near_2030s_heatwave_extreme_2037,Ahmedabad,ssp585,near_2030s,heatwave_extreme,2037,>=35,3069,37.81900374714891,26.67802670175799,52.81554897842188,115320.71915976901,0.16565384751468398,28.83675464320626
ahmedabad_ssp585_near_2030s_hot_2037,Ahmedabad,ssp585,near_2030s,hot,2037,<20,1616,16.306084467821783,24.779983065548706,40.044908627242435,77942.37543824498,0.07645421860338666,0.0
ahmedabad_ssp585_near_2030s_hot_2037,Ahmedabad,ssp585,near_2030s,hot,2037,20--25,2137,23.038882779597564,25.28224426468993,44.62450985076829,97884.3813421657,0.09139381566096108,0.5147402901263454
ahmedabad_ssp585_near_2030s_hot_2037,Ahmedabad,ssp585,near_2030s,hot,2037,25--30,4801,27.849273068110808,25.85275433273216,51.299952360849446,110880.24548084136,0.11129279539616545,8.144136638200376
ahmedabad_ssp585_near_2030s_hot_2037,Ahmedabad,ssp585,near_2030s,hot,2037,30--35,5081,32.23473479629994,26.161347336907127,52.507090963467384,111696.19307231267,0.12206404642066321,12.438496358984452
ahmedabad_ssp585_near_2030s_hot_2037,Ahmedabad,ssp585,near_2030s,hot,2037,>=35,3069,37.81900374714891,26.67802670175799,52.81554897842188,115320.71915976901,0.16565384751468398,28.83675464320626
ahmedabad_ssp585_near_2030s_typical_2031,Ahmedabad,ssp585,near_2030s,typical,2031,<20,2086,15.884590124640463,24.65164931477811,38.259075566803524,74601.37616758689,0.07750766811264811,0.0
ahmedabad_ssp585_near_2030s_typical_2031,Ahmedabad,ssp585,near_2030s,typical,2031,20--25,2501,22.694635145941625,25.12936482441396,43.539710345168665,94890.12390358742,0.08346422690333155,0.0
ahmedabad_ssp585_near_2030s_typical_2031,Ahmedabad,ssp585,near_2030s,typical,2031,25--30,4771,27.786139174177325,25.77281591157351,50.221229385143076,107409.21802577096,0.11101880766233249,9.096625445399287
ahmedabad_ssp585_near_2030s_typical_2031,Ahmedabad,ssp585,near_2030s,typical,2031,30--35,5035,32.25832075471698,26.354951074342633,51.76317429816742,113010.26431234392,0.14011224495284616,21.529294935451837
ahmedabad_ssp585_near_2030s_typical_2031,Ahmedabad,ssp585,near_2030s,typical,2031,>=35,2311,37.23981934227607,26.857727974560113,53.82973174307316,111242.23468097257,0.1732404566552172,36.174816096927735
beijing_ssp245_baseline_2020s_heatwave_extreme_2025,Beijing,ssp245,baseline_2020s,heatwave_extreme,2025,<20,10254,7.783919446069826,23.62327626001408,24.610128371761494,52084.16560544811,0.08291473356332922,0.0
beijing_ssp245_baseline_2020s_heatwave_extreme_2025,Beijing,ssp245,baseline_2020s,heatwave_extreme,2025,20--25,2563,22.59422941865002,25.081171907487246,45.78973836069766,94405.19904380073,0.07573439952917276,0.0
beijing_ssp245_baseline_2020s_heatwave_extreme_2025,Beijing,ssp245,baseline_2020s,heatwave_extreme,2025,25--30,2454,27.379978606356968,25.586450297157107,51.31702608145008,104796.00753771438,0.09284536627464601,6.723716381418093
beijing_ssp245_baseline_2020s_heatwave_extreme_2025,Beijing,ssp245,baseline_2020s,heatwave_extreme,2025,30--35,1300,31.927978846153845,26.550468966204296,54.28172182471581,117791.16358882221,0.14051335158283842,22.30769230769231
beijing_ssp245_baseline_2020s_heatwave_extreme_2025,Beijing,ssp245,baseline_2020s,heatwave_extreme,2025,>=35,133,35.63124060150376,28.218858565139747,58.72435673415446,114851.00405843169,0.27199174789840214,87.96992481203007
beijing_ssp245_baseline_2020s_hot_2025,Beijing,ssp245,baseline_2020s,hot,2025,<20,10254,7.783919446069826,23.62327626001408,24.610128371761494,52084.16560544811,0.08291473356332922,0.0
beijing_ssp245_baseline_2020s_hot_2025,Beijing,ssp245,baseline_2020s,hot,2025,20--25,2563,22.59422941865002,25.081171907487246,45.78973836069766,94405.19904380073,0.07573439952917276,0.0
beijing_ssp245_baseline_2020s_hot_2025,Beijing,ssp245,baseline_2020s,hot,2025,25--30,2454,27.379978606356968,25.586450297157107,51.31702608145008,104796.00753771438,0.09284536627464601,6.723716381418093
beijing_ssp245_baseline_2020s_hot_2025,Beijing,ssp245,baseline_2020s,hot,2025,30--35,1300,31.927978846153845,26.550468966204296,54.28172182471581,117791.16358882221,0.14051335158283842,22.30769230769231
beijing_ssp245_baseline_2020s_hot_2025,Beijing,ssp245,baseline_2020s,hot,2025,>=35,133,35.63124060150376,28.218858565139747,58.72435673415446,114851.00405843169,0.27199174789840214,87.96992481203007
beijing_ssp245_baseline_2020s_typical_2026,Beijing,ssp245,baseline_2020s,typical,2026,<20,10627,6.829425284652301,23.498091425202546,23.646625962368127,48827.44965420083,0.08450638994128677,0.0
beijing_ssp245_baseline_2020s_typical_2026,Beijing,ssp245,baseline_2020s,typical,2026,20--25,2248,22.632180827402134,24.97217896452283,47.652235105670364,89367.12922478467,0.06927787153119903,0.0
beijing_ssp245_baseline_2020s_typical_2026,Beijing,ssp245,baseline_2020s,typical,2026,25--30,3167,27.497882065045783,25.1805719224667,50.369097012241824,98264.50792178753,0.07246189801064168,1.484054310072624
beijing_ssp245_baseline_2020s_typical_2026,Beijing,ssp245,baseline_2020s,typical,2026,30--35,662,31.32452039274924,25.881786551103875,52.65516889258121,117889.40435858862,0.09381464214269578,3.3232628398791544
beijing_ssp245_late_2080s_heatwave_extreme_2084,Beijing,ssp245,late_2080s,heatwave_extreme,2084,<20,9311,8.665285952099666,23.766895635886424,24.605601755467887,53893.64100478496,0.08388354459680486,0.01073998496402105
beijing_ssp245_late_2080s_heatwave_extreme_2084,Beijing,ssp245,late_2080s,heatwave_extreme,2084,20--25,2279,22.587614085125054,25.124129340757662,44.5480127415981,96370.36787907527,0.07577410985857218,0.2193944712593243
beijing_ssp245_late_2080s_heatwave_extreme_2084,Beijing,ssp245,late_2080s,heatwave_extreme,2084,25--30,2460,27.481899390243903,25.740446810211147,51.14537724114069,106556.69772784815,0.10300497343715123,11.829268292682926
beijing_ssp245_late_2080s_heatwave_extreme_2084,Beijing,ssp245,late_2080s,heatwave_extreme,2084,30--35,1972,32.19323402636917,26.984505008521477,53.89957136048149,120079.53261645918,0.17942921918210938,37.32251521298174
beijing_ssp245_late_2080s_heatwave_extreme_2084,Beijing,ssp245,late_2080s,heatwave_extreme,2084,>=35,682,36.81543988269795,29.73457075561126,60.43702218483721,106437.43665301804,0.328871946453339,92.22873900293254
beijing_ssp245_late_2080s_hot_2084,Beijing,ssp245,late_2080s,hot,2084,<20,9311,8.665285952099666,23.766895635886424,24.605601755467887,53893.64100478496,0.08388354459680486,0.01073998496402105
beijing_ssp245_late_2080s_hot_2084,Beijing,ssp245,late_2080s,hot,2084,20--25,2279,22.587614085125054,25.124129340757662,44.5480127415981,96370.36787907527,0.07577410985857218,0.2193944712593243
beijing_ssp245_late_2080s_hot_2084,Beijing,ssp245,late_2080s,hot,2084,25--30,2460,27.481899390243903,25.740446810211147,51.14537724114069,106556.69772784815,0.10300497343715123,11.829268292682926
beijing_ssp245_late_2080s_hot_2084,Beijing,ssp245,late_2080s,hot,2084,30--35,1972,32.19323402636917,26.984505008521477,53.89957136048149,120079.53261645918,0.17942921918210938,37.32251521298174
beijing_ssp245_late_2080s_hot_2084,Beijing,ssp245,late_2080s,hot,2084,>=35,682,36.81543988269795,29.73457075561126,60.43702218483721,106437.43665301804,0.328871946453339,92.22873900293254
beijing_ssp245_late_2080s_typical_2083,Beijing,ssp245,late_2080s,typical,2083,<20,9743,7.930475212973418,23.579957976307785,24.135444443954878,49756.58221165409,0.08234523412885243,0.0
beijing_ssp245_late_2080s_typical_2083,Beijing,ssp245,late_2080s,typical,2083,20--25,1969,22.478481462671404,25.09197355745639,44.39085121682611,95148.64276377848,0.0761783989198775,1.2696800406297613
beijing_ssp245_late_2080s_typical_2083,Beijing,ssp245,late_2080s,typical,2083,25--30,2623,27.500817765916892,25.84676693896714,51.90498715239574,104748.60841914706,0.10977306319933258,15.097216927182616
beijing_ssp245_late_2080s_typical_2083,Beijing,ssp245,late_2080s,typical,2083,30--35,1943,32.1821487390633,27.284505092178602,54.58322980570143,121485.96384894857,0.19885301109322526,48.481729284611426
beijing_ssp245_late_2080s_typical_2083,Beijing,ssp245,late_2080s,typical,2083,>=35,426,36.35329812206572,29.09136237083907,59.97624392373604,109096.94656256103,0.30846407268304193,94.83568075117371
beijing_ssp245_mid_2050s_heatwave_extreme_2050,Beijing,ssp245,mid_2050s,heatwave_extreme,2050,<20,9555,9.07592673992674,23.778708542964267,24.731457574600924,54562.75907431662,0.08239108401528396,0.0
beijing_ssp245_mid_2050s_heatwave_extreme_2050,Beijing,ssp245,mid_2050s,heatwave_extreme,2050,20--25,2102,22.568064938154137,25.140076821809327,44.269122317526,95677.00380869684,0.07770010714184805,0.6184586108468125
beijing_ssp245_mid_2050s_heatwave_extreme_2050,Beijing,ssp245,mid_2050s,heatwave_extreme,2050,25--30,2825,27.570477876106196,25.737838268810172,51.26431340617379,106638.84659604212,0.1007137888322164,9.91150442477876
beijing_ssp245_mid_2050s_heatwave_extreme_2050,Beijing,ssp245,mid_2050s,heatwave_extreme,2050,30--35,1879,32.05499068653539,26.971639307026177,54.15603764084331,121591.84879964861,0.17347143142960283,34.16711016498137
beijing_ssp245_mid_2050s_heatwave_extreme_2050,Beijing,ssp245,mid_2050s,heatwave_extreme,2050,>=35,343,37.326268221574345,29.965074276574715,62.18259686371074,100758.93101994085,0.3435814733830153,100.0
beijing_ssp245_mid_2050s_hot_2050,Beijing,ssp245,mid_2050s,hot,2050,<20,9555,9.07592673992674,23.778708542964267,24.731457574600924,54562.75907431662,0.08239108401528396,0.0
beijing_ssp245_mid_2050s_hot_2050,Beijing,ssp245,mid_2050s,hot,2050,20--25,2102,22.568064938154137,25.140076821809327,44.269122317526,95677.00380869684,0.07770010714184805,0.6184586108468125
beijing_ssp245_mid_2050s_hot_2050,Beijing,ssp245,mid_2050s,hot,2050,25--30,2825,27.570477876106196,25.737838268810172,51.26431340617379,106638.84659604212,0.1007137888322164,9.91150442477876
beijing_ssp245_mid_2050s_hot_2050,Beijing,ssp245,mid_2050s,hot,2050,30--35,1879,32.05499068653539,26.971639307026177,54.15603764084331,121591.84879964861,0.17347143142960283,34.16711016498137
beijing_ssp245_mid_2050s_hot_2050,Beijing,ssp245,mid_2050s,hot,2050,>=35,343,37.326268221574345,29.965074276574715,62.18259686371074,100758.93101994085,0.3435814733830153,100.0
beijing_ssp245_mid_2050s_typical_2056,Beijing,ssp245,mid_2050s,typical,2056,<20,10040,6.774015189243028,23.51250499146551,23.403364140390412,49132.2514125249,0.08401010326774615,0.0
beijing_ssp245_mid_2050s_typical_2056,Beijing,ssp245,mid_2050s,typical,2056,20--25,1976,22.68085526315789,25.136963464325966,47.04684456292776,93371.16433226388,0.07402584187959178,0.5060728744939271
beijing_ssp245_mid_2050s_typical_2056,Beijing,ssp245,mid_2050s,typical,2056,25--30,3017,27.57524610540272,25.630784577014012,51.32109503829045,104982.5498493894,0.09480995008051162,8.253231687106396
beijing_ssp245_mid_2050s_typical_2056,Beijing,ssp245,mid_2050s,typical,2056,30--35,1665,31.66747597597598,26.254682764730653,52.505198772271186,119837.34496628992,0.12497280124821016,16.696696696696698
beijing_ssp245_mid_2050s_typical_2056,Beijing,ssp245,mid_2050s,typical,2056,>=35,6,35.128750000000004,25.52149253908679,50.19209992938634,129128.97477371058,0.08528110122101175,0.0
beijing_ssp245_near_2030s_heatwave_extreme_2039,Beijing,ssp245,near_2030s,heatwave_extreme,2039,<20,10095,5.984237493808816,23.316692925021144,23.471519771850332,46824.92468721836,0.08483290259084246,0.0
beijing_ssp245_near_2030s_heatwave_extreme_2039,Beijing,ssp245,near_2030s,heatwave_extreme,2039,20--25,2586,22.69472351121423,25.03772330594788,46.46151941725852,93024.41378038772,0.07317186128650631,0.0
beijing_ssp245_near_2030s_heatwave_extreme_2039,Beijing,ssp245,near_2030s,heatwave_extreme,2039,25--30,3229,27.520352276246516,25.24548989373856,49.991096547158975,102094.89984670877,0.07359653336174891,0.5574481263549086
beijing_ssp245_near_2030s_heatwave_extreme_2039,Beijing,ssp245,near_2030s,heatwave_extreme,2039,30--35,794,31.48984256926952,25.58121372564759,51.400632421223854,116712.46122586953,0.08230288389344535,1.2594458438287155
beijing_ssp245_near_2030s_hot_2034,Beijing,ssp245,near_2030s,hot,2034,<20,10059,6.904475345461774,23.47313538744679,23.783792328879713,48403.186318341424,0.08353779922101776,0.0
beijing_ssp245_near_2030s_hot_2034,Beijing,ssp245,near_2030s,hot,2034,20--25,2455,22.649357433808554,25.11149537743273,46.12139150213957,94908.79309816791,0.07484071617428838,0.0
beijing_ssp245_near_2030s_hot_2034,Beijing,ssp245,near_2030s,hot,2034,25--30,2777,27.50940403312928,25.499324400547557,50.99629730450714,106129.34324642639,0.08616470771115294,4.4292401872524305
beijing_ssp245_near_2030s_hot_2034,Beijing,ssp245,near_2030s,hot,2034,30--35,1389,31.843257739380853,26.09515573447399,53.082064734573,118710.26619071294,0.10804329816002119,8.207343412526997
beijing_ssp245_near_2030s_hot_2034,Beijing,ssp245,near_2030s,hot,2034,>=35,24,35.17333333333333,27.105080460875428,56.77707510009791,122562.05422878212,0.17040048366244365,20.833333333333336
beijing_ssp245_near_2030s_typical_2035,Beijing,ssp245,near_2030s,typical,2035,<20,10134,5.497431172291296,23.2508354741981,23.314042271242464,45468.78267810499,0.08561801406117492,0.0
beijing_ssp245_near_2030s_typical_2035,Beijing,ssp245,near_2030s,typical,2035,20--25,2488,22.640571744372988,25.00466211443634,45.18614045345819,88149.65203031496,0.07505365727024625,0.20096463022508038
beijing_ssp245_near_2030s_typical_2035,Beijing,ssp245,near_2030s,typical,2035,25--30,2698,27.497431430689403,25.486301335253973,51.35125877448396,102574.62215448791,0.0871364008393592,5.670867309117865
beijing_ssp245_near_2030s_typical_2035,Beijing,ssp245,near_2030s,typical,2035,30--35,1384,31.617698699421968,26.137353617648888,53.839186864601025,118897.55670088818,0.106898199446149,7.658959537572255
beijing_ssp585_baseline_2020s_heatwave_extreme_2029,Beijing,ssp585,baseline_2020s,heatwave_extreme,2029,<20,10353,6.322180285907466,23.416334459410482,23.307583453132725,48132.12926863523,0.08584895702286889,0.0
beijing_ssp585_baseline_2020s_heatwave_extreme_2029,Beijing,ssp585,baseline_2020s,heatwave_extreme,2029,20--25,2413,22.59836614173228,25.06736295779285,45.52182193657748,91919.14202979553,0.07462028163445475,0.12432656444260257
beijing_ssp585_baseline_2020s_heatwave_extreme_2029,Beijing,ssp585,baseline_2020s,heatwave_extreme,2029,25--30,2534,27.49165745856353,25.56619489721953,51.623997049012985,105212.9409248825,0.08932287643133852,6.906077348066299
beijing_ssp585_baseline_2020s_heatwave_extreme_2029,Beijing,ssp585,baseline_2020s,heatwave_extreme,2029,30--35,1367,31.92001097293343,26.414283298496112,54.063327749336224,119513.03891825519,0.13140108440472398,19.970738844184346
beijing_ssp585_baseline_2020s_heatwave_extreme_2029,Beijing,ssp585,baseline_2020s,heatwave_extreme,2029,>=35,37,35.515135135135125,27.344169257760136,59.63408682471877,110100.1775470941,0.20398117060529755,64.86486486486487
beijing_ssp585_baseline_2020s_hot_2029,Beijing,ssp585,baseline_2020s,hot,2029,<20,10353,6.322180285907466,23.416334459410482,23.307583453132725,48132.12926863523,0.08584895702286889,0.0
beijing_ssp585_baseline_2020s_hot_2029,Beijing,ssp585,baseline_2020s,hot,2029,20--25,2413,22.59836614173228,25.06736295779285,45.52182193657748,91919.14202979553,0.07462028163445475,0.12432656444260257
beijing_ssp585_baseline_2020s_hot_2029,Beijing,ssp585,baseline_2020s,hot,2029,25--30,2534,27.49165745856353,25.56619489721953,51.623997049012985,105212.9409248825,0.08932287643133852,6.906077348066299
beijing_ssp585_baseline_2020s_hot_2029,Beijing,ssp585,baseline_2020s,hot,2029,30--35,1367,31.92001097293343,26.414283298496112,54.063327749336224,119513.03891825519,0.13140108440472398,19.970738844184346
beijing_ssp585_baseline_2020s_hot_2029,Beijing,ssp585,baseline_2020s,hot,2029,>=35,37,35.515135135135125,27.344169257760136,59.63408682471877,110100.1775470941,0.20398117060529755,64.86486486486487
beijing_ssp585_baseline_2020s_typical_2026,Beijing,ssp585,baseline_2020s,typical,2026,<20,10144,5.9628413347791795,23.368475259836895,23.19810849653343,47579.58336140368,0.0858008119269791,0.0
beijing_ssp585_baseline_2020s_typical_2026,Beijing,ssp585,baseline_2020s,typical,2026,20--25,2826,22.697299186128806,25.008455216412916,46.718833078881644,91022.82862666086,0.07073017600892469,0.0
beijing_ssp585_baseline_2020s_typical_2026,Beijing,ssp585,baseline_2020s,typical,2026,25--30,2993,27.461577013030404,25.15069784228297,49.921423523663705,97920.40707975918,0.06997196187986814,0.20046775810223855
beijing_ssp585_baseline_2020s_typical_2026,Beijing,ssp585,baseline_2020s,typical,2026,30--35,741,31.04821862348178,25.381279519735976,50.32331270681817,116278.4036048727,0.07359929379901932,0.0
beijing_ssp585_late_2080s_heatwave_extreme_2089,Beijing,ssp585,late_2080s,heatwave_extreme,2089,<20,8399,8.45078818907013,23.645530685650755,24.094136170331808,51307.487836437926,0.08224637288655723,0.0
beijing_ssp585_late_2080s_heatwave_extreme_2089,Beijing,ssp585,late_2080s,heatwave_extreme,2089,20--25,1714,22.64090869311552,25.11284457849792,44.52394455478525,96340.71903189868,0.07707597952302023,0.4667444574095682
beijing_ssp585_late_2080s_heatwave_extreme_2089,Beijing,ssp585,late_2080s,heatwave_extreme,2089,25--30,2602,27.60388066871637,25.767592439183865,51.619279863201406,106358.37078749192,0.10483011107397502,11.606456571867794
beijing_ssp585_late_2080s_heatwave_extreme_2089,Beijing,ssp585,late_2080s,heatwave_extreme,2089,30--35,2863,32.47543223891024,26.797451525026162,54.21129068385988,117872.10381938297,0.16545598502681835,32.34369542438002
beijing_ssp585_late_2080s_heatwave_extreme_2089,Beijing,ssp585,late_2080s,heatwave_extreme,2089,>=35,1126,36.64986456483126,28.447594798541644,59.32834327894533,108673.3393795283,0.2664584279910768,69.62699822380107
beijing_ssp585_late_2080s_hot_2089,Beijing,ssp585,late_2080s,hot,2089,<20,8399,8.45078818907013,23.645530685650755,24.094136170331808,51307.487836437926,0.08224637288655723,0.0
beijing_ssp585_late_2080s_hot_2089,Beijing,ssp585,late_2080s,hot,2089,20--25,1714,22.64090869311552,25.11284457849792,44.52394455478525,96340.71903189868,0.07707597952302023,0.4667444574095682
beijing_ssp585_late_2080s_hot_2089,Beijing,ssp585,late_2080s,hot,2089,25--30,2602,27.60388066871637,25.767592439183865,51.619279863201406,106358.37078749192,0.10483011107397502,11.606456571867794
beijing_ssp585_late_2080s_hot_2089,Beijing,ssp585,late_2080s,hot,2089,30--35,2863,32.47543223891024,26.797451525026162,54.21129068385988,117872.10381938297,0.16545598502681835,32.34369542438002
beijing_ssp585_late_2080s_hot_2089,Beijing,ssp585,late_2080s,hot,2089,>=35,1126,36.64986456483126,28.447594798541644,59.32834327894533,108673.3393795283,0.2664584279910768,69.62699822380107
beijing_ssp585_late_2080s_typical_2084,Beijing,ssp585,late_2080s,typical,2084,<20,9134,9.184128804466827,23.700771840883387,25.394591381917024,53034.97794899381,0.08130420249468494,0.0
beijing_ssp585_late_2080s_typical_2084,Beijing,ssp585,late_2080s,typical,2084,20--25,2286,22.52008420822397,25.028663487005122,43.185303932729006,90233.84882799945,0.0764278287109157,0.6561679790026247
beijing_ssp585_late_2080s_typical_2084,Beijing,ssp585,late_2080s,typical,2084,25--30,2255,27.46952328159645,25.86341333910613,52.61992668397245,102921.33671354159,0.11023035822955908,12.815964523281597
beijing_ssp585_late_2080s_typical_2084,Beijing,ssp585,late_2080s,typical,2084,30--35,2282,32.305154469763366,26.86239364204079,53.8896875931506,120227.45374048475,0.16971543343134934,32.86590709903594
beijing_ssp585_late_2080s_typical_2084,Beijing,ssp585,late_2080s,typical,2084,>=35,747,37.412546854083,29.51307237485344,61.63204895707425,101493.50147015922,0.32503124957152846,87.01472556894244
beijing_ssp585_mid_2050s_heatwave_extreme_2052,Beijing,ssp585,mid_2050s,heatwave_extreme,2052,<20,9413,7.085073568469139,23.48832105573478,23.45206053356497,49896.39958686325,0.0841501438151092,0.0
beijing_ssp585_mid_2050s_heatwave_extreme_2052,Beijing,ssp585,mid_2050s,heatwave_extreme,2052,20--25,1741,22.381973004020676,25.139563527636934,44.39946610027343,95178.11433656354,0.07680406598810219,0.9190120620333142
beijing_ssp585_mid_2050s_heatwave_extreme_2052,Beijing,ssp585,mid_2050s,heatwave_extreme,2052,25--30,2250,27.669495555555557,25.797881279864843,52.74776730937509,105470.11399266579,0.10203377714773847,9.466666666666667
beijing_ssp585_mid_2050s_heatwave_extreme_2052,Beijing,ssp585,mid_2050s,heatwave_extreme,2052,30--35,2365,32.164511627906975,26.46231031971547,53.48451779717064,119631.39819110514,0.13944951729060737,22.87526427061311
beijing_ssp585_mid_2050s_heatwave_extreme_2052,Beijing,ssp585,mid_2050s,heatwave_extreme,2052,>=35,935,38.31746256684492,28.705683000111215,59.27793212112741,109176.77859774684,0.3018205866617036,84.1711229946524
beijing_ssp585_mid_2050s_hot_2052,Beijing,ssp585,mid_2050s,hot,2052,<20,9413,7.085073568469139,23.48832105573478,23.45206053356497,49896.39958686325,0.0841501438151092,0.0
beijing_ssp585_mid_2050s_hot_2052,Beijing,ssp585,mid_2050s,hot,2052,20--25,1741,22.381973004020676,25.139563527636934,44.39946610027343,95178.11433656354,0.07680406598810219,0.9190120620333142
beijing_ssp585_mid_2050s_hot_2052,Beijing,ssp585,mid_2050s,hot,2052,25--30,2250,27.669495555555557,25.797881279864843,52.74776730937509,105470.11399266579,0.10203377714773847,9.466666666666667
beijing_ssp585_mid_2050s_hot_2052,Beijing,ssp585,mid_2050s,hot,2052,30--35,2365,32.164511627906975,26.46231031971547,53.48451779717064,119631.39819110514,0.13944951729060737,22.87526427061311
beijing_ssp585_mid_2050s_hot_2052,Beijing,ssp585,mid_2050s,hot,2052,>=35,935,38.31746256684492,28.705683000111215,59.27793212112741,109176.77859774684,0.3018205866617036,84.1711229946524
beijing_ssp585_mid_2050s_typical_2053,Beijing,ssp585,mid_2050s,typical,2053,<20,9601,7.6538248619935425,23.618217039319713,23.64251068966454,50489.18719228391,0.08417346080958907,0.0
beijing_ssp585_mid_2050s_typical_2053,Beijing,ssp585,mid_2050s,typical,2053,20--25,1945,22.69985475578406,25.09194930255267,46.2696067227407,93961.27679384578,0.0729263801258552,0.0
beijing_ssp585_mid_2050s_typical_2053,Beijing,ssp585,mid_2050s,typical,2053,25--30,3008,27.640225232712766,25.45601688392288,50.99255021207545,104836.9133627543,0.08246314568454995,2.69281914893617
beijing_ssp585_mid_2050s_typical_2053,Beijing,ssp585,mid_2050s,typical,2053,30--35,2016,31.829149305555557,25.9765243960996,53.02692885696937,117755.31648211619,0.10027386082009697,5.4563492063492065
beijing_ssp585_mid_2050s_typical_2053,Beijing,ssp585,mid_2050s,typical,2053,>=35,134,35.73453358208955,27.703472894994015,60.19727549186829,108915.94725796873,0.2377224128125745,76.11940298507463
beijing_ssp585_near_2030s_heatwave_extreme_2030,Beijing,ssp585,near_2030s,heatwave_extreme,2030,<20,9791,4.648692932284751,23.181227690413817,22.12408806780217,44081.05056228243,0.08811433996872657,0.0
beijing_ssp585_near_2030s_heatwave_extreme_2030,Beijing,ssp585,near_2030s,heatwave_extreme,2030,20--25,2397,22.60682937004589,25.132678414419217,45.65701351815692,95457.15652591831,0.07641794606048612,0.3337505214851898
beijing_ssp585_near_2030s_heatwave_extreme_2030,Beijing,ssp585,near_2030s,heatwave_extreme,2030,25--30,2786,27.612515254845658,25.628521027926364,51.12080898026945,108689.8111832636,0.09203414897504948,6.389088298636038
beijing_ssp585_near_2030s_heatwave_extreme_2030,Beijing,ssp585,near_2030s,heatwave_extreme,2030,30--35,1587,31.919996849401382,26.307342621443308,53.33384983808935,118716.85921406397,0.12687371006234305,17.01323251417769
beijing_ssp585_near_2030s_heatwave_extreme_2030,Beijing,ssp585,near_2030s,heatwave_extreme,2030,>=35,143,36.07793706293707,28.485298026805363,60.3335593245639,108728.77153896309,0.28928756736911454,88.11188811188812
beijing_ssp585_near_2030s_hot_2037,Beijing,ssp585,near_2030s,hot,2037,<20,9193,4.828689492004786,23.1164304555655,22.660262614574506,44547.82270451503,0.08710382307112795,0.0
beijing_ssp585_near_2030s_hot_2037,Beijing,ssp585,near_2030s,hot,2037,20--25,2669,22.59426283252154,25.11717309790465,44.76925256639229,95797.16802186314,0.0774413047249757,0.29973772948669913
beijing_ssp585_near_2030s_hot_2037,Beijing,ssp585,near_2030s,hot,2037,25--30,2984,27.520993632707775,25.6626823583727,51.440302817767574,105104.20563585171,0.09485585674686378,7.875335120643431
beijing_ssp585_near_2030s_hot_2037,Beijing,ssp585,near_2030s,hot,2037,30--35,1826,31.71226314348302,26.424759638636957,53.356687017171495,121893.82293542486,0.12987700356319296,17.46987951807229
beijing_ssp585_near_2030s_hot_2037,Beijing,ssp585,near_2030s,hot,2037,>=35,32,35.218828125,27.372781618659207,59.08440366916514,113242.93852650603,0.2070082387304865,62.5
beijing_ssp585_near_2030s_typical_2032,Beijing,ssp585,near_2030s,typical,2032,<20,9885,7.7882298937784515,23.602580213321566,24.061521454378767,49322.37754258043,0.08299679862113132,0.0
beijing_ssp585_near_2030s_typical_2032,Beijing,ssp585,near_2030s,typical,2032,20--25,2360,22.63895868644068,25.12568449978158,46.366149275758346,93574.7413223035,0.07607814012374202,0.5084745762711864
beijing_ssp585_near_2030s_typical_2032,Beijing,ssp585,near_2030s,typical,2032,25--30,3115,27.59304494382022,25.601999015930833,51.12341078817407,107068.96944775814,0.0905661598206515,5.36115569823435
beijing_ssp585_near_2030s_typical_2032,Beijing,ssp585,near_2030s,typical,2032,30--35,1344,31.37640625,26.2679037402257,52.935029201128316,125002.52435414205,0.11802518916893094,11.086309523809524
guangzhou_ssp245_baseline_2020s_heatwave_extreme_2028,Guangzhou,ssp245,baseline_2020s,heatwave_extreme,2028,<20,4589,15.577154608847243,24.301778449552632,42.45200236690838,60709.278550438205,0.06654207084775501,0.0
guangzhou_ssp245_baseline_2020s_heatwave_extreme_2028,Guangzhou,ssp245,baseline_2020s,heatwave_extreme,2028,20--25,3987,22.521237772761477,24.938138611801268,50.27746855922078,86298.38132532126,0.06790364380903235,0.15048908954100826
guangzhou_ssp245_baseline_2020s_heatwave_extreme_2028,Guangzhou,ssp245,baseline_2020s,heatwave_extreme,2028,25--30,4942,27.66654441521651,25.75973510524292,52.90651966979394,104243.23862495385,0.10046883030030646,9.550789154188589
guangzhou_ssp245_baseline_2020s_heatwave_extreme_2028,Guangzhou,ssp245,baseline_2020s,heatwave_extreme,2028,30--35,3186,31.474863465160073,26.489878701533947,55.32603789744579,114015.80641554127,0.13322120617288702,17.29441305712492
guangzhou_ssp245_baseline_2020s_hot_2027,Guangzhou,ssp245,baseline_2020s,hot,2027,<20,3427,13.729310621534871,24.250178859407292,38.52894923722404,61045.34654425692,0.06983100309141481,0.0
guangzhou_ssp245_baseline_2020s_hot_2027,Guangzhou,ssp245,baseline_2020s,hot,2027,20--25,3952,22.751274671052634,25.010690323388904,50.78515570506615,89701.40528409273,0.06826202200663462,0.0
guangzhou_ssp245_baseline_2020s_hot_2027,Guangzhou,ssp245,baseline_2020s,hot,2027,25--30,6002,27.660004581806064,25.534149395680803,52.1783145372326,101451.94092982404,0.0878081180898768,5.781406197934022
guangzhou_ssp245_baseline_2020s_hot_2027,Guangzhou,ssp245,baseline_2020s,hot,2027,30--35,3323,31.31062067408968,26.158654422458426,54.909018606181164,114258.4021723519,0.11037452353462755,10.261811616009629
guangzhou_ssp245_baseline_2020s_typical_2025,Guangzhou,ssp245,baseline_2020s,typical,2025,<20,4047,15.43855819125278,24.4179812383133,41.57671679751165,65037.96485007193,0.06833091107129295,0.0
guangzhou_ssp245_baseline_2020s_typical_2025,Guangzhou,ssp245,baseline_2020s,typical,2025,20--25,4077,22.600853568800588,24.940545906866234,50.39617831212589,85749.61025308419,0.06854345002335364,0.09811135638950208
guangzhou_ssp245_baseline_2020s_typical_2025,Guangzhou,ssp245,baseline_2020s,typical,2025,25--30,5344,27.727596369760477,25.658576634190414,52.72785963814704,102162.94302729906,0.09466082744383204,7.48502994011976
guangzhou_ssp245_baseline_2020s_typical_2025,Guangzhou,ssp245,baseline_2020s,typical,2025,30--35,3236,31.610823547589618,26.73050840264324,55.12196516313631,115195.58889960102,0.152030626541942,26.421508034610632
guangzhou_ssp245_late_2080s_heatwave_extreme_2088,Guangzhou,ssp245,late_2080s,heatwave_extreme,2088,<20,3650,14.423247260273973,24.404800791793203,39.735188120859036,64352.12226463761,0.07136823025464877,0.0
guangzhou_ssp245_late_2080s_heatwave_extreme_2088,Guangzhou,ssp245,late_2080s,heatwave_extreme,2088,20--25,2780,22.72127697841727,25.0366813214548,50.8962459032056,89724.40030643865,0.07109816181398057,0.07194244604316546
guangzhou_ssp245_late_2080s_heatwave_extreme_2088,Guangzhou,ssp245,late_2080s,heatwave_extreme,2088,25--30,4505,27.910420643729193,26.018033623227588,53.99610986320141,104734.04040258679,0.11403459384277687,14.250832408435071
guangzhou_ssp245_late_2080s_heatwave_extreme_2088,Guangzhou,ssp245,late_2080s,heatwave_extreme,2088,30--35,5338,32.18199185088048,27.21244124804374,56.085849975440716,113198.16032061631,0.19271139581750849,44.75458973398276
guangzhou_ssp245_late_2080s_heatwave_extreme_2088,Guangzhou,ssp245,late_2080s,heatwave_extreme,2088,>=35,431,35.429327146171694,28.844439268082184,58.617354580435084,108481.4554716136,0.30856436216477695,91.1832946635731
guangzhou_ssp245_late_2080s_hot_2083,Guangzhou,ssp245,late_2080s,hot,2083,<20,3316,16.050695114595896,24.649404818660447,42.16798714623803,73600.81092200932,0.07296209788029215,0.0
guangzhou_ssp245_late_2080s_hot_2083,Guangzhou,ssp245,late_2080s,hot,2083,20--25,2830,22.799806537102473,25.081843645477274,50.43380667285418,91384.53949574647,0.072920154145265,0.2826855123674912
guangzhou_ssp245_late_2080s_hot_2083,Guangzhou,ssp245,late_2080s,hot,2083,25--30,4865,27.800999486125384,25.937078529198864,53.82468826601125,104739.68736942679,0.10974370415034694,12.846865364850975
guangzhou_ssp245_late_2080s_hot_2083,Guangzhou,ssp245,late_2080s,hot,2083,30--35,5489,32.08814128256513,26.9220261807521,56.111794205105625,111912.16909958792,0.16832060856056802,32.902167972308256
guangzhou_ssp245_late_2080s_hot_2083,Guangzhou,ssp245,late_2080s,hot,2083,>=35,204,35.6722181372549,28.458457955635502,60.50231082356981,103228.66031587395,0.27015662014307884,75.98039215686273
guangzhou_ssp245_late_2080s_typical_2084,Guangzhou,ssp245,late_2080s,typical,2084,<20,3645,14.985572702331961,24.37141716948481,41.47607880034376,63228.102545473,0.06960030781143486,0.0
guangzhou_ssp245_late_2080s_typical_2084,Guangzhou,ssp245,late_2080s,typical,2084,20--25,3022,22.566500661813368,24.90137344112126,50.41895374766343,84847.65668315199,0.06725617224950907,0.0
guangzhou_ssp245_late_2080s_typical_2084,Guangzhou,ssp245,late_2080s,typical,2084,25--30,4633,27.865407943017484,25.808560191593116,53.7602611113134,103781.48230761841,0.10085937108884255,9.928771854090222
guangzhou_ssp245_late_2080s_typical_2084,Guangzhou,ssp245,late_2080s,typical,2084,30--35,5365,31.974595992544266,26.568850903683607,55.279970150838956,112357.10130747646,0.14107294609234936,20.03727865796831
guangzhou_ssp245_late_2080s_typical_2084,Guangzhou,ssp245,late_2080s,typical,2084,>=35,39,35.34448717948718,28.22682383000847,56.103827498790125,120646.09384921711,0.275932127238912,89.74358974358975
guangzhou_ssp245_mid_2050s_heatwave_extreme_2055,Guangzhou,ssp245,mid_2050s,heatwave_extreme,2055,<20,3093,15.587539605560943,24.5563888060533,41.72350076046479,68524.85550317176,0.07042031305235272,0.0
guangzhou_ssp245_mid_2050s_heatwave_extreme_2055,Guangzhou,ssp245,mid_2050s,heatwave_extreme,2055,20--25,4199,22.641109192664917,25.050262101073894,50.375601244974895,92577.91200162182,0.07156382691709333,0.04763038818766373
guangzhou_ssp245_mid_2050s_heatwave_extreme_2055,Guangzhou,ssp245,mid_2050s,heatwave_extreme,2055,25--30,5365,27.607462721342028,25.733081006102655,52.74175762236248,104037.69964490124,0.0999388653103496,9.114631873252563
guangzhou_ssp245_mid_2050s_heatwave_extreme_2055,Guangzhou,ssp245,mid_2050s,heatwave_extreme,2055,30--35,3945,31.813989860583018,26.923675449708472,55.78215870923537,113939.17113180149,0.17137978038657734,34.32192648922687
guangzhou_ssp245_mid_2050s_heatwave_extreme_2055,Guangzhou,ssp245,mid_2050s,heatwave_extreme,2055,>=35,102,35.25705882352941,29.204664422465203,59.44216573254778,109007.39334569806,0.326757889335482,100.0
guangzhou_ssp245_mid_2050s_hot_2051,Guangzhou,ssp245,mid_2050s,hot,2051,<20,3153,14.584848556929908,24.30837426007111,40.305978787404946,61374.03292776478,0.06933625160439509,0.0
guangzhou_ssp245_mid_2050s_hot_2051,Guangzhou,ssp245,mid_2050s,hot,2051,20--25,3393,22.72435676392573,24.96520324608472,50.921898929778706,86417.68999229731,0.06765832991844499,0.2652519893899204
guangzhou_ssp245_mid_2050s_hot_2051,Guangzhou,ssp245,mid_2050s,hot,2051,25--30,5376,27.755744977678575,25.77059321744214,53.22238655527214,103607.05820087458,0.09959523829943391,8.96577380952381
guangzhou_ssp245_mid_2050s_hot_2051,Guangzhou,ssp245,mid_2050s,hot,2051,30--35,4729,31.932152674984145,26.793258226796834,55.43238419668029,112959.21600862785,0.1585757579512889,29.097060689363502
guangzhou_ssp245_mid_2050s_hot_2051,Guangzhou,ssp245,mid_2050s,hot,2051,>=35,53,35.36150943396227,29.299728185763165,58.920707695166136,109679.27600203155,0.3252546017307132,100.0
guangzhou_ssp245_mid_2050s_typical_2054,Guangzhou,ssp245,mid_2050s,typical,2054,<20,3733,13.97337463166354,24.266120062516663,39.18700566642158,59956.53953805835,0.06796330137080005,0.0
guangzhou_ssp245_mid_2050s_typical_2054,Guangzhou,ssp245,mid_2050s,typical,2054,20--25,3023,22.67178713198809,25.0245892775204,51.3017853661198,88128.49098061811,0.06898279226472244,0.0
guangzhou_ssp245_mid_2050s_typical_2054,Guangzhou,ssp245,mid_2050s,typical,2054,25--30,5200,27.82773413461539,25.807722774526656,53.3421336368359,105570.05119896062,0.10021737800744504,9.923076923076923
guangzhou_ssp245_mid_2050s_typical_2054,Guangzhou,ssp245,mid_2050s,typical,2054,30--35,4731,31.89251479602621,26.621177887283263,55.47067534171496,113324.37645284132,0.1451294499209859,21.306277742549142
guangzhou_ssp245_mid_2050s_typical_2054,Guangzhou,ssp245,mid_2050s,typical,2054,>=35,17,35.309705882352944,28.14625392743428,55.328487703156775,121543.9214764013,0.2710286504050315,94.11764705882352
guangzhou_ssp245_near_2030s_heatwave_extreme_2034,Guangzhou,ssp245,near_2030s,heatwave_extreme,2034,<20,4054,15.891771090281203,24.42676924459237,42.66985920348753,63773.68312024448,0.06753224443123258,0.0
guangzhou_ssp245_near_2030s_heatwave_extreme_2034,Guangzhou,ssp245,near_2030s,heatwave_extreme,2034,20--25,3689,22.477247899159664,24.939292580739107,50.11530212809028,85998.71567916531,0.06810505288177021,0.02710761724044456
guangzhou_ssp245_near_2030s_heatwave_extreme_2034,Guangzhou,ssp245,near_2030s,heatwave_extreme,2034,25--30,5154,27.72108410942957,25.65661882797519,53.14158417742112,101537.67612352925,0.09383433451949831,7.37291424136593
guangzhou_ssp245_near_2030s_heatwave_extreme_2034,Guangzhou,ssp245,near_2030s,heatwave_extreme,2034,30--35,3763,31.583439410045177,26.349608689068116,55.25970505625635,112740.66128233283,0.12517668572532084,14.137656125431835
guangzhou_ssp245_near_2030s_heatwave_extreme_2034,Guangzhou,ssp245,near_2030s,heatwave_extreme,2034,>=35,44,35.370852272727284,28.824697070335002,57.58062511379174,114873.8786203716,0.3244729010395311,100.0
guangzhou_ssp245_near_2030s_hot_2038,Guangzhou,ssp245,near_2030s,hot,2038,<20,3364,14.713404429250893,24.388912812684747,40.30750252656334,65264.85053409755,0.06984257982957782,0.0
guangzhou_ssp245_near_2030s_hot_2038,Guangzhou,ssp245,near_2030s,hot,2038,20--25,3505,22.737831669044223,25.049265209790832,50.7395410805984,90361.07475396755,0.07024313354709717,0.14265335235378032
guangzhou_ssp245_near_2030s_hot_2038,Guangzhou,ssp245,near_2030s,hot,2038,25--30,5514,27.619583786724704,25.7569548480264,53.258711462396185,102332.61387206703,0.10026023391961164,9.104098657961552
guangzhou_ssp245_near_2030s_hot_2038,Guangzhou,ssp245,near_2030s,hot,2038,30--35,4293,31.729394945259735,26.650972430395772,55.5658125127519,112493.95775491105,0.14830866907362766,24.598183088749124
guangzhou_ssp245_near_2030s_hot_2038,Guangzhou,ssp245,near_2030s,hot,2038,>=35,28,35.17839285714286,27.85210250390609,60.62484033191691,103794.79409329096,0.270641490503303,100.0
guangzhou_ssp245_near_2030s_typical_2031,Guangzhou,ssp245,near_2030s,typical,2031,<20,4328,15.035931723659889,24.34147150722836,41.28451827832282,61868.747964876595,0.06931423230436118,0.0
guangzhou_ssp245_near_2030s_typical_2031,Guangzhou,ssp245,near_2030s,typical,2031,20--25,3304,22.573932354721546,24.92886484261204,50.39250101529055,85548.67187901102,0.06806325112908096,0.0
guangzhou_ssp245_near_2030s_typical_2031,Guangzhou,ssp245,near_2030s,typical,2031,25--30,5177,27.68746861116477,25.580033780764325,52.98290050232599,100370.00249371995,0.09018502356471339,6.934518060652888
guangzhou_ssp245_near_2030s_typical_2031,Guangzhou,ssp245,near_2030s,typical,2031,30--35,3895,31.697118100128368,26.33961009616257,54.89593047419967,112533.02479686118,0.1256417545859746,15.301668806161745
guangzhou_ssp585_baseline_2020s_heatwave_extreme_2026,Guangzhou,ssp585,baseline_2020s,heatwave_extreme,2026,<20,4682,15.184267407090989,24.253342136886626,42.30260720114414,60175.3175510849,0.06597361276529609,0.0
guangzhou_ssp585_baseline_2020s_heatwave_extreme_2026,Guangzhou,ssp585,baseline_2020s,heatwave_extreme,2026,20--25,3535,22.469905233380477,24.96443812099013,50.06678754099474,87345.61162338796,0.06966505587682346,0.056577086280056574
guangzhou_ssp585_baseline_2020s_heatwave_extreme_2026,Guangzhou,ssp585,baseline_2020s,heatwave_extreme,2026,25--30,5113,27.614910522198315,25.80005728628429,53.337784055400235,103314.46247555093,0.1016395271972602,9.368276941130452
guangzhou_ssp585_baseline_2020s_heatwave_extreme_2026,Guangzhou,ssp585,baseline_2020s,heatwave_extreme,2026,30--35,3315,31.588631221719456,26.739947620296274,55.788211267685305,114016.63832670852,0.1504368533431976,23.650075414781295
guangzhou_ssp585_baseline_2020s_heatwave_extreme_2026,Guangzhou,ssp585,baseline_2020s,heatwave_extreme,2026,>=35,59,35.44466101694915,29.039203271877074,60.36760161745817,105781.31598965987,0.3292705150478977,100.0
guangzhou_ssp585_baseline_2020s_hot_2028,Guangzhou,ssp585,baseline_2020s,hot,2028,<20,4514,14.599018054940187,24.37975114367057,40.604031417021965,63931.82167908442,0.07040997814937473,0.0
guangzhou_ssp585_baseline_2020s_hot_2028,Guangzhou,ssp585,baseline_2020s,hot,2028,20--25,3100,22.593023387096775,24.956217672454404,50.55959418921174,86270.16838779724,0.06787535063029136,0.0
guangzhou_ssp585_baseline_2020s_hot_2028,Guangzhou,ssp585,baseline_2020s,hot,2028,25--30,5295,27.717657695939565,25.6866714782744,53.297358102161425,102470.9267373864,0.0947720381229715,8.385269121813032
guangzhou_ssp585_baseline_2020s_hot_2028,Guangzhou,ssp585,baseline_2020s,hot,2028,30--35,3795,31.646531620553358,26.543295497242116,55.33708106101758,113422.47848385837,0.13738746731904844,20.395256916996047
guangzhou_ssp585_baseline_2020s_typical_2025,Guangzhou,ssp585,baseline_2020s,typical,2025,<20,4674,14.20999518613607,24.17547242563065,39.73745065845938,58807.27324781865,0.0687189185809564,0.0
guangzhou_ssp585_baseline_2020s_typical_2025,Guangzhou,ssp585,baseline_2020s,typical,2025,20--25,3068,22.85907431551499,25.052573958865036,51.15798623146153,89726.84704560378,0.07269957495749285,0.03259452411994785
guangzhou_ssp585_baseline_2020s_typical_2025,Guangzhou,ssp585,baseline_2020s,typical,2025,25--30,5784,27.634654218533893,25.619027066686133,53.02661845265355,102327.13301565044,0.09246116050737443,5.826417704011065
guangzhou_ssp585_baseline_2020s_typical_2025,Guangzhou,ssp585,baseline_2020s,typical,2025,30--35,3169,31.615624013884506,26.416252660930112,55.063287645754244,113686.27678743415,0.1284367333005497,14.294730198800885
guangzhou_ssp585_baseline_2020s_typical_2025,Guangzhou,ssp585,baseline_2020s,typical,2025,>=35,9,35.11944444444444,26.917200744589863,55.85903204955026,117665.34312857508,0.1591691901113976,0.0
guangzhou_ssp585_late_2080s_heatwave_extreme_2086,Guangzhou,ssp585,late_2080s,heatwave_extreme,2086,<20,2448,14.352063929738563,24.362597251640995,40.919434911861565,64965.28832262669,0.06794074091145744,0.0
guangzhou_ssp585_late_2080s_heatwave_extreme_2086,Guangzhou,ssp585,late_2080s,heatwave_extreme,2086,20--25,2311,22.618633708351364,25.04042020091225,50.5632911393243,90255.7479714147,0.06999100855378775,0.08654262224145391
guangzhou_ssp585_late_2080s_heatwave_extreme_2086,Guangzhou,ssp585,late_2080s,heatwave_extreme,2086,25--30,3562,27.733309236384056,25.82691447045524,53.10571749756667,105631.56968202011,0.10481937708941118,10.05053340819764
guangzhou_ssp585_late_2080s_heatwave_extreme_2086,Guangzhou,ssp585,late_2080s,heatwave_extreme,2086,30--35,5850,32.45800427350427,27.49804220652914,56.12126695203181,112402.286238153,0.22972987814168272,59.77777777777777
guangzhou_ssp585_late_2080s_heatwave_extreme_2086,Guangzhou,ssp585,late_2080s,heatwave_extreme,2086,>=35,2533,36.297717133833395,29.71975217350491,60.55330018499792,102133.88623925351,0.3420132982433379,97.1969996052112
guangzhou_ssp585_late_2080s_hot_2086,Guangzhou,ssp585,late_2080s,hot,2086,<20,2448,14.352063929738563,24.362597251640995,40.919434911861565,64965.28832262669,0.06794074091145744,0.0
guangzhou_ssp585_late_2080s_hot_2086,Guangzhou,ssp585,late_2080s,hot,2086,20--25,2311,22.618633708351364,25.04042020091225,50.5632911393243,90255.7479714147,0.06999100855378775,0.08654262224145391
guangzhou_ssp585_late_2080s_hot_2086,Guangzhou,ssp585,late_2080s,hot,2086,25--30,3562,27.733309236384056,25.82691447045524,53.10571749756667,105631.56968202011,0.10481937708941118,10.05053340819764
guangzhou_ssp585_late_2080s_hot_2086,Guangzhou,ssp585,late_2080s,hot,2086,30--35,5850,32.45800427350427,27.49804220652914,56.12126695203181,112402.286238153,0.22972987814168272,59.77777777777777
guangzhou_ssp585_late_2080s_hot_2086,Guangzhou,ssp585,late_2080s,hot,2086,>=35,2533,36.297717133833395,29.71975217350491,60.55330018499792,102133.88623925351,0.3420132982433379,97.1969996052112
guangzhou_ssp585_late_2080s_typical_2087,Guangzhou,ssp585,late_2080s,typical,2087,<20,2274,16.141158751099383,24.626999832742825,42.99994108598895,73454.68687823502,0.07015362676938576,0.0
guangzhou_ssp585_late_2080s_typical_2087,Guangzhou,ssp585,late_2080s,typical,2087,20--25,2851,22.65119607155384,25.09115342322416,49.636074213522946,91969.39228838462,0.07585320652330352,0.1052262364082778
guangzhou_ssp585_late_2080s_typical_2087,Guangzhou,ssp585,late_2080s,typical,2087,25--30,4332,27.787576177285317,25.83347340626833,53.292507241818164,107527.57945272498,0.10689803892570636,9.04893813481071
guangzhou_ssp585_late_2080s_typical_2087,Guangzhou,ssp585,late_2080s,typical,2087,30--35,6603,32.47122482205058,26.903195709051964,56.974811502658426,108670.43076804669,0.17138697469597217,34.34802362562472
guangzhou_ssp585_late_2080s_typical_2087,Guangzhou,ssp585,late_2080s,typical,2087,>=35,644,35.56665760869565,28.16280855612815,58.994528114107496,107169.34773763544,0.28129342815616526,87.26708074534162
guangzhou_ssp585_mid_2050s_heatwave_extreme_2059,Guangzhou,ssp585,mid_2050s,heatwave_extreme,2059,<20,3354,14.932115384615384,24.428576980882696,41.42959770863454,66836.29398389925,0.07188443986344857,0.0
guangzhou_ssp585_mid_2050s_heatwave_extreme_2059,Guangzhou,ssp585,mid_2050s,heatwave_extreme,2059,20--25,3466,22.647599538372763,24.983371655482618,50.06854299763373,87751.48825037603,0.0725731529279188,0.0
guangzhou_ssp585_mid_2050s_heatwave_extreme_2059,Guangzhou,ssp585,mid_2050s,heatwave_extreme,2059,25--30,4440,27.733190315315312,25.849952478130277,53.28082329474945,104700.29286011941,0.10724368237496659,9.932432432432432
guangzhou_ssp585_mid_2050s_heatwave_extreme_2059,Guangzhou,ssp585,mid_2050s,heatwave_extreme,2059,30--35,5256,32.19262176560122,26.882171946665824,56.27067492724022,110512.31468350104,0.16490592706833876,31.10730593607306
guangzhou_ssp585_mid_2050s_heatwave_extreme_2059,Guangzhou,ssp585,mid_2050s,heatwave_extreme,2059,>=35,188,35.34191489361702,28.391371648824645,59.84965521704915,106659.10887057162,0.27619298115011026,80.31914893617021
guangzhou_ssp585_mid_2050s_hot_2057,Guangzhou,ssp585,mid_2050s,hot,2057,<20,2717,14.481128082443874,24.299730104048695,40.60623520891919,61144.51717061984,0.06864968674780017,0.0
guangzhou_ssp585_mid_2050s_hot_2057,Guangzhou,ssp585,mid_2050s,hot,2057,20--25,3143,22.727892936684697,24.998898680098723,50.71102495947858,88515.35500053778,0.06820847155351059,0.03181673560292714
guangzhou_ssp585_mid_2050s_hot_2057,Guangzhou,ssp585,mid_2050s,hot,2057,25--30,5492,27.783095866715225,25.779869380834217,53.60490992274493,103991.75333925159,0.09938437119682536,8.794610342316096
guangzhou_ssp585_mid_2050s_hot_2057,Guangzhou,ssp585,mid_2050s,hot,2057,30--35,5309,32.00237427010736,26.68187080692358,55.68131833861998,112365.65024418202,0.1520128219678751,25.72989263514786
guangzhou_ssp585_mid_2050s_hot_2057,Guangzhou,ssp585,mid_2050s,hot,2057,>=35,43,35.27139534883721,28.350133275993045,58.131089201297485,113303.48548692446,0.28515579138644215,95.34883720930233
guangzhou_ssp585_mid_2050s_typical_2050,Guangzhou,ssp585,mid_2050s,typical,2050,<20,4138,14.040542532624457,24.22357961975107,39.56344774744236,59589.62167456159,0.06822118686032874,0.0
guangzhou_ssp585_mid_2050s_typical_2050,Guangzhou,ssp585,mid_2050s,typical,2050,20--25,2852,22.517540322580647,24.96842479512366,50.45598482851166,86686.33075240544,0.06899244226652444,0.07012622720897616
guangzhou_ssp585_mid_2050s_typical_2050,Guangzhou,ssp585,mid_2050s,typical,2050,25--30,4879,27.809983090797296,25.841259311739517,53.78344191003867,103773.14463116512,0.10421326837509165,11.252305800368928
guangzhou_ssp585_mid_2050s_typical_2050,Guangzhou,ssp585,mid_2050s,typical,2050,30--35,4739,31.913367271576284,26.82164688094585,55.80353402966513,113062.78797488414,0.16157047416045783,31.18801434901878
guangzhou_ssp585_mid_2050s_typical_2050,Guangzhou,ssp585,mid_2050s,typical,2050,>=35,96,35.380937499999995,28.395562912848206,59.891553228948226,106598.86093369957,0.2867978629950408,87.5
guangzhou_ssp585_near_2030s_heatwave_extreme_2033,Guangzhou,ssp585,near_2030s,heatwave_extreme,2033,<20,4134,15.130734155781326,24.294726464830944,41.35008258681334,60692.441214139915,0.06882748671444566,0.0
guangzhou_ssp585_near_2030s_heatwave_extreme_2033,Guangzhou,ssp585,near_2030s,heatwave_extreme,2033,20--25,3053,22.568631673763512,24.950388526720385,50.72759982389422,84470.61644365487,0.06926847172842363,0.0
guangzhou_ssp585_near_2030s_heatwave_extreme_2033,Guangzhou,ssp585,near_2030s,heatwave_extreme,2033,25--30,5063,27.797377049180326,25.81156239256357,53.884110077462914,102236.26811718378,0.10225401713213741,10.132332609125024
guangzhou_ssp585_near_2030s_heatwave_extreme_2033,Guangzhou,ssp585,near_2030s,heatwave_extreme,2033,30--35,4426,31.753400361500223,26.666109787015962,55.22685221584259,113274.81077351859,0.1487538878132484,24.310890194306374
guangzhou_ssp585_near_2030s_heatwave_extreme_2033,Guangzhou,ssp585,near_2030s,heatwave_extreme,2033,>=35,28,35.24223214285714,27.762319232510176,58.403464930943066,111345.11799294429,0.24095920952469377,89.28571428571429
guangzhou_ssp585_near_2030s_hot_2033,Guangzhou,ssp585,near_2030s,hot,2033,<20,4134,15.130734155781326,24.294726464830944,41.35008258681334,60692.441214139915,0.06882748671444566,0.0
guangzhou_ssp585_near_2030s_hot_2033,Guangzhou,ssp585,near_2030s,hot,2033,20--25,3053,22.568631673763512,24.950388526720385,50.72759982389422,84470.61644365487,0.06926847172842363,0.0
guangzhou_ssp585_near_2030s_hot_2033,Guangzhou,ssp585,near_2030s,hot,2033,25--30,5063,27.797377049180326,25.81156239256357,53.884110077462914,102236.26811718378,0.10225401713213741,10.132332609125024
guangzhou_ssp585_near_2030s_hot_2033,Guangzhou,ssp585,near_2030s,hot,2033,30--35,4426,31.753400361500223,26.666109787015962,55.22685221584259,113274.81077351859,0.1487538878132484,24.310890194306374
guangzhou_ssp585_near_2030s_hot_2033,Guangzhou,ssp585,near_2030s,hot,2033,>=35,28,35.24223214285714,27.762319232510176,58.403464930943066,111345.11799294429,0.24095920952469377,89.28571428571429
guangzhou_ssp585_near_2030s_typical_2039,Guangzhou,ssp585,near_2030s,typical,2039,<20,4482,14.700218094600626,24.31330740906226,40.47111341684928,61300.4980239818,0.06876664126436494,0.0
guangzhou_ssp585_near_2030s_typical_2039,Guangzhou,ssp585,near_2030s,typical,2039,20--25,2811,22.68598096762718,25.024974705981027,50.826793366825804,89328.99896064443,0.06998650767350874,0.0
guangzhou_ssp585_near_2030s_typical_2039,Guangzhou,ssp585,near_2030s,typical,2039,25--30,5435,27.766492180312788,25.678320448498035,53.306238762472574,102723.07178528026,0.09361281901757339,7.304507819687213
guangzhou_ssp585_near_2030s_typical_2039,Guangzhou,ssp585,near_2030s,typical,2039,30--35,3976,31.605491700201206,26.284563225563566,55.31782479784607,111368.5498608865,0.11917425819718633,11.87122736418511
houston_ssp245_baseline_2020s_heatwave_extreme_2026,Houston,ssp245,baseline_2020s,heatwave_extreme,2026,<20,5065,12.966507897334653,23.977919159100164,40.324023607522356,52655.51269361671,0.06558564102432227,0.0
houston_ssp245_baseline_2020s_heatwave_extreme_2026,Houston,ssp245,baseline_2020s,heatwave_extreme,2026,20--25,3094,22.59967032967033,25.00109259417092,51.60545661318293,87155.41553795565,0.06891055763525532,0.25856496444731736
houston_ssp245_baseline_2020s_heatwave_extreme_2026,Houston,ssp245,baseline_2020s,heatwave_extreme,2026,25--30,4247,27.593631386861315,25.722596449818273,53.4139231278991,103411.31715002503,0.09837955406261144,7.275724040499176
houston_ssp245_baseline_2020s_heatwave_extreme_2026,Houston,ssp245,baseline_2020s,heatwave_extreme,2026,30--35,4181,32.2963501554652,26.74840846070512,55.57581252716984,120633.25872841699,0.14912790814810006,22.86534321932552
houston_ssp245_baseline_2020s_heatwave_extreme_2026,Houston,ssp245,baseline_2020s,heatwave_extreme,2026,>=35,117,35.41427350427351,28.02456892281062,58.13092706152378,116997.88663393787,0.2639200990206358,100.0
houston_ssp245_baseline_2020s_hot_2026,Houston,ssp245,baseline_2020s,hot,2026,<20,5065,12.966507897334653,23.977919159100164,40.324023607522356,52655.51269361671,0.06558564102432227,0.0
houston_ssp245_baseline_2020s_hot_2026,Houston,ssp245,baseline_2020s,hot,2026,20--25,3094,22.59967032967033,25.00109259417092,51.60545661318293,87155.41553795565,0.06891055763525532,0.25856496444731736
houston_ssp245_baseline_2020s_hot_2026,Houston,ssp245,baseline_2020s,hot,2026,25--30,4247,27.593631386861315,25.722596449818273,53.4139231278991,103411.31715002503,0.09837955406261144,7.275724040499176
houston_ssp245_baseline_2020s_hot_2026,Houston,ssp245,baseline_2020s,hot,2026,30--35,4181,32.2963501554652,26.74840846070512,55.57581252716984,120633.25872841699,0.14912790814810006,22.86534321932552
houston_ssp245_baseline_2020s_hot_2026,Houston,ssp245,baseline_2020s,hot,2026,>=35,117,35.41427350427351,28.02456892281062,58.13092706152378,116997.88663393787,0.2639200990206358,100.0
houston_ssp245_baseline_2020s_typical_2027,Houston,ssp245,baseline_2020s,typical,2027,<20,5106,14.27323785742264,24.2629341694217,42.30488055634131,59489.48022947036,0.06594672287407086,0.0
houston_ssp245_baseline_2020s_typical_2027,Houston,ssp245,baseline_2020s,typical,2027,20--25,3718,22.667358122646583,25.031699225522672,51.59281078488035,87588.52175296211,0.06962338931586676,0.34965034965034963
houston_ssp245_baseline_2020s_typical_2027,Houston,ssp245,baseline_2020s,typical,2027,25--30,4599,27.5641688410524,25.547874574467265,52.22093216397177,104373.65850144846,0.08842865858768918,4.283539899978256
houston_ssp245_baseline_2020s_typical_2027,Houston,ssp245,baseline_2020s,typical,2027,30--35,3256,31.939147727272726,26.3840779559657,54.88047361708047,121310.96076778285,0.12333042861176403,13.75921375921376
houston_ssp245_baseline_2020s_typical_2027,Houston,ssp245,baseline_2020s,typical,2027,>=35,25,35.3471,27.265110566802033,57.77609436868731,116965.55667492235,0.18723025579253832,32.0
houston_ssp245_late_2080s_heatwave_extreme_2081,Houston,ssp245,late_2080s,heatwave_extreme,2081,<20,5404,13.091800055514433,24.155964128657608,40.28195346046439,57355.83142164294,0.06613421288338522,0.0
houston_ssp245_late_2080s_heatwave_extreme_2081,Houston,ssp245,late_2080s,heatwave_extreme,2081,20--25,3015,22.544982587064677,24.969335950641813,50.78151584874963,86327.34260436993,0.06872703319764503,0.1990049751243781
houston_ssp245_late_2080s_heatwave_extreme_2081,Houston,ssp245,late_2080s,heatwave_extreme,2081,25--30,3241,27.561477938907746,25.76840077029755,53.608478216257915,101595.79446522074,0.10651438144456807,10.891700092564022
houston_ssp245_late_2080s_heatwave_extreme_2081,Houston,ssp245,late_2080s,heatwave_extreme,2081,30--35,3952,32.579237727732796,26.962088213339584,56.60137190957905,114895.62405817783,0.17430902980562574,38.284412955465584
houston_ssp245_late_2080s_heatwave_extreme_2081,Houston,ssp245,late_2080s,heatwave_extreme,2081,>=35,1092,35.87645833333333,28.504068424476152,58.76599104103253,113853.96754260118,0.29388005220540486,96.33699633699634
houston_ssp245_late_2080s_hot_2085,Houston,ssp245,late_2080s,hot,2085,<20,4341,14.682604814558857,24.31802341773606,42.55740402558803,61609.795825874164,0.06653503946779615,0.0
houston_ssp245_late_2080s_hot_2085,Houston,ssp245,late_2080s,hot,2085,20--25,2891,22.628603424420614,25.0001627351598,51.60551410599172,86250.47111448573,0.06834798129965906,0.24213075060532688
houston_ssp245_late_2080s_hot_2085,Houston,ssp245,late_2080s,hot,2085,25--30,4146,27.611610588519056,25.693726944603767,53.24027612507017,102180.5998986463,0.09927202632948669,9.18958031837916
houston_ssp245_late_2080s_hot_2085,Houston,ssp245,late_2080s,hot,2085,30--35,4486,32.406444493981276,26.75281314271992,56.009681978143,116708.1733890077,0.1548401887769145,27.998216674097193
houston_ssp245_late_2080s_hot_2085,Houston,ssp245,late_2080s,hot,2085,>=35,840,35.63491964285714,28.209704946768692,58.105841703838365,115793.33441471503,0.2746017470725605,86.54761904761905
houston_ssp245_late_2080s_typical_2086,Houston,ssp245,late_2080s,typical,2086,<20,5038,14.404602520841603,24.25058274149885,42.369900393380476,59966.25705544408,0.0654527122213494,0.0
houston_ssp245_late_2080s_typical_2086,Houston,ssp245,late_2080s,typical,2086,20--25,3339,22.55866127583109,25.011717378834195,51.13923018269604,87716.50790586432,0.07000116371157594,0.47918538484576223
houston_ssp245_late_2080s_typical_2086,Houston,ssp245,late_2080s,typical,2086,25--30,3920,27.552688775510205,25.682423796161,53.45236479282536,102500.23245006401,0.09586928312765311,7.066326530612245
houston_ssp245_late_2080s_typical_2086,Houston,ssp245,late_2080s,typical,2086,30--35,4083,32.403842150379624,26.6608218751271,55.8780243353935,118034.46553097354,0.1444158015174324,21.62625520450649
houston_ssp245_late_2080s_typical_2086,Houston,ssp245,late_2080s,typical,2086,>=35,324,35.41587962962963,28.107341759613664,57.9523790670153,118186.60845762056,0.26576740866916926,88.58024691358025
houston_ssp245_mid_2050s_heatwave_extreme_2058,Houston,ssp245,mid_2050s,heatwave_extreme,2058,<20,5810,13.192073149741825,24.10230030164029,40.469162327728434,57306.5421292606,0.06497983925590613,0.0
houston_ssp245_mid_2050s_heatwave_extreme_2058,Houston,ssp245,mid_2050s,heatwave_extreme,2058,20--25,3045,22.622205254515595,24.996326093607642,50.597525544242885,88003.40816958336,0.07159828695551694,0.19704433497536944
houston_ssp245_mid_2050s_heatwave_extreme_2058,Houston,ssp245,mid_2050s,heatwave_extreme,2058,25--30,3470,27.40717219020173,25.612175602996658,53.00245435826859,102233.90240562437,0.09699233243492854,9.106628242074928
houston_ssp245_mid_2050s_heatwave_extreme_2058,Houston,ssp245,mid_2050s,heatwave_extreme,2058,30--35,3705,32.54011875843455,26.729662653645125,56.180817260727245,114787.58402217487,0.15489734703677008,30.310391363022944
houston_ssp245_mid_2050s_heatwave_extreme_2058,Houston,ssp245,mid_2050s,heatwave_extreme,2058,>=35,674,35.62464762611276,28.388519951810764,58.02027406442434,116928.50341822756,0.29010095504051747,93.76854599406528
houston_ssp245_mid_2050s_hot_2056,Houston,ssp245,mid_2050s,hot,2056,<20,3751,16.10334644094908,24.502198075616498,45.58294961613388,66513.9417590354,0.06562817973623696,0.0
houston_ssp245_mid_2050s_hot_2056,Houston,ssp245,mid_2050s,hot,2056,20--25,3801,22.651612733491188,25.0349927614111,51.21814896624329,87799.07890769729,0.07176396798157558,0.31570639305445936
houston_ssp245_mid_2050s_hot_2056,Houston,ssp245,mid_2050s,hot,2056,25--30,4795,27.547978102189784,25.62331684478912,52.82065523035487,104769.45516073154,0.09355893620916894,5.192909280500521
houston_ssp245_mid_2050s_hot_2056,Houston,ssp245,mid_2050s,hot,2056,30--35,4220,32.333864336492894,26.549252879030544,55.696665836023996,118567.24290592616,0.13450269884486152,16.066350710900473
houston_ssp245_mid_2050s_hot_2056,Houston,ssp245,mid_2050s,hot,2056,>=35,137,35.39996350364964,27.20070854325385,58.69991794311593,113416.00598664432,0.18127930760021047,25.547445255474454
houston_ssp245_mid_2050s_typical_2052,Houston,ssp245,mid_2050s,typical,2052,<20,4877,14.555727906499898,24.28474245211018,43.039499663454706,60231.760940273474,0.06549677844045683,0.0
houston_ssp245_mid_2050s_typical_2052,Houston,ssp245,mid_2050s,typical,2052,20--25,3523,22.459799176837922,24.941698928204115,50.91098328912873,86150.17627358969,0.06641347256621893,0.17030939540164633
houston_ssp245_mid_2050s_typical_2052,Houston,ssp245,mid_2050s,typical,2052,25--30,4193,27.542154781779157,25.58480245130022,52.83105287233224,102118.44293032869,0.09246635954796789,7.345575959933222
houston_ssp245_mid_2050s_typical_2052,Houston,ssp245,mid_2050s,typical,2052,30--35,3635,32.51400068775791,26.818324486567104,56.088479997189445,116789.1779646009,0.15726714558282792,28.30811554332875
houston_ssp245_mid_2050s_typical_2052,Houston,ssp245,mid_2050s,typical,2052,>=35,476,35.71363445378151,28.277882043898586,57.665381740618756,114576.42764059812,0.27646648496498955,90.96638655462185
houston_ssp245_near_2030s_heatwave_extreme_2039,Houston,ssp245,near_2030s,heatwave_extreme,2039,<20,5699,13.966301544130548,24.24788246345958,41.339301793178606,59603.63267985458,0.06700446914791915,0.0
houston_ssp245_near_2030s_heatwave_extreme_2039,Houston,ssp245,near_2030s,heatwave_extreme,2039,20--25,3194,22.574212586098938,24.981710887278304,50.92227074810799,86508.1809888216,0.0694410661223108,0.4070131496556042
houston_ssp245_near_2030s_heatwave_extreme_2039,Houston,ssp245,near_2030s,heatwave_extreme,2039,25--30,3731,27.533184803001877,25.7329941992673,53.53274627245516,102570.60286158354,0.10097385498381889,9.2736531760922
houston_ssp245_near_2030s_heatwave_extreme_2039,Houston,ssp245,near_2030s,heatwave_extreme,2039,30--35,3764,32.50699986716259,26.878237711650232,56.00362671836015,118898.6015435241,0.16151346295823424,30.313496280552606
houston_ssp245_near_2030s_heatwave_extreme_2039,Houston,ssp245,near_2030s,heatwave_extreme,2039,>=35,316,35.50227056962026,28.26241904302151,57.414826918472485,119721.39780934667,0.2823211688318934,90.82278481012658
houston_ssp245_near_2030s_hot_2038,Houston,ssp245,near_2030s,hot,2038,<20,3810,16.163281496062993,24.520913975907764,45.68686044399564,66886.59548680812,0.06615208431149483,0.0
houston_ssp245_near_2030s_hot_2038,Houston,ssp245,near_2030s,hot,2038,20--25,3841,22.622010544129132,25.028285796687882,50.89882805028184,88060.75797579851,0.07188945722124566,0.2082790939859412
houston_ssp245_near_2030s_hot_2038,Houston,ssp245,near_2030s,hot,2038,25--30,4483,27.443475351327233,25.700252713533356,52.994233393673575,104962.85334540723,0.09934268210793251,7.405755074726746
houston_ssp245_near_2030s_hot_2038,Houston,ssp245,near_2030s,hot,2038,30--35,4322,32.48876677464137,26.807380896867656,55.94246225900319,118966.33937162756,0.15433817994438936,24.895881536325774
houston_ssp245_near_2030s_hot_2038,Houston,ssp245,near_2030s,hot,2038,>=35,248,35.36558467741935,27.876549024689385,57.15502339063489,116818.30045346027,0.24304873849702152,68.95161290322581
houston_ssp245_near_2030s_typical_2033,Houston,ssp245,near_2030s,typical,2033,<20,5981,13.389613776960374,24.101544286209496,41.089423972174366,56007.67323534257,0.06687821005809727,0.0
houston_ssp245_near_2030s_typical_2033,Houston,ssp245,near_2030s,typical,2033,20--25,3033,22.44082014507089,24.976715652851748,50.91910472667788,87017.44533962067,0.06935699800459183,0.16485328058028356
houston_ssp245_near_2030s_typical_2033,Houston,ssp245,near_2030s,typical,2033,25--30,3448,27.56371302204176,25.716530013776453,53.60142539253449,101611.51038619185,0.09936062188955726,8.72969837587007
houston_ssp245_near_2030s_typical_2033,Houston,ssp245,near_2030s,typical,2033,30--35,4013,32.53406553700473,26.801777962974192,56.05952374272409,118134.79990604852,0.15645215974684595,27.759780712683778
houston_ssp245_near_2030s_typical_2033,Houston,ssp245,near_2030s,typical,2033,>=35,229,35.37834061135371,28.19846458804611,57.19761323574567,120527.91545438964,0.2713170383132322,92.57641921397381
houston_ssp585_baseline_2020s_heatwave_extreme_2025,Houston,ssp585,baseline_2020s,heatwave_extreme,2025,<20,6306,13.397810815096733,24.18759457488473,40.250505378453155,57629.412072432024,0.06576084215622775,0.0
houston_ssp585_baseline_2020s_heatwave_extreme_2025,Houston,ssp585,baseline_2020s,heatwave_extreme,2025,20--25,2721,22.648678794560823,24.94959357889297,51.02450446523387,85400.51739493517,0.06750322960793578,0.33076074972436603
houston_ssp585_baseline_2020s_heatwave_extreme_2025,Houston,ssp585,baseline_2020s,heatwave_extreme,2025,25--30,3434,27.58112041351194,25.77209356682878,53.937989690600894,101523.8292758787,0.10254823779077976,10.163075131042516
houston_ssp585_baseline_2020s_heatwave_extreme_2025,Houston,ssp585,baseline_2020s,heatwave_extreme,2025,30--35,3997,32.61523204903678,26.995961590593634,56.284969537811385,119023.95298706224,0.16959844285323367,32.82461846384789
houston_ssp585_baseline_2020s_heatwave_extreme_2025,Houston,ssp585,baseline_2020s,heatwave_extreme,2025,>=35,246,35.3229674796748,27.92264205118081,57.182252950605786,117011.98269457191,0.24927480854321182,79.26829268292683
houston_ssp585_baseline_2020s_hot_2026,Houston,ssp585,baseline_2020s,hot,2026,<20,5727,12.088415400733368,24.007044162743433,38.477912693383594,54022.401297863675,0.06544957354990692,0.0
houston_ssp585_baseline_2020s_hot_2026,Houston,ssp585,baseline_2020s,hot,2026,20--25,2527,22.590018796992478,25.041455027314814,51.50136448677661,88257.63632689045,0.06914975372296774,0.31658092599920856
houston_ssp585_baseline_2020s_hot_2026,Houston,ssp585,baseline_2020s,hot,2026,25--30,4126,27.66733095007271,25.74658387360611,53.51703861080363,104401.97873757857,0.0985833684069394,7.270964614638875
houston_ssp585_baseline_2020s_hot_2026,Houston,ssp585,baseline_2020s,hot,2026,30--35,4160,32.416377403846155,26.668972670237178,55.83224516787839,118842.99833817869,0.14380315310034067,22.01923076923077
houston_ssp585_baseline_2020s_hot_2026,Houston,ssp585,baseline_2020s,hot,2026,>=35,164,35.58896341463415,28.33845020978166,57.618153031342125,118747.85599045665,0.27310658976439445,87.1951219512195
houston_ssp585_baseline_2020s_typical_2025,Houston,ssp585,baseline_2020s,typical,2025,<20,6306,13.397810815096733,24.18759457488473,40.250505378453155,57629.412072432024,0.06576084215622775,0.0
houston_ssp585_baseline_2020s_typical_2025,Houston,ssp585,baseline_2020s,typical,2025,20--25,2721,22.648678794560823,24.94959357889297,51.02450446523387,85400.51739493517,0.06750322960793578,0.33076074972436603
houston_ssp585_baseline_2020s_typical_2025,Houston,ssp585,baseline_2020s,typical,2025,25--30,3434,27.58112041351194,25.77209356682878,53.937989690600894,101523.8292758787,0.10254823779077976,10.163075131042516
houston_ssp585_baseline_2020s_typical_2025,Houston,ssp585,baseline_2020s,typical,2025,30--35,3997,32.61523204903678,26.995961590593634,56.284969537811385,119023.95298706224,0.16959844285323367,32.82461846384789
houston_ssp585_baseline_2020s_typical_2025,Houston,ssp585,baseline_2020s,typical,2025,>=35,246,35.3229674796748,27.92264205118081,57.182252950605786,117011.98269457191,0.24927480854321182,79.26829268292683
houston_ssp585_late_2080s_heatwave_extreme_2086,Houston,ssp585,late_2080s,heatwave_extreme,2086,<20,4917,14.164322249339028,24.326763198157725,41.1215830457249,61447.75816511802,0.06788410319750415,0.0
houston_ssp585_late_2080s_heatwave_extreme_2086,Houston,ssp585,late_2080s,heatwave_extreme,2086,20--25,2584,22.534594620743036,24.966133159290283,50.969046485455166,85774.04832247809,0.06882404786504813,0.30959752321981426
houston_ssp585_late_2080s_heatwave_extreme_2086,Houston,ssp585,late_2080s,heatwave_extreme,2086,25--30,3172,27.57415904791929,25.906277797157212,53.92744402823848,104733.05991369384,0.1158908284290315,15.226986128625471
houston_ssp585_late_2080s_heatwave_extreme_2086,Houston,ssp585,late_2080s,heatwave_extreme,2086,30--35,3980,32.68350690954774,27.140306037025276,57.24543495457302,112515.43952656949,0.18873486852389953,44.42211055276382
houston_ssp585_late_2080s_heatwave_extreme_2086,Houston,ssp585,late_2080s,heatwave_extreme,2086,>=35,2051,36.157074597757195,28.68732673166122,59.11478168881842,112233.45366013322,0.31410715095212205,97.56216479765968
houston_ssp585_late_2080s_hot_2080,Houston,ssp585,late_2080s,hot,2080,<20,3167,14.880208399115881,24.356400187493346,43.522418207608666,61489.8018020208,0.06606213840709015,0.0
houston_ssp585_late_2080s_hot_2080,Houston,ssp585,late_2080s,hot,2080,20--25,3316,22.666515379975877,24.985066829901484,51.61202366212104,85280.03791541429,0.06767916104936607,0.21109770808202655
houston_ssp585_late_2080s_hot_2080,Houston,ssp585,late_2080s,hot,2080,25--30,4408,27.576111615245008,25.639202029897543,52.513344121860236,103821.89890128728,0.09819657710811229,9.43738656987296
houston_ssp585_late_2080s_hot_2080,Houston,ssp585,late_2080s,hot,2080,30--35,4020,32.26075559701492,26.87393634531513,56.08896510728921,114840.29016084065,0.17280480836433934,37.86069651741293
houston_ssp585_late_2080s_hot_2080,Houston,ssp585,late_2080s,hot,2080,>=35,1793,36.22869353039599,28.802346530283767,59.44883050650201,111112.1090689697,0.3133120419592258,93.75348577802566
houston_ssp585_late_2080s_typical_2088,Houston,ssp585,late_2080s,typical,2088,<20,4836,14.767669561621178,24.323535802440155,42.75604407663522,60641.650787630904,0.06654196094000596,0.0
houston_ssp585_late_2080s_typical_2088,Houston,ssp585,late_2080s,typical,2088,20--25,2669,22.48496346946422,25.008511513570955,51.12689110894311,89629.21647974217,0.07079140305539111,0.4121393780442113
houston_ssp585_late_2080s_typical_2088,Houston,ssp585,late_2080s,typical,2088,25--30,3036,27.733796936758893,25.902205335482872,54.280410225923475,102209.73437493741,0.1125396719973542,14.19631093544137
houston_ssp585_late_2080s_typical_2088,Houston,ssp585,late_2080s,typical,2088,30--35,4238,32.54339016045304,27.032987103145885,56.84669366485309,114548.40290884559,0.1804240940984865,37.942425672487026
houston_ssp585_late_2080s_typical_2088,Houston,ssp585,late_2080s,typical,2088,>=35,1925,36.4425025974026,28.832346401370145,59.700772309814134,109699.07104865294,0.3130310513406863,92.98701298701299
houston_ssp585_mid_2050s_heatwave_extreme_2059,Houston,ssp585,mid_2050s,heatwave_extreme,2059,<20,4951,13.738667945869523,24.07513661925881,41.56258747123292,54948.74556199197,0.06496992458203817,0.020197939810139363
houston_ssp585_mid_2050s_heatwave_extreme_2059,Houston,ssp585,mid_2050s,heatwave_extreme,2059,20--25,2969,22.521968676321997,24.930822438490246,51.121463744892374,85230.70932584172,0.06738507529044993,0.0
houston_ssp585_mid_2050s_heatwave_extreme_2059,Houston,ssp585,mid_2050s,heatwave_extreme,2059,25--30,3842,27.54743037480479,25.75477267396529,53.89200057138967,101987.58878823223,0.10317086921865841,11.009890681936492
houston_ssp585_mid_2050s_heatwave_extreme_2059,Houston,ssp585,mid_2050s,heatwave_extreme,2059,30--35,4154,32.44157679345209,26.866193002862317,56.185666637700386,116990.52578651156,0.16177838413481477,30.235917188252287
houston_ssp585_mid_2050s_heatwave_extreme_2059,Houston,ssp585,mid_2050s,heatwave_extreme,2059,>=35,788,35.61353109137056,28.418462921087624,57.530341478389396,117849.63331229493,0.292781101333276,93.65482233502537
houston_ssp585_mid_2050s_hot_2058,Houston,ssp585,mid_2050s,hot,2058,<20,4527,12.967477910315882,24.13041574837831,40.12185712365111,57381.425346025586,0.06571384971941766,0.0
houston_ssp585_mid_2050s_hot_2058,Houston,ssp585,mid_2050s,hot,2058,20--25,3000,22.564005833333333,25.02436196488274,51.282792900599745,87992.9594241606,0.06936967974222369,0.33333333333333337
houston_ssp585_mid_2050s_hot_2058,Houston,ssp585,mid_2050s,hot,2058,25--30,4115,27.64830437424058,25.750875018433707,53.54118126360408,102518.26924692157,0.10213029998348955,9.914945321992711
houston_ssp585_mid_2050s_hot_2058,Houston,ssp585,mid_2050s,hot,2058,30--35,4418,32.43452693526482,26.838038277869575,56.11128744270121,118212.86449975702,0.16107176731902587,31.12267994567678
houston_ssp585_mid_2050s_hot_2058,Houston,ssp585,mid_2050s,hot,2058,>=35,644,35.59310947204969,28.36716642351441,57.73533816022291,117381.60909226097,0.28907369257928994,95.1863354037267
houston_ssp585_mid_2050s_typical_2055,Houston,ssp585,mid_2050s,typical,2055,<20,5653,13.991617282858657,24.197559869310552,41.37596760347008,59031.49649073463,0.0666086141092549,0.0
houston_ssp585_mid_2050s_typical_2055,Houston,ssp585,mid_2050s,typical,2055,20--25,2729,22.522699706852325,24.988124346584826,50.958541395893796,86221.05755210186,0.06964514285244781,0.36643459142543056
houston_ssp585_mid_2050s_typical_2055,Houston,ssp585,mid_2050s,typical,2055,25--30,3674,27.530680457267284,25.812955891033255,53.733621787752334,104253.24324127354,0.10568374069416876,10.560696788241698
houston_ssp585_mid_2050s_typical_2055,Houston,ssp585,mid_2050s,typical,2055,30--35,4332,32.629040858725766,27.0461366850711,56.210416305795114,118797.38769100473,0.1751972852449094,36.288088642659275
houston_ssp585_mid_2050s_typical_2055,Houston,ssp585,mid_2050s,typical,2055,>=35,316,35.44667721518987,28.069255518560077,57.92456577983008,117926.12418384614,0.2625103611364972,84.81012658227847
houston_ssp585_near_2030s_heatwave_extreme_2037,Houston,ssp585,near_2030s,heatwave_extreme,2037,<20,4548,15.08566402814424,24.322422626272502,43.48868345990061,61166.32478839563,0.06588035685167795,0.0
houston_ssp585_near_2030s_heatwave_extreme_2037,Houston,ssp585,near_2030s,heatwave_extreme,2037,20--25,3382,22.581870195150803,24.996488471439026,51.100873028619354,88010.3995031973,0.06810348001183901,0.08870490833826139
houston_ssp585_near_2030s_heatwave_extreme_2037,Houston,ssp585,near_2030s,heatwave_extreme,2037,25--30,4358,27.438530862781093,25.678317711352797,52.796261710040184,105965.90920813804,0.09720675182137786,7.480495640201927
houston_ssp585_near_2030s_heatwave_extreme_2037,Houston,ssp585,near_2030s,heatwave_extreme,2037,30--35,3969,32.49806185437138,26.791616911688237,56.11937112637519,116950.74853717776,0.15502229713941354,25.875535399344923
houston_ssp585_near_2030s_heatwave_extreme_2037,Houston,ssp585,near_2030s,heatwave_extreme,2037,>=35,447,35.46085011185682,28.140167290678473,57.469704497733865,117495.95379822773,0.26795445306849575,88.81431767337807
houston_ssp585_near_2030s_hot_2035,Houston,ssp585,near_2030s,hot,2035,<20,3877,15.357724400309518,24.333128566807677,44.35757556263634,62472.73477249216,0.06600103598009877,0.0
houston_ssp585_near_2030s_hot_2035,Houston,ssp585,near_2030s,hot,2035,20--25,3848,22.557822895010396,24.943046665470924,51.069855484913475,84063.65863873427,0.06832374993462259,0.2079002079002079
houston_ssp585_near_2030s_hot_2035,Houston,ssp585,near_2030s,hot,2035,25--30,4565,27.444968236582696,25.618455877975236,52.98843571856616,103655.76698378644,0.094400671042523,6.024096385542169
houston_ssp585_near_2030s_hot_2035,Houston,ssp585,near_2030s,hot,2035,30--35,4192,32.404750119274816,26.630011468561946,55.72451212349393,118462.48216900053,0.14139836314617882,20.77767175572519
houston_ssp585_near_2030s_hot_2035,Houston,ssp585,near_2030s,hot,2035,>=35,222,35.405259009009015,27.79056865585493,57.137940712967676,115668.30730711285,0.23994875294708734,81.08108108108108
houston_ssp585_near_2030s_typical_2038,Houston,ssp585,near_2030s,typical,2038,<20,5907,12.071120704249193,23.88509267174475,38.686683721297975,51153.61844359615,0.06522987807746554,0.0
houston_ssp585_near_2030s_typical_2038,Houston,ssp585,near_2030s,typical,2038,20--25,2669,22.643172536530535,25.018631072382597,51.27142743098296,87409.09237925081,0.0695228119366233,0.5994754589733983
houston_ssp585_near_2030s_typical_2038,Houston,ssp585,near_2030s,typical,2038,25--30,3947,27.655262224474285,25.739871939816613,53.4228799631754,103964.82784431911,0.099338739243377,7.8540663795287555
houston_ssp585_near_2030s_typical_2038,Houston,ssp585,near_2030s,typical,2038,30--35,4016,32.4544702440239,26.739446977642107,55.811373777186205,119071.63519269753,0.14879931893338746,24.726095617529882
houston_ssp585_near_2030s_typical_2038,Houston,ssp585,near_2030s,typical,2038,>=35,165,35.32536363636364,27.709518806306566,57.633049369506494,117715.72727313936,0.23085314280014818,81.81818181818183
kolkata_ssp245_baseline_2020s_heatwave_extreme_2027,Kolkata,ssp245,baseline_2020s,heatwave_extreme,2027,<20,2204,16.19729922867514,24.615007271985167,45.63211316783987,66354.87277964302,0.06700278540674728,0.0
kolkata_ssp245_baseline_2020s_heatwave_extreme_2027,Kolkata,ssp245,baseline_2020s,heatwave_extreme,2027,20--25,2505,22.522720558882234,25.122990904677593,48.80136366436938,92540.79323651985,0.07797370126898476,0.11976047904191617
kolkata_ssp245_baseline_2020s_heatwave_extreme_2027,Kolkata,ssp245,baseline_2020s,heatwave_extreme,2027,25--30,5978,27.901224489795915,25.641346192400526,52.714897674465796,101821.2822891741,0.09436292150118611,6.925393108062897
kolkata_ssp245_baseline_2020s_heatwave_extreme_2027,Kolkata,ssp245,baseline_2020s,heatwave_extreme,2027,30--35,4786,31.871663706644373,26.574519464031212,56.512366818506905,112055.60587013801,0.14551560573464006,22.586711241119932
kolkata_ssp245_baseline_2020s_heatwave_extreme_2027,Kolkata,ssp245,baseline_2020s,heatwave_extreme,2027,>=35,1231,37.39950852965069,29.154804563161388,63.66415473875874,93392.98114291862,0.32747578809500316,78.63525588952072
kolkata_ssp245_baseline_2020s_hot_2028,Kolkata,ssp245,baseline_2020s,hot,2028,<20,1546,16.705816623544628,24.630943257079526,47.48390112988616,66218.54946683432,0.0648445549190993,0.0
kolkata_ssp245_baseline_2020s_hot_2028,Kolkata,ssp245,baseline_2020s,hot,2028,20--25,2518,22.858589158061953,25.132767168784515,50.25774114074822,89366.78776741806,0.07715015499454377,0.3177124702144559
kolkata_ssp245_baseline_2020s_hot_2028,Kolkata,ssp245,baseline_2020s,hot,2028,25--30,6572,27.868547245891666,25.67031599521522,52.934104310047864,103032.87181591026,0.09515772880910753,6.573341448569689
kolkata_ssp245_baseline_2020s_hot_2028,Kolkata,ssp245,baseline_2020s,hot,2028,30--35,5022,32.06587714058144,26.527510645310524,56.423840308891286,111821.21163082856,0.1430055024133764,21.14695340501792
kolkata_ssp245_baseline_2020s_hot_2028,Kolkata,ssp245,baseline_2020s,hot,2028,>=35,1046,36.68238766730401,28.0624063796307,60.09059035920089,107447.85152239176,0.2547871435955173,69.50286806883366
kolkata_ssp245_baseline_2020s_typical_2026,Kolkata,ssp245,baseline_2020s,typical,2026,<20,2025,16.51378024691358,24.604710919979695,46.65911090856985,65831.55558253915,0.06555442409151435,0.0
kolkata_ssp245_baseline_2020s_typical_2026,Kolkata,ssp245,baseline_2020s,typical,2026,20--25,3043,22.81731843575419,25.10431477431533,50.08175659765178,88188.86720681516,0.07679691607202845,0.1971738416036806
kolkata_ssp245_baseline_2020s_typical_2026,Kolkata,ssp245,baseline_2020s,typical,2026,25--30,6742,27.68719222782557,25.658738074896835,52.71477947379405,103768.24349683612,0.09523372399993407,6.481756155443488
kolkata_ssp245_baseline_2020s_typical_2026,Kolkata,ssp245,baseline_2020s,typical,2026,30--35,3821,32.051288929599586,26.465419831225816,56.67316428485578,111166.10998900665,0.1389941965842932,18.843234755299658
kolkata_ssp245_baseline_2020s_typical_2026,Kolkata,ssp245,baseline_2020s,typical,2026,>=35,1073,36.25910065237652,28.07146510667705,60.23326021872486,106525.80688032269,0.268293662393424,84.15657036346693
kolkata_ssp245_late_2080s_heatwave_extreme_2086,Kolkata,ssp245,late_2080s,heatwave_extreme,2086,<20,1260,17.35683134920635,24.686422642731866,49.42333266595991,67656.80038003021,0.06296265896897585,0.0
kolkata_ssp245_late_2080s_heatwave_extreme_2086,Kolkata,ssp245,late_2080s,heatwave_extreme,2086,20--25,2411,22.91150456242223,25.119797841011977,50.6208714494071,86984.18531523636,0.07740097581051608,0.16590626296142677
kolkata_ssp245_late_2080s_heatwave_extreme_2086,Kolkata,ssp245,late_2080s,heatwave_extreme,2086,25--30,6019,27.803049509885362,25.756062204108282,53.1175958221545,103969.20274120527,0.10321943331691122,9.536467851802625
kolkata_ssp245_late_2080s_heatwave_extreme_2086,Kolkata,ssp245,late_2080s,heatwave_extreme,2086,30--35,4917,32.23486373805166,26.956766038677983,56.72442665351746,112047.16205701436,0.18127769171291236,38.90583689241407
kolkata_ssp245_late_2080s_heatwave_extreme_2086,Kolkata,ssp245,late_2080s,heatwave_extreme,2086,>=35,2097,36.95976394849785,28.75793952878344,61.16338066006698,102804.48656625702,0.3032929486421961,88.41201716738198
kolkata_ssp245_late_2080s_hot_2087,Kolkata,ssp245,late_2080s,hot,2087,<20,1101,17.28655540417802,24.683421218124142,48.953919701396565,67705.54354082677,0.0632013559799338,0.0
kolkata_ssp245_late_2080s_hot_2087,Kolkata,ssp245,late_2080s,hot,2087,20--25,2194,22.877252734731087,25.129842891992464,50.42536133296354,87818.03940961612,0.07683231631583674,0.22789425706472194
kolkata_ssp245_late_2080s_hot_2087,Kolkata,ssp245,late_2080s,hot,2087,25--30,5655,27.981732095490717,25.699390309552175,52.50284496682607,103736.23913102881,0.09932991091385944,7.038019451812555
kolkata_ssp245_late_2080s_hot_2087,Kolkata,ssp245,late_2080s,hot,2087,30--35,6149,32.08355098389982,26.77150648023598,56.7603599275869,111518.3378579095,0.16391863178953225,30.75296796227029
kolkata_ssp245_late_2080s_hot_2087,Kolkata,ssp245,late_2080s,hot,2087,>=35,1605,36.737414330218066,28.660093263480302,61.08878216162956,103058.12604598784,0.30363556655225377,94.26791277258567
kolkata_ssp245_late_2080s_typical_2084,Kolkata,ssp245,late_2080s,typical,2084,<20,1546,16.842121604139713,24.640782977822578,47.77842094789305,66751.50235475696,0.06486936800148532,0.0
kolkata_ssp245_late_2080s_typical_2084,Kolkata,ssp245,late_2080s,typical,2084,20--25,2379,22.77499684741488,25.10409614558614,49.881103143330456,88351.26859927156,0.07712969329135451,0.2942412778478352
kolkata_ssp245_late_2080s_typical_2084,Kolkata,ssp245,late_2080s,typical,2084,25--30,6426,27.818189775910366,25.6146108590585,52.734250178986436,101472.83616761853,0.09475021459644997,6.582633053221289
kolkata_ssp245_late_2080s_typical_2084,Kolkata,ssp245,late_2080s,typical,2084,30--35,4362,32.04101501604769,26.80036010029216,55.87355384371029,113345.70920886323,0.17139468767990385,33.26455754241174
kolkata_ssp245_late_2080s_typical_2084,Kolkata,ssp245,late_2080s,typical,2084,>=35,1991,37.114526619789046,29.315642352442975,62.76160117748362,97953.6204629072,0.32176863047592597,94.02310396785535
kolkata_ssp245_mid_2050s_heatwave_extreme_2053,Kolkata,ssp245,mid_2050s,heatwave_extreme,2053,<20,1446,17.041509336099583,24.658743371566842,48.286374912659774,66429.68124451868,0.06343659629705871,0.0
kolkata_ssp245_mid_2050s_heatwave_extreme_2053,Kolkata,ssp245,mid_2050s,heatwave_extreme,2053,20--25,2606,22.87363584036838,25.127718224136643,50.56397539517686,88269.76358717031,0.07658433937155526,0.34535686876438987
kolkata_ssp245_mid_2050s_heatwave_extreme_2053,Kolkata,ssp245,mid_2050s,heatwave_extreme,2053,25--30,6572,27.80219872185027,25.722100192035207,52.64831264989614,105486.36861894616,0.10018696598707684,7.668898356664639
kolkata_ssp245_mid_2050s_heatwave_extreme_2053,Kolkata,ssp245,mid_2050s,heatwave_extreme,2053,30--35,4581,32.28346703776468,26.89058605876765,57.09737479711209,110587.00590374906,0.17479930740971822,37.85199738048461
kolkata_ssp245_mid_2050s_heatwave_extreme_2053,Kolkata,ssp245,mid_2050s,heatwave_extreme,2053,>=35,1499,36.599583055370246,28.565942836989084,61.13119239504158,102685.98525443794,0.28623195416437974,87.72515010006671
kolkata_ssp245_mid_2050s_hot_2053,Kolkata,ssp245,mid_2050s,hot,2053,<20,1446,17.041509336099583,24.658743371566842,48.286374912659774,66429.68124451868,0.06343659629705871,0.0
kolkata_ssp245_mid_2050s_hot_2053,Kolkata,ssp245,mid_2050s,hot,2053,20--25,2606,22.87363584036838,25.127718224136643,50.56397539517686,88269.76358717031,0.07658433937155526,0.34535686876438987
kolkata_ssp245_mid_2050s_hot_2053,Kolkata,ssp245,mid_2050s,hot,2053,25--30,6572,27.80219872185027,25.722100192035207,52.64831264989614,105486.36861894616,0.10018696598707684,7.668898356664639
kolkata_ssp245_mid_2050s_hot_2053,Kolkata,ssp245,mid_2050s,hot,2053,30--35,4581,32.28346703776468,26.89058605876765,57.09737479711209,110587.00590374906,0.17479930740971822,37.85199738048461
kolkata_ssp245_mid_2050s_hot_2053,Kolkata,ssp245,mid_2050s,hot,2053,>=35,1499,36.599583055370246,28.565942836989084,61.13119239504158,102685.98525443794,0.28623195416437974,87.72515010006671
kolkata_ssp245_mid_2050s_typical_2058,Kolkata,ssp245,mid_2050s,typical,2058,<20,1465,17.197872013651878,24.697635028982003,48.68078089567281,68864.99735661424,0.06442487433640683,0.0
kolkata_ssp245_mid_2050s_typical_2058,Kolkata,ssp245,mid_2050s,typical,2058,20--25,2711,22.97072574695684,25.152774665382623,51.01287620680342,88044.56224279487,0.07799269625681526,0.07377351530800443
kolkata_ssp245_mid_2050s_typical_2058,Kolkata,ssp245,mid_2050s,typical,2058,25--30,7906,27.74946053630154,25.653168480935815,52.70341732874814,103861.56201977433,0.09541775169294257,6.703769289147483
kolkata_ssp245_mid_2050s_typical_2058,Kolkata,ssp245,mid_2050s,typical,2058,30--35,3405,31.97918428781204,26.530816841396785,55.413763690029924,114848.02006153285,0.14632149210067058,23.55359765051395
kolkata_ssp245_mid_2050s_typical_2058,Kolkata,ssp245,mid_2050s,typical,2058,>=35,1217,37.07149753492194,28.563483318173454,60.904204928708005,102810.71552534497,0.29482477211868646,91.20788824979458
kolkata_ssp245_near_2030s_heatwave_extreme_2039,Kolkata,ssp245,near_2030s,heatwave_extreme,2039,<20,2055,16.458633819951338,24.585816913827287,46.164036446663566,65142.76957015405,0.06572560153486146,0.0
kolkata_ssp245_near_2030s_heatwave_extreme_2039,Kolkata,ssp245,near_2030s,heatwave_extreme,2039,20--25,2911,22.750654414290622,25.082519786583305,49.78596465741547,88417.87134566362,0.07432746771707781,0.1717622810030917
kolkata_ssp245_near_2030s_heatwave_extreme_2039,Kolkata,ssp245,near_2030s,heatwave_extreme,2039,25--30,6296,27.7850416931385,25.655457452511236,52.40361005905862,104241.33046762677,0.09450366160565987,6.543837357052097
kolkata_ssp245_near_2030s_heatwave_extreme_2039,Kolkata,ssp245,near_2030s,heatwave_extreme,2039,30--35,4291,32.008525402004196,26.669336829600226,57.13778395292473,110267.56814643882,0.156193739303384,29.387089256583547
kolkata_ssp245_near_2030s_heatwave_extreme_2039,Kolkata,ssp245,near_2030s,heatwave_extreme,2039,>=35,1151,36.50446350999131,28.386074050270025,60.76276108900155,103498.56825164538,0.2850037754501726,87.83666377063423
kolkata_ssp245_near_2030s_hot_2031,Kolkata,ssp245,near_2030s,hot,2031,<20,1651,16.661485463355543,24.606465086928612,47.12726979867216,66314.7312895923,0.06485915520534373,0.0
kolkata_ssp245_near_2030s_hot_2031,Kolkata,ssp245,near_2030s,hot,2031,20--25,2668,22.733143740629686,25.07495640441419,49.57172639392889,88291.66006039371,0.07515634770593213,0.037481259370314844
kolkata_ssp245_near_2030s_hot_2031,Kolkata,ssp245,near_2030s,hot,2031,25--30,4790,27.881393006263046,25.633243463779078,52.27657979125348,103077.887402328,0.09403437608223675,6.367432150313153
kolkata_ssp245_near_2030s_hot_2031,Kolkata,ssp245,near_2030s,hot,2031,30--35,7037,32.2991704561603,26.89010727552716,57.39749921360538,109290.24478854693,0.17169472695540094,36.59229785419924
kolkata_ssp245_near_2030s_hot_2031,Kolkata,ssp245,near_2030s,hot,2031,>=35,558,35.87356630824373,28.643062541699948,62.60841028714607,97361.12905421277,0.2808445787283714,91.0394265232975
kolkata_ssp245_near_2030s_typical_2036,Kolkata,ssp245,near_2030s,typical,2036,<20,2058,16.564192176870748,24.620340037809367,46.974214787045895,65845.77749864692,0.06487957693810342,0.0
kolkata_ssp245_near_2030s_typical_2036,Kolkata,ssp245,near_2030s,typical,2036,20--25,2937,22.73611338100102,25.073864772947076,49.724056123079535,89045.5083295156,0.07538311431214959,0.06809669731018045
kolkata_ssp245_near_2030s_typical_2036,Kolkata,ssp245,near_2030s,typical,2036,25--30,7173,27.754089293182773,25.56079428712714,52.595669359872616,101063.6884228306,0.08989618559083351,5.562526139690506
kolkata_ssp245_near_2030s_typical_2036,Kolkata,ssp245,near_2030s,typical,2036,30--35,4009,31.855878024444998,26.4127724314386,56.16407995042054,114325.11327512843,0.1316072969591677,16.787228735345472
kolkata_ssp245_near_2030s_typical_2036,Kolkata,ssp245,near_2030s,typical,2036,>=35,527,36.66229601518026,28.24082250557543,60.71008894689037,102868.35945840237,0.2645784977690366,78.36812144212524
kolkata_ssp585_baseline_2020s_heatwave_extreme_2027,Kolkata,ssp585,baseline_2020s,heatwave_extreme,2027,<20,2099,16.467040257265367,24.59699289276377,46.386669279560955,65338.37940926982,0.06576937672877185,0.0
kolkata_ssp585_baseline_2020s_heatwave_extreme_2027,Kolkata,ssp585,baseline_2020s,heatwave_extreme,2027,20--25,3008,22.78056100398936,25.08887764019576,49.91252523568817,88220.1384385834,0.07520692403115442,0.13297872340425532
kolkata_ssp585_baseline_2020s_heatwave_extreme_2027,Kolkata,ssp585,baseline_2020s,heatwave_extreme,2027,25--30,7591,27.650796008431037,25.536898207092467,52.587550817857675,101540.04854399101,0.08871685980029015,4.7819786589382165
kolkata_ssp585_baseline_2020s_heatwave_extreme_2027,Kolkata,ssp585,baseline_2020s,heatwave_extreme,2027,30--35,3212,31.892575498132004,26.345814999386096,55.590425732338524,114025.11904216663,0.13063095188509746,16.15815691158157
kolkata_ssp585_baseline_2020s_heatwave_extreme_2027,Kolkata,ssp585,baseline_2020s,heatwave_extreme,2027,>=35,794,36.598469773299755,28.140172454402087,60.04260728173859,104746.13175568679,0.2574287295407959,73.04785894206549
kolkata_ssp585_baseline_2020s_hot_2026,Kolkata,ssp585,baseline_2020s,hot,2026,<20,1835,16.706792915531334,24.623383868927448,47.42561516000618,66788.61881266077,0.06450006291048634,0.0
kolkata_ssp585_baseline_2020s_hot_2026,Kolkata,ssp585,baseline_2020s,hot,2026,20--25,2949,22.79308833502882,25.081224289652965,49.89313828206361,88701.36336710601,0.074762493266062,0.0339097999321804
kolkata_ssp585_baseline_2020s_hot_2026,Kolkata,ssp585,baseline_2020s,hot,2026,25--30,6574,27.89777570733191,25.59389810591956,52.24787953389282,102365.76683588198,0.09092310559708491,5.643443869790082
kolkata_ssp585_baseline_2020s_hot_2026,Kolkata,ssp585,baseline_2020s,hot,2026,30--35,4660,31.78511963519314,26.476741369738694,56.77639084239581,111584.2229747238,0.13722514211402032,20.236051502145923
kolkata_ssp585_baseline_2020s_hot_2026,Kolkata,ssp585,baseline_2020s,hot,2026,>=35,686,36.38633746355685,27.79148164141036,59.57778134803164,108027.4115246764,0.2402078358940708,67.3469387755102
kolkata_ssp585_baseline_2020s_typical_2029,Kolkata,ssp585,baseline_2020s,typical,2029,<20,2332,16.195216552315607,24.58857585437472,45.6995995546705,65112.69842555707,0.06592574967179908,0.0
kolkata_ssp585_baseline_2020s_typical_2029,Kolkata,ssp585,baseline_2020s,typical,2029,20--25,2928,22.69076331967213,25.081125940308024,49.6615986506521,89327.64342619469,0.0749992203673001,0.10245901639344263
kolkata_ssp585_baseline_2020s_typical_2029,Kolkata,ssp585,baseline_2020s,typical,2029,25--30,7034,27.847004904748367,25.532136024100236,52.59024249258925,101171.88694579536,0.08737186297888228,4.535115154961615
kolkata_ssp585_baseline_2020s_typical_2029,Kolkata,ssp585,baseline_2020s,typical,2029,30--35,4131,31.826023965141612,26.208048654626317,55.660567276762414,112518.17353207529,0.1183953261774341,11.643669813604454
kolkata_ssp585_baseline_2020s_typical_2029,Kolkata,ssp585,baseline_2020s,typical,2029,>=35,279,35.800564516129036,27.397786543706193,59.69988924828406,109151.64718111532,0.20959438666937208,56.63082437275986
kolkata_ssp585_late_2080s_heatwave_extreme_2080,Kolkata,ssp585,late_2080s,heatwave_extreme,2080,<20,587,17.940511073253834,24.736455077735265,50.213047329898714,70960.09413321271,0.06213542612312887,0.0
kolkata_ssp585_late_2080s_heatwave_extreme_2080,Kolkata,ssp585,late_2080s,heatwave_extreme,2080,20--25,1464,22.932575136612027,25.192957989209102,51.083047921842585,86931.19875965199,0.07704650080644693,0.6830601092896175
kolkata_ssp585_late_2080s_heatwave_extreme_2080,Kolkata,ssp585,late_2080s,heatwave_extreme,2080,25--30,3725,27.977322818791944,25.7897705914758,52.587562084703556,104265.06421938085,0.10543514215183222,8.697986577181208
kolkata_ssp585_late_2080s_heatwave_extreme_2080,Kolkata,ssp585,late_2080s,heatwave_extreme,2080,30--35,7791,32.45419073289693,27.11660033542917,57.34485595783501,109588.6828856272,0.19494764089688704,45.48838403285843
kolkata_ssp585_late_2080s_heatwave_extreme_2080,Kolkata,ssp585,late_2080s,heatwave_extreme,2080,>=35,3137,37.362638667516734,29.356199868019598,61.64693506865005,99725.37359817521,0.32723779229993705,92.82754223780682
kolkata_ssp585_late_2080s_hot_2080,Kolkata,ssp585,late_2080s,hot,2080,<20,587,17.940511073253834,24.736455077735265,50.213047329898714,70960.09413321271,0.06213542612312887,0.0
kolkata_ssp585_late_2080s_hot_2080,Kolkata,ssp585,late_2080s,hot,2080,20--25,1464,22.932575136612027,25.192957989209102,51.083047921842585,86931.19875965199,0.07704650080644693,0.6830601092896175
kolkata_ssp585_late_2080s_hot_2080,Kolkata,ssp585,late_2080s,hot,2080,25--30,3725,27.977322818791944,25.7897705914758,52.587562084703556,104265.06421938085,0.10543514215183222,8.697986577181208
kolkata_ssp585_late_2080s_hot_2080,Kolkata,ssp585,late_2080s,hot,2080,30--35,7791,32.45419073289693,27.11660033542917,57.34485595783501,109588.6828856272,0.19494764089688704,45.48838403285843
kolkata_ssp585_late_2080s_hot_2080,Kolkata,ssp585,late_2080s,hot,2080,>=35,3137,37.362638667516734,29.356199868019598,61.64693506865005,99725.37359817521,0.32723779229993705,92.82754223780682
kolkata_ssp585_late_2080s_typical_2088,Kolkata,ssp585,late_2080s,typical,2088,<20,684,17.99025950292398,24.748637510630054,50.355242590960685,70021.1390155318,0.062015108898151344,0.0
kolkata_ssp585_late_2080s_typical_2088,Kolkata,ssp585,late_2080s,typical,2088,20--25,1811,22.87331170623965,25.144621869197266,51.0081489175469,86573.72628488381,0.07534441807304389,0.44174489232468256
kolkata_ssp585_late_2080s_typical_2088,Kolkata,ssp585,late_2080s,typical,2088,25--30,5326,27.938740142696208,25.746833749124505,52.5241046636332,102436.90307714514,0.10315956544853637,8.636875704093129
kolkata_ssp585_late_2080s_typical_2088,Kolkata,ssp585,late_2080s,typical,2088,30--35,7035,32.12269509594883,26.876355550627007,56.86473968502394,111388.57147151142,0.17322376978414183,35.76403695806681
kolkata_ssp585_late_2080s_typical_2088,Kolkata,ssp585,late_2080s,typical,2088,>=35,1848,37.1493722943723,28.887740098706463,61.22047775773748,103158.97863629113,0.29950760625209444,82.68398268398268
kolkata_ssp585_mid_2050s_heatwave_extreme_2059,Kolkata,ssp585,mid_2050s,heatwave_extreme,2059,<20,737,17.41828358208955,24.688273041677576,49.53537764064165,68464.07731111717,0.0625632665727889,0.0
kolkata_ssp585_mid_2050s_heatwave_extreme_2059,Kolkata,ssp585,mid_2050s,heatwave_extreme,2059,20--25,1689,22.762289816459447,25.086265857705676,50.33551273447165,85670.81386622044,0.0736333801228853,0.17761989342806395
kolkata_ssp585_mid_2050s_heatwave_extreme_2059,Kolkata,ssp585,mid_2050s,heatwave_extreme,2059,25--30,3724,27.933743958109563,25.76724291218123,52.447825202495814,103799.72466419167,0.10452439760152137,9.828141783029002
kolkata_ssp585_mid_2050s_heatwave_extreme_2059,Kolkata,ssp585,mid_2050s,heatwave_extreme,2059,30--35,7845,32.42286583811345,27.1438025469926,57.6807446418696,108834.80620768735,0.19913951085659987,48.298279158699806
kolkata_ssp585_mid_2050s_heatwave_extreme_2059,Kolkata,ssp585,mid_2050s,heatwave_extreme,2059,>=35,2709,36.981946290143966,28.982500353286675,61.2912009831002,102540.38281945745,0.3202771646837963,93.09708379475822
kolkata_ssp585_mid_2050s_hot_2059,Kolkata,ssp585,mid_2050s,hot,2059,<20,737,17.41828358208955,24.688273041677576,49.53537764064165,68464.07731111717,0.0625632665727889,0.0
kolkata_ssp585_mid_2050s_hot_2059,Kolkata,ssp585,mid_2050s,hot,2059,20--25,1689,22.762289816459447,25.086265857705676,50.33551273447165,85670.81386622044,0.0736333801228853,0.17761989342806395
kolkata_ssp585_mid_2050s_hot_2059,Kolkata,ssp585,mid_2050s,hot,2059,25--30,3724,27.933743958109563,25.76724291218123,52.447825202495814,103799.72466419167,0.10452439760152137,9.828141783029002
kolkata_ssp585_mid_2050s_hot_2059,Kolkata,ssp585,mid_2050s,hot,2059,30--35,7845,32.42286583811345,27.1438025469926,57.6807446418696,108834.80620768735,0.19913951085659987,48.298279158699806
kolkata_ssp585_mid_2050s_hot_2059,Kolkata,ssp585,mid_2050s,hot,2059,>=35,2709,36.981946290143966,28.982500353286675,61.2912009831002,102540.38281945745,0.3202771646837963,93.09708379475822
kolkata_ssp585_mid_2050s_typical_2057,Kolkata,ssp585,mid_2050s,typical,2057,<20,1467,16.90369461486026,24.630971233300535,47.89501877207087,65328.04204871661,0.06425996771732155,0.0
kolkata_ssp585_mid_2050s_typical_2057,Kolkata,ssp585,mid_2050s,typical,2057,20--25,2820,22.92909840425532,25.107654507870013,50.86179140402244,87268.51333492923,0.07519293058672964,0.3546099290780142
kolkata_ssp585_mid_2050s_typical_2057,Kolkata,ssp585,mid_2050s,typical,2057,25--30,7565,27.8432210839392,25.618705709040174,52.46084443956481,103145.61261516678,0.09390057166671659,6.662260409781891
kolkata_ssp585_mid_2050s_typical_2057,Kolkata,ssp585,mid_2050s,typical,2057,30--35,3537,31.85040005654509,26.413262555130682,55.716814989691855,113405.12610216517,0.13892691683808564,19.027424370935822
kolkata_ssp585_mid_2050s_typical_2057,Kolkata,ssp585,mid_2050s,typical,2057,>=35,1315,37.23328517110266,28.598826099723738,60.6932777373398,103017.29195838935,0.30212259368143546,93.07984790874525
kolkata_ssp585_near_2030s_heatwave_extreme_2032,Kolkata,ssp585,near_2030s,heatwave_extreme,2032,<20,2332,16.446593053173242,24.575815546976322,46.475018641916954,64250.864950100375,0.06465470007568966,0.0
kolkata_ssp585_near_2030s_heatwave_extreme_2032,Kolkata,ssp585,near_2030s,heatwave_extreme,2032,20--25,3588,22.769346432552958,25.005090543487874,50.217966707186214,86085.03191682846,0.07096534796801575,0.13935340022296544
kolkata_ssp585_near_2030s_heatwave_extreme_2032,Kolkata,ssp585,near_2030s,heatwave_extreme,2032,25--30,7219,27.51250034630835,25.435570314231054,52.30967067391811,101128.39313296512,0.08346057896742361,3.4353788613381355
kolkata_ssp585_near_2030s_heatwave_extreme_2032,Kolkata,ssp585,near_2030s,heatwave_extreme,2032,30--35,2650,32.2871141509434,26.35297628816543,56.33473348425954,109521.29225257604,0.13237316062167848,17.09433962264151
kolkata_ssp585_near_2030s_heatwave_extreme_2032,Kolkata,ssp585,near_2030s,heatwave_extreme,2032,>=35,915,36.259418032786876,27.687768250584647,59.96749057197898,106674.32125323152,0.24045445415705363,73.11475409836066
kolkata_ssp585_near_2030s_hot_2030,Kolkata,ssp585,near_2030s,hot,2030,<20,2319,16.109416774471757,24.57619193719826,44.58402118937044,64952.31770815409,0.06700592365253631,0.0
kolkata_ssp585_near_2030s_hot_2030,Kolkata,ssp585,near_2030s,hot,2030,20--25,2441,22.73118086849652,25.10202654196,49.907892788911674,90267.01721632332,0.07560341550637162,0.0819336337566571
kolkata_ssp585_near_2030s_hot_2030,Kolkata,ssp585,near_2030s,hot,2030,25--30,6718,27.76202292348913,25.629895580680746,52.95850778206733,101388.18867039777,0.09395278760142291,6.638880619231914
kolkata_ssp585_near_2030s_hot_2030,Kolkata,ssp585,near_2030s,hot,2030,30--35,4501,32.022549988891356,26.444485096811885,56.321387006648806,111955.69287912744,0.13637667304403006,18.595867584981114
kolkata_ssp585_near_2030s_hot_2030,Kolkata,ssp585,near_2030s,hot,2030,>=35,725,36.26770689655173,27.763546814520176,60.51245771841696,103845.61702930373,0.2432689474547903,76.27586206896552
kolkata_ssp585_near_2030s_typical_2038,Kolkata,ssp585,near_2030s,typical,2038,<20,2548,16.190651491365777,24.56988810397452,45.71749740868986,65145.62026038664,0.06603792220044491,0.0
kolkata_ssp585_near_2030s_typical_2038,Kolkata,ssp585,near_2030s,typical,2038,20--25,3375,22.721108888888885,25.068869049443908,49.874034819017176,88810.20216496328,0.07501187662477662,0.05925925925925926
kolkata_ssp585_near_2030s_typical_2038,Kolkata,ssp585,near_2030s,typical,2038,25--30,7448,27.72299342105263,25.506014943354668,52.65996148752964,100927.08273894737,0.08673573056570358,4.189044038668099
kolkata_ssp585_near_2030s_typical_2038,Kolkata,ssp585,near_2030s,typical,2038,30--35,2676,31.89101363976084,26.1664049139822,54.68182772501234,113843.56790564647,0.1221338084247729,14.050822122571002
kolkata_ssp585_near_2030s_typical_2038,Kolkata,ssp585,near_2030s,typical,2038,>=35,657,36.86543378995434,28.55324934021873,62.093066902667225,98393.64781229824,0.2842367270183884,82.34398782343987
phoenix_ssp245_baseline_2020s_heatwave_extreme_2025,Phoenix,ssp245,baseline_2020s,heatwave_extreme,2025,<20,5742,14.215095350052248,24.456231203342416,25.3765129024986,69102.97468762772,0.09040903280067225,0.017415534656913968
phoenix_ssp245_baseline_2020s_heatwave_extreme_2025,Phoenix,ssp245,baseline_2020s,heatwave_extreme,2025,20--25,2065,22.452665859564167,25.130974928353293,29.42200954979135,99476.38118631639,0.09923722363475491,0.048426150121065374
phoenix_ssp245_baseline_2020s_heatwave_extreme_2025,Phoenix,ssp245,baseline_2020s,heatwave_extreme,2025,25--30,2210,27.605430995475114,25.489843075065856,35.57859768718736,118785.92696578086,0.10135775962696997,1.493212669683258
phoenix_ssp245_baseline_2020s_heatwave_extreme_2025,Phoenix,ssp245,baseline_2020s,heatwave_extreme,2025,30--35,2796,32.482604613733905,25.81566130379683,41.2010923656409,128412.51619241183,0.11180733693289514,5.042918454935622
phoenix_ssp245_baseline_2020s_heatwave_extreme_2025,Phoenix,ssp245,baseline_2020s,heatwave_extreme,2025,>=35,3891,38.4450854536109,26.290447391761255,44.94146087745874,125809.57307581588,0.14424681066382067,18.015934207144692
phoenix_ssp245_baseline_2020s_hot_2028,Phoenix,ssp245,baseline_2020s,hot,2028,<20,4544,14.574197293133802,24.54441110979353,26.990988660082195,70726.79066666555,0.09139836070500054,0.17605633802816903
phoenix_ssp245_baseline_2020s_hot_2028,Phoenix,ssp245,baseline_2020s,hot,2028,20--25,2835,22.49001499118166,25.1390974031623,31.03029669694823,98467.42483267111,0.09792302101702136,0.07054673721340389
phoenix_ssp245_baseline_2020s_hot_2028,Phoenix,ssp245,baseline_2020s,hot,2028,25--30,2378,27.448191757779647,25.447528621577217,36.92680791726388,119880.21866377353,0.09818836472976043,0.9251471825063078
phoenix_ssp245_baseline_2020s_hot_2028,Phoenix,ssp245,baseline_2020s,hot,2028,30--35,3031,32.5410623556582,25.72687349582517,40.362732490568455,125273.2306881425,0.10695897833588387,4.849884526558892
phoenix_ssp245_baseline_2020s_hot_2028,Phoenix,ssp245,baseline_2020s,hot,2028,>=35,3916,38.31359295199183,26.35201598203319,45.25966996302367,125317.92417781083,0.15260636464598792,24.591419816138917
phoenix_ssp245_baseline_2020s_typical_2026,Phoenix,ssp245,baseline_2020s,typical,2026,<20,5117,14.29906634746922,24.61124883131582,25.77265676000269,72830.42322240636,0.09316515895052926,0.0586281024037522
phoenix_ssp245_baseline_2020s_typical_2026,Phoenix,ssp245,baseline_2020s,typical,2026,20--25,2454,22.323108190709046,25.246010544361,30.511802725994656,106346.80918917141,0.1024899562245452,0.24449877750611246
phoenix_ssp245_baseline_2020s_typical_2026,Phoenix,ssp245,baseline_2020s,typical,2026,25--30,2473,27.66194904973716,25.485784381793163,37.0697604820401,121023.4965455091,0.09914879233940149,0.5661140315406389
phoenix_ssp245_baseline_2020s_typical_2026,Phoenix,ssp245,baseline_2020s,typical,2026,30--35,3183,32.45036286522149,25.719149091248017,40.8520001819703,125703.69721889503,0.10447329708916528,3.707194470625196
phoenix_ssp245_baseline_2020s_typical_2026,Phoenix,ssp245,baseline_2020s,typical,2026,>=35,3477,38.17463186655162,26.189965713592674,44.39263925681046,125388.82214435257,0.13847599620305415,17.773943054357204
phoenix_ssp245_late_2080s_heatwave_extreme_2086,Phoenix,ssp245,late_2080s,heatwave_extreme,2086,<20,4227,14.86888041163946,24.660636977025977,27.464086117864678,74551.11647753304,0.09269738928170318,0.0
phoenix_ssp245_late_2080s_heatwave_extreme_2086,Phoenix,ssp245,late_2080s,heatwave_extreme,2086,20--25,2182,22.46032424381302,25.247267753984126,32.63059584402683,102833.58939585133,0.1025389048105915,0.045829514207149404
phoenix_ssp245_late_2080s_heatwave_extreme_2086,Phoenix,ssp245,late_2080s,heatwave_extreme,2086,25--30,2162,27.578826318223868,25.559477996491335,38.655922764155044,124320.38070435969,0.10655071356703823,1.4338575393154487
phoenix_ssp245_late_2080s_heatwave_extreme_2086,Phoenix,ssp245,late_2080s,heatwave_extreme,2086,30--35,2848,32.67635972612359,26.0045592033607,42.222769463821066,131738.52624333306,0.12825388350239073,11.832865168539326
phoenix_ssp245_late_2080s_heatwave_extreme_2086,Phoenix,ssp245,late_2080s,heatwave_extreme,2086,>=35,5285,39.52057899716178,26.92246200841319,46.158445523065986,127421.59507470333,0.2067478448133099,43.82213812677389
phoenix_ssp245_late_2080s_hot_2086,Phoenix,ssp245,late_2080s,hot,2086,<20,4227,14.86888041163946,24.660636977025977,27.464086117864678,74551.11647753304,0.09269738928170318,0.0
phoenix_ssp245_late_2080s_hot_2086,Phoenix,ssp245,late_2080s,hot,2086,20--25,2182,22.46032424381302,25.247267753984126,32.63059584402683,102833.58939585133,0.1025389048105915,0.045829514207149404
phoenix_ssp245_late_2080s_hot_2086,Phoenix,ssp245,late_2080s,hot,2086,25--30,2162,27.578826318223868,25.559477996491335,38.655922764155044,124320.38070435969,0.10655071356703823,1.4338575393154487
phoenix_ssp245_late_2080s_hot_2086,Phoenix,ssp245,late_2080s,hot,2086,30--35,2848,32.67635972612359,26.0045592033607,42.222769463821066,131738.52624333306,0.12825388350239073,11.832865168539326
phoenix_ssp245_late_2080s_hot_2086,Phoenix,ssp245,late_2080s,hot,2086,>=35,5285,39.52057899716178,26.92246200841319,46.158445523065986,127421.59507470333,0.2067478448133099,43.82213812677389
phoenix_ssp245_late_2080s_typical_2081,Phoenix,ssp245,late_2080s,typical,2081,<20,4279,14.959937485393784,24.44124319830329,28.27968199822633,68477.8264417939,0.08731957383406252,0.0
phoenix_ssp245_late_2080s_typical_2081,Phoenix,ssp245,late_2080s,typical,2081,20--25,3038,22.33950954575378,25.10275651968572,30.811709992284428,98001.86689855104,0.0987569544159478,0.09874917709019092
phoenix_ssp245_late_2080s_typical_2081,Phoenix,ssp245,late_2080s,typical,2081,25--30,2348,27.4425234241908,25.427796009659318,35.0474612778595,116787.34234665596,0.09924172282164462,0.8091993185689949
phoenix_ssp245_late_2080s_typical_2081,Phoenix,ssp245,late_2080s,typical,2081,30--35,2850,32.47096842105263,25.825750465240862,40.3571619689676,125641.12228384614,0.11551326575935192,7.438596491228071
phoenix_ssp245_late_2080s_typical_2081,Phoenix,ssp245,late_2080s,typical,2081,>=35,4189,39.86031332060157,26.968659815476972,47.57724546625962,125573.4712261461,0.2148042055515231,45.76271186440678
phoenix_ssp245_mid_2050s_heatwave_extreme_2051,Phoenix,ssp245,mid_2050s,heatwave_extreme,2051,<20,4417,14.888390876160292,24.530276642009785,27.77319845221012,71504.08678604639,0.08746370348097725,0.0
phoenix_ssp245_mid_2050s_heatwave_extreme_2051,Phoenix,ssp245,mid_2050s,heatwave_extreme,2051,20--25,2800,22.370916964285712,25.13488886097889,30.479658387590458,98542.01044040637,0.0988963219254455,0.03571428571428571
phoenix_ssp245_mid_2050s_heatwave_extreme_2051,Phoenix,ssp245,mid_2050s,heatwave_extreme,2051,25--30,2660,27.443698308270676,25.406901113701473,34.14596435354102,114294.78904349398,0.1016077522623801,0.7518796992481203
phoenix_ssp245_mid_2050s_heatwave_extreme_2051,Phoenix,ssp245,mid_2050s,heatwave_extreme,2051,30--35,2338,32.52244439692045,25.90184346015593,41.01016990278132,128209.37118985655,0.12219136451828577,10.650128314798973
phoenix_ssp245_mid_2050s_heatwave_extreme_2051,Phoenix,ssp245,mid_2050s,heatwave_extreme,2051,>=35,4489,39.52346458008466,26.87573359980902,47.04882228595282,124804.01896818023,0.20092218973561987,41.27868122076187
phoenix_ssp245_mid_2050s_hot_2058,Phoenix,ssp245,mid_2050s,hot,2058,<20,4215,15.476394424673785,24.63068821310904,28.249758601274323,73808.33298099051,0.09312510948669064,0.0
phoenix_ssp245_mid_2050s_hot_2058,Phoenix,ssp245,mid_2050s,hot,2058,20--25,3164,22.399277022756007,25.11352566686789,30.61298499974161,97633.70748431471,0.10193366583763848,0.0
phoenix_ssp245_mid_2050s_hot_2058,Phoenix,ssp245,mid_2050s,hot,2058,25--30,2542,27.418465774980326,25.332838184367976,34.46179776084936,110201.5639003353,0.09798227309708775,0.3147128245476003
phoenix_ssp245_mid_2050s_hot_2058,Phoenix,ssp245,mid_2050s,hot,2058,30--35,2399,32.49146310962902,26.042003405438003,41.895068075421236,131476.50184829245,0.13040470494329048,13.130471029595665
phoenix_ssp245_mid_2050s_hot_2058,Phoenix,ssp245,mid_2050s,hot,2058,>=35,4384,39.926035583941605,27.0489229093784,47.16924248660109,127475.94354861589,0.21478786054536445,50.410583941605836
phoenix_ssp245_mid_2050s_typical_2054,Phoenix,ssp245,mid_2050s,typical,2054,<20,4587,14.670268694135599,24.586385753213772,27.23270266458138,72739.1231449175,0.09228633486402313,0.0
phoenix_ssp245_mid_2050s_typical_2054,Phoenix,ssp245,mid_2050s,typical,2054,20--25,2957,22.372228610077784,25.171959972871864,30.292837095524973,100187.44394141703,0.10227789322891516,0.10145417653026716
phoenix_ssp245_mid_2050s_typical_2054,Phoenix,ssp245,mid_2050s,typical,2054,25--30,2583,27.476415989159893,25.461400893485482,35.33167764488679,118546.0823874998,0.1034056171970527,0.8904374758033295
phoenix_ssp245_mid_2050s_typical_2054,Phoenix,ssp245,mid_2050s,typical,2054,30--35,2414,32.45806338028169,25.823259441538628,40.961151911818696,128620.97476607976,0.1155840401746563,8.036454018227008
phoenix_ssp245_mid_2050s_typical_2054,Phoenix,ssp245,mid_2050s,typical,2054,>=35,4163,39.24517895748258,26.627418197904227,45.645602072881566,124499.82846562452,0.18191175628533657,35.62334854672111
phoenix_ssp245_near_2030s_heatwave_extreme_2039,Phoenix,ssp245,near_2030s,heatwave_extreme,2039,<20,4629,15.46648844242817,24.561266618581282,28.279981249084745,72657.71164601213,0.08896438022733097,0.0
phoenix_ssp245_near_2030s_heatwave_extreme_2039,Phoenix,ssp245,near_2030s,heatwave_extreme,2039,20--25,2959,22.459791314633325,25.15992339091929,29.972924824358195,99826.39870993303,0.10483544754563451,0.2027712064886786
phoenix_ssp245_near_2030s_heatwave_extreme_2039,Phoenix,ssp245,near_2030s,heatwave_extreme,2039,25--30,2377,27.50661442995372,25.491301073336686,35.67614481366898,117202.59658830003,0.1070344802495518,1.6827934371055953
phoenix_ssp245_near_2030s_heatwave_extreme_2039,Phoenix,ssp245,near_2030s,heatwave_extreme,2039,30--35,2360,32.590315677966096,25.980425297000533,41.15224674017649,132314.83148702988,0.1258417405515428,10.254237288135592
phoenix_ssp245_near_2030s_heatwave_extreme_2039,Phoenix,ssp245,near_2030s,heatwave_extreme,2039,>=35,4379,39.503296414706554,26.780679785162288,46.34393357246964,126181.12986041601,0.19144168262723477,40.420187257364695
phoenix_ssp245_near_2030s_hot_2039,Phoenix,ssp245,near_2030s,hot,2039,<20,4629,15.46648844242817,24.561266618581282,28.279981249084745,72657.71164601213,0.08896438022733097,0.0
phoenix_ssp245_near_2030s_hot_2039,Phoenix,ssp245,near_2030s,hot,2039,20--25,2959,22.459791314633325,25.15992339091929,29.972924824358195,99826.39870993303,0.10483544754563451,0.2027712064886786
phoenix_ssp245_near_2030s_hot_2039,Phoenix,ssp245,near_2030s,hot,2039,25--30,2377,27.50661442995372,25.491301073336686,35.67614481366898,117202.59658830003,0.1070344802495518,1.6827934371055953
phoenix_ssp245_near_2030s_hot_2039,Phoenix,ssp245,near_2030s,hot,2039,30--35,2360,32.590315677966096,25.980425297000533,41.15224674017649,132314.83148702988,0.1258417405515428,10.254237288135592
phoenix_ssp245_near_2030s_hot_2039,Phoenix,ssp245,near_2030s,hot,2039,>=35,4379,39.503296414706554,26.780679785162288,46.34393357246964,126181.12986041601,0.19144168262723477,40.420187257364695
phoenix_ssp245_near_2030s_typical_2034,Phoenix,ssp245,near_2030s,typical,2034,<20,4754,14.230303954564578,24.567233830475015,26.53651466196441,73920.02640691266,0.09173270216800168,0.0
phoenix_ssp245_near_2030s_typical_2034,Phoenix,ssp245,near_2030s,typical,2034,20--25,2973,22.586215943491425,25.192164972985466,29.512503349845833,99483.10463933296,0.10283275106011773,0.03363605785401951
phoenix_ssp245_near_2030s_typical_2034,Phoenix,ssp245,near_2030s,typical,2034,25--30,2334,27.394340188517567,25.52015016992099,35.61097098768391,120983.30033754327,0.10597803521798554,0.9425878320479864
phoenix_ssp245_near_2030s_typical_2034,Phoenix,ssp245,near_2030s,typical,2034,30--35,2538,32.48888987391646,25.82839951489517,41.42378335475008,128509.25473461262,0.11542058103469682,6.8557919621749415
phoenix_ssp245_near_2030s_typical_2034,Phoenix,ssp245,near_2030s,typical,2034,>=35,4105,38.70047076735688,26.427160702549727,45.635594071572754,125525.0551569208,0.15922106648267065,25.334957369062117
phoenix_ssp585_baseline_2020s_heatwave_extreme_2025,Phoenix,ssp585,baseline_2020s,heatwave_extreme,2025,<20,4810,14.687800415800417,24.44484239316523,26.811100645202135,68292.09473590303,0.0900145329142019,0.2910602910602911
phoenix_ssp585_baseline_2020s_heatwave_extreme_2025,Phoenix,ssp585,baseline_2020s,heatwave_extreme,2025,20--25,2699,22.337373101148575,25.108057535251174,30.1417307854435,97450.97247769905,0.09937263353909721,0.11115227862171174
phoenix_ssp585_baseline_2020s_heatwave_extreme_2025,Phoenix,ssp585,baseline_2020s,heatwave_extreme,2025,25--30,2016,27.374677579365077,25.4734064049376,36.57491261002537,121098.28117163369,0.09974662486463631,1.0416666666666665
phoenix_ssp585_baseline_2020s_heatwave_extreme_2025,Phoenix,ssp585,baseline_2020s,heatwave_extreme,2025,30--35,2673,32.60033108866442,25.88396611929765,42.10909062586276,128953.04428771802,0.11753178094978854,8.080808080808081
phoenix_ssp585_baseline_2020s_heatwave_extreme_2025,Phoenix,ssp585,baseline_2020s,heatwave_extreme,2025,>=35,4506,39.09146027518864,26.59530834642213,45.42434548552522,125698.77344098694,0.17530940696653594,31.979582778517536
phoenix_ssp585_baseline_2020s_hot_2025,Phoenix,ssp585,baseline_2020s,hot,2025,<20,4810,14.687800415800417,24.44484239316523,26.811100645202135,68292.09473590303,0.0900145329142019,0.2910602910602911
phoenix_ssp585_baseline_2020s_hot_2025,Phoenix,ssp585,baseline_2020s,hot,2025,20--25,2699,22.337373101148575,25.108057535251174,30.1417307854435,97450.97247769905,0.09937263353909721,0.11115227862171174
phoenix_ssp585_baseline_2020s_hot_2025,Phoenix,ssp585,baseline_2020s,hot,2025,25--30,2016,27.374677579365077,25.4734064049376,36.57491261002537,121098.28117163369,0.09974662486463631,1.0416666666666665
phoenix_ssp585_baseline_2020s_hot_2025,Phoenix,ssp585,baseline_2020s,hot,2025,30--35,2673,32.60033108866442,25.88396611929765,42.10909062586276,128953.04428771802,0.11753178094978854,8.080808080808081
phoenix_ssp585_baseline_2020s_hot_2025,Phoenix,ssp585,baseline_2020s,hot,2025,>=35,4506,39.09146027518864,26.59530834642213,45.42434548552522,125698.77344098694,0.17530940696653594,31.979582778517536
phoenix_ssp585_baseline_2020s_typical_2029,Phoenix,ssp585,baseline_2020s,typical,2029,<20,5230,14.570505258126193,24.55627728831826,26.486401888747864,72164.22542714926,0.08842417367103933,0.0
phoenix_ssp585_baseline_2020s_typical_2029,Phoenix,ssp585,baseline_2020s,typical,2029,20--25,2328,22.548733891752576,25.19573879391973,29.370814728569766,102521.42476492419,0.10311640794995697,0.0429553264604811
phoenix_ssp585_baseline_2020s_typical_2029,Phoenix,ssp585,baseline_2020s,typical,2029,25--30,2517,27.606551450139055,25.4912278428804,35.84391868261662,119327.51142656762,0.10240662642020137,1.3110846245530394
phoenix_ssp585_baseline_2020s_typical_2029,Phoenix,ssp585,baseline_2020s,typical,2029,30--35,2590,32.56757625482625,25.856841466922937,41.03897429656912,128692.84465464446,0.11773373084941081,7.22007722007722
phoenix_ssp585_baseline_2020s_typical_2029,Phoenix,ssp585,baseline_2020s,typical,2029,>=35,4039,38.783768878435254,26.572420075664983,45.473534453827824,126025.4532997175,0.17385941738016203,33.05273582569943
phoenix_ssp585_late_2080s_heatwave_extreme_2085,Phoenix,ssp585,late_2080s,heatwave_extreme,2085,<20,3664,15.86420305676856,24.602758140727836,29.98702566769822,73110.66657395389,0.08923412037738312,0.0
phoenix_ssp585_late_2080s_heatwave_extreme_2085,Phoenix,ssp585,late_2080s,heatwave_extreme,2085,20--25,2903,22.313082156389942,25.0868784696221,31.211126697574024,96009.86505585533,0.0994002014834668,0.03444712366517396
phoenix_ssp585_late_2080s_heatwave_extreme_2085,Phoenix,ssp585,late_2080s,heatwave_extreme,2085,25--30,2021,27.29584858980703,25.40994345421365,37.05299194830662,115066.19615925234,0.10094558485360755,1.3854527461652646
phoenix_ssp585_late_2080s_heatwave_extreme_2085,Phoenix,ssp585,late_2080s,heatwave_extreme,2085,30--35,1854,32.607549892125135,26.02266388349193,42.762627294023034,133359.2120534766,0.1329123906649469,13.807982740021574
phoenix_ssp585_late_2080s_heatwave_extreme_2085,Phoenix,ssp585,late_2080s,heatwave_extreme,2085,>=35,6262,41.14918716065155,27.518230964621086,48.219146272020936,124267.36278373176,0.2731380524497711,63.7336314276589
phoenix_ssp585_late_2080s_hot_2089,Phoenix,ssp585,late_2080s,hot,2089,<20,3349,15.330382950134368,24.480076661786068,30.101058822323214,69881.68085709555,0.08472576808412696,0.0
phoenix_ssp585_late_2080s_hot_2089,Phoenix,ssp585,late_2080s,hot,2089,20--25,2707,22.485275212412265,25.07616629664896,33.07241216787624,96053.67016862107,0.09434638682496765,0.0
phoenix_ssp585_late_2080s_hot_2089,Phoenix,ssp585,late_2080s,hot,2089,25--30,2434,27.28418755135579,25.400553130160436,37.75197347066467,113714.32227047379,0.10009231275345204,0.780608052588332
phoenix_ssp585_late_2080s_hot_2089,Phoenix,ssp585,late_2080s,hot,2089,30--35,2059,32.46505099562895,25.888862051404868,40.58353755557717,126536.57599633836,0.12648485657071185,12.821758135016998
phoenix_ssp585_late_2080s_hot_2089,Phoenix,ssp585,late_2080s,hot,2089,>=35,6155,41.76418602761982,27.986131367592204,48.64081230242384,124563.6479201201,0.3204910065346964,75.32087733549959
phoenix_ssp585_late_2080s_typical_2081,Phoenix,ssp585,late_2080s,typical,2081,<20,2858,16.060989328201536,24.705132337101688,30.956305794441203,77435.85207657951,0.08865496918703215,0.0
phoenix_ssp585_late_2080s_typical_2081,Phoenix,ssp585,late_2080s,typical,2081,20--25,2975,22.566425210084034,25.20186495855387,33.33099420011425,100801.25815666914,0.10134187201812801,0.06722689075630252
phoenix_ssp585_late_2080s_typical_2081,Phoenix,ssp585,late_2080s,typical,2081,25--30,2574,27.346322843822843,25.39321242218419,38.5351837820087,114018.75541153895,0.09790647479549207,0.6604506604506605
phoenix_ssp585_late_2080s_typical_2081,Phoenix,ssp585,late_2080s,typical,2081,30--35,2506,32.62887270550679,25.819950621513225,41.001452194261766,124422.8695287053,0.11864791142372214,9.7366320830008
phoenix_ssp585_late_2080s_typical_2081,Phoenix,ssp585,late_2080s,typical,2081,>=35,5791,41.090654032118806,27.419110175334804,48.934958654083594,123714.22861102693,0.25933392911888953,62.735278881022275
phoenix_ssp585_mid_2050s_heatwave_extreme_2057,Phoenix,ssp585,mid_2050s,heatwave_extreme,2057,<20,3872,14.589169034090908,24.563978398726647,27.95606204090103,72509.75080857857,0.09084643008034758,0.0
phoenix_ssp585_mid_2050s_heatwave_extreme_2057,Phoenix,ssp585,mid_2050s,heatwave_extreme,2057,20--25,2675,22.53727009345794,25.145056034689535,33.1430131619148,98863.66090978368,0.09694172490430515,0.037383177570093455
phoenix_ssp585_mid_2050s_heatwave_extreme_2057,Phoenix,ssp585,mid_2050s,heatwave_extreme,2057,25--30,2435,27.436124229979463,25.408562554251947,37.06188495192263,114890.72959017793,0.0979342049430778,0.16427104722792607
phoenix_ssp585_mid_2050s_heatwave_extreme_2057,Phoenix,ssp585,mid_2050s,heatwave_extreme,2057,30--35,2830,32.47748586572438,25.902725140305,42.285251762424444,129501.1097427746,0.12072053194416248,9.787985865724382
phoenix_ssp585_mid_2050s_heatwave_extreme_2057,Phoenix,ssp585,mid_2050s,heatwave_extreme,2057,>=35,4892,39.7962873058054,26.843147192141277,46.65605401432792,126123.16797700571,0.19990449637517538,41.026165167620604
phoenix_ssp585_mid_2050s_hot_2057,Phoenix,ssp585,mid_2050s,hot,2057,<20,3872,14.589169034090908,24.563978398726647,27.95606204090103,72509.75080857857,0.09084643008034758,0.0
phoenix_ssp585_mid_2050s_hot_2057,Phoenix,ssp585,mid_2050s,hot,2057,20--25,2675,22.53727009345794,25.145056034689535,33.1430131619148,98863.66090978368,0.09694172490430515,0.037383177570093455
phoenix_ssp585_mid_2050s_hot_2057,Phoenix,ssp585,mid_2050s,hot,2057,25--30,2435,27.436124229979463,25.408562554251947,37.06188495192263,114890.72959017793,0.0979342049430778,0.16427104722792607
phoenix_ssp585_mid_2050s_hot_2057,Phoenix,ssp585,mid_2050s,hot,2057,30--35,2830,32.47748586572438,25.902725140305,42.285251762424444,129501.1097427746,0.12072053194416248,9.787985865724382
phoenix_ssp585_mid_2050s_hot_2057,Phoenix,ssp585,mid_2050s,hot,2057,>=35,4892,39.7962873058054,26.843147192141277,46.65605401432792,126123.16797700571,0.19990449637517538,41.026165167620604
phoenix_ssp585_mid_2050s_typical_2050,Phoenix,ssp585,mid_2050s,typical,2050,<20,4962,15.12070133010883,24.477590978122873,27.47950751794307,68682.78201815874,0.08709559074743978,0.0
phoenix_ssp585_mid_2050s_typical_2050,Phoenix,ssp585,mid_2050s,typical,2050,20--25,2768,22.34296784682081,25.06129458101515,29.393608845503035,96588.07418629358,0.09922603746557156,0.0
phoenix_ssp585_mid_2050s_typical_2050,Phoenix,ssp585,mid_2050s,typical,2050,25--30,2233,27.447455217196595,25.378292940926382,33.83828339437678,114818.32305021214,0.10056775919800415,0.8956560680698611
phoenix_ssp585_mid_2050s_typical_2050,Phoenix,ssp585,mid_2050s,typical,2050,30--35,2294,32.64713491717524,25.900477265638106,39.759965486654885,127758.37651658687,0.12336044126310416,12.554489973844813
phoenix_ssp585_mid_2050s_typical_2050,Phoenix,ssp585,mid_2050s,typical,2050,>=35,4447,39.40823476501012,27.00625675169597,46.95986536879576,125594.16172943672,0.2156846312532289,46.93051495390151
phoenix_ssp585_near_2030s_heatwave_extreme_2033,Phoenix,ssp585,near_2030s,heatwave_extreme,2033,<20,4667,15.196567923719735,24.64314628042506,27.48319561676445,73920.67364056103,0.09274777466279997,0.021427040925648167
phoenix_ssp585_near_2030s_heatwave_extreme_2033,Phoenix,ssp585,near_2030s,heatwave_extreme,2033,20--25,2663,22.355075103266994,25.214741380336505,30.886841483259868,102761.87121561545,0.10230432038348378,0.03755163349605708
phoenix_ssp585_near_2030s_heatwave_extreme_2033,Phoenix,ssp585,near_2030s,heatwave_extreme,2033,25--30,1989,27.713758169934643,25.497758123784994,36.19270566364784,119952.7051078788,0.10229722422380476,0.4524886877828055
phoenix_ssp585_near_2030s_heatwave_extreme_2033,Phoenix,ssp585,near_2030s,heatwave_extreme,2033,30--35,2830,32.603367491166075,25.865225603263045,41.72339749107495,129234.54156571023,0.11881113704035082,8.33922261484099
phoenix_ssp585_near_2030s_heatwave_extreme_2033,Phoenix,ssp585,near_2030s,heatwave_extreme,2033,>=35,4555,39.47893907793633,26.76013492819261,46.10920821283338,125492.5545653814,0.1904304921357087,36.57519209659715
phoenix_ssp585_near_2030s_hot_2033,Phoenix,ssp585,near_2030s,hot,2033,<20,4667,15.196567923719735,24.64314628042506,27.48319561676445,73920.67364056103,0.09274777466279997,0.021427040925648167
phoenix_ssp585_near_2030s_hot_2033,Phoenix,ssp585,near_2030s,hot,2033,20--25,2663,22.355075103266994,25.214741380336505,30.886841483259868,102761.87121561545,0.10230432038348378,0.03755163349605708
phoenix_ssp585_near_2030s_hot_2033,Phoenix,ssp585,near_2030s,hot,2033,25--30,1989,27.713758169934643,25.497758123784994,36.19270566364784,119952.7051078788,0.10229722422380476,0.4524886877828055
phoenix_ssp585_near_2030s_hot_2033,Phoenix,ssp585,near_2030s,hot,2033,30--35,2830,32.603367491166075,25.865225603263045,41.72339749107495,129234.54156571023,0.11881113704035082,8.33922261484099
phoenix_ssp585_near_2030s_hot_2033,Phoenix,ssp585,near_2030s,hot,2033,>=35,4555,39.47893907793633,26.76013492819261,46.10920821283338,125492.5545653814,0.1904304921357087,36.57519209659715
phoenix_ssp585_near_2030s_typical_2034,Phoenix,ssp585,near_2030s,typical,2034,<20,4674,14.727431001283696,24.51112138520386,27.425631472215585,71221.22399327978,0.08870850415629893,0.0
phoenix_ssp585_near_2030s_typical_2034,Phoenix,ssp585,near_2030s,typical,2034,20--25,2878,22.365751389854065,25.161862877598157,30.057550313074564,99679.78725358762,0.10252712727289728,0.20847810979847115
phoenix_ssp585_near_2030s_typical_2034,Phoenix,ssp585,near_2030s,typical,2034,25--30,2551,27.571364170913363,25.48236240306724,35.610615301396365,118402.2865088635,0.10514115208538907,0.7840062720501764
phoenix_ssp585_near_2030s_typical_2034,Phoenix,ssp585,near_2030s,typical,2034,30--35,2589,32.475787949015064,25.865237881478112,41.02770163204573,129647.26274266995,0.11695554055930266,7.300115874855156
phoenix_ssp585_near_2030s_typical_2034,Phoenix,ssp585,near_2030s,typical,2034,>=35,4012,38.901893070787644,26.47637447072784,45.80001322944198,125251.04005606375,0.1630277141631309,27.81655034895314
