weather,analysis_state_sha256,floor,area_weighted_high_tail_pct,unweighted_zone_time_high_tail_pct,any_zone_within_floor_high_tail_pct,mean_p_tail_area_weighted,mean_warm_tail_area_weighted,mean_cold_tail_area_weighted,mean_expected_tsv_area_weighted
ahmedabad_ssp245_baseline_2020s_heatwave_extreme_2029,9436ee906dedc67f3c2b0e60fbc76f5c6f16b1a1019219ff5a71bc232e1f45b8,bottom,14.453965556922954,19.31872605363985,53.56202107279694,0.12083208367951406,0.09384456070291602,0.026987522976598042,0.30745889235698076
ahmedabad_ssp245_baseline_2020s_heatwave_extreme_2029,9436ee906dedc67f3c2b0e60fbc76f5c6f16b1a1019219ff5a71bc232e1f45b8,middle,21.69002672144616,23.533285440613028,47.56345785440613,0.13270150708281023,0.10699113427787024,0.025710372804939978,0.3447425640594772
ahmedabad_ssp245_baseline_2020s_heatwave_extreme_2029,9436ee906dedc67f3c2b0e60fbc76f5c6f16b1a1019219ff5a71bc232e1f45b8,top,17.13635301559096,19.461206896551726,39.96647509578544,0.11968483547196523,0.09265717362386877,0.027027661848096476,0.298869512322458
ahmedabad_ssp245_baseline_2020s_hot_2029,9436ee906dedc67f3c2b0e60fbc76f5c6f16b1a1019219ff5a71bc232e1f45b8,bottom,14.453965556922954,19.31872605363985,53.56202107279694,0.12083208367951406,0.09384456070291602,0.026987522976598042,0.30745889235698076
ahmedabad_ssp245_baseline_2020s_hot_2029,9436ee906dedc67f3c2b0e60fbc76f5c6f16b1a1019219ff5a71bc232e1f45b8,middle,21.69002672144616,23.533285440613028,47.56345785440613,0.13270150708281023,0.10699113427787024,0.025710372804939978,0.3447425640594772
ahmedabad_ssp245_baseline_2020s_hot_2029,9436ee906dedc67f3c2b0e60fbc76f5c6f16b1a1019219ff5a71bc232e1f45b8,top,17.13635301559096,19.461206896551726,39.96647509578544,0.11968483547196523,0.09265717362386877,0.027027661848096476,0.298869512322458
ahmedabad_ssp245_baseline_2020s_typical_2025,230f4d3a6394e63152852cb7bb21641d03e0d52a1c8304ce6b3cf4bed5a3c611,bottom,8.534863323964558,12.540708812260537,43.74401340996169,0.10173182832668953,0.0728339737020671,0.02889785462462243,0.23741472380182396
ahmedabad_ssp245_baseline_2020s_typical_2025,230f4d3a6394e63152852cb7bb21641d03e0d52a1c8304ce6b3cf4bed5a3c611,middle,12.249458288815566,14.570162835249043,37.05100574712644,0.1076324192749678,0.07990189015962913,0.02773052911533869,0.25808753331040546
ahmedabad_ssp245_baseline_2020s_typical_2025,230f4d3a6394e63152852cb7bb21641d03e0d52a1c8304ce6b3cf4bed5a3c611,top,10.336526682179855,12.689176245210728,32.0102969348659,0.10026357250196959,0.07136156882138467,0.02890200368058491,0.22629155277183402
ahmedabad_ssp245_late_2080s_heatwave_extreme_2081,938bd161cc876d9d0cb1f0b68ebf0355715c8cde89fca9074f2743aecf88c3da,bottom,16.586672604253128,21.85344827586207,58.099856321839084,0.12433054945537887,0.09683457253946909,0.02749597691590979,0.3074201804216762
ahmedabad_ssp245_late_2080s_heatwave_extreme_2081,938bd161cc876d9d0cb1f0b68ebf0355715c8cde89fca9074f2743aecf88c3da,middle,24.345992479810786,26.13625478927203,51.76005747126437,0.13735926735042467,0.1113381262129987,0.02602114113742596,0.35314381906333575
ahmedabad_ssp245_late_2080s_heatwave_extreme_2081,938bd161cc876d9d0cb1f0b68ebf0355715c8cde89fca9074f2743aecf88c3da,top,20.100621762418886,22.450909961685824,45.07303639846743,0.1261202372880942,0.09879448485768148,0.02732575243041273,0.30811940997238707
ahmedabad_ssp245_late_2080s_hot_2081,938bd161cc876d9d0cb1f0b68ebf0355715c8cde89fca9074f2743aecf88c3da,bottom,16.586672604253128,21.85344827586207,58.099856321839084,0.12433054945537887,0.09683457253946909,0.02749597691590979,0.3074201804216762
ahmedabad_ssp245_late_2080s_hot_2081,938bd161cc876d9d0cb1f0b68ebf0355715c8cde89fca9074f2743aecf88c3da,middle,24.345992479810786,26.13625478927203,51.76005747126437,0.13735926735042467,0.1113381262129987,0.02602114113742596,0.35314381906333575
ahmedabad_ssp245_late_2080s_hot_2081,938bd161cc876d9d0cb1f0b68ebf0355715c8cde89fca9074f2743aecf88c3da,top,20.100621762418886,22.450909961685824,45.07303639846743,0.1261202372880942,0.09879448485768148,0.02732575243041273,0.30811940997238707
ahmedabad_ssp245_late_2080s_typical_2086,684693e80f1e7728fba0439ed5181649bf62b91ae747fb1c452c76be2c2cb689,bottom,12.796288136964556,16.801963601532567,47.41977969348659,0.1115716030141422,0.08284018128008164,0.028731421734060566,0.26546404768589954
ahmedabad_ssp245_late_2080s_typical_2086,684693e80f1e7728fba0439ed5181649bf62b91ae747fb1c452c76be2c2cb689,middle,17.355591810557943,19.2492816091954,41.86422413793103,0.1213938176730343,0.09391200556979536,0.02748181210323894,0.29563980233665793
ahmedabad_ssp245_late_2080s_typical_2086,684693e80f1e7728fba0439ed5181649bf62b91ae747fb1c452c76be2c2cb689,top,15.469610294974146,17.409003831417625,37.09889846743295,0.11466535278499877,0.08631481451414069,0.02835053827085807,0.26929218093371654
ahmedabad_ssp245_mid_2050s_heatwave_extreme_2059,fb6d6335ff6678fe333abc3a6e5c05bff8b29b7c81c3f92a26cfe467e02670e3,bottom,18.508151754941906,22.57662835249042,53.54406130268199,0.12560811460167615,0.09793816340448198,0.027669951197194155,0.3126495257198214
ahmedabad_ssp245_mid_2050s_heatwave_extreme_2059,fb6d6335ff6678fe333abc3a6e5c05bff8b29b7c81c3f92a26cfe467e02670e3,middle,23.253963123830992,24.800047892720308,47.18630268199234,0.13561297951328422,0.10908147317460674,0.02653150633867749,0.34460159725007655
ahmedabad_ssp245_mid_2050s_heatwave_extreme_2059,fb6d6335ff6678fe333abc3a6e5c05bff8b29b7c81c3f92a26cfe467e02670e3,top,20.81600508713186,22.549090038314176,41.906130268199234,0.12743888571432394,0.09992813652789491,0.02751074918642902,0.3113093331551687
ahmedabad_ssp245_mid_2050s_hot_2059,fb6d6335ff6678fe333abc3a6e5c05bff8b29b7c81c3f92a26cfe467e02670e3,bottom,18.508151754941906,22.57662835249042,53.54406130268199,0.12560811460167615,0.09793816340448198,0.027669951197194155,0.3126495257198214
ahmedabad_ssp245_mid_2050s_hot_2059,fb6d6335ff6678fe333abc3a6e5c05bff8b29b7c81c3f92a26cfe467e02670e3,middle,23.253963123830992,24.800047892720308,47.18630268199234,0.13561297951328422,0.10908147317460674,0.02653150633867749,0.34460159725007655
ahmedabad_ssp245_mid_2050s_hot_2059,fb6d6335ff6678fe333abc3a6e5c05bff8b29b7c81c3f92a26cfe467e02670e3,top,20.81600508713186,22.549090038314176,41.906130268199234,0.12743888571432394,0.09992813652789491,0.02751074918642902,0.3113093331551687
ahmedabad_ssp245_mid_2050s_typical_2058,14764b81667bcb7b4cfa1d3386da1ab8feb0fde78546892e0da8f8bcc130f59c,bottom,8.571425418778471,12.138409961685824,41.95402298850575,0.10148370302081655,0.0721414428466188,0.02934226017419773,0.239894569958848
ahmedabad_ssp245_mid_2050s_typical_2058,14764b81667bcb7b4cfa1d3386da1ab8feb0fde78546892e0da8f8bcc130f59c,middle,12.166548380388415,14.195402298850574,36.07519157088122,0.10781455263688812,0.0796480609432816,0.028166491693606514,0.2613601875575597
ahmedabad_ssp245_mid_2050s_typical_2058,14764b81667bcb7b4cfa1d3386da1ab8feb0fde78546892e0da8f8bcc130f59c,top,10.067280306186268,12.092911877394636,30.62140804597701,0.10035279399465462,0.07104526168077856,0.02930753231387606,0.2300441087159835
ahmedabad_ssp245_near_2030s_heatwave_extreme_2034,6efe6eca3f3ac504d6d33de946f3048d2957eede94e1946fd3c3e7be4c65a86d,bottom,11.05309717379974,14.668342911877394,45.40229885057471,0.10665602908544561,0.07787247167538722,0.02878355741005839,0.24958652057965414
ahmedabad_ssp245_near_2030s_heatwave_extreme_2034,6efe6eca3f3ac504d6d33de946f3048d2957eede94e1946fd3c3e7be4c65a86d,middle,15.557277846966755,17.194683908045977,39.002634099616856,0.1149569712986794,0.08712681267789674,0.027830158620782676,0.27537822701635384
ahmedabad_ssp245_near_2030s_heatwave_extreme_2034,6efe6eca3f3ac504d6d33de946f3048d2957eede94e1946fd3c3e7be4c65a86d,top,13.176199463004465,14.858716475095784,32.56704980842912,0.10710091675594678,0.07808163016253769,0.029019286593409074,0.24231445981051095
ahmedabad_ssp245_near_2030s_hot_2034,6efe6eca3f3ac504d6d33de946f3048d2957eede94e1946fd3c3e7be4c65a86d,bottom,11.05309717379974,14.668342911877394,45.40229885057471,0.10665602908544561,0.07787247167538722,0.02878355741005839,0.24958652057965414
ahmedabad_ssp245_near_2030s_hot_2034,6efe6eca3f3ac504d6d33de946f3048d2957eede94e1946fd3c3e7be4c65a86d,middle,15.557277846966755,17.194683908045977,39.002634099616856,0.1149569712986794,0.08712681267789674,0.027830158620782676,0.27537822701635384
ahmedabad_ssp245_near_2030s_hot_2034,6efe6eca3f3ac504d6d33de946f3048d2957eede94e1946fd3c3e7be4c65a86d,top,13.176199463004465,14.858716475095784,32.56704980842912,0.10710091675594678,0.07808163016253769,0.029019286593409074,0.24231445981051095
ahmedabad_ssp245_near_2030s_typical_2032,cfb16e95b84f46ca8126be0b92e7563c97a93a373a228d3388dc116b98f75b9f,bottom,7.687109537332898,11.154214559386972,40.08022030651341,0.10044226831693054,0.07150696745158734,0.02893530086534316,0.2383406351691749
ahmedabad_ssp245_near_2030s_typical_2032,cfb16e95b84f46ca8126be0b92e7563c97a93a373a228d3388dc116b98f75b9f,middle,11.354225936694553,13.411159003831418,33.92600574712644,0.10588485873172618,0.07796373209415462,0.027921126637571552,0.25683214048352143
ahmedabad_ssp245_near_2030s_typical_2032,cfb16e95b84f46ca8126be0b92e7563c97a93a373a228d3388dc116b98f75b9f,top,8.863467144105233,10.84051724137931,27.173132183908045,0.09755423780947546,0.06852176325404709,0.029032474555428383,0.22199963777427545
ahmedabad_ssp585_baseline_2020s_heatwave_extreme_2027,83eb83d36bde149a73f0e4b476be97c2571af1f88ae362f827add814d1fa0573,bottom,20.86009467735568,25.433429118773947,55.88481800766284,0.13494733528534725,0.10810959134160576,0.026837743943741495,0.35231386406292925
ahmedabad_ssp585_baseline_2020s_heatwave_extreme_2027,83eb83d36bde149a73f0e4b476be97c2571af1f88ae362f827add814d1fa0573,middle,26.506333159288094,28.295019157088124,51.67025862068966,0.14574207420270663,0.12033225917879456,0.025409815023912086,0.3901760514313943
ahmedabad_ssp585_baseline_2020s_heatwave_extreme_2027,83eb83d36bde149a73f0e4b476be97c2571af1f88ae362f827add814d1fa0573,top,21.896934560502213,24.20258620689655,44.588122605363985,0.13361269439248905,0.10703108134087944,0.026581613051609596,0.3449191099667156
ahmedabad_ssp585_baseline_2020s_hot_2027,83eb83d36bde149a73f0e4b476be97c2571af1f88ae362f827add814d1fa0573,bottom,20.86009467735568,25.433429118773947,55.88481800766284,0.13494733528534725,0.10810959134160576,0.026837743943741495,0.35231386406292925
ahmedabad_ssp585_baseline_2020s_hot_2027,83eb83d36bde149a73f0e4b476be97c2571af1f88ae362f827add814d1fa0573,middle,26.506333159288094,28.295019157088124,51.67025862068966,0.14574207420270663,0.12033225917879456,0.025409815023912086,0.3901760514313943
ahmedabad_ssp585_baseline_2020s_hot_2027,83eb83d36bde149a73f0e4b476be97c2571af1f88ae362f827add814d1fa0573,top,21.896934560502213,24.20258620689655,44.588122605363985,0.13361269439248905,0.10703108134087944,0.026581613051609596,0.3449191099667156
ahmedabad_ssp585_baseline_2020s_typical_2025,f513690e57359d0b270e71b27386db42c7255f624bce2eeea381419bfe19e4db,bottom,12.919699459416972,16.391283524904214,43.600335249042146,0.11131237174064086,0.08216402754983863,0.029148344190802207,0.26707095377553225
ahmedabad_ssp585_baseline_2020s_typical_2025,f513690e57359d0b270e71b27386db42c7255f624bce2eeea381419bfe19e4db,middle,15.999139545693946,17.641283524904214,38.008860153256705,0.11684119662055178,0.08883087281712466,0.02801032380342713,0.28385381389285413
ahmedabad_ssp585_baseline_2020s_typical_2025,f513690e57359d0b270e71b27386db42c7255f624bce2eeea381419bfe19e4db,top,14.198071699497056,15.858477011494255,33.56681034482759,0.10998524051410204,0.0809538876229098,0.029031352891192252,0.2560091721363622
ahmedabad_ssp585_late_2080s_heatwave_extreme_2088,3fd68b62d6bfcf8503b28b2b0fd3b2395cfac091b12d6381de4bd04f1e914a26,bottom,28.61031684515416,31.995929118773947,62.07495210727969,0.15524685543994832,0.1287867431035734,0.026460112336374898,0.39325405563323834
ahmedabad_ssp585_late_2080s_heatwave_extreme_2088,3fd68b62d6bfcf8503b28b2b0fd3b2395cfac091b12d6381de4bd04f1e914a26,middle,31.93800224445451,33.542863984674334,55.36997126436781,0.16380176848397793,0.13889531469002278,0.024906453793955136,0.42465636620848185
ahmedabad_ssp585_late_2080s_heatwave_extreme_2088,3fd68b62d6bfcf8503b28b2b0fd3b2395cfac091b12d6381de4bd04f1e914a26,top,29.866417368321134,31.176963601532563,50.73635057471264,0.15489769046241686,0.12881976241195717,0.0260779280504597,0.3884976142956624
ahmedabad_ssp585_late_2080s_hot_2088,3fd68b62d6bfcf8503b28b2b0fd3b2395cfac091b12d6381de4bd04f1e914a26,bottom,28.61031684515416,31.995929118773947,62.07495210727969,0.15524685543994832,0.1287867431035734,0.026460112336374898,0.39325405563323834
ahmedabad_ssp585_late_2080s_hot_2088,3fd68b62d6bfcf8503b28b2b0fd3b2395cfac091b12d6381de4bd04f1e914a26,middle,31.93800224445451,33.542863984674334,55.36997126436781,0.16380176848397793,0.13889531469002278,0.024906453793955136,0.42465636620848185
ahmedabad_ssp585_late_2080s_hot_2088,3fd68b62d6bfcf8503b28b2b0fd3b2395cfac091b12d6381de4bd04f1e914a26,top,29.866417368321134,31.176963601532563,50.73635057471264,0.15489769046241686,0.12881976241195717,0.0260779280504597,0.3884976142956624
ahmedabad_ssp585_late_2080s_typical_2087,f0343596362a2e7923658e0e721f851162aae15f56f059752eb96bf73f6ffa54,bottom,15.67978339275534,19.89822796934866,51.56848659003831,0.12115346474279895,0.09355418525156516,0.027599279491233815,0.2938455075480919
ahmedabad_ssp585_late_2080s_typical_2087,f0343596362a2e7923658e0e721f851162aae15f56f059752eb96bf73f6ffa54,middle,20.230702927621287,21.877394636015328,44.52227011494253,0.13104518496617937,0.10457720010431656,0.026467984861862796,0.32474635488437126
ahmedabad_ssp585_late_2080s_typical_2087,f0343596362a2e7923658e0e721f851162aae15f56f059752eb96bf73f6ffa54,top,18.017094851631626,19.828783524904214,40.002394636015325,0.12239237718965977,0.09475175785225447,0.02764061933740531,0.2907834208964151
ahmedabad_ssp585_mid_2050s_heatwave_extreme_2051,dbbe5f0ba62c446cf425567226cf5cd7ee19febc10f2152e48063a50b82495a7,bottom,14.985010010830996,19.651580459770116,53.0411877394636,0.11964232746382956,0.09202019224070176,0.027622135223127803,0.29835275414988244
ahmedabad_ssp585_mid_2050s_heatwave_extreme_2051,dbbe5f0ba62c446cf425567226cf5cd7ee19febc10f2152e48063a50b82495a7,middle,20.53790995047347,22.9058908045977,47.371886973180075,0.13039027916884802,0.10415468804650224,0.02623559112234578,0.33495281879358774
ahmedabad_ssp585_mid_2050s_heatwave_extreme_2051,dbbe5f0ba62c446cf425567226cf5cd7ee19febc10f2152e48063a50b82495a7,top,17.61314538737558,20.038314176245212,41.25359195402299,0.12115654961538876,0.09371077032414057,0.027445779291248175,0.2967978983108619
ahmedabad_ssp585_mid_2050s_hot_2050,4dce1d20cdd882a0cd2cdf2b025f9695dabcf61cb26e754bf6fa79422ecef01d,bottom,15.349936891875524,19.554597701149426,52.23299808429118,0.11870702703112568,0.0908365206613203,0.027870506369805377,0.2913611229787236
ahmedabad_ssp585_mid_2050s_hot_2050,4dce1d20cdd882a0cd2cdf2b025f9695dabcf61cb26e754bf6fa79422ecef01d,middle,21.012178461576685,22.614942528735632,45.162835249042146,0.1305480935944005,0.10385835800369377,0.026689735590706715,0.3277671301248814
ahmedabad_ssp585_mid_2050s_hot_2050,4dce1d20cdd882a0cd2cdf2b025f9695dabcf61cb26e754bf6fa79422ecef01d,top,18.034105767790848,19.85751915708812,39.008620689655174,0.12082689899966798,0.09290342273253935,0.02792347626712863,0.2887803901613437
ahmedabad_ssp585_mid_2050s_typical_2055,6dbebbcb2b5f7d9f293064c11e6eb2f025e97ea293d30fa4e42fec0a1d4a749c,bottom,7.878968693959146,11.062021072796934,38.69133141762452,0.0979234806383235,0.0682195368656828,0.029703943772640684,0.21631633959296934
ahmedabad_ssp585_mid_2050s_typical_2055,6dbebbcb2b5f7d9f293064c11e6eb2f025e97ea293d30fa4e42fec0a1d4a749c,middle,11.28436026482653,12.947796934865902,34.00981800766284,0.10290366707224168,0.07401961693372902,0.02888405013851268,0.22957073689717405
ahmedabad_ssp585_mid_2050s_typical_2055,6dbebbcb2b5f7d9f293064c11e6eb2f025e97ea293d30fa4e42fec0a1d4a749c,top,9.61408358411743,11.420019157088122,29.627634099616856,0.0968200414903244,0.06682186453786834,0.029998176952456077,0.20297173586777462
ahmedabad_ssp585_near_2030s_heatwave_extreme_2037,468b3e53a7f6a6177a4fa444d418ec938c50b48d71f0566cd58a3900cf0619e1,bottom,10.312010764527153,14.267241379310343,45.64176245210728,0.10743968359014659,0.07885920571641566,0.028580477873730945,0.259467967339619
ahmedabad_ssp585_near_2030s_heatwave_extreme_2037,468b3e53a7f6a6177a4fa444d418ec938c50b48d71f0566cd58a3900cf0619e1,middle,14.507752476389864,16.281130268199234,38.42193486590038,0.11538905780990566,0.0880763558411794,0.027312701968726247,0.2865354147840511
ahmedabad_ssp585_near_2030s_heatwave_extreme_2037,468b3e53a7f6a6177a4fa444d418ec938c50b48d71f0566cd58a3900cf0619e1,top,12.273581067601878,14.222940613026818,32.57303639846743,0.10712505978632379,0.07847877832958762,0.028646281456736172,0.2515471798107209
ahmedabad_ssp585_near_2030s_hot_2037,468b3e53a7f6a6177a4fa444d418ec938c50b48d71f0566cd58a3900cf0619e1,bottom,10.312010764527153,14.267241379310343,45.64176245210728,0.10743968359014659,0.07885920571641566,0.028580477873730945,0.259467967339619
ahmedabad_ssp585_near_2030s_hot_2037,468b3e53a7f6a6177a4fa444d418ec938c50b48d71f0566cd58a3900cf0619e1,middle,14.507752476389864,16.281130268199234,38.42193486590038,0.11538905780990566,0.0880763558411794,0.027312701968726247,0.2865354147840511
ahmedabad_ssp585_near_2030s_hot_2037,468b3e53a7f6a6177a4fa444d418ec938c50b48d71f0566cd58a3900cf0619e1,top,12.273581067601878,14.222940613026818,32.57303639846743,0.10712505978632379,0.07847877832958762,0.028646281456736172,0.2515471798107209
ahmedabad_ssp585_near_2030s_typical_2031,0a6fae5b8c3feb580e078949424689e87e4b5cd03cf31a91e41a0ab2ddd61e09,bottom,12.114514292150016,15.43462643678161,39.91858237547893,0.11013673882281978,0.08133942170016069,0.02879731712265909,0.26749458009231286
ahmedabad_ssp585_near_2030s_typical_2031,0a6fae5b8c3feb580e078949424689e87e4b5cd03cf31a91e41a0ab2ddd61e09,middle,17.163149722645393,18.61949233716475,37.09889846743295,0.11898591963429744,0.0915027159384742,0.027483203695823237,0.295852192084851
ahmedabad_ssp585_near_2030s_typical_2031,0a6fae5b8c3feb580e078949424689e87e4b5cd03cf31a91e41a0ab2ddd61e09,top,13.979359240545858,15.609434865900381,30.64535440613027,0.11004396140439485,0.08152150347834528,0.028522457926049568,0.26101719937052403
beijing_ssp245_baseline_2020s_heatwave_extreme_2025,f41638845eb57abe1b03f2c9249b7264602f55f6ba371a3f2b4d46a7723fec53,bottom,3.3344623765369485,3.3979885057471266,7.309626436781609,0.09790765215117603,0.07420178841182425,0.02370586373935178,0.2238599409565847
beijing_ssp245_baseline_2020s_heatwave_extreme_2025,f41638845eb57abe1b03f2c9249b7264602f55f6ba371a3f2b4d46a7723fec53,middle,4.177931216279744,4.488745210727969,8.997844827586206,0.09178076255067812,0.06751371635491393,0.02426704619576421,0.1981851545010649
beijing_ssp245_baseline_2020s_heatwave_extreme_2025,f41638845eb57abe1b03f2c9249b7264602f55f6ba371a3f2b4d46a7723fec53,top,3.5737364740331503,3.9475574712643677,7.483237547892721,0.08577172976741676,0.05919702945845437,0.026574700308962383,0.13939664751736838
beijing_ssp245_baseline_2020s_hot_2025,f41638845eb57abe1b03f2c9249b7264602f55f6ba371a3f2b4d46a7723fec53,bottom,3.3344623765369485,3.3979885057471266,7.309626436781609,0.09790765215117603,0.07420178841182425,0.02370586373935178,0.2238599409565847
beijing_ssp245_baseline_2020s_hot_2025,f41638845eb57abe1b03f2c9249b7264602f55f6ba371a3f2b4d46a7723fec53,middle,4.177931216279744,4.488745210727969,8.997844827586206,0.09178076255067812,0.06751371635491393,0.02426704619576421,0.1981851545010649
beijing_ssp245_baseline_2020s_hot_2025,f41638845eb57abe1b03f2c9249b7264602f55f6ba371a3f2b4d46a7723fec53,top,3.5737364740331503,3.9475574712643677,7.483237547892721,0.08577172976741676,0.05919702945845437,0.026574700308962383,0.13939664751736838
beijing_ssp245_baseline_2020s_typical_2026,54cffa022e03e1253d0a64acfde9cb2ad01163e0a6efbb9a5a4b071dd9ec70d6,bottom,0.4387067467076347,0.3963122605363985,1.5385536398467432,0.09075965768606031,0.06607508701763792,0.024684570668422386,0.18004037657294852
beijing_ssp245_baseline_2020s_typical_2026,54cffa022e03e1253d0a64acfde9cb2ad01163e0a6efbb9a5a4b071dd9ec70d6,middle,1.183870286477675,1.533764367816092,5.657327586206897,0.08207277120803043,0.056847138190455185,0.02522563301757525,0.14488299677127986
beijing_ssp245_baseline_2020s_typical_2026,54cffa022e03e1253d0a64acfde9cb2ad01163e0a6efbb9a5a4b071dd9ec70d6,top,1.1306662982970626,1.3996647509578544,4.561781609195402,0.07771096260907585,0.05006628591794537,0.02764467669113048,0.09001513364222109
beijing_ssp245_late_2080s_heatwave_extreme_2084,55f30099243d212003ebe7a5c04fff9306df81159d60e512cd78ea7a2a5a6558,bottom,9.922782847618157,9.916187739463602,14.756944444444445,0.11389068349078446,0.0912611464743632,0.022629537016421248,0.2788349972654213
beijing_ssp245_late_2080s_heatwave_extreme_2084,55f30099243d212003ebe7a5c04fff9306df81159d60e512cd78ea7a2a5a6558,middle,10.670814505925277,10.942289272030651,15.146072796934865,0.11037853998740083,0.0877545333591306,0.02262400662827023,0.2713452014488866
beijing_ssp245_late_2080s_heatwave_extreme_2084,55f30099243d212003ebe7a5c04fff9306df81159d60e512cd78ea7a2a5a6558,top,9.997938230690362,10.276580459770116,13.469827586206899,0.10346727662318697,0.07882361621629454,0.024643660406892424,0.218482333170651
beijing_ssp245_late_2080s_hot_2084,55f30099243d212003ebe7a5c04fff9306df81159d60e512cd78ea7a2a5a6558,bottom,9.922782847618157,9.916187739463602,14.756944444444445,0.11389068349078446,0.0912611464743632,0.022629537016421248,0.2788349972654213
beijing_ssp245_late_2080s_hot_2084,55f30099243d212003ebe7a5c04fff9306df81159d60e512cd78ea7a2a5a6558,middle,10.670814505925277,10.942289272030651,15.146072796934865,0.11037853998740083,0.0877545333591306,0.02262400662827023,0.2713452014488866
beijing_ssp245_late_2080s_hot_2084,55f30099243d212003ebe7a5c04fff9306df81159d60e512cd78ea7a2a5a6558,top,9.997938230690362,10.276580459770116,13.469827586206899,0.10346727662318697,0.07882361621629454,0.024643660406892424,0.218482333170651
beijing_ssp245_late_2080s_typical_2083,f5c8c4568aa865e644f6e3976364a74ea604558cc4b44d33ab5b322ba97ef3ec,bottom,9.926467091584822,10.176005747126435,16.648706896551722,0.11167520020108881,0.08938129606916394,0.02229390413192487,0.2708534510147763
beijing_ssp245_late_2080s_typical_2083,f5c8c4568aa865e644f6e3976364a74ea604558cc4b44d33ab5b322ba97ef3ec,middle,10.948395707060273,11.229645593869732,16.45713601532567,0.10842336227334355,0.0858917340561417,0.022531628217201848,0.25778317648564797
beijing_ssp245_late_2080s_typical_2083,f5c8c4568aa865e644f6e3976364a74ea604558cc4b44d33ab5b322ba97ef3ec,top,9.470347638345258,10.035919540229884,14.439655172413794,0.10073903621968823,0.0759145255957725,0.024824510623915733,0.19649753529651262
beijing_ssp245_mid_2050s_heatwave_extreme_2050,b393995a38e165e399eee3579acd4bb70ad4eacaf3d784d63c4f12dd1252b11f,bottom,7.207923365845232,7.631704980842911,13.523706896551724,0.10618662831353869,0.08319767115566701,0.022988957157871658,0.256358273775248
beijing_ssp245_mid_2050s_heatwave_extreme_2050,b393995a38e165e399eee3579acd4bb70ad4eacaf3d784d63c4f12dd1252b11f,middle,8.141733397465217,8.56800766283525,13.721264367816092,0.10291328525174771,0.07965382300135175,0.023259462250395973,0.24411495318451462
beijing_ssp245_mid_2050s_heatwave_extreme_2050,b393995a38e165e399eee3579acd4bb70ad4eacaf3d784d63c4f12dd1252b11f,top,7.2853223368419915,7.709530651340995,11.33860153256705,0.09622118381419643,0.07090806451919733,0.025313119294999114,0.19040050682521745
beijing_ssp245_mid_2050s_hot_2050,b393995a38e165e399eee3579acd4bb70ad4eacaf3d784d63c4f12dd1252b11f,bottom,7.207923365845232,7.631704980842911,13.523706896551724,0.10618662831353869,0.08319767115566701,0.022988957157871658,0.256358273775248
beijing_ssp245_mid_2050s_hot_2050,b393995a38e165e399eee3579acd4bb70ad4eacaf3d784d63c4f12dd1252b11f,middle,8.141733397465217,8.56800766283525,13.721264367816092,0.10291328525174771,0.07965382300135175,0.023259462250395973,0.24411495318451462
beijing_ssp245_mid_2050s_hot_2050,b393995a38e165e399eee3579acd4bb70ad4eacaf3d784d63c4f12dd1252b11f,top,7.2853223368419915,7.709530651340995,11.33860153256705,0.09622118381419643,0.07090806451919733,0.025313119294999114,0.19040050682521745
beijing_ssp245_mid_2050s_typical_2056,2cb806956e74805c11ec3ff09283a73fe7afa607e7976ec3036dd46a2fcd01a7,bottom,3.6254421294628476,3.560823754789272,8.662595785440613,0.09789963326560262,0.07468725713057318,0.023212376135029442,0.21639447882048193
beijing_ssp245_mid_2050s_typical_2056,2cb806956e74805c11ec3ff09283a73fe7afa607e7976ec3036dd46a2fcd01a7,middle,3.927376311548172,4.325909961685824,9.883860153256704,0.0907138263143451,0.06704264990332316,0.023671176411021937,0.1878351801969748
beijing_ssp245_mid_2050s_typical_2056,2cb806956e74805c11ec3ff09283a73fe7afa607e7976ec3036dd46a2fcd01a7,top,3.493404245866304,3.878113026819923,8.159722222222223,0.08482469386582771,0.05863562276863821,0.026189071097189515,0.12923967053055072
beijing_ssp245_near_2030s_heatwave_extreme_2039,d04f212755242b6a78c5565d142d684c87b263be6ce0094b814f2f49b68bc710,bottom,0.615381860878103,0.3795498084291188,1.628352490421456,0.08948233745254908,0.06388146401953718,0.025600873433011893,0.1735382834457403
beijing_ssp245_near_2030s_heatwave_extreme_2039,d04f212755242b6a78c5565d142d684c87b263be6ce0094b814f2f49b68bc710,middle,1.1345005738025054,1.5205938697318007,6.417624521072797,0.08159762267984501,0.0555425095486263,0.026055113131218704,0.13583921799252002
beijing_ssp245_near_2030s_heatwave_extreme_2039,d04f212755242b6a78c5565d142d684c87b263be6ce0094b814f2f49b68bc710,top,0.8473881883937251,1.1685823754789273,4.597701149425287,0.07781955616878834,0.049012589301369286,0.028806966867419057,0.08223208525816506
beijing_ssp245_near_2030s_hot_2034,ad1141d1413227533fd44aa8c3312c7131ff62d58571a016015c68c60950b7c3,bottom,2.127227904185513,1.7768199233716475,6.17816091954023,0.09444886946708919,0.07032628374320063,0.024122585723888586,0.20170165549531385
beijing_ssp245_near_2030s_hot_2034,ad1141d1413227533fd44aa8c3312c7131ff62d58571a016015c68c60950b7c3,middle,2.3018534404606674,2.6293103448275863,7.112068965517242,0.08750148322798873,0.06294431583883842,0.02455716738915032,0.175363464344716
beijing_ssp245_near_2030s_hot_2034,ad1141d1413227533fd44aa8c3312c7131ff62d58571a016015c68c60950b7c3,top,1.9338572933570992,2.3132183908045976,5.543582375478928,0.08156771831022173,0.054615789708966626,0.026951928601255094,0.11504721562148035
beijing_ssp245_near_2030s_typical_2035,8fe7934ec102258594e94bbfefff8d5650e9cdf066a9477a48575c1097b36bcb,bottom,2.4225952685419485,1.895354406130268,6.609195402298851,0.09541266851023536,0.07042151361735792,0.024991154892877433,0.1971120142148965
beijing_ssp245_near_2030s_typical_2035,8fe7934ec102258594e94bbfefff8d5650e9cdf066a9477a48575c1097b36bcb,middle,2.7626644974341126,3.1082375478927204,10.069444444444445,0.08776020309576757,0.06211054905582085,0.025649654039946724,0.15993978199803477
beijing_ssp245_near_2030s_typical_2035,8fe7934ec102258594e94bbfefff8d5650e9cdf066a9477a48575c1097b36bcb,top,2.1162120853791553,2.5107758620689657,6.998323754789272,0.08248002621997289,0.05398323785565925,0.02849678836431364,0.09820081091519223
beijing_ssp585_baseline_2020s_heatwave_extreme_2029,58f8a9567baf58e59925e26cba77c89cb785f88a864fd780e00073be06b4adcc,bottom,3.328008893540862,2.957375478927203,8.435105363984674,0.09853628262054608,0.0744585168632447,0.02407776575730139,0.21120734356655635
beijing_ssp585_baseline_2020s_heatwave_extreme_2029,58f8a9567baf58e59925e26cba77c89cb785f88a864fd780e00073be06b4adcc,middle,3.7273734199263755,4.2828065134099615,10.1352969348659,0.09084147477297412,0.06628815623508712,0.024553318537887007,0.18016797610487892
beijing_ssp585_baseline_2020s_heatwave_extreme_2029,58f8a9567baf58e59925e26cba77c89cb785f88a864fd780e00073be06b4adcc,top,2.98796190622953,3.556034482758621,7.680795019157088,0.08494236765912301,0.05765588075199898,0.027286486907124034,0.11884669124221774
beijing_ssp585_baseline_2020s_hot_2029,58f8a9567baf58e59925e26cba77c89cb785f88a864fd780e00073be06b4adcc,bottom,3.328008893540862,2.957375478927203,8.435105363984674,0.09853628262054608,0.0744585168632447,0.02407776575730139,0.21120734356655635
beijing_ssp585_baseline_2020s_hot_2029,58f8a9567baf58e59925e26cba77c89cb785f88a864fd780e00073be06b4adcc,middle,3.7273734199263755,4.2828065134099615,10.1352969348659,0.09084147477297412,0.06628815623508712,0.024553318537887007,0.18016797610487892
beijing_ssp585_baseline_2020s_hot_2029,58f8a9567baf58e59925e26cba77c89cb785f88a864fd780e00073be06b4adcc,top,2.98796190622953,3.556034482758621,7.680795019157088,0.08494236765912301,0.05765588075199898,0.027286486907124034,0.11884669124221774
beijing_ssp585_baseline_2020s_typical_2026,0939cce69c6d5b0d4971a5b6657ac75d6d882f002b8629dd389b7b59b340db93,bottom,1.4030940494524253,0.5998563218390804,2.885536398467433,0.09099750676734976,0.06592846684895924,0.025069039918390528,0.17982569626968878
beijing_ssp585_baseline_2020s_typical_2026,0939cce69c6d5b0d4971a5b6657ac75d6d882f002b8629dd389b7b59b340db93,middle,0.7865538239738685,1.0883620689655171,4.998802681992337,0.08072552037688506,0.055111810565797954,0.02561370981108712,0.1376433714298649
beijing_ssp585_baseline_2020s_typical_2026,0939cce69c6d5b0d4971a5b6657ac75d6d882f002b8629dd389b7b59b340db93,top,0.6390538240892218,0.9183429118773947,4.250478927203065,0.07656747696960478,0.04841258547631156,0.028154891493293224,0.08211955541077023
beijing_ssp585_late_2080s_heatwave_extreme_2089,61a3c8e04f2499057d092e367281edcab4ae3400a9e703a52630fb76273f2fd6,bottom,11.877228022422766,12.310823754789272,20.977011494252874,0.11758336088484392,0.09497389156720032,0.02260946931764362,0.29391591135962736
beijing_ssp585_late_2080s_heatwave_extreme_2089,61a3c8e04f2499057d092e367281edcab4ae3400a9e703a52630fb76273f2fd6,middle,13.20158720015869,13.430316091954023,19.169061302681992,0.1154344760206527,0.09293899033056499,0.02249548569008771,0.2879727938347952
beijing_ssp585_late_2080s_heatwave_extreme_2089,61a3c8e04f2499057d092e367281edcab4ae3400a9e703a52630fb76273f2fd6,top,11.424952541585311,11.81154214559387,16.51700191570881,0.10666627858359705,0.0819256964615369,0.024740582122060165,0.22729589518327944
beijing_ssp585_late_2080s_hot_2089,61a3c8e04f2499057d092e367281edcab4ae3400a9e703a52630fb76273f2fd6,bottom,11.877228022422766,12.310823754789272,20.977011494252874,0.11758336088484392,0.09497389156720032,0.02260946931764362,0.29391591135962736
beijing_ssp585_late_2080s_hot_2089,61a3c8e04f2499057d092e367281edcab4ae3400a9e703a52630fb76273f2fd6,middle,13.20158720015869,13.430316091954023,19.169061302681992,0.1154344760206527,0.09293899033056499,0.02249548569008771,0.2879727938347952
beijing_ssp585_late_2080s_hot_2089,61a3c8e04f2499057d092e367281edcab4ae3400a9e703a52630fb76273f2fd6,top,11.424952541585311,11.81154214559387,16.51700191570881,0.10666627858359705,0.0819256964615369,0.024740582122060165,0.22729589518327944
beijing_ssp585_late_2080s_typical_2084,9c93ef095f0db77ee081e760098184fea71d19d2b1ef09aef7508e6103bde1d9,bottom,10.021223219233343,10.3125,16.433189655172413,0.11270669627812929,0.0893279562174979,0.0233787400606314,0.2741162873524206
beijing_ssp585_late_2080s_typical_2084,9c93ef095f0db77ee081e760098184fea71d19d2b1ef09aef7508e6103bde1d9,middle,11.153485179727433,11.391283524904216,16.606800766283524,0.11001449402761754,0.08665394228061243,0.023360551747005073,0.2654097729093465
beijing_ssp585_late_2080s_typical_2084,9c93ef095f0db77ee081e760098184fea71d19d2b1ef09aef7508e6103bde1d9,top,9.7644025331449,10.154454022988507,13.823036398467433,0.1034263352232277,0.07790300740818897,0.02552332781503874,0.21191770668587928
beijing_ssp585_mid_2050s_heatwave_extreme_2052,204f80e6a8df47f44a0c247f08bceee9df2e50e5268535262466eb452e1e3d9e,bottom,8.597690743105101,9.122365900383143,15.104166666666666,0.11112675864146503,0.08809692924159196,0.023029829399873074,0.2582888406998777
beijing_ssp585_mid_2050s_heatwave_extreme_2052,204f80e6a8df47f44a0c247f08bceee9df2e50e5268535262466eb452e1e3d9e,middle,10.659526128621872,10.9375,17.44492337164751,0.10896087983560007,0.08565122298560317,0.023309656849996918,0.24380724464389703
beijing_ssp585_mid_2050s_heatwave_extreme_2052,204f80e6a8df47f44a0c247f08bceee9df2e50e5268535262466eb452e1e3d9e,top,9.118812928605715,9.528256704980844,14.39176245210728,0.10140444847300314,0.07564880133821901,0.025755647134784128,0.1812219562022525
beijing_ssp585_mid_2050s_hot_2052,204f80e6a8df47f44a0c247f08bceee9df2e50e5268535262466eb452e1e3d9e,bottom,8.597690743105101,9.122365900383143,15.104166666666666,0.11112675864146503,0.08809692924159196,0.023029829399873074,0.2582888406998777
beijing_ssp585_mid_2050s_hot_2052,204f80e6a8df47f44a0c247f08bceee9df2e50e5268535262466eb452e1e3d9e,middle,10.659526128621872,10.9375,17.44492337164751,0.10896087983560007,0.08565122298560317,0.023309656849996918,0.24380724464389703
beijing_ssp585_mid_2050s_hot_2052,204f80e6a8df47f44a0c247f08bceee9df2e50e5268535262466eb452e1e3d9e,top,9.118812928605715,9.528256704980844,14.39176245210728,0.10140444847300314,0.07564880133821901,0.025755647134784128,0.1812219562022525
beijing_ssp585_mid_2050s_typical_2053,0c7d7c60b501fa25cbf91227b2fdc9c621da5a5ee23fb8dd3b134f7056eefbc3,bottom,2.549078776936782,2.0402298850574714,7.189894636015326,0.09421205168456886,0.07045081111820771,0.023761240566361166,0.20525144475166798
beijing_ssp585_mid_2050s_typical_2053,0c7d7c60b501fa25cbf91227b2fdc9c621da5a5ee23fb8dd3b134f7056eefbc3,middle,2.71652684332858,3.0196360153256703,7.028256704980842,0.08889434337516705,0.06466143721060294,0.02423290616456412,0.18523684015636138
beijing_ssp585_mid_2050s_typical_2053,0c7d7c60b501fa25cbf91227b2fdc9c621da5a5ee23fb8dd3b134f7056eefbc3,top,2.265128336848498,2.551484674329502,5.352011494252873,0.08260858050347904,0.0560606893023591,0.026547891201119948,0.12864874564492287
beijing_ssp585_near_2030s_heatwave_extreme_2030,e36ac931bb17e3c18269c1148acb960f6fd0e2e89592aead766563921d6eaa53,bottom,3.7626929421449775,3.514128352490421,9.063697318007662,0.10086334669399209,0.07667922072725165,0.02418412596674042,0.21527432624142376
beijing_ssp585_near_2030s_heatwave_extreme_2030,e36ac931bb17e3c18269c1148acb960f6fd0e2e89592aead766563921d6eaa53,middle,4.963771507269814,5.596264367816092,13.769157088122604,0.09427228307465624,0.06977123043398556,0.024501052640670668,0.1852841492266149
beijing_ssp585_near_2030s_heatwave_extreme_2030,e36ac931bb17e3c18269c1148acb960f6fd0e2e89592aead766563921d6eaa53,top,4.149492957996844,4.785680076628353,10.668103448275861,0.08843031039012025,0.060965885936596936,0.027464424453523317,0.11929934324346281
beijing_ssp585_near_2030s_hot_2037,efcdb6ebcbd3e1d095186785e5688e0c61c84315b888e1b0409f46597f49bc70,bottom,4.460114694345858,3.9080459770114944,11.66786398467433,0.10118638229370482,0.07621655555411395,0.024969826739590858,0.21735353673574664
beijing_ssp585_near_2030s_hot_2037,efcdb6ebcbd3e1d095186785e5688e0c61c84315b888e1b0409f46597f49bc70,middle,4.272124996017422,4.901819923371647,12.134818007662835,0.09229863528025059,0.06679774895392568,0.025500886326324915,0.1759692337975799
beijing_ssp585_near_2030s_hot_2037,efcdb6ebcbd3e1d095186785e5688e0c61c84315b888e1b0409f46597f49bc70,top,3.652272649487821,4.2828065134099615,9.369013409961687,0.08686087974161973,0.05856538777793317,0.028295491963686557,0.11483583651199882
beijing_ssp585_near_2030s_typical_2032,f28931732478f78b2961cf836058a68d97508d71445ae52a600249d93e66b240,bottom,3.157180539437799,2.616139846743295,8.291427203065133,0.0957068592782068,0.07200685139524715,0.02370000788295964,0.21487027564770336
beijing_ssp585_near_2030s_typical_2032,f28931732478f78b2961cf836058a68d97508d71445ae52a600249d93e66b240,middle,2.951355039870409,3.279454022988506,8.42911877394636,0.08902266479478561,0.0648989839862775,0.02412368080850813,0.19160507044657277
beijing_ssp585_near_2030s_typical_2032,f28931732478f78b2961cf836058a68d97508d71445ae52a600249d93e66b240,top,2.562573612783447,2.978927203065134,7.004310344827585,0.08259000960733467,0.05622240592521561,0.02636760368211908,0.1330340529154418
guangzhou_ssp245_baseline_2020s_heatwave_extreme_2028,9c553c0c0eb09f2143c1c94ed6604305f7782f6cad7710174ec18a6c25651446,bottom,4.228085764769973,6.076388888888888,20.234674329501914,0.08693958360969556,0.05659081049035106,0.0303487731193445,0.1883985230683401
guangzhou_ssp245_baseline_2020s_heatwave_extreme_2028,9c553c0c0eb09f2143c1c94ed6604305f7782f6cad7710174ec18a6c25651446,middle,6.755511479591453,7.382662835249041,15.074233716475097,0.08943691794099018,0.05959598137111345,0.029840936569876738,0.19788136344854282
guangzhou_ssp245_baseline_2020s_heatwave_extreme_2028,9c553c0c0eb09f2143c1c94ed6604305f7782f6cad7710174ec18a6c25651446,top,5.81673328441887,6.4080459770114935,11.58405172413793,0.08433618124438573,0.05324223180786023,0.031093949436525496,0.16648313602417422
guangzhou_ssp245_baseline_2020s_hot_2027,99de4fae1e68e1e3c39f4d2ea5f8467499c115b8cf6e9645bcb957b4408a730d,bottom,3.0842020916435384,4.300766283524904,17.385057471264368,0.08164302641054277,0.05183913198607808,0.029803894424464693,0.17093274881689086
guangzhou_ssp245_baseline_2020s_hot_2027,99de4fae1e68e1e3c39f4d2ea5f8467499c115b8cf6e9645bcb957b4408a730d,middle,4.377959593797243,5.06345785440613,12.757423371647509,0.08327793273425772,0.05389713298586562,0.029380799748392104,0.1767350322289782
guangzhou_ssp245_baseline_2020s_hot_2027,99de4fae1e68e1e3c39f4d2ea5f8467499c115b8cf6e9645bcb957b4408a730d,top,4.160555819368822,4.691091954022989,9.788074712643677,0.07934465717809962,0.048645428373463535,0.030699228804636092,0.15008047134100425
guangzhou_ssp245_baseline_2020s_typical_2025,2cd5200d476b5b5a613e84e866cda2cbcef1d13949a5ce85a2ec03d437970af0,bottom,5.542484679566546,7.448515325670497,20.965038314176248,0.09006051138484689,0.06032624418904984,0.029734267195797043,0.205661132040122
guangzhou_ssp245_baseline_2020s_typical_2025,2cd5200d476b5b5a613e84e866cda2cbcef1d13949a5ce85a2ec03d437970af0,middle,8.263448231624032,9.137931034482758,16.93007662835249,0.09294250113290092,0.0636641513116452,0.02927834982125573,0.21438121448524083
guangzhou_ssp245_baseline_2020s_typical_2025,2cd5200d476b5b5a613e84e866cda2cbcef1d13949a5ce85a2ec03d437970af0,top,6.76195090388977,7.522749042145593,12.577825670498086,0.08742556728215327,0.0570158453163193,0.030409721965833962,0.18367906761251176
guangzhou_ssp245_late_2080s_heatwave_extreme_2088,ff1b7160ac7fec1df402839ac95fbcd585ec085df863f19f848a0fd6eda3678e,bottom,15.63965900416594,18.777538314176244,37.81130268199234,0.11931936312267583,0.09276771370990464,0.026551649412771203,0.3105517336835218
guangzhou_ssp245_late_2080s_heatwave_extreme_2088,ff1b7160ac7fec1df402839ac95fbcd585ec085df863f19f848a0fd6eda3678e,middle,21.9340042103536,22.88314176245211,35.0514846743295,0.1315127957652868,0.10590930626633073,0.025603489498956043,0.34940046008681547
guangzhou_ssp245_late_2080s_heatwave_extreme_2088,ff1b7160ac7fec1df402839ac95fbcd585ec085df863f19f848a0fd6eda3678e,top,18.310545294523,19.41810344827586,28.400383141762454,0.1208494340251418,0.093918442872802,0.026930991152339788,0.3022740890005161
guangzhou_ssp245_late_2080s_hot_2083,ea7e8ffffb5f046d4e4157ebb17450248249b2a3a65ad812f96f047eee2734db,bottom,10.844021123067952,14.051724137931036,35.06345785440613,0.10816713309683726,0.08072885967439415,0.02743827342244307,0.27846769207912847
guangzhou_ssp245_late_2080s_hot_2083,ea7e8ffffb5f046d4e4157ebb17450248249b2a3a65ad812f96f047eee2734db,middle,17.973507841829147,19.273227969348657,33.24353448275862,0.1201221202132049,0.09366894435248771,0.026453175860717194,0.31600172093478945
guangzhou_ssp245_late_2080s_hot_2083,ea7e8ffffb5f046d4e4157ebb17450248249b2a3a65ad812f96f047eee2734db,top,14.89467278422753,16.247605363984675,25.97581417624521,0.11067348987276794,0.08304462373278533,0.027628866139982607,0.2757779000212033
guangzhou_ssp245_late_2080s_typical_2084,b4c4081e07459d2c526eaec675765586a4481bdfcaa3510b770e25bf55473d44,bottom,6.626238437175287,9.455220306513409,29.561781609195403,0.09610885963729117,0.06736065331772925,0.028748206319561927,0.2254050382118243
guangzhou_ssp245_late_2080s_typical_2084,b4c4081e07459d2c526eaec675765586a4481bdfcaa3510b770e25bf55473d44,middle,10.398579178689666,11.594827586206897,22.743055555555554,0.10184642928961671,0.07391317097382631,0.027933258315790407,0.24656702842870978
guangzhou_ssp245_late_2080s_typical_2084,b4c4081e07459d2c526eaec675765586a4481bdfcaa3510b770e25bf55473d44,top,8.528298272584877,9.620450191570882,17.007902298850574,0.0940089969458994,0.06449394331945923,0.029515053626440156,0.20685075805475286
guangzhou_ssp245_mid_2050s_heatwave_extreme_2055,814dbb88edd6e8df74122c70abbba78bb29d71defd49b6d59b82388acdd6d516,bottom,9.102230081769655,11.704980842911878,27.400622605363985,0.09967004342321385,0.07113711623771884,0.02853292718549501,0.24456007195345325
guangzhou_ssp245_mid_2050s_heatwave_extreme_2055,814dbb88edd6e8df74122c70abbba78bb29d71defd49b6d59b82388acdd6d516,middle,12.926713271639095,13.842193486590038,24.94013409961686,0.10575928250433171,0.07806022165939501,0.027699060844936712,0.26240803900361753
guangzhou_ssp245_mid_2050s_heatwave_extreme_2055,814dbb88edd6e8df74122c70abbba78bb29d71defd49b6d59b82388acdd6d516,top,10.990457240010759,11.910919540229886,19.402538314176248,0.09889196110711394,0.06999646077014189,0.02889550033697205,0.2284195126991147
guangzhou_ssp245_mid_2050s_hot_2051,734e1a85d1bc907a2c1a472f8b4008c184d1e4b6233be292e45479a0c8a06b52,bottom,8.08512569041039,10.501676245210728,27.203065134099617,0.0987778809709918,0.07039233300241014,0.02838554796858165,0.23569915332753844
guangzhou_ssp245_mid_2050s_hot_2051,734e1a85d1bc907a2c1a472f8b4008c184d1e4b6233be292e45479a0c8a06b52,middle,12.75267596569786,13.760775862068966,22.569444444444446,0.10672389353260166,0.0790688180740958,0.027655075458505863,0.26039910010436595
guangzhou_ssp245_mid_2050s_hot_2051,734e1a85d1bc907a2c1a472f8b4008c184d1e4b6233be292e45479a0c8a06b52,top,10.480443372338243,11.536159003831417,17.337164750957854,0.09902361317656083,0.07000856309361636,0.02901505008294446,0.22251529165535341
guangzhou_ssp245_mid_2050s_typical_2054,8ff5ffceea572cd3eddb1b57a6867499ceb35c18760694510d7a2bc5438932b5,bottom,5.810614794957107,8.42911877394636,28.31058429118774,0.09396413035984075,0.06613155410852938,0.02783257625131137,0.2205006503204016
guangzhou_ssp245_mid_2050s_typical_2054,8ff5ffceea572cd3eddb1b57a6867499ceb35c18760694510d7a2bc5438932b5,middle,10.51728920051153,11.52897509578544,21.964798850574713,0.10101795132958773,0.07383470754061744,0.027183243788970277,0.24387631752425945
guangzhou_ssp245_mid_2050s_typical_2054,8ff5ffceea572cd3eddb1b57a6867499ceb35c18760694510d7a2bc5438932b5,top,9.009239726561184,9.970067049808428,16.582854406130267,0.09418686375862671,0.06540138801320364,0.028785475745423096,0.20667683925401684
guangzhou_ssp245_near_2030s_heatwave_extreme_2034,8878132b585c77202c9ad0cef0f5d98b3ea8605fad648e67a69a137b51e4fa6c,bottom,4.043047708062556,5.560344827586207,19.061302681992338,0.08628067234268422,0.0558547903246637,0.030425882018020517,0.1877530109741341
guangzhou_ssp245_near_2030s_heatwave_extreme_2034,8878132b585c77202c9ad0cef0f5d98b3ea8605fad648e67a69a137b51e4fa6c,middle,6.9770103363929445,7.598180076628353,14.828783524904216,0.08965857561965962,0.0597543507646143,0.029904224855045312,0.1987522572242618
guangzhou_ssp245_near_2030s_heatwave_extreme_2034,8878132b585c77202c9ad0cef0f5d98b3ea8605fad648e67a69a137b51e4fa6c,top,6.148222814492809,6.738505747126437,11.458333333333332,0.0852037152270771,0.05424694357516509,0.030956771651911998,0.17210786702605202
guangzhou_ssp245_near_2030s_hot_2038,5bdb46fa0b1a2034ca47effeb9c04bee5752b8bc75218e1219ee27a4785db683,bottom,6.113312580619061,8.279454022988505,24.1977969348659,0.09327409455147095,0.06465996558223368,0.028614128969237287,0.2213075724757025
guangzhou_ssp245_near_2030s_hot_2038,5bdb46fa0b1a2034ca47effeb9c04bee5752b8bc75218e1219ee27a4785db683,middle,11.6797130516832,12.672413793103448,22.186302681992338,0.10225351614804794,0.07438987613047118,0.02786364001757676,0.24791589733101155
guangzhou_ssp245_near_2030s_hot_2038,5bdb46fa0b1a2034ca47effeb9c04bee5752b8bc75218e1219ee27a4785db683,top,10.101451845611999,11.01412835249042,17.151580459770116,0.09631978782593205,0.06723509523939845,0.029084692586533605,0.21635614433406677
guangzhou_ssp245_near_2030s_typical_2031,4b8eaaf49e55af805cb15c622ff7ee932bf753ba56bcbf353ced197db6cc0186,bottom,4.353995786439574,5.993773946360154,20.246647509578544,0.08686704665964304,0.05641551106847641,0.030451535591166624,0.18361423659346393
guangzhou_ssp245_near_2030s_typical_2031,4b8eaaf49e55af805cb15c622ff7ee932bf753ba56bcbf353ced197db6cc0186,middle,6.659227964549958,7.188697318007662,14.679118773946358,0.0888190305053127,0.05896630616165524,0.02985272434365746,0.1916809658972951
guangzhou_ssp245_near_2030s_typical_2031,4b8eaaf49e55af805cb15c622ff7ee932bf753ba56bcbf353ced197db6cc0186,top,5.315055215182225,5.791427203065134,10.530411877394636,0.08324828841841753,0.05204675587317603,0.031201532545241488,0.15922744788882784
guangzhou_ssp585_baseline_2020s_heatwave_extreme_2026,f79cde6490e472796c9f94a820bc3addd0cfcd0189aa8d6a7011295ca14ed164,bottom,6.406611874485423,8.123802681992338,23.443486590038315,0.09220027731508852,0.06269040216288269,0.02950987515220583,0.21294077962813918
guangzhou_ssp585_baseline_2020s_heatwave_extreme_2026,f79cde6490e472796c9f94a820bc3addd0cfcd0189aa8d6a7011295ca14ed164,middle,9.399433980678255,10.216714559386974,18.39080459770115,0.09612622182571662,0.06731634997305437,0.028809871852662244,0.2278664366829205
guangzhou_ssp585_baseline_2020s_heatwave_extreme_2026,f79cde6490e472796c9f94a820bc3addd0cfcd0189aa8d6a7011295ca14ed164,top,7.794480858922931,8.46743295019157,13.350095785440613,0.0903643042701581,0.060155375953520995,0.0302089283166371,0.19274896030369096
guangzhou_ssp585_baseline_2020s_hot_2028,03fc7a26479d5f883176694bb214b37f7910a1ae373e3737c2ba024246896975,bottom,4.71333530841455,6.538553639846743,20.88721264367816,0.08899628952705463,0.05933722190375421,0.029659067623300412,0.19708791826357705
guangzhou_ssp585_baseline_2020s_hot_2028,03fc7a26479d5f883176694bb214b37f7910a1ae373e3737c2ba024246896975,middle,8.271216166813776,8.922413793103448,17.12763409961686,0.09405872310747233,0.06504989563711898,0.029008827470353358,0.21407520433665192
guangzhou_ssp585_baseline_2020s_hot_2028,03fc7a26479d5f883176694bb214b37f7910a1ae373e3737c2ba024246896975,top,6.8430416889212236,7.455699233716476,12.164750957854405,0.08792906874519689,0.057542472610031196,0.0303865961351657,0.1796446204101278
guangzhou_ssp585_baseline_2020s_typical_2025,605b7f297317456119025d97f2317012fcdb0384c3a0d521acacd031bcda85b7,bottom,3.9778476133135654,5.586685823754789,20.545977011494255,0.08637254150325548,0.056558428778416395,0.029814112724839067,0.18479737863174825
guangzhou_ssp585_baseline_2020s_typical_2025,605b7f297317456119025d97f2317012fcdb0384c3a0d521acacd031bcda85b7,middle,6.084187572974015,6.969588122605364,16.78639846743295,0.0884135829071559,0.059083722380301,0.029329860526854913,0.19219418135730315
guangzhou_ssp585_baseline_2020s_typical_2025,605b7f297317456119025d97f2317012fcdb0384c3a0d521acacd031bcda85b7,top,5.651893394847158,6.307471264367816,12.82926245210728,0.08416085938371931,0.05316648308632503,0.03099437629739429,0.16043625431714173
guangzhou_ssp585_late_2080s_heatwave_extreme_2086,313a0feb003c90b5a00ec6354356ea1890cf9ec43500ecfac0719f74b7d0b9be,bottom,33.979971356246814,36.33620689655173,53.17289272030651,0.16756790394566187,0.1441681741065791,0.02339972983908284,0.4633197153622959
guangzhou_ssp585_late_2080s_heatwave_extreme_2086,313a0feb003c90b5a00ec6354356ea1890cf9ec43500ecfac0719f74b7d0b9be,middle,39.23900345386589,39.428879310344826,51.21527777777778,0.17815640799062252,0.15598133773593048,0.022175070254692047,0.5099821355107509
guangzhou_ssp585_late_2080s_heatwave_extreme_2086,313a0feb003c90b5a00ec6354356ea1890cf9ec43500ecfac0719f74b7d0b9be,top,36.35928414800877,36.51580459770115,46.68941570881226,0.16789057038799038,0.1445702841425645,0.023320286245425877,0.46576589605371665
guangzhou_ssp585_late_2080s_hot_2086,313a0feb003c90b5a00ec6354356ea1890cf9ec43500ecfac0719f74b7d0b9be,bottom,33.979971356246814,36.33620689655173,53.17289272030651,0.16756790394566187,0.1441681741065791,0.02339972983908284,0.4633197153622959
guangzhou_ssp585_late_2080s_hot_2086,313a0feb003c90b5a00ec6354356ea1890cf9ec43500ecfac0719f74b7d0b9be,middle,39.23900345386589,39.428879310344826,51.21527777777778,0.17815640799062252,0.15598133773593048,0.022175070254692047,0.5099821355107509
guangzhou_ssp585_late_2080s_hot_2086,313a0feb003c90b5a00ec6354356ea1890cf9ec43500ecfac0719f74b7d0b9be,top,36.35928414800877,36.51580459770115,46.68941570881226,0.16789057038799038,0.1445702841425645,0.023320286245425877,0.46576589605371665
guangzhou_ssp585_late_2080s_typical_2087,4b2a940257667b0ecd917354226e45fde55e957c254dd59e3f220f3765daf614,bottom,15.528602068787409,19.034961685823752,43.95354406130268,0.11913459750759911,0.09290116859773492,0.026233428909864177,0.3148156036554421
guangzhou_ssp585_late_2080s_typical_2087,4b2a940257667b0ecd917354226e45fde55e957c254dd59e3f220f3765daf614,middle,23.899416863673,24.481561302681992,42.53472222222222,0.13438297390540857,0.10910890008271562,0.025274073822692946,0.36110592767874566
guangzhou_ssp585_late_2080s_typical_2087,4b2a940257667b0ecd917354226e45fde55e957c254dd59e3f220f3765daf614,top,18.771773750628476,19.862308429118773,33.423132183908045,0.1198273825632682,0.09323387997103151,0.026593502592236713,0.3064607352268141
guangzhou_ssp585_mid_2050s_heatwave_extreme_2059,95be191c078c5d563953e053d8d123c8e9ee2dde0cbc497fa2da8ebc1a41d573,bottom,9.939775307230562,13.007662835249043,34.24928160919541,0.10536481883548983,0.07722944886224818,0.028135369973241627,0.26161637858772796
guangzhou_ssp585_mid_2050s_heatwave_extreme_2059,95be191c078c5d563953e053d8d123c8e9ee2dde0cbc497fa2da8ebc1a41d573,middle,16.44298157421794,17.393438697318008,30.232279693486593,0.11576797845899654,0.08862340814431491,0.027144570314681635,0.29655554408719953
guangzhou_ssp585_mid_2050s_heatwave_extreme_2059,95be191c078c5d563953e053d8d123c8e9ee2dde0cbc497fa2da8ebc1a41d573,top,13.030911869573671,14.15110153256705,23.515325670498086,0.10613132312720867,0.0777234465010805,0.028407876626128176,0.25421246634922734
guangzhou_ssp585_mid_2050s_hot_2057,254f7d1de622747dbedf9c3fb6517ed1024f4fc1f3f69cddf681f9758e064c2b,bottom,7.818254333141546,10.530411877394636,30.585488505747126,0.09910319427375228,0.07122565354619843,0.027877540727553832,0.23882556820385467
guangzhou_ssp585_mid_2050s_hot_2057,254f7d1de622747dbedf9c3fb6517ed1024f4fc1f3f69cddf681f9758e064c2b,middle,13.552381413053064,14.372605363984675,25.90397509578544,0.1077992010064432,0.08062973628941411,0.027169464717029097,0.26653346205786244
guangzhou_ssp585_mid_2050s_hot_2057,254f7d1de622747dbedf9c3fb6517ed1024f4fc1f3f69cddf681f9758e064c2b,top,10.699296814794527,11.843869731800766,19.803639846743295,0.09903177694202107,0.07043028222078457,0.028601494721236506,0.2253066218889545
guangzhou_ssp585_mid_2050s_typical_2050,c230f3f718999ad57b2d2016437262084710f839a769a26151502e1b52f0c2c3,bottom,8.865912131887347,11.314655172413794,28.274664750957857,0.0999880598883027,0.07198057441174169,0.028007485476560994,0.23916537428241413
guangzhou_ssp585_mid_2050s_typical_2050,c230f3f718999ad57b2d2016437262084710f839a769a26151502e1b52f0c2c3,middle,14.193980978925088,14.950909961685824,24.299568965517242,0.10885035074465002,0.08160238817717028,0.027247962567479737,0.26700155392120617
guangzhou_ssp585_mid_2050s_typical_2050,c230f3f718999ad57b2d2016437262084710f839a769a26151502e1b52f0c2c3,top,11.533646137772632,12.532327586206895,18.82183908045977,0.10116229543073561,0.07233521704575376,0.028827078384981865,0.2265840357610022
guangzhou_ssp585_near_2030s_heatwave_extreme_2033,af9bf2f793d00dca36a271e21bfc405a982920d2dc893297255af9347cf0cd7b,bottom,6.413101549616283,8.727250957854405,24.694683908045977,0.09461672778700196,0.06548792819231056,0.029128799594691394,0.21714574860918867
guangzhou_ssp585_near_2030s_heatwave_extreme_2033,af9bf2f793d00dca36a271e21bfc405a982920d2dc893297255af9347cf0cd7b,middle,10.876493074076988,11.995929118773946,21.68941570881226,0.10134339828805948,0.07291649818366855,0.028426900104390935,0.23915270072073844
guangzhou_ssp585_near_2030s_heatwave_extreme_2033,af9bf2f793d00dca36a271e21bfc405a982920d2dc893297255af9347cf0cd7b,top,9.20906511811163,10.398706896551724,16.894157088122604,0.09544161281465223,0.06569505489177638,0.029746557922875835,0.20568624971884417
guangzhou_ssp585_near_2030s_hot_2033,af9bf2f793d00dca36a271e21bfc405a982920d2dc893297255af9347cf0cd7b,bottom,6.413101549616283,8.727250957854405,24.694683908045977,0.09461672778700196,0.06548792819231056,0.029128799594691394,0.21714574860918867
guangzhou_ssp585_near_2030s_hot_2033,af9bf2f793d00dca36a271e21bfc405a982920d2dc893297255af9347cf0cd7b,middle,10.876493074076988,11.995929118773946,21.68941570881226,0.10134339828805948,0.07291649818366855,0.028426900104390935,0.23915270072073844
guangzhou_ssp585_near_2030s_hot_2033,af9bf2f793d00dca36a271e21bfc405a982920d2dc893297255af9347cf0cd7b,top,9.20906511811163,10.398706896551724,16.894157088122604,0.09544161281465223,0.06569505489177638,0.029746557922875835,0.20568624971884417
guangzhou_ssp585_near_2030s_typical_2039,4950b4582b126b607bddff18c337fb971d50be3870ac3761c7362507c6c67f61,bottom,3.6811416085937188,5.183189655172414,19.043342911877396,0.08568557801613959,0.05584624593381106,0.02983933208232853,0.18539961198927293
guangzhou_ssp585_near_2030s_typical_2039,4950b4582b126b607bddff18c337fb971d50be3870ac3761c7362507c6c67f61,middle,6.92272555878522,7.443726053639847,14.56537356321839,0.09006292934796375,0.06072626532093386,0.029336664027029905,0.20128751678999118
guangzhou_ssp585_near_2030s_typical_2039,4950b4582b126b607bddff18c337fb971d50be3870ac3761c7362507c6c67f61,top,5.906661619204848,6.404454022988506,10.841714559386974,0.0850876586488945,0.05443703647137788,0.030650622177516632,0.1700871821265183
houston_ssp245_baseline_2020s_heatwave_extreme_2026,a0092958bbba7621fc0a726c0115d447147ebb3d3e4444687414df702b0dc3eb,bottom,4.933877344664914,7.212643678160919,21.737308429118773,0.0895936857927399,0.061137129366777676,0.02845655642596221,0.1997839493141691
houston_ssp245_baseline_2020s_heatwave_extreme_2026,a0092958bbba7621fc0a726c0115d447147ebb3d3e4444687414df702b0dc3eb,middle,9.116576838653307,10.563936781609195,22.353927203065137,0.0967837272751249,0.06901796576180223,0.02776576151332264,0.2252404946891445
houston_ssp245_baseline_2020s_heatwave_extreme_2026,a0092958bbba7621fc0a726c0115d447147ebb3d3e4444687414df702b0dc3eb,top,7.372511244247411,8.959530651340996,18.34889846743295,0.09070764320225791,0.060855507941732015,0.029852135260525884,0.18204337320384523
houston_ssp245_baseline_2020s_hot_2026,a0092958bbba7621fc0a726c0115d447147ebb3d3e4444687414df702b0dc3eb,bottom,4.933877344664914,7.212643678160919,21.737308429118773,0.0895936857927399,0.061137129366777676,0.02845655642596221,0.1997839493141691
houston_ssp245_baseline_2020s_hot_2026,a0092958bbba7621fc0a726c0115d447147ebb3d3e4444687414df702b0dc3eb,middle,9.116576838653307,10.563936781609195,22.353927203065137,0.0967837272751249,0.06901796576180223,0.02776576151332264,0.2252404946891445
houston_ssp245_baseline_2020s_hot_2026,a0092958bbba7621fc0a726c0115d447147ebb3d3e4444687414df702b0dc3eb,top,7.372511244247411,8.959530651340996,18.34889846743295,0.09070764320225791,0.060855507941732015,0.029852135260525884,0.18204337320384523
houston_ssp245_baseline_2020s_typical_2027,edf1fabea3379e150c3998a611126278cfcbccb1a38707bac759487b2f3b1d00,bottom,2.7756278424091443,3.960727969348659,13.637452107279694,0.08127881287047109,0.05093941419094117,0.030339398679529925,0.17141993086364501
houston_ssp245_baseline_2020s_typical_2027,edf1fabea3379e150c3998a611126278cfcbccb1a38707bac759487b2f3b1d00,middle,4.456095384748982,5.341235632183908,13.14655172413793,0.0833821007833232,0.05331174107305968,0.03007035971026353,0.17689693174746543
houston_ssp245_baseline_2020s_typical_2027,edf1fabea3379e150c3998a611126278cfcbccb1a38707bac759487b2f3b1d00,top,3.903315463127938,4.612068965517242,10.117337164750957,0.0792771459271558,0.047667309872741676,0.03160983605441413,0.14470638743610822
houston_ssp245_late_2080s_heatwave_extreme_2081,c4d735e7ebe9319e93399e29711588aa545c0391f830bc973e4534fabef55876,bottom,12.076239595611984,14.868295019157088,27.035440613026818,0.10601563240615726,0.07843871074062139,0.027576921665535884,0.25982201710977243
houston_ssp245_late_2080s_heatwave_extreme_2081,c4d735e7ebe9319e93399e29711588aa545c0391f830bc973e4534fabef55876,middle,19.395734661461823,19.791666666666664,28.107040229885055,0.11868221915657735,0.09177198803803736,0.02691023111853999,0.29588269454223554
houston_ssp245_late_2080s_heatwave_extreme_2081,c4d735e7ebe9319e93399e29711588aa545c0391f830bc973e4534fabef55876,top,16.432703404469244,17.35153256704981,24.71264367816092,0.11107085385094245,0.0824528190912663,0.02861803475967615,0.25195772382086234
houston_ssp245_late_2080s_hot_2085,7be7aecd5f4b67062dc2002d416b75365030696084ec4dcab73f8a46c0341c72,bottom,9.48531661877308,12.294061302681992,27.23299808429119,0.10060182141984783,0.07216669098992735,0.028435130429920453,0.24088884639454824
houston_ssp245_late_2080s_hot_2085,7be7aecd5f4b67062dc2002d416b75365030696084ec4dcab73f8a46c0341c72,middle,15.725655301425054,16.65110153256705,27.987308429118773,0.11103872754346264,0.08350188623817276,0.02753684130528988,0.27203480228942833
houston_ssp245_late_2080s_hot_2085,7be7aecd5f4b67062dc2002d416b75365030696084ec4dcab73f8a46c0341c72,top,12.949234187982187,14.301963601532567,23.83860153256705,0.10322598105757376,0.0742791910102989,0.02894679004727487,0.2304337831918524
houston_ssp245_late_2080s_typical_2086,0becd6ec4147d3c1382875a85dcc13af38c6280965385a327b27c6a1e550ba7c,bottom,5.651580282414235,7.741858237547892,19.881465517241377,0.0905987767864694,0.061529749000688944,0.029069027785780452,0.20800963526804894
houston_ssp245_late_2080s_typical_2086,0becd6ec4147d3c1382875a85dcc13af38c6280965385a327b27c6a1e550ba7c,middle,9.61650730361317,10.614224137931034,19.947318007662833,0.09711968527623649,0.06868169949914496,0.028437985777091543,0.2283522909276047
houston_ssp245_late_2080s_typical_2086,0becd6ec4147d3c1382875a85dcc13af38c6280965385a327b27c6a1e550ba7c,top,8.069430992794032,9.122365900383143,16.349377394636015,0.09106844052612231,0.06103948625793453,0.030028954268187774,0.18997089410159712
houston_ssp245_mid_2050s_heatwave_extreme_2058,ea3a0ba8cb1036c723c99fd1f46632265e8c29b78c3ede1b4745d4de7e2d9401,bottom,8.345846042972886,10.380747126436782,20.306513409961685,0.09583675235744293,0.06729602155499535,0.028540730802447564,0.22469351611682187
houston_ssp245_mid_2050s_heatwave_extreme_2058,ea3a0ba8cb1036c723c99fd1f46632265e8c29b78c3ede1b4745d4de7e2d9401,middle,13.27086067641906,13.880507662835248,21.168582375478927,0.1035826767160273,0.07561860370250822,0.027964073013519074,0.24651966770997819
houston_ssp245_mid_2050s_heatwave_extreme_2058,ea3a0ba8cb1036c723c99fd1f46632265e8c29b78c3ede1b4745d4de7e2d9401,top,11.289870156866575,12.092911877394636,18.145354406130267,0.09781316984191808,0.06809864365321236,0.029714526188705723,0.20776328219037046
houston_ssp245_mid_2050s_hot_2056,5b1adc01d790d3cff03dd76d9bc2c017714bbd437ef442581b18c550c0a89630,bottom,3.984200306261016,5.710009578544061,20.300526819923373,0.08718919194148324,0.0573559829481508,0.029833208993332444,0.2015806130640374
houston_ssp245_mid_2050s_hot_2056,5b1adc01d790d3cff03dd76d9bc2c017714bbd437ef442581b18c550c0a89630,middle,7.2059219480017696,8.752394636015326,21.150622605363985,0.09268824247318765,0.06366307293968172,0.029025169533505934,0.21947941509666383
houston_ssp245_mid_2050s_hot_2056,5b1adc01d790d3cff03dd76d9bc2c017714bbd437ef442581b18c550c0a89630,top,5.87543498043479,7.277298850574712,16.151819923371647,0.08668696197736983,0.05654313829858996,0.030143823678779883,0.18721807748229702
houston_ssp245_mid_2050s_typical_2052,27b9a0ab448fb7ceeb3325322f5c0decd349fc2cbcf908392ad8abf7238c2291,bottom,6.4604485040657345,8.51772030651341,18.666187739463602,0.09156812799985567,0.06227042722457359,0.029297700775282084,0.20726283478996269
houston_ssp245_mid_2050s_typical_2052,27b9a0ab448fb7ceeb3325322f5c0decd349fc2cbcf908392ad8abf7238c2291,middle,11.71742940163206,12.610153256704981,20.587883141762454,0.10000773200618328,0.07124082048472194,0.02876691152146134,0.23081998580682547
houston_ssp245_mid_2050s_typical_2052,27b9a0ab448fb7ceeb3325322f5c0decd349fc2cbcf908392ad8abf7238c2291,top,9.686587280502343,10.84051724137931,17.067768199233715,0.09418882128274812,0.0640666729343421,0.03012214834840604,0.19475435294832052
houston_ssp245_near_2030s_heatwave_extreme_2039,b0ad24d20ecfc428a317e77c652f59910cc0144ddf32d50945206ea8fe801632,bottom,6.796180264216078,9.292385057471265,20.863266283524904,0.09480871056414218,0.0657697950691712,0.029038915494970972,0.221214604454494
houston_ssp245_near_2030s_heatwave_extreme_2039,b0ad24d20ecfc428a317e77c652f59910cc0144ddf32d50945206ea8fe801632,middle,11.15516833028212,12.118055555555555,20.635775862068968,0.10115993290779476,0.07268554133333455,0.028474391574460196,0.24026894213232283
houston_ssp245_near_2030s_heatwave_extreme_2039,b0ad24d20ecfc428a317e77c652f59910cc0144ddf32d50945206ea8fe801632,top,8.81642890423966,10.221503831417625,17.78615900383142,0.0940890853279173,0.06395773995797577,0.030131345369941526,0.1984061526384553
houston_ssp245_near_2030s_hot_2038,6fbf1be7b195d5cfe7dc969cad1131a7bb3efd2dc840eb3d7d9690371fba3d48,bottom,6.279124178542358,8.656609195402298,24.10799808429119,0.09454838457371331,0.06522873569967798,0.029319648874035313,0.2301135363197638
houston_ssp245_near_2030s_hot_2038,6fbf1be7b195d5cfe7dc969cad1131a7bb3efd2dc840eb3d7d9690371fba3d48,middle,10.69137315249101,12.3227969348659,25.8860153256705,0.10146701775055812,0.07298593876235604,0.02848107898820207,0.25191398512079977
houston_ssp245_near_2030s_hot_2038,6fbf1be7b195d5cfe7dc969cad1131a7bb3efd2dc840eb3d7d9690371fba3d48,top,8.558427107298726,10.33405172413793,21.14463601532567,0.0942691054327136,0.06473028079782657,0.02953882463488705,0.2160910357151177
houston_ssp245_near_2030s_typical_2033,c35b6ef4a940e665534683731affbed1764921a7d9ddf1394fd62e2c1486b270,bottom,5.849281512875297,8.13817049808429,20.234674329501914,0.0919198672218922,0.06244559699334542,0.029474270228546748,0.2039093585013656
houston_ssp245_near_2030s_typical_2033,c35b6ef4a940e665534683731affbed1764921a7d9ddf1394fd62e2c1486b270,middle,10.546189665519613,11.653496168582375,20.42624521072797,0.09925098749851087,0.0703921681820456,0.028858819316465285,0.2266348903726904
houston_ssp245_near_2030s_typical_2033,c35b6ef4a940e665534683731affbed1764921a7d9ddf1394fd62e2c1486b270,top,8.517943284669647,9.988026819923371,17.41499042145594,0.09308670126507551,0.062375402993896704,0.03071129827117883,0.18400212844256555
houston_ssp585_baseline_2020s_heatwave_extreme_2025,53fbfe963d868d13331fde11a084b2730398f466b26106db3097ab9685bccaa1,bottom,6.631680631178373,9.334291187739463,23.16810344827586,0.09463845144081529,0.0664129639199652,0.028225487520850086,0.2216358928062852
houston_ssp585_baseline_2020s_heatwave_extreme_2025,53fbfe963d868d13331fde11a084b2730398f466b26106db3097ab9685bccaa1,middle,11.94343259310353,13.152538314176246,23.114224137931032,0.10248076512002091,0.07488613601317369,0.027594629106847218,0.24639088593101777
houston_ssp585_baseline_2020s_heatwave_extreme_2025,53fbfe963d868d13331fde11a084b2730398f466b26106db3097ab9685bccaa1,top,9.546793609872847,11.13625478927203,19.731800766283524,0.0951498500961115,0.06585743142395603,0.029292418672155495,0.20190976084416437
houston_ssp585_baseline_2020s_hot_2026,328d81cbee8e0a514dd69f7b33e99c77410e9e35647af85c5183ab9e3ca56fa9,bottom,5.261458845142028,7.438936781609195,20.665708812260537,0.09000472633876419,0.06240302156040306,0.02760170477836113,0.2037734518100355
houston_ssp585_baseline_2020s_hot_2026,328d81cbee8e0a514dd69f7b33e99c77410e9e35647af85c5183ab9e3ca56fa9,middle,8.708485069218856,9.925766283524904,20.59985632183908,0.09598652104954639,0.06898274485951492,0.027003776190031477,0.2252986589249716
houston_ssp585_baseline_2020s_hot_2026,328d81cbee8e0a514dd69f7b33e99c77410e9e35647af85c5183ab9e3ca56fa9,top,7.110079407447026,8.423132183908045,17.007902298850574,0.08945913810103323,0.060220499981489095,0.029238638119544122,0.17990118725465995
houston_ssp585_baseline_2020s_typical_2025,53fbfe963d868d13331fde11a084b2730398f466b26106db3097ab9685bccaa1,bottom,6.631680631178373,9.334291187739463,23.16810344827586,0.09463845144081529,0.0664129639199652,0.028225487520850086,0.2216358928062852
houston_ssp585_baseline_2020s_typical_2025,53fbfe963d868d13331fde11a084b2730398f466b26106db3097ab9685bccaa1,middle,11.94343259310353,13.152538314176246,23.114224137931032,0.10248076512002091,0.07488613601317369,0.027594629106847218,0.24639088593101777
houston_ssp585_baseline_2020s_typical_2025,53fbfe963d868d13331fde11a084b2730398f466b26106db3097ab9685bccaa1,top,9.546793609872847,11.13625478927203,19.731800766283524,0.0951498500961115,0.06585743142395603,0.029292418672155495,0.20190976084416437
houston_ssp585_late_2080s_heatwave_extreme_2086,22f1a3d8323ed4683849ae397a730ef520c85fc4e803c0c252d171b7fa24dff6,bottom,20.361116274618464,22.794540229885058,34.7162356321839,0.12574666134058435,0.09890582723830708,0.026840834102277264,0.3252573589437562
houston_ssp585_late_2080s_heatwave_extreme_2086,22f1a3d8323ed4683849ae397a730ef520c85fc4e803c0c252d171b7fa24dff6,middle,27.670067245044088,27.59698275862069,36.548132183908045,0.14253502815133914,0.11676103856376792,0.02577398958757123,0.37681962107198086
houston_ssp585_late_2080s_heatwave_extreme_2086,22f1a3d8323ed4683849ae397a730ef520c85fc4e803c0c252d171b7fa24dff6,top,24.531877086411686,24.69109195402299,32.44731800766284,0.13312301882066843,0.10602286706001561,0.027100151760652863,0.3307651867385957
houston_ssp585_late_2080s_hot_2080,9e0952d446a257fdf5f17e022b3a9c0717a89b2bf5991d6b5f36f3c338c0ba21,bottom,17.87451770303522,19.767720306513407,30.657327586206897,0.11744210578686136,0.08988371118156122,0.027558394605300147,0.2965902721244852
houston_ssp585_late_2080s_hot_2080,9e0952d446a257fdf5f17e022b3a9c0717a89b2bf5991d6b5f36f3c338c0ba21,middle,23.763108380268907,23.857758620689655,32.776580459770116,0.1317761998662731,0.10520157968701045,0.02657462017926266,0.33944920826528957
houston_ssp585_late_2080s_hot_2080,9e0952d446a257fdf5f17e022b3a9c0717a89b2bf5991d6b5f36f3c338c0ba21,top,21.599794322260948,21.733716475095786,28.9272030651341,0.12492696889998045,0.09726280928613963,0.027664159613840805,0.30349678762542537
houston_ssp585_late_2080s_typical_2088,67f027cdc7d4015cd6bb7ed6ac4527a7daeca33aa8ac93454d11a4d6af143639,bottom,18.977978618748025,21.14822796934866,34.117576628352495,0.12473460178376668,0.0976136933239168,0.027120908459849873,0.31929560939901636
houston_ssp585_late_2080s_typical_2088,67f027cdc7d4015cd6bb7ed6ac4527a7daeca33aa8ac93454d11a4d6af143639,middle,25.125427411808676,25.524425287356323,35.15325670498085,0.13794072062356955,0.11186615636609978,0.026074564257469797,0.3629374093326741
houston_ssp585_late_2080s_typical_2088,67f027cdc7d4015cd6bb7ed6ac4527a7daeca33aa8ac93454d11a4d6af143639,top,22.624387457491398,23.107040229885058,30.83692528735632,0.12929487946359708,0.10183848867496333,0.02745639078863376,0.3196127674593882
houston_ssp585_mid_2050s_heatwave_extreme_2059,acd8b47b1f28991ce947464a7e067b5d5bf2e9bcb84473523242476a436dd105,bottom,10.13104046585201,12.623323754789272,24.75454980842912,0.10157490631406214,0.07326931586795514,0.028305590446107004,0.24375810866788364
houston_ssp585_mid_2050s_heatwave_extreme_2059,acd8b47b1f28991ce947464a7e067b5d5bf2e9bcb84473523242476a436dd105,middle,15.416165650726048,16.168582375478927,24.42528735632184,0.11123835702119049,0.0836453724421901,0.027592984579000397,0.2725000146346022
houston_ssp585_mid_2050s_heatwave_extreme_2059,acd8b47b1f28991ce947464a7e067b5d5bf2e9bcb84473523242476a436dd105,top,12.808327501064538,13.963122605363983,21.24640804597701,0.10353250130934877,0.07415108489527737,0.02938141641407141,0.2268969357431058
houston_ssp585_mid_2050s_hot_2058,44e90d9fca09bad28b3bef7af9b0023d0b1b7cdd2d4db19abe0517fcd22e9742,bottom,9.674310108122373,12.670019157088122,27.131226053639846,0.10119166005148064,0.07365941773107547,0.027532242320405173,0.24528372079949615
houston_ssp585_mid_2050s_hot_2058,44e90d9fca09bad28b3bef7af9b0023d0b1b7cdd2d4db19abe0517fcd22e9742,middle,15.565430666043941,16.239224137931036,26.484674329501917,0.11135809208696588,0.08457453064181726,0.026783561445148645,0.2748711789823984
houston_ssp585_mid_2050s_hot_2058,44e90d9fca09bad28b3bef7af9b0023d0b1b7cdd2d4db19abe0517fcd22e9742,top,12.786049403665512,13.991858237547895,22.683189655172413,0.10292262939703194,0.07453926194362083,0.028383367453411093,0.23000143144296556
houston_ssp585_mid_2050s_typical_2055,067ed726cd32b1dc593eb33d53f6ba27798862a5fd51f304c2f6015f6d559054,bottom,7.964756309676216,11.156609195402298,26.10751915708812,0.09959323132925717,0.07087091071402149,0.02872232061523566,0.23439963253587087
houston_ssp585_mid_2050s_typical_2055,067ed726cd32b1dc593eb33d53f6ba27798862a5fd51f304c2f6015f6d559054,middle,14.137677119981834,15.45617816091954,26.700191570881227,0.10871941407135845,0.08101690069335783,0.027702513378000605,0.2658854525960134
houston_ssp585_mid_2050s_typical_2055,067ed726cd32b1dc593eb33d53f6ba27798862a5fd51f304c2f6015f6d559054,top,11.614367395340363,13.232758620689655,23.05435823754789,0.10139638830580008,0.07200120262539772,0.029395185680402364,0.22126062487390916
houston_ssp585_near_2030s_heatwave_extreme_2037,109d4e4728a3e93da0367d2ac6147d94865e3a153a77241ee2208031c232ff0e,bottom,6.660264667342775,9.073275862068964,22.755028735632184,0.09386922710063421,0.06470107222162495,0.02916815487900925,0.21952623752984468
houston_ssp585_near_2030s_heatwave_extreme_2037,109d4e4728a3e93da0367d2ac6147d94865e3a153a77241ee2208031c232ff0e,middle,11.97684453027431,13.139367816091955,24.38338122605364,0.10203014083677674,0.07364031021638562,0.02838983062039113,0.24420564477263773
houston_ssp585_near_2030s_heatwave_extreme_2037,109d4e4728a3e93da0367d2ac6147d94865e3a153a77241ee2208031c232ff0e,top,9.761846733985998,11.178160919540229,20.108955938697317,0.09522061216264473,0.06546664003500344,0.029753972127641276,0.2061848218012166
houston_ssp585_near_2030s_hot_2035,898f8e3bcb5e21391dfc68cd6e889e20f8ca6d3d5cbc2ef7f9c154f142c3b95d,bottom,4.738528314580674,6.756465517241379,20.504070881226053,0.08927391960332545,0.05962095469327585,0.029652964910049595,0.2061405746724906
houston_ssp585_near_2030s_hot_2035,898f8e3bcb5e21391dfc68cd6e889e20f8ca6d3d5cbc2ef7f9c154f142c3b95d,middle,8.674454333058492,10.136494252873565,21.461925287356323,0.09498944250106127,0.06615169446309556,0.02883774803796573,0.2252683872030782
houston_ssp585_near_2030s_hot_2035,898f8e3bcb5e21391dfc68cd6e889e20f8ca6d3d5cbc2ef7f9c154f142c3b95d,top,7.3791128121933545,8.710488505747128,16.989942528735632,0.08915878506762409,0.059127205906177045,0.03003157916144706,0.1919037568782294
houston_ssp585_near_2030s_typical_2038,0a723a403629f779fbd853286da52b2f35d7d4590765a11e7bc2c7d9205bd794,bottom,5.110674012499188,7.392241379310345,21.25838122605364,0.09002331505445964,0.06198244802164977,0.028040867032809884,0.19932689611364762
houston_ssp585_near_2030s_typical_2038,0a723a403629f779fbd853286da52b2f35d7d4590765a11e7bc2c7d9205bd794,middle,8.614964809248242,10.026340996168583,20.294540229885058,0.09583921640360422,0.06833287495166125,0.027506341451942976,0.22073782228493424
houston_ssp585_near_2030s_typical_2038,0a723a403629f779fbd853286da52b2f35d7d4590765a11e7bc2c7d9205bd794,top,7.157245257030831,8.570402298850574,17.097701149425287,0.08944476594332719,0.05960860500299637,0.0298361609403308,0.1745359503972554
kolkata_ssp245_baseline_2020s_heatwave_extreme_2027,40ce2ea294097090c5c103ea92d7a994c1f3b236e047f5ca7013960a88ce921c,bottom,12.606694845891642,14.94133141762452,36.49425287356322,0.11163774180989978,0.08438899319357482,0.027248748616324956,0.28387656531063604
kolkata_ssp245_baseline_2020s_heatwave_extreme_2027,40ce2ea294097090c5c103ea92d7a994c1f3b236e047f5ca7013960a88ce921c,middle,17.649099173151313,18.672174329501914,34.17744252873563,0.12278119494709282,0.09628971202700021,0.02649148292009261,0.3164214521710506
kolkata_ssp245_baseline_2020s_heatwave_extreme_2027,40ce2ea294097090c5c103ea92d7a994c1f3b236e047f5ca7013960a88ce921c,top,15.648546552417411,16.712164750957854,27.813697318007662,0.11491153749095188,0.08725858901604008,0.027652948474911815,0.2796386446394086
kolkata_ssp245_baseline_2020s_hot_2028,f36f5db5e4cdaf6c8c09d5d4fbfe502579eed57babc6307a6874d7fd44925ba9,bottom,11.453993593571106,14.025383141762452,39.140325670498086,0.10514743819325043,0.07793058541366896,0.02721685277958147,0.2623126592323025
kolkata_ssp245_baseline_2020s_hot_2028,f36f5db5e4cdaf6c8c09d5d4fbfe502579eed57babc6307a6874d7fd44925ba9,middle,17.247113889213608,18.311781609195403,35.668103448275865,0.11688294300755704,0.09040450700865302,0.026478435998904006,0.2977586472906728
kolkata_ssp245_baseline_2020s_hot_2028,f36f5db5e4cdaf6c8c09d5d4fbfe502579eed57babc6307a6874d7fd44925ba9,top,15.197427994262688,16.306273946360154,28.705699233716476,0.10882027305255047,0.08120779485631921,0.027612478196231274,0.26042058399479595
kolkata_ssp245_baseline_2020s_typical_2026,c6b6a51146ad3ba552b44aecc58d2466cd724d94e1a73547000f3f22fbebe472,bottom,10.422095234547294,12.138409961685824,32.61494252873563,0.10085493586184423,0.07266062895834866,0.02819430690349557,0.24612994486689757
kolkata_ssp245_baseline_2020s_typical_2026,c6b6a51146ad3ba552b44aecc58d2466cd724d94e1a73547000f3f22fbebe472,middle,16.245798064314283,17.06896551724138,32.38146551724138,0.11283510377494582,0.08538971352563318,0.027445390249312637,0.2808142690467228
kolkata_ssp245_baseline_2020s_typical_2026,c6b6a51146ad3ba552b44aecc58d2466cd724d94e1a73547000f3f22fbebe472,top,14.358856303624773,15.217911877394636,25.915948275862068,0.10588057055131721,0.07750998307633446,0.028370587474982754,0.24837642044816155
kolkata_ssp245_late_2080s_heatwave_extreme_2086,2a449d6c0125872b95fe8bdf3c63e96a48ef055a21150a6da50b0c045833f1c0,bottom,23.282622500196272,25.271791187739463,50.24545019157088,0.13411444548758067,0.10886427656152087,0.025250168926059798,0.36208627963821616
kolkata_ssp245_late_2080s_heatwave_extreme_2086,2a449d6c0125872b95fe8bdf3c63e96a48ef055a21150a6da50b0c045833f1c0,middle,29.79275501895222,30.191570881226053,47.34195402298851,0.1498833658218171,0.12549930916613447,0.02438405665568263,0.41169392291607154
kolkata_ssp245_late_2080s_heatwave_extreme_2086,2a449d6c0125872b95fe8bdf3c63e96a48ef055a21150a6da50b0c045833f1c0,top,26.47098688949579,27.133620689655174,40.84051724137931,0.1395533794886907,0.11408432774213545,0.025469051746555244,0.3678609104794927
kolkata_ssp245_late_2080s_hot_2087,b6e4b7c55cbfe727df0675916d6cc3853857dc1bb907a22e71780327924ee11d,bottom,20.517245719482677,23.206417624521073,49.32950191570881,0.12812972137873974,0.10270700799388878,0.025422713384850977,0.34052443397632143
kolkata_ssp245_late_2080s_hot_2087,b6e4b7c55cbfe727df0675916d6cc3853857dc1bb907a22e71780327924ee11d,middle,27.38561919915059,27.620929118773947,45.719588122605366,0.1429751507239992,0.11848381383820632,0.024491336885792914,0.38859528325543735
kolkata_ssp245_late_2080s_hot_2087,b6e4b7c55cbfe727df0675916d6cc3853857dc1bb907a22e71780327924ee11d,top,23.56876476336296,24.140325670498083,38.236350574712645,0.13103384376083071,0.10530766947760331,0.025726174283227383,0.3406008468960198
kolkata_ssp245_late_2080s_typical_2084,a3a2d6008cc10e005e7adbec5dead2fce5f4d1aa97cb61523b662ae2073a45a4,bottom,22.111247872681115,23.62787356321839,43.94755747126437,0.132135064358887,0.10617387075401377,0.02596119360487322,0.3503117002460699
kolkata_ssp245_late_2080s_typical_2084,a3a2d6008cc10e005e7adbec5dead2fce5f4d1aa97cb61523b662ae2073a45a4,middle,24.950607036401586,25.826149425287355,40.625,0.13896367297575143,0.11367580945245129,0.025287863523300154,0.3753349837155642
kolkata_ssp245_late_2080s_typical_2084,a3a2d6008cc10e005e7adbec5dead2fce5f4d1aa97cb61523b662ae2073a45a4,top,23.22055288091354,23.81345785440613,34.90780651340996,0.13118146036964404,0.10475525819968572,0.02642620216995834,0.33847970537983285
kolkata_ssp245_mid_2050s_heatwave_extreme_2053,063aad9387e82a49bfdc232aea47e15772b749e4a5497fdfe5de5d4a1da52d0a,bottom,18.54505396209805,20.707614942528735,45.037116858237546,0.12214700249155411,0.09602423553243707,0.02612276695911705,0.32165813656548214
kolkata_ssp245_mid_2050s_heatwave_extreme_2053,063aad9387e82a49bfdc232aea47e15772b749e4a5497fdfe5de5d4a1da52d0a,middle,24.237779546895464,25.0419061302682,41.564894636015325,0.134076257900165,0.10867395585066114,0.025402302049503847,0.3586768878798809
kolkata_ssp245_mid_2050s_heatwave_extreme_2053,063aad9387e82a49bfdc232aea47e15772b749e4a5497fdfe5de5d4a1da52d0a,top,21.98699313650626,22.776580459770116,35.18318965517241,0.1255600162711934,0.09902793674064304,0.02653207953055033,0.3190087715467016
kolkata_ssp245_mid_2050s_hot_2053,063aad9387e82a49bfdc232aea47e15772b749e4a5497fdfe5de5d4a1da52d0a,bottom,18.54505396209805,20.707614942528735,45.037116858237546,0.12214700249155411,0.09602423553243707,0.02612276695911705,0.32165813656548214
kolkata_ssp245_mid_2050s_hot_2053,063aad9387e82a49bfdc232aea47e15772b749e4a5497fdfe5de5d4a1da52d0a,middle,24.237779546895464,25.0419061302682,41.564894636015325,0.134076257900165,0.10867395585066114,0.025402302049503847,0.3586768878798809
kolkata_ssp245_mid_2050s_hot_2053,063aad9387e82a49bfdc232aea47e15772b749e4a5497fdfe5de5d4a1da52d0a,top,21.98699313650626,22.776580459770116,35.18318965517241,0.1255600162711934,0.09902793674064304,0.02653207953055033,0.3190087715467016
kolkata_ssp245_mid_2050s_typical_2058,38a765392334814262b9f70662df3ffd26bc24b3f965862942c85f1c44c1c052,bottom,12.464247650129762,14.53544061302682,35.997365900383144,0.10632581218949544,0.07868561645008684,0.02764019573940859,0.26459366399218853
kolkata_ssp245_mid_2050s_typical_2058,38a765392334814262b9f70662df3ffd26bc24b3f965862942c85f1c44c1c052,middle,17.08374270098366,18.17528735632184,34.099616858237546,0.11705803864721295,0.0900734381181283,0.026984600529084624,0.2973115295754194
kolkata_ssp245_mid_2050s_typical_2058,38a765392334814262b9f70662df3ffd26bc24b3f965862942c85f1c44c1c052,top,15.954973281495352,16.778017241379313,28.32854406130268,0.11061193915508956,0.08270452747956433,0.027907411675525223,0.2672866985216188
kolkata_ssp245_near_2030s_heatwave_extreme_2039,ec1efcc7c9955d7e6fa6fba780ac617804826782d74491f56dcd57c3460c7854,bottom,13.692716667978234,15.551963601532567,36.05723180076628,0.10884257409613732,0.08126339206348042,0.027579182032656913,0.2712643873284246
kolkata_ssp245_near_2030s_heatwave_extreme_2039,ec1efcc7c9955d7e6fa6fba780ac617804826782d74491f56dcd57c3460c7854,middle,19.639745458668607,19.89463601532567,34.07567049808429,0.12092352234499115,0.09416019314559025,0.026763329199400904,0.30719095702133664
kolkata_ssp245_near_2030s_heatwave_extreme_2039,ec1efcc7c9955d7e6fa6fba780ac617804826782d74491f56dcd57c3460c7854,top,17.310290360586247,17.692768199233715,27.418582375478927,0.11252911576620993,0.08480789304462336,0.027721222721586575,0.27023945801240334
kolkata_ssp245_near_2030s_hot_2031,2301279384357375b901d0849ef17854fefe8f47c43d95f4497188f1afeca2f5,bottom,19.177111168833957,21.228448275862068,41.02610153256705,0.1219951434209908,0.09554551304328016,0.026449630377710656,0.31874692203125865
kolkata_ssp245_near_2030s_hot_2031,2301279384357375b901d0849ef17854fefe8f47c43d95f4497188f1afeca2f5,middle,24.773048567387836,24.69348659003831,39.49353448275862,0.13300934679390294,0.107676959385011,0.02533238740889193,0.35486539853081456
kolkata_ssp245_near_2030s_hot_2031,2301279384357375b901d0849ef17854fefe8f47c43d95f4497188f1afeca2f5,top,19.952387574079097,20.326867816091955,31.603208812260537,0.119391694017661,0.09282661223703667,0.026565081780624306,0.3014954311304635
kolkata_ssp245_near_2030s_typical_2036,015b0c29f178a2c8c091e80d60f8c7c1e5217a3e7da74109b1925beb0daae1bb,bottom,7.449160886652971,9.158285440613028,27.969348659003828,0.09344124648886691,0.06463530344479124,0.028805943044075674,0.2188175642658593
kolkata_ssp245_near_2030s_typical_2036,015b0c29f178a2c8c091e80d60f8c7c1e5217a3e7da74109b1925beb0daae1bb,middle,11.476172306791273,12.404214559386974,26.233237547892717,0.10105538532791632,0.07275598913843916,0.02829939618947716,0.24086643564015128
kolkata_ssp245_near_2030s_typical_2036,015b0c29f178a2c8c091e80d60f8c7c1e5217a3e7da74109b1925beb0daae1bb,top,10.423089544959142,11.103927203065133,20.234674329501914,0.09523124893033318,0.06601361503006044,0.029217633900272735,0.21208770715066222
kolkata_ssp585_baseline_2020s_heatwave_extreme_2027,5c148c4f21eb2a5e51790f1b2c560911585e5ee6de20c5d75d86a3c286768e7a,bottom,7.725576585694795,9.35823754789272,26.658285440613028,0.09328364420096111,0.0641735282487077,0.02911011595225339,0.2156933390109051
kolkata_ssp585_baseline_2020s_heatwave_extreme_2027,5c148c4f21eb2a5e51790f1b2c560911585e5ee6de20c5d75d86a3c286768e7a,middle,11.647732001561977,12.544300766283525,25.862068965517242,0.1005160642180471,0.07202513559296556,0.028490928625081537,0.23606322495783003
kolkata_ssp585_baseline_2020s_heatwave_extreme_2027,5c148c4f21eb2a5e51790f1b2c560911585e5ee6de20c5d75d86a3c286768e7a,top,10.720212552283648,11.41044061302682,20.01317049808429,0.09598545975486546,0.06655407759306826,0.02943138216179719,0.21088645449952803
kolkata_ssp585_baseline_2020s_hot_2026,c117554ef28fa885c7b78e97f1ad619d272d1ad35b8a4c76861aa1c14939baee,bottom,8.525323920759769,10.645354406130268,31.842672413793103,0.09676678147083187,0.06850688893671472,0.02825989253411717,0.23342090345586616
kolkata_ssp585_baseline_2020s_hot_2026,c117554ef28fa885c7b78e97f1ad619d272d1ad35b8a4c76861aa1c14939baee,middle,13.713980628596762,14.615660919540229,28.717672413793103,0.10637807378123446,0.07880938500362777,0.02756868877760669,0.26136149349373883
kolkata_ssp585_baseline_2020s_hot_2026,c117554ef28fa885c7b78e97f1ad619d272d1ad35b8a4c76861aa1c14939baee,top,12.333018357942715,13.099856321839082,22.77897509578544,0.09981646892996748,0.07124148368600725,0.028574985243960262,0.2291964375894601
kolkata_ssp585_baseline_2020s_typical_2029,752455ce3bc9becdb9981b1152edc621a8cce8b9ec5eade37ec14448bb69d8e6,bottom,4.780793482361181,6.497844827586206,24.16786398467433,0.08618621721251206,0.0566584429443389,0.029527774268173164,0.19232320495614622
kolkata_ssp585_baseline_2020s_typical_2029,752455ce3bc9becdb9981b1152edc621a8cce8b9ec5eade37ec14448bb69d8e6,middle,8.332653144696813,9.262452107279694,21.54573754789272,0.09293919347505597,0.06392949230954788,0.029009701165508103,0.2089682276646283
kolkata_ssp585_baseline_2020s_typical_2029,752455ce3bc9becdb9981b1152edc621a8cce8b9ec5eade37ec14448bb69d8e6,top,7.48839074553675,8.206417624521073,16.169779693486593,0.08797129636195117,0.05793181961569483,0.030039476746256327,0.18130855120175093
kolkata_ssp585_late_2080s_heatwave_extreme_2080,0a68c6267eae3ab29ccee52386c9303d6463656b868f4f66b7ac0207633bdb01,bottom,37.69587410442202,40.24904214559387,67.24137931034483,0.17836285208314634,0.15700613195413315,0.021356720129013174,0.508877854811856
kolkata_ssp585_late_2080s_heatwave_extreme_2080,0a68c6267eae3ab29ccee52386c9303d6463656b868f4f66b7ac0207633bdb01,middle,44.7988825997052,44.680316091954026,63.45785440613027,0.19292221393252834,0.17284682083057237,0.020075393101955986,0.5668641685848033
kolkata_ssp585_late_2080s_heatwave_extreme_2080,0a68c6267eae3ab29ccee52386c9303d6463656b868f4f66b7ac0207633bdb01,top,39.731728331546854,40.07423371647509,56.74090038314177,0.17701042313792348,0.15540668706707114,0.02160373607085233,0.5050800141645785
kolkata_ssp585_late_2080s_hot_2080,0a68c6267eae3ab29ccee52386c9303d6463656b868f4f66b7ac0207633bdb01,bottom,37.69587410442202,40.24904214559387,67.24137931034483,0.17836285208314634,0.15700613195413315,0.021356720129013174,0.508877854811856
kolkata_ssp585_late_2080s_hot_2080,0a68c6267eae3ab29ccee52386c9303d6463656b868f4f66b7ac0207633bdb01,middle,44.7988825997052,44.680316091954026,63.45785440613027,0.19292221393252834,0.17284682083057237,0.020075393101955986,0.5668641685848033
kolkata_ssp585_late_2080s_hot_2080,0a68c6267eae3ab29ccee52386c9303d6463656b868f4f66b7ac0207633bdb01,top,39.731728331546854,40.07423371647509,56.74090038314177,0.17701042313792348,0.15540668706707114,0.02160373607085233,0.5050800141645785
kolkata_ssp585_late_2080s_typical_2088,6645038f9bacc05cc9898a21cd01dcfdab6f881d0ea5a97794e1fe065069e961,bottom,24.535638076449004,27.33596743295019,55.56154214559387,0.14017119912336876,0.11604896235596804,0.024122236767400725,0.3850658755059961
kolkata_ssp585_late_2080s_typical_2088,6645038f9bacc05cc9898a21cd01dcfdab6f881d0ea5a97794e1fe065069e961,middle,31.690290440987578,31.95402298850575,51.55052681992337,0.15565226927820255,0.13255163206238224,0.02310063721582031,0.43622397993958567
kolkata_ssp585_late_2080s_typical_2088,6645038f9bacc05cc9898a21cd01dcfdab6f881d0ea5a97794e1fe065069e961,top,27.345364497247242,28.063936781609193,43.64822796934866,0.14237793099139637,0.11796256639272491,0.02441536459867146,0.3834018127722373
kolkata_ssp585_mid_2050s_heatwave_extreme_2059,1408c8d41099b2cbe2b233fb8e8a84f22c90d2ae021ebdd1b51f19f97215264d,bottom,37.685779671038816,39.49473180076629,64.79286398467433,0.17139800444875072,0.14908370448165986,0.02231429996709087,0.48322326976204416
kolkata_ssp585_mid_2050s_heatwave_extreme_2059,1408c8d41099b2cbe2b233fb8e8a84f22c90d2ae021ebdd1b51f19f97215264d,middle,44.80955873874465,44.2205459770115,61.45234674329502,0.18985875653990314,0.16871052774049575,0.021148228799407396,0.543162748107749
kolkata_ssp585_mid_2050s_heatwave_extreme_2059,1408c8d41099b2cbe2b233fb8e8a84f22c90d2ae021ebdd1b51f19f97215264d,top,39.025495236446005,38.9882662835249,54.0948275862069,0.17256459308801933,0.1500606720561855,0.022503921031833806,0.47880920883428396
kolkata_ssp585_mid_2050s_hot_2059,1408c8d41099b2cbe2b233fb8e8a84f22c90d2ae021ebdd1b51f19f97215264d,bottom,37.685779671038816,39.49473180076629,64.79286398467433,0.17139800444875072,0.14908370448165986,0.02231429996709087,0.48322326976204416
kolkata_ssp585_mid_2050s_hot_2059,1408c8d41099b2cbe2b233fb8e8a84f22c90d2ae021ebdd1b51f19f97215264d,middle,44.80955873874465,44.2205459770115,61.45234674329502,0.18985875653990314,0.16871052774049575,0.021148228799407396,0.543162748107749
kolkata_ssp585_mid_2050s_hot_2059,1408c8d41099b2cbe2b233fb8e8a84f22c90d2ae021ebdd1b51f19f97215264d,top,39.025495236446005,38.9882662835249,54.0948275862069,0.17256459308801933,0.1500606720561855,0.022503921031833806,0.47880920883428396
kolkata_ssp585_mid_2050s_typical_2057,c973adf6ede6c6b1e77914e126c0ec1aff9adcb1c719a279e5ae694a531a5a4c,bottom,12.962703357693437,14.776101532567049,35.15325670498085,0.10663752194446913,0.07882168921256343,0.027815832731905722,0.26080245346956926
kolkata_ssp585_mid_2050s_typical_2057,c973adf6ede6c6b1e77914e126c0ec1aff9adcb1c719a279e5ae694a531a5a4c,middle,17.926511669913054,18.336925287356323,32.405411877394634,0.11686357061774894,0.08968404775589717,0.027179522861851775,0.29190841697035935
kolkata_ssp585_mid_2050s_typical_2057,c973adf6ede6c6b1e77914e126c0ec1aff9adcb1c719a279e5ae694a531a5a4c,top,16.150597753912077,16.658285440613028,26.664272030651343,0.10984369393679348,0.08175404260592435,0.02808965133086913,0.25992437345218056
kolkata_ssp585_near_2030s_heatwave_extreme_2032,a118ca5433c562392eab8747151db535326695bd3bd0dd310fc2cc4cccc2462b,bottom,6.536765387909433,7.505986590038314,21.174568965517242,0.0881223097910181,0.05842639490847911,0.029695914882538997,0.19358563764749645
kolkata_ssp585_near_2030s_heatwave_extreme_2032,a118ca5433c562392eab8747151db535326695bd3bd0dd310fc2cc4cccc2462b,middle,11.659822301405422,11.980363984674328,23.006465517241377,0.09754397476949389,0.06831787555968817,0.02922609920980572,0.21561471719602332
kolkata_ssp585_near_2030s_heatwave_extreme_2032,a118ca5433c562392eab8747151db535326695bd3bd0dd310fc2cc4cccc2462b,top,10.163140041609822,10.44300766283525,17.52873563218391,0.09201827427934581,0.062002889618016206,0.030015384661329598,0.18901243553869837
kolkata_ssp585_near_2030s_hot_2030,dff24493c23186a676e53331d53bf5786b75b5a98aee2f6aa5b6a8595d429dc3,bottom,9.362988248624356,11.210488505747126,32.72270114942529,0.09819787401321249,0.07011738508938314,0.02808048892382935,0.23657882445730447
kolkata_ssp585_near_2030s_hot_2030,dff24493c23186a676e53331d53bf5786b75b5a98aee2f6aa5b6a8595d429dc3,middle,14.731088624750324,15.448994252873563,30.11853448275862,0.10833740115664776,0.08080803196495709,0.027529369191690668,0.26779309038324306
kolkata_ssp585_near_2030s_hot_2030,dff24493c23186a676e53331d53bf5786b75b5a98aee2f6aa5b6a8595d429dc3,top,12.621265352357511,13.316570881226053,22.737068965517242,0.10116161379637184,0.07253352825122038,0.02862808554515146,0.2334492140532829
kolkata_ssp585_near_2030s_typical_2038,bcad77c3fdb34b0677fee3a8f686ce37dc84fd5c2b5e13ad31a6a755dac22184,bottom,7.24883814163291,8.187260536398467,21.138649425287355,0.09061637794798834,0.060651475050682725,0.029964902897305593,0.2005494423082781
kolkata_ssp585_near_2030s_typical_2038,bcad77c3fdb34b0677fee3a8f686ce37dc84fd5c2b5e13ad31a6a755dac22184,middle,9.721910695898792,10.462164750957854,20.749521072796934,0.0954704531028901,0.06594101661794433,0.029529436484945777,0.21224061486775217
kolkata_ssp585_near_2030s_typical_2038,bcad77c3fdb34b0677fee3a8f686ce37dc84fd5c2b5e13ad31a6a755dac22184,top,9.300630570229087,9.788074712643677,16.47509578544061,0.09176739212825596,0.0614412077202457,0.030326184408010274,0.1905037383978628
phoenix_ssp245_baseline_2020s_heatwave_extreme_2025,0d0ddb81e56c9f74cbca1a5fc9816bf7122a7cad0dcb054c568812e458022920,bottom,4.621887552831,8.292624521072797,27.22102490421456,0.10043980239223306,0.07163319167276355,0.028806610719469515,0.20005468237834573
phoenix_ssp245_baseline_2020s_heatwave_extreme_2025,0d0ddb81e56c9f74cbca1a5fc9816bf7122a7cad0dcb054c568812e458022920,middle,6.428930633964159,9.036159003831418,30.37595785440613,0.10062445810084135,0.07269516388111512,0.02792929421972623,0.2059101374380335
phoenix_ssp245_baseline_2020s_heatwave_extreme_2025,0d0ddb81e56c9f74cbca1a5fc9816bf7122a7cad0dcb054c568812e458022920,top,6.277495748765148,9.031369731800766,28.376436781609193,0.10019763235007317,0.07161678703965996,0.028580845310413227,0.19534204770752694
phoenix_ssp245_baseline_2020s_hot_2028,8858cdf9ea6645c73236c6359087dcf2ca28966677852f3c0ba8e68a994bf92c,bottom,5.105769906141308,8.795498084291188,26.969588122605366,0.10046320211154523,0.07116269384301141,0.029300508268533833,0.20395014383115276
phoenix_ssp245_baseline_2020s_hot_2028,8858cdf9ea6645c73236c6359087dcf2ca28966677852f3c0ba8e68a994bf92c,middle,6.951814013816063,9.70426245210728,30.884818007662833,0.10149272012668278,0.07308212955363,0.028410590573052782,0.20956194336695844
phoenix_ssp245_baseline_2020s_hot_2028,8858cdf9ea6645c73236c6359087dcf2ca28966677852f3c0ba8e68a994bf92c,top,6.719049345723489,9.481561302681992,28.424329501915707,0.1016177343120427,0.07265810506060513,0.02895962925143754,0.20270122869656518
phoenix_ssp245_baseline_2020s_typical_2026,caff98e2da820bd4346dd96dddc9e29f4a10db0b6858ee6a0db1c01a0af1c012,bottom,4.327517418769796,7.587404214559387,26.44276819923372,0.09781783863235266,0.0693928863657224,0.02842495226663026,0.20125357905207977
phoenix_ssp245_baseline_2020s_typical_2026,caff98e2da820bd4346dd96dddc9e29f4a10db0b6858ee6a0db1c01a0af1c012,middle,6.292338273008917,8.862547892720308,31.375718390804597,0.09876846237308466,0.07079154117310399,0.027976921199980676,0.20387406607722464
phoenix_ssp245_baseline_2020s_typical_2026,caff98e2da820bd4346dd96dddc9e29f4a10db0b6858ee6a0db1c01a0af1c012,top,5.991348979605585,8.64463601532567,29.48994252873563,0.09819729640400267,0.06983121463364786,0.028366081770354813,0.19692562035025707
phoenix_ssp245_late_2080s_heatwave_extreme_2086,6744cc58750d2edf21cd83d41f785a37ea7e5149389e07c41a881c82dc413a90,bottom,10.687529288232732,17.303639846743295,42.834051724137936,0.11700260441790918,0.08662919601723758,0.030373408400671577,0.2403761798765969
phoenix_ssp245_late_2080s_heatwave_extreme_2086,6744cc58750d2edf21cd83d41f785a37ea7e5149389e07c41a881c82dc413a90,middle,15.712202064904615,18.860153256704983,46.138649425287355,0.12550382343290706,0.09681293783787832,0.028690885595028734,0.2749196115922452
phoenix_ssp245_late_2080s_heatwave_extreme_2086,6744cc58750d2edf21cd83d41f785a37ea7e5149389e07c41a881c82dc413a90,top,15.692039008465395,19.073275862068968,44.935344827586206,0.1259910871213503,0.09678120250988026,0.029209884611470012,0.27021556473629305
phoenix_ssp245_late_2080s_hot_2086,6744cc58750d2edf21cd83d41f785a37ea7e5149389e07c41a881c82dc413a90,bottom,10.687529288232732,17.303639846743295,42.834051724137936,0.11700260441790918,0.08662919601723758,0.030373408400671577,0.2403761798765969
phoenix_ssp245_late_2080s_hot_2086,6744cc58750d2edf21cd83d41f785a37ea7e5149389e07c41a881c82dc413a90,middle,15.712202064904615,18.860153256704983,46.138649425287355,0.12550382343290706,0.09681293783787832,0.028690885595028734,0.2749196115922452
phoenix_ssp245_late_2080s_hot_2086,6744cc58750d2edf21cd83d41f785a37ea7e5149389e07c41a881c82dc413a90,top,15.692039008465395,19.073275862068968,44.935344827586206,0.1259910871213503,0.09678120250988026,0.029209884611470012,0.27021556473629305
phoenix_ssp245_late_2080s_typical_2081,0fbefa867e9928c0bb1cc49fe72c0f4128fa48b989b19ec606cfda1c01f433a6,bottom,9.867159213359365,14.237308429118775,33.66858237547893,0.11322825718087355,0.08440401926360921,0.02882423791726433,0.23805851166646355
phoenix_ssp245_late_2080s_typical_2081,0fbefa867e9928c0bb1cc49fe72c0f4128fa48b989b19ec606cfda1c01f433a6,middle,13.022593157862792,15.198754789272032,35.8536877394636,0.11824128986349276,0.0905314249308346,0.027709864932658174,0.25785369702362937
phoenix_ssp245_late_2080s_typical_2081,0fbefa867e9928c0bb1cc49fe72c0f4128fa48b989b19ec606cfda1c01f433a6,top,12.722833315603516,15.075431034482758,33.231561302681996,0.11836609119182044,0.09017652599665714,0.028189565195163312,0.25062106106711074
phoenix_ssp245_mid_2050s_heatwave_extreme_2051,be8dc0133e083cd8c1d24c56ba4db934a34890a8b37021ddfafebed6e4a1b58c,bottom,8.916359497818586,13.894875478927204,32.91427203065134,0.11244604188647511,0.08413841591295113,0.028307625973523976,0.23789822619906814
phoenix_ssp245_mid_2050s_heatwave_extreme_2051,be8dc0133e083cd8c1d24c56ba4db934a34890a8b37021ddfafebed6e4a1b58c,middle,12.434563719128455,14.728208812260538,36.15301724137931,0.11762921473814344,0.09033362164215193,0.027295593095991482,0.2571289370953936
phoenix_ssp245_mid_2050s_heatwave_extreme_2051,be8dc0133e083cd8c1d24c56ba4db934a34890a8b37021ddfafebed6e4a1b58c,top,11.905231182033624,14.406130268199233,33.89607279693487,0.11703375797143627,0.08899004285720784,0.028043715114228426,0.2466664708576105
phoenix_ssp245_mid_2050s_hot_2058,c9010d03aa6182e68d33f78aa09802804f1d72a4b4dcadc7fd5cfc96dc58bab4,bottom,8.708073149374162,14.806034482758621,36.38649425287356,0.11547520216072761,0.0863252722464066,0.029149929914320995,0.2496843131688892
phoenix_ssp245_mid_2050s_hot_2058,c9010d03aa6182e68d33f78aa09802804f1d72a4b4dcadc7fd5cfc96dc58bab4,middle,12.828617662550784,15.906369731800766,39.40972222222222,0.1208993650159772,0.09366181811835846,0.02723754689761875,0.2790908058014917
phoenix_ssp245_mid_2050s_hot_2058,c9010d03aa6182e68d33f78aa09802804f1d72a4b4dcadc7fd5cfc96dc58bab4,top,12.918454327417708,16.167385057471265,37.5,0.12222354465259459,0.09440510306906895,0.027818441583525644,0.2753149633445048
phoenix_ssp245_mid_2050s_typical_2054,0af2fcca7500742402d81c2431842e213d2102d850590f7a81ec76d97c5c59f4,bottom,7.24005729529273,11.719348659003831,31.58524904214559,0.1083587028093102,0.07932306738234904,0.02903563542696115,0.22610927355241153
phoenix_ssp245_mid_2050s_typical_2054,0af2fcca7500742402d81c2431842e213d2102d850590f7a81ec76d97c5c59f4,middle,10.260593204257935,12.982519157088124,35.757902298850574,0.11210575746516573,0.0839230885030394,0.028182668962126334,0.24094489624419022
phoenix_ssp245_mid_2050s_typical_2054,0af2fcca7500742402d81c2431842e213d2102d850590f7a81ec76d97c5c59f4,top,10.33584501557767,13.061542145593869,33.22557471264368,0.11272283371485216,0.08410785858715052,0.028614975127701645,0.23636601047619857
phoenix_ssp245_near_2030s_heatwave_extreme_2039,e6d2cd6c870e122cd81b10c961364c010a953a3e9ea53dbeff88bf262460b6dc,bottom,7.308709196871901,12.720306513409962,34.105603448275865,0.11014323241597962,0.08019121544908316,0.029952016966896478,0.22502065506976945
phoenix_ssp245_near_2030s_heatwave_extreme_2039,e6d2cd6c870e122cd81b10c961364c010a953a3e9ea53dbeff88bf262460b6dc,middle,11.021250979033292,14.11278735632184,37.90110153256705,0.11551855331169243,0.08717624392133407,0.028342309390358367,0.24874822578078862
phoenix_ssp245_near_2030s_heatwave_extreme_2039,e6d2cd6c870e122cd81b10c961364c010a953a3e9ea53dbeff88bf262460b6dc,top,11.195343438327322,14.240900383141764,35.03951149425287,0.11681018342435903,0.08778999816816128,0.02902018525619772,0.24367385087518828
phoenix_ssp245_near_2030s_hot_2039,e6d2cd6c870e122cd81b10c961364c010a953a3e9ea53dbeff88bf262460b6dc,bottom,7.308709196871901,12.720306513409962,34.105603448275865,0.11014323241597962,0.08019121544908316,0.029952016966896478,0.22502065506976945
phoenix_ssp245_near_2030s_hot_2039,e6d2cd6c870e122cd81b10c961364c010a953a3e9ea53dbeff88bf262460b6dc,middle,11.021250979033292,14.11278735632184,37.90110153256705,0.11551855331169243,0.08717624392133407,0.028342309390358367,0.24874822578078862
phoenix_ssp245_near_2030s_hot_2039,e6d2cd6c870e122cd81b10c961364c010a953a3e9ea53dbeff88bf262460b6dc,top,11.195343438327322,14.240900383141764,35.03951149425287,0.11681018342435903,0.08778999816816128,0.02902018525619772,0.24367385087518828
phoenix_ssp245_near_2030s_typical_2034,99573b64473bcfa412e21129eca9e77153220b1b191f8f5172c204d83241638b,bottom,5.629103380609547,9.96647509578544,30.681273946360154,0.1040300693630151,0.07497610549429094,0.029053963868724154,0.21376804175977718
phoenix_ssp245_near_2030s_typical_2034,99573b64473bcfa412e21129eca9e77153220b1b191f8f5172c204d83241638b,middle,8.172677420362136,11.16499042145594,35.28496168582376,0.10605274207309774,0.0779264012470752,0.02812634082602253,0.22333611212840507
phoenix_ssp245_near_2030s_typical_2034,99573b64473bcfa412e21129eca9e77153220b1b191f8f5172c204d83241638b,top,7.7997281056502565,10.965038314176246,33.093869731800766,0.10558462318004276,0.07684231578059779,0.02874230739944499,0.21579807014735694
phoenix_ssp585_baseline_2020s_heatwave_extreme_2025,68d7edcc2b44bec60cbfaa2089a0e0221290e80ed42adb39e8ec44e721974099,bottom,6.859384240169231,11.514607279693486,31.627155172413797,0.1065663398066685,0.07690478547181123,0.02966155433485727,0.212810889513906
phoenix_ssp585_baseline_2020s_heatwave_extreme_2025,68d7edcc2b44bec60cbfaa2089a0e0221290e80ed42adb39e8ec44e721974099,middle,10.057625621659753,12.777777777777777,35.1772030651341,0.11046521903397619,0.0822424566252878,0.028222762408688398,0.23193360266022445
phoenix_ssp585_baseline_2020s_heatwave_extreme_2025,68d7edcc2b44bec60cbfaa2089a0e0221290e80ed42adb39e8ec44e721974099,top,9.891269988180659,12.582614942528735,32.23778735632184,0.11102538844483141,0.08194947452038846,0.02907591392444294,0.2234226666507317
phoenix_ssp585_baseline_2020s_hot_2025,68d7edcc2b44bec60cbfaa2089a0e0221290e80ed42adb39e8ec44e721974099,bottom,6.859384240169231,11.514607279693486,31.627155172413797,0.1065663398066685,0.07690478547181123,0.02966155433485727,0.212810889513906
phoenix_ssp585_baseline_2020s_hot_2025,68d7edcc2b44bec60cbfaa2089a0e0221290e80ed42adb39e8ec44e721974099,middle,10.057625621659753,12.777777777777777,35.1772030651341,0.11046521903397619,0.0822424566252878,0.028222762408688398,0.23193360266022445
phoenix_ssp585_baseline_2020s_hot_2025,68d7edcc2b44bec60cbfaa2089a0e0221290e80ed42adb39e8ec44e721974099,top,9.891269988180659,12.582614942528735,32.23778735632184,0.11102538844483141,0.08194947452038846,0.02907591392444294,0.2234226666507317
phoenix_ssp585_baseline_2020s_typical_2029,9930595e7b5a2779e36842ddfb438c0b2644f2bb185b73fcddc0d63faf936230,bottom,6.375336282608767,10.868055555555555,30.926724137931032,0.1043896881540624,0.0763818718073277,0.028007816346734715,0.2160693676305388
phoenix_ssp585_baseline_2020s_typical_2029,9930595e7b5a2779e36842ddfb438c0b2644f2bb185b73fcddc0d63faf936230,middle,9.728475314703157,12.543103448275861,35.91954022988506,0.10864173901290053,0.08131433966753715,0.027327399345363365,0.23259313298796164
phoenix_ssp585_baseline_2020s_typical_2029,9930595e7b5a2779e36842ddfb438c0b2644f2bb185b73fcddc0d63faf936230,top,9.518580002370742,12.419779693486591,33.47102490421456,0.10855964864960213,0.08068628987647246,0.027873358773129655,0.22410634950524574
phoenix_ssp585_late_2080s_heatwave_extreme_2085,026041473fc7f9b78d895b89c8aaf33f4feedac65d166d31c546ff3c757ee8dd,bottom,18.43889846552962,24.719827586206897,45.12691570881226,0.14132076226471796,0.11138928522606147,0.029931477038656507,0.30879085053782435
phoenix_ssp585_late_2080s_heatwave_extreme_2085,026041473fc7f9b78d895b89c8aaf33f4feedac65d166d31c546ff3c757ee8dd,middle,24.160431547690113,26.260775862068964,48.03639846743295,0.1545645924811922,0.12659469217881414,0.027969900302378024,0.35593952443899457
phoenix_ssp585_late_2080s_heatwave_extreme_2085,026041473fc7f9b78d895b89c8aaf33f4feedac65d166d31c546ff3c757ee8dd,top,24.340671911567387,26.267959770114942,45.815373563218394,0.15702597866703416,0.12854324892248742,0.028482729744546704,0.3551831100609826
phoenix_ssp585_late_2080s_hot_2089,029bb088f6e6182948f1209f1955a32e9cf3644aa9d495003d33e6e5cf65d5e8,bottom,22.83565288004147,28.365660919540232,46.162595785440615,0.15347132917389897,0.12597329404400892,0.027498035129890075,0.3606666472907022
phoenix_ssp585_late_2080s_hot_2089,029bb088f6e6182948f1209f1955a32e9cf3644aa9d495003d33e6e5cf65d5e8,middle,28.43732013518359,29.835967432950188,48.55723180076628,0.16842492113919366,0.14286123670177964,0.02556368443741405,0.41006555183023746
phoenix_ssp585_late_2080s_hot_2089,029bb088f6e6182948f1209f1955a32e9cf3644aa9d495003d33e6e5cf65d5e8,top,28.49658868510323,29.81441570881226,46.19252873563218,0.17094058801238354,0.1449725966197531,0.025967991392630438,0.41049095626562426
phoenix_ssp585_late_2080s_typical_2081,81ac0048ad2f5de4a2dbb2cae8f7eb472df825f61e01ea02deaae83f80b5ed94,bottom,17.4768649132232,23.42073754789272,46.707375478927204,0.1337944537610629,0.10465385441127813,0.029140599349784753,0.3003426212747884
phoenix_ssp585_late_2080s_typical_2081,81ac0048ad2f5de4a2dbb2cae8f7eb472df825f61e01ea02deaae83f80b5ed94,middle,23.19597528523036,24.803639846743295,47.89870689655172,0.14467766476182686,0.11750422960809193,0.02717343515373494,0.3413560914477166
phoenix_ssp585_late_2080s_typical_2081,81ac0048ad2f5de4a2dbb2cae8f7eb472df825f61e01ea02deaae83f80b5ed94,top,22.751518242750794,24.777298850574713,46.01891762452107,0.1455550626567194,0.11816106690447284,0.02739399575224655,0.3390731045548456
phoenix_ssp585_mid_2050s_heatwave_extreme_2057,08f215412b8c4e4d8c55e6db29f5a8e755f9abb21feaaa6bdec3564cf53d8cdb,bottom,9.123046326936086,14.968869731800766,37.236590038314176,0.1137665428432908,0.08272762735916438,0.03103891548412642,0.22419252728907157
phoenix_ssp585_mid_2050s_heatwave_extreme_2057,08f215412b8c4e4d8c55e6db29f5a8e755f9abb21feaaa6bdec3564cf53d8cdb,middle,13.260715523580052,15.957854406130267,39.9066091954023,0.119197455480885,0.08997869278159767,0.029218762699287342,0.2512179431690676
phoenix_ssp585_mid_2050s_heatwave_extreme_2057,08f215412b8c4e4d8c55e6db29f5a8e755f9abb21feaaa6bdec3564cf53d8cdb,top,13.034023636157514,15.866858237547893,37.47006704980843,0.11889709065695425,0.08895181110515,0.029945279551804264,0.24333426014909962
phoenix_ssp585_mid_2050s_hot_2057,08f215412b8c4e4d8c55e6db29f5a8e755f9abb21feaaa6bdec3564cf53d8cdb,bottom,9.123046326936086,14.968869731800766,37.236590038314176,0.1137665428432908,0.08272762735916438,0.03103891548412642,0.22419252728907157
phoenix_ssp585_mid_2050s_hot_2057,08f215412b8c4e4d8c55e6db29f5a8e755f9abb21feaaa6bdec3564cf53d8cdb,middle,13.260715523580052,15.957854406130267,39.9066091954023,0.119197455480885,0.08997869278159767,0.029218762699287342,0.2512179431690676
phoenix_ssp585_mid_2050s_hot_2057,08f215412b8c4e4d8c55e6db29f5a8e755f9abb21feaaa6bdec3564cf53d8cdb,top,13.034023636157514,15.866858237547893,37.47006704980843,0.11889709065695425,0.08895181110515,0.029945279551804264,0.24333426014909962
phoenix_ssp585_mid_2050s_typical_2050,a7184762904e298e96317de990de6ecb47fb5aba8de0395518d35c9bd65b6f44,bottom,8.911941750307701,13.747605363984675,29.41810344827586,0.11467357180273813,0.08698479762137198,0.027688774181366133,0.24875577306194419
phoenix_ssp585_mid_2050s_typical_2050,a7184762904e298e96317de990de6ecb47fb5aba8de0395518d35c9bd65b6f44,middle,13.067205767691645,14.86111111111111,32.51317049808429,0.1203876095011605,0.09386300245578506,0.026524607045375438,0.2726834141185547
phoenix_ssp585_mid_2050s_typical_2050,a7184762904e298e96317de990de6ecb47fb5aba8de0395518d35c9bd65b6f44,top,12.692676904213263,14.73419540229885,30.68726053639847,0.12066807094053361,0.09346108701513332,0.027206983925400295,0.26462946477555693
phoenix_ssp585_near_2030s_heatwave_extreme_2033,ea54b2e4dd6eb589b23c327a2b82ad7b287c49fcc98ded734b6ebde1f2e27f24,bottom,7.889278946377111,13.13338122605364,34.97365900383142,0.11088334105478488,0.08047337682719376,0.03040996422759115,0.22153829845453654
phoenix_ssp585_near_2030s_heatwave_extreme_2033,ea54b2e4dd6eb589b23c327a2b82ad7b287c49fcc98ded734b6ebde1f2e27f24,middle,11.351074589469299,14.119971264367818,38.457854406130274,0.11607902136963755,0.08698718619470569,0.029091835174931854,0.2439689556465689
phoenix_ssp585_near_2030s_heatwave_extreme_2033,ea54b2e4dd6eb589b23c327a2b82ad7b287c49fcc98ded734b6ebde1f2e27f24,top,11.06737309647539,14.134339080459771,36.56609195402299,0.11580361458120914,0.08605916965276444,0.029744444928444688,0.2362801056220383
phoenix_ssp585_near_2030s_hot_2033,ea54b2e4dd6eb589b23c327a2b82ad7b287c49fcc98ded734b6ebde1f2e27f24,bottom,7.889278946377111,13.13338122605364,34.97365900383142,0.11088334105478488,0.08047337682719376,0.03040996422759115,0.22153829845453654
phoenix_ssp585_near_2030s_hot_2033,ea54b2e4dd6eb589b23c327a2b82ad7b287c49fcc98ded734b6ebde1f2e27f24,middle,11.351074589469299,14.119971264367818,38.457854406130274,0.11607902136963755,0.08698718619470569,0.029091835174931854,0.2439689556465689
phoenix_ssp585_near_2030s_hot_2033,ea54b2e4dd6eb589b23c327a2b82ad7b287c49fcc98ded734b6ebde1f2e27f24,top,11.06737309647539,14.134339080459771,36.56609195402299,0.11580361458120914,0.08605916965276444,0.029744444928444688,0.2362801056220383
phoenix_ssp585_near_2030s_typical_2034,23ed4991b8e0e87f17ebee62951ae28902d1bd48190b55555a1e4347f6ef095f,bottom,5.699832653048087,10.05507662835249,30.866858237547895,0.10396910152110882,0.07430665424891739,0.02966244727219145,0.2053785969950567
phoenix_ssp585_near_2030s_typical_2034,23ed4991b8e0e87f17ebee62951ae28902d1bd48190b55555a1e4347f6ef095f,middle,8.328098739434003,11.206896551724139,33.955938697318004,0.1065104049296371,0.07778619113316794,0.028724213796469184,0.21742859968272138
phoenix_ssp585_near_2030s_typical_2034,23ed4991b8e0e87f17ebee62951ae28902d1bd48190b55555a1e4347f6ef095f,top,8.166828064842832,11.130268199233717,31.96240421455939,0.10682482683925561,0.0775346811997177,0.029290145639537933,0.2100147215224131
