model,event,threshold,scenario,severity,baseline_n_steps,late_n_steps,baseline_equal_zone_mean_high_pct,late_equal_zone_mean_high_pct,late_minus_baseline_equal_zone_mean_high_pct_pp,baseline_area_weighted_mean_high_pct,late_area_weighted_mean_high_pct,late_minus_baseline_area_weighted_mean_high_pct_pp,baseline_zone_p90_high_pct,late_zone_p90_high_pct,late_minus_baseline_zone_p90_high_pct_pp,baseline_any_zone_high_pct,late_any_zone_high_pct,late_minus_baseline_any_zone_high_pct_pp,baseline_hidden_any_zone_pct,late_hidden_any_zone_pct,late_minus_baseline_hidden_any_zone_pct_pp,baseline_hidden_p90_pct,late_hidden_p90_pct,late_minus_baseline_hidden_p90_pct_pp,baseline_area_weighted_zone_time_high_pct,late_area_weighted_zone_time_high_pct,late_minus_baseline_area_weighted_zone_time_high_pct_pp
no_pmv_ordinal,broad_tail,0.05,ssp245,heatwave_extreme,100224,100224,99.28959131545338,99.45522030651341,0.16562899106003215,99.6936861430396,99.75055874840358,0.05687260536397787,99.89024584929757,99.96108716475096,0.0708413154533929,100.0,100.0,0.0,0.7104086845466157,0.54477969348659,-0.1656289910600256,0.600654533844189,0.5068646232439336,-0.09378991060025543,96.60768101739892,96.89088550738931,0.28320448999039627
no_pmv_ordinal,broad_tail,0.05,ssp245,hot,100224,100224,99.1070003192848,99.41131864623244,0.3043183269476515,99.63182471264368,99.75355204342273,0.12172733077905207,99.8882503192848,99.91419220945083,0.025941890166038206,100.0,99.99900223499361,-0.0009977650063888177,0.892999680715198,0.5876835887611749,-0.3053160919540231,0.78125,0.5028735632183908,-0.27837643678160917,96.31395737515817,96.89297584349218,0.5790184683340129
no_pmv_ordinal,broad_tail,0.05,ssp245,typical,100224,100224,98.79769316730524,99.16387292464879,0.366179757343545,99.4901420817369,99.55898786717752,0.06884578544061526,99.80942688378033,99.86430395913155,0.054877075351214444,99.99800446998724,100.0,0.0019955300127634246,1.2003113026819925,0.8361270753512133,-0.36418422733077915,1.011733716475096,0.7004310344827587,-0.31130268199233724,95.81342678604587,96.33756266369339,0.5241358776475238
no_pmv_ordinal,broad_tail,0.05,ssp585,heatwave_extreme,100224,100224,99.16786398467433,99.51508620689656,0.34722222222222854,99.60189176245211,99.8323754789272,0.23048371647509214,99.85233077905492,99.95609833971902,0.10376756066409598,100.0,100.0,0.0,0.8321360153256706,0.4849137931034483,-0.3472222222222223,0.6844667943805876,0.44101213282247764,-0.2434546615581099,96.51435580683989,97.26399338698916,0.749637580149269
no_pmv_ordinal,broad_tail,0.05,ssp585,hot,100224,100224,99.30356002554278,99.38837005108557,0.08481002554279371,99.69568167305236,99.74956098339719,0.053879310344825626,99.90321679438058,99.9511095146871,0.04789272030652114,99.99501117496807,100.0,0.004988825031929878,0.6914511494252874,0.6116299489144317,-0.07982120051085573,0.5996567688378033,0.5627394636015326,-0.03691730523627068,96.52637437127676,96.93908188555437,0.41270751427761354
no_pmv_ordinal,broad_tail,0.05,ssp585,typical,100224,100224,98.92440932311622,99.3175287356322,0.39311941251597204,99.42428959131546,99.64280012771393,0.21851053639846896,99.8333732439336,99.92017879948915,0.08680555555555713,99.99900223499361,99.9940134099617,-0.004988825031915667,1.0745929118773947,0.6764846743295019,-0.3981082375478928,0.908963920817369,0.6026500638569604,-0.3063138569604086,95.93411414768792,96.91372616898684,0.9796120212989194
no_pmv_ordinal,broad_tail,0.06,ssp245,heatwave_extreme,100224,100224,90.5910759897829,92.1186542145594,1.527578224776505,91.65569125159642,92.6823914431673,1.0267001915708818,95.83632662835248,96.67544699872286,0.8391203703703809,97.98551245210729,98.78472222222221,0.7992097701149277,7.394436462324393,6.666068007662836,-0.728368454661557,5.24624840357599,4.558788314176245,-0.6874600893997451,79.0281245545836,81.74324809554967,2.7151235409660757
no_pmv_ordinal,broad_tail,0.06,ssp245,hot,100224,100224,90.68287037037037,91.95202745849298,1.2691570881226113,91.35436621966795,92.6624361430396,1.3080699233716473,95.65573116219667,96.53875319284802,0.8830220306513468,97.89870689655173,98.76776021711366,0.8690533205619317,7.215836526181353,6.8157327586206895,-0.40010376756066357,4.973858556832695,4.586725734355045,-0.3871328224776507,79.27728428776646,81.33373386226836,2.0564495745018974
no_pmv_ordinal,broad_tail,0.06,ssp245,typical,100224,100224,88.64942528735632,90.27777777777779,1.628352490421463,89.65317688378033,90.98219987228607,1.3290229885057414,94.84155491698594,95.55894795657727,0.7173930395913288,97.78097062579822,98.11222860791827,0.3312579821200501,9.13154533844189,7.834450830140486,-1.297094508301405,6.19212962962963,5.284163473818646,-0.9079661558109837,75.92716919544813,78.58554357723104,2.658374381782906
no_pmv_ordinal,broad_tail,0.06,ssp585,heatwave_extreme,100224,100224,90.60504469987228,93.20322477650063,2.5981800766283527,91.64870689655173,93.57638888888889,1.9276819923371562,95.67967752234993,97.25814176245211,1.5784642401021785,98.12420178799489,99.14790868454662,1.0237068965517295,7.519157088122605,5.9446839080459775,-1.5744731800766276,5.077626117496807,4.05691251596424,-1.0207136015325675,78.916272035095,83.60095947444876,4.684687439353752
no_pmv_ordinal,broad_tail,0.06,ssp585,hot,100224,100224,90.96124680715198,92.32120051085569,1.3599537037037095,91.74948116219667,92.72130427841635,0.9718231162196815,95.6607199872286,96.71934865900383,1.0586286717752245,98.04936941251596,99.01221264367817,0.9628432311622106,7.088122605363985,6.691012132822477,-0.3971104725415078,4.702466475095785,4.401141443167305,-0.3013250319284806,79.47076912050763,82.58569176183343,3.114922641325805
no_pmv_ordinal,broad_tail,0.06,ssp585,typical,100224,100224,89.48655012771393,91.9151101532567,2.4285600255427795,90.26480683269476,92.79214559386973,2.527338761174974,94.87547892720306,96.36214878671775,1.4866698595146914,97.42177522349937,98.55324074074075,1.1314655172413808,7.935225095785441,6.638130587484035,-1.2970945083014058,5.388928799489144,4.448036398467433,-0.9408924010217108,76.80291198085703,81.44328094157018,4.640368960713147
no_pmv_ordinal,broad_tail,0.07,ssp245,heatwave_extreme,100224,100224,79.12276500638569,82.76161398467433,3.6388489782886353,76.61737707535121,80.5944683908046,3.9770913154533787,93.90565134099617,94.82259738186463,0.9169460408684529,97.89571360153256,98.72984514687101,0.834131545338451,18.77294859514687,15.96823116219668,-2.8047174329501914,14.782886334610474,12.060983397190293,-2.7219029374201806,77.83377684134962,80.78062032094016,2.946843479590541
no_pmv_ordinal,broad_tail,0.07,ssp245,hot,100224,100224,80.06764846743295,82.28468231162196,2.217033844189018,76.90573116219667,79.85312899106003,2.947397828863359,93.62029054916987,94.6499840357599,1.029693486590034,97.76999521072797,98.66898148148148,0.898986270753511,17.70234674329502,16.384299169859514,-1.318047573435507,13.55264208173691,12.36530172413793,-1.1873403575989787,78.04967468892714,80.35346860417829,2.3037939152511484
no_pmv_ordinal,broad_tail,0.07,ssp245,typical,100224,100224,75.97182311621967,78.52709929757343,2.5552761813537614,72.3489383780332,76.19432471264368,3.845386334610481,92.25933908045977,93.4915788633461,1.2322397828863387,97.62332375478927,97.98651021711366,0.3631864623243928,21.651500638569605,19.45941091954023,-2.1920897190293758,16.2875159642401,14.96447956577267,-1.3230363984674298,74.72945140808675,77.38485420772815,2.655402799641408
no_pmv_ordinal,broad_tail,0.07,ssp585,heatwave_extreme,100224,100224,78.84139527458493,84.23132183908046,5.389926564495539,76.1713761174968,82.4982040229885,6.326827905491697,93.68314974457216,95.67069763729246,1.9875478927203005,98.02043422733078,99.0930316091954,1.0725973818646253,19.17903895274585,14.861709770114942,-4.317329182630907,14.841754469987228,11.439375798212005,-3.4023786717752227,77.62776370422824,82.69266735110783,5.064903646879586
no_pmv_ordinal,broad_tail,0.07,ssp585,hot,100224,100224,79.60268997445722,83.35827745849298,3.7555874840357575,77.15317688378033,81.26097541507025,4.107798531289916,93.91064016602809,94.96128671775223,1.0506465517241423,97.93662196679438,98.92939814814815,0.9927761813537757,18.333931992337167,15.57112068965517,-2.762811302681996,14.307950191570882,11.60300925925926,-2.7049409323116222,78.05774745353357,81.66022007403461,3.6024726205010467
no_pmv_ordinal,broad_tail,0.07,ssp585,typical,100224,100224,76.2551883780332,81.9973259897829,5.742137611749698,73.018438697318,79.76532567049809,6.746886973180082,92.74624840357599,94.53424329501917,1.7879948914431765,97.25913952745849,98.45745530012772,1.1983157726692326,21.003951149425287,16.46012931034483,-4.543821839080458,16.491060025542783,12.536917305236269,-3.954142720306514,75.54497695984668,80.55914420238003,5.014167242533347
no_pmv_ordinal,broad_tail,0.08,ssp245,heatwave_extreme,100224,100224,59.69827586206896,66.22665229885058,6.52837643678162,58.28444284802043,64.53544061302682,6.250997765006389,84.01979565772669,86.4812819284802,2.461486270753511,92.08073914431672,93.76097541507025,1.6802362707535252,32.38246328224776,27.534323116219667,-4.848140166028095,24.361430395913157,20.293542464878673,-4.067887931034484,56.448985122009695,61.19973149234649,4.750746370336792
no_pmv_ordinal,broad_tail,0.08,ssp245,hot,100224,100224,60.64814814814815,65.84151500638569,5.193366858237539,58.70250638569604,64.1952027458493,5.492696360153261,84.30715197956577,86.26476692209451,1.9576149425287355,91.96400063856962,93.56242017879948,1.5984195402298695,31.31585249042146,27.720905172413797,-3.5949473180076623,23.691930076628353,20.459171455938694,-3.2327586206896584,56.44601189568148,59.77287841388726,3.326866518205783
no_pmv_ordinal,broad_tail,0.08,ssp245,typical,100224,100224,55.15445402298851,60.64415708812261,5.489703065134101,53.125,59.352051404853135,6.227051404853135,81.18414750957854,83.84319125159642,2.659043742017886,90.73076309067687,92.31820721583652,1.5874441251596494,35.57630906768838,31.674050127713922,-3.9022589399744554,26.055635376756065,23.240940293742018,-2.8146950830140476,52.13517889884047,57.32851941203967,5.193340513199196
no_pmv_ordinal,broad_tail,0.08,ssp585,heatwave_extreme,100224,100224,59.70725574712644,70.99996008939975,11.29270434227331,58.185664112388245,69.90640964240103,11.720745530012785,83.37025063856962,88.04976851851852,4.679517879948904,91.90313697318008,94.42349137931035,2.5203544061302665,32.19588122605364,23.423531289910603,-8.77234993614304,23.676963601532567,17.099696679438058,-6.577266922094509,56.91612832260042,65.4809405219367,8.56481219933628
no_pmv_ordinal,broad_tail,0.08,ssp585,hot,100224,100224,61.087164750957854,69.9213761174968,8.834211366538952,59.0267800127714,68.45865261813537,9.431872605363978,83.85316890166028,87.3952346743295,3.5420657726692184,92.0887212643678,93.97349936143038,1.8847780970625791,31.001556513409962,24.052123243933586,-6.949433269476376,22.777977330779056,17.52374680715198,-5.254230523627076,56.98445199764524,64.33931738928135,7.35486539163611
no_pmv_ordinal,broad_tail,0.08,ssp585,typical,100224,100224,54.59869891443168,66.92708333333334,12.328384418901663,53.55004789272031,65.27478448275862,11.724736590038312,81.0484514687101,86.84347062579822,5.79501915708812,90.54717432950191,94.0642959770115,3.5171216475095832,35.94847541507024,27.13721264367816,-8.81126277139208,26.491658684546614,19.942329182630907,-6.549329501915707,52.604654136991904,62.06766716646226,9.463013029470353
no_pmv_ordinal,broad_tail,0.09,ssp245,heatwave_extreme,100224,100224,44.64699074074074,52.173132183908045,7.526141443167305,42.86298690932311,50.76827905491699,7.905292145593876,59.94073275862068,66.36334610472542,6.42261334610474,70.83832215836526,75.8929996807152,5.054677522349948,26.191331417624518,23.71986749680715,-2.471463920817367,15.399505108556832,14.285999361430395,-1.1135057471264371,32.4615135754682,39.92869236955753,7.467178794089328
no_pmv_ordinal,broad_tail,0.09,ssp245,hot,100224,100224,44.52725893997446,52.69496328224776,8.167704342273304,42.582614942528735,50.863066730523634,8.280451787994899,60.53939176245211,66.71954821200511,6.180156449552996,71.32223818646233,75.97381864623244,4.651580459770116,26.794979246487866,23.278855363984675,-3.516123882503191,16.13286238825032,14.129350255427841,-2.003512132822479,32.127829805101015,38.88756695874972,6.759737153648707
no_pmv_ordinal,broad_tail,0.09,ssp245,typical,100224,100224,40.08820242656449,47.251157407407405,7.162954980842912,37.94500319284802,45.72357918263091,7.778575989782887,55.301125478927204,61.77861590038314,6.477490421455933,66.16977969348659,71.85903575989782,5.689256066411232,26.081577266922096,24.607878352490424,-1.4736989144316723,15.276780012771393,14.650183588761175,-0.6265964240102182,27.76258044164168,35.27875368130886,7.516173239667175
no_pmv_ordinal,broad_tail,0.09,ssp585,heatwave_extreme,100224,100224,45.07902298850575,59.49273627075351,14.413713282247762,43.31896551724138,58.068925606641116,14.749960089399735,60.06645114942529,71.97278097062579,11.9063298212005,70.40728767560664,80.62041028097062,10.213122605363978,25.328264687100894,21.127674010217113,-4.200590676883781,15.079222541507024,12.602769795657725,-2.476452745849299,33.716606400417824,48.331076917547996,14.614470517130172
no_pmv_ordinal,broad_tail,0.09,ssp585,hot,100224,100224,45.9051724137931,58.825231481481474,12.92005906768837,43.63625478927203,57.12803320561941,13.49177841634738,61.29270434227331,70.74253671775223,9.44983237547892,71.62655651340997,79.67852011494253,8.051963601532563,25.721384099616856,20.853288633461048,-4.868095466155808,15.481321839080458,12.059985632183908,-3.42133620689655,33.747416389052006,47.327117088178554,13.579700699126548
no_pmv_ordinal,broad_tail,0.09,ssp585,typical,100224,100224,40.0323275862069,54.714439655172406,14.682112068965509,38.58357279693487,53.0621408045977,14.478568007662837,54.55180395913155,67.22042624521073,12.668622286079184,65.75171615581098,76.76005747126436,11.008341315453379,25.719388569604085,22.04561781609195,-3.673770753512134,14.629230523627076,12.65764687100894,-1.9715836526181363,28.621111678053936,42.030526214180135,13.4094145361262
no_pmv_ordinal,broad_tail,0.1,ssp245,heatwave_extreme,100224,100224,35.9375,44.61905332056194,8.681553320561939,32.62891123882503,41.53595945083014,8.907048212005108,52.29785280970626,59.76712164750958,7.469268837803327,63.29122765006385,69.68789910600255,6.396671455938694,27.35372765006386,25.06884578544061,-2.284881864623248,16.370330459770116,15.198954342273307,-1.1713761174968091,25.581850386725662,33.71564261860838,8.133792231882715
no_pmv_ordinal,broad_tail,0.1,ssp245,hot,100224,100224,35.658125798212005,44.64699074074074,8.988864942528735,31.92249361430396,41.03707694763729,9.114583333333329,52.32579022988506,60.328863346104725,8.003073116219667,63.58656609195402,70.11394476372924,6.527378671775217,27.928440293742018,25.46695402298851,-2.4614862707535075,16.67764208173691,15.73375638569604,-0.9438856960408692,24.859921957161472,32.57238588329599,7.712463926134522
no_pmv_ordinal,broad_tail,0.1,ssp245,typical,100224,100224,31.290908365261817,38.79110791826309,7.50019955300127,28.00726372924649,35.15325670498085,7.145992975734359,47.89671136653895,54.77729885057471,6.8805874840357575,58.73044380587484,65.19097222222221,6.460528416347373,27.439535440613028,26.39986430395913,-1.0396711366538973,16.622765006385695,16.00015964240102,-0.6226053639846754,21.156810032511412,28.092166896665997,6.935356864154585
no_pmv_ordinal,broad_tail,0.1,ssp585,heatwave_extreme,100224,100224,36.38549648786717,52.273906449552996,15.888409961685824,33.293422733077904,49.47118454661558,16.17776181353768,52.31082375478927,65.94827586206897,13.6374521072797,62.61973180076629,75.42305236270754,12.803320561941248,26.234235312899106,23.149145913154534,-3.0850893997445716,15.938298212005108,13.713282247765008,-2.2250159642401,26.463488314549473,42.29015191087345,15.826663596323975
no_pmv_ordinal,broad_tail,0.1,ssp585,hot,100224,100224,36.70677681992337,51.60739942528736,14.900622605363992,33.2864383780332,48.516323435504475,15.229885057471272,53.34251277139208,65.14008620689656,11.797573435504475,64.15429438058749,74.55898786717752,10.404693486590034,27.447517560664114,22.951588441890166,-4.495929118773947,16.648706896551722,13.551644316730524,-3.0970625798211984,26.386890991727853,41.444326985586635,15.057435993858782
no_pmv_ordinal,broad_tail,0.1,ssp585,typical,100224,100224,32.22780970625798,47.242177522349934,15.014367816091955,28.93618295019157,44.01241219667944,15.076229246487873,47.25514846743295,61.16399265644955,13.908844189016598,58.38322158365262,70.79641602809707,12.41319444444445,26.155411877394634,23.554238505747126,-2.6011733716475085,15.039311941251595,13.952745849297573,-1.0865660919540225,22.28291292357323,35.59555822265794,13.31264529908471
no_pmv_ordinal,broad_tail,0.11,ssp245,heatwave_extreme,100224,100224,29.909003831417625,39.42867975734355,9.519675925925927,26.099537037037035,35.60723978288634,9.507702745849304,46.41902139208174,54.20358397190294,7.784562579821198,58.14874680715197,65.18797892720306,7.039232120051089,28.239742975734355,25.759299169859514,-2.4804438058748417,16.5110153256705,14.78388409961686,-1.7271312260536398,23.41614543087407,31.889795604641684,8.473650173767613
no_pmv_ordinal,broad_tail,0.11,ssp245,hot,100224,100224,29.17764208173691,38.95673690932311,9.779094827586203,25.30631385696041,34.61745689655172,9.311143039591311,46.27733876117497,55.05367975734355,8.776340996168585,58.788314176245215,66.26456736909323,7.476253192848013,29.6106720945083,27.307830459770116,-2.302841634738183,17.100694444444446,16.105922733077904,-0.9947717113665426,22.818259030589054,30.827869393208363,8.00961036261931
no_pmv_ordinal,broad_tail,0.11,ssp245,typical,100224,100224,25.274385376756065,32.78556034482759,7.511174968071522,21.36015325670498,28.37543901660281,7.015285759897832,42.08872126436782,48.856561302681996,6.767840038314176,54.34925766283525,60.5673291826309,6.21807151979565,29.074872286079184,27.781768837803323,-1.2931034482758612,16.815333652618136,16.07199872286079,-0.7433349297573457,19.22807640552237,26.103191669621182,6.875115264098813
no_pmv_ordinal,broad_tail,0.11,ssp585,heatwave_extreme,100224,100224,30.14447637292465,47.519556194125165,17.375079821200515,26.609394955300125,43.926604406130274,17.31720945083015,46.155611430395915,60.60624201787995,14.450630587484035,57.126037675606646,71.4639208173691,14.337883141762454,26.981561302681996,23.94436462324393,-3.0371966794380647,16.014128352490424,13.096663473818646,-2.917464878671778,24.306637025888257,40.57790953868099,16.271272512792734
no_pmv_ordinal,broad_tail,0.11,ssp585,hot,100224,100224,30.17241379310345,46.63054757343551,16.45813378033206,26.38988665389527,43.030611430395915,16.640724776500644,47.247166347381864,60.183189655172406,12.936023307790542,58.71747286079183,71.19951309067687,12.482040229885044,28.545059067688378,24.568965517241377,-3.9760935504470005,17.077745849297575,13.554637611749682,-3.523108237547893,24.210323801333733,39.99112627333094,15.780802471997209
no_pmv_ordinal,broad_tail,0.11,ssp585,typical,100224,100224,26.23523307790549,42.06377713920818,15.828544061302686,22.254150702426564,38.05874840357599,15.804597701149426,41.75047892720307,56.14623243933588,14.395753512132814,53.62587803320562,67.13062739463601,13.504749361430385,27.390644955300125,25.06685025542784,-2.323794699872284,15.515245849297573,14.086446360153257,-1.4287994891443159,20.128016350642646,34.02435398420463,13.896337633561984
no_pmv_ordinal,broad_tail,0.12,ssp245,heatwave_extreme,100224,100224,25.761294699872284,35.67608556832695,9.914790868454663,21.47689176245211,31.39866698595147,9.92177522349936,40.40948275862069,49.39236111111111,8.982878352490417,50.384139527458494,58.69252873563219,8.308389208173693,24.622844827586206,23.016443167305237,-1.6064016602809694,14.650183588761175,13.716275542784166,-0.9339080459770095,18.231796918846513,27.549312201386368,9.317515282539855
no_pmv_ordinal,broad_tail,0.12,ssp245,hot,100224,100224,24.84235312899106,34.82100095785441,9.978647828863348,20.833333333333336,30.135496487867176,9.30216315453384,40.31170178799489,49.76752075351214,9.455818965517246,50.74732598978289,59.65537196679438,8.90804597701149,25.904972860791826,24.834371008939975,-1.0706018518518512,15.470346424010216,14.946519795657725,-0.5238266283524915,17.674893228700427,26.04821435295113,8.373321124250705
no_pmv_ordinal,broad_tail,0.12,ssp245,typical,100224,100224,20.954062899106003,28.37244572158365,7.418382822477646,16.51500638569604,24.016203703703702,7.501197318007662,35.90756704980843,42.9338282247765,7.02626117496807,46.28731641123883,52.88553639846744,6.59821998722861,25.333253512132824,24.51309067688378,-0.8201628352490431,14.956497445721585,14.56138250319285,-0.39511494252873547,14.483523770723039,21.26236147169628,6.7788377009732415
no_pmv_ordinal,broad_tail,0.12,ssp585,heatwave_extreme,100224,100224,25.896990740740737,43.929597701149426,18.03260696040869,22.077546296296298,39.95649744572158,17.878951149425284,40.681872605363985,56.100335249042146,15.418462643678161,50.281369731800766,65.3186861430396,15.037316411238834,24.384378991060025,21.389088441890166,-2.9952905491698587,14.785879629629632,12.171735312899106,-2.614144316730526,19.565868479847055,36.46034165035255,16.894473170505492
no_pmv_ordinal,broad_tail,0.12,ssp585,hot,100224,100224,25.73036398467433,43.06553320561941,17.33516922094508,21.81712962962963,39.0974217752235,17.280292145593872,41.357359514687104,55.63837005108557,14.281010536398469,51.825909961685824,64.79386174968072,12.967951787994892,26.09554597701149,21.728328544061306,-4.367217432950184,15.627993295019158,12.572836845466156,-3.0551564495530013,19.305123224163935,36.101854862495934,16.796731638332
no_pmv_ordinal,broad_tail,0.12,ssp585,typical,100224,100224,21.8959530651341,38.200431034482754,16.304477969348653,17.76221264367816,33.976891762452105,16.214679118773944,36.223858556832695,51.041666666666664,14.817808109833969,46.25838122605364,60.72996487867177,14.47158365261813,24.362428160919542,22.529533844189018,-1.832894316730524,14.327905491698594,12.846224457215834,-1.4816810344827598,15.437223729526103,29.29852266636146,13.861298936835357
no_pmv_ordinal,broad_tail,0.13,ssp245,heatwave_extreme,100224,100224,22.48064335887612,32.77358716475096,10.292943805874838,18.25311302681992,28.216794380587483,9.963681353767562,37.84522669220945,46.99273627075351,9.14750957854406,48.12021072796935,56.93945561941251,8.819244891443162,25.63956736909323,24.165868454661556,-1.4736989144316723,15.364583333333334,14.219149106002554,-1.1454342273307798,17.451449857736172,26.778851276628572,9.3274014188924
no_pmv_ordinal,broad_tail,0.13,ssp245,hot,100224,100224,21.60560344827586,31.605204342273307,9.999600893997446,17.766203703703702,26.612388250319285,8.846184546615582,37.557870370370374,47.31800766283525,9.760137292464876,48.3536877394636,57.952187100893994,9.598499361430392,26.74808429118774,26.34698275862069,-0.4011015325670506,15.952266922094507,15.71280332056194,-0.23946360153256663,16.80301992962662,25.28470685610561,8.481686926478993
no_pmv_ordinal,broad_tail,0.13,ssp245,typical,100224,100224,17.759219348659002,25.275383141762454,7.516163793103452,13.708293422733078,21.131665070242654,7.423371647509576,33.217592592592595,40.26380906768838,7.0462164750957825,44.07626915708812,50.3282646871009,6.251995530012778,26.317049808429115,25.05288154533844,-1.2641682630906743,15.458373243933588,14.988425925925927,-0.46994731800766054,13.732685337464511,20.403456460171025,6.670771122706514
no_pmv_ordinal,broad_tail,0.13,ssp585,heatwave_extreme,100224,100224,22.755028735632184,41.11190932311622,18.35688058748404,19.314734993614305,37.244572158365266,17.92983716475096,37.881146232439335,53.832415389527455,15.95126915708812,47.97154374201788,63.089679118773944,15.118135376756065,25.2165150063857,21.977769795657725,-3.2387452107279735,15.12611749680715,12.721503831417625,-2.404613665389526,18.66551036056397,35.67835530703148,17.01284494646751
no_pmv_ordinal,broad_tail,0.13,ssp585,hot,100224,100224,22.515565134099617,40.32766602809706,17.812100893997446,18.936582056194126,36.52219029374202,17.585608237547895,38.51672254150703,53.30559546615581,14.788872924648778,49.57594987228608,62.77837643678161,13.202426564495532,27.06038473818646,22.450710408684547,-4.609674329501914,16.00115740740741,12.97792943805875,-3.0232279693486586,18.42102159567026,35.3374769720453,16.91645537637504
no_pmv_ordinal,broad_tail,0.13,ssp585,typical,100224,100224,18.7150782247765,34.94272828863346,16.22765006385696,14.979446040868455,30.811981162196677,15.832535121328222,33.47601372924649,48.86753671775224,15.391522988505749,43.86174968071519,58.902059386973185,15.040309706257993,25.146671455938694,23.95933109833972,-1.1873403575989734,14.760935504469987,13.924808429118773,-0.8361270753512144,14.488633732864765,28.613118607438825,14.12448487457406
no_pmv_ordinal,broad_tail,0.14,ssp245,heatwave_extreme,100224,100224,19.784682311621967,30.156449553001274,10.371767241379306,16.07199872286079,25.9558588761175,9.883860153256709,35.55535600255428,44.82559067688378,9.270234674329501,45.30451787994891,53.59095625798213,8.286438378033218,25.519835568326947,23.434506704980844,-2.0853288633461027,15.77067369093231,14.669141123882504,-1.1015325670498068,16.06936592930096,25.078322102742483,9.008956173441522
no_pmv_ordinal,broad_tail,0.14,ssp245,hot,100224,100224,19.05830938697318,28.663793103448278,9.6054837164751,15.71080779054917,24.091036079182633,8.380228288633463,35.40170019157088,44.88645434227331,9.484754150702429,45.5010775862069,54.53683748403576,9.03575989782886,26.44276819923372,25.873044380587483,-0.569723818646235,16.343390804597703,16.222661238825033,-0.12072956577267036,15.59677485114814,23.587192806270828,7.9904179551226875
no_pmv_ordinal,broad_tail,0.14,ssp245,typical,100224,100224,15.30970625798212,22.72808908045977,7.418382822477652,11.86442369093231,19.069284802043423,7.2048611111111125,31.04845146871009,38.05575510855683,7.007303639846739,41.133860153256705,47.292065772669226,6.15820561941252,25.824153895274588,24.56397669220945,-1.2601772030651368,15.73874521072797,15.327666028097061,-0.4110791826309086,12.374759492770464,19.026118920332408,6.651359427561944
no_pmv_ordinal,broad_tail,0.14,ssp585,heatwave_extreme,100224,100224,20.427242975734355,38.775143678160916,18.34790070242656,17.23838601532567,35.414671136653894,18.176285121328224,35.74094029374202,51.99652777777778,16.255587484035757,45.030132503192846,60.27997286079183,15.249840357598984,24.602889527458494,21.504829182630907,-3.098060344827587,15.313697318007662,13.22138409961686,-2.092313218390803,17.256279006626198,34.30883096858571,17.052551961959512
no_pmv_ordinal,broad_tail,0.14,ssp585,hot,100224,100224,20.084011813537675,38.03779533844189,17.953783524904214,16.875199553001277,34.83197637292465,17.956776819923373,36.28272669220945,51.43877713920817,15.15605044699872,46.51380906768838,60.001596424010216,13.487787356321839,26.4297972541507,21.963801085568328,-4.465996168582372,16.198714878671776,13.400981800766285,-2.797733077905491,16.997220932859396,34.078020036921316,17.08079910406192
no_pmv_ordinal,broad_tail,0.14,ssp585,typical,100224,100224,16.184746168582375,32.327586206896555,16.14284003831418,13.052761813537675,28.402378671775224,15.34961685823755,31.392680395913153,46.90193965517241,15.50925925925926,40.8624680715198,56.300886015325666,15.438417943805867,24.677721902937417,23.97329980842912,-0.7044220945082991,15.20793422733078,14.574353448275861,-0.6335807790549186,13.179076713687103,27.324007530933102,14.144930817246
no_pmv_ordinal,broad_tail,0.15,ssp245,heatwave_extreme,100224,100224,17.30124521072797,27.710927522349937,10.409682311621967,14.39176245210728,24.357439335887612,9.965676883780333,33.66858237547893,43.16830300127714,9.499720625798211,42.17053799489145,50.70941091954023,8.538872924648786,24.869292784163473,22.998483397190295,-1.8708093869731783,16.367337164750957,15.457375478927204,-0.9099616858237525,14.39784853446828,23.270720282498107,8.872871748029828
no_pmv_ordinal,broad_tail,0.15,ssp245,hot,100224,100224,16.788393997445723,25.94089240102171,9.152498403575986,14.073475415070243,22.420777458492978,8.347302043422735,33.48399584929757,43.0735153256705,9.589519476372928,42.2713122605364,51.3250319284802,9.053719667943803,25.482918263090674,25.384139527458494,-0.09877873563218031,16.69560185185185,17.132622924648786,0.43702107279693436,13.94278011508154,21.690749785105552,7.747969670024013
no_pmv_ordinal,broad_tail,0.15,ssp245,typical,100224,100224,13.106641123882504,20.455180395913157,7.348539272030653,10.620210727969347,17.643478607918265,7.023267879948918,29.201588441890163,36.27773786717752,7.076149425287358,37.86917305236271,44.19600095785441,6.326827905491697,24.762531928480204,23.740820561941252,-1.021711366538952,16.094947318007662,15.822557471264368,-0.2723898467432946,11.041660238917894,17.564596746708837,6.522936507790943
no_pmv_ordinal,broad_tail,0.15,ssp585,heatwave_extreme,100224,100224,18.365860472541506,36.56808748403576,18.20222701149425,15.804597701149426,33.94097222222222,18.136374521072796,33.849177841634734,50.57371487867177,16.724537037037038,42.133620689655174,57.637891123882504,15.50427043422733,23.767760217113665,21.069803639846743,-2.697956577266922,15.48331736909323,14.005627394636017,-1.4776899744572134,15.680759995616517,32.455619244132016,16.774859248515497
no_pmv_ordinal,broad_tail,0.15,ssp585,hot,100224,100224,17.92484833971903,35.89359833971903,17.968749999999996,15.363585568326949,33.4889846743295,18.125399106002554,34.25027937420179,49.9371408045977,15.686861430395915,43.20122924648786,57.23279853128991,14.031569284802046,25.276380906768836,21.33920019157088,-3.937180715197954,16.325431034482758,14.043542464878673,-2.281888569604085,15.334129378216213,32.39320880957216,17.059079431355947
no_pmv_ordinal,broad_tail,0.15,ssp585,typical,100224,100224,14.094428480204343,29.682511174968074,15.588082694763731,11.679837164750957,26.642321200510853,14.962484035759896,29.646591634738183,45.20474137931034,15.558149744572159,37.84722222222222,53.268678160919535,15.421455938697314,23.75279374201788,23.58616698595147,-0.1666267560664103,15.552163154533844,15.522230204342275,-0.029932950191568608,11.8495023458585,25.23487493269993,13.38537258684143
no_pmv_ordinal,broad_tail,0.16,ssp245,heatwave_extreme,100224,100224,15.301724137931034,25.526819923371647,10.225095785440613,13.03280651340996,22.99748563218391,9.96467911877395,32.22481641123883,41.96200510855683,9.737188697318004,41.33041985951469,49.91219667943806,8.58177681992337,26.02869572158365,24.385376756066414,-1.6433189655172349,16.92309227330779,16.435185185185187,-0.4879070881226042,14.126089050093624,22.865020826790392,8.738931776696768
no_pmv_ordinal,broad_tail,0.16,ssp245,hot,100224,100224,14.868694125159642,23.686941251596423,8.81824712643678,12.695561941251595,20.976013729246485,8.28045178799489,31.950431034482758,41.89715038314176,9.946719348659006,41.449153895274584,50.54278416347382,9.093630268199234,26.580459770114945,26.855842911877392,0.2753831417624468,17.081736909323116,18.210209131545337,1.1284722222222214,13.65695981812311,21.290875542808642,7.633915724685533
no_pmv_ordinal,broad_tail,0.16,ssp245,typical,100224,100224,11.38749201787995,18.51752075351213,7.13002873563218,9.516682630906768,16.459131545338444,6.942448914431676,27.90648946360153,34.90381545338442,6.997325989782887,37.17173531289911,43.583373243933586,6.411637931034477,25.784243295019156,25.06585249042146,-0.7183908045976963,16.518997445721585,16.386294699872288,-0.1327027458492971,10.820512719387555,17.32730752705825,6.506794807670694
no_pmv_ordinal,broad_tail,0.16,ssp585,heatwave_extreme,100224,100224,16.57986111111111,34.70326468710089,18.12340357598978,14.518478607918265,32.66183748403576,18.143358876117492,32.48523307790549,49.507104086845466,17.021871008939975,41.27254948914432,57.01628352490421,15.743734035759893,24.692688378033207,22.31301883780332,-2.3796695402298873,15.90537196679438,14.803839399744573,-1.1015325670498068,15.39942506810472,32.07237949736283,16.672954429258112
no_pmv_ordinal,broad_tail,0.16,ssp585,hot,100224,100224,16.126875798212005,34.099616858237546,17.97274106002554,14.016602809706258,32.33656609195402,18.319963282247762,32.76660280970626,48.824632822477646,16.05803001277139,42.364104406130274,56.650103767560665,14.285999361430392,26.23722860791826,22.550486909323116,-3.6867416985951458,16.639727011494255,14.725015964240102,-1.914711047254153,15.060420280897516,32.057762028437885,16.997341747540368
no_pmv_ordinal,broad_tail,0.16,ssp585,typical,100224,100224,12.453105044699871,27.330779054916988,14.877674010217117,10.450590676883781,25.069843550446997,14.619252873563216,28.253711685823756,44.144117177522354,15.890405491698598,36.91830300127714,52.74485153256705,15.826548531289909,24.465197956577267,25.414072477650063,0.9488745210727956,15.800606641123881,16.813338122605366,1.0127314814814845,11.567039664457852,24.897496502513214,13.330456838055362
no_pmv_ordinal,broad_tail,0.17,ssp245,heatwave_extreme,100224,100224,13.64543422733078,23.40058269476373,9.755148467432951,11.856441570881227,21.640525223499363,9.784083652618136,30.47872765006386,40.665908365261814,10.187180715197954,40.17800127713921,48.79869093231162,8.620689655172413,26.53256704980843,25.398108237547895,-1.1344588122605366,16.833293422733078,17.265325670498086,0.43203224776500804,13.975119694038543,22.681078681622175,8.705958987583632
no_pmv_ordinal,broad_tail,0.17,ssp245,hot,100224,100224,13.22138409961686,21.518797892720308,8.297413793103448,11.549129948914432,19.694883461047255,8.145753512132822,30.128512132822475,40.62100893997446,10.492496807151984,40.1849856321839,49.42628512132822,9.241299489144318,26.96360153256705,27.90748722860792,0.9438856960408692,16.90712803320562,19.10221104725415,2.1950830140485316,13.488383092638557,21.10562030325262,7.617237210614064
no_pmv_ordinal,broad_tail,0.17,ssp245,typical,100224,100224,9.817009897828862,16.89615261813538,7.079142720306516,8.42013888888889,15.396511813537675,6.976372924648786,26.378911238825033,33.44109195402299,7.062180715197954,35.94348659003831,42.38405970625798,6.440573116219667,26.12647669220945,25.487907088122608,-0.6385696040868432,16.56190134099617,16.544939335887612,-0.01696200510855661,10.641366414585738,17.150700090898106,6.509333676312368
no_pmv_ordinal,broad_tail,0.17,ssp585,heatwave_extreme,100224,100224,15.018358876117496,33.079901021711365,18.06154214559387,13.345106960408684,31.494452426564497,18.149345466155815,30.96962803320562,48.30379948914432,17.334171455938698,40.018358876117496,56.00953863346104,15.991179757343545,25.0,22.92963761174968,-2.07036238825032,15.951269157088122,15.22389846743295,-0.7273706896551726,15.18775505345571,31.90355323399817,16.71579818054246
no_pmv_ordinal,broad_tail,0.17,ssp585,hot,100224,100224,14.562380268199234,32.58600734355045,18.023627075351214,12.930036717752236,31.292903895274588,18.362867177522354,31.14323914431673,47.587404214559385,16.444165070242654,41.08197637292465,55.70721583652618,14.625239463601531,26.519596104725412,23.121208492975732,-3.39838761174968,16.580858876117496,15.00139687100894,-1.5794620051085566,14.849754237509078,31.907035004679642,17.057280767170564
no_pmv_ordinal,broad_tail,0.17,ssp585,typical,100224,100224,11.020314495530013,25.286358556832695,14.266044061302683,9.363026819923371,23.65301724137931,14.289990421455938,26.76005747126437,42.99568965517241,16.23563218390804,35.73595146871009,51.838880906768836,16.102929438058744,24.71563697318008,26.55252234993614,1.8368853767560616,15.739742975734355,17.70933109833972,1.9695881226053658,11.395016735595586,24.749195745638684,13.354179010043097
no_pmv_ordinal,broad_tail,0.18,ssp245,heatwave_extreme,100224,100224,12.361310664112388,21.858037994891443,9.496727330779056,10.77087324393359,20.4102809706258,9.639407726692209,29.095825351213282,39.54641602809706,10.450590676883781,38.549648786717746,47.43773946360153,8.888090676883785,26.188338122605366,25.57970146871009,-0.6086366538952745,16.734514687100894,17.68837803320562,0.9538633461047255,12.580069008089701,21.350044247936815,8.769975239847113
no_pmv_ordinal,broad_tail,0.18,ssp245,hot,100224,100224,11.899345466155811,20.01815932311622,8.118813856960408,10.444604086845466,18.428719667943806,7.98411558109834,28.78552043422733,39.37380268199234,10.588282247765008,38.31417624521073,48.00247445721584,9.688298212005108,26.414830779054917,27.984315134099617,1.5694843550447004,16.88617496807152,19.35564335887612,2.4694683908046002,12.117212723006064,19.718180579723057,7.600967856716993
no_pmv_ordinal,broad_tail,0.18,ssp245,typical,100224,100224,8.59873882503193,15.703823435504468,7.105084610472538,7.543103448275862,14.488545657726693,6.945442209450831,25.00897988505747,32.23080300127714,7.221823116219667,34.11558109833972,40.71080779054917,6.595226692209451,25.516842273307788,25.006984355044697,-0.5098579182630907,16.410241060025545,16.52697956577267,0.11673850574712574,9.471543795208623,15.846024323682462,6.374480528473839
no_pmv_ordinal,broad_tail,0.18,ssp585,heatwave_extreme,100224,100224,13.694324712643677,31.688018837803323,17.993694125159646,12.237587803320563,30.3639846743295,18.126396871008936,29.56776819923372,47.41977969348659,17.85201149425287,38.29920977011494,54.89802841634738,16.598818646232438,24.604885057471265,23.21000957854406,-1.3948754789272044,15.87344348659004,15.73176085568327,-0.1416826309067698,13.713826531651078,30.888325460501033,17.174498928849957
no_pmv_ordinal,broad_tail,0.18,ssp585,hot,100224,100224,13.320162835249041,31.307870370370374,17.98770753512133,11.926285121328224,30.24026181353768,18.313976692209454,29.71044859514687,46.58465038314176,16.874201787994892,39.26604406130268,54.26544540229885,14.999401340996172,25.94588122605364,22.95757503192848,-2.9883061941251583,16.39028575989783,15.276780012771393,-1.1135057471264354,13.411949797970921,30.92198931671882,17.510039518747895
no_pmv_ordinal,broad_tail,0.18,ssp585,typical,100224,100224,9.85492496807152,23.62507982120051,13.770154853128991,8.438098659003831,22.38685344827586,13.94875478927203,25.428041187739463,41.932072158365266,16.504030970625802,34.11059227330779,50.41008141762452,16.29948914431673,24.25566730523627,26.785001596424014,2.5293342911877446,15.573116219667943,18.30699233716475,2.7338761174968074,10.25426302525355,23.503554561171285,13.249291535917735
no_pmv_ordinal,broad_tail,0.19,ssp245,heatwave_extreme,100224,100224,11.168981481481481,20.548970306513407,9.379988825031926,9.729206577266922,19.21096743295019,9.48176085568327,27.847621328224776,38.54565772669221,10.698036398467437,37.24756545338442,46.814136334610474,9.566570881226056,26.078583971902937,26.265166028097063,0.18658205619412627,16.678639846743295,17.9966874201788,1.318047573435507,12.258870264544502,21.15923297897904,8.90036271443454
no_pmv_ordinal,broad_tail,0.19,ssp245,hot,100224,100224,10.71499840357599,18.69013409961686,7.975135696040869,9.321120689655173,17.18949553001277,7.868374840357598,27.471463920817367,38.18047573435505,10.709011813537682,37.12484035759898,47.33297413793103,10.208133780332055,26.40984195402299,28.642840038314176,2.232998084291186,16.756465517241377,19.490341634738186,2.733876117496809,11.815282760532735,19.514560719609555,7.69927795907682
no_pmv_ordinal,broad_tail,0.19,ssp245,typical,100224,100224,7.660839719029375,14.671136653895275,7.0102969348659,6.690014367816093,13.549648786717752,6.859634418901659,23.683947956577267,30.960648148148145,7.276700191570878,32.538114623243935,39.7878751596424,7.249760536398462,24.87727490421456,25.116738505747126,0.23946360153256663,16.02310823754789,16.289511494252874,0.266403256704983,9.108523165438022,15.607027671182246,6.498504505744224
no_pmv_ordinal,broad_tail,0.19,ssp585,heatwave_extreme,100224,100224,12.512970945083012,30.431832694763727,17.918861749680715,11.157008301404852,29.310344827586203,18.15333652618135,28.212803320561942,46.476891762452105,18.264088441890163,37.07794540229885,54.314335887611755,17.236390485312903,24.564974457215836,23.88250319284802,-0.6824712643678161,15.699832375478929,16.045059067688378,0.3452266922094491,13.369742459101644,30.725394225399448,17.355651766297804
no_pmv_ordinal,broad_tail,0.19,ssp585,hot,100224,100224,12.241578863346104,30.18538473818646,17.943805874840358,10.928520114942529,29.236510217113665,18.307990102171136,28.225774265644954,45.69464399744572,17.46886973180077,38.011853448275865,53.79050925925925,15.778655810983388,25.77027458492976,23.605124521072796,-2.165150063856963,15.984195402298852,15.50925925925926,-0.4749361430395922,13.071688195225592,30.783247519058154,17.71155932383256
no_pmv_ordinal,broad_tail,0.19,ssp585,typical,100224,100224,8.792305236270753,22.16734514687101,13.375039910600258,7.555076628352491,21.131665070242654,13.576588441890163,24.236709770114942,40.98619093231162,16.74948116219668,33.02602171136654,49.689695083014044,16.663673371647505,24.233716475095786,27.522349936143037,3.288633461047251,15.444404533844189,18.81884578544061,3.374441251596423,9.976647150002716,23.29375888335067,13.317111733347954
no_pmv_ordinal,broad_tail,0.2,ssp245,heatwave_extreme,100224,100224,10.06345785440613,19.269835568326947,9.206377713920817,8.769356641123881,18.057551085568328,9.288194444444446,25.400103767560665,36.54513888888889,11.145035121328227,34.11458333333333,44.1750478927203,10.060464559386972,24.051125478927204,24.905212324393357,0.8540868454661528,15.33764367816092,17.275303320561942,1.937659642401023,9.494693621989315,18.084121465612615,8.5894278436233
no_pmv_ordinal,broad_tail,0.2,ssp245,hot,100224,100224,9.585528416347382,17.40002394636015,7.814495530012769,8.310384738186462,16.096942848020433,7.786558109833971,25.01197318007663,35.7000319284802,10.68805874840357,33.92700351213283,44.52825670498085,10.60125319284802,24.34147509578544,27.12823275862069,2.7867576628352495,15.426444763729247,18.30000798212005,2.873563218390803,9.103675075580904,16.387109779911523,7.2834347043306185
no_pmv_ordinal,broad_tail,0.2,ssp245,typical,100224,100224,6.814734993614303,13.700311302681992,6.885576309067689,5.940692848020434,12.739463601532567,6.798770753512133,21.275343231162196,28.544061302681996,7.2687180715198,29.427083333333332,36.95023148148148,7.523148148148149,22.61234833971903,23.24992017879949,0.6375718390804579,14.460608237547893,14.84375,0.38314176245210696,6.895396343506093,13.106972054012584,6.211575710506491
no_pmv_ordinal,broad_tail,0.2,ssp585,heatwave_extreme,100224,100224,11.520194763729247,29.262452107279696,17.74225734355045,10.279972860791826,28.282646871008936,18.00267401021711,25.8999840357599,44.7268119412516,18.826827905491697,34.44883461047254,52.091315453384425,17.642480842911887,22.928639846743295,22.828863346104725,-0.09977650063856913,14.379789272030653,15.464359833971903,1.0845705619412502,10.676782497227666,28.07560223000919,17.398819732781522
no_pmv_ordinal,broad_tail,0.2,ssp585,hot,100224,100224,11.218869731800767,29.12476053639847,17.905890804597703,10.018558429118773,28.33852171136654,18.319963282247766,25.72637292464879,44.07626915708812,18.34989623243933,35.083413154533844,51.503631864623244,16.4202187100894,23.864543422733078,22.378871328224776,-1.4856720945083026,14.50750319284802,14.951508620689655,0.44400542784163477,10.37962451138247,28.27804532104467,17.8984208096622
no_pmv_ordinal,broad_tail,0.2,ssp585,typical,100224,100224,7.951189335887612,20.83433109833972,12.883141762452109,6.765844508301405,19.950311302681992,13.184466794380587,21.961805555555554,38.91483077905492,16.953025223499363,30.152458492975736,47.19129150702426,17.038833014048524,22.20126915708812,26.35696040868455,4.15569125159643,14.010616219667943,18.0804996807152,4.069883461047256,7.742510589562293,20.269137076227207,12.526626486664913
no_pmv_ordinal,broad_tail,0.21,ssp245,heatwave_extreme,100224,100224,9.065692848020435,18.12440134099617,9.058708492975734,7.898307790549169,16.885177203065137,8.986869412515968,24.344468390804597,35.547373882503194,11.202905491698598,33.50694444444444,43.70609833971903,10.199153895274584,24.44125159642401,25.581696998722858,1.1404454022988482,15.278775542784166,17.422972541507022,2.1441969987228564,9.0647274740935,17.48805854651907,8.42333107242557
no_pmv_ordinal,broad_tail,0.21,ssp245,hot,100224,100224,8.600734355044699,16.212683588761177,7.611949233716478,7.422373882503193,15.009378991060027,7.587005108556834,23.953344508301406,34.56058429118774,10.607239782886332,33.33133780332056,43.89268039591315,10.561342592592595,24.73060344827586,27.67999680715198,2.9493933588761188,15.352610153256704,18.347900702426564,2.9952905491698605,8.688887074299524,15.827116995335084,7.13822992103556
no_pmv_ordinal,broad_tail,0.21,ssp245,typical,100224,100224,6.09235312899106,12.911079182630909,6.818726053639849,5.267201468710089,11.915309706257982,6.648108237547893,20.150862068965516,27.535320881226056,7.38445881226054,28.85336845466156,36.40644955300127,7.553081098339714,22.7610153256705,23.49537037037037,0.7343550446998712,14.058508939974457,14.624241698595148,0.5657327586206904,6.597308378808663,12.79799851372953,6.200690134920867
no_pmv_ordinal,broad_tail,0.21,ssp585,heatwave_extreme,100224,100224,10.572318007662835,28.171894955300125,17.59957694763729,9.493734035759898,27.22102490421456,17.72729086845466,24.892241379310345,43.93259099616858,19.040349616858233,33.93797892720307,51.65628991060025,17.71831098339718,23.36566091954023,23.48439495530013,0.11873403575989983,14.319923371647509,15.760696040868455,1.4407726692209462,10.271055757232421,27.57766439720801,17.30660863997559
no_pmv_ordinal,broad_tail,0.21,ssp585,hot,100224,100224,10.26500638569604,28.09506704980843,17.83006066411239,9.158484993614303,27.402618135376756,18.244133141762454,24.55699233716475,43.247126436781606,18.690134099616856,34.46479885057471,51.092552681992345,16.627753831417635,24.199792464878673,22.99748563218391,-1.202306832694763,14.29198595146871,15.15205938697318,0.8600734355044697,9.982995192765518,27.811632011193215,17.828636818427697
no_pmv_ordinal,broad_tail,0.21,ssp585,typical,100224,100224,7.163952745849297,19.634019795657725,12.470067049808428,6.165189974457216,18.831816730523627,12.66662675606641,20.977011494252874,37.95897190293742,16.981960408684547,29.640605044699875,46.65748722860792,17.016882183908045,22.476652298850574,27.023467432950195,4.546815134099621,13.813058748403575,18.324952107279692,4.511893358876117,7.410588510206946,19.66777777305469,12.257189262847746
no_pmv_ordinal,broad_tail,0.22,ssp245,heatwave_extreme,100224,100224,8.215597062579821,16.91111909323116,8.69552203065134,7.034243295019158,15.806593231162196,8.772349936143039,22.474656768837804,33.82024265644955,11.345585887611747,32.80451787994891,43.20023148148148,10.39571360153257,24.588920817369093,26.28911238825032,1.700191570881227,14.259059706257982,16.90912356321839,2.650063856960408,8.946111841807722,17.392511364785324,8.446399522977602
no_pmv_ordinal,broad_tail,0.22,ssp245,hot,100224,100224,7.701748084291188,15.095186781609197,7.393438697318009,6.5084211366538955,13.995649744572159,7.487228607918263,22.00470945083014,32.645873243933586,10.641163793103445,32.625917943805874,43.387811302681996,10.761893358876122,24.924169859514684,28.292624521072796,3.3684546615581112,14.302961366538952,17.550686462324393,3.247725095785441,8.581056744237916,15.731180469782277,7.150123725544361
no_pmv_ordinal,broad_tail,0.22,ssp245,typical,100224,100224,5.453783524904215,12.108876117496807,6.655092592592593,4.6565692848020435,11.16000159642401,6.5034323116219666,18.51752075351213,25.852091315453386,7.334570561941256,28.250718390804597,35.75191570881226,7.501197318007666,22.796934865900383,23.643039591315453,0.8461047254150706,13.06373722860792,13.743215197956577,0.6794779693486568,6.522565896886266,12.685389614271553,6.162823717385288
no_pmv_ordinal,broad_tail,0.22,ssp585,heatwave_extreme,100224,100224,9.773108237547893,27.078344508301406,17.30523627075351,8.710488505747128,26.181353767560665,17.470865261813536,23.17808109833972,42.358117816091955,19.180036717752234,33.10684067688378,51.163393997445716,18.05655332056194,23.33373243933589,24.085049489144318,0.7513170498084278,13.404972860791824,15.279773307790547,1.874800446998723,10.137272858803003,27.48523983248894,17.347966973685935
no_pmv_ordinal,broad_tail,0.22,ssp585,hot,100224,100224,9.384977650063856,27.12623722860792,17.741259578544064,8.391203703703704,26.46571679438059,18.074513090676888,22.72509578544061,41.69859514687101,18.973499361430395,33.6356561302682,50.5926724137931,16.9570162835249,24.250678480204343,23.466435185185187,-0.7842432950191558,13.340118135376756,14.57235791826309,1.2322397828863352,9.849758955383752,27.726021971648702,17.87626301626495
no_pmv_ordinal,broad_tail,0.22,ssp585,typical,100224,100224,6.477490421455939,18.539471583652617,12.061981162196677,5.541586845466155,17.761214878671776,12.21962803320562,19.381585249042146,36.221863026819925,16.84027777777778,28.912236590038315,46.30028735632184,17.388050766283524,22.434746168582375,27.760815772669222,5.326069604086847,12.904094827586206,17.682391443167305,4.778296615581098,7.28871511116018,19.60128771668399,12.312572605523812
no_pmv_ordinal,broad_tail,0.23,ssp245,heatwave_extreme,100224,100224,7.345545977011494,15.894396551724139,8.548850574712645,6.226053639846743,14.656170178799488,8.430116538952745,20.92013888888889,31.960408684546614,11.040269795657725,29.338282247765008,40.08221583652618,10.743933588761173,21.992736270753515,24.187819284802043,2.195083014048528,13.574592911877396,16.066012132822475,2.4914192209450796,7.16292079938229,14.710717171147278,7.5477963717649885
no_pmv_ordinal,broad_tail,0.23,ssp245,hot,100224,100224,6.8207215836526185,14.05751117496807,7.236789591315452,5.663314176245211,12.911079182630909,7.2477650063856975,20.298531289910603,30.743135376756065,10.444604086845462,28.965118135376756,39.883660600255425,10.91854246487867,22.14439655172414,25.826149425287355,3.681752873563216,13.477809706257982,16.685624201787995,3.2078144955300125,6.705335780972001,13.191882849577372,6.486547068605371
no_pmv_ordinal,broad_tail,0.23,ssp245,typical,100224,100224,4.837164750957855,11.357559067688378,6.520394316730523,3.9950510855683268,10.428639846743296,6.43358876117497,17.117656449553,24.426285121328224,7.3086286717752245,24.671735312899106,32.48722860791826,7.815493295019156,19.834570561941252,21.129669540229884,1.2950989782886317,12.280491698595148,13.068726053639848,0.7882343550447004,5.119311996835921,10.982368275859274,5.863056279023353
no_pmv_ordinal,broad_tail,0.23,ssp585,heatwave_extreme,100224,100224,8.946958812260537,25.973818646232438,17.0268598339719,7.896312260536398,25.17660440613027,17.280292145593872,21.739303959131544,40.897389846743295,19.15808588761175,30.04669540229885,48.54426085568327,18.497565453384418,21.099736590038315,22.57044220945083,1.4707056194125165,12.792345146871009,14.923571200510855,2.131226053639846,8.456914639860976,24.62136470104917,16.164450061188194
no_pmv_ordinal,broad_tail,0.23,ssp585,hot,100224,100224,8.582774584929757,26.122485632183906,17.53971104725415,7.60396711366539,25.519835568326947,17.915868454661556,21.36514208173691,40.326668263090674,18.961526181353765,30.13150542784164,47.75502873563218,17.623523307790542,21.54873084291188,21.632543103448278,0.08381226053639779,12.78236749680715,14.20418263090677,1.421815134099619,8.171724547060768,25.018210273278857,16.84648572621809
no_pmv_ordinal,broad_tail,0.23,ssp585,typical,100224,100224,5.836925287356322,17.548690932311622,11.7117656449553,4.919979246487867,16.653695721583652,11.733716475095786,17.955779054916988,34.27921455938697,16.323435504469984,25.754310344827587,43.19424489144317,17.439934546615582,19.917385057471265,25.645553959131544,5.728168901660279,12.118853767560664,16.73052362707535,4.611669859514686,5.927721358212948,16.824710545687875,10.896989187474926
no_pmv_ordinal,broad_tail,0.24,ssp245,heatwave_extreme,100224,100224,6.546336206896551,14.893638250319285,8.347302043422733,5.457774584929758,13.464838761174969,8.007064176245212,20.259618454661556,31.22006704980843,10.960448595146875,28.50315293742018,39.30495689655172,10.801803959131544,21.956816730523627,24.411318646232438,2.4545019157088106,13.713282247765008,16.326428799489147,2.613146551724139,6.813324163239701,14.155675239100141,7.3423510758604404
no_pmv_ordinal,broad_tail,0.24,ssp245,hot,100224,100224,6.007543103448276,13.098659003831417,7.091115900383141,4.871088761174968,11.742696360153257,6.871607598978289,19.68390804597701,30.026740102171136,10.342832056194126,28.044181034482758,38.98666985951469,10.942488825031933,22.036637931034484,25.88801085568327,3.8513729246487856,13.676364942528735,16.92808109833972,3.2517161558109855,6.375748028221737,12.668563934472775,6.292815906251039
no_pmv_ordinal,broad_tail,0.24,ssp245,typical,100224,100224,4.222541507024266,10.649145913154534,6.426604406130268,3.4153496168582373,9.620450191570882,6.205100574712644,16.47110472541507,23.78971104725415,7.318606321839081,24.044141123882504,31.766842273307788,7.7227011494252835,19.821599616858236,21.117696360153257,1.2960967432950206,12.248563218390805,13.140565134099615,0.8920019157088106,4.862278940299266,10.656330905041996,5.79405196474273
no_pmv_ordinal,broad_tail,0.24,ssp585,heatwave_extreme,100224,100224,8.170697637292465,24.922174329501914,16.75147669220945,7.079142720306514,24.05012771392082,16.970984993614305,20.974018199233715,40.35161238825032,19.3775941890166,29.314335887611747,47.87575830140485,18.561422413793103,21.143638250319285,22.953583971902937,1.8099457215836523,12.80332056194125,15.429438058748405,2.6261174968071543,8.088422168656837,23.964668763321413,15.876246594664575
no_pmv_ordinal,broad_tail,0.24,ssp585,hot,100224,100224,7.830459770114942,25.202546296296298,17.372086526181356,6.752873563218391,24.500119731800766,17.747246168582375,20.63876915708812,39.783884099616856,19.145114942528735,29.36123084291188,47.11047254150703,17.74924169859515,21.530771072796934,21.907926245210728,0.3771551724137936,12.80830938697318,14.581337803320563,1.7730284163473833,7.829432149401096,24.388308881731618,16.55887673233052
no_pmv_ordinal,broad_tail,0.24,ssp585,typical,100224,100224,5.248243933588761,16.55491698595147,11.306673052362708,4.333293422733077,15.522230204342275,11.188936781609197,17.31720945083014,33.552841634738186,16.235632183908045,25.113745210727966,42.464878671775224,17.351133461047258,19.86550127713921,25.909961685823756,6.044460408684547,12.068965517241379,16.997924648786718,4.928959131545339,5.677926029701706,16.290951607573174,10.613025577871468
no_pmv_ordinal,broad_tail,0.25,ssp245,heatwave_extreme,100224,100224,5.817967752234994,13.890884418901662,8.072916666666668,4.7234195402298855,12.338362068965516,7.6149425287356305,19.217951787994892,30.084610472541506,10.866658684546614,27.782766602809705,38.84299169859515,11.060225095785444,21.964798850574713,24.952107279693486,2.987308429118773,13.399984035759898,16.19372605363985,2.7937420178799517,6.574217454366835,13.898758803667091,7.324541349300256
no_pmv_ordinal,broad_tail,0.25,ssp245,hot,100224,100224,5.300127713920817,12.109873882503193,6.809746168582375,4.171655491698595,10.644157088122604,6.472501596424009,18.628272669220944,28.846384099616856,10.218111430395911,27.351732120051086,38.46683429118774,11.115102171136652,22.051604406130267,26.35696040868455,4.305356002554284,13.328144955300129,16.736510217113665,3.408365261813536,6.135635824061373,12.40835112893711,6.272715304875737
no_pmv_ordinal,broad_tail,0.25,ssp245,typical,100224,100224,3.705699233716475,9.900822158365262,6.195122924648787,2.8516123882503193,8.854166666666668,6.002554278416349,15.515245849297573,22.851811941251597,7.336566091954024,23.505348020434226,31.098339719029372,7.592991698595146,19.799648786717754,21.19751756066411,1.3978687739463567,11.809546615581098,12.950989782886335,1.141443167305237,4.660942809497518,10.340920517888549,5.67997770839103
no_pmv_ordinal,broad_tail,0.25,ssp585,heatwave_extreme,100224,100224,7.465277777777778,23.908445083014048,16.44316730523627,6.288912835249043,22.789950510855682,16.50103767560664,19.870490102171136,39.37779374201788,19.507303639846743,28.454262452107283,47.292065772669226,18.837803320561942,20.9889846743295,23.38362068965517,2.39463601532567,12.405212324393359,15.469348659003831,3.064136334610472,7.797359317211663,23.61937088844051,15.822011571228847
no_pmv_ordinal,broad_tail,0.25,ssp585,hot,100224,100224,7.079142720306514,24.281609195402297,17.202466475095783,5.908764367816092,23.36865421455939,17.459889846743295,19.64200191570881,38.8459849936143,19.20398307790549,28.537076947637292,46.617576628352495,18.080499680715203,21.45793422733078,22.33596743295019,0.8780332056194098,12.562859195402298,14.564375798212007,2.0015166028097084,7.558794296772972,24.040332628664295,16.481538331891322
no_pmv_ordinal,broad_tail,0.25,ssp585,typical,100224,100224,4.74537037037037,15.57112068965517,10.8257503192848,3.8453863346104726,14.36582056194125,10.520434227330778,16.436182950191572,32.36649904214559,15.930316091954019,24.358437100893997,41.92109674329502,17.56265964240102,19.613066730523627,26.349976053639846,6.736909323116219,11.690812579821202,16.795378352490424,5.104565772669222,5.436738279087273,15.895214431486949,10.458476152399676
no_pmv_ordinal,broad_tail,0.26,ssp245,heatwave_extreme,100224,100224,5.13250319284802,12.849217752234992,7.716714559386972,4.016004150702426,11.302681992337165,7.286677841634739,18.158325351213282,28.976093550446997,10.817768199233715,25.785241060025545,36.57307630906769,10.787835249042143,20.652737867177525,23.723858556832695,3.071120689655171,13.02582215836526,16.126875798212005,3.1010536398467448,5.862729384260222,12.468713543673854,6.605984159413632
no_pmv_ordinal,broad_tail,0.26,ssp245,hot,100224,100224,4.602689974457216,11.11111111111111,6.508421136653895,3.4821998722860794,9.590517241379311,6.108317369093232,17.63948754789272,27.616139846743295,9.976652298850574,25.25941890166028,35.973419540229884,10.714000638569605,20.656728927203066,24.862308429118773,4.205579501915707,13.036797573435505,16.505028735632184,3.4682311621966786,5.370033985785976,11.073537238654302,5.703503252868326
no_pmv_ordinal,broad_tail,0.26,ssp245,typical,100224,100224,3.206816730523627,9.161478288633461,5.954661558109834,2.4245689655172415,8.073914431673053,5.649345466155811,14.543422733077904,21.912915070242654,7.3694923371647505,21.653496168582375,29.166666666666668,7.513170498084293,18.446679438058748,20.005188378033207,1.558508939974459,11.336606002554278,12.751436781609197,1.4148307790549186,4.053012595151926,9.41220968008865,5.359197084936723
no_pmv_ordinal,broad_tail,0.26,ssp585,heatwave_extreme,100224,100224,6.765844508301405,22.90170019157088,16.135855683269476,5.528615900383142,21.539750957854405,16.011135057471265,18.883700510855682,38.47581417624521,19.592113665389526,26.410839719029372,45.361390485312896,18.950550766283524,19.64499521072797,22.459690293742018,2.8146950830140476,12.117856002554278,15.574113984674328,3.45625798212005,6.99906389916566,21.931653672187483,14.932589773021824
no_pmv_ordinal,broad_tail,0.26,ssp585,hot,100224,100224,6.334810025542784,23.37264527458493,17.037835249042146,5.062659642401022,22.22022669220945,17.157567049808428,18.677163154533844,37.96296296296296,19.28579980842912,26.422812899106003,44.688896871008936,18.266083971902933,20.08800287356322,21.31625159642401,1.2282487228607906,12.34235312899106,14.590317688378033,2.247964559386972,6.76679730750422,22.403231596867577,15.636434289363358
no_pmv_ordinal,broad_tail,0.26,ssp585,typical,100224,100224,4.252474457215836,14.575351213282248,10.322876756066412,3.388409961685824,13.205419859514686,9.817009897828862,15.572118454661558,31.204102809706256,15.631984355044699,22.43075510855683,39.59331098339719,17.162555874840358,18.178280651340998,25.017959770114945,6.839679118773947,11.319643997445722,16.62875159642401,5.309107598978288,4.801773761689585,14.315875165618989,9.514101403929404
no_pmv_ordinal,broad_tail,0.27,ssp245,heatwave_extreme,100224,100224,4.470984993614304,11.91131864623244,7.440333652618135,3.4143518518518516,10.31389687100894,6.899545019157088,17.209450830140486,27.996288314176244,10.786837484035757,25.740341634738183,36.5162037037037,10.77586206896552,21.26935664112388,24.604885057471265,3.3355284163473833,12.738465836526181,16.084969667943806,3.3465038314176248,5.856353939052744,12.458163035721105,6.601809096668361
no_pmv_ordinal,broad_tail,0.27,ssp245,hot,100224,100224,3.9561382503192846,10.15126117496807,6.195122924648786,2.9114782886334614,8.585767879948914,5.674289591315453,16.676644316730524,26.504629629629626,9.827985312899102,25.211526181353765,35.93350893997446,10.721982758620694,21.255387931034484,25.78224776500638,4.526859833971898,12.720506066411238,16.353368454661556,3.6328623882503184,5.364002173603166,11.067357609878544,5.703355436275378
no_pmv_ordinal,broad_tail,0.27,ssp245,typical,100224,100224,2.7658045977011496,8.426125478927203,5.660320881226053,2.0434227330779056,7.301644316730524,5.2582215836526185,13.757183908045977,21.005946679438058,7.24876277139208,21.609594508301406,29.129749361430395,7.5201548531289895,18.843789910600258,20.70362388250319,1.8598339719029333,10.991379310344827,12.579821200510855,1.5884418901660275,4.049069264605582,9.407865951020728,5.358796686415146
no_pmv_ordinal,broad_tail,0.27,ssp585,heatwave_extreme,100224,100224,6.069404533844189,21.802163154533844,15.732758620689655,4.774305555555555,20.375359195402297,15.601053639846741,17.960767879948914,37.550886015325666,19.590118135376752,26.372924648786718,45.32746647509578,18.954541826309065,20.30352011494253,23.525303320561942,3.2217832056194133,11.891363346104725,15.748722860791824,3.857359514687099,6.9937940523807365,21.92385555485613,14.930061502475393
no_pmv_ordinal,broad_tail,0.27,ssp585,hot,100224,100224,5.580499680715198,22.401819923371647,16.821320242656448,4.281409642401022,21.15162037037037,16.870210727969347,17.789152298850574,37.06297892720307,19.273826628352495,26.369931353767562,44.65796615581098,18.28803480204342,20.789431673052363,22.256146232439335,1.466714559386972,12.208652618135376,14.661159003831417,2.45250638569604,6.761561411873615,22.39630894388532,15.634747532011705
no_pmv_ordinal,broad_tail,0.27,ssp585,typical,100224,100224,3.765565134099617,13.614503512132822,9.848938378033205,2.849616858237548,12.077945402298852,9.228328544061304,14.788872924648786,29.995809386973182,15.206936462324396,22.394835568326947,39.54242496807152,17.147589399744575,18.62927043422733,25.927921455938694,7.298651021711365,11.02330779054917,16.381305874840358,5.357998084291188,4.798264434358352,14.30485967925477,9.506595244896419
no_pmv_ordinal,broad_tail,0.28,ssp245,heatwave_extreme,100224,100224,3.809466794380587,10.927522349936144,7.118055555555557,2.8406369731800765,9.256265964240102,6.415628991060025,16.3783125798212,26.96559706257982,10.587284482758623,25.45398307790549,36.27374680715198,10.819763729246489,21.644516283524904,25.34622445721584,3.7017081736909354,12.568845785440613,16.038074712643677,3.469228927203064,5.772741808685243,12.25018774297419,6.477445934288946
no_pmv_ordinal,broad_tail,0.28,ssp245,hot,100224,100224,3.3435105363984676,9.196400063856961,5.852889527458494,2.3457455300127714,7.4932151979565775,5.147469667943806,15.843510536398467,25.34722222222222,9.503711685823754,24.94013409961686,35.69304757343551,10.752913473818648,21.59662356321839,26.49664750957854,4.90002394636015,12.5,16.150822158365262,3.650822158365262,5.275423339624759,10.88901671225126,5.613593372626501
no_pmv_ordinal,broad_tail,0.28,ssp245,typical,100224,100224,2.3557231800766285,7.687779374201788,5.332056194125159,1.7081736909323118,6.550327266922094,4.842153575989783,12.960967432950191,20.202745849297575,7.241778416347383,21.31924489144317,28.780531609195403,7.461286717752234,18.96352171136654,21.092752234993615,2.1292305236270757,10.605244252873563,12.514966475095784,1.9097222222222214,3.982112263207855,9.281170939330979,5.299058676123124
no_pmv_ordinal,broad_tail,0.28,ssp585,heatwave_extreme,100224,100224,5.32507183908046,20.675686462324393,15.350614623243933,4.042943805874841,19.17903895274585,15.136095146871007,17.123643039591315,36.52019476372924,19.39655172413793,26.021711366538952,45.055076628352495,19.033365261813543,20.696639527458494,24.3793901660281,3.6827506385696047,11.798571200510857,15.844508301404852,4.045937100893996,6.838146818847406,21.667525853767362,14.829379034919956
no_pmv_ordinal,broad_tail,0.28,ssp585,hot,100224,100224,4.844149106002554,21.366139846743295,16.52199074074074,3.634857918263091,20.077027458492978,16.442169540229887,16.997924648786718,36.14802841634738,19.150103767560662,25.9977650063857,44.43646232439336,18.438697318007662,21.15361590038314,23.070322477650063,1.9167065772669218,12.153775542784164,14.781888569604087,2.628113026819923,6.611454436766982,22.14095736367667,15.529502926909688
no_pmv_ordinal,broad_tail,0.28,ssp585,typical,100224,100224,3.2886334610472545,12.600774265644954,9.3121408045977,2.3088282247765006,10.944484355044699,8.635656130268199,13.998643039591316,28.8294220945083,14.830779054916983,21.991738505747126,39.27402618135377,17.282287675606643,18.70310504469987,26.67325191570881,7.970146871008939,10.71000957854406,16.228647828863345,5.518638250319285,4.67433870375396,14.09345794741623,9.41911924366227
no_pmv_ordinal,broad_tail,0.29,ssp245,heatwave_extreme,100224,100224,3.2517161558109833,9.98463441890166,6.732918263090676,2.3347701149425286,8.216594827586206,5.881824712643677,13.961725734355046,23.88549648786718,9.923770753512134,20.623802681992338,31.285919540229884,10.662116858237546,17.372086526181356,21.301285121328224,3.929198595146868,10.71000957854406,13.900862068965516,3.190852490421456,3.7059024439818358,8.53521353373616,4.829311089754324
no_pmv_ordinal,broad_tail,0.29,ssp245,hot,100224,100224,2.7787755427841634,8.284442848020435,5.505667305236271,1.8767959770114941,6.483477011494252,4.606681034482758,13.290229885057473,22.252155172413794,8.96192528735632,19.944324712643677,30.19835568326948,10.254030970625802,17.165549169859514,21.913912835249043,4.74836366538953,10.511454342273307,13.967712324393359,3.456257982120052,3.2914277453864096,7.348592380664011,4.057164635277601
no_pmv_ordinal,broad_tail,0.29,ssp245,typical,100224,100224,2.029454022988506,7.016283524904214,4.986829501915707,1.32602969348659,5.88382024265645,4.55779054916986,10.961446360153257,17.727290868454663,6.765844508301406,17.276301085568328,24.26963601532567,6.993334929757342,15.246847062579821,17.253352490421456,2.0065054278416348,8.93199233716475,10.711007343550447,1.7790150063856967,2.525487078476086,6.6372888960522065,4.11180181757612
no_pmv_ordinal,broad_tail,0.29,ssp585,heatwave_extreme,100224,100224,4.636613984674329,19.53324553001277,14.89663154533844,3.3634658365261814,18.043582375478927,14.680116538952745,14.64918582375479,33.68354885057471,19.034363026819918,21.157606960408685,40.992177522349934,19.83457056194125,16.520992975734355,21.458931992337167,4.937939016602812,10.01257183908046,14.15030332056194,4.137731481481481,4.379784789268672,17.060085221034978,12.680300431766305
no_pmv_ordinal,broad_tail,0.29,ssp585,hot,100224,100224,4.231521392081737,20.282567049808428,16.05104565772669,3.1110312899106,18.922613346104725,15.811582056194126,14.516483077905493,33.41315453384419,18.8966714559387,21.290309706257982,40.43941570881226,19.14910600255428,17.058788314176248,20.15684865900383,3.0980603448275836,10.284961685823754,13.130587484035761,2.845625798212007,4.207055406838084,17.706216648186793,13.499161241348709
no_pmv_ordinal,broad_tail,0.29,ssp585,typical,100224,100224,2.791746487867177,11.559107598978288,8.76736111111111,1.8598339719029373,9.97066570881226,8.110831736909324,11.92728288633461,25.807191890166024,13.879909003831415,17.830060664112388,33.60672094508301,15.776660280970624,15.03831417624521,22.047613346104725,7.009299169859515,9.135536398467432,14.248084291187741,5.112547892720309,3.0074471752257654,10.088998282636261,7.081551107410496
no_pmv_ordinal,broad_tail,0.3,ssp245,heatwave_extreme,100224,100224,2.7248962324393355,9.005826947637292,6.2809307151979565,1.9626037675606642,7.123044380587484,5.16044061302682,13.455858876117496,23.170098978288635,9.71424010217114,19.833572796934863,29.965876436781606,10.132303639846743,17.108676564495532,20.960049489144318,3.8513729246487856,10.730962643678161,14.16427203065134,3.4333093869731783,3.493249031434388,8.111091846850051,4.617842815415663
no_pmv_ordinal,broad_tail,0.3,ssp245,hot,100224,100224,2.320801404853129,7.384458812260536,5.0636574074074066,1.5335648148148149,5.620410280970626,4.086845466155811,12.855204342273307,21.528775542784164,8.673571200510857,19.12615740740741,28.84039750957854,9.714240102171132,16.805356002554277,21.455938697318008,4.650582694763731,10.534402937420179,14.144316730523625,3.6099137931034466,3.070460930189016,6.952626908949422,3.882165978760406
no_pmv_ordinal,broad_tail,0.3,ssp245,typical,100224,100224,1.6602809706257982,6.406649106002554,4.7463681353767555,1.0276979565772668,5.35500478927203,4.327306832694763,10.496487867177523,17.263330140485316,6.766842273307793,16.288513729246485,23.320761494252874,7.032247765006389,14.62823275862069,16.91411238825032,2.2858796296296298,8.836206896551724,10.856681034482758,2.020474137931034,2.3371254775250176,6.314051240797497,3.976925763272479
no_pmv_ordinal,broad_tail,0.3,ssp585,heatwave_extreme,100224,100224,3.996048850574713,18.37683588761175,14.380787037037038,2.8386414431673055,16.880188378033207,14.041546934865902,14.14331896551724,33.122804916985956,18.979485951468718,20.066052043422733,39.9624840357599,19.896431992337167,16.07000319284802,21.58564814814815,5.515644955300129,10.147270114942529,14.745969029374201,4.598698914431672,4.141367182887565,16.396096433971625,12.25472925108406
no_pmv_ordinal,broad_tail,0.3,ssp585,hot,100224,100224,3.712683588761175,19.221942848020433,15.509259259259258,2.626117496807152,17.74325510855683,15.117137611749678,13.978687739463602,32.92824074074074,18.94955300127714,20.217712324393357,39.50949872286079,19.291786398467433,16.505028735632184,20.287555874840358,3.782527139208174,10.266004150702427,13.706297892720306,3.4402937420178787,3.971623631549269,17.030965844879688,13.05934221333042
no_pmv_ordinal,broad_tail,0.3,ssp585,typical,100224,100224,2.3198036398467434,10.577306832694763,8.25750319284802,1.5605044699872286,8.975893997445722,7.415389527458493,11.534163473818646,25.222501596424014,13.688338122605368,17.134618454661556,32.43734035759898,15.30272190293742,14.814814814814813,21.860033524904214,7.045218710089401,9.214359833971903,14.645194763729247,5.430834929757344,2.864489450471109,9.609033351414595,6.744543900943486
no_pmv_ordinal,broad_tail,0.31,ssp245,heatwave_extreme,100224,100224,2.2110472541507025,8.01404853128991,5.803001277139208,1.6483077905491699,6.215078224776501,4.5667704342273305,12.383261494252872,21.70637771392082,9.323116219667947,19.590118135376756,29.767321200510853,10.177203065134098,17.379070881226053,21.753272669220944,4.374201787994892,10.172214240102171,13.692329182630909,3.5201149425287372,3.400301565267436,7.818766650512829,4.418465085245392
no_pmv_ordinal,broad_tail,0.31,ssp245,hot,100224,100224,1.8708093869731803,6.449553001277139,4.578743614303959,1.2422174329501916,4.892041826309067,3.649824393358876,11.800566730523627,20.08002075351213,8.279454022988503,18.901660280970624,28.62488026819923,9.723219987228607,17.030850893997446,22.175327266922096,5.14447637292465,9.929757343550447,13.630467752234992,3.700710408684545,2.9849820090291885,6.71655576531421,3.7315737562850213
no_pmv_ordinal,broad_tail,0.31,ssp245,typical,100224,100224,1.267161558109834,5.865860472541507,4.598698914431672,0.8002075351213281,4.904015006385696,4.103807471264368,9.506704980842912,16.187739463601535,6.681034482758623,16.00015964240102,23.084291187739463,7.084131545338444,14.732998084291188,17.218430715197957,2.48543263090677,8.239543422733078,10.321878991060025,2.082335568326947,2.258427050278891,6.152849297617653,3.894422247338762
no_pmv_ordinal,broad_tail,0.31,ssp585,heatwave_extreme,100224,100224,3.413354086845466,17.295258620689655,13.881904533844189,2.4185823754789273,15.789631226053642,13.371048850574715,13.040788633461048,31.823714878671776,18.782926245210728,19.79565772669221,39.82778575989783,20.03212803320562,16.382303639846743,22.532527139208174,6.150223499361431,9.62743454661558,14.52845625798212,4.901021711366539,3.9201846928471853,16.095303273420843,12.175118580573658
no_pmv_ordinal,broad_tail,0.31,ssp585,hot,100224,100224,3.179877075351213,18.172294061302683,14.99241698595147,2.2669220945083017,16.67963761174968,14.412715517241377,12.93801883780332,31.664072477650063,18.726053639846743,19.943326947637292,39.362827266922096,19.419500319284804,16.763449872286078,21.190533205619413,4.427083333333336,9.758141762452107,13.491778416347383,3.7336366538952763,3.7658416899130076,16.730731609687833,12.964889919774826
no_pmv_ordinal,broad_tail,0.31,ssp585,typical,100224,100224,1.9546216475095783,9.626436781609195,7.671815134099617,1.3250319284802043,8.077905491698594,6.75287356321839,10.604246487867178,23.869532247765008,13.26528575989783,16.859235312899106,32.28368454661558,15.424449233716476,14.904613665389526,22.657247765006385,7.752634099616859,8.6496248403576,14.243095466155811,5.593470625798211,2.7706311088590536,9.435883822197654,6.665252713338601
no_pmv_ordinal,broad_tail,0.32,ssp245,heatwave_extreme,100224,100224,1.7929837164750957,7.023267879948915,5.2302841634738195,1.4058508939974457,5.4428081098339725,4.036957215836527,11.341594827586206,20.56992337164751,9.228328544061302,16.81433588761175,26.603408365261817,9.789072477650066,15.021352171136654,19.5801404853129,4.558788314176246,9.54861111111111,13.546655491698594,3.9980443805874835,2.7256413233945698,6.446293536257502,3.7206522128629325
no_pmv_ordinal,broad_tail,0.32,ssp245,hot,100224,100224,1.4457614942528736,5.616419220945083,4.17065772669221,1.0257024265644956,4.310344827586207,3.2846424010217117,10.85867656449553,18.919620051085566,8.060943486590036,16.166786398467433,25.420059067688378,9.253272669220944,14.721024904214557,19.803639846743295,5.082614942528737,9.412915070242658,13.303200830140485,3.890285759897827,2.3226302111268486,5.468189023913653,3.1455588127868044
no_pmv_ordinal,broad_tail,0.32,ssp245,typical,100224,100224,0.9468789910600255,5.367975734355045,4.421096743295019,0.6585249042145593,4.494931353767561,3.836406449553002,8.782327586206897,15.180994572158365,6.398666985951468,13.701309067688378,20.309506704980844,6.6081976372924665,12.754430076628353,14.941530970625799,2.187100893997446,7.835448595146871,9.813018837803321,1.9775702426564505,1.775057937567741,5.133870917893445,3.3588129803257036
no_pmv_ordinal,broad_tail,0.32,ssp585,heatwave_extreme,100224,100224,2.819683908045977,16.168781928480204,13.349098020434226,2.061382503192848,14.70705619412516,12.645673690932313,12.136813537675607,30.65134099616858,18.514527458492974,17.220426245210728,37.213641443167305,19.993215197956577,14.40074233716475,21.0448595146871,6.64411717752235,9.31712962962963,14.482559067688378,5.165429438058748,3.081102837701251,14.154040643122013,11.07293780542076
no_pmv_ordinal,broad_tail,0.32,ssp585,hot,100224,100224,2.6470705619412516,17.03683748403576,14.389766922094509,1.929677522349936,15.637970945083012,13.708293422733076,11.930276181353767,30.61741698595147,18.687140804597703,17.36809546615581,36.786598020434226,19.418502554278415,14.721024904214557,19.749760536398465,5.028735632183908,9.283205619412517,13.58057950191571,4.297373882503193,2.9594793109793995,14.819149381697219,11.859670070717819
no_pmv_ordinal,broad_tail,0.32,ssp585,typical,100224,100224,1.6642720306513412,8.726452745849297,7.062180715197956,1.1384498722860792,7.332575031928481,6.194125159642401,9.751157407407407,22.673212005108557,12.92205459770115,14.617257343550447,29.264447637292463,14.647190293742016,12.952985312899107,20.53799489144317,7.585009578544062,8.086885376756065,13.94675925925926,5.859873882503194,2.183831421668299,7.979269103385339,5.79543768171704
no_pmv_ordinal,broad_tail,0.33,ssp245,heatwave_extreme,100224,100224,1.4916586845466155,5.986590038314176,4.49493135376756,1.224257662835249,4.734394955300128,3.510137292464879,10.805795019157088,19.80463761174968,8.998842592592592,16.312460089399742,25.869053320561942,9.5565932311622,14.820801404853128,19.882463282247762,5.061661877394634,9.314136334610472,13.818047573435505,4.503911238825033,2.6257130148546977,6.2396716855599275,3.61395867070523
no_pmv_ordinal,broad_tail,0.33,ssp245,hot,100224,100224,1.1374521072796935,4.786278735632184,3.6488266283524906,0.8520913154533843,3.767560664112388,2.9154693486590038,10.333852171136654,18.16830300127714,7.834450830140485,15.692848020434228,24.686701787994892,8.993853767560664,14.555395913154534,19.900423052362708,5.345027139208174,9.196400063856961,13.382024265644954,4.185624201787993,2.2054517502486894,5.259717637372467,3.0542658871237776
no_pmv_ordinal,broad_tail,0.33,ssp245,typical,100224,100224,0.6734913793103448,4.826189335887611,4.152697956577267,0.5318087484035761,4.086845466155811,3.555036717752235,8.228568007662835,14.608277458492976,6.379709450830141,13.126596424010216,19.79366219667944,6.667065772669222,12.453105044699871,14.967472860791824,2.514367816091953,7.555076628352491,9.782088122605364,2.2270114942528734,1.6787227578132669,4.962987612706601,3.284264854893334
no_pmv_ordinal,broad_tail,0.33,ssp585,heatwave_extreme,100224,100224,2.2469667943805876,14.98543263090677,12.738465836526181,1.7161558109833972,13.703304597701148,11.987148786717752,11.59602490421456,29.749361430395915,18.153336526181356,16.68263090676884,36.60700031928481,19.92436941251597,14.435664112388249,21.621567688378033,7.185903575989784,9.34905810983397,14.763928799489145,5.414870689655174,2.9636122416899564,13.793613544693322,10.830001303003366
no_pmv_ordinal,broad_tail,0.33,ssp585,hot,100224,100224,2.11426404853129,15.859474776500637,13.745210727969347,1.6163793103448276,14.713042784163473,13.096663473818646,11.340597062579821,29.789272030651343,18.448674968071522,16.810344827586206,36.235831736909326,19.42548690932312,14.696080779054919,20.376356960408685,5.680276181353767,9.226333014048532,13.929797254150703,4.703464240102171,2.8427173039760985,14.45809001236158,11.615372708385483
no_pmv_ordinal,broad_tail,0.33,ssp585,typical,100224,100224,1.4128352490421456,7.860392720306514,6.447557471264369,0.958852171136654,6.595226692209451,5.636374521072797,9.219348659003831,21.758261494252874,12.538912835249043,14.258061941251595,28.481202107279696,14.2231401660281,12.845226692209453,20.62080938697318,7.775582694763726,7.806513409961687,13.897868773946358,6.091355363984672,2.0782256362040252,7.731876690701396,5.653651054497371
no_pmv_ordinal,broad_tail,0.34,ssp245,heatwave_extreme,100224,100224,1.2462084929757344,4.9978049169859515,3.7515964240102173,1.059626436781609,4.075870051085569,3.01624361430396,10.29294380587484,19.085249042145595,8.792305236270755,16.00115740740741,25.644556194125162,9.643398786717754,14.754948914431672,20.64675127713921,5.891802362707537,9.046735312899106,14.087444125159642,5.040708812260537,2.525991781720742,5.86630620135141,3.340314419630668
no_pmv_ordinal,broad_tail,0.34,ssp245,hot,100224,100224,0.8959929757343551,4.044939335887611,3.148946360153256,0.70242656449553,3.2467273307790547,2.544300766283525,9.754150702426564,17.426963601532567,7.6728128991060025,15.355603448275861,24.44624042145594,9.090636973180079,14.459610472541506,20.401301085568328,5.941690613026822,8.858157726692209,13.382024265644954,4.5238665389527455,2.1214201840403795,4.990357057490121,2.868936873449741
no_pmv_ordinal,broad_tail,0.34,ssp245,typical,100224,100224,0.4849137931034483,4.284402937420179,3.7994891443167305,0.3911238825031928,3.6188936781609193,3.2277697956577267,7.794540229885058,14.003631864623244,6.209091634738186,12.736470306513409,19.567169540229884,6.830699233716475,12.25155651340996,15.282766602809705,3.0312100893997442,7.309626436781609,9.719228927203066,2.409602490421457,1.5889859056951923,4.771596372399175,3.182610466703983
no_pmv_ordinal,broad_tail,0.34,ssp585,heatwave_extreme,100224,100224,1.7011893358876116,13.792105683269476,12.090916347381864,1.3449872286079183,12.665628991060027,11.320641762452109,11.010336845466155,28.89028575989783,17.879948914431672,16.303480204342275,36.461326628352495,20.15784642401022,14.602290868454663,22.669220945083012,8.06693007662835,9.309147509578544,15.098180076628353,5.789032567049809,2.7422180901442452,13.343248865181273,10.601030775037028
no_pmv_ordinal,broad_tail,0.34,ssp585,hot,100224,100224,1.5904374201787994,14.638210408684547,13.047772988505747,1.2531928480204342,13.720266602809705,12.46707375478927,10.804797254150703,29.053919220945083,18.24912196679438,16.440174010217113,36.03228767560664,19.592113665389526,14.849736590038315,21.394077266922096,6.544340676883781,9.214359833971903,14.415708812260537,5.2013489782886335,2.6519796809658733,14.006811805877954,11.35483212491208
no_pmv_ordinal,broad_tail,0.34,ssp585,typical,100224,100224,1.1384498722860792,7.044220945083015,5.905771072796935,0.8081896551724138,5.948674968071519,5.140485312899106,8.64463601532567,20.951069604086843,12.306433588761173,13.930795019157088,28.208812260536398,14.27801724137931,12.792345146871009,21.164591315453386,8.372246168582377,7.50618614303959,13.906848659003831,6.400662515964241,1.9589225376025674,7.455712351963466,5.496789814360898
no_pmv_ordinal,broad_tail,0.35,ssp245,heatwave_extreme,100224,100224,1.0496487867177522,4.015006385696041,2.9653575989782888,0.9239303959131546,3.3794300766283523,2.4554996807151976,9.513689335887612,17.97772988505747,8.464040549169859,14.717033844189018,23.941371328224776,9.224337484035757,13.667385057471265,19.926364942528735,6.258979885057471,8.46404054916986,13.962723499361429,5.498682950191569,2.2190001473306666,4.984299072498026,2.7652989251673596
no_pmv_ordinal,broad_tail,0.35,ssp245,hot,100224,100224,0.725375159642401,3.338521711366539,2.613146551724138,0.5767081736909323,2.7298850574712645,2.1531768837803322,8.97389846743295,16.298491379310345,7.324592911877396,14.004629629629632,22.71412037037037,8.709490740740739,13.279254469987228,19.37559865900383,6.0963441890166035,8.248523307790549,12.959969667943804,4.711446360153255,1.8056788807754929,4.2484508338817815,2.4427719531062886
no_pmv_ordinal,broad_tail,0.35,ssp245,typical,100224,100224,0.34323116219667943,3.7336366538952745,3.390405491698595,0.2713920817369093,3.2058189655172415,2.9344268837803322,7.177921455938698,13.20043103448276,6.022509578544062,11.652897509578544,18.153336526181356,6.500439016602812,11.309666347381865,14.41969987228608,3.110033524904214,6.834690293742018,9.466794380587483,2.632104086845465,1.3533003588956272,4.097256630784884,2.7439562718892567
no_pmv_ordinal,broad_tail,0.35,ssp585,heatwave_extreme,100224,100224,1.204302362707535,12.535919540229884,11.331617177522348,0.9548611111111112,11.649904214559387,10.695043103448276,10.254030970625799,27.687978927203066,17.433947956577267,14.997405810983397,34.59550606641124,19.598100255427845,13.793103448275861,22.059586526181356,8.266483077905495,9.049728607918263,15.15205938697318,6.102330779054917,2.2659323942278307,11.60513135760524,9.33919896337741
no_pmv_ordinal,broad_tail,0.35,ssp585,hot,100224,100224,1.1184945721583652,13.36705779054917,12.248563218390805,0.8880108556832694,12.67361111111111,11.785600255427841,9.961685823754788,28.003272669220948,18.04158684546616,15.136095146871009,34.2772190293742,19.141123882503194,14.017600574712644,20.910161238825033,6.8925606641123895,8.843191251596425,14.636214878671774,5.79302362707535,2.1940658692674546,12.184297420236552,9.990231550969098
no_pmv_ordinal,broad_tail,0.35,ssp585,typical,100224,100224,0.8650622605363985,6.203105044699872,5.338042784163473,0.6186143039591315,5.20234674329502,4.583732439335888,7.958173690932312,19.67692369093231,11.718749999999996,12.795338441890166,26.43179278416347,13.636454342273304,11.930276181353767,20.228687739463602,8.298411558109835,7.093111430395912,13.473818646232438,6.380707215836526,1.627568982372298,6.231838217212469,4.604269234840171
no_pmv_ordinal,broad_tail,0.36,ssp245,heatwave_extreme,100224,100224,0.8979885057471264,3.2028256704980844,2.304837164750958,0.8081896551724138,2.7238984674329503,1.9157088122605366,8.84618454661558,17.137611749680715,8.291427203065135,14.524465197956577,23.63705300127714,9.112587803320562,13.626476692209453,20.434227330779056,6.807750638569603,7.948196040868455,13.934786079182631,5.986590038314176,2.187428263391826,4.875655999505487,2.6882277361136615
no_pmv_ordinal,broad_tail,0.36,ssp245,hot,100224,100224,0.6056433588761175,2.7278895274584927,2.1222461685823752,0.47693167305236267,2.18610312899106,1.7091714559386975,8.337324393358877,15.391522988505745,7.054198595146868,13.794101213282248,22.427761813537675,8.633660600255427,13.18845785440613,19.69987228607918,6.511414431673051,7.731681034482758,12.663633461047255,4.9319524265644965,1.7620705506173908,4.1392380912406415,2.3771675406232506
no_pmv_ordinal,broad_tail,0.36,ssp245,typical,100224,100224,0.2334770114942529,3.223778735632184,2.990301724137931,0.15764687100893998,2.7877554278416348,2.630108556832695,6.66507024265645,12.604765325670497,5.939695083014048,11.493255108556832,17.95278575989783,6.459530651340996,11.25977809706258,14.729007024265645,3.4692289272030656,6.431593231162197,9.380986590038313,2.949393358876116,1.3212196502306475,4.020316656243716,2.6990970060130683
no_pmv_ordinal,broad_tail,0.36,ssp585,heatwave_extreme,100224,100224,0.8151740102171137,11.256784802043422,10.441610791826308,0.6704980842911877,10.520434227330778,9.84993614303959,9.558588761174969,26.944643997445723,17.386055236270757,14.771910919540229,34.26225255427842,19.49034163473819,13.956736909323118,23.005467752234992,9.048730842911874,8.743414750957855,15.687859195402298,6.944444444444443,2.211243372984609,11.425191291117146,9.213947918132536
no_pmv_ordinal,broad_tail,0.36,ssp585,hot,100224,100224,0.7523148148148148,12.097900702426564,11.34558588761175,0.600654533844189,11.512212643678161,10.911558109833972,9.223339719029374,27.297852809706256,18.07451309067688,14.884658365261814,33.983876117496806,19.099217752234992,14.132343550446999,21.885975415070245,7.753631864623246,8.47102490421456,15.199952107279694,6.728927203065135,2.137492209494792,12.01858979259153,9.88109758309674
no_pmv_ordinal,broad_tail,0.36,ssp585,typical,100224,100224,0.5966634738186463,5.407886334610472,4.811222860791826,0.4579741379310344,4.466993933588761,4.009019795657727,7.361510217113665,18.86075191570881,11.499241698595146,12.628711685823754,26.15740740740741,13.528695721583654,12.032048212005108,20.749521072796934,8.717472860791826,6.76484674329502,13.452865581098338,6.688018837803319,1.5821176250269617,6.128376321075722,4.54625869604876
no_pmv_ordinal,broad_tail,0.37,ssp245,heatwave_extreme,100224,100224,0.771272349936143,2.475454980842912,1.704182630906769,0.7283684546615581,2.137212643678161,1.4088441890166028,8.059945721583652,16.075989782886335,8.016044061302683,14.515485312899107,23.61111111111111,9.095625798212003,13.744212962962962,21.1356561302682,7.391443167305237,7.288673371647509,13.600534802043423,6.311861430395914,2.1861909497908685,4.871494809210279,2.685303859419411
no_pmv_ordinal,broad_tail,0.37,ssp245,hot,100224,100224,0.505866858237548,2.144196998722861,1.638330140485313,0.4110791826309068,1.7391044061302683,1.3280252234993615,7.657846424010217,14.329901021711366,6.672054597701149,13.772150383141762,22.41279533844189,8.640644955300127,13.266283524904216,20.26859833971903,7.002314814814815,7.151979565772669,12.185704022988505,5.033724457215836,1.759832087508733,4.134785833832319,2.3749537463235857
no_pmv_ordinal,broad_tail,0.37,ssp245,typical,100224,100224,0.15664910600255427,2.7069364623243932,2.550287356321839,0.08780332056194125,2.4135935504469987,2.3257902298850577,6.037476053639847,11.879390166028097,5.84191411238825,11.485272988505747,17.936821519795657,6.451548531289911,11.328623882503193,15.229885057471265,3.901261174968072,5.880826947637292,9.172453703703704,3.291626756066412,1.3204653750606015,4.0170822866004,2.696616911539798
no_pmv_ordinal,broad_tail,0.37,ssp585,heatwave_extreme,100224,100224,0.590676883780332,9.936741698595148,9.346064814814815,0.44799648786717755,9.375,8.927003512132822,8.869133141762452,25.78025223499362,16.911119093231164,14.753951149425287,34.24329501915709,19.4893438697318,14.163274265644954,24.306553320561942,10.143279054916988,8.27845625798212,15.843510536398467,7.565054278416348,2.2091992042834097,11.421023590162898,9.211824385879488
no_pmv_ordinal,broad_tail,0.37,ssp585,hot,100224,100224,0.5377953384418902,10.775862068965516,10.238066730523625,0.4110791826309068,10.305914750957855,9.894835568326949,8.559825989782887,26.239224137931032,17.679398148148145,14.860712005108557,33.96491858237548,19.104206577266925,14.322916666666666,23.189056513409962,8.866139846743296,8.022030651340996,15.463362068965516,7.44133141762452,2.135338707382465,12.013856659624647,9.878517952242182
no_pmv_ordinal,broad_tail,0.37,ssp585,typical,100224,100224,0.3961127075351213,4.609674329501916,4.213561621966794,0.31928480204342274,3.8483796296296293,3.5290948275862064,6.74389367816092,17.750239463601535,11.006345785440615,12.616738505747128,26.137452107279696,13.520713601532568,12.220625798212005,21.52777777777778,9.307151979565774,6.347780970625798,13.140565134099615,6.792784163473818,1.5803926728770328,6.124485159913559,4.544092487036526
no_pmv_ordinal,broad_tail,0.38,ssp245,heatwave_extreme,100224,100224,0.6934466794380587,1.9157088122605364,1.2222621328224776,0.6525383141762453,1.6483077905491699,0.9957694763729246,7.522150383141763,15.078224776500637,7.556074393358874,14.045537994891443,23.156130268199234,9.110592273307791,13.352091315453386,21.240421455938694,7.888330140485309,6.828703703703703,13.162515964240102,6.333812260536399,2.044527500395104,4.4107180158066575,2.3661905154115535
no_pmv_ordinal,broad_tail,0.38,ssp245,hot,100224,100224,0.407088122605364,1.6592832056194124,1.2521950830140485,0.3482199872286079,1.3599537037037037,1.0117337164750957,7.101093550446999,13.397988505747128,6.296894955300129,13.380028735632186,21.8959530651341,8.515924329501916,12.97294061302682,20.236669859514684,7.263729246487864,6.694005427841635,11.738705300127714,5.044699872286079,1.6368406655150598,3.7543716229662163,2.1175309574511565
no_pmv_ordinal,broad_tail,0.38,ssp245,typical,100224,100224,0.12472062579821201,2.238984674329502,2.11426404853129,0.06186143039591316,2.034442848020434,1.972581417624521,5.579501915708812,11.24780491698595,5.668303001277138,10.991379310344827,17.53073116219668,6.539351851851853,10.866658684546614,15.291746487867178,4.425087803320563,5.454781289910601,9.00882024265645,3.5540389527458487,1.1967376497991336,3.7259152766265826,2.5291776268274493
no_pmv_ordinal,broad_tail,0.38,ssp585,heatwave_extreme,100224,100224,0.4440054278416347,8.381226053639846,7.937220625798211,0.295338441890166,8.17867975734355,7.883341315453384,8.224576947637292,24.681712962962962,16.45713601532567,14.355842911877396,33.8172493614304,19.461406449553003,13.911837484035761,25.43602330779055,11.524185823754788,7.780571519795658,16.300486909323116,8.519915389527458,1.9802035288715003,10.596570843422173,8.616367314550672
no_pmv_ordinal,broad_tail,0.38,ssp585,hot,100224,100224,0.41008141762452105,9.23132183908046,8.821240421455938,0.2654054916985951,9.061701787994892,8.796296296296296,7.937220625798212,25.16263569604087,17.225415070242658,14.433668582375478,33.57379469987228,19.140126117496802,14.023587164750959,24.342472860791826,10.318885696040867,7.527139208173692,15.931313856960408,8.404174648786716,1.9243382832747304,11.186327711601187,9.261989428326457
no_pmv_ordinal,broad_tail,0.38,ssp585,typical,100224,100224,0.28735632183908044,3.8872924648786715,3.5999361430395913,0.17261334610472542,3.2776580459770117,3.1050446998722863,6.188138569604087,16.745490102171136,10.557351532567049,12.028057151979565,25.67149584929757,13.643438697318006,11.740700830140485,21.784203384418902,10.043502554278417,5.900782247765006,12.858197637292465,6.957415389527458,1.4185140317031486,5.697279243066741,4.278765211363592
no_pmv_ordinal,broad_tail,0.39,ssp245,heatwave_extreme,100224,100224,0.6255986590038314,1.5126117496807152,0.8870130906768838,0.5976612388250319,1.25419061302682,0.656529374201788,5.947677203065134,12.447118454661558,6.499441251596424,11.093151340996169,19.92935823754789,8.836206896551722,10.467552681992338,18.41674648786718,7.949193805874842,5.322078544061302,10.934506704980842,5.61242816091954,1.4884815710527692,3.096092761983959,1.6076111909311899
no_pmv_ordinal,broad_tail,0.39,ssp245,hot,100224,100224,0.28835408684546615,1.264168263090677,0.9758141762452108,0.2863585568326948,1.0276979565772668,0.7413393997445721,5.6084371008939975,10.896591634738186,5.288154533844189,10.632183908045976,18.363864942528735,7.73168103448276,10.34382982120051,17.099696679438058,6.755866858237548,5.320083014048532,9.63242337164751,4.312340357598979,1.1384513081958088,2.6436551194749054,1.5052038112790966
no_pmv_ordinal,broad_tail,0.39,ssp245,typical,100224,100224,0.1007742656449553,1.7820083014048531,1.6812340357598978,0.04190613026819923,1.605403895274585,1.5634977650063857,4.297373882503193,9.43287037037037,5.135496487867178,8.424129948914432,14.680116538952745,6.255986590038313,8.323355683269476,12.898108237547893,4.574752554278417,4.196599616858237,7.650862068965517,3.4542624521072796,0.7968961830930663,2.781974835776274,1.9850786526832076
no_pmv_ordinal,broad_tail,0.39,ssp585,heatwave_extreme,100224,100224,0.33524904214559387,6.798770753512133,6.463521711366539,0.18957535121328226,6.719947318007663,6.530371966794381,6.215078224776501,22.126436781609197,15.911358556832695,11.401460727969347,30.58947956577267,19.188018837803323,11.066211685823754,23.790708812260537,12.724497126436782,5.879829182630907,15.333652618135376,9.45382343550447,1.2942063871612857,8.208873480357468,6.914667093196183
no_pmv_ordinal,broad_tail,0.39,ssp585,hot,100224,100224,0.3212803320561941,7.689774904214559,7.368494572158365,0.1776021711366539,7.553081098339718,7.375478927203065,5.998563218390805,22.673212005108557,16.674648786717754,11.398467432950191,30.528615900383144,19.130148467432953,11.077187100893997,22.83884099616858,11.761653895274584,5.677282886334611,14.98942369093231,9.3121408045977,1.237867171193933,8.687157077440236,7.449289906246303
no_pmv_ordinal,broad_tail,0.39,ssp585,typical,100224,100224,0.21651500638569604,3.2537116858237547,3.0371966794380585,0.09079661558109835,2.6510616219667944,2.560265006385696,4.849137931034483,14.286997126436782,9.4378591954023,9.286198914431672,22.070561941251597,12.784363026819925,9.069683908045976,18.81685025542784,9.747166347381865,4.6326229246487864,11.033285440613026,6.40066251596424,0.9759632965720959,4.340228934817672,3.364265638245576
no_pmv_ordinal,broad_tail,0.4,ssp245,heatwave_extreme,100224,100224,0.5886813537675607,1.1803560025542785,0.5916746487867178,0.5717193486590038,0.8810265006385696,0.3093071519795658,4.972860791826309,10.013569604086845,5.040708812260536,9.463801085568328,16.699592911877396,7.235791826309068,8.875119731800767,15.519236909323118,6.64411717752235,4.384179438058748,8.833213601532568,4.44903416347382,1.1809907547613079,2.175293081856679,0.9943023270953713
no_pmv_ordinal,broad_tail,0.4,ssp245,hot,100224,100224,0.18757982120051084,0.9568566411238825,0.7692768199233716,0.1965597062579821,0.6625159642401022,0.46595625798212004,4.765325670498084,9.139527458492976,4.374201787994892,8.98786717752235,15.31669061302682,6.32882343550447,8.800287356321839,14.359833971902939,5.5595466155811,4.577745849297574,8.182670817369093,3.6049249680715194,0.8402583658803642,1.8908068812181786,1.0505485153378145
no_pmv_ordinal,broad_tail,0.4,ssp245,typical,100224,100224,0.07782567049808428,1.4597302043422733,1.381904533844189,0.027937420178799487,1.215277777777778,1.1873403575989785,3.626875798212005,8.246527777777777,4.619651979565772,7.118055555555555,12.667624521072796,5.54956896551724,7.040229885057471,11.207894316730524,4.167664431673053,3.5490501277139206,6.786797573435504,3.237747445721584,0.5939880836061678,2.0684707003453586,1.474482616739191
no_pmv_ordinal,broad_tail,0.4,ssp585,heatwave_extreme,100224,100224,0.25742337164750956,5.316091954022988,5.0586685823754785,0.11873403575989783,5.30411877394636,5.185384738186462,5.008780332056194,19.411518199233715,14.402737867177521,9.407926245210728,27.244971264367816,17.837045019157088,9.150502873563218,21.92887931034483,12.778376436781612,4.7513569604086845,14.096424010217113,9.345067049808428,0.8919843603605697,6.036518418004676,5.1445340576441065
no_pmv_ordinal,broad_tail,0.4,ssp585,hot,100224,100224,0.24345466155810983,6.227051404853129,5.98359674329502,0.11773627075351213,6.073395593869732,5.95565932311622,4.91000159642401,20.047094508301406,15.137092911877396,9.482758620689655,27.347741060025545,17.86498243933589,9.239303959131545,21.120689655172413,11.881385696040867,4.6665469348659006,13.821040868454663,9.154493933588762,0.8708893704695411,6.508990535942923,5.6381011654733815
no_pmv_ordinal,broad_tail,0.4,ssp585,typical,100224,100224,0.1756066411238825,2.7069364623243932,2.5313298212005106,0.052881545338441895,2.180116538952746,2.1272349936143042,4.141722541507025,12.309426883780333,8.167704342273307,7.894316730523627,19.036358556832695,11.142041826309068,7.718710089399744,16.3294220945083,8.610712005108555,3.9661159003831417,9.60249042145594,5.636374521072798,0.734982038588502,3.307949298703386,2.5729672601148836
nominal,broad_tail,0.05,ssp245,heatwave_extreme,100224,100224,99.8613106641124,99.94612068965517,0.0848100255427795,99.98702905491699,99.99800446998724,0.010975415070248573,100.0,99.99800446998724,-0.0019955300127634246,100.0,100.0,0.0,0.13868933588761176,0.05387931034482758,-0.08481002554278418,0.13868933588761176,0.05188378033205619,-0.08680555555555557,98.69014340839733,98.9597545735528,0.26961116515546735
nominal,broad_tail,0.05,ssp245,hot,100224,100224,99.89024584929757,99.95909163473819,0.06884578544061526,99.98204022988506,99.99800446998724,0.01596424010217845,100.0,99.99800446998724,-0.0019955300127634246,100.0,100.0,0.0,0.10975415070242657,0.04090836526181354,-0.06884578544061304,0.10975415070242657,0.03891283524904214,-0.07084131545338443,98.72442632395096,98.95490494765278,0.2304786237018135
nominal,broad_tail,0.05,ssp245,typical,100224,100224,99.91219667943805,99.91119891443168,-0.0009977650063746069,99.99800446998724,99.99501117496807,-0.002993295019166453,99.99800446998724,99.99900223499361,0.0009977650063746069,100.0,100.0,0.0,0.08780332056194125,0.08880108556832696,0.000997765006385709,0.08680555555555555,0.08880108556832696,0.0019955300127714043,98.98054175406385,98.78292574094006,-0.19761601312379184
nominal,broad_tail,0.05,ssp585,heatwave_extreme,100224,100224,99.90421455938697,99.91718550446998,0.012970945083011998,99.9940134099617,100.0,0.0059865900383044846,100.0,100.0,0.0,100.0,100.0,0.0,0.09578544061302681,0.08281449553001277,-0.012970945083014038,0.09578544061302681,0.08281449553001277,-0.012970945083014038,98.73500715022644,98.99384268201712,0.2588355317906803
nominal,broad_tail,0.05,ssp585,hot,100224,100224,99.91718550446998,99.9092033844189,-0.00798212005108212,99.9790469348659,100.0,0.020953065134094118,99.99600893997446,100.0,0.00399106002554106,100.0,100.0,0.0,0.08281449553001277,0.09079661558109835,0.007982120051085576,0.07882343550446999,0.09079661558109835,0.011973180076628356,98.68431194867907,98.9811908914028,0.2968789427237368
nominal,broad_tail,0.05,ssp585,typical,100224,100224,99.90521232439336,99.93514527458493,0.029932950191565055,99.95609833971902,100.0,0.04390166028098008,100.0,100.0,0.0,100.0,100.0,0.0,0.09478767560664113,0.06485472541507024,-0.029932950191570884,0.09478767560664113,0.06485472541507024,-0.029932950191570884,98.458821204752,99.21313631591872,0.7543151111667186
nominal,broad_tail,0.06,ssp245,heatwave_extreme,100224,100224,98.21599616858238,98.84558588761175,0.6295897190293687,98.94935344827587,99.53404374201787,0.5846902937419998,99.83736430395913,99.94711845466155,0.10975415070241468,99.9720625798212,99.99900223499361,0.026939655172412813,1.7560664112388251,1.1534163473818646,-0.6026500638569605,1.6223659003831419,1.106521392081737,-0.5158445083014049,95.42266423009936,96.05647454843667,0.6338103183373107
nominal,broad_tail,0.06,ssp245,hot,100224,100224,98.20801404853128,99.0172014687101,0.8091874201788158,98.80168422733078,99.5959051724138,0.794220945083012,99.82140006385696,99.94811621966795,0.12671615581099616,99.97106481481481,99.99900223499361,0.02793742017880163,1.7630507662835249,0.9818007662835249,-0.78125,1.614383780332056,0.9359035759897829,-0.6784802043422731,95.42657459880715,96.56376166759124,1.1371870687840868
nominal,broad_tail,0.06,ssp245,typical,100224,100224,98.89347860791827,98.46443965517241,-0.4290389527458558,99.66275542784163,99.2327187100894,-0.4300367177522304,99.9650782247765,99.92416985951469,-0.04090836526181363,100.0,99.99900223499361,-0.0009977650063888177,1.106521392081737,1.5345625798212006,0.42804118773946365,1.0725973818646233,1.460727969348659,0.3881305874840357,96.28998216663719,95.92868216526603,-0.3613000013711627
nominal,broad_tail,0.06,ssp585,heatwave_extreme,100224,100224,98.28184865900383,98.75977809706258,0.47792943805875154,98.99525063856962,99.5041107918263,0.5088601532566912,99.89323914431672,99.92816091954023,0.034921775223509144,99.99501117496807,99.99700670498083,0.0019955300127634246,1.71316251596424,1.237228607918263,-0.475933908045977,1.6113904853128989,1.1703783524904214,-0.4410121328224774,95.49748182992698,96.7961324237893,1.2986505938623196
nominal,broad_tail,0.06,ssp585,hot,100224,100224,98.23196040868454,98.67197477650063,0.44001436781609016,98.92141602809707,99.4841554916986,0.562739463601531,99.87627713920817,99.92716315453384,0.050886015325673384,99.98802681992338,99.99700670498083,0.008979885057456727,1.7560664112388251,1.3250319284802043,-0.4310344827586208,1.6443167305236273,1.257183908045977,-0.38713282247765024,95.2589506024322,96.66890049000452,1.4099498875723242
nominal,broad_tail,0.06,ssp585,typical,100224,100224,97.93662196679438,99.1838282247765,1.2472062579821284,98.85157247765007,99.75854086845466,0.9069683908045931,99.87727490421456,99.94412515964241,0.06685025542785183,99.95709610472542,100.0,0.04290389527457705,2.0204741379310347,0.8161717752234994,-1.2043023627075353,1.9426484674329503,0.7622924648786717,-1.1803560025542785,94.8736483285455,97.07319747645775,2.1995491479122506
nominal,broad_tail,0.07,ssp245,heatwave_extreme,100224,100224,88.01883780332057,89.62823275862068,1.6093949553001181,90.39152298850574,91.36334610472542,0.9718231162196815,96.88996647509579,97.76600415070243,0.8760376756066393,99.03516123882503,99.42927841634737,0.39411717752234665,11.01632343550447,9.801045657726693,-1.2152777777777768,8.87212643678161,8.144755747126437,-0.7273706896551726,81.30494560249085,83.04123831312549,1.7362927106346433
nominal,broad_tail,0.07,ssp245,hot,100224,100224,87.89711047254151,90.87643678160919,2.979326309067673,89.78188856960408,92.78017241379311,2.9982838441890323,96.7762212643678,98.29581736909323,1.519596104725423,98.96132662835248,99.62084929757343,0.6595226692209479,11.064216155810984,8.74441251596424,-2.319803639846743,8.879110791826308,7.426364942528736,-1.452745849297572,80.63783648945987,83.58215814908309,2.9443216596232133
nominal,broad_tail,0.07,ssp245,typical,100224,100224,88.37903097062579,88.66538952745849,0.2863585568326954,90.72776979565774,90.70781449553002,-0.01995530012771951,97.726093550447,97.40281768837804,-0.32327586206896797,99.5051085568327,99.30755108556832,-0.19755747126437484,11.126077586206897,10.642161558109834,-0.48391602809706313,9.352051404853128,8.74441251596424,-0.6076388888888875,80.08038485055349,81.87746336902877,1.7970785184752884
nominal,broad_tail,0.07,ssp585,heatwave_extreme,100224,100224,88.32714719029374,91.46312260536399,3.1359754150702486,90.20394316730524,93.15233876117497,2.9483955938697335,97.31900542784163,97.99149904214559,0.6724936143039599,99.18981481481481,99.50311302681992,0.3132982120051082,10.862667624521073,8.03999042145594,-2.8226772030651333,8.998842592592593,6.530371966794381,-2.4684706257982123,81.32895916001519,86.3649645307979,5.036005370782718
nominal,broad_tail,0.07,ssp585,hot,100224,100224,88.3500957854406,91.35336845466155,3.003272669220948,89.95749521072797,92.86498243933589,2.90748722860792,97.18829821200511,98.05535600255428,0.8670577905491683,99.22872765006386,99.50810185185185,0.2793742017879879,10.878631864623243,8.154733397190293,-2.7238984674329494,8.845186781609195,6.703983077905491,-2.141203703703704,81.1407609503711,85.95500397792095,4.81424302754985
nominal,broad_tail,0.07,ssp585,typical,100224,100224,86.53316570881226,91.48806673052363,4.954901021711365,88.74720625798213,93.18626277139208,4.439056513409952,97.01169380587484,98.31078384418902,1.2990900383141764,99.11198914431672,99.63980683269476,0.5278176883780361,12.578823435504468,8.151740102171138,-4.42708333333333,10.479525862068966,6.823714878671776,-3.65581098339719,79.31516254304601,85.0799591668031,5.764796623757093
nominal,broad_tail,0.08,ssp245,heatwave_extreme,100224,100224,62.50997765006385,68.79988825031928,6.289910600255432,62.38625478927203,68.6661877394636,6.279932950191565,81.06641123882503,84.56058429118774,3.4941730523627115,90.54517879948915,92.48483397190293,1.9396551724137794,28.035201149425287,23.684945721583652,-4.350255427841635,18.635257024265645,15.817568646232438,-2.817688378033207,51.85241821910833,58.32890086624572,6.476482647137388
nominal,broad_tail,0.08,ssp245,hot,100224,100224,62.02805715197957,69.1201708173691,7.092113665389533,61.58105842911878,68.88370051085569,7.302642081736913,80.93769955300128,85.0654533844189,4.127753831417621,90.32267720306514,93.00766283524904,2.6849856321838956,28.294620051085566,23.88749201787995,-4.407128033205616,18.986470306513407,16.00015964240102,-2.9863106641123878,51.153418049645836,57.410784825301874,6.257366775656038
nominal,broad_tail,0.08,ssp245,typical,100224,100224,58.77833652618135,64.0146072796935,5.236270753512144,58.064934546615575,63.84498722860792,5.780052681992345,79.73938378033205,81.87559865900383,2.1362148786717796,90.00439016602809,91.1478288633461,1.1434386973180182,31.226053639846747,27.133221583652617,-4.09283205619413,21.02689974457216,17.905890804597703,-3.1210089399744554,47.75801167487838,52.923119288917974,5.1651076140395915
nominal,broad_tail,0.08,ssp585,heatwave_extreme,100224,100224,63.25231481481482,73.33772349936143,10.085408684546614,63.563617496807154,73.12719508301406,9.563577586206904,81.59422892720306,86.86043263090677,5.2662037037037095,90.62100893997446,93.98846583652617,3.3674568965517153,27.368694125159642,20.65074233716475,-6.717951787994892,18.428719667943806,13.614503512132822,-4.814216155810984,53.153849685472366,63.72923227095898,10.575382585486615
nominal,broad_tail,0.08,ssp585,hot,100224,100224,63.28723659003831,72.39683109833972,9.109594508301406,63.28424329501916,71.94085249042146,8.656609195402304,81.60919540229885,85.91954022988506,4.310344827586206,90.44839559386973,93.29003033205619,2.841634738186457,27.16115900383142,20.893199233716476,-6.267959770114942,18.407766602809705,13.620490102171138,-4.787276500638567,53.03618128498487,61.86217425523033,8.825992970245458
nominal,broad_tail,0.08,ssp585,typical,100224,100224,57.32060185185185,70.48212005108557,13.161518199233726,57.14000638569604,70.18777937420178,13.047772988505741,78.766562899106,85.54837164750958,6.781808748403577,89.13733237547893,93.42472860791827,4.287396232439335,31.816730523627072,22.942608556832695,-8.874121966794377,21.497844827586206,15.199952107279694,-6.297892720306512,48.13223537449527,59.38814992111735,11.255914546622087
nominal,broad_tail,0.09,ssp245,heatwave_extreme,100224,100224,47.55248243933588,55.89679118773946,8.344308748403577,45.504070881226056,54.20757503192848,8.703504150702422,66.05703224776501,71.87001117496807,5.812978927203062,78.16391283524904,82.74864303959131,4.584730204342279,30.611430395913153,26.851851851851855,-3.7595785440612985,18.610312899106003,16.041068007662833,-2.5692448914431694,38.60137649948324,46.60189118904948,8.000514689566245
nominal,broad_tail,0.09,ssp245,hot,100224,100224,46.912915070242654,55.31210089399745,8.399185823754799,44.45941091954023,53.23375638569604,8.774345466155808,65.3107040229885,71.8889687100894,6.578264687100898,77.38166507024266,82.82846424010218,5.446799169859517,30.46875,27.51636334610473,-2.952386653895271,18.508540868454663,16.652697956577267,-1.8558429118773958,37.609536000567346,45.10278093607425,7.493244935506901
nominal,broad_tail,0.09,ssp245,typical,100224,100224,42.59957694763729,49.30356002554279,6.703983077905498,40.42345146871009,47.239184227330774,6.815732758620683,62.88713282247765,67.31022509578544,4.4230922733077875,75.83612707535121,79.02697956577268,3.190852490421463,33.23655012771392,29.723419540229884,-3.513130587484035,20.351412835249043,18.058548850574713,-2.29286398467433,33.83566605924953,39.6770325633303,5.841366504080767
nominal,broad_tail,0.09,ssp585,heatwave_extreme,100224,100224,48.388609514687104,62.02805715197957,13.639447637292463,46.78220785440613,60.65912356321839,13.876915708812255,66.88916826309068,75.40110153256705,8.511933269476373,78.65780651340997,85.40070242656451,6.742895913154541,30.269196998722858,23.37264527458493,-6.896551724137929,18.59734195402299,13.546655491698594,-5.050686462324396,40.306336762624454,52.59065487827347,12.284318115649015
nominal,broad_tail,0.09,ssp585,hot,100224,100224,48.22497605363984,60.182191890166024,11.957215836526181,46.55771072796935,58.188657407407405,11.630946679438054,66.88417943805874,73.91942049808429,7.035241060025555,78.43730044699872,84.16447158365263,5.727171136653908,30.212324393358873,23.982279693486593,-6.2300446998722805,18.757982120051086,13.923810664112388,-4.834171455938698,39.65769890196901,50.37548360526478,10.71778470329577
nominal,broad_tail,0.09,ssp585,typical,100224,100224,42.43394795657727,57.15696839080459,14.723020434227323,40.457375478927204,55.15545178799489,14.698076309067687,60.867656449552996,72.51855842911877,11.650901979565774,74.15289750957854,83.84818007662835,9.695282567049816,31.718949553001274,26.691211685823756,-5.0277378671775175,18.495569923371647,15.502274904214557,-2.99329501915709,34.484125023977164,47.03802126684189,12.553896242864724
nominal,broad_tail,0.1,ssp245,heatwave_extreme,100224,100224,37.86617975734355,47.21124680715198,9.345067049808428,34.36502234993614,43.96551724137931,9.60049489144317,57.18889687100894,64.27502394636015,7.086127075351207,69.55719189016602,75.42105683269476,5.8638649425287355,31.691012132822475,28.209810025542787,-3.481202107279689,19.40154054916986,17.103687739463602,-2.2978528097062565,29.724091748252352,38.394933208265996,8.670841460013644
nominal,broad_tail,0.1,ssp245,hot,100224,100224,36.977171136653894,46.2474058109834,9.270234674329508,33.37224616858238,42.696360153256705,9.324113984674327,56.31884578544061,64.25107758620689,7.9322318007662815,68.96451947637291,75.37116858237547,6.406649106002561,31.98734833971903,29.12376277139208,-2.8635855683269504,19.40652937420179,18.046575670498086,-1.3599537037037024,28.993209662514552,36.76834365851841,7.775133996003859
nominal,broad_tail,0.1,ssp245,typical,100224,100224,32.771591634738186,39.70206736909323,6.930475734355042,29.259458812260537,36.16000159642401,6.900542784163473,53.41036079182631,59.101612388250324,5.691251596424017,66.8732040229885,71.14463601532567,4.27143199233717,34.10161238825032,31.442568646232438,-2.6590437420178787,20.68366858237548,19.452426564495532,-1.2312420178799464,25.395402056384096,31.739089560786276,6.34368750440218
nominal,broad_tail,0.1,ssp585,heatwave_extreme,100224,100224,38.58656609195402,54.45302522349936,15.86645913154534,35.75490900383142,51.56150223499362,15.806593231162196,57.746647509578544,68.65720785440614,10.910560344827594,69.87747445721584,79.18761973180077,9.310145274584926,31.290908365261817,24.734594508301406,-6.556313856960411,19.212962962962962,14.270035121328226,-4.942927841634736,31.503188809769643,45.70748242027693,14.204293610507289
nominal,broad_tail,0.1,ssp585,hot,100224,100224,38.215397509578544,52.417584610472545,14.202187100894001,35.328863346104725,49.27163154533844,13.942768199233711,57.717712324393354,67.03783524904215,9.320122924648793,70.13190453384419,77.79174648786717,7.65984195402298,31.916507024265645,25.374161877394634,-6.5423451468710105,19.555196360153257,14.689096424010216,-4.866099936143041,30.8941294256521,43.72954691783268,12.835417492180579
nominal,broad_tail,0.1,ssp585,typical,100224,100224,33.4889846743295,48.62009099616858,15.131106321839077,30.260217113665387,45.502075351213286,15.241858237547898,52.06936462324393,64.72601372924649,12.656649106002561,64.65417464878672,76.3190453384419,11.664870689655174,31.165189974457213,27.698954342273307,-3.4662356321839063,18.623283844189018,16.168781928480204,-2.454501915708814,26.33251148813658,39.14212437273407,12.809612884597488
nominal,broad_tail,0.11,ssp245,heatwave_extreme,100224,100224,30.427841634738183,40.38852969348659,9.960688058748406,27.200071839080458,36.986151021711365,9.786079182630907,49.77849616858238,58.12480044699873,8.346304278416348,61.93925606641124,69.43346902937421,7.494212962962969,31.511414431673053,29.04493933588761,-2.4664750957854444,19.36063218390805,17.742257343550445,-1.6183748403576033,23.48882357527115,32.615898379997624,9.127074804726472
nominal,broad_tail,0.11,ssp245,hot,100224,100224,29.588721264367816,39.47357918263091,9.88485791826309,26.28113026819923,35.62819284802043,9.347062579821202,49.21875,57.70973020434227,8.490980204342272,61.893358876117496,69.32571040868454,7.432351532567047,32.30463761174968,29.85213122605364,-2.4525063856960436,19.64000638569604,18.24213761174968,-1.3978687739463602,23.128382910799917,30.802954647122267,7.674571736322349
nominal,broad_tail,0.11,ssp245,typical,100224,100224,25.34722222222222,32.646871008939975,7.2996487867177535,21.875997765006385,29.387172733077904,7.5111749680715185,45.18179278416347,52.01049648786717,6.828703703703702,58.93498563218391,64.47557471264368,5.5405890804597675,33.58776340996169,31.828703703703702,-1.759059706257986,19.83955938697318,19.371607598978287,-0.4679517879948918,19.68614321670687,26.37856587950443,6.692422662797558
nominal,broad_tail,0.11,ssp585,heatwave_extreme,100224,100224,31.202107279693486,48.584171455938694,17.38206417624521,28.389407726692212,45.50706417624521,17.117656449552996,50.58069923371647,63.35608237547893,12.775383141762454,62.61374521072797,73.93738026819923,11.323635057471265,31.41163793103448,25.353208812260537,-6.058429118773944,19.383580779054917,14.775901979565772,-4.607678799489145,25.643826912195593,40.70873622140596,15.064909309210364
nominal,broad_tail,0.11,ssp585,hot,100224,100224,30.960648148148145,46.85903575989783,15.898387611749683,28.084091634738183,43.77195083014049,15.687859195402307,49.964080459770116,61.94823595146871,11.984155491698594,62.682590996168585,72.73208014048531,10.049489144316723,31.721942848020433,25.873044380587483,-5.848898467432949,19.008421136653894,15.09219348659004,-3.9162276500638544,24.71645315067891,39.42773171847187,14.71127856779296
nominal,broad_tail,0.11,ssp585,typical,100224,100224,26.33101851851852,42.53871328224776,16.207694763729243,23.40058269476373,39.004629629629626,15.604046934865895,44.89742975734355,58.9010616219668,14.003631864623244,57.47226213282248,70.73854565772669,13.26628352490421,31.14124361430396,28.199832375478927,-2.941411238825033,18.570402298850574,16.372325989782887,-2.1980763090676874,20.80067681084813,33.71240357875377,12.911726767905641
nominal,broad_tail,0.12,ssp245,heatwave_extreme,100224,100224,25.396112707535124,35.86566091954023,10.469548212005108,21.441969987228607,31.589240102171136,10.147270114942529,42.11366538952746,51.089559386973185,8.975893997445723,54.76033684546615,62.96296296296296,8.202626117496813,29.364224137931032,27.097302043422733,-2.266922094508299,16.719548212005108,15.225893997445722,-1.4936542145593865,18.640845472784147,27.668060700382064,9.027215227597917
nominal,broad_tail,0.12,ssp245,hot,100224,100224,24.620849297573436,34.89483556832695,10.273986270753511,20.857279693486593,29.939934546615582,9.08265485312899,41.456138250319285,50.767281289910606,9.311143039591322,54.525862068965516,63.17049808429118,8.644636015325666,29.90501277139208,28.27566251596424,-1.6293502554278412,16.838282247765008,15.874441251596425,-0.9638409961685834,18.16195605997926,26.03168710606183,7.8697310460825705
nominal,broad_tail,0.12,ssp245,typical,100224,100224,20.591874201787995,28.31956417624521,7.727689974457213,16.327426564495532,24.053121008939975,7.725694444444443,36.82650862068966,44.56317848020434,7.736669859514684,50.11075191570882,57.09510696040868,6.984355044699861,29.518877713920816,28.77554278416347,-0.7433349297573457,16.236629948914434,16.2456098339719,0.008979885057467385,14.856893833020315,21.765274130911518,6.908380297891203
nominal,broad_tail,0.12,ssp585,heatwave_extreme,100224,100224,26.198315772669222,44.458413154533844,18.26009738186462,22.802921455938694,40.39950510855683,17.596583652618136,43.29601692209451,57.754629629629626,14.458612707535117,55.55555555555556,68.43670178799489,12.881146232439335,29.357239782886335,23.978288633461048,-5.378951149425287,17.099696679438058,13.300207535121327,-3.7994891443167305,20.533212032341574,36.421236295055905,15.888024262714332
nominal,broad_tail,0.12,ssp585,hot,100224,100224,25.932910280970628,43.23515325670498,17.302242975734355,22.38286238825032,39.11538154533844,16.732519157088117,42.93183269476373,56.28292624521073,13.351093550447004,55.60045498084292,67.20346424010218,11.60300925925926,29.667544699872284,23.96831098339719,-5.699233716475096,17.000917943805874,13.049768518518517,-3.9511494252873565,20.0194651598515,35.66859383648182,15.649128676630319
nominal,broad_tail,0.12,ssp585,typical,100224,100224,21.655491698595146,38.27725893997446,16.621767241379313,17.936821519795657,34.03476213282248,16.09794061302682,37.45410280970626,52.523347701149426,15.06924489144317,50.369173052362704,64.47956577266922,14.110392720306514,28.713681353767562,26.202306832694767,-2.5113745210727956,15.79861111111111,14.249082056194126,-1.5495290549169844,16.12277801224321,28.96093674421482,12.83815873197161
nominal,broad_tail,0.13,ssp245,heatwave_extreme,100224,100224,22.10448595146871,32.7147190293742,10.610233077905491,17.43793901660281,27.68897669220945,10.25103767560664,36.37053001277139,46.02889527458493,9.658365261813543,47.7540309706258,56.92149584929758,9.16746487867178,25.649545019157088,24.206776819923373,-1.442768199233715,14.268039591315453,13.318167305236269,-0.9498722860791844,15.661838332203807,24.82168191270998,9.159843580506173
nominal,broad_tail,0.13,ssp245,hot,100224,100224,21.322238186462325,31.40265804597701,10.080419859514684,17.200470945083012,25.96384099616858,8.76337005108557,35.78583971902937,45.80040708812261,10.014567369093243,47.4397349936143,57.46228448275862,10.022549489144318,26.11749680715198,26.059626436781606,-0.05787037037037379,14.46360153256705,14.401740102171138,-0.061861430395913075,15.234243576209133,23.22054915595943,7.9863055797502955
nominal,broad_tail,0.13,ssp245,typical,100224,100224,17.443925606641127,25.33425127713921,7.890325670498083,12.905092592592593,20.63677362707535,7.731681034482756,31.3827027458493,38.95873243933588,7.576029693486582,42.694364623243935,50.175606641123885,7.48124201787995,25.25043901660281,24.841355363984675,-0.4090836526181363,13.939774904214557,13.625478927203066,-0.3142959770114917,12.223834814135408,19.06843083428434,6.844596020148931
nominal,broad_tail,0.13,ssp585,heatwave_extreme,100224,100224,23.018438697318008,41.64571360153257,18.627274904214563,19.08824233716475,36.94624042145594,17.85799808429119,37.26652298850575,53.42732279693486,16.16079980842911,48.499361430395915,63.346104725415074,14.84674329501916,25.480922733077904,21.700391123882504,-3.7805316091953998,14.248084291187741,11.791586845466155,-2.4564974457215865,17.361601303056045,33.80627235424267,16.444671051186628
nominal,broad_tail,0.13,ssp585,hot,100224,100224,22.63330140485313,40.6599217752235,18.026620370370374,18.557431353767562,35.90856481481482,17.351133461047255,37.28947158365262,52.35472541507025,15.065253831417628,49.173850574712645,62.18171296296296,13.007862388250317,26.540549169859514,21.521791187739463,-5.01875798212005,14.656170178799488,11.6977969348659,-2.958373243933588,16.888962587546544,33.541501869089366,16.652539281542822
nominal,broad_tail,0.13,ssp585,typical,100224,100224,18.67616538952746,35.075431034482754,16.399265644955296,14.631226053639848,29.816211685823756,15.184985632183908,32.12803320561941,47.599377394636015,15.471344189016605,43.61230842911878,58.293422733077904,14.681114303959127,24.936143039591315,23.217991698595146,-1.7181513409961688,13.451867816091953,12.523946360153257,-0.9279214559386961,13.35485550977345,26.264720155095382,12.909864645321932
nominal,broad_tail,0.14,ssp245,heatwave_extreme,100224,100224,19.520274584929755,29.90501277139208,10.384738186462325,15.031329821200512,25.278376436781606,10.247046615581095,33.80028735632184,43.61131066411239,9.811023307790549,43.64723020434227,52.56724936143039,8.92001915708812,24.126955619412517,22.662236590038315,-1.4647190293742014,14.28001277139208,13.707295657726693,-0.5727171136653872,14.084854178585399,22.864195849588135,8.779341671002737
nominal,broad_tail,0.14,ssp245,hot,100224,100224,18.80787037037037,28.36645913154534,9.55858876117497,14.776899744572159,23.41455140485313,8.63765166028097,33.196639527458494,43.33193646232439,10.135296934865899,43.11242816091954,53.082096104725416,9.969667943805874,24.30455779054917,24.71563697318008,0.41107918263091037,14.388769157088122,14.966475095785443,0.5777059386973207,13.535134020385081,21.244103388831682,7.708969368446601
nominal,broad_tail,0.14,ssp245,typical,100224,100224,14.834770114942527,22.645274584929755,7.810504469987228,10.899584929757342,18.40676883780332,7.5071839080459775,29.388170498084293,36.70378352490422,7.315613026819925,38.82902298850575,46.07080140485313,7.24177841634738,23.99425287356322,23.425526819923373,-0.5687260536398462,14.553400383141762,14.058508939974457,-0.4948914431673046,10.88041755755713,17.559606465740547,6.679188908183416
nominal,broad_tail,0.14,ssp585,heatwave_extreme,100224,100224,20.444204980842912,38.94675925925926,18.502554278416348,16.75347222222222,34.71723339719029,17.96376117496807,34.41890166028097,51.25219508301405,16.833293422733078,43.494572158365266,59.60548371647509,16.110911558109827,23.05036717752235,20.658724457215836,-2.391642720306514,13.97469667943806,12.306433588761175,-1.6682630906768843,15.540116296467044,32.20933871422869,16.66922241776165
nominal,broad_tail,0.14,ssp585,hot,100224,100224,20.077027458492978,38.18546455938697,18.108437100893994,16.22365900383142,33.881106321839084,17.657447318007666,34.4588122605364,50.36617975734355,15.907367496807154,44.40154054916986,58.6147030651341,14.213162515964243,24.324513090676884,20.429238505747126,-3.8952745849297585,14.381784802043423,12.182710727969347,-2.199074074074076,15.16651858540171,32.07907593348144,16.91255734807973
nominal,broad_tail,0.14,ssp585,typical,100224,100224,16.261574074074073,32.29266443167305,16.03109035759898,12.489024584929757,27.13721264367816,14.648188058748405,29.881066411238827,45.257622924648786,15.376556513409959,39.26005747126437,54.18362867177522,14.92357120051085,22.998483397190295,21.89096424010217,-1.1075191570881238,13.61949233716475,12.96595625798212,-0.653536079182631,11.74022453067225,24.625217663407735,12.884993132735485
nominal,broad_tail,0.15,ssp245,heatwave_extreme,100224,100224,17.00890006385696,27.35472541507024,10.345825351213282,13.233357279693486,23.353687739463602,10.120330459770116,31.92049808429119,42.1106720945083,10.190174010217113,42.005906768837804,50.6485472541507,8.642640485312896,24.997006704980844,23.293821839080458,-1.7031848659003863,14.911598020434228,14.75594667943806,-0.15565134099616884,13.414422158157752,22.156377127637068,8.741954969479316
nominal,broad_tail,0.15,ssp245,hot,100224,100224,16.615780651340998,25.693446679438058,9.07766602809706,13.001875798212007,21.459929757343552,8.458053959131545,31.441570881226056,41.72453703703704,10.282966155810982,41.484075670498086,51.13944763729247,9.655371966794384,24.868295019157088,25.44600095785441,0.5777059386973207,14.825790229885058,16.03109035759898,1.2053001277139224,12.897840305203534,20.537415220493045,7.639574915289511
nominal,broad_tail,0.15,ssp245,typical,100224,100224,12.5768279054917,20.119931353767562,7.543103448275863,9.558588761174969,16.81234035759898,7.253751596424012,27.73487388250319,35.111350574712645,7.3764766922094545,37.436143039591315,44.53723659003831,7.101093550446997,24.859315134099617,24.417305236270753,-0.44200989782886424,15.158045977011495,14.991419220945081,-0.16662675606641386,10.367534702191582,16.9384825620668,6.570947859875217
nominal,broad_tail,0.15,ssp585,heatwave_extreme,100224,100224,18.34690293742018,36.47529533844189,18.12839240102171,14.996408045977011,33.00706417624521,18.010656130268195,32.625917943805874,49.80543582375479,17.179517879948918,41.93306992337165,57.968151340996165,16.035081417624518,23.58616698595147,21.492856002554277,-2.093310983397192,14.279015006385695,13.3301404853129,-0.9488745210727956,14.881806171904884,31.585514170761048,16.703707998856164
nominal,broad_tail,0.15,ssp585,hot,100224,100224,17.900901979565774,35.69404533844189,17.793143358876115,14.517480842911878,32.43035600255428,17.912875159642397,32.649864303959134,48.88948754789272,16.239623243933586,42.84203384418902,57.054198595146865,14.212164750957847,24.941131864623244,21.36015325670498,-3.580978607918265,14.748962324393359,13.196439974457217,-1.552522349936142,14.512282026595974,31.491102673463615,16.97882064686764
nominal,broad_tail,0.15,ssp585,typical,100224,100224,14.074473180076627,29.465996168582375,15.391522988505749,10.912555874840358,25.29633620689655,14.383780332056194,28.332535121328224,43.804877075351214,15.47234195402299,37.83724457215836,52.74485153256705,14.907606960408685,23.762771392081735,23.278855363984675,-0.4839160280970596,14.258061941251595,14.33888090676884,0.08081896551724377,11.237830719513967,24.00884605819056,12.771015338676593
nominal,broad_tail,0.16,ssp245,heatwave_extreme,100224,100224,15.024345466155811,25.05088601532567,10.026540549169859,11.828504150702427,21.91491060025543,10.086406449553001,29.80523627075351,40.21392081736909,10.408684546615582,40.544181034482754,49.56098339719029,9.016802362707537,25.519835568326947,24.51009738186462,-1.0097381864623252,14.780890804597702,15.163034802043423,0.3821439974457217,12.767458962771752,21.54488299936122,8.77742403658947
nominal,broad_tail,0.16,ssp245,hot,100224,100224,14.75095785440613,23.275862068965516,8.524904214559387,11.66087962962963,20.006186143039592,8.345306513409962,29.27442528735632,39.656170178799485,10.381744891443166,40.09518678160919,50.037915070242654,9.942728288633461,25.344228927203066,26.762053001277142,1.4178240740740762,14.523467432950191,16.380308109833972,1.856840676883781,12.279392200285615,19.94934098618154,7.669948785895924
nominal,broad_tail,0.16,ssp245,typical,100224,100224,10.954462005108557,18.32096104725415,7.366499042145595,8.546855044699871,15.683868135376756,7.137013090676884,25.71639527458493,32.90728767560664,7.19089240102171,35.9933748403576,43.16231641123883,7.168941570881223,25.038912835249043,24.841355363984675,-0.19755747126436773,14.761933269476375,14.586326628352491,-0.17560664112388302,9.81674253023561,16.35374424044872,6.53700171021311
nominal,broad_tail,0.16,ssp585,heatwave_extreme,100224,100224,16.58884099616858,34.4797653256705,17.890924329501917,13.676364942528735,31.725933908045977,18.049568965517242,30.494691890166024,48.167105683269476,17.672413793103452,40.801604406130274,57.062180715197954,16.26057630906768,24.212763409961685,22.58241538952746,-1.6303480204342264,13.905850893997446,13.687340357598979,-0.21851053639846718,14.403764786959142,31.025966818600313,16.622202031641173
nominal,broad_tail,0.16,ssp585,hot,100224,100224,16.12986909323116,33.65860472541507,17.528735632183906,13.20043103448276,31.361749680715196,18.161318646232438,30.555555555555557,47.273108237547895,16.717552681992338,41.63374042145594,56.16020114942529,14.52646072796935,25.503871328224776,22.501596424010216,-3.002274904214559,14.425686462324395,13.614503512132822,-0.8111829501915722,14.040356273311177,30.972415710757883,16.932059437446703
nominal,broad_tail,0.16,ssp585,typical,100224,100224,12.459091634738186,26.989543422733075,14.530451787994888,9.682311621966793,23.799688697318008,14.117377075351214,26.320043103448278,42.06178160919541,15.74173850574713,36.49724616858238,51.766044061302686,15.268797892720308,24.03815453384419,24.776500638569605,0.7383461047254158,13.86095146871009,15.072238186462325,1.2112867177522357,10.72641643131173,23.468994166576383,12.742577735264653
nominal,broad_tail,0.17,ssp245,heatwave_extreme,100224,100224,13.490780651340998,23.32874361430396,9.837962962962962,10.76588441890166,20.75949872286079,9.99361430395913,28.163912835249043,38.82602969348659,10.662116858237546,38.06373722860792,47.83684546615581,9.773108237547888,24.572956577266922,24.50810185185185,-0.06485472541507065,14.673132183908047,15.497286079182631,0.8241538952745842,11.690352483903345,20.46474469222525,8.774392208321904
nominal,broad_tail,0.17,ssp245,hot,100224,100224,13.245330459770116,21.500838122605366,8.25550766283525,10.574313537675607,18.776939655172413,8.202626117496806,27.759818007662833,38.28324553001277,10.523427522349937,37.70354406130268,48.267879948914434,10.564335887611755,24.458213601532567,26.767041826309068,2.3088282247765015,14.51448754789272,16.78240740740741,2.267919859514688,11.240948460043022,18.884353210932996,7.6434047508899745
nominal,broad_tail,0.17,ssp245,typical,100224,100224,9.617456896551724,16.981960408684547,7.364503512132822,7.711725734355045,14.786877394636017,7.075151660280972,24.206776819923373,31.513409961685824,7.30663314176245,33.37823275862069,41.105922733077904,7.727689974457213,23.760775862068968,24.123962324393357,0.3631864623243892,14.589319923371647,14.531449553001277,-0.05787037037037024,8.8621953886974,15.431548303329127,6.569352914631727
nominal,broad_tail,0.17,ssp585,heatwave_extreme,100224,100224,15.113146551724139,32.961166985951465,17.848020434227326,12.607758620689655,30.615421455938694,18.00766283524904,29.040948275862068,46.837084929757346,17.796136653895278,38.58457056194125,55.60444604086845,17.019875478927204,23.471424010217113,22.643279054916988,-0.8281449553001252,13.92780172413793,13.875917943805874,-0.05188378033205687,13.339277639535037,30.114750019502416,16.77547237996738
nominal,broad_tail,0.17,ssp585,hot,100224,100224,14.655172413793101,32.327586206896555,17.672413793103452,12.150782247765006,30.4268438697318,18.276061621966797,29.072876756066414,46.06880587484036,16.995929118773944,39.319923371647505,54.79026979565773,15.470346424010224,24.664750957854405,22.462683588761177,-2.2020673690932284,14.417704342273307,13.741219667943804,-0.6764846743295028,12.952624873522348,30.134485919833036,17.181861046310686
nominal,broad_tail,0.17,ssp585,typical,100224,100224,11.099137931034484,25.142680395913153,14.04354246487867,8.807271711366539,22.626317049808428,13.819045338441889,24.836366538952745,40.86047254150703,16.024106002554284,34.307151979565774,50.18358876117497,15.876436781609193,23.20801404853129,25.040908365261817,1.8328943167305276,13.737228607918265,15.71779214559387,1.9805635376756054,9.794219509093177,22.494054493401794,12.699834984308618
nominal,broad_tail,0.18,ssp245,heatwave_extreme,100224,100224,12.236590038314176,21.906928480204343,9.670338441890166,9.927761813537675,19.71882982120051,9.791068007662837,25.9977650063857,36.778615900383144,10.780850893997446,34.05072637292465,44.40253831417624,10.35181194125159,21.814136334610474,22.4956098339719,0.6814734993614273,13.761174968071519,14.8716874201788,1.1105124521072813,9.965344545777807,18.695215219398854,8.729870673621047
nominal,broad_tail,0.18,ssp245,hot,100224,100224,11.926285121328224,20.121926883780333,8.195641762452109,9.678320561941252,17.75123722860792,8.072916666666668,25.60464559386973,36.07120051085568,10.466554916985952,33.56481481481482,44.5731561302682,11.008341315453386,21.638529693486593,24.45122924648787,2.812699553001277,13.678360472541506,15.94927362707535,2.2709131545338437,9.551877247002865,17.11404756581385,7.562170318810983
nominal,broad_tail,0.18,ssp245,typical,100224,100224,8.522908684546614,15.859474776500637,7.3365660919540225,6.989343869731801,14.019596104725416,7.030252234993615,21.904932950191572,29.383181673052363,7.478248722860791,29.270434227330778,37.01109514687101,7.740660919540229,20.747525542784164,21.15162037037037,0.4040948275862064,13.382024265644954,13.523706896551724,0.1416826309067698,7.368092593535286,13.845472560088536,6.477379966553251
nominal,broad_tail,0.18,ssp585,heatwave_extreme,100224,100224,13.99764527458493,31.70398307790549,17.70633780332056,11.728727650063856,29.7084530651341,17.979725415070245,26.798970306513407,45.054078863346106,18.2551085568327,34.638409961685824,52.32878352490421,17.690373563218387,20.640764687100894,20.624800446998723,-0.015964240102171345,12.801325031928481,13.350095785440613,0.548770753512132,11.600992242669793,28.506245061880403,16.90525281921061
nominal,broad_tail,0.18,ssp585,hot,100224,100224,13.481800766283525,31.286917305236273,17.805116538952745,11.409442848020435,29.616658684546614,18.20721583652618,26.91271551724138,44.32770593869732,17.41499042145594,35.229086845466156,51.44276819923371,16.213681353767555,21.747286079182633,20.155850893997446,-1.591435185185187,13.430914750957854,13.040788633461048,-0.3901261174968056,11.296304139928159,28.611831409492744,17.315527269564583
nominal,broad_tail,0.18,ssp585,typical,100224,100224,9.96368135376756,23.707894316730524,13.744212962962964,8.088880906768837,21.54573754789272,13.456856641123883,22.689176245210728,39.111390485312896,16.422214240102168,30.41786398467433,46.92089719029374,16.503033205619413,20.45418263090677,23.21300287356322,2.758820242656448,12.725494891443168,15.403496168582375,2.6780012771392077,8.331466536533014,20.650875746596476,12.319409210063462
nominal,broad_tail,0.19,ssp245,heatwave_extreme,100224,100224,11.152019476372924,20.841315453384418,9.689295977011493,9.169460408684547,18.797892720306514,9.628432311621967,24.92616538952746,35.641163793103445,10.714998403575986,32.49920178799489,43.06752873563218,10.568326947637289,21.347182311621967,22.226213282247762,0.879030970625795,13.774145913154534,14.799848339719029,1.0257024265644947,9.472291643831495,18.08260903611333,8.610317392281834
nominal,broad_tail,0.19,ssp245,hot,100224,100224,10.883620689655173,18.996447956577267,8.112827266922094,8.947956577266922,16.86123084291188,7.913274265644958,24.460209131545337,34.83696519795657,10.376756066411236,32.03923212005109,43.126396871008936,11.087164750957847,21.15561143039591,24.129948914431672,2.974337484035761,13.576588441890166,15.84051724137931,2.2639287994891433,9.060223341692533,16.51392362564804,7.4537002839555075
nominal,broad_tail,0.19,ssp245,typical,100224,100224,7.7765804597701145,14.990421455938696,7.213840996168582,6.399664750957855,13.339120370370368,6.939455619412514,20.812380268199234,28.291626756066414,7.479246487867179,27.882543103448278,35.61522190293742,7.732678799489143,20.10596264367816,20.624800446998723,0.5188378033205616,13.035799808429118,13.301205300127714,0.26540549169859595,6.946819236868213,13.34402986589573,6.397210629027517
nominal,broad_tail,0.19,ssp585,heatwave_extreme,100224,100224,12.937021072796934,30.67528735632184,17.738266283524904,10.9863904853129,28.91522988505747,17.92883939974457,25.747325989782887,44.150103767560665,18.40277777777778,33.097860791826314,51.07459291187739,17.976732120051075,20.160839719029376,20.399305555555554,0.2384658365261778,12.81030491698595,13.474816411238825,0.6645114942528743,11.071968514284022,27.881189326954125,16.809220812670105
nominal,broad_tail,0.19,ssp585,hot,100224,100224,12.488026819923371,30.37994891443167,17.891922094508296,10.747924648786718,28.914232120051086,18.166307471264368,25.696439974457213,43.43271072796935,17.736270753512137,33.62368295019157,50.20454182630907,16.580858876117496,21.1356561302682,19.824592911877396,-1.311063218390803,13.208413154533844,13.052761813537675,-0.15565134099616884,10.750257677665852,28.03014914436525,17.279891466699397
nominal,broad_tail,0.19,ssp585,typical,100224,100224,9.095625798212005,22.524545019157088,13.428919220945083,7.421376117496807,20.662715517241377,13.24133939974457,21.690413473818644,38.05276181353768,16.362348339719034,29.000039910600258,45.71160600255428,16.71156609195402,19.90441411238825,23.18706098339719,3.2826468710089394,12.594787675606641,15.528216794380587,2.9334291187739456,7.935774512498065,20.002173768666413,12.06639925616835
nominal,broad_tail,0.2,ssp245,heatwave_extreme,100224,100224,10.31389687100894,19.863505747126435,9.549608876117496,8.54286398467433,17.90189974457216,9.359035759897829,24.121966794380587,34.69328703703704,10.571320242656451,31.448555236270753,42.127634099616856,10.679078863346103,21.134658365261814,22.264128352490424,1.1294699872286103,13.808069923371647,14.829781289910601,1.0217113665389537,9.183350976846832,17.64185272753169,8.458501750684857
nominal,broad_tail,0.2,ssp245,hot,100224,100224,10.017560664112388,17.956776819923373,7.9392161558109855,8.261494252873563,16.02310823754789,7.761613984674328,23.61310664112388,33.79230523627076,10.179198595146875,31.082375478927204,42.10568326947637,11.023307790549168,21.064814814814813,24.148906449553,3.0840916347381864,13.595545977011495,15.835528416347383,2.239982439335888,8.781613608631801,16.08047419906514,7.298860590433339
nominal,broad_tail,0.2,ssp245,typical,100224,100224,7.09610472541507,14.203184865900385,7.107080140485315,5.898786717752235,12.72749042145594,6.828703703703705,19.898427522349937,27.4764527458493,7.578025223499363,26.747086526181352,34.60747924648786,7.8603927203065105,19.650981800766285,20.404294380587483,0.7533125798211984,12.802322796934865,13.273267879948914,0.47094508301404936,6.651696361677203,13.02463938730473,6.372943025627526
nominal,broad_tail,0.2,ssp585,heatwave_extreme,100224,100224,12.039032567049809,29.788274265644954,17.749241698595146,10.317887931034484,28.130986590038315,17.81309865900383,24.81940453384419,43.39479565772669,18.5753911238825,32.11705779054917,50.23048371647509,18.113425925925924,20.078025223499363,20.44220945083014,0.36418422733077804,12.78037196679438,13.606521392081735,0.8261494252873547,10.732612610098654,27.44029184461437,16.707679234515716
nominal,broad_tail,0.2,ssp585,hot,100224,100224,11.648906449553001,29.57974137931034,17.93083492975734,10.1352969348659,28.23176085568327,18.09646392081737,24.78248722860792,42.694364623243935,17.911877394636015,32.645873243933586,49.47318007662835,16.827306832694767,20.996966794380587,19.893438697318008,-1.1035280970625791,13.133580779054919,13.114623243933588,-0.018957535121330693,10.421540937343723,27.62124398513956,17.199703047795836
nominal,broad_tail,0.2,ssp585,typical,100224,100224,8.364264048531291,21.46491858237548,13.100654533844187,6.814734993614303,19.834570561941252,13.019835568326949,20.972022669220944,37.25554757343551,16.283524904214563,28.067129629629626,44.89044540229885,16.823315772669226,19.70286558109834,23.425526819923373,3.722661238825033,12.607758620689655,15.790628991060027,3.182870370370372,7.684319540696297,19.585505234315768,11.901185693619471
nominal,broad_tail,0.21,ssp245,heatwave_extreme,100224,100224,9.551604406130268,18.93757982120051,9.385975415070243,7.998084291187739,17.17752234993614,9.179438058748401,23.28683748403576,33.89307950191571,10.606242017879946,30.37994891443167,40.88741219667944,10.507463282247773,20.828344508301406,21.949832375478927,1.121487867177521,13.735233077905493,14.955499680715198,1.220266602809705,8.941336366526457,17.338766425150702,8.397430058624245
nominal,broad_tail,0.21,ssp245,hot,100224,100224,9.276221264367816,17.01588441890166,7.739663154533844,7.696759259259259,15.28675766283525,7.589998403575991,22.7330779054917,32.9172653256705,10.184187420178798,29.989822796934867,40.797613346104725,10.807790549169859,20.71360153256705,23.781728927203066,3.068127394636015,13.456856641123881,15.90138090676884,2.444524265644958,8.534032212604004,15.766094630879149,7.232062418275145
nominal,broad_tail,0.21,ssp245,typical,100224,100224,6.546336206896551,13.51073595146871,6.96439974457216,5.422852809706258,12.176724137931034,6.7538713282247755,19.09323116219668,26.62735472541507,7.53412356321839,25.815174010217113,33.66558908045977,7.850415070242654,19.26883780332056,20.15485312899106,0.886015325670499,12.546894955300129,13.116618773946358,0.5697238186462297,6.437686705354177,12.769697091435606,6.332010386081429
nominal,broad_tail,0.21,ssp585,heatwave_extreme,100224,100224,11.255787037037036,28.937180715197957,17.681393678160923,9.696280332056194,27.402618135376756,17.70633780332056,24.055116538952745,42.69536238825032,18.64024584929757,31.06441570881226,49.34746168582376,18.2830459770115,19.808628671775224,20.4102809706258,0.6016522988505741,12.79932950191571,13.758181673052365,0.9588521711366553,10.46259153376998,27.17447228221048,16.7118807484405
nominal,broad_tail,0.21,ssp585,hot,100224,100224,10.904573754789272,28.8294220945083,17.924848339719027,9.494731800766283,27.579222541507026,18.08449074074074,23.96831098339719,42.00690453384419,18.038593550447004,31.60021551724138,48.5562340357599,16.95601851851852,20.69564176245211,19.726811941251597,-0.9688298212005115,13.06373722860792,13.177482439335888,0.11374521072796817,10.152074666895153,27.364995946660343,17.21292127976519
nominal,broad_tail,0.21,ssp585,typical,100224,100224,7.694763729246488,20.509059706257982,12.814295977011493,6.327825670498084,19.033365261813536,12.705539591315452,20.174808429118773,36.48826628352491,16.313457854406135,27.108277458492974,44.06329821200511,16.955020753512134,19.413513729246485,23.554238505747126,4.14072477650064,12.480044699872286,15.979206577266922,3.499161877394636,7.475197280506906,19.311589972803045,11.836392692296139
nominal,broad_tail,0.22,ssp245,heatwave_extreme,100224,100224,8.801285121328224,18.05455779054917,9.253272669220944,7.453304597701149,16.39727011494253,8.94396551724138,22.54250478927203,33.205619412515965,10.663114623243935,29.532846424010216,40.13409961685824,10.60125319284802,20.731561302681992,22.079541826309068,1.3479805236270757,13.741219667943804,15.151061621966793,1.4098419540229887,8.598703862532544,16.865003133979325,8.266299271446782
nominal,broad_tail,0.22,ssp245,hot,100224,100224,8.525901979565772,16.172772988505745,7.646871008939973,7.150981800766283,14.557391443167306,7.406409642401023,22.018678160919542,32.17891922094508,10.160241060025541,29.102809706257982,39.95450191570881,10.851692209450828,20.57690772669221,23.781728927203066,3.2048212005108567,13.492776181353769,16.006146232439335,2.513370051085566,8.180945608878236,15.313428454424777,7.132482845546541
nominal,broad_tail,0.22,ssp245,typical,100224,100224,6.024505108556832,12.866179757343552,6.84167464878672,4.993813856960409,11.649904214559387,6.656090357598978,18.40876436781609,25.92293263090677,7.514168263090681,25.045897190293744,32.90030332056194,7.854406130268195,19.02139208173691,20.03412356321839,1.012731481481481,12.38425925925926,13.056752873563218,0.6724936143039582,6.138376316858914,12.451256027546107,6.312879710687192
nominal,broad_tail,0.22,ssp585,heatwave_extreme,100224,100224,10.515445402298852,28.146950830140486,17.631505427841635,9.16646711366539,26.751077586206897,17.584610472541506,23.356681034482758,42.119651979565774,18.762970945083016,30.29713441890166,48.66898148148148,18.37184706257982,19.78168901660281,20.522030651340998,0.7403416347381864,12.841235632183908,13.972701149425287,1.131465517241379,10.13592388469593,26.736223865071494,16.600299980375564
nominal,broad_tail,0.22,ssp585,hot,100224,100224,10.210129310344827,28.110033524904214,17.899904214559385,8.963920817369093,26.990541187739463,18.02662037037037,23.16610791826309,41.50203544061303,18.335927522349937,30.76109514687101,47.85280970625798,17.09171455938697,20.55096583652618,19.74277618135377,-0.8081896551724128,12.955978607918265,13.392001915708812,0.4360233077905473,9.824267308031157,26.948635464011954,17.124368155980797
nominal,broad_tail,0.22,ssp585,typical,100224,100224,7.083133780332056,19.620051085568328,12.536917305236273,5.868853767560664,18.297014687100894,12.42816091954023,19.493334929757346,35.780850893997446,16.2875159642401,26.152418582375482,43.28204821200511,17.129629629629626,19.069284802043423,23.66199712643678,4.592712324393357,12.410201149425287,16.16079980842912,3.750598659003831,7.147327244283344,18.834546597188634,11.68721935290529
nominal,broad_tail,0.23,ssp245,heatwave_extreme,100224,100224,8.12779374201788,17.19747765006386,9.06968390804598,6.955419859514687,15.647948595146872,8.692528735632184,21.860033524904214,32.517161558109834,10.65712803320562,28.66279533844189,39.229126756066414,10.566331417624525,20.53500159642401,22.031649106002554,1.496647509578544,13.732239782886335,15.319683908045977,1.5874441251596423,8.303391359140031,16.542337131010086,8.238945771870055
nominal,broad_tail,0.23,ssp245,hot,100224,100224,7.785560344827585,15.317688378033207,7.5321280332056215,6.603208812260536,13.870929118773947,7.267720306513412,21.304278416347383,31.386693805874838,10.082415389527455,28.187859195402297,38.93279054916986,10.744931353767562,20.402298850574713,23.615102171136655,3.2128033205619424,13.518718071519794,16.069005427841635,2.5502873563218404,7.880126609962976,14.953808525514498,7.073681915551522
nominal,broad_tail,0.23,ssp245,typical,100224,100224,5.497685185185185,12.321400063856961,6.823714878671776,4.567768199233716,11.147030651340996,6.5792624521072804,17.62751436781609,25.21551724137931,7.5880028735632195,24.184825989782887,32.05818965517241,7.873363665389526,18.687140804597703,19.736789591315453,1.04964878671775,12.129829182630907,12.894117177522348,0.7642879948914416,5.891375380830657,12.153146095632746,6.261770714802089
nominal,broad_tail,0.23,ssp585,heatwave_extreme,100224,100224,9.879869093231163,27.404613665389526,17.52474457215836,8.70949074074074,26.070601851851855,17.361111111111114,22.60935504469987,41.50103767560664,18.891682630906768,29.255467752234992,47.9635616219668,18.708093869731805,19.37559865900383,20.558947956577267,1.1833492975734359,12.72948595146871,14.096424010217113,1.3669380587484028,9.794007451060473,26.431995167328804,16.63798771626833
nominal,broad_tail,0.23,ssp585,hot,100224,100224,9.54861111111111,27.424568965517242,17.87595785440613,8.428121008939975,26.36494252873563,17.936821519795654,22.357918263090674,40.925327266922096,18.567409003831422,29.644596104725412,47.18929597701149,17.544699872286078,20.095984993614305,19.764727011494255,-0.3312579821200501,12.809307151979565,13.500758301404852,0.6914511494252871,9.479430664578311,26.660049731082086,17.180619066503773
nominal,broad_tail,0.23,ssp585,typical,100224,100224,6.555316091954023,18.82383461047254,12.268518518518519,5.502674010217114,17.620530012771393,12.11785600255428,18.83580779054917,35.02454501915709,16.18873722860792,25.139687100893997,42.33117816091954,17.191491060025545,18.584371008939975,23.507343550447,4.922972541507026,12.280491698595148,16.200710408684547,3.920218710089399,6.857739937281115,18.49954776381542,11.641807826534306
nominal,broad_tail,0.24,ssp245,heatwave_extreme,100224,100224,7.505188378033206,16.41522988505747,8.910041507024264,6.48647030651341,15.00139687100894,8.514926564495529,20.996966794380587,31.719947318007662,10.722980523627076,28.033205619412517,38.453863346104725,10.420657726692209,20.52801724137931,22.038633461047255,1.510616219667945,13.491778416347383,15.304717432950191,1.812939016602808,8.153948909838684,16.295926221704903,8.141977311866219
nominal,broad_tail,0.24,ssp245,hot,100224,100224,7.105084610472541,14.53344508301405,7.428360472541509,6.051444763729247,13.236350574712644,7.1849058109833965,20.49309546615581,30.50866060025543,10.015565134099617,27.558269476372928,38.07072158365262,10.512452107279692,20.453184865900383,23.53727650063857,3.0840916347381864,13.38801085568327,15.975215517241379,2.5872046615581095,7.731919299370025,14.716186154780003,6.984266855409977
nominal,broad_tail,0.24,ssp245,typical,100224,100224,5.014766922094508,11.735712005108557,6.7209450830140485,4.138729246487867,10.656130268199233,6.517401021711366,16.768438697318008,24.40433429118774,7.6358955938697335,23.449473180076627,31.331816730523627,7.8823435504470005,18.43470625798212,19.59610472541507,1.1613984674329494,11.7536717752235,12.66862228607918,0.9149505108556806,5.740373036902401,11.9490702871175,6.208697250215099
nominal,broad_tail,0.24,ssp585,heatwave_extreme,100224,100224,9.265245849297573,26.59243295019157,17.327187100893994,8.249521072796934,25.421056832694767,17.171535759897832,21.83808269476373,40.793622286079184,18.955539591315453,28.52809706257982,47.42476851851852,18.896671455938698,19.262851213282246,20.832335568326947,1.5694843550447004,12.572836845466156,14.201189335887612,1.628352490421456,9.59144977763283,26.241994047852728,16.650544270219896
nominal,broad_tail,0.24,ssp585,hot,100224,100224,8.922014687100894,26.69220945083014,17.770194763729247,7.914272030651341,25.78224776500638,17.867975734355042,21.48786717752235,40.247844827586206,18.759977650063856,28.845386334610474,46.68442688378033,17.83904054916986,19.923371647509576,19.99221743295019,0.06884578544061526,12.565852490421456,13.555635376756067,0.989782886334611,9.275550454204465,26.477009803844666,17.201459349640203
nominal,broad_tail,0.24,ssp585,typical,100224,100224,6.059426883780332,18.03560025542784,11.976173371647509,5.159442848020434,16.936063218390803,11.77662037037037,18.007662835249043,34.18243135376756,16.17476851851852,24.48515325670498,41.55691251596424,17.071759259259263,18.42572637292465,23.521312260536398,5.0955858876117475,11.948235951468709,16.14683109833972,4.198595146871012,6.690225594743445,18.26650263271297,11.576277037969525
nominal,broad_tail,0.25,ssp245,heatwave_extreme,100224,100224,6.951428799489144,15.677881545338442,8.726452745849297,6.009538633461047,14.281010536398467,8.27147190293742,20.2356720945083,30.988585568326947,10.752913473818648,27.204062899106003,37.49401340996169,10.289950510855686,20.25263409961686,21.816131864623244,1.5634977650063853,13.284243295019158,15.310704022988505,2.026460727969347,7.847684602778596,15.81898573092515,7.971301128146553
nominal,broad_tail,0.25,ssp245,hot,100224,100224,6.50243454661558,13.808069923371647,7.305635376756067,5.470745530012771,12.55986590038314,7.089120370370369,19.733796296296298,29.71044859514687,9.976652298850574,26.72613346104725,37.06098339719029,10.33484993614304,20.223698914431672,23.252913473818644,3.029214559386972,13.231361749680715,15.902378671775224,2.671016922094509,7.421765749699406,14.23605604587551,6.814290296176103
nominal,broad_tail,0.25,ssp245,typical,100224,100224,4.488944763729247,11.192927841634738,6.703983077905491,3.7047014687100894,10.1422812899106,6.43757982120051,16.044061302681992,23.70689655172414,7.662835249042146,22.634299169859514,30.400901979565774,7.76660280970626,18.145354406130267,19.207974137931032,1.0626197318007655,11.555116538952745,12.513968710089399,0.9588521711366536,5.477112996608863,11.547458666143644,6.070345669534781
nominal,broad_tail,0.25,ssp585,heatwave_extreme,100224,100224,8.714479565772669,25.79022988505747,17.0757503192848,7.7576229246487864,24.80543582375479,17.047812899106006,21.10272988505747,40.238864942528735,19.136135057471265,27.4974058109834,46.60360791826309,19.10620210727969,18.782926245210728,20.81337803320562,2.030451787994892,12.388250319284802,14.448635057471265,2.060384738186462,9.191021838931396,25.715412857991605,16.52439101906021
nominal,broad_tail,0.25,ssp585,hot,100224,100224,8.308389208173692,26.015724776500637,17.707335568326947,7.394436462324393,25.233477011494255,17.839040549169862,20.716594827586206,39.677123243933586,18.96052841634738,27.75682471264368,45.959051724137936,18.202227011494255,19.448435504469987,19.943326947637292,0.4948914431673046,12.408205619412517,13.66139846743295,1.2531928480204328,8.881792666663198,25.995609095069177,17.11381642840598
nominal,broad_tail,0.25,ssp585,typical,100224,100224,5.61242816091954,17.33616698595147,11.723738825031928,4.812220625798212,16.316451149425287,11.504230523627076,17.33616698595147,33.416147828863345,16.079980842911876,23.705898786717754,40.702825670498086,16.996926883780333,18.09347062579821,23.366658684546614,5.273188058748403,11.72373882503193,16.07998084291188,4.35624201787995,6.378190428562607,17.803649790207892,11.425459361645284
nominal,broad_tail,0.26,ssp245,heatwave_extreme,100224,100224,6.408644636015326,14.883660600255427,8.4750159642401,5.529613665389528,13.625478927203066,8.095865261813538,19.52626117496807,30.249241698595146,10.722980523627076,26.540549169859514,36.875399106002554,10.33484993614304,20.13190453384419,21.991738505747126,1.8598339719029369,13.117616538952745,15.365581098339721,2.2479645593869755,7.554421102516972,15.221283293306593,7.666862190789621
nominal,broad_tail,0.26,ssp245,hot,100224,100224,5.918742017879949,13.026819923371647,7.108077905491698,4.907008301404853,11.97816890166028,7.0711606002554275,19.078264687100894,28.953144955300125,9.874880268199231,26.100534802043423,36.444364623243935,10.343829821200512,20.181792784163473,23.417544699872288,3.235751915708814,13.159522669220944,15.926325031928481,2.766802362707537,7.097352224562588,13.689925523815443,6.592573299252855
nominal,broad_tail,0.26,ssp245,typical,100224,100224,4.061901340996169,10.634179438058748,6.572278097062579,3.2966155810983397,9.695282567049809,6.398666985951468,15.42345146871009,23.086286717752238,7.662835249042148,22.11346583652618,29.771312260536398,7.657846424010216,18.051564495530013,19.13713282247765,1.0855683269476373,11.36155012771392,12.452107279693486,1.0905571519795654,5.23514237078694,11.16013747313717,5.92499510235023
nominal,broad_tail,0.26,ssp585,heatwave_extreme,100224,100224,8.205619412515965,25.03991060025543,16.834291187739463,7.259738186462325,24.15389527458493,16.894157088122604,20.329462005108557,39.73499361430396,19.405531609195403,26.762053001277142,46.053839399744575,19.291786398467433,18.556433588761177,21.013928799489147,2.45749521072797,12.123842592592593,14.695083014048532,2.571240421455938,8.806729786618067,25.103464073031965,16.296734286413898
nominal,broad_tail,0.26,ssp585,hot,100224,100224,7.755627394636015,25.32726692209451,17.571639527458494,6.870609833971902,24.60189176245211,17.731281928480207,19.991219667943806,39.16526979565773,19.174050127713922,26.950630587484035,45.44320721583653,18.492576628352495,19.19500319284802,20.115940293742018,0.9209371008939975,12.235592273307791,13.838002873563218,1.6024106002554266,8.5124834211665,25.42885800809328,16.91637458692678
nominal,broad_tail,0.26,ssp585,typical,100224,100224,5.224297573435504,16.645713601532567,11.421416028097063,4.412116858237548,15.634977650063858,11.22286079182631,16.62376277139208,32.7286877394636,16.104924968071522,23.093271072796934,40.04829182630907,16.955020753512134,17.86897349936143,23.4025782247765,5.533604725415071,11.399465197956578,16.082974137931032,4.683508939974454,6.047250042839054,17.228709069191687,11.181459026352634
nominal,broad_tail,0.27,ssp245,heatwave_extreme,100224,100224,5.877833652618135,14.182231800766285,8.304398148148149,5.107559067688379,12.944005427841635,7.836446360153256,18.80787037037037,29.288393997445723,10.480523627075353,25.303320561941252,35.5812978927203,10.277977330779049,19.425486909323116,21.399066091954023,1.9735791826309068,12.930036717752236,15.106162196679437,2.176125478927201,6.863878849905252,13.903258904706432,7.03938005480118
nominal,broad_tail,0.27,ssp245,hot,100224,100224,5.346024904214559,12.33536877394636,6.989343869731801,4.438058748403576,11.341594827586206,6.90353607918263,18.24712643678161,27.956377713920816,9.709251277139206,24.8952346743295,35.05447796934866,10.15924329501916,19.549209770114942,22.719109195402297,3.1698994252873547,12.90110153256705,15.621008939974457,2.7199074074074066,6.350832186678707,12.480138744950251,6.129306558271544
nominal,broad_tail,0.27,ssp245,typical,100224,100224,3.6328623882503193,10.07742656449553,6.444564176245211,3.013250319284802,9.228328544061302,6.2150782247765,14.69807630906769,22.32299648786718,7.62492017879949,20.85029533844189,28.49317528735632,7.64287994891443,17.217432950191572,18.41574872286079,1.1983157726692184,11.065213920817369,12.245569923371647,1.1803560025542783,4.657345685398439,10.483993267624001,5.826647582225562
nominal,broad_tail,0.27,ssp585,heatwave_extreme,100224,100224,7.664830779054917,24.25866060025543,16.59382982120051,6.7828065134099615,23.473419540229884,16.69061302681992,19.512292464878673,38.9577346743295,19.445442209450828,25.411079182630907,44.96328224776501,19.5522030651341,17.74624840357599,20.704621647509576,2.958373243933586,11.847461685823754,14.699074074074073,2.8516123882503184,8.004456822519824,23.726285448547415,15.721828626027591
nominal,broad_tail,0.27,ssp585,hot,100224,100224,7.169939335887612,24.61486270753512,17.44492337164751,6.341794380587484,23.98926404853129,17.647469667943806,19.168063537675607,38.442887931034484,19.274824393358877,25.522828863346103,44.40253831417624,18.879709450830138,18.352889527458494,19.787675606641127,1.4347860791826328,11.998124201787995,13.828025223499363,1.8299010217113683,7.765173843210997,24.145961422729524,16.380787579518525
nominal,broad_tail,0.27,ssp585,typical,100224,100224,4.808229565772669,15.970226692209453,11.161997126436784,4.080858876117497,14.932551085568328,10.851692209450832,15.862468071519794,31.78979086845466,15.927322796934865,21.929877075351214,38.62049010217113,16.690613026819918,17.121647509578544,22.650263409961685,5.528615900383141,11.054238505747128,15.81956417624521,4.765325670498083,5.476849710443824,15.909058800204951,10.432209089761127
nominal,broad_tail,0.28,ssp245,heatwave_extreme,100224,100224,5.354007024265646,13.379030970625799,8.025023946360154,4.734394955300128,12.265525223499361,7.531130268199234,18.229166666666664,28.595945083014048,10.366778416347383,24.51807950191571,34.7312021072797,10.213122605363989,19.164072477650063,21.352171136653894,2.188098659003831,12.875159642401021,15.216914112388249,2.3417544699872277,6.513598460385111,13.422685906768875,6.909087446383763
nominal,broad_tail,0.28,ssp245,hot,100224,100224,4.820202745849297,11.604007024265645,6.783804278416348,4.0459371008939975,10.675087803320563,6.629150702426566,17.670418263090674,27.227011494252874,9.5565932311622,23.962324393358873,34.0337643678161,10.071439974457224,19.142121647509576,22.429757343550445,3.2876356960408692,12.850215517241379,15.623004469987228,2.7727889527458487,5.984178525052469,11.994825076020401,6.010646550967932
nominal,broad_tail,0.28,ssp245,typical,100224,100224,3.2557072158365266,9.604485951468709,6.348778735632182,2.731880587484036,8.757383461047255,6.025502873563219,14.081457535121327,21.743295019157088,7.661837484035761,19.991219667943806,27.68897669220945,7.697757024265645,16.73551245210728,18.08449074074074,1.348978288633461,10.825750319284802,12.138809067688378,1.3130587484035754,4.375999018273204,10.12937443606758,5.753375417794377
nominal,broad_tail,0.28,ssp585,heatwave_extreme,100224,100224,7.072158365261813,23.470426245210728,16.398267879948914,6.273946360153257,22.77199074074074,16.498044380587483,18.976492656449555,38.446878991060025,19.47038633461047,24.618853767560665,44.30475734355045,19.685903575989784,17.54669540229885,20.83433109833972,3.2876356960408692,11.90433429118774,14.976452745849297,3.072118454661558,7.639574554810083,23.2805045713957,15.640930016585617
nominal,broad_tail,0.28,ssp585,hot,100224,100224,6.557311621966794,23.899465197956577,17.342153575989784,5.822956577266923,23.33073914431673,17.50778256704981,18.617297254150703,37.96196519795657,19.34466794380587,24.637811302681992,43.722062579821205,19.084251277139213,18.0804996807152,19.82259738186462,1.7420977011494223,12.059985632183908,14.0625,2.002514367816092,7.383757309276382,23.713591229504193,16.32983392022781
nominal,broad_tail,0.28,ssp585,typical,100224,100224,4.413114623243933,15.235871647509578,10.822757024265645,3.761574074074074,14.31293901660281,10.551364942528735,15.35360791826309,31.14024584929757,15.78663793103448,21.149624840357596,37.800327266922096,16.6507024265645,16.736510217113665,22.564455619412517,5.827945402298852,10.940493295019158,15.904374201787993,4.963880906768836,5.191147967159275,15.413282450130147,10.222134482970873
nominal,broad_tail,0.29,ssp245,heatwave_extreme,100224,100224,4.862108876117497,12.64567369093231,7.783564814814814,4.33528895274585,11.57507183908046,7.23978288633461,17.611550127713922,27.958373243933586,10.346823116219664,23.71587643678161,34.000838122605366,10.284961685823756,18.85376756066411,21.355164431673053,2.501396871008943,12.749441251596425,15.312699553001277,2.5632583014048524,6.2394091724230005,13.07757112740114,6.838161954978139
nominal,broad_tail,0.29,ssp245,hot,100224,100224,4.327306832694764,10.869651979565772,6.542345146871008,3.6627953384418905,10.015565134099617,6.352769795657727,17.108676564495532,26.56150223499362,9.452825670498086,23.118215197956577,33.28444284802043,10.166227650063856,18.790908365261814,22.414790868454663,3.623882503192849,12.781369731800766,15.691850255427841,2.9104805236270757,5.668751147301887,11.649509331373089,5.9807581840712025
nominal,broad_tail,0.29,ssp245,typical,100224,100224,2.9194604086845466,9.08764367816092,6.168183269476373,2.4704661558109837,8.339319923371647,5.868853767560664,13.538673371647509,21.255387931034484,7.7167145593869755,19.073275862068968,26.901740102171136,7.828464240102168,16.153815453384418,17.814096424010216,1.6602809706257986,10.619212962962964,12.167744252873563,1.5485312899105992,4.131424214950203,9.82513953407337,5.693715319123167
nominal,broad_tail,0.29,ssp585,heatwave_extreme,100224,100224,6.4844747765006385,22.71012931034483,16.225654533844192,5.790030332056194,22.059586526181356,16.269556194125162,18.354885057471265,37.98391602809706,19.6290309706258,23.81764846743295,43.78093071519796,19.96328224776501,17.33317369093231,21.07080140485313,3.737627713920819,11.870410280970626,15.273786717752236,3.4033764367816097,7.325928690434663,22.915112796051567,15.589184105616903
nominal,broad_tail,0.29,ssp585,hot,100224,100224,5.977610153256705,23.218989463601535,17.24137931034483,5.279174648786718,22.690174010217113,17.410999361430395,18.03360472541507,37.50598659003831,19.47238186462324,23.832614942528735,43.14734993614304,19.3147349936143,17.85500478927203,19.928360472541506,2.073355683269476,12.055994572158365,14.286997126436782,2.231002554278417,7.070529879410024,23.369071321302542,16.298541441892517
nominal,broad_tail,0.29,ssp585,typical,100224,100224,4.011015325670498,14.524465197956577,10.513449872286078,3.484195402298851,13.700311302681992,10.21611590038314,14.790868454661558,30.571519795657725,15.780651340996167,20.297533524904214,37.080938697318004,16.78340517241379,16.286518199233715,22.55647349936143,6.269955300127716,10.77985312899106,16.04705459770115,5.267201468710088,4.967179750160877,15.076672654210771,10.109492904049894
nominal,broad_tail,0.3,ssp245,heatwave_extreme,100224,100224,4.3682151979565775,11.873403575989784,7.505188378033206,3.9641203703703707,10.901580459770114,6.937460089399744,17.010895593869733,27.284881864623244,10.273986270753511,23.133181673052363,33.37623722860792,10.243055555555557,18.764966475095786,21.502833652618136,2.73786717752235,12.642680395913155,15.411478288633463,2.7687978927203076,6.003841748724666,12.763724806422674,6.7598830576980085
nominal,broad_tail,0.3,ssp245,hot,100224,100224,3.8723259897828863,10.173212005108557,6.30088601532567,3.316570881226054,9.369013409961687,6.052442528735632,16.533963920817367,25.840118135376756,9.306154214559388,22.494612068965516,32.60596264367816,10.111350574712645,18.622286079182633,22.432750638569605,3.810464559386972,12.661637931034484,15.666906130268199,3.005268199233715,5.421350836113099,11.354599727828866,5.933248891715767
nominal,broad_tail,0.3,ssp245,typical,100224,100224,2.610153256704981,8.488984674329501,5.87883141762452,2.2240181992337167,7.899305555555555,5.675287356321839,12.996886973180077,20.72258141762452,7.725694444444445,18.449672733077904,26.370929118773944,7.92125638569604,15.839519476372924,17.881944444444446,2.042424968071522,10.386733716475096,12.233596743295019,1.846863026819923,3.9373433094448704,9.591292378295037,5.653949068850167
nominal,broad_tail,0.3,ssp585,heatwave_extreme,100224,100224,5.977610153256705,21.891962005108557,15.914351851851851,5.289152298850574,21.362148786717754,16.07299648786718,17.75622605363985,37.434147509578544,19.677921455938694,23.238944763729247,43.28703703703704,20.04809227330779,17.26133461047254,21.39507503192848,4.13374042145594,11.778615900383143,15.542185504469987,3.763569604086845,7.074067794762722,22.58062634413487,15.506558549372148
nominal,broad_tail,0.3,ssp585,hot,100224,100224,5.448794699872287,22.497605363984675,17.048810664112388,4.786278735632184,22.051604406130267,17.265325670498083,17.484833971902937,37.03703703703704,19.5522030651341,23.27286877394636,42.62452107279693,19.35165229885057,17.824074074074073,20.12691570881226,2.3028416347381864,12.036039272030653,14.539431673052365,2.5033924010217117,6.836267140915455,23.048109296588393,16.21184215567294
nominal,broad_tail,0.3,ssp585,typical,100224,100224,3.6099137931034484,13.811063218390803,10.201149425287355,3.1150223499361434,13.087683588761175,9.972661238825031,14.260057471264368,29.927961366538952,15.667903895274584,19.659961685823752,36.509219348659,16.84925766283525,16.050047892720308,22.6981561302682,6.648108237547891,10.65014367816092,16.11689814814815,5.4667544699872295,4.771779287672626,14.791384206600744,10.019604918928119
nominal,broad_tail,0.31,ssp245,heatwave_extreme,100224,100224,3.893279054916986,11.168981481481481,7.275702426564495,3.558030012771392,10.32786558109834,6.769835568326949,16.402258939974455,26.666267560664114,10.264008620689658,22.642281289910603,32.96316251596424,10.32088122605364,18.749002234993615,21.794181034482758,3.0451787994891433,12.508979885057473,15.497286079182631,2.9883061941251583,5.78023382490859,12.505229747453658,6.724995922545068
nominal,broad_tail,0.31,ssp245,hot,100224,100224,3.4143518518518516,9.469787675606641,6.05543582375479,2.976333014048531,8.701508620689655,5.725175606641123,15.937300446998723,25.15964240102171,9.222341954022987,22.049608876117496,32.15896392081737,10.109355044699875,18.635257024265645,22.689176245210728,4.053919220945083,12.522948595146872,15.68985472541507,3.166906130268199,5.223539633391253,11.087105562238106,5.863565928846853
nominal,broad_tail,0.31,ssp245,typical,100224,100224,2.3387611749680715,7.913274265644955,5.574513090676884,2.0164830779054914,7.486230842911877,5.469747765006385,12.499002234993615,20.172812899106003,7.673810664112388,18.044580140485316,25.9418901660281,7.897310025542783,15.70581896551724,18.02861590038314,2.3227969348659006,10.160241060025543,12.259538633461048,2.0992975734355053,3.778358863489501,9.349201690793613,5.570842827304112
nominal,broad_tail,0.31,ssp585,heatwave_extreme,100224,100224,5.407886334610472,21.106720945083012,15.69883461047254,4.830180395913154,20.628791507024268,15.798611111111114,17.173531289910603,36.92329182630907,19.749760536398465,22.75802203065134,42.99768518518518,20.239663154533844,17.35013569604087,21.89096424010217,4.540828544061302,11.765644955300129,15.816570881226053,4.050925925925924,6.848682196677414,22.28562486840258,15.436942671725165
nominal,broad_tail,0.31,ssp585,hot,100224,100224,4.897030651340996,21.786198914431672,16.889168263090674,4.350255427841635,21.361151021711365,17.01089559386973,16.91810344827586,36.537156768837804,19.619053320561942,22.80890804597701,42.356122286079184,19.547214240102175,17.911877394636015,20.56992337164751,2.6580459770114935,12.021072796934867,14.75095785440613,2.7298850574712628,6.585814874690928,22.774284661607048,16.18846978691612
nominal,broad_tail,0.31,ssp585,typical,100224,100224,3.2257742656449553,13.105643358876119,9.879869093231164,2.808708492975734,12.473060344827585,9.664351851851851,13.737228607918265,29.273427522349937,15.536198914431672,19.181034482758623,36.14204182630907,16.961007343550445,15.955260217113665,23.03639846743295,7.081138250319285,10.511454342273307,16.16778416347382,5.6563298212005115,4.610640564574155,14.525729074886199,9.915088510312044
nominal,broad_tail,0.32,ssp245,heatwave_extreme,100224,100224,3.470226692209451,10.426644316730524,6.956417624521073,3.214798850574713,9.65337643678161,6.438577586206897,15.762691570881227,25.98778735632184,10.225095785440612,21.78220785440613,32.220825351213286,10.438617496807154,18.31198116219668,21.794181034482758,3.4821998722860776,12.292464878671776,15.561143039591316,3.2686781609195403,5.464200196857912,12.174863547384902,6.71066335052699
nominal,broad_tail,0.32,ssp245,hot,100224,100224,2.997286079182631,8.782327586206897,5.785041507024266,2.639088441890166,8.107838441890166,5.46875,15.345625798212007,24.427282886334613,9.081657088122606,21.22345945083014,31.397669220945083,10.174209770114942,18.22617337164751,22.615341634738186,4.389168263090678,12.348339719029374,15.644955300127714,3.29661558109834,4.918587555568336,10.718621696479024,5.800034140910689
nominal,broad_tail,0.32,ssp245,typical,100224,100224,2.0514048531289912,7.363505747126436,5.312100893997445,1.808947956577267,6.999321519795658,5.190373563218391,11.985153256704981,19.626037675606643,7.640884418901662,17.243374840357596,25.234474776500637,7.991099936143041,15.191969987228607,17.8709690293742,2.6789990421455947,9.93374840357599,12.262531928480204,2.328783524904214,3.570677976295754,8.99864078419168,5.427962807895927
nominal,broad_tail,0.32,ssp585,heatwave_extreme,100224,100224,4.882064176245211,20.316491060025545,15.434426883780333,4.3771950830140485,19.89044540229885,15.513250319284804,16.555914750957854,36.38848978288634,19.832575031928485,22.02067369093231,42.454901021711365,20.434227330779056,17.1386095146871,22.138409961685824,4.999800446998723,11.673850574712644,16.07199872286079,4.398148148148147,6.527944534360509,21.944457196604546,15.416512662244036
nominal,broad_tail,0.32,ssp585,hot,100224,100224,4.417105683269476,21.03188856960409,16.614782886334613,3.90625,20.678679757343552,16.772429757343552,16.375319284802043,36.03428320561941,19.658963920817367,22.10747924648787,41.77741858237548,19.669939335887612,17.69037356321839,20.745530012771393,3.055156449553003,11.958213601532568,15.002394636015326,3.044181034482758,6.269711229518958,22.449776272302884,16.180065042783927
nominal,broad_tail,0.32,ssp585,typical,100224,100224,2.8516123882503193,12.380268199233717,9.528655810983398,2.491419220945083,11.80655332056194,9.315134099616857,13.203424329501914,28.665788633461048,15.462364303959134,18.48559227330779,35.49648786717752,17.01089559386973,15.633979885057473,23.116219667943806,7.482239782886333,10.351811941251595,16.28552043422733,5.933708492975734,4.361610822276407,14.187156380353125,9.825545558076719
nominal,broad_tail,0.33,ssp245,heatwave_extreme,100224,100224,3.085089399744572,9.720226692209451,6.635137292464879,2.869572158365262,9.006824712643677,6.137252554278415,15.105164431673051,25.265405491698594,10.160241060025543,21.225454980842912,31.60221104725415,10.37675606641124,18.14036558109834,21.8819843550447,3.74161877394636,12.02007503192848,15.545178799489145,3.5251037675606653,5.278688620379199,11.802070838956075,6.5233822185768755
nominal,broad_tail,0.33,ssp245,hot,100224,100224,2.6001756066411237,8.077905491698594,5.477729885057471,2.3307790549169862,7.438338122605365,5.107559067688379,14.683109833971903,23.62507982120051,8.941969987228608,20.660719987228607,30.799010217113665,10.138290229885058,18.060544380587483,22.72110472541507,4.660560344827587,12.082934227330778,15.547174329501914,3.4642401021711358,4.726966685858655,10.343844038108697,5.616877352250042
nominal,broad_tail,0.33,ssp245,typical,100224,100224,1.7780172413793105,6.874600893997446,5.096583652618135,1.585448595146871,6.533365261813538,4.947916666666667,11.386494252873563,18.97948595146871,7.5929916985951476,16.715557151979567,24.692688378033207,7.97713122605364,14.937539910600256,17.81808748403576,2.8805475734355053,9.608477011494253,12.104885057471265,2.4964080459770113,3.422841536953735,8.693419710610085,5.27057817365635
nominal,broad_tail,0.33,ssp585,heatwave_extreme,100224,100224,4.386174968071519,19.527258939974455,15.141083971902937,3.8942768199233715,19.09722222222222,15.20294540229885,15.913354086845466,35.747924648786714,19.83457056194125,21.42800127713921,41.94703863346105,20.51903735632184,17.04182630906769,22.419779693486593,5.377953384418902,11.527179118773946,16.22066570881226,4.693486590038313,6.295801110509657,21.457357842751463,15.161556732241806
nominal,broad_tail,0.33,ssp585,hot,100224,100224,3.9571360153256707,20.271591634738186,16.314455619412517,3.5111350574712645,19.946320242656448,16.435185185185183,15.760696040868455,35.43961526181354,19.67891922094509,21.555715197956577,41.2875159642401,19.731800766283524,17.598579182630907,21.015924329501914,3.417345146871007,11.803560025542783,15.16802362707535,3.3644636015325666,6.0642556158920575,21.967751854006906,15.903496238114847
nominal,broad_tail,0.33,ssp585,typical,100224,100224,2.5033924010217112,11.63094667943806,9.127554278416348,2.196080779054917,11.091155810983397,8.89507503192848,12.577825670498086,27.90748722860792,15.329661558109834,17.999680715197957,34.97166347381865,16.971982758620694,15.496288314176246,23.340716794380587,7.844428480204341,10.074433269476373,16.27654054916986,6.202107279693486,4.201854335523081,13.764914301305744,9.563059965782664
nominal,broad_tail,0.34,ssp245,heatwave_extreme,100224,100224,2.750838122605364,9.000838122605364,6.25,2.599177841634738,8.344308748403575,5.745130906768837,14.371807151979565,24.521072796934863,10.149265644955298,20.709610472541506,31.095346424010216,10.38573595146871,17.95877234993614,22.094508301404854,4.135735951468714,11.620969029374201,15.520234674329503,3.8992656449553014,5.062909927274617,11.469551837707217,6.406641910432599
nominal,broad_tail,0.34,ssp245,hot,100224,100224,2.2579422094508304,7.399425287356322,5.141483077905491,2.077346743295019,6.8157327586206895,4.738386015325671,14.0625,22.782966155810982,8.720466155810982,20.155850893997446,30.24824393358876,10.092393039591315,17.897908684546614,22.848818646232438,4.950909961685824,11.80455779054917,15.383540868454663,3.5789830779054927,4.511676420352463,9.98714998655351,5.475473566201047
nominal,broad_tail,0.34,ssp245,typical,100224,100224,1.5465357598978289,6.3667385057471275,4.820202745849299,1.3719268837803322,6.029493933588761,4.65756704980843,10.840716794380588,18.349896232439335,7.509179438058746,16.26057630906769,24.1838282247765,7.923251915708811,14.71404054916986,17.817089719029376,3.1030491698595153,9.294181034482758,11.983157726692209,2.688976692209451,3.283496785377099,8.397172516098127,5.113675730721028
nominal,broad_tail,0.34,ssp585,heatwave_extreme,100224,100224,3.893279054916986,18.59933748403576,14.706058429118775,3.4961685823754785,18.26009738186462,14.763928799489143,15.278775542784166,35.15126117496807,19.872485632183903,20.896192528735632,41.49205779054917,20.595865261813536,17.002913473818644,22.892720306513407,5.889806832694763,11.385496487867178,16.55192369093231,5.1664272030651315,6.054429449298016,20.99646114387609,14.942031694578073
nominal,broad_tail,0.34,ssp585,hot,100224,100224,3.545059067688378,19.3775941890166,15.832535121328224,3.170897190293742,19.169061302681992,15.99816411238825,15.109155491698594,34.89982439335888,19.790668901660283,21.043861749680715,40.87344348659004,19.829581736909326,17.498802681992338,21.495849297573436,3.997046615581098,11.564096424010216,15.522230204342275,3.9581337803320586,5.822161421726848,21.517700094672083,15.695538672945236
nominal,broad_tail,0.34,ssp585,typical,100224,100224,2.1461925287356323,10.865660919540229,8.719468390804597,1.9286797573435506,10.368773946360154,8.440094189016603,12.002115261813538,27.13022828863346,15.128113026819923,17.57463282247765,34.400941890166024,16.826309067688374,15.428440293742018,23.5352809706258,8.106840676883781,9.855922733077906,16.26456736909323,6.408644636015323,4.022787228052042,13.400029325994952,9.37724209794291
nominal,broad_tail,0.35,ssp245,heatwave_extreme,100224,100224,2.4046136653895274,8.250518837803321,5.845905172413794,2.2958572796934864,7.662835249042145,5.366977969348659,13.604525862068966,23.77873563218391,10.174209770114944,20.045098978288635,30.3919220945083,10.346823116219664,17.640485312899106,22.14140325670498,4.500917943805874,11.199912196679437,15.528216794380587,4.32830459770115,4.834728096258567,11.085440003079603,6.250711906821036
nominal,broad_tail,0.35,ssp245,hot,100224,100224,1.9157088122605364,6.705978607918263,4.790269795657727,1.8039591315453383,6.162196679438059,4.358237547892721,13.339120370370368,21.930874840357596,8.591754469987228,19.456417624521073,29.49992017879949,10.043502554278415,17.540708812260537,22.793941570881227,5.25323275862069,11.423411558109834,15.224896232439336,3.8014846743295028,4.293748316577082,9.597772827155152,5.304024510578071
nominal,broad_tail,0.35,ssp245,typical,100224,100224,1.3150542784163473,5.889806832694764,4.574752554278417,1.1314655172413792,5.588481800766284,4.457016283524905,10.216115900383143,17.624521072796934,7.408405172413792,15.675886015325672,23.527298850574713,7.851412835249041,14.360831736909324,17.63749201787995,3.276660280970626,8.901061621966793,11.734714240102171,2.8336526181353783,3.1099393816957357,8.071817941385246,4.961878559689511
nominal,broad_tail,0.35,ssp585,heatwave_extreme,100224,100224,3.4223339719029378,17.69536238825032,14.273028416347383,3.105044699872286,17.41000159642401,14.304956896551724,14.53544061302682,34.47078544061303,19.935344827586206,20.292544699872288,40.94428480204343,20.65174010217114,16.870210727969347,23.248922413793103,6.378711685823756,11.113106641123881,16.775423052362708,5.662316411238827,5.79255816602198,20.50027806886572,14.707719902843738
nominal,broad_tail,0.35,ssp585,hot,100224,100224,3.1698994252873565,18.48359674329502,15.313697318007664,2.8216794380587484,18.326947637292466,15.505268199233718,14.404733397190295,34.25726372924649,19.852530332056194,20.48112228607918,40.30970625798212,19.82858397190294,17.311222860791826,21.8261095146871,4.5148866538952745,11.234833971902937,15.773666985951468,4.538833014048532,5.576307695463347,21.03082990760599,15.454522212142644
nominal,broad_tail,0.35,ssp585,typical,100224,100224,1.864822796934866,10.104366219667945,8.239543422733078,1.6732519157088122,9.612468071519796,7.939216155810984,11.38749201787995,26.290110153256705,14.902618135376756,16.91610791826309,33.743414750957854,16.827306832694763,15.051285121328226,23.639048531289912,8.587763409961687,9.522669220945083,16.18574393358876,6.663074712643677,3.8138903255836616,12.999418041447413,9.185527715863751
nominal,broad_tail,0.36,ssp245,heatwave_extreme,100224,100224,2.045418263090677,7.449313537675607,5.40389527458493,1.936661877394636,6.927482439335887,4.990820561941251,12.93801883780332,22.892720306513407,9.954701468710088,18.892680395913157,29.127753831417625,10.235073435504468,16.847262132822475,21.678440293742018,4.831178160919542,10.892600574712644,15.443406768837804,4.55080619412516,4.511763237817858,10.574985281080146,6.063222043262288
nominal,broad_tail,0.36,ssp245,hot,100224,100224,1.5814575351213283,5.997565453384419,4.416107918263091,1.480683269476373,5.430834929757344,3.950151660280971,12.604765325670497,20.981002554278415,8.376237228607918,18.24313537675607,28.087084929757346,9.843949553001277,16.661677841634738,22.089519476372924,5.427841634738186,11.02330779054917,14.983437100893997,3.9601293103448274,3.9937380192178122,9.06781779415391,5.074079774936099
nominal,broad_tail,0.36,ssp245,typical,100224,100224,1.0436621966794382,5.465756704980843,4.422094508301405,0.9149505108556832,5.181393678160919,4.266443167305236,9.527658045977011,16.830300127713922,7.302642081736911,14.538433908045977,22.28508141762452,7.746647509578544,13.494771711366537,16.819324712643677,3.32455300127714,8.483995849297573,11.364543422733078,2.8805475734355053,2.8473094674565407,7.621111765690486,4.773802298233946
nominal,broad_tail,0.36,ssp585,heatwave_extreme,100224,100224,2.9743374840357597,16.771431992337167,13.797094508301408,2.7268917624521074,16.56389687100894,13.837005108556832,13.756186143039592,33.46503831417624,19.708852171136648,19.240900383141764,39.58732439335888,20.346424010217113,16.266562899106003,22.815892401021713,6.549329501915711,10.781848659003831,16.69360632183908,5.9117576628352495,5.427607835790524,19.779194392805845,14.35158655701532
nominal,broad_tail,0.36,ssp585,hot,100224,100224,2.786757662835249,17.587603767560665,14.800846104725416,2.517361111111111,17.439934546615582,14.922573435504471,13.643438697318008,33.34630427841635,19.70286558109834,19.46240421455939,38.993654214559385,19.531249999999996,16.67564655172414,21.406050446998723,4.730403895274584,10.856681034482758,15.758700510855682,4.902019476372924,5.233048111466275,20.329584439944302,15.096536328478027
nominal,broad_tail,0.36,ssp585,typical,100224,100224,1.5864463601532566,9.32411398467433,7.737667624521073,1.3968710089399745,8.80228288633461,7.405411877394634,10.628192848020435,25.240461366538952,14.612268518518517,15.788633461047255,32.44731800766284,16.658684546615582,14.202187100893997,23.123204022988507,8.921016922094509,9.041746487867178,15.916347381864624,6.874600893997446,3.5454713379991833,12.415136064758453,8.86966472675927
nominal,broad_tail,0.37,ssp245,heatwave_extreme,100224,100224,1.670258620689655,6.639128352490421,4.968869731800766,1.602410600255428,6.117297254150703,4.5148866538952745,12.108876117496807,21.922892720306514,9.814016602809707,17.82307630906769,28.001277139208174,10.178200830140483,16.152817688378033,21.362148786717754,5.209331098339721,10.438617496807153,15.283764367816092,4.845146871008939,4.035151159820168,9.63644214052524,5.601290980705072
nominal,broad_tail,0.37,ssp245,hot,100224,100224,1.2581816730523627,5.276181353767561,4.0179996807151985,1.1773627075351214,4.7423770753512136,3.565014367816092,11.750678480204343,20.003192848020433,8.25251436781609,17.169540229885058,26.756066411238827,9.586526181353769,15.911358556832694,21.479885057471265,5.568526500638571,10.49249680715198,14.727011494252872,4.2345146871008925,3.5528686342469626,8.181604975822347,4.628736341575385
nominal,broad_tail,0.37,ssp245,typical,100224,100224,0.8161717752234994,5.021751277139208,4.205579501915708,0.7303639846743295,4.758341315453384,4.027977330779055,8.750399106002554,15.951269157088122,7.200870051085568,13.512731481481483,21.21447956577267,7.701748084291188,12.696559706257982,16.19272828863346,3.4961685823754785,7.934227330779055,10.929517879948914,2.9952905491698596,2.482403173792789,6.972449502580298,4.490046328787509
nominal,broad_tail,0.37,ssp585,heatwave_extreme,100224,100224,2.5243454661558107,15.810584291187741,13.28623882503193,2.3018438697318007,15.613026819923373,13.311182950191572,12.845226692209453,32.51915708812261,19.67393039591316,18.250119731800766,38.536677841634734,20.28655810983397,15.725774265644954,22.726093550447,7.000319284802046,10.32088122605364,16.708572796934863,6.387691570881223,4.837879519585033,18.550651919262844,13.71277239967781
nominal,broad_tail,0.37,ssp585,hot,100224,100224,2.376676245210728,16.646711366538952,14.270035121328224,2.160161238825032,16.485073435504468,14.324912196679435,12.695561941251595,32.502195083014044,19.806633141762447,18.377833652618136,37.92704342273308,19.549209770114942,16.00115740740741,21.280332056194126,5.279174648786718,10.318885696040867,15.855483716475097,5.53659802043423,4.644027678730848,19.11884321969222,14.474815540961373
nominal,broad_tail,0.37,ssp585,typical,100224,100224,1.3370051085568329,8.502953384418902,7.165948275862069,1.1933269476372925,8.028017241379311,6.834690293742019,9.809027777777777,24.219747765006385,14.410719987228608,14.877674010217113,31.27993295019157,16.402258939974455,13.540668901660279,22.77697956577267,9.236310664112391,8.472022669220944,15.716794380587483,7.244771711366539,3.197761887774008,11.395642670075224,8.197880782301215
nominal,broad_tail,0.38,ssp245,heatwave_extreme,100224,100224,1.3809067688378034,5.819963282247765,4.4390565134099615,1.3539671136653895,5.320083014048532,3.966115900383142,11.069204980842912,20.680675287356323,9.61147030651341,16.445162835249043,26.5764687100894,10.131305874840358,15.064256066411238,20.756505427841635,5.692249361430397,9.688298212005108,14.860712005108557,5.172413793103448,3.366520807573152,8.381380300785292,5.01485949321214
nominal,broad_tail,0.38,ssp245,hot,100224,100224,0.9837962962962963,4.5907167943805876,3.6069204980842913,0.9538633461047253,4.080858876117497,3.1269955300127714,10.641163793103448,18.689136334610474,8.047972541507026,15.879430076628353,25.22050606641124,9.341075989782887,14.895633780332057,20.629789272030653,5.734155491698596,9.657367496807153,14.098419540229884,4.441052043422731,2.9290051630062086,7.075040416328863,4.146035253322655
nominal,broad_tail,0.38,ssp245,typical,100224,100224,0.5866858237547893,4.564774904214559,3.9780890804597697,0.5557551085568326,4.291387292464878,3.735632183908046,7.801524584929758,14.905611430395913,7.104086845466155,12.36330619412516,20.01815932311622,7.654853128991059,11.77662037037037,15.453384418901662,3.6767640485312914,7.214838761174969,10.340836526181354,3.1259977650063853,2.0243155409158735,6.170953872319639,4.146638331403765
nominal,broad_tail,0.38,ssp585,heatwave_extreme,100224,100224,2.0913154533844187,14.820801404853128,12.72948595146871,1.8977490421455938,14.710049489144318,12.812300446998723,11.782606960408684,31.295897190293744,19.513290229885058,16.986949233716476,37.332375478927204,20.345426245210728,14.895633780332057,22.511574074074073,7.615940293742016,9.691291507024266,16.47509578544061,6.783804278416346,3.9872281952894753,16.936446197745255,12.94921800245578
nominal,broad_tail,0.38,ssp585,hot,100224,100224,1.9506305874840357,15.703823435504468,13.753192848020433,1.766044061302682,15.56014527458493,13.794101213282246,11.564096424010216,31.333812260536398,19.76971583652618,16.98096264367816,36.81154214559387,19.830579501915707,15.030332056194126,21.107718710089397,6.077386653895271,9.613465836526181,15.62998882503193,6.0165229885057485,3.807568750021676,17.556941941980217,13.74937319195854
nominal,broad_tail,0.38,ssp585,typical,100224,100224,1.1115102171136653,7.699752554278416,6.5882423371647505,1.0017560664112388,7.242776181353768,6.241020114942529,8.956936462324393,22.924648786717754,13.96771232439336,13.771152618135376,29.772310025542787,16.001157407407412,12.659642401021712,22.072557471264368,9.412915070242656,7.845426245210728,15.224896232439336,7.3794699872286085,2.691613429013712,10.144991370260227,7.453377941246515
nominal,broad_tail,0.39,ssp245,heatwave_extreme,100224,100224,1.142440932311622,4.95190772669221,3.8094667943805876,1.155411877394636,4.542824074074074,3.3874121966794384,9.733197637292465,18.98247924648787,9.249281609195405,15.085209131545337,25.049888250319285,9.964679118773947,13.942768199233715,20.097980523627076,6.155212324393361,8.590756704980842,14.030571519795657,5.439814814814815,2.8535632288270842,7.269242853468703,4.415679624641619
nominal,broad_tail,0.39,ssp245,hot,100224,100224,0.7882343550446999,3.858357279693487,3.070122924648787,0.7692768199233716,3.4123563218390807,2.643079501915709,9.276221264367816,16.996926883780333,7.7207056194125165,14.545418263090676,23.524305555555554,8.978887292464877,13.757183908045977,19.665948275862068,5.90876436781609,8.487986909323116,13.138569604086845,4.650582694763729,2.450847703683996,6.080802100366947,3.629954396682951
nominal,broad_tail,0.39,ssp245,typical,100224,100224,0.40509259259259256,4.01999521072797,3.6149026181353774,0.3941171775223499,3.7984913793103448,3.404374201787995,6.784802043422733,13.669380587484037,6.884578544061304,11.149026181353767,18.707096104725416,7.558069923371649,10.743933588761175,14.687100893997446,3.943167305236271,6.3797094508301395,9.649385376756065,3.2696759259259256,1.6967763106572584,5.483394056285577,3.7866177456283183
nominal,broad_tail,0.39,ssp585,heatwave_extreme,100224,100224,1.6163793103448276,13.670378352490422,12.053999042145595,1.4517480842911876,13.654414112388249,12.202666028097061,10.511454342273307,29.775303320561942,19.263848978288635,15.602051404853128,36.07618933588761,20.474137931034484,13.9856720945083,22.40581098339719,8.420138888888888,8.89507503192848,16.10492496807152,7.209849936143039,3.3557690779998963,15.48337153513292,12.127602457133023
nominal,broad_tail,0.39,ssp585,hot,100224,100224,1.5405491698595148,14.560384738186464,13.019835568326949,1.3719268837803322,14.55639367816092,13.184466794380587,10.203144955300129,29.854126756066414,19.650981800766285,15.519236909323118,35.573315772669226,20.054078863346106,13.978687739463602,21.012931034482758,7.034243295019156,8.662595785440613,15.29374201787995,6.631146232439336,3.161688667152448,16.13007301844739,12.968384351294944
nominal,broad_tail,0.39,ssp585,typical,100224,100224,0.9279214559386973,6.809746168582375,5.881824712643678,0.8381226053639846,6.482479246487867,5.644356641123882,7.917265325670499,21.334211366538952,13.416946040868453,12.570841315453386,28.17987707535121,15.609035759897825,11.642919859514688,21.37013090676884,9.727211047254151,6.989343869731801,14.524465197956577,7.5351213282247755,2.2801119287092186,9.109362105210202,6.829250176500984
nominal,broad_tail,0.4,ssp245,heatwave_extreme,100224,100224,0.9468789910600255,3.758580779054917,2.8117017879948913,0.9498722860791826,3.561023307790549,2.6111510217113665,7.738665389527459,16.62675606641124,8.888090676883781,12.735472541507024,22.58740421455939,9.851931673052365,11.788593550446999,18.828823435504468,7.040229885057469,6.7917863984674325,12.868175287356323,6.07638888888889,2.0899971180262353,5.531979135414701,3.441982017388466
nominal,broad_tail,0.4,ssp245,hot,100224,100224,0.6226053639846743,2.984315134099617,2.3617097701149428,0.5916746487867177,2.691969987228608,2.1002953384418905,7.3744811621966795,14.569364623243933,7.194883461047254,12.289471583652618,20.833333333333336,8.543861749680717,11.666866219667945,17.849018199233715,6.18215197956577,6.751875798212005,11.585049489144318,4.833173690932313,1.7492945948660699,4.592310083421361,2.8430154885552907
nominal,broad_tail,0.4,ssp245,typical,100224,100224,0.23946360153256704,3.3524904214559386,3.1130268199233715,0.2514367816091954,3.2537116858237547,3.002274904214559,5.455779054916985,11.928280651340996,6.472501596424011,9.49074074074074,16.711566091954023,7.220825351213282,9.251277139208174,13.359075670498086,4.107798531289912,5.216315453384419,8.575790229885058,3.3594747765006394,1.208666573015072,4.464903216979827,3.2562366439647548
nominal,broad_tail,0.4,ssp585,heatwave_extreme,100224,100224,1.1314655172413792,12.157766602809707,11.026301085568328,1.0496487867177522,12.381265964240102,11.33161717752235,8.565812579821202,27.54928959131545,18.983477011494248,13.33512931034483,33.96491858237548,20.629789272030653,12.203663793103448,21.807151979565774,9.603488186462325,7.434347062579821,15.391522988505745,7.957175925925924,2.307427716129579,13.274306028664782,10.966878312535203
nominal,broad_tail,0.4,ssp585,hot,100224,100224,1.0696040868454662,13.021831098339721,11.952227011494255,1.0157247765006385,13.284243295019158,12.268518518518519,8.09985632183908,27.78775542784164,19.687899106002558,13.218390804597702,33.48698914431673,20.268598339719027,12.148786717752234,20.46515804597701,8.316371328224776,7.030252234993614,14.765924329501914,7.7356720945083,2.1748393303767948,13.971621695774731,11.796782365397936
nominal,broad_tail,0.4,ssp585,typical,100224,100224,0.7193885696040869,5.909762132822478,5.190373563218391,0.6505427841634738,5.643358876117497,4.992816091954023,6.316850255427841,19.05132503192848,12.73447477650064,10.730962643678161,25.55575510855683,14.82479246487867,10.011574074074074,19.645992975734355,9.63441890166028,5.597461685823755,13.141562899106003,7.544101213282247,1.6297449824063865,7.465126494574312,5.835381512167926
nominal,outermost,0.025,ssp245,heatwave_extreme,100224,100224,39.22713122605364,47.143398786717746,7.916267560664103,33.89906609195402,42.30024744572158,8.401181353767562,59.980643358876115,65.77765804597702,5.797014687100905,74.57694763729246,78.63286238825033,4.055914750957868,35.34981641123883,31.48946360153257,-3.8603528097062565,20.771471902937417,18.6452346743295,-2.1262372286079163,32.54444546312727,39.30407000099937,6.759624537872099
nominal,outermost,0.025,ssp245,hot,100224,100224,39.06150223499362,46.357159961685824,7.295657726692205,33.92600574712644,40.85947477650064,6.933469029374201,58.997844827586206,65.4583732439336,6.460528416347387,74.14391762452107,78.37943007662835,4.235512452107287,35.08241538952746,32.02227011494253,-3.060145274584933,19.962284482758623,19.112188697318008,-0.8500957854406153,31.981657543079685,37.59138717100734,5.609729627927656
nominal,outermost,0.025,ssp245,typical,100224,100224,35.23108237547893,41.99692688378033,6.765844508301406,30.168422733077904,36.36155012771392,6.193127394636015,57.11606002554278,62.117856002554284,5.001795977011504,72.2032646871009,75.39311941251596,3.18985472541506,36.972182311621964,33.39619252873563,-3.5759897828863316,21.913912835249043,20.128911238825033,-1.78500159642401,29.13381520491636,34.470626903762366,5.336811698846006
nominal,outermost,0.025,ssp585,heatwave_extreme,100224,100224,39.38078703703704,54.28939176245211,14.908604725415074,34.06968390804598,50.0768279054917,16.007143997445716,60.01057630906769,70.31948435504471,10.30890804597702,74.48116219667943,82.18989463601532,7.70873243933589,35.1003751596424,27.90050287356322,-7.199872286079177,20.644755747126435,16.06800766283525,-4.576748084291186,32.90095532371235,46.11354329065854,13.212587966946188
nominal,outermost,0.025,ssp585,hot,100224,100224,38.87791347381865,53.40237867177522,14.524465197956566,33.445083014048535,48.99924169859515,15.554158684546614,59.82998084291188,69.40253831417624,9.57255747126436,74.3025622605364,81.13026819923371,6.8277059386973065,35.424648786717746,27.727889527458494,-7.696759259259252,20.967033844189018,16.029094827586206,-4.937939016602812,32.206362255601576,45.145630911636744,12.939268656035168
nominal,outermost,0.025,ssp585,typical,100224,100224,34.80803001277139,49.77849616858238,14.970466155810989,30.25522828863346,45.34442848020434,15.089200191570882,55.546575670498086,67.27031449553002,11.72373882503193,70.58888090676884,80.01875798212005,9.429877075351214,35.780850893997446,30.24026181353768,-5.5405890804597675,20.756505427841635,17.517760217113665,-3.23874521072797,29.132111078464167,41.141118915256854,12.009007836792687
nominal,outermost,0.05,ssp245,heatwave_extreme,100224,100224,12.583812260536398,21.391083971902937,8.807271711366539,9.262252554278415,17.357120051085566,8.09486749680715,22.657247765006385,32.22481641123883,9.567568646232441,28.777538314176244,38.19943326947637,9.421894955300129,16.19372605363985,16.808349297573436,0.6146232439335861,10.073435504469987,10.834730204342273,0.7612946998722858,6.893661832643276,12.993229763168,6.0995679305247235
nominal,outermost,0.05,ssp245,hot,100224,100224,12.55387931034483,19.812619731800766,7.258740421455936,9.041746487867178,15.658924010217113,6.617177522349936,22.573435504469987,31.336805555555557,8.76337005108557,28.686741698595146,38.02183109833972,9.335089399744572,16.13286238825032,18.209211366538952,2.0763489782886317,10.01955619412516,11.525183588761175,1.505627394636015,6.366954565101504,11.589039023140272,5.2220844580387675
nominal,outermost,0.05,ssp245,typical,100224,100224,9.516682630906768,16.04705459770115,6.53037196679438,6.690014367816093,12.458093869731801,5.768079501915708,19.383580779054917,25.788234355044697,6.40465357598978,24.978049169859514,32.00730363984675,7.029254469987233,15.461366538952745,15.960249042145595,0.4988825031928492,9.86889367816092,9.742177522349936,-0.12671615581098372,4.942885148854241,9.46692804235481,4.524042893500569
nominal,outermost,0.05,ssp585,heatwave_extreme,100224,100224,13.695322477650063,30.00977809706258,16.314455619412517,10.476532567049809,26.519596104725412,16.043063537675604,23.376636334610474,41.19173052362707,17.815094189016598,29.35025542784164,47.45470146871009,18.104446040868453,15.654932950191572,17.44492337164751,1.7899904214559363,9.682311621966793,11.181952426564495,1.4996408045977017,7.9767846150683495,21.083109322123153,13.106324707054803
nominal,outermost,0.05,ssp585,hot,100224,100224,13.486789591315453,30.161438378033207,16.674648786717754,10.439615261813538,26.76604406130268,16.326428799489143,23.23096264367816,40.900383141762454,17.669420498084293,29.639607279693486,46.95981002554279,17.3202027458493,16.152817688378033,16.798371647509576,0.6455539591315436,9.745170817369093,10.738944763729247,0.9937739463601538,7.801854840162241,21.229484698281993,13.427629858119753
nominal,outermost,0.05,ssp585,typical,100224,100224,10.892600574712644,22.757024265644954,11.86442369093231,7.683788314176246,18.328943167305237,10.645154853128991,20.058069923371647,34.782088122605366,14.724018199233718,25.784243295019156,41.782407407407405,15.998164112388249,14.891642720306514,19.025383141762454,4.13374042145594,9.168462643678161,12.02506385696041,2.8566012132822483,5.594474725229248,13.83425447627399,8.239779751044743
nominal,outermost,0.075,ssp245,heatwave_extreme,100224,100224,4.959889846743295,11.53117017879949,6.571280332056196,3.897270114942529,9.49772509578544,5.600454980842912,18.586366538952745,28.052163154533844,9.465796615581098,24.94612068965517,34.69129150702426,9.74517081736909,19.98623084291188,23.160121328224776,3.1738904853128957,13.626476692209453,16.520992975734355,2.8945162835249025,5.5096403573116195,10.965998760749903,5.4563584034382835
nominal,outermost,0.075,ssp245,hot,100224,100224,4.227530332056194,9.887851213282248,5.660320881226054,3.1689016602809703,8.114822796934867,4.945921136653896,18.325949872286078,26.873802681992338,8.54785280970626,24.925167624521073,34.15249840357599,9.227330779054917,20.69763729246488,24.264647190293744,3.5670098978288642,14.098419540229884,16.985951468710088,2.887531928480204,4.921490470383731,9.616835089561558,4.695344619177827
nominal,outermost,0.075,ssp245,typical,100224,100224,3.0172413793103448,7.919260855683269,4.902019476372924,2.1980763090676882,6.53735632183908,4.3392800127713915,15.47932630906769,21.898946360153257,6.419620051085568,21.55970625798212,28.2018279054917,6.64212164750958,18.542464878671776,20.282567049808428,1.7401021711366518,12.462084929757342,13.979685504469987,1.5176005747126453,3.760622115989927,7.81651288705503,4.055890771065103
nominal,outermost,0.075,ssp585,heatwave_extreme,100224,100224,6.225055874840358,19.594109195402297,13.369053320561939,5.15345625798212,17.664431673052363,12.510975415070241,19.398547254150703,37.29845146871009,17.89990421455939,25.764287994891443,44.43945561941251,18.67516762452107,19.539232120051086,24.845346424010216,5.306114303959131,13.173491379310345,17.70434227330779,4.530850893997446,6.435871497165624,18.39776465843493,11.961893161269305
nominal,outermost,0.075,ssp585,hot,100224,100224,5.77705938697318,20.04809227330779,14.271032886334611,4.672533524904215,18.08249521072797,13.409961685823756,19.304757343550445,37.004110791826314,17.69935344827587,26.10352809706258,43.7639687100894,17.66044061302682,20.326468710089397,23.71587643678161,3.3894077266922125,13.527697956577267,16.95601851851852,3.428320561941252,6.264060728471904,18.487420520838395,12.223359792366491
nominal,outermost,0.075,ssp585,typical,100224,100224,3.895274584929757,11.984155491698594,8.088880906768837,2.978328544061303,9.924768518518519,6.946439974457216,16.40625,30.324074074074076,13.917824074074076,22.301045657726693,38.07271711366539,15.771671455938698,18.405771072796934,26.088561621966793,7.682790549169859,12.510975415070243,18.33991858237548,5.828943167305235,4.453501779308522,11.562284622352276,7.1087828430437545
nominal,outermost,0.1,ssp245,heatwave_extreme,100224,100224,1.7770194763729246,5.953663793103448,4.176644316730524,1.4437659642401022,4.946918901660282,3.5031529374201797,13.132583014048532,22.108477011494255,8.975893997445723,19.897429757343552,29.366219667943806,9.468789910600254,18.120410280970624,23.412555874840358,5.2921455938697335,11.355563537675607,16.154813218390803,4.799249680715196,3.414681756618223,7.476696664656159,4.062014908037936
nominal,outermost,0.1,ssp245,hot,100224,100224,1.2492017879948916,4.625638569604087,3.376436781609195,0.9548611111111112,3.679757343550447,2.724896232439336,12.741459131545337,20.47014687100894,7.728687739463602,19.62404214559387,28.418342911877392,8.794300766283524,18.37484035759898,23.792704342273307,5.417863984674327,11.492257343550447,15.844508301404852,4.352250957854405,2.9575718320727393,6.330222664449414,3.3726508323766744
nominal,outermost,0.1,ssp245,typical,100224,100224,0.8131784802043422,4.080858876117497,3.2676803959131546,0.633580779054917,3.459251277139208,2.825670498084291,10.42764208173691,16.56389687100894,6.13625478927203,16.883181673052363,23.222980523627076,6.339798850574713,16.07000319284802,19.142121647509576,3.072118454661556,9.614463601532568,12.483037994891443,2.868574393358875,2.312387118029363,5.35480698619812,3.0424198681687566
nominal,outermost,0.1,ssp585,heatwave_extreme,100224,100224,2.493414750957854,12.47405810983397,9.980643358876117,2.0304517879948913,11.647908684546614,9.617456896551722,13.694324712643677,31.00255427841635,17.308229565772674,20.360392720306514,39.254070881226056,18.893678160919542,17.86697796934866,26.78001277139208,8.91303480204342,11.200909961685824,18.528496168582375,7.327586206896552,3.883506691880539,13.831823158672929,9.94831646679239
nominal,outermost,0.1,ssp585,hot,100224,100224,2.339758939974457,12.99888250319285,10.659123563218392,1.926684227330779,11.805555555555555,9.878871328224776,13.583572796934865,31.122286079182633,17.53871328224777,20.535999361430395,38.989663154533844,18.45366379310345,18.19624042145594,25.990780651340994,7.794540229885055,11.24381385696041,18.123403575989784,6.879589719029374,3.711697250952721,13.986736904683344,10.275039653730623
nominal,outermost,0.1,ssp585,typical,100224,100224,1.2851213282247764,6.041467113665389,4.756345785440613,0.9708253512132823,5.295138888888888,4.324313537675606,11.583053959131545,23.753791507024268,12.170737547892722,17.66044061302682,32.16095945083014,14.50051883780332,16.375319284802043,26.11949233716475,9.744173052362708,10.297932630906768,17.712324393358873,7.414391762452105,2.7710085428382736,8.09107433197804,5.3200657891397665
nominal,outermost,0.15,ssp245,heatwave_extreme,100224,100224,0.2963362068965517,0.2743853767560664,-0.021950830140485322,0.295338441890166,0.22050606641123882,-0.07483237547892718,3.6957215836526185,5.975614623243933,2.2798930395913146,6.6221663473818655,11.018318965517242,4.3961526181353765,6.325830140485313,10.743933588761175,4.418103448275862,3.3993853767560664,5.701229246487867,2.3018438697318007,0.7581075890822472,1.0216731076554457,0.26356551857319854
nominal,outermost,0.15,ssp245,hot,100224,100224,0.000997765006385696,0.15565134099616856,0.15465357598978285,0.005986590038314176,0.08680555555555555,0.08081896551724138,3.4143518518518516,5.718191251596424,2.303839399744572,6.5174010217113665,10.359794061302683,3.8423930395913164,6.51640325670498,10.204142720306514,3.6877394636015337,3.413354086845466,5.562539910600255,2.149185823754789,0.5049254021207961,0.8899525701224644,0.38502716800166836
nominal,outermost,0.15,ssp245,typical,100224,100224,0.011973180076628351,0.15864463601532566,0.14667145593869732,0.003991060025542784,0.15166028097062578,0.147669220945083,2.8975095785440614,4.869093231162196,1.971583652618135,5.398906449553001,9.109594508301406,3.7106880587484046,5.386933269476373,8.95094987228608,3.5640166028097067,2.885536398467433,4.710448595146871,1.824912196679438,0.42649763484671604,0.831348860426279,0.40485122557956293
nominal,outermost,0.15,ssp585,heatwave_extreme,100224,100224,0.001995530012771392,0.5108556832694764,0.508860153256705,0.00498882503192848,0.36617975734355046,0.36119093231162197,3.1299888250319285,8.40617017879949,5.276181353767562,6.658085887611749,16.56888569604087,9.91079980842912,6.656090357598979,16.058030012771393,9.401939655172415,3.1279932950191567,7.895314495530013,4.767321200510857,0.47856937115625264,1.5629732313877507,1.084403860231498
nominal,outermost,0.15,ssp585,hot,100224,100224,0.000997765006385696,0.5657327586206896,0.5647349936143039,0.00498882503192848,0.374161877394636,0.36917305236270753,3.2177921455938696,9.028775542784164,5.810983397190294,6.6920098978288625,16.972980523627076,10.280970625798213,6.691012132822477,16.407247765006385,9.716235632183908,3.2167943805874843,8.463042784163473,5.246248403575989,0.48551934647664524,1.6144601318779994,1.1289407854013542
nominal,outermost,0.15,ssp585,typical,100224,100224,0.0,0.36119093231162197,0.36119093231162197,0.001995530012771392,0.3232758620689655,0.3212803320561941,3.076109514687101,6.400662515964241,3.3245530012771396,6.264966475095786,12.127833652618135,5.862867177522348,6.264966475095786,11.766642720306514,5.501676245210728,3.076109514687101,6.0394715836526185,2.9633620689655173,0.4636114354176319,1.1559839462341102,0.6923725108164782
nominal,outermost,0.2,ssp245,heatwave_extreme,100224,100224,0.21551724137931033,0.10775862068965517,-0.10775862068965517,0.1965597062579821,0.0508860153256705,-0.1456736909323116,0.33325351213282245,0.38314176245210724,0.04988825031928479,1.3020833333333335,1.9586127075351214,0.6565293742017879,1.086566091954023,1.8508540868454664,0.7642879948914434,0.11773627075351213,0.2753831417624521,0.15764687100893998,0.19281808598203815,0.13920234017247599,-0.05361574580956216
nominal,outermost,0.2,ssp245,hot,100224,100224,0.0,0.03891283524904214,0.03891283524904214,0.0,0.0,0.0,0.08780332056194125,0.29234514687100893,0.2045418263090677,1.113505747126437,1.8548451468710088,0.7413393997445719,1.113505747126437,1.8159323116219668,0.7024265644955299,0.08780332056194125,0.2534323116219668,0.16562899106002554,0.05394878274164809,0.10995385230133542,0.05600506955968733
nominal,outermost,0.2,ssp245,typical,100224,100224,0.0,0.06485472541507024,0.06485472541507024,0.0,0.033924010217113665,0.033924010217113665,0.0997765006385696,0.19456417624521072,0.09478767560664111,0.7792544699872286,1.4657167943805873,0.6864623243933587,0.7792544699872286,1.4008620689655173,0.6216075989782888,0.0997765006385696,0.1297094508301405,0.029932950191570884,0.04013294396786949,0.09039493735754443,0.05026199338967494
nominal,outermost,0.2,ssp585,heatwave_extreme,100224,100224,0.0,0.05387931034482758,0.05387931034482758,0.0,0.013968710089399743,0.013968710089399743,0.1736111111111111,0.8191650702426565,0.6455539591315453,1.2422174329501916,3.6468310983397187,2.404613665389527,1.2422174329501916,3.5929517879948913,2.3507343550446995,0.1736111111111111,0.7652857598978289,0.5916746487867177,0.06598802668181969,0.2447837752512508,0.17879574856943112
nominal,outermost,0.2,ssp585,hot,100224,100224,0.0,0.05387931034482758,0.05387931034482758,0.0,0.013968710089399743,0.013968710089399743,0.16064016602809705,1.004749361430396,0.8441091954022989,1.2482040229885056,3.8384019795657727,2.590197956577267,1.2482040229885056,3.7845226692209453,2.5363186462324396,0.16064016602809705,0.9508700510855682,0.7902298850574712,0.06639831836108775,0.265694055482333,0.19929573712124524
nominal,outermost,0.2,ssp585,typical,100224,100224,0.0,0.17061781609195403,0.17061781609195403,0.0,0.08979885057471264,0.08979885057471264,0.2015485312899106,0.4829182630906769,0.2813697318007663,1.204302362707535,2.1062819284802043,0.9019795657726692,1.204302362707535,1.9356641123882503,0.7313617496807152,0.2015485312899106,0.3123004469987229,0.11075191570881229,0.06341772223118518,0.1818481361804874,0.11843041394930222
ordinal,broad_tail,0.05,ssp245,heatwave_extreme,100224,100224,99.40832535121328,99.64878671775223,0.2404613665389519,99.56597222222221,99.75255427841635,0.18658205619414048,99.92017879948915,99.9860312899106,0.0658524904214488,99.98503352490421,100.0,0.014966475095789633,0.5767081736909323,0.351213282247765,-0.2254948914431673,0.5118534482758621,0.3372445721583653,-0.17460887611749681,98.13319701946276,98.37287585725501,0.23967883779225474
ordinal,broad_tail,0.05,ssp245,hot,100224,100224,99.28061143039592,99.54501915708812,0.26440772669219825,99.48215996168582,99.7146392081737,0.23247924648786977,99.8952346743295,99.93913633461047,0.04390166028096587,99.98902458492975,99.98902458492975,0.0,0.7084131545338441,0.4440054278416347,-0.2644077266922094,0.6146232439335888,0.3941171775223499,-0.22050606641123888,97.85677040189954,98.29455175184903,0.43778134994948914
ordinal,broad_tail,0.05,ssp245,typical,100224,100224,99.42229406130268,99.49513090676884,0.07283684546615632,99.68271072796935,99.62184706257982,-0.06086366538953314,99.9092033844189,99.9012212643678,-0.00798212005109633,99.98702905491699,99.98303799489145,-0.00399106002554106,0.5647349936143039,0.4879070881226054,-0.07682790549169849,0.48690932311621965,0.4060903575989783,-0.08081896551724133,98.05704907430395,98.16435738809494,0.1073083137909947
ordinal,broad_tail,0.05,ssp585,heatwave_extreme,100224,100224,99.47816890166028,99.79446040868454,0.31629150702426045,99.6577666028097,99.8952346743295,0.23746807151979965,99.9371408045977,99.98902458492975,0.05188378033204799,99.99700670498083,100.0,0.002993295019166453,0.518837803320562,0.2055395913154534,-0.31329821200510855,0.4589719029374202,0.19456417624521072,-0.26440772669220947,98.21027604293606,98.60235621728722,0.3920801743511646
ordinal,broad_tail,0.05,ssp585,hot,100224,100224,99.5609833971903,99.71164591315454,0.15066251596424252,99.78548052362709,99.86330619412516,0.07782567049807199,99.9511095146871,99.99201787994892,0.04090836526181363,99.99900223499361,100.0,0.0009977650063888177,0.43801883780332057,0.28835408684546615,-0.14966475095785442,0.39012611749680715,0.2803719667943806,-0.10975415070242656,98.2230425220837,98.45849127595369,0.23544875386998854
ordinal,broad_tail,0.05,ssp585,typical,100224,100224,99.1838282247765,99.47816890166028,0.2943406768837775,99.43626277139208,99.6517800127714,0.21551724137931672,99.89822796934867,99.91718550446998,0.018957535121316482,99.9790469348659,99.99501117496807,0.01596424010216424,0.7952187100893997,0.5168422733077905,-0.27837643678160917,0.7143997445721584,0.4390166028097063,-0.2753831417624521,97.86269960962058,98.31781100416336,0.45511139454278293
ordinal,broad_tail,0.06,ssp245,heatwave_extreme,100224,100224,89.59031768837804,91.54094827586206,1.950630587484028,90.99616858237547,92.38805076628353,1.3918821839080522,95.96902937420178,97.03663793103449,1.0676085568327096,98.67397030651341,99.33149744572158,0.6575271392081703,9.083652618135376,7.790549169859514,-1.293103448275862,6.3797094508301395,5.495689655172414,-0.8840197956577258,80.79688522892425,83.50622701628012,2.709341787355868
ordinal,broad_tail,0.06,ssp245,hot,100224,100224,89.44763729246488,91.56489463601532,2.117257343550449,90.48830619412516,92.39603288633461,1.907726692209451,96.03488186462324,96.86302681992338,0.8281449553001323,98.57319604086845,99.07806513409962,0.5048690932311644,9.125558748403575,7.513170498084292,-1.6123882503192837,6.590237867177523,5.298132183908046,-1.2921056832694768,80.87576744660777,82.95900482031684,2.0832373737090677
ordinal,broad_tail,0.06,ssp245,typical,100224,100224,88.42193486590038,89.66515006385696,1.243215197956573,89.50450989782887,90.39551404853128,0.8910041507024147,95.12791347381865,95.80040708812261,0.6724936143039599,98.65201947637291,98.87950989782887,0.2274904214559541,10.230084610472542,9.214359833971903,-1.0157247765006385,6.705978607918263,6.135257024265646,-0.5707215836526176,78.70459859188608,80.45447231097513,1.7498737190890523
ordinal,broad_tail,0.06,ssp585,heatwave_extreme,100224,100224,89.65417464878672,92.66942049808429,3.015245849297571,90.90537196679438,93.21819125159642,2.312819284802046,95.75450989782887,97.4896232439336,1.7351133461047255,98.77274904214559,99.28959131545338,0.5168422733077875,9.118574393358877,6.620170817369093,-2.4984035759897836,6.103328544061302,4.820202745849297,-1.283125798212005,80.64048850057864,85.16142318222309,4.520934681644448
ordinal,broad_tail,0.06,ssp585,hot,100224,100224,89.7389846743295,91.72254150702427,1.9835568326947737,91.00415070242657,92.2363904853129,1.2322397828863245,95.91515006385696,96.97477650063857,1.0596264367816133,98.64104406130268,99.16487068965517,0.523826628352495,8.90205938697318,7.442329182630907,-1.4597302043422733,6.179158684546616,5.252234993614304,-0.9269236909323118,81.26270232983039,83.93064915275785,2.667946822927462
ordinal,broad_tail,0.06,ssp585,typical,100224,100224,88.37304438058749,91.30447796934867,2.9314335887611804,89.42867975734356,92.12863186462324,2.6999521072796853,95.12192688378033,96.64252075351213,1.5205938697317976,98.27286877394637,98.9812819284802,0.7084131545338295,9.899824393358877,7.676803959131545,-2.2230204342273314,6.749880268199234,5.33904054916986,-1.410839719029374,78.67996819597973,82.95746620198695,4.277498006007221
ordinal,broad_tail,0.07,ssp245,heatwave_extreme,100224,100224,72.9426085568327,77.49341475095785,4.550806194125158,70.53101053639847,75.22150383141762,4.690493295019152,89.20817369093231,91.1478288633461,1.9396551724137936,94.5252634099617,95.66670657726692,1.1414431673052263,21.58265485312899,18.173291826309068,-3.4093630268199213,16.268558429118773,13.670378352490422,-2.598180076628351,67.98379075188234,71.34726019320283,3.3634694413204898
ordinal,broad_tail,0.07,ssp245,hot,100224,100224,73.8485791826309,77.09630427841635,3.247725095785455,70.81936462324393,74.91419220945083,4.094827586206904,89.07247765006386,91.04805236270754,1.9755747126436773,94.2448914431673,95.45617816091954,1.2112867177522304,20.396312260536398,18.35987388250319,-2.036438378033207,15.226891762452107,13.967712324393359,-1.259179438058748,67.68161425952948,70.47729388438577,2.795679624856291
ordinal,broad_tail,0.07,ssp245,typical,100224,100224,69.56716954022988,72.91068007662835,3.343510536398469,66.33241538952745,70.48611111111111,4.153695721583659,87.81828703703704,89.11837484035759,1.300087803320551,93.33492975734356,94.40852490421456,1.0735951468709999,23.767760217113665,21.497844827586206,-2.2699153895274584,18.25810185185185,16.210688058748403,-2.0474137931034484,64.29480332852067,67.5645543583332,3.269751029812525
ordinal,broad_tail,0.07,ssp585,heatwave_extreme,100224,100224,72.09550606641125,79.98882503192849,7.893318965517238,69.96727330779055,78.45526021711366,8.487986909323112,89.00562739463601,92.34714240102171,3.3415150063857055,94.2458892081737,96.39208173690932,2.146192528735625,22.150383141762454,16.403256704980844,-5.74712643678161,16.91111909323116,12.364303959131545,-4.5468151340996155,67.89142769697001,74.51101010977345,6.619582412803439
ordinal,broad_tail,0.07,ssp585,hot,100224,100224,73.59514687100895,78.95913154533845,5.363984674329501,71.31226053639847,76.77602171136654,5.46376117496807,89.44763729246488,91.30248243933589,1.854845146871014,94.44344667943805,95.81337803320562,1.3699313537675692,20.84829980842912,16.85424648786718,-3.994053320561939,15.853488186462325,12.350335249042145,-3.5031529374201806,68.49748471800807,72.83299129619115,4.335506578183086
ordinal,broad_tail,0.07,ssp585,typical,100224,100224,68.39778895274586,77.62212643678161,9.224337484035757,66.00015964240103,75.29932950191571,9.299169859514677,87.68757982120052,91.08796296296296,3.400383141762447,93.00067848020434,95.53799489144316,2.5373164112388196,24.602889527458494,17.915868454661556,-6.687021072796938,19.29278416347382,13.470825351213284,-5.821958812260535,64.39696067964012,71.22152802207069,6.824567342430569
ordinal,broad_tail,0.08,ssp245,heatwave_extreme,100224,100224,52.27490421455939,59.900822158365266,7.625917943805874,50.13868933588761,57.947198275862064,7.808508939974452,67.4948116219668,72.99249680715198,5.497685185185176,78.63884897828864,82.09510696040869,3.45625798212005,26.363944763729247,22.194284802043423,-4.169659961685824,15.455379948914432,13.377035440613028,-2.078344508301404,34.90200729657405,42.9329379787681,8.030930682194054
ordinal,broad_tail,0.08,ssp245,hot,100224,100224,52.80771072796935,60.16622765006385,7.358516922094502,50.0768279054917,58.02801724137932,7.951189335887619,67.80511653895275,72.78396392081737,4.978847381864625,78.5360791826309,82.42935823754789,3.893279054916988,25.72836845466156,22.263130587484035,-3.4652378671775246,15.31669061302682,12.931034482758621,-2.385656130268199,34.45151040322038,41.73993336582915,7.28842296260877
ordinal,broad_tail,0.08,ssp245,typical,100224,100224,47.76400862068966,54.066890166028095,6.302881545338437,44.98523307790549,51.8897669220945,6.904533844189011,63.807072158365266,68.47461685823755,4.667544699872288,75.41706577266922,79.01700191570882,3.5999361430395993,27.653057151979567,24.950111749680715,-2.7029454022988517,16.30447796934866,14.68111430395913,-1.6233636653895296,30.194203328725628,36.62042837631706,6.42622504759143
ordinal,broad_tail,0.08,ssp585,heatwave_extreme,100224,100224,52.75882024265645,65.81557311621967,13.05675287356322,50.738346104725416,64.09343071519795,13.355084610472538,67.20645753512133,76.60540389527458,9.398946360153246,77.7548291826309,84.94971264367817,7.194883461047269,24.996008939974455,19.134139527458494,-5.861869412515961,14.693087484035761,11.03727650063857,-3.655810983397192,36.57701981985374,49.80192651444752,13.224906694593784
ordinal,broad_tail,0.08,ssp585,hot,100224,100224,53.980084610472545,64.41171775223499,10.431633141762447,51.39287994891443,62.244572158365266,10.851692209450839,67.80910759897829,75.1536558109834,7.344548212005108,78.39838761174967,83.97190293742018,5.573515325670513,24.41830300127714,19.560185185185187,-4.858117816091951,14.136334610472542,11.047254150702427,-3.0890804597701145,36.42006719017111,47.61950074226335,11.199433552092238
ordinal,broad_tail,0.08,ssp585,typical,100224,100224,47.62631704980843,60.66311462324393,13.0367975734355,45.64675127713921,58.30340038314177,12.656649106002561,62.70254629629629,73.06234035759897,10.35979406130268,74.41331417624522,82.80551564495529,8.39220146871007,26.78699712643678,22.142401021711365,-4.644596104725416,15.34662356321839,12.74844348659004,-2.598180076628351,31.372224479976985,43.2831308899439,11.910906409966913
ordinal,broad_tail,0.09,ssp245,heatwave_extreme,100224,100224,40.004390166028095,48.74980044699873,8.745410280970631,37.554877075351214,46.9588122605364,9.403935185185183,55.32008301404853,62.63669380587484,7.316610791826314,68.08349297573434,73.86653895274586,5.783045977011511,28.079102809706256,25.116738505747126,-2.9623643039591308,15.356601213282248,13.928799489144318,-1.4278017241379306,29.187188880778002,37.61028598402951,8.423097103251507
ordinal,broad_tail,0.09,ssp245,hot,100224,100224,39.2999680715198,48.99624840357599,9.69628033205619,36.73072318007663,46.716355363984675,9.985632183908045,55.74612867177522,63.339120370370374,7.592991698595156,68.85875638569604,74.37939016602809,5.520633780332048,29.558788314176244,25.383141762452105,-4.175646551724139,16.49205779054917,14.38677362707535,-2.1052841634738186,28.633496451541102,36.5311544859283,7.897658034387195
ordinal,broad_tail,0.09,ssp245,typical,100224,100224,35.25103767560664,41.65269795657727,6.401660280970631,32.634897828863345,39.20518039591315,6.570282567049809,50.613625478927204,57.02925446998724,6.415628991060032,63.992656449552996,69.86649904214559,5.873842592592595,28.74161877394636,28.21380108556833,-0.527817688378029,15.405491698595148,15.420458173690932,0.014966475095784304,24.491819933243974,31.251302077735886,6.759482144491912
ordinal,broad_tail,0.09,ssp585,heatwave_extreme,100224,100224,40.49429278416347,55.45877234993615,14.964479565772677,38.07770593869732,53.67177522349936,15.594069284802039,56.077386653895275,68.31597222222221,12.23858556832694,67.90189974457216,78.60093390804597,10.699034163473812,27.407606960408685,23.142161558109834,-4.265445402298852,15.625,12.908085887611751,-2.716914112388249,31.205313003238093,45.50467649868448,14.29936349544639
ordinal,broad_tail,0.09,ssp585,hot,100224,100224,40.98619093231162,53.90026340996169,12.914072477650066,38.15253831417624,51.70118933588761,13.548651021711372,57.07515166028097,66.92708333333334,9.85193167305237,68.92959770114942,77.62711526181354,8.697517560664124,27.943406768837804,23.72685185185185,-4.216554916985952,16.12986909323116,13.087683588761175,-3.0421855044699857,30.97764404232845,43.84704570874302,12.869401666414568
ordinal,broad_tail,0.09,ssp585,typical,100224,100224,35.59825989782887,49.84734195402299,14.24908205619412,33.457056194125165,47.44871487867178,13.991658684546614,50.77725893997446,63.46284323116219,12.68558429118773,63.6095146871009,75.15565134099617,11.546136653895275,28.011254789272034,25.308309386973182,-2.7029454022988517,15.241858237547893,13.678360472541506,-1.563497765006387,25.752553672490475,38.62886040449644,12.876306732005968
ordinal,broad_tail,0.1,ssp245,heatwave_extreme,100224,100224,32.177921455938694,42.019875478927204,9.84195402298851,29.25347222222222,39.38477809706258,10.131305874840358,47.78695721583653,55.760097381864625,7.973140166028095,57.895314495530016,64.8227969348659,6.92748243933589,25.717393039591315,22.802921455938694,-2.9144715836526203,15.622006704980842,13.750199553001277,-1.8718071519795654,24.079116021758004,32.59816522527637,8.519049203518364
ordinal,broad_tail,0.1,ssp245,hot,100224,100224,31.42660440613027,41.82630906768838,10.399704661558108,28.316570881226056,38.560624201787995,10.244053320561939,47.6143438697318,56.56928480204342,8.954940932311622,58.6147030651341,65.65493295019157,7.040229885057464,27.188098659003828,23.82862388250319,-3.3594747765006368,16.198714878671776,14.752953384418902,-1.4457614942528743,23.491876962211297,31.469561033537474,7.977684071326177
ordinal,broad_tail,0.1,ssp245,typical,100224,100224,27.477450510855682,34.68430715197957,7.206856641123885,24.606880587484035,31.582255747126435,6.9753751596424,43.29302362707535,49.54102809706258,6.2480044699872295,54.02298850574713,59.50570721583652,5.482718710089394,26.545537994891443,24.82140006385696,-1.724137931034484,15.82654853128991,14.860712005108557,-0.965836526181354,19.7925335476,26.433561933094186,6.6410283854941845
ordinal,broad_tail,0.1,ssp585,heatwave_extreme,100224,100224,32.55308109833972,49.398347701149426,16.84526660280971,30.390924329501917,46.68043582375479,16.289511494252874,47.483636653895275,61.880387931034484,14.39675127713921,57.15996168582376,70.74952107279694,13.589559386973178,24.606880587484035,21.35117337164751,-3.2557072158365266,14.933548850574713,12.488026819923371,-2.4455220306513414,25.095799825744947,41.084858175661424,15.989058349916476
ordinal,broad_tail,0.1,ssp585,hot,100224,100224,32.66483077905492,48.11023307790549,15.445402298850574,30.161438378033207,45.45617816091954,15.294739782886335,48.53128991060026,61.19991219667944,12.668622286079184,58.86015325670498,70.48810664112388,11.627953384418895,26.195322477650063,22.37787356321839,-3.8174489144316723,15.869452426564495,13.090676883780333,-2.778775542784162,24.846202971199887,40.392702769589675,15.546499798389789
ordinal,broad_tail,0.1,ssp585,typical,100224,100224,28.253711685823756,43.709091634738186,15.45537994891443,25.56772828863346,40.80958652618135,15.241858237547888,43.385815772669226,56.872605363984675,13.48678959131545,53.57399425287356,66.17476851851852,12.600774265644958,25.320282567049805,22.465676883780333,-2.8546056832694724,15.134099616858238,13.176484674329503,-1.9576149425287355,20.904066973580964,34.22853495858826,13.3244679850073
ordinal,broad_tail,0.11,ssp245,heatwave_extreme,100224,100224,27.14619252873563,37.58880108556833,10.442608556832699,23.28883301404853,33.45007183908046,10.161238825031926,43.691131864623244,52.33876117496807,8.647629310344826,55.45079022988506,63.12460089399745,7.673810664112395,28.304597701149426,25.535799808429115,-2.768797892720311,16.544939335887612,14.749960089399744,-1.794979246487868,21.273836489227243,30.15116437782992,8.877327888602679
ordinal,broad_tail,0.11,ssp245,hot,100224,100224,26.445761494252874,36.986151021711365,10.54038952745849,22.613346104725416,32.22780970625798,9.614463601532563,43.39579342273308,53.02422573435505,9.628432311621971,56.083373243933586,64.06150223499361,7.978128991060025,29.637611749680715,27.07535121328225,-2.5622605363984654,16.950031928480204,16.038074712643677,-0.9119572158365266,20.70564372885618,28.849159494833877,8.143515765977696
ordinal,broad_tail,0.11,ssp245,typical,100224,100224,22.898706896551722,30.02574233716475,7.127035440613028,18.452666028097063,25.872046615581095,7.4193805874840315,38.96272349936143,45.81337803320562,6.850654533844192,51.588441890166024,57.448315772669226,5.8598738825032015,28.6897349936143,27.42257343550447,-1.26716155810983,16.064016602809705,15.78763569604087,-0.27638090676883564,17.24229086469286,23.822889565983328,6.580598701290469
ordinal,broad_tail,0.11,ssp585,heatwave_extreme,100224,100224,27.95338441890166,45.479126756066414,17.525742337164754,24.51009738186462,41.63174489144317,17.121647509578548,43.724058109833976,58.81525383141762,15.091195721583645,55.02175127713921,69.23491379310344,14.213162515964235,27.068366858237546,23.755787037037038,-3.312579821200508,15.77067369093231,13.339120370370368,-2.4315533205619424,22.33673042371179,38.943027510111705,16.606297086399916
ordinal,broad_tail,0.11,ssp585,hot,100224,100224,27.70294540229885,44.54222541507024,16.83928001277139,24.184825989782887,40.73674968071519,16.551923690932306,44.38856960408685,58.211606002554284,13.823036398467437,56.60320881226054,68.94356641123882,12.34035759897828,28.900263409961685,24.40134099616858,-4.498922413793103,16.685624201787995,13.670378352490422,-3.015245849297573,22.071584713517105,38.414953548896214,16.34336883537911
ordinal,broad_tail,0.11,ssp585,typical,100224,100224,23.65501277139208,39.85472541507024,16.19971264367816,19.625039910600258,35.68905651340996,16.0640166028097,39.568366858237546,53.771551724137936,14.20318486590039,51.32403416347382,64.88465836526181,13.560624201787995,27.66902139208174,25.02993295019157,-2.63908844189017,15.913354086845466,13.917824074074073,-1.9955300127713933,18.25965580257349,31.9344952862742,13.674839483700708
ordinal,broad_tail,0.12,ssp245,heatwave_extreme,100224,100224,23.403575989782887,33.93598339719029,10.532407407407405,19.170059067688378,29.249481162196677,10.079422094508299,39.42169540229885,48.88848978288634,9.466794380587487,51.495649744572155,59.69129150702427,8.195641762452112,28.092073754789272,25.755308109833976,-2.336765644955296,16.018119412515965,14.953504150702427,-1.0646152618135378,18.766802124470683,27.888235660428833,9.12143353595815
ordinal,broad_tail,0.12,ssp245,hot,100224,100224,22.618334929757346,32.93921615581098,10.320881226053636,18.69911398467433,27.762811302681996,9.063697318007666,39.112388250319285,49.156888569604085,10.0445003192848,51.92867975734355,60.6102330779055,8.681553320561946,29.310344827586203,27.67101692209451,-1.6393279054916938,16.494053320561942,16.21867017879949,-0.27538314176245393,18.291269670349948,26.453198903850556,8.161929233500608
ordinal,broad_tail,0.12,ssp245,typical,100224,100224,19.04134738186462,26.381904533844192,7.340557151979571,14.607279693486591,21.965796615581098,7.358516922094507,34.969667943805874,41.77542305236271,6.805755108556838,47.50059865900383,53.44827586206896,5.947677203065133,28.45925127713921,27.066371328224776,-1.392879948914434,15.929318326947635,15.393518518518517,-0.5357998084291182,14.914599946933068,21.564376381147294,6.6497764342142265
ordinal,broad_tail,0.12,ssp585,heatwave_extreme,100224,100224,24.11198914431673,42.16554916985951,18.05356002554278,20.415269795657725,38.348100255427845,17.93283045977012,39.346863026819925,55.290150063856956,15.943287037037031,50.88900862068966,65.69584131545338,14.80683269476372,26.777019476372928,23.53029214559387,-3.246727330779059,15.23487388250319,13.126596424010216,-2.1082774584929744,19.86116449130564,36.69241912048635,16.83125462918071
ordinal,broad_tail,0.12,ssp585,hot,100224,100224,23.81265964240102,41.41722541507024,17.604565772669222,19.951309067688378,37.64068486590038,17.689375798212005,39.9275622605364,54.70645753512133,14.778895274584933,52.535320881226056,65.41347381864622,12.878152937420168,28.722661238825033,23.99624840357599,-4.726412835249043,16.11490261813538,13.289232120051086,-2.8256704980842926,19.597922601151403,36.32576695284708,16.72784435169568
ordinal,broad_tail,0.12,ssp585,typical,100224,100224,20.109953703703702,36.35257024265645,16.242616538952745,15.84251277139208,31.79178639846743,15.94927362707535,34.857918263090674,50.42105683269477,15.563138569604092,47.01368933588761,61.443366858237546,14.429677522349934,26.903735632183906,25.090796615581095,-1.8129390166028116,14.747964559386972,14.068486590038315,-0.6794779693486568,15.807213243765862,29.73779262212524,13.93057937835938
ordinal,broad_tail,0.13,ssp245,heatwave_extreme,100224,100224,20.264607279693486,30.638370051085566,10.37376277139208,16.34438856960409,26.208293422733075,9.863904853128986,35.424648786717746,45.461166985951465,10.036518199233718,45.05607439335888,54.32531130268199,9.269236909323112,24.791467113665387,23.686941251596423,-1.1045258620689644,15.160041507024266,14.824792464878673,-0.3352490421455929,15.262450725121452,24.16192105870831,8.899470333586857
ordinal,broad_tail,0.13,ssp245,hot,100224,100224,19.775702426564497,29.31932471264368,9.543622286079184,15.979206577266922,24.39036558109834,8.411159003831418,35.019556194125165,45.42724297573436,10.407686781609193,44.96527777777778,54.990820561941256,10.025542784163477,25.189575351213282,25.67149584929757,0.48192049808428905,15.243853767560664,16.10991379310345,0.8660600255427848,14.670659853761164,22.62593637151434,7.955276517753175
ordinal,broad_tail,0.13,ssp245,typical,100224,100224,15.781649106002554,23.20801404853129,7.4263649425287355,12.194683908045976,19.323714878671776,7.1290309706258,31.051444763729247,38.012851213282254,6.961406449553007,40.790628991060025,47.270114942528735,6.47948595146871,25.00897988505747,24.062100893997446,-0.946878991060025,15.269795657726693,14.804837164750959,-0.4649584929757342,11.89120935730287,18.369464051225044,6.478254693922175
ordinal,broad_tail,0.13,ssp585,heatwave_extreme,100224,100224,21.13366060025543,39.225135696040866,18.091475095785437,17.620530012771393,35.792824074074076,18.172294061302683,35.62519955300127,52.399624840357596,16.774425287356323,44.72780970625798,60.59327107279694,15.865461366538959,23.594149106002554,21.36813537675607,-2.2260137292464854,14.49153895274585,13.17448914431673,-1.31704980842912,16.542406547332323,33.20800035511934,16.665593807787015
ordinal,broad_tail,0.13,ssp585,hot,100224,100224,20.721583652618136,38.550646551724135,17.829062899106,17.124640804597703,35.26899744572158,18.144356641123878,36.07120051085568,51.535560344827594,15.464359833971912,45.87124840357599,59.903815453384425,14.032567049808435,25.149664750957857,21.35316890166028,-3.796495849297578,15.349616858237546,12.985911558109834,-2.3637053001277124,16.18175142163218,33.115270137888885,16.933518716256707
ordinal,broad_tail,0.13,ssp585,typical,100224,100224,16.964000638569605,33.069923371647505,16.1059227330779,13.535680076628353,28.81744891443167,15.281768837803316,31.160201149425287,46.931872605363985,15.771671455938698,40.41746487867178,55.78603927203065,15.36857439335887,23.45346424010217,22.71611590038314,-0.7373483397190306,14.196200510855682,13.861949233716475,-0.33425127713920766,12.60131865366953,25.898098123536467,13.296779469866937
ordinal,broad_tail,0.14,ssp245,heatwave_extreme,100224,100224,17.775183588761177,27.94240900383142,10.167225415070241,14.51249201787995,24.16786398467433,9.65537196679438,33.988864942528735,44.13912835249042,10.150263409961681,44.06329821200511,53.47521551724138,9.411917305236273,26.288114623243935,25.532806513409962,-0.7553081098339725,16.213681353767562,16.196719348659002,-0.016962005108560163,14.981153525787333,23.888660860415833,8.9075073346285
ordinal,broad_tail,0.14,ssp245,hot,100224,100224,17.377075351213282,26.351971583652617,8.974896232439335,14.168263090676882,22.26213282247765,8.093869731800767,33.629669540229884,44.037356321839084,10.4076867816092,43.894675925925924,54.066890166028095,10.172214240102171,26.517600574712645,27.714918582375482,1.1973180076628367,16.2525941890166,17.685384738186464,1.4327905491698623,14.393332552307383,22.352579678886435,7.9592471265790525
ordinal,broad_tail,0.14,ssp245,typical,100224,100224,13.472820881226053,20.747525542784164,7.274704661558111,10.684067688378034,17.59558588761175,6.911518199233717,29.629629629629626,36.660879629629626,7.03125,39.82479246487867,46.140644955300125,6.315852490421456,26.351971583652617,25.393119412515965,-0.9588521711366518,16.156808748403577,15.913354086845466,-0.24345466155811124,11.655915189028478,18.092408837642388,6.43649364861391
ordinal,broad_tail,0.14,ssp585,heatwave_extreme,100224,100224,18.929597701149426,36.96320242656449,18.033604725415067,15.866459131545337,34.01181353767561,18.14535440613027,34.28320561941251,51.17037835249042,16.887172733077904,43.84279214559387,59.84095625798213,15.99816411238826,24.913194444444446,22.877753831417625,-2.0354406130268217,15.35360791826309,14.20817369093231,-1.1454342273307798,16.30325319642654,32.91947342239251,16.616220225965968
ordinal,broad_tail,0.14,ssp585,hot,100224,100224,18.440692848020433,36.27374680715198,17.833053959131547,15.351612388250318,33.59774106002554,18.246128671775224,34.638409961685824,50.36019316730523,15.72178320561941,45.03212803320562,59.0676883780332,14.03556034482758,26.591435185185187,22.793941570881227,-3.79749361430396,16.197717113665387,14.086446360153257,-2.1112707535121302,15.958175358189727,32.82250691298292,16.86433155479319
ordinal,broad_tail,0.14,ssp585,typical,100224,100224,14.620250638569605,30.150462962962965,15.53021232439336,11.943247126436782,26.687220625798215,14.743973499361433,29.842153575989784,45.811382503192846,15.969228927203062,39.332894316730524,54.962883141762454,15.62998882503193,24.71264367816092,24.81242017879949,0.09977650063856913,15.221902937420179,15.660919540229884,0.4390166028097049,12.30662232177209,25.65430702252099,13.347684700748898
ordinal,broad_tail,0.15,ssp245,heatwave_extreme,100224,100224,15.71280332056194,25.69544220945083,9.982638888888891,13.067728288633463,22.76500638569604,9.697278097062577,32.78755587484036,42.913872924648786,10.126317049808428,41.578863346104725,50.860073435504475,9.28121008939975,25.866060025542787,25.16463122605364,-0.7014287994891468,17.074752554278415,17.218430715197957,0.1436781609195421,14.290376148464714,22.998908955173423,8.708532806708709
ordinal,broad_tail,0.15,ssp245,hot,100224,100224,15.365581098339721,23.89447637292465,8.52889527458493,12.809307151979565,20.853288633461048,8.043981481481483,32.407407407407405,42.84203384418902,10.434626436781613,41.62376277139208,51.42879948914432,9.805036717752238,26.258181673052363,27.534323116219667,1.2761414431673046,17.04182630906769,18.947557471264368,1.9057311621966768,13.742078870665278,21.458031779072535,7.715952908407257
ordinal,broad_tail,0.15,ssp245,typical,100224,100224,11.655890804597702,18.832814495530013,7.176923690932311,9.557590996168583,16.38330140485313,6.825710408684545,28.348499361430395,35.63417943805875,7.285680076628356,37.4790469348659,43.799888250319285,6.320841315453386,25.8231561302682,24.967073754789272,-0.8560823754789268,16.692608556832695,16.801364942528735,0.10875638569604007,10.915981022214023,17.43713084174732,6.521149819533296
ordinal,broad_tail,0.15,ssp585,heatwave_extreme,100224,100224,17.009897828863345,35.05946679438059,18.049568965517246,14.577346743295019,32.528136973180075,17.950790229885058,33.075909961685824,50.11773627075351,17.041826309067687,41.53595945083014,57.65485312899106,16.118893678160916,24.526061621966793,22.595386334610474,-1.930675287356319,16.066012132822475,15.058269476372924,-1.007742656449551,15.544562553895519,32.20085969731527,16.656297143419756
ordinal,broad_tail,0.15,ssp585,hot,100224,100224,16.463122605363985,34.543622286079184,18.0804996807152,14.023587164750959,32.315613026819925,18.292025862068968,33.321360153256705,49.34546615581098,16.024106002554277,42.61853448275862,57.02227011494253,14.40373563218391,26.155411877394634,22.478647828863345,-3.6767640485312896,16.85823754789272,14.801843869731801,-2.0563936781609193,15.186784758984553,32.15462348212558,16.96783872314103
ordinal,broad_tail,0.15,ssp585,typical,100224,100224,12.804318326947635,27.817688378033207,15.013370051085571,10.644157088122604,25.00997765006386,14.365820561941256,28.640844508301406,44.86649904214559,16.225654533844185,37.02306832694764,53.24173850574713,16.218670178799492,24.21875,25.424050127713922,1.2053001277139224,15.836526181353769,17.048810664112388,1.2122844827586192,11.65172894341022,25.06055064908445,13.408821705674232
ordinal,broad_tail,0.16,ssp245,heatwave_extreme,100224,100224,13.977689974457217,23.799688697318008,9.82199872286079,11.874401340996169,21.46890964240102,9.59450830140485,31.540349616858236,41.88817049808429,10.347820881226056,40.04230523627076,49.48315772669221,9.440852490421456,26.06461526181354,25.6834690293742,-0.3811462324393382,17.56265964240102,18.088481800766285,0.5258221583652656,13.885645577353042,22.658632566763472,8.77298698941043
ordinal,broad_tail,0.16,ssp245,hot,100224,100224,13.659402937420179,21.96080779054917,8.30140485312899,11.645913154533845,19.544220945083012,7.8983077905491665,31.182151979565774,41.800367177522354,10.61821519795658,39.87667624521073,50.065852490421456,10.189176245210724,26.21727330779055,28.105044699872284,1.887771392081735,17.522749042145595,19.83955938697318,2.3168103448275836,13.375941868184793,21.08840190114147,7.7124600329566775
ordinal,broad_tail,0.16,ssp245,typical,100224,100224,10.218111430395913,17.267321200510853,7.04920977011494,8.6286717752235,15.447397828863346,6.818726053639846,27.231002554278415,34.55958652618135,7.328583971902933,35.747924648786714,42.336166985951465,6.5882423371647505,25.529813218390807,25.06884578544061,-0.46096743295019493,17.012891123882504,17.2922653256705,0.279374201787995,10.569413676964345,17.040341364122273,6.470927687157928
ordinal,broad_tail,0.16,ssp585,heatwave_extreme,100224,100224,15.34462803320562,33.42911877394636,18.084490740740737,13.43889687100894,31.387691570881227,17.948794699872288,31.982359514687104,49.34945721583653,17.367097701149426,40.03831417624521,56.290908365261814,16.252594189016605,24.693686143039592,22.861789591315453,-1.8318965517241388,16.63773148148148,15.920338441890166,-0.7173930395913146,15.188311829956696,31.897925521259086,16.70961369130239
ordinal,broad_tail,0.16,ssp585,hot,100224,100224,14.832774584929757,33.07491219667944,18.242137611749683,12.88513729246488,31.231042464878673,18.345905172413794,32.1849058109834,48.58816251596424,16.40325670498084,40.997166347381864,55.66930076628353,14.672134418901663,26.164391762452105,22.59438856960409,-3.5700031928480165,17.35213122605364,15.513250319284802,-1.8388809067688374,14.790253727086867,31.88286344501579,17.092609717928923
ordinal,broad_tail,0.16,ssp585,typical,100224,100224,11.397469667943806,25.784243295019156,14.38677362707535,9.556593231162196,23.70190772669221,14.145314495530013,27.61414431673052,43.83181673052363,16.217672413793107,35.71799169859515,51.78599936143039,16.068007662835242,24.32052203065134,26.00175606641124,1.6812340357598998,16.216674648786718,18.047573435504468,1.83089878671775,11.335886790016792,24.709137170579893,13.373250380563102
ordinal,broad_tail,0.17,ssp245,heatwave_extreme,100224,100224,12.51596424010217,22.150383141762454,9.634418901660284,10.834730204342273,20.285560344827587,9.450830140485314,29.95689655172414,40.44640006385696,10.489503512132824,39.95549968071519,49.35245051085568,9.39695083014049,27.439535440613028,27.20206736909323,-0.23746807151979965,17.440932311621967,18.29601692209451,0.8550846104725416,13.860069145238505,22.56843125091845,8.708362105679946
ordinal,broad_tail,0.17,ssp245,hot,100224,100224,12.300446998722862,20.2356720945083,7.935225095785437,10.610233077905491,18.35987388250319,7.7496408045977,29.586725734355046,40.28675766283525,10.700031928480204,39.798850574712645,49.938138569604085,10.13928799489144,27.498403575989784,29.702466475095786,2.2040628991060025,17.286278735632184,20.051085568326947,2.764806832694763,13.349845700833365,20.998265325399412,7.648419624566047
ordinal,broad_tail,0.17,ssp245,typical,100224,100224,9.00183588761175,15.979206577266922,6.977370689655173,7.722701149425287,14.527458492975734,6.804757343550447,25.72936621966794,33.107838441890166,7.378472222222225,35.672094508301406,42.253352490421456,6.58125798212005,26.67025862068966,26.274145913154534,-0.3961127075351243,16.727530332056194,17.128631864623244,0.4011015325670506,10.541022519324306,17.004712103958745,6.463689584634439
ordinal,broad_tail,0.17,ssp585,heatwave_extreme,100224,100224,13.992656449553001,31.948435504469984,17.95577905491698,12.419181034482758,30.33804278416347,17.918861749680712,30.497685185185187,48.023427522349934,17.525742337164747,39.94651979565773,56.21308269476373,16.266562899106,25.95386334610473,24.264647190293744,-1.6892161558109855,16.505028735632184,16.07499201787995,-0.43003671775223395,15.147115273406556,31.79712040658557,16.650005133179015
ordinal,broad_tail,0.17,ssp585,hot,100224,100224,13.521711366538952,31.740900383141764,18.21918901660281,11.91131864623244,30.288154533844192,18.376835887611755,30.627394636015325,47.23519316730523,16.60779853128991,40.91834291187739,55.6014527458493,14.683109833971912,27.39663154533844,23.860552362707534,-3.536079182630907,17.105683269476373,15.494292784163473,-1.6113904853128993,14.750001558552842,31.789604847050118,17.039603288497275
ordinal,broad_tail,0.17,ssp585,typical,100224,100224,10.188178480204343,24.06609195402299,13.877913473818648,8.714479565772669,22.529533844189018,13.81505427841635,26.153416347381864,42.37009099616858,16.216674648786714,35.63218390804598,51.702187100893994,16.070003192848013,25.44400542784164,27.63609514687101,2.192089719029372,15.965237867177523,18.303999042145595,2.338761174968072,11.293664591384344,24.646964027612846,13.353299436228502
ordinal,broad_tail,0.18,ssp245,heatwave_extreme,100224,100224,11.302681992337165,20.698635057471265,9.3959530651341,9.879869093231163,19.34566570881226,9.465796615581096,28.604924968071522,39.0555156449553,10.450590676883778,38.71727330779055,48.504350255427845,9.787076947637296,27.414591315453386,27.805715197956577,0.39112388250319086,17.302242975734355,18.356880587484035,1.0546376117496798,13.386883324090062,22.241689897819608,8.854806573729546
ordinal,broad_tail,0.18,ssp245,hot,100224,100224,11.073196040868455,18.79390166028097,7.720705619412515,9.616459131545337,17.322198275862068,7.7057391443167305,28.267680395913153,38.81704980842912,10.549369412515965,38.65640964240102,49.043143358876115,10.386733716475092,27.58321360153257,30.249241698595146,2.6660280970625756,17.1944843550447,20.02314814814815,2.8286637931034484,12.983789509830437,20.638623425267873,7.654833915437436
ordinal,broad_tail,0.18,ssp245,typical,100224,100224,8.011055236270753,14.767919859514686,6.756864623243933,7.0102969348659006,13.630467752234992,6.620170817369091,24.49014208173691,31.958413154533844,7.468271072796934,33.95992975734355,41.37931034482759,7.419380587484035,25.948874521072796,26.611390485312896,0.6625159642401002,16.479086845466156,17.191491060025545,0.7124042145593883,10.040206468554015,16.656312041233527,6.616105572679512
ordinal,broad_tail,0.18,ssp585,heatwave_extreme,100224,100224,12.825271392081735,30.73814655172414,17.912875159642404,11.47030651340996,29.442049808429115,17.971743295019152,29.062899106002554,46.922892720306514,17.85999361430396,38.40297733077905,55.53759578544061,17.134618454661556,25.57770593869732,24.799449233716476,-0.7782567049808442,16.23762771392082,16.184746168582375,-0.052881545338443914,14.618583248976657,31.5583273768994,16.939744127922744
ordinal,broad_tail,0.18,ssp585,hot,100224,100224,12.348339719029374,30.597461685823756,18.249121966794384,11.077187100893997,29.44903416347382,18.37184706257982,29.154693486590038,46.11869412515964,16.964000638569605,39.358836206896555,54.97286079182631,15.614024584929751,27.010496487867176,24.375399106002554,-2.6350973818646217,16.806353767560665,15.521232439335888,-1.2851213282247773,14.226155944950367,31.55012189578282,17.323965950832452
ordinal,broad_tail,0.18,ssp585,typical,100224,100224,9.134538633461048,22.606361749680715,13.471823116219667,7.893318965517242,21.37013090676884,13.476811941251597,25.0,41.29948914431673,16.29948914431673,34.26724137931034,50.99576947637292,16.72852809706258,25.1327027458493,28.389407726692212,3.256704980842912,15.865461366538952,18.693127394636015,2.827666028097063,10.861838960415312,24.39227927827517,13.530440317859856
ordinal,broad_tail,0.19,ssp245,heatwave_extreme,100224,100224,10.29992816091954,19.434466794380587,9.134538633461046,9.037755427841635,18.307990102171136,9.270234674329501,25.745330459770116,36.70777458492976,10.962444125159642,35.25103767560664,45.357399425287355,10.106361749680715,24.9511095146871,25.92293263090677,0.9718231162196709,15.445402298850574,17.27330779054917,1.8279054916985942,10.10385380016082,18.783080031743566,8.679226231582746
ordinal,broad_tail,0.19,ssp245,hot,100224,100224,10.007583014048532,17.53272669220945,7.525143678160919,8.650622605363985,16.30248243933589,7.651859833971905,25.641562899106003,35.84969667943806,10.208133780332059,35.19017401021711,45.596863026819925,10.406689016602812,25.18259099616858,28.064136334610474,2.8815453384418923,15.633979885057473,18.316969987228607,2.682990102171134,9.827455678496538,17.03029816487939,7.202842486382853
ordinal,broad_tail,0.19,ssp245,typical,100224,100224,7.175925925925926,13.858955938697317,6.6830300127713915,6.247006704980843,12.77139208173691,6.524385376756066,22.042624521072796,28.994053320561942,6.951428799489147,30.57850415070243,38.31816730523627,7.739663154533844,23.4025782247765,24.459211366538952,1.0566331417624504,14.866698595146872,15.135097381864624,0.26839878671775175,7.58696350522528,13.71449727973186,6.12753377450658
ordinal,broad_tail,0.19,ssp585,heatwave_extreme,100224,100224,11.74469189016603,29.6316251596424,17.886933269476373,10.544380587484035,28.474217752234992,17.929837164750957,26.37691570881226,45.10596264367816,18.729046934865902,35.12931034482759,52.87755427841635,17.74824393358876,23.384618454661556,23.245929118773947,-0.13868933588760868,14.632223818646231,15.474337484035761,0.8421136653895296,11.319086714270869,28.71317237283366,17.394085658562794
ordinal,broad_tail,0.19,ssp585,hot,100224,100224,11.371527777777777,29.55779054916986,18.18626277139208,10.240062260536398,28.585967432950195,18.345905172413797,26.148427522349937,44.382583014048535,18.234155491698598,35.67708333333333,52.30783045977011,16.63074712643678,24.305555555555554,22.750039910600258,-1.555515644955296,14.776899744572159,14.824792464878673,0.047892720306514036,10.958995518585732,28.861985743473674,17.902990224887944
ordinal,broad_tail,0.19,ssp585,typical,100224,100224,8.259498722860792,21.31625159642401,13.056752873563218,7.133022030651341,20.23866538952746,13.105643358876117,22.80192369093231,39.03256704980843,16.23064335887612,31.27993295019157,47.98052362707535,16.70059067688378,23.02043422733078,26.664272030651343,3.6438378033205616,14.542424968071519,17.716315453384418,3.1738904853128993,8.289836136980844,20.991581886566927,12.701745749586083
ordinal,broad_tail,0.2,ssp245,heatwave_extreme,100224,100224,9.355044699872286,18.31397669220945,8.958931992337165,8.273467432950191,17.25933908045977,8.98587164750958,23.883500957854405,34.95170817369093,11.068207215836527,33.093869731800766,43.47860791826309,10.384738186462322,23.73882503192848,25.16463122605364,1.4258061941251583,14.52845625798212,16.63773148148148,2.1092752234993615,9.212356990232028,17.6139912984194,8.401634308187372
ordinal,broad_tail,0.2,ssp245,hot,100224,100224,9.042744252873563,16.395274584929755,7.352530332056192,7.832455300127713,15.256824712643677,7.424369412515964,23.783724457215836,33.955938697318004,10.172214240102168,32.974137931034484,43.52550287356322,10.551364942528735,23.93139367816092,27.13022828863346,3.1988346104725416,14.740980204342275,17.56066411238825,2.819683908045974,8.893740390884078,15.947812796201141,7.054072405317063
ordinal,broad_tail,0.2,ssp245,typical,100224,100224,6.4325909961685825,13.075710408684547,6.643119412515964,5.652338761174968,12.013090676883781,6.360751915708813,20.27258939974457,27.198076309067687,6.925486909323116,28.630866858237546,36.36853448275862,7.737667624521073,22.198275862068968,23.292824074074073,1.0945482120051047,13.83999840357599,14.12236590038314,0.2823674968071508,6.845276022537745,12.81957381242112,5.974297789883376
ordinal,broad_tail,0.2,ssp585,heatwave_extreme,100224,100224,10.731960408684547,28.557032247765008,17.82507183908046,9.733197637292465,27.537316411238827,17.804118773946364,24.70366379310345,43.5265006385696,18.822836845466153,33.406170178799485,51.27314814814815,17.866977969348667,22.674209770114942,22.71611590038314,0.04190613026819889,13.971703384418902,14.969468390804597,0.9977650063856949,10.44060784192412,27.679239485930747,17.238631644006627
ordinal,broad_tail,0.2,ssp585,hot,100224,100224,10.439615261813538,28.566012132822475,18.126396871008936,9.42588601532567,27.72389846743295,18.29801245210728,24.338481800766285,42.87994891443167,18.541467113665387,33.73144157088122,50.64256066411239,16.911119093231164,23.29182630906769,22.076548531289912,-1.2152777777777786,13.898866538952745,14.313936781609197,0.4150702426564514,10.088606992228282,27.87390168454364,17.785294692315357
ordinal,broad_tail,0.2,ssp585,typical,100224,100224,7.4363425925925934,20.130906768837804,12.69456417624521,6.463521711366539,19.168063537675607,12.704541826309068,21.183548850574713,37.21962803320562,16.03607918263091,29.487946998722858,46.12068965517241,16.632742656449555,22.051604406130267,25.989782886334613,3.9381784802043462,13.74720625798212,17.088721264367816,3.3415150063856967,7.555870932760576,19.82166276284106,12.265791830080484
ordinal,broad_tail,0.21,ssp245,heatwave_extreme,100224,100224,8.47102490421456,17.307231800766285,8.836206896551726,7.494212962962964,16.152817688378033,8.658604725415069,22.51456736909323,33.36326628352491,10.84869891443168,30.091594827586203,40.6110312899106,10.519436462324396,21.620569923371647,23.303799489144318,1.6832295657726704,14.043542464878673,16.056034482758623,2.01249201787995,7.836388735513703,15.39827904591942,7.561890310405717
ordinal,broad_tail,0.21,ssp245,hot,100224,100224,8.104845146871009,15.39750957854406,7.292664431673051,6.9763729246487864,14.253073116219667,7.276700191570881,22.314016602809705,32.34554597701149,10.031529374201785,29.75235472541507,40.4015006385696,10.64914591315453,21.64750957854406,25.003991060025545,3.3564814814814845,14.209171455938696,16.948036398467433,2.7388649425287372,7.368031548346473,13.8188391942745,6.450807645928026
ordinal,broad_tail,0.21,ssp245,typical,100224,100224,5.734155491698595,12.325391123882504,6.591235632183909,5.015764687100894,11.288713282247766,6.272948595146872,19.040349616858236,25.924928160919542,6.884578544061306,25.742337164750957,33.417145593869726,7.6748084291187695,20.008181673052363,21.09175446998723,1.0835727969348667,13.306194125159642,13.599537037037038,0.2933429118773958,5.711707260024575,11.353809010191107,5.642101750166532
ordinal,broad_tail,0.21,ssp585,heatwave_extreme,100224,100224,9.887851213282248,27.489423690932313,17.601572477650066,8.920019157088124,26.57447318007663,17.654454022988507,23.361669859514684,42.2224217752235,18.860751915708818,30.667305236270753,48.723858556832695,18.056553320561942,20.779454022988507,21.234434865900383,0.45498084291187624,13.473818646232438,14.732998084291188,1.2591794380587498,8.99102588053064,25.434799932727554,16.443774052196915
ordinal,broad_tail,0.21,ssp585,hot,100224,100224,9.524664750957855,27.589200191570885,18.064535440613028,8.602729885057471,26.848858556832695,18.246128671775224,22.995490102171136,41.70059067688378,18.70510057471264,30.79601692209451,48.12320402298851,17.327187100894,21.271352171136655,20.534003831417625,-0.7373483397190306,13.470825351213284,14.1113904853129,0.6405651340996155,8.659975875015078,25.841551705995396,17.181575830980318
ordinal,broad_tail,0.21,ssp585,typical,100224,100224,6.718949553001277,18.99545019157088,12.276500638569605,5.82096104725415,18.132383461047255,12.311422413793103,19.885456577266922,35.870649744572155,15.985193167305233,26.78300606641124,43.30100574712644,16.5179996807152,20.064056513409962,24.305555555555554,4.241499042145591,13.166507024265645,16.875199553001277,3.7086925287356323,6.379187164199951,17.55352042343281,11.17433325923286
ordinal,broad_tail,0.22,ssp245,heatwave_extreme,100224,100224,7.644875478927203,16.307471264367816,8.662595785440613,6.809746168582375,15.155052681992338,8.345306513409962,22.27610153256705,33.13876915708812,10.86266762452107,30.091594827586203,40.61003352490422,10.518438697318015,22.446719348659002,24.302562260536398,1.8558429118773958,14.631226053639848,16.831297892720308,2.2000718390804597,7.836279404105238,15.397841311742209,7.56156190763697
ordinal,broad_tail,0.22,ssp245,hot,100224,100224,7.1938856960408675,14.389766922094507,7.19588122605364,6.221064814814815,13.34111590038314,7.120051085568326,22.022669220945083,32.05519636015325,10.03252713920817,29.75235472541507,40.39950510855683,10.64715038314176,22.5584690293742,26.00973818646232,3.45126915708812,14.828783524904216,17.665429438058748,2.8366459131545323,7.367839170487985,13.818412510794484,6.4505733403065
ordinal,broad_tail,0.22,ssp245,typical,100224,100224,5.076628352490421,11.592033844189016,6.515405491698595,4.42109674329502,10.624201787994892,6.203105044699872,18.757982120051086,25.67448914431673,6.916507024265645,25.74133939974457,33.416147828863345,7.674808429118773,20.66471104725415,21.82411398467433,1.1594029374201789,13.681353767560664,14.082455300127714,0.4011015325670506,5.710807775729459,11.353526726760105,5.642718951030646
ordinal,broad_tail,0.22,ssp585,heatwave_extreme,100224,100224,9.146511813537675,26.516602809706256,17.37009099616858,8.198635057471265,25.655531609195403,17.45689655172414,23.10125319284802,42.012891123882504,18.911637931034484,30.66630747126437,48.722860791826314,18.056553320561942,21.519795657726693,22.20625798212005,0.6864623243933572,13.954741379310345,15.496288314176246,1.5415469348659006,8.989977812622456,25.434423554151998,16.44444574152954
ordinal,broad_tail,0.22,ssp585,hot,100224,100224,8.743414750957855,26.67225415070243,17.928839399744575,7.87037037037037,26.00774265644955,18.13737228607918,22.667225415070245,41.50003991060026,18.832814495530013,30.79501915708812,48.12220625798212,17.327187100894,22.051604406130267,21.449952107279692,-0.6016522988505741,13.923810664112388,14.82778575989783,0.9039750957854427,8.658927807106895,25.840610704483264,17.18168289737637
ordinal,broad_tail,0.22,ssp585,typical,100224,100224,6.036478288633461,18.004669540229884,11.968191251596423,5.261214878671775,17.105683269476373,11.844468390804597,19.570162835249043,35.655132503192846,16.084969667943803,26.782008301404854,43.29901021711366,16.517001915708807,20.745530012771393,25.29434067688378,4.548810664112388,13.533684546615582,17.650462962962962,4.11677841634738,6.3789947863414636,17.55277679241927,11.173782006077806
ordinal,broad_tail,0.23,ssp245,heatwave_extreme,100224,100224,6.890565134099617,15.279773307790547,8.38920817369093,6.068406768837804,14.158285440613028,8.089878671775224,21.99572956577267,32.91626756066412,10.920537994891447,30.086606002554277,40.60704022988506,10.520434227330782,23.196040868454663,25.32726692209451,2.131226053639846,15.105164431673051,17.636494252873565,2.5313298212005133,7.8356405143954175,15.396212749789203,7.560572235393786
ordinal,broad_tail,0.23,ssp245,hot,100224,100224,6.371727330779055,13.42692369093231,7.055196360153256,5.479725415070242,12.382263729246489,6.902538314176247,21.7981720945083,31.73990261813538,9.94173052362708,29.747365900383144,40.39850734355045,10.651141443167305,23.37563856960409,26.971583652618136,3.5959450830140476,15.426444763729247,18.312978927203066,2.8865341634738186,7.36707571310579,13.816643724345864,6.449568011240074
ordinal,broad_tail,0.23,ssp245,typical,100224,100224,4.510895593869732,10.827745849297573,6.316850255427841,3.835408684546616,9.91977969348659,6.084371008939973,18.41674648786718,25.44400542784164,7.027258939974459,25.735352809706256,33.40816570881226,7.672812899106006,21.224457215836527,22.580419859514684,1.3559626436781578,13.905850893997446,14.61625957854406,0.7104086845466142,5.710188710385626,11.352471861812003,5.642283151426376
ordinal,broad_tail,0.23,ssp585,heatwave_extreme,100224,100224,8.379230523627076,25.439016602809705,17.05978607918263,7.4972062579821195,24.729605683269476,17.232399425287355,22.796934865900383,41.802362707535124,19.00542784163474,30.658325351213282,48.711885376756065,18.053560025542783,22.279094827586206,23.27286877394636,0.9937739463601538,14.417704342273307,16.363346104725416,1.9456417624521087,8.988570935505603,25.43252217135303,16.443951235847425
ordinal,broad_tail,0.23,ssp585,hot,100224,100224,7.960169220945083,25.71240421455939,17.752234993614305,7.126037675606642,25.190573116219667,18.064535440613025,22.32998084291188,41.31046455938697,18.980483716475092,30.786039272030653,48.11322637292465,17.327187100893997,22.825870051085566,22.400822158365262,-0.4250478927203041,14.369811621966793,15.598060344827585,1.2282487228607923,8.65773539722694,25.83885180117902,17.18111640395208
ordinal,broad_tail,0.23,ssp585,typical,100224,100224,5.438817049808429,17.086725734355046,11.647908684546618,4.695482120051086,16.165788633461048,11.470306513409962,19.228927203065137,35.43662196679438,16.20769476372924,26.7790150063857,43.27506385696041,16.49604885057471,21.340197956577267,26.188338122605366,4.848140166028099,13.790110153256704,18.349896232439335,4.559786079182631,6.378366602870715,17.55046743902803,11.172100836157314
ordinal,broad_tail,0.24,ssp245,heatwave_extreme,100224,100224,6.169181034482758,14.286997126436782,8.117816091954024,5.416866219667944,13.132583014048532,7.7157167943805876,19.92935823754789,31.047453703703702,11.118095466155811,30.08161717752235,40.60304916985951,10.52143199233716,23.912436143039592,26.316052043422733,2.4036159003831408,13.760177203065135,16.760456577266922,3.000279374201787,7.835349851820331,15.395922087214117,7.560572235393787
ordinal,broad_tail,0.24,ssp245,hot,100224,100224,5.623403575989783,12.510975415070243,6.887571839080461,4.806234035759898,11.40844508301405,6.602211047254151,19.741778416347383,29.508900063856963,9.76712164750958,29.7433748403576,40.38653416347382,10.643159323116219,24.119971264367816,27.875558748403577,3.755587484035761,14.118374840357598,16.997924648786718,2.87954980842912,7.366618957630655,13.81574085955476,6.449121901924105
ordinal,broad_tail,0.24,ssp245,typical,100224,100224,3.939176245210728,10.096384099616857,6.1572078544061295,3.34051724137931,9.258261494252872,5.917744252873563,16.68263090676884,23.678959131545337,6.996328224776498,25.734355044699875,33.402179118773944,7.667824074074069,21.795178799489147,23.305795019157088,1.5106162196679414,12.74345466155811,13.582575031928481,0.839120370370372,5.710120900199512,11.352139676011905,5.642018775812393
ordinal,broad_tail,0.24,ssp585,heatwave_extreme,100224,100224,7.648866538952746,24.43426724137931,16.785400702426564,6.82271711366539,23.78073116219668,16.95801404853129,20.942089719029376,40.15605044699873,19.21396072796935,30.650343231162196,48.706896551724135,18.05655332056194,23.00147669220945,24.27262931034483,1.2711526181353783,13.293223180076627,15.721783205619413,2.4285600255427866,8.988159892827523,25.432189985552935,16.444030092725413
ordinal,broad_tail,0.24,ssp585,hot,100224,100224,7.18889687100894,24.807431353767562,17.618534482758623,6.357758620689655,24.31852650063857,17.960767879948914,20.516044061302683,39.783884099616856,19.267840038314173,30.781050446998726,48.10524425287356,17.324193805874835,23.592153575989784,23.297812899106003,-0.29434067688378107,13.327147190293742,14.976452745849297,1.6493055555555554,8.65750149614344,25.83835352247887,17.18085202633543
ordinal,broad_tail,0.24,ssp585,typical,100224,100224,4.897030651340996,16.13186462324393,11.234833971902935,4.167664431673052,15.185983397190295,11.018318965517242,17.508780332056194,33.30340038314176,15.79462005108557,26.777019476372928,43.27306832694764,16.49604885057471,21.87998882503193,27.141203703703702,5.2612148786717725,12.611749680715198,17.17153575989783,4.559786079182631,6.37827250772616,17.550316584394558,11.1720440766684
ordinal,broad_tail,0.25,ssp245,heatwave_extreme,100224,100224,5.517640485312899,13.206417624521071,7.688777139208172,4.790269795657727,12.135815772669222,7.345545977011495,19.551205300127712,30.624401340996172,11.07319604086846,29.977849616858236,40.41846264367816,10.440613026819925,24.460209131545337,27.212045019157088,2.751835887611751,14.033564814814813,17.417983716475096,3.3844189016602826,7.793559641723512,15.316626960370131,7.5230673186466195
ordinal,broad_tail,0.25,ssp245,hot,100224,100224,4.961885376756067,11.500239463601533,6.538354086845466,4.150702426564496,10.41566890166028,6.264966475095785,19.340676883780333,29.13174489144317,9.791068007662837,29.649584929757346,40.19795657726692,10.548371647509576,24.687699553001277,28.697717113665387,4.01001756066411,14.378791507024266,17.631505427841635,3.252713920817369,7.334501359904003,13.741190965770523,6.40668960586652
ordinal,broad_tail,0.25,ssp245,typical,100224,100224,3.387412196679438,9.464798850574713,6.0773866538952745,2.8366459131545336,8.606720945083014,5.77007503192848,16.3084690293742,23.260895593869733,6.952426564495532,25.66052043422733,33.12679597701149,7.46627554278416,22.27310823754789,23.66199712643678,1.3888888888888893,12.921056832694763,13.796096743295019,0.8750399106002558,5.683209298337408,11.279449367436719,5.596240069099311
ordinal,broad_tail,0.25,ssp585,heatwave_extreme,100224,100224,6.958413154533845,23.419540229885058,16.461127075351214,6.08536877394636,22.61933269476373,16.53396392081737,20.564934546615582,39.82379469987228,19.2588601532567,30.427841634738183,48.57618933588761,18.14834770114943,23.469428480204343,25.156649106002554,1.6872206257982114,13.606521392081735,16.40425446998723,2.7977330779054945,8.90088853977113,25.361191350868296,16.460302811097165
ordinal,broad_tail,0.25,ssp585,hot,100224,100224,6.468510536398467,23.913433908045977,17.444923371647512,5.629390166028097,23.290828544061306,17.66143837803321,20.14088441890166,39.44464399744572,19.303759578544064,30.553560025542787,47.96555715197957,17.41199712643678,24.085049489144318,24.052123243933586,-0.03292624521073151,13.67237388250319,15.531210089399744,1.8588362068965534,8.572922515886004,25.76965404162026,17.196731525734258
ordinal,broad_tail,0.25,ssp585,typical,100224,100224,4.422094508301405,15.146072796934865,10.723978288633461,3.6558109833971906,14.181234035759898,10.525423052362708,17.184506704980844,32.86538154533844,15.680874840357593,26.630348020434226,43.134378991060025,16.5040309706258,22.20825351213282,27.988306194125162,5.780052681992341,12.762412196679437,17.719308748403577,4.956896551724141,6.3388790973223115,17.50325610895614,11.164377011633828
ordinal,broad_tail,0.26,ssp245,heatwave_extreme,100224,100224,4.805236270753512,12.195681673052363,7.390445402298851,4.081856641123883,11.093151340996169,7.011294699872286,17.335169220945083,28.313577586206897,10.978408365261814,25.85009578544061,36.527179118773944,10.677083333333332,21.0448595146871,24.331497445721585,3.286637931034484,12.529932950191572,16.117895913154534,3.587962962962962,5.766334595226665,12.388790794104896,6.622456198878231
ordinal,broad_tail,0.26,ssp245,hot,100224,100224,4.275423052362708,10.54338282247765,6.267959770114942,3.501157407407408,9.424888250319285,5.923730842911876,17.01688218390805,26.823914431673053,9.807032247765004,25.33824233716475,35.90058269476373,10.562340357598977,21.062819284802043,25.357199872286078,4.294380587484035,12.741459131545337,16.280531609195403,3.539072477650066,5.272714779296727,10.87691828359667,5.604203504299942
ordinal,broad_tail,0.26,ssp245,typical,100224,100224,2.9224537037037037,8.724457215836527,5.802003512132822,2.3617097701149428,7.850415070242657,5.488705300127714,14.392760217113665,21.217472860791826,6.824712643678161,22.230204342273307,29.168662196679442,6.938457854406135,19.307750638569605,20.444204980842912,1.136454342273307,11.47030651340996,12.493015644955301,1.0227091315453407,4.10320535045641,9.058961745796635,4.9557563953402255
ordinal,broad_tail,0.26,ssp585,heatwave_extreme,100224,100224,6.208093869731801,22.403815453384418,16.195721583652617,5.314096424010217,21.577666028097063,16.263569604086847,17.997685185185187,37.887132822477646,19.88944763729246,26.380906768837804,45.3753591954023,18.994452426564493,20.172812899106003,22.97154374201788,2.7987308429118762,11.789591315453386,15.48331736909323,3.6937260536398444,6.573676234555917,22.517219834816622,15.943543600260705
ordinal,broad_tail,0.26,ssp585,hot,100224,100224,5.756106321839081,22.951588441890166,17.195482120051086,4.83816251596424,22.290070242656448,17.45190772669221,17.92484833971903,37.59478767560664,19.66993933588761,26.480683269476373,44.82159961685824,18.340916347381864,20.724576947637292,21.87001117496807,1.145434227330778,12.16874201787995,14.643199233716475,2.474457215836525,6.382711888008174,23.11654918619612,16.733837298187947
ordinal,broad_tail,0.26,ssp585,typical,100224,100224,3.889287994891443,14.106401660280971,10.217113665389528,3.1269955300127714,13.190453384418902,10.063457854406131,15.103168901660279,30.596463920817367,15.493295019157088,22.88573595146871,38.984674329501914,16.098938378033203,18.996447956577267,24.878272669220944,5.881824712643677,11.213880906768837,16.490062260536398,5.27618135376756,4.648288026903939,14.562797288827861,9.914509261923921
ordinal,broad_tail,0.27,ssp245,heatwave_extreme,100224,100224,4.144715836526181,11.206896551724139,7.062180715197957,3.428320561941252,10.02654054916986,6.5982199872286085,16.590836526181356,27.4764527458493,10.885616219667945,24.72860791826309,35.1981561302682,10.469548212005112,20.58389208173691,23.99125957854406,3.407367496807151,12.446120689655173,16.26955619412516,3.8234355044699857,5.435352389883903,11.894524802775326,6.459172412891423
ordinal,broad_tail,0.27,ssp245,hot,100224,100224,3.6637931034482754,9.626436781609195,5.962643678160919,2.9264447637292466,8.342313218390805,5.415868454661558,16.26955619412516,25.855084610472538,9.58552841634738,24.173850574712645,34.39395753512133,10.220106960408685,20.510057471264368,24.76752075351213,4.2574632822477625,12.605763090676882,16.228647828863345,3.622884738186462,4.994878288632051,10.398316168892189,5.403437880260138
ordinal,broad_tail,0.27,ssp245,typical,100224,100224,2.4545019157088124,7.894316730523627,5.439814814814815,1.9456417624521074,7.088122605363985,5.142480842911878,13.582575031928481,20.41626756066411,6.833692528735629,21.022908684546614,28.012252554278415,6.989343869731801,18.568406768837804,20.11793582375479,1.549529054916988,11.128073116219667,12.521950830140485,1.3938777139208174,3.8147560589908083,8.65950447606443,4.844748417073623
ordinal,broad_tail,0.27,ssp585,heatwave_extreme,100224,100224,5.4897030651340994,21.263370051085566,15.773666985951467,4.507902298850574,20.455180395913157,15.947278097062583,17.248363665389526,37.18869731800766,19.940333652618136,25.20154853128991,44.473379629629626,19.271831098339717,19.71184546615581,23.21000957854406,3.498164112388249,11.758660600255427,15.925327266922096,4.16666666666667,6.26641952762496,21.914750585439098,15.648331057814138
ordinal,broad_tail,0.27,ssp585,hot,100224,100224,5.031728927203065,21.950830140485316,16.91910121328225,4.0459371008939975,21.303280651340998,17.257343550447,17.163553639846743,36.87140804597701,19.70785440613027,25.31529374201788,43.87871168582376,18.56341794380588,20.283564814814813,21.927881545338444,1.6443167305236308,12.131824712643677,14.9205779054917,2.788753192848022,6.052890640715101,22.513140671615712,16.46025003090061
ordinal,broad_tail,0.27,ssp585,typical,100224,100224,3.3854166666666665,13.06373722860792,9.678320561941254,2.60117337164751,12.150782247765006,9.549608876117496,14.368813856960408,29.833173690932313,15.464359833971905,21.857040229885058,37.9599696679438,16.102929438058744,18.47162356321839,24.89623243933589,6.4246088761174995,10.983397190293742,16.769436462324393,5.786039272030651,4.403802334096041,14.023651882824629,9.619849548728588
ordinal,broad_tail,0.28,ssp245,heatwave_extreme,100224,100224,3.5290948275862073,10.24904214559387,6.719947318007663,2.750838122605364,9.015804597701148,6.264966475095784,15.377554278416348,25.980803001277142,10.603248722860794,23.305795019157088,33.751396871008936,10.445601851851848,19.77670019157088,23.50235472541507,3.725654533844189,11.84845945083014,15.73176085568327,3.88330140485313,4.8213945449168865,10.829174186956493,6.007779642039607
ordinal,broad_tail,0.28,ssp245,hot,100224,100224,3.073116219667944,8.632662835249043,5.559546615581099,2.283884099616858,7.299648786717753,5.015764687100894,14.999401340996169,24.32251756066411,9.323116219667941,22.743055555555554,32.69975255427842,9.956696998722865,19.669939335887612,24.067089719029376,4.3971503831417635,11.926285121328224,15.68985472541507,3.7635696040868467,4.361743644927727,9.4199741526732,5.058230507745473
ordinal,broad_tail,0.28,ssp245,typical,100224,100224,2.0534003831417627,7.166946040868455,5.113545657726692,1.5964240102171137,6.2998882503192855,4.703464240102171,12.424169859514688,19.353647828863345,6.929477969348657,19.685903575989784,26.729126756066414,7.04322318007663,17.63250319284802,19.562180715197957,1.9296775223499374,10.370769476372924,12.186701787994892,1.8159323116219674,3.329399058430804,7.999948712829146,4.670549654398341
ordinal,broad_tail,0.28,ssp585,heatwave_extreme,100224,100224,4.717432950191571,20.059067688378033,15.34163473818646,3.7196679438058746,19.290788633461048,15.571120689655174,16.066012132822475,35.9305156449553,19.864503512132824,23.73383620689655,43.20721583652618,19.47337962962963,19.01640325670498,23.14814814814815,4.131744891443169,11.348579182630907,15.871447956577267,4.52286877394636,5.561645306796089,20.732589171726108,15.170943864930019
ordinal,broad_tail,0.28,ssp585,hot,100224,100224,4.278416347381865,20.830340038314176,16.551923690932313,3.3275462962962967,20.173810664112388,16.84626436781609,16.009139527458494,35.727969348659,19.718829821200508,23.798690932311622,42.64846743295019,18.84977650063857,19.520274584929755,21.818127394636015,2.29785280970626,11.730723180076629,14.89762931034483,3.1669061302682007,5.348129619441359,21.37466165657038,16.026532037129023
ordinal,broad_tail,0.28,ssp585,typical,100224,100224,2.864583333333333,12.039032567049809,9.174449233716476,2.024465197956577,10.994372605363985,8.969907407407408,13.257303639846743,28.32255747126437,15.065253831417628,20.531010536398465,36.32662835249042,15.795617816091951,17.666427203065137,24.28759578544061,6.621168582375475,10.39272030651341,16.28352490421456,5.890804597701148,3.905889486524692,12.863451172383177,8.957561685858487
ordinal,broad_tail,0.29,ssp245,heatwave_extreme,100224,100224,2.898507343550447,9.185424648786718,6.286917305236271,2.212045019157088,7.789551404853129,5.577506385696041,14.318925606641125,24.776500638569605,10.45757503192848,22.54050925925926,33.10584291187739,10.56533365261813,19.64200191570881,23.920418263090674,4.278416347381864,11.420418263090678,15.591075989782887,4.170657726692209,4.6167677996674215,10.400798490327272,5.784030690659851
ordinal,broad_tail,0.29,ssp245,hot,100224,100224,2.507383461047254,7.614942528735632,5.107559067688378,1.801963601532567,6.197118454661558,4.395154853128991,13.982678799489145,22.962563856960408,8.979885057471263,22.093510536398465,31.89256066411239,9.799050127713926,19.586127075351214,24.277618135376756,4.691491060025541,11.47529533844189,15.347621328224776,3.872325989782885,4.203687820018738,9.036829119871598,4.83314129985286
ordinal,broad_tail,0.29,ssp245,typical,100224,100224,1.6562899106002553,6.505427841634738,4.849137931034482,1.2492017879948916,5.6842672413793105,4.435065453384419,11.450351213282248,18.357878352490424,6.907527139208176,18.97449712643678,26.079581736909326,7.105084610472545,17.318207215836527,19.574153895274584,2.2559466794380576,9.794061302681992,11.852450510855682,2.05838920817369,3.1829158488557954,7.6772056493710785,4.494289800515283
ordinal,broad_tail,0.29,ssp585,heatwave_extreme,100224,100224,4.007024265644955,18.884698275862068,14.877674010217113,2.9743374840357597,18.047573435504468,15.073235951468709,14.995410280970626,34.81601213282248,19.820601851851855,22.973539272030653,42.72928639846743,19.755747126436777,18.966515006385695,23.844588122605366,4.878073116219671,10.98838601532567,15.931313856960408,4.942927841634738,5.289256917991823,20.02483318521185,14.735576267220027
ordinal,broad_tail,0.29,ssp585,hot,100224,100224,3.626875798212005,19.69588122605364,16.069005427841635,2.7588202426564497,18.96551724137931,16.20669699872286,14.955499680715198,34.67632503192848,19.72082535121328,23.04338282247765,42.20346424010217,19.16008141762452,19.416507024265645,22.50758301404853,3.091075989782887,11.328623882503193,14.98044380587484,3.6518199233716473,5.079688097887177,20.663458441314706,15.58377034342753
ordinal,broad_tail,0.29,ssp585,typical,100224,100224,2.3746807151979565,11.026301085568328,8.65162037037037,1.5914351851851853,9.918781928480204,8.327346743295019,12.350335249042145,26.937659642401023,14.587324393358879,19.724816411238823,35.761893358876115,16.037076947637292,17.35013569604087,24.73559227330779,7.385456577266922,9.975654533844189,15.911358556832694,5.935704022988505,3.7356137273612275,12.476889773887354,8.741276046526126
ordinal,broad_tail,0.3,ssp245,heatwave_extreme,100224,100224,2.294859514687101,7.953184865900383,5.658325351213282,1.7830060664112388,6.519396551724138,4.736390485312899,13.017840038314176,23.097262132822475,10.079422094508299,20.06904533844189,30.32706736909323,10.25802203065134,17.77418582375479,22.37388250319285,4.599696679438058,10.722980523627076,15.144077266922096,4.421096743295021,3.628319740624917,8.338342146949655,4.710022406324738
ordinal,broad_tail,0.3,ssp245,hot,100224,100224,2.0045098978288634,6.511414431673053,4.50690453384419,1.4297972541507025,5.104565772669221,3.6747685185185186,12.72749042145594,21.268358876117496,8.540868454661556,19.68690134099617,28.925207535121327,9.238306194125158,17.682391443167305,22.413793103448278,4.731401660280973,10.722980523627076,14.756944444444445,4.033963920817369,3.307949571065622,7.179477789829902,3.87152821876428
ordinal,broad_tail,0.3,ssp245,typical,100224,100224,1.2950989782886335,5.800007982120051,4.5049090038314175,0.8890086206896552,5.010775862068965,4.12176724137931,10.223100255427841,16.970984993614305,6.747884738186464,16.57088122605364,23.60213122605364,7.03125,15.275782247765008,17.802123243933586,2.526340996168578,8.928001277139208,11.170977011494253,2.2429757343550456,2.4986346453070944,6.333200703178027,3.834566057870932
ordinal,broad_tail,0.3,ssp585,heatwave_extreme,100224,100224,3.2826468710089403,17.556673052362708,14.274026181353769,2.435544380587484,16.734514687100894,14.29897030651341,13.693326947637294,33.27546296296296,19.582136015325666,20.445202745849297,40.35161238825032,19.90640964240102,17.162555874840358,22.794939335887612,5.6323834610472545,10.410680076628353,15.720785440613028,5.310105363984675,4.133600741684794,17.146412095955395,13.0128113542706
ordinal,broad_tail,0.3,ssp585,hot,100224,100224,3.0322078544061304,18.386813537675607,15.354605683269476,2.230004789272031,17.628512132822475,15.398507343550445,13.540668901660279,33.24652777777778,19.7058588761175,20.451189335887612,39.895633780332055,19.444444444444443,17.41898148148148,21.508820242656448,4.089838761174967,10.50846104725415,14.861709770114942,4.353248722860792,3.9553474986362467,17.739204144860672,13.783856646224425
ordinal,broad_tail,0.3,ssp585,typical,100224,100224,1.937659642401022,9.953703703703704,8.016044061302683,1.3210408684546615,8.768358876117496,7.447318007662835,11.280731162196679,25.333253512132824,14.052522349936146,17.450909961685824,33.05695242656449,15.60604246487867,15.513250319284802,23.10324872286079,7.589998403575988,9.343071519795657,15.379549808429118,6.036478288633461,2.9246507377125335,10.331954162825685,7.4073034251131515
ordinal,broad_tail,0.31,ssp245,heatwave_extreme,100224,100224,1.7810105363984676,6.686023307790549,4.905012771392082,1.41183748403576,5.384937739463601,3.973100255427841,11.52618135376756,21.082774584929755,9.556593231162195,18.545458173690932,29.13573595146871,10.590277777777779,16.764447637292466,22.44971264367816,5.685265006385695,9.745170817369093,14.39874680715198,4.653575989782887,3.266489427950918,7.718028488885456,4.451539060934538
ordinal,broad_tail,0.31,ssp245,hot,100224,100224,1.5146072796934866,5.4138729246487864,3.8992656449552996,1.119492337164751,4.287396232439336,3.1679038952745855,11.240820561941252,19.329701468710088,8.088880906768836,18.246128671775224,27.54529853128991,9.299169859514684,16.731521392081735,22.131425606641127,5.399904214559392,9.726213282247766,13.915828544061304,4.189615261813538,2.9948660626117016,6.599597983935124,3.604731921323422
ordinal,broad_tail,0.31,ssp245,typical,100224,100224,0.902977330779055,5.068646232439336,4.165668901660282,0.6196120689655172,4.399145913154534,3.7795338441890167,8.882104086845466,15.497286079182631,6.615181992337165,15.271791187739463,22.20625798212005,6.934466794380587,14.368813856960408,17.137611749680715,2.7687978927203076,7.979126756066411,10.428639846743296,2.449513090676885,2.206756149071575,5.811974545396474,3.605218396324899
ordinal,broad_tail,0.31,ssp585,heatwave_extreme,100224,100224,2.6281130268199235,16.098938378033207,13.470825351213284,1.9755747126436782,15.33764367816092,13.362068965517242,12.139806832694763,31.57427362707535,19.434466794380587,18.929597701149426,39.2161558109834,20.286558109833976,16.3014846743295,23.11721743295019,6.81573275862069,9.51169380587484,15.476333014048532,5.964639208173692,3.678850457411034,16.287660244129302,12.608809786718268
ordinal,broad_tail,0.31,ssp585,hot,100224,100224,2.460488505747126,16.89116379310345,14.430675287356323,1.801963601532567,16.17875957854406,14.376795977011493,11.95522030651341,31.543342911877392,19.58812260536398,18.867736270753515,38.892879948914434,20.02514367816092,16.407247765006385,22.001716155810982,5.594468390804597,9.494731800766283,14.653176883780333,5.158445083014049,3.530037737636659,16.889910822679248,13.359873085042588
ordinal,broad_tail,0.31,ssp585,typical,100224,100224,1.5634977650063857,8.719468390804598,7.155970625798213,1.122485632183908,7.650862068965517,6.528376436781609,9.972661238825031,23.320761494252874,13.348100255427843,16.23762771392082,31.822717113665387,15.585089399744568,14.674129948914432,23.10324872286079,8.429118773946358,8.409163473818646,14.601293103448276,6.19212962962963,2.6710616956423814,9.787652821537417,7.116591125895036
ordinal,broad_tail,0.32,ssp245,heatwave_extreme,100224,100224,1.3469827586206895,5.428839399744572,4.081856641123882,1.1444364623243934,4.2923850574712645,3.147948595146871,10.198156130268199,18.75997765006386,8.56182151979566,14.641203703703704,24.242696360153257,9.601492656449553,13.294220945083012,18.813856960408685,5.519636015325673,8.85117337164751,13.331138250319285,4.479964878671774,2.2461964037773554,5.069818239183553,2.8236218354061973
ordinal,broad_tail,0.32,ssp245,hot,100224,100224,1.0825750319284801,4.328304597701149,3.245729565772669,0.8900063856960408,3.460249042145594,2.570242656449553,9.944723818646233,17.319204980842912,7.374481162196679,14.101412835249041,22.972541507024268,8.871128671775226,13.018837803320563,18.644236909323116,5.625399106002552,8.862148786717752,12.990900383141762,4.12875159642401,1.9540410773635455,4.344107106704375,2.39006602934083
ordinal,broad_tail,0.32,ssp245,typical,100224,100224,0.6176165389527459,4.348259897828863,3.7306433588761174,0.4489942528735632,3.794500319284802,3.3455060664112386,7.6498643039591325,14.166267560664112,6.516403256704979,11.761653895274584,18.442688378033207,6.681034482758623,11.144037356321839,14.094428480204343,2.950391123882504,7.032247765006386,9.81800766283525,2.7857598978288634,1.4029870431362848,4.136784646210567,2.7337976030742825
ordinal,broad_tail,0.32,ssp585,heatwave_extreme,100224,100224,1.9865501277139208,14.304956896551724,12.318406768837804,1.5205938697318007,13.701309067688378,12.180715197956577,10.843710089399744,29.05691251596424,18.213202426564493,15.09219348659004,34.76712164750958,19.674928160919542,13.105643358876119,20.462164750957854,7.356521392081735,8.857159961685824,14.751955619412517,5.894795657726693,2.391286108019703,11.829033745051724,9.437747637032022
ordinal,broad_tail,0.32,ssp585,hot,100224,100224,1.881784802043423,15.07323595146871,13.191451149425287,1.4467592592592593,14.537436143039592,13.090676883780333,10.671096743295019,29.1227650063857,18.45166826309068,15.01736111111111,34.46978767560664,19.45242656449553,13.13557630906769,19.396551724137932,6.260975415070243,8.789311941251595,14.049529054916988,5.260217113665393,2.295838975349095,12.371054230850365,10.07521525550127
ordinal,broad_tail,0.32,ssp585,typical,100224,100224,1.2611749680715199,7.46028895274585,6.19911398467433,0.9349058109833972,6.540349616858237,5.60544380587484,8.869133141762452,21.174568965517242,12.30543582375479,13.021831098339721,26.69220945083014,13.67037835249042,11.760656130268199,19.23192049808429,7.47126436781609,7.607958173690932,13.716275542784166,6.108317369093234,1.7725630233845702,6.61183639476305,4.83927337137848
ordinal,broad_tail,0.33,ssp245,heatwave_extreme,100224,100224,1.0636174968071521,4.206577266922094,3.1429597701149423,0.9349058109833972,3.411358556832695,2.476452745849298,9.874880268199233,18.31397669220945,8.439096424010218,14.232120051085568,23.66898148148148,9.436861430395913,13.168502554278415,19.46240421455939,6.293901660280973,8.811262771392082,14.107399425287356,5.2961366538952745,2.1802094605364903,4.922455597983054,2.742246137446564
ordinal,broad_tail,0.33,ssp245,hot,100224,100224,0.7533125798212005,3.3415150063856958,2.588202426564495,0.6754869093231163,2.696958812260536,2.02147190293742,9.645394316730524,16.832295657726693,7.186901340996169,13.696320242656448,22.41279533844189,8.71647509578544,12.94300766283525,19.071280332056194,6.128272669220944,8.892081736909322,13.490780651340998,4.598698914431676,1.8824195041838645,4.203771719603413,2.3213522154195485
ordinal,broad_tail,0.33,ssp245,typical,100224,100224,0.3671775223499361,3.5759897828863343,3.2088122605363982,0.31928480204342274,3.1289910600255424,2.8097062579821195,7.3036398467432955,13.730244252873563,6.426604406130267,11.415429438058748,18.000678480204343,6.585249042145595,11.048251915708812,14.424688697318008,3.376436781609195,6.936462324393358,10.154254469987228,3.2177921455938696,1.3438055009350711,3.9885442315899597,2.644738730654889
ordinal,broad_tail,0.33,ssp585,heatwave_extreme,100224,100224,1.351971583652618,12.216634738186462,10.864663154533844,1.08955938697318,11.957215836526181,10.867656449553001,10.521431992337165,28.513130587484035,17.99169859514687,14.732998084291188,34.208373243933586,19.475375159642397,13.381026500638571,21.991738505747126,8.610712005108555,9.169460408684547,16.296495849297575,7.127035440613028,2.3206726496113763,11.484436341783274,9.163763692171898
ordinal,broad_tail,0.33,ssp585,hot,100224,100224,1.3180475734355044,12.920059067688378,11.602011494252874,1.0516443167305236,12.769396551724139,11.717752234993615,10.32088122605364,28.62188697318008,18.30100574712644,14.694085249042146,33.889088441890166,19.19500319284802,13.376037675606641,20.96902937420179,7.5929916985951476,9.002833652618135,15.7018279054917,6.698994252873565,2.2363043795941113,12.00013211026386,9.763827730669748
ordinal,broad_tail,0.33,ssp585,typical,100224,100224,0.9229326309067688,6.179158684546616,5.256226053639847,0.725375159642401,5.471743295019157,4.7463681353767555,8.536877394636015,20.71559706257982,12.178719667943806,12.685584291187741,26.181353767560665,13.495769476372924,11.762651660280971,20.002195083014048,8.239543422733076,7.613944763729247,14.536438378033207,6.92249361430396,1.7257186653777739,6.387447626440271,4.661728961062497
ordinal,broad_tail,0.34,ssp245,heatwave_extreme,100224,100224,0.8840197956577266,3.008261494252874,2.124241698595147,0.7443326947637292,2.4964080459770113,1.752075351213282,9.332096104725416,17.74624840357599,8.414152298850574,14.23112228607918,23.665988186462325,9.434865900383144,13.347102490421456,20.65772669220945,7.310624201787995,8.44807630906769,14.737986909323118,6.289910600255428,2.1801153653919347,4.921854041926204,2.741738676534269
ordinal,broad_tail,0.34,ssp245,hot,100224,100224,0.5467752234993615,2.5133700510855683,1.9665948275862069,0.46096743295019155,1.992536717752235,1.5315692848020435,9.20138888888889,16.226652298850574,7.025263409961685,13.696320242656448,22.41079980842912,8.71447956577267,13.149545019157088,19.897429757343552,6.747884738186464,8.654613665389528,13.713282247765008,5.05866858237548,1.882366932264322,4.203325610287445,2.320958678023123
ordinal,broad_tail,0.34,ssp245,typical,100224,100224,0.24844348659003834,2.8446280332056193,2.596184546615581,0.1785999361430396,2.475454980842912,2.296855044699872,6.918502554278416,13.273267879948914,6.354765325670498,11.415429438058748,17.998682950191572,6.583253512132824,11.166985951468709,15.15405491698595,3.987068965517242,6.670059067688378,10.428639846743296,3.7585807790549186,1.3437792139739682,3.987588794879313,2.6438095809053452
ordinal,broad_tail,0.34,ssp585,heatwave_extreme,100224,100224,0.8431114303959132,10.015565134099617,9.172453703703704,0.6295897190293742,9.978647828863346,9.349058109833972,10.028536079182631,27.97234195402299,17.943805874840358,14.732000319284802,34.198395593869726,19.466395274584926,13.88888888888889,24.182830459770116,10.293941570881227,9.185424648786718,17.956776819923373,8.771352171136655,2.3205217949779002,11.478773542379667,9.158251747401767
ordinal,broad_tail,0.34,ssp585,hot,100224,100224,0.8381226053639846,10.71499840357599,9.876875798212005,0.6285919540229885,10.771871008939975,10.143279054916986,9.80403895274585,28.207814495530016,18.403775542784167,14.693087484035761,33.88409961685824,19.191012132822475,13.854964878671774,23.169101213282246,9.314136334610472,8.965916347381865,17.492816091954023,8.526899744572157,2.2361535249606352,11.994211796371419,9.758058271410784
ordinal,broad_tail,0.34,ssp585,typical,100224,100224,0.5687260536398467,5.06764846743295,4.498922413793103,0.44300766283524906,4.524864303959132,4.081856641123883,8.11182950191571,20.213721264367816,12.101891762452107,12.685584291187741,26.174369412515965,13.488785121328224,12.116858237547893,21.106720945083012,8.989862707535119,7.543103448275862,15.146072796934865,7.602969348659003,1.7256356189277493,6.384004487137718,4.658368868209968
ordinal,broad_tail,0.35,ssp245,heatwave_extreme,100224,100224,0.7393438697318008,2.101293103448276,1.3619492337164751,0.6445561941251596,1.6832295657726692,1.0386733716475096,7.973140166028098,15.789631226053642,7.816491060025544,14.23112228607918,23.665988186462325,9.434865900383144,13.491778416347383,21.564695083014048,8.072916666666664,7.233796296296297,13.688338122605364,6.454541826309067,2.1801153653919347,4.921854041926204,2.741738676534269
ordinal,broad_tail,0.35,ssp245,hot,100224,100224,0.38613505747126436,1.8249121966794382,1.4387771392081738,0.29434067688378035,1.3040788633461047,1.0097381864623243,7.815493295019158,14.273028416347383,6.457535121328226,13.696320242656448,22.41079980842912,8.71447956577267,13.310185185185187,20.58588761174968,7.275702426564493,7.429358237547892,12.448116219667945,5.018757982120053,1.882366932264322,4.203325610287445,2.320958678023123
ordinal,broad_tail,0.35,ssp245,typical,100224,100224,0.16662675606641122,2.2549489144316732,2.088322158365262,0.09279214559386974,1.9526261174968071,1.8598339719029373,5.783045977011494,11.85344827586207,6.070402298850575,11.415429438058748,17.998682950191572,6.583253512132824,11.248802681992338,15.743734035759898,4.49493135376756,5.616419220945083,9.598499361430395,3.982080140485312,1.3437792139739682,3.987588794879313,2.6438095809053452
ordinal,broad_tail,0.35,ssp585,heatwave_extreme,100224,100224,0.5477729885057472,8.029015006385697,7.48124201787995,0.34921775223499363,7.806513409961687,7.457295657726693,8.692528735632184,25.859075670498083,17.1665469348659,14.732000319284802,34.198395593869726,19.466395274584926,14.184227330779056,26.169380587484035,11.98515325670498,8.144755747126437,17.830060664112388,9.68530491698595,2.3205217949779002,11.478467239002645,9.157945444024746
ordinal,broad_tail,0.35,ssp585,hot,100224,100224,0.5258221583652618,8.785320881226054,8.259498722860792,0.34921775223499363,8.570801404853128,8.221583652618135,8.42911877394636,26.156409642401023,17.727290868454663,14.693087484035761,33.88409961685824,19.191012132822475,14.167265325670497,25.098778735632184,10.931513409961687,7.903296615581098,17.371088761174967,9.467792145593869,2.2361535249606352,11.993973303180514,9.75781977821988
ordinal,broad_tail,0.35,ssp585,typical,100224,100224,0.35919540229885055,4.05691251596424,3.6977171136653895,0.21252394636015326,3.4792065772669223,3.266682630906769,6.915509259259259,18.0804996807152,11.16499042145594,12.685584291187741,26.174369412515965,13.488785121328224,12.32638888888889,22.117456896551722,9.791068007662833,6.55631385696041,14.023587164750959,7.467273307790549,1.7256356189277493,6.383978202179279,4.658342583251529
ordinal,broad_tail,0.36,ssp245,heatwave_extreme,100224,100224,0.6385696040868455,1.4906609195402298,0.8520913154533843,0.5806992337164751,1.0526420817369093,0.4719428480204342,7.571040868454662,15.245849297573436,7.674808429118774,14.23112228607918,23.665988186462325,9.434865900383144,13.592552681992338,22.175327266922096,8.582774584929759,6.932471264367816,13.755188378033207,6.822717113665391,2.1628338873911783,4.919272194123154,2.756438306731976
ordinal,broad_tail,0.36,ssp245,hot,100224,100224,0.2833652618135377,1.313058748403576,1.0296934865900385,0.18957535121328226,0.8411159003831418,0.6515405491698595,7.465277777777778,13.721264367816092,6.255986590038314,13.696320242656448,22.41079980842912,8.71447956577267,13.412954980842912,21.097741060025545,7.684786079182633,7.181912515964241,12.408205619412517,5.226293103448276,1.8821593161392602,4.202813611339658,2.3206542952003977
ordinal,broad_tail,0.36,ssp245,typical,100224,100224,0.12072956577266923,1.7899904214559386,1.6692608556832693,0.043901660280970624,1.4258061941251596,1.381904533844189,5.438817049808429,11.38050766283525,5.941690613026821,11.415429438058748,17.998682950191572,6.583253512132824,11.29469987228608,16.208692528735632,4.913992656449553,5.31808748403576,9.590517241379311,4.272429757343551,1.3437792139739682,3.9812598314916756,2.6374806175177072
ordinal,broad_tail,0.36,ssp585,heatwave_extreme,100224,100224,0.38014846743295017,6.210089399744572,5.829940932311621,0.16762452107279693,5.751117496807152,5.583492975734354,8.342313218390805,25.202546296296298,16.86023307790549,14.732000319284802,34.197397828863345,19.465397509578544,14.351851851851851,27.987308429118773,13.635456577266922,7.962164750957855,18.992456896551722,11.030292145593869,2.3205217949779002,11.467871943483377,9.147350148505478
ordinal,broad_tail,0.36,ssp585,hot,100224,100224,0.3631864623243934,7.0172812899106,6.654094827586206,0.1756066411238825,6.53735632183908,6.361749680715198,8.05595466155811,25.528815453384418,17.472860791826307,14.693087484035761,33.883101851851855,19.190014367816094,14.329901021711366,26.865820561941252,12.535919540229886,7.692768199233717,18.51153416347382,10.818765964240102,2.2361535249606352,11.983378007661246,9.747224482700611
ordinal,broad_tail,0.36,ssp585,typical,100224,100224,0.26141443167305234,3.278655810983397,3.0172413793103448,0.08680555555555555,2.696958812260536,2.6101532567049808,6.614184227330779,17.454901021711365,10.840716794380587,12.685584291187741,26.174369412515965,13.488785121328224,12.424169859514688,22.895713601532567,10.471543742017879,6.352769795657727,14.17624521072797,7.823475415070243,1.7256356189277493,6.373843933816392,4.648208314888643
ordinal,broad_tail,0.37,ssp245,heatwave_extreme,100224,100224,0.5587484035759898,1.1105124521072798,0.55176404853129,0.5288154533844189,0.6824712643678161,0.1536558109833972,6.179158684546616,12.868175287356323,6.689016602809707,12.007104086845466,21.35316890166028,9.346064814814813,11.448355683269476,20.242656449553,8.794300766283524,5.620410280970626,11.757662835249043,6.137252554278417,1.5866673821077881,3.5654725331663304,1.9788051510585423
ordinal,broad_tail,0.37,ssp245,hot,100224,100224,0.20254629629629628,0.961845466155811,0.7592991698595147,0.13569604086845466,0.4998802681992337,0.36418422733077904,6.1951229246487864,11.486270753512134,5.291147828863347,11.68881704980843,19.85751915708812,8.16870210727969,11.486270753512134,18.89567369093231,7.409402937420175,5.992576628352491,10.524425287356323,4.531848659003832,1.3834684117687994,3.082162270724796,1.6986938589559968
ordinal,broad_tail,0.37,ssp245,typical,100224,100224,0.09079661558109835,1.450750319284802,1.3599537037037035,0.025941890166028096,1.0805795019157087,1.0546376117496807,4.549808429118774,9.859913793103448,5.3101053639846745,9.535640166028097,16.138848978288635,6.603208812260538,9.444843550446999,14.688098659003831,5.243255108556832,4.459011813537676,8.409163473818646,3.9501516602809703,0.9928611163154728,2.9939625389443068,2.001101422628834
ordinal,broad_tail,0.37,ssp585,heatwave_extreme,100224,100224,0.2833652618135377,4.8271871008939975,4.54382183908046,0.09279214559386974,4.234514687100894,4.141722541507025,6.725933908045977,22.27809706257982,15.552163154533844,12.709530651340998,32.095106960408685,19.385576309067687,12.426165389527458,27.267919859514688,14.84175446998723,6.44256864623244,17.450909961685824,11.008341315453384,1.6313042381836385,8.6026734299734,6.971369191789762
ordinal,broad_tail,0.37,ssp585,hot,100224,100224,0.272389846743295,5.637372286079183,5.364982439335888,0.0997765006385696,4.98184067688378,4.88206417624521,6.507423371647509,22.657247765006385,16.149824393358877,12.555874840357598,31.929477969348657,19.373603128991057,12.283484993614303,26.29210568326948,14.008620689655176,6.235033524904215,17.019875478927204,10.78484195402299,1.5670813851454843,9.143582902147383,7.5765015170018986
ordinal,broad_tail,0.37,ssp585,typical,100224,100224,0.20254629629629628,2.6809945721583652,2.478448275862069,0.04090836526181354,2.04242496807152,2.0015166028097062,5.490700830140486,15.162037037037038,9.671336206896552,10.743933588761175,24.10500478927203,13.361071200510855,10.541387292464877,21.424010217113665,10.882622924648787,5.288154533844189,12.481042464878673,7.192887931034484,1.2806787196491987,4.958934556227084,3.6782558365778852
ordinal,broad_tail,0.38,ssp245,heatwave_extreme,100224,100224,0.5078623882503193,0.8700510855683269,0.3621886973180076,0.48690932311621965,0.4709450830140485,-0.015964240102171123,4.6875,9.359035759897829,4.671535759897829,9.102610153256704,16.3783125798212,7.275702426564495,8.594747765006385,15.508261494252872,6.913513729246487,4.179637611749681,8.488984674329501,4.30934706257982,1.0969626331342175,2.0170561260474176,0.9200934929132001
ordinal,broad_tail,0.38,ssp245,hot,100224,100224,0.1536558109833972,0.7463282247765006,0.5926724137931034,0.09378991060025542,0.30332056194125157,0.20953065134099613,4.584730204342273,8.468031609195402,3.8833014048531282,8.85117337164751,15.172014687100893,6.320841315453382,8.697517560664112,14.425686462324395,5.728168901660283,4.431074393358876,7.721703384418902,3.290628991060026,0.8383403069024329,1.7513157249263638,0.9129754180239309
ordinal,broad_tail,0.38,ssp245,typical,100224,100224,0.07084131545338443,1.1594029374201789,1.0885616219667944,0.011973180076628351,0.8022030651340997,0.7902298850574713,3.254709450830141,7.538114623243934,4.283405172413794,6.812739463601533,12.369292784163473,5.556553320561941,6.741898148148148,11.209889846743296,4.467991698595148,3.183868135376756,6.378711685823754,3.1948435504469983,0.5909112154364856,1.7926329179204268,1.2017217024839413
ordinal,broad_tail,0.38,ssp585,heatwave_extreme,100224,100224,0.21052841634738184,3.7905092592592595,3.5799808429118776,0.057870370370370364,3.1629150702426565,3.1050446998722863,4.710448595146871,16.920098978288635,12.209650383141764,9.586526181353767,25.87404214559387,16.2875159642401,9.375997765006385,22.083532886334613,12.707535121328227,4.499920178799489,13.130587484035761,8.630667305236273,0.9245204246388984,4.923243732184898,3.9987233075459994
ordinal,broad_tail,0.38,ssp585,hot,100224,100224,0.19855523627075353,4.600694444444445,4.402139208173691,0.06285919540229885,3.851372924648787,3.788513729246488,4.6426005747126435,17.417983716475096,12.775383141762452,9.473778735632184,25.930914750957857,16.457136015325673,9.27522349936143,21.330220306513407,12.054996807151976,4.4440453384418905,12.817289272030653,8.373243933588762,0.9084743997647077,5.3781149192568245,4.469640519492117
ordinal,broad_tail,0.38,ssp585,typical,100224,100224,0.15964240102171137,2.2150383141762453,2.055395913154534,0.01995530012771392,1.542544699872286,1.522589399744572,4.0788633461047255,11.642919859514688,7.564056513409962,8.053959131545337,19.09323116219668,11.039272030651343,7.894316730523627,16.878192848020433,8.983876117496806,3.919220945083014,9.427881545338442,5.508660600255428,0.7707042363570814,2.919530005246504,2.148825768889423
ordinal,broad_tail,0.39,ssp245,heatwave_extreme,100224,100224,0.46595625798212004,0.7084131545338441,0.2424568965517241,0.4629629629629629,0.34522669220945085,-0.11773627075351206,4.114782886334611,7.7676005747126435,3.6528176883780326,7.621926883780332,13.646431992337165,6.024505108556833,7.155970625798212,12.93801883780332,5.782048212005107,3.64882662835249,7.059187420178799,3.410360791826309,0.8948868966725633,1.483027294980788,0.5881403983082246
ordinal,broad_tail,0.39,ssp245,hot,100224,100224,0.11274744572158364,0.6066411238825031,0.4938936781609195,0.0738346104725415,0.19755747126436785,0.12372286079182634,3.9641203703703707,7.18889687100894,3.2247765006385696,7.467273307790549,12.680595466155811,5.213322158365262,7.354525862068965,12.073954342273307,4.719428480204342,3.851372924648787,6.582255747126436,2.7308828224776494,0.6535463047824627,1.3368467439352305,0.6833004391527678
ordinal,broad_tail,0.39,ssp245,typical,100224,100224,0.05188378033205619,0.9468789910600255,0.8949952107279693,0.005986590038314176,0.590676883780332,0.5846902937420179,2.786757662835249,6.548331736909323,3.761574074074074,5.617416985951468,10.70102969348659,5.083612707535121,5.5655332056194124,9.754150702426564,4.188617496807152,2.734873882503193,5.601452745849297,2.866578863346104,0.45824144744704515,1.382988058909642,0.9247466114625968
ordinal,broad_tail,0.39,ssp585,heatwave_extreme,100224,100224,0.16363346104725415,3.0801005747126435,2.9164671136653895,0.03093071519795658,2.3647030651340994,2.333772349936143,3.939176245210728,14.417704342273307,10.47852809706258,7.773587164750957,22.372884738186464,14.599297573435507,7.609953703703703,19.29278416347382,11.682830459770116,3.7755427841634734,11.337603767560664,7.56206098339719,0.6732023529113383,3.598677184651524,2.925474831740186
ordinal,broad_tail,0.39,ssp585,hot,100224,100224,0.1526580459770115,3.8793103448275863,3.726652298850575,0.02993295019157088,3.008261494252874,2.978328544061303,3.9401740102171137,14.98044380587484,11.040269795657727,7.799529054916985,22.520553959131544,14.72102490421456,7.646871008939975,18.64124361430396,10.994372605363985,3.787515964240102,11.101133461047255,7.313617496807153,0.677923271633533,4.060275410543005,3.3823521389094715
ordinal,broad_tail,0.39,ssp585,typical,100224,100224,0.13170498084291188,1.820921136653895,1.6892161558109833,0.010975415070242656,1.188338122605364,1.1773627075351214,3.417345146871009,9.986629948914432,6.569284802043423,6.714958492975734,16.274545019157088,9.559586526181354,6.583253512132822,14.45362388250319,7.8703703703703685,3.285640166028097,8.165708812260537,4.88006864623244,0.5787898743087885,2.21530755425987,1.6365176799510817
ordinal,broad_tail,0.4,ssp245,heatwave_extreme,100224,100224,0.4110791826309068,0.5797014687100894,0.16862228607918262,0.4090836526181354,0.25742337164750956,-0.15166028097062584,3.9162276500638566,7.393438697318008,3.4772110472541518,7.351532567049808,13.2602969348659,5.908764367816093,6.940453384418902,12.680595466155811,5.740142081736909,3.5051484674329503,6.813737228607917,3.308588761174967,0.8677899082502499,1.4233374807885608,0.5555475725383109
ordinal,broad_tail,0.4,ssp245,hot,100224,100224,0.07782567049808428,0.48890485312899107,0.4110791826309068,0.057870370370370364,0.13769157088122605,0.07982120051085569,3.76257183908046,6.831696998722861,3.0691251596424007,7.211845466155811,12.290469348659004,5.078623882503193,7.134019795657727,11.801564495530013,4.667544699872286,3.6847461685823757,6.3427921455938705,2.658045977011495,0.6237641150991837,1.278314074721386,0.6545499596222022
ordinal,broad_tail,0.4,ssp245,typical,100224,100224,0.037915070242656446,0.7523148148148148,0.7143997445721584,0.002993295019157088,0.4489942528735632,0.44600095785440613,2.6051644316730522,6.29390166028097,3.688737228607918,5.444803639846743,10.367776181353767,4.922972541507024,5.406888569604087,9.615461366538952,4.208572796934865,2.567249361430396,5.541586845466155,2.9743374840357593,0.43585912142615213,1.3265658585748334,0.8907067371486813
ordinal,broad_tail,0.4,ssp585,heatwave_extreme,100224,100224,0.1277139208173691,2.5213521711366536,2.3936382503192846,0.012970945083014048,1.7780172413793105,1.7650462962962965,3.715676883780332,13.951748084291188,10.236071200510857,7.487228607918263,21.843071519795657,14.355842911877394,7.359514687100894,19.321719348659002,11.962204661558108,3.587962962962963,11.430395913154534,7.842432950191571,0.6353308365944834,3.4586572230598294,2.8233263864653457
ordinal,broad_tail,0.4,ssp585,hot,100224,100224,0.11973180076628352,3.323555236270753,3.2038234355044697,0.012970945083014048,2.3966315453384417,2.3836606002554275,3.7246567688378036,14.521471902937419,10.796815134099615,7.510177203065134,22.02566251596424,14.515485312899106,7.390445402298851,18.702107279693486,11.311661877394634,3.60492496807152,11.197916666666668,7.5929916985951476,0.6391027711878293,3.9038302217460275,3.264727450558198
ordinal,broad_tail,0.4,ssp585,typical,100224,100224,0.09279214559386974,1.5156050446998723,1.4228128991060025,0.003991060025542784,0.9199393358876118,0.915948275862069,3.212803320561941,9.56756864623244,6.354765325670499,6.483477011494252,15.780651340996169,9.297174329501917,6.390684865900383,14.265046296296296,7.874361430395913,3.1200111749680715,8.051963601532568,4.9319524265644965,0.5513976932865517,2.1167873684935468,1.565389675206995
ordinal,outermost,0.025,ssp245,heatwave_extreme,100224,100224,29.920977011494255,39.27003512132822,9.349058109833965,25.409083652618136,34.855922733077904,9.446839080459768,53.55104565772669,60.56932471264368,7.018279054916988,67.16854246487867,73.05136494252874,5.882822477650066,37.24756545338442,33.781329821200515,-3.4662356321839027,23.667983716475096,21.33920019157088,-2.328783524904214,27.016168319283167,34.096408433099874,7.080240113816707
ordinal,outermost,0.025,ssp245,hot,100224,100224,29.9040150063857,37.83425127713921,7.930236270753511,25.39112388250319,33.44109195402299,8.049968071519796,53.4113585568327,60.12631704980843,6.714958492975725,67.43195242656451,72.88473818646233,5.4527857598978215,37.527937420178795,35.05048690932311,-2.4774505108556824,23.543263090676884,22.33197637292465,-1.211286717752234,26.56828661207184,32.445026449939455,5.876739837867614
ordinal,outermost,0.025,ssp245,typical,100224,100224,26.720146871008936,33.065932311621964,6.345785440613028,22.402817688378033,28.486190932311622,6.08337324393359,50.66251596424011,56.66906130268199,6.006545338441882,65.06824712643679,69.38757183908046,4.319324712643677,38.348100255427845,36.321639527458494,-2.0264607279693507,23.982279693486593,23.648028416347383,-0.33425127713920944,23.823039359205147,29.332652223952238,5.5096128647470906
ordinal,outermost,0.025,ssp585,heatwave_extreme,100224,100224,30.356002554278415,46.929877075351214,16.5738745210728,25.842113665389526,43.15233876117497,17.31022509578544,53.385416666666664,65.73874521072797,12.353328544061306,67.37408205619413,77.26492656449552,9.890844508301399,37.01807950191571,30.335049489144318,-6.68303001277139,23.05934706257982,18.875718390804597,-4.1836286717752245,27.454473503921733,40.94939223482114,13.494918730899407
ordinal,outermost,0.025,ssp585,hot,100224,100224,29.75335249042146,46.70138888888889,16.948036398467433,25.515844508301406,42.8919220945083,17.376077586206897,53.34450830140486,65.36857439335888,12.024066091954026,67.53971104725414,76.90573116219667,9.366020114942529,37.786358556832695,30.204342273307788,-7.582016283524908,23.621088761174967,18.737029054916988,-4.884059706257979,26.95394861238708,40.490280648107245,13.536332035720164
ordinal,outermost,0.025,ssp585,typical,100224,100224,27.255946679438058,40.97222222222222,13.716275542784164,22.969548212005108,37.15178001277139,14.182231800766282,48.7787356321839,62.37328384418902,13.594548212005115,63.443885696040866,74.87827266922095,11.434386973180082,36.18793901660281,33.90605044699873,-2.281888569604085,21.576668263090674,21.447956577266922,-0.12871168582375248,24.018592873248735,35.931499511476986,11.91290663822825
ordinal,outermost,0.05,ssp245,heatwave_extreme,100224,100224,7.671815134099617,14.813817049808428,7.142001915708811,4.520873243933589,10.330858876117496,5.809985632183907,19.80463761174968,29.24449233716475,9.43985472541507,26.593430715197957,36.008341315453386,9.414910600255428,18.92161558109834,21.194524265644954,2.272908684546614,12.132822477650064,14.430675287356323,2.2978528097062583,4.895266446986465,9.832940927762209,4.937674480775744
ordinal,outermost,0.05,ssp245,hot,100224,100224,7.212843231162197,13.483796296296296,6.270953065134099,3.802482439335888,8.915030332056194,5.112547892720306,19.61705779054917,28.173890485312896,8.556832694763727,26.33101851851852,35.642161558109834,9.311143039591315,19.118175287356323,22.158365261813536,3.0401899744572134,12.404214559386974,14.690094189016603,2.2858796296296298,4.419470320186634,8.63453136635595,4.215061046169317
ordinal,outermost,0.05,ssp245,typical,100224,100224,6.155212324393359,11.60300925925926,5.4477969348659006,3.0062659642401024,7.624920178799489,4.6186542145593865,17.607559067688378,23.614104406130267,6.006545338441889,23.4375,30.247246168582375,6.809746168582375,17.282287675606643,18.644236909323116,1.361949233716473,11.452346743295019,12.011095146871009,0.55874840357599,3.692403312421963,7.622220247948479,3.929816935526516
ordinal,outermost,0.05,ssp585,heatwave_extreme,100224,100224,8.605723180076629,23.302801724137932,14.697078544061304,5.5515644955300125,19.425486909323116,13.873922413793103,20.563936781609197,38.19145114942529,17.627514367816094,27.12523946360153,45.21571679438059,18.09047733077906,18.519516283524904,21.912915070242654,3.39339878671775,11.958213601532568,14.888649425287356,2.930435823754788,5.579610051527166,18.128687249163512,12.549077197636347
ordinal,outermost,0.05,ssp585,hot,100224,100224,8.376237228607918,23.895474137931032,15.519236909323114,5.077626117496807,20.075031928480204,14.997405810983397,20.42624521072797,38.28723659003831,17.86099137931034,27.346743295019156,44.94931353767561,17.60257024265645,18.97050606641124,21.05383939974457,2.083333333333332,12.05000798212005,14.39176245210728,2.3417544699872295,5.343132921939211,18.48767817150834,13.144545249569127
ordinal,outermost,0.05,ssp585,typical,100224,100224,6.929477969348659,16.3294220945083,9.39994412515964,3.5510456577266925,11.602011494252872,8.05096583652618,18.001676245210728,31.1522190293742,13.150542784163473,24.015205938697317,38.83002075351214,14.81481481481482,17.08572796934866,22.50059865900383,5.414870689655171,11.07219827586207,14.823794699872286,3.7515964240102164,3.994526650080204,10.918446509259725,6.923919859179522
ordinal,outermost,0.075,ssp245,heatwave_extreme,100224,100224,1.7041826309067687,5.823954342273307,4.119771711366538,1.1933269476372925,4.082854406130268,2.8895274584929758,13.21639527458493,21.233437100893997,8.017041826309068,20.14986430395913,28.72964559386973,8.5797812899106,18.445681673052363,22.905691251596423,4.46000957854406,11.512212643678161,15.40948275862069,3.897270114942529,3.072312891258125,6.248630530634667,3.1763176393765424
ordinal,outermost,0.075,ssp245,hot,100224,100224,1.3070721583652618,4.722421775223499,3.4153496168582373,0.7203863346104725,3.19683908045977,2.4764527458492975,12.94999201787995,20.282567049808428,7.332575031928478,19.968271072796934,28.171894955300125,8.20362388250319,18.661198914431672,23.449473180076627,4.788274265644954,11.642919859514688,15.56014527458493,3.9172254150702415,2.650600096147201,5.421301254170164,2.7707011580229626
ordinal,outermost,0.075,ssp245,typical,100224,100224,0.7862388250319284,4.324313537675606,3.538074712643678,0.40110153256704983,3.2876356960408684,2.8865341634738186,11.695801404853128,17.100694444444446,5.404893039591318,18.065533205619413,23.71986749680715,5.6543342911877374,17.279294380587483,19.395553959131544,2.11625957854406,10.909562579821202,12.77638090676884,1.8668183269476373,2.1851017271477575,4.995845735315708,2.8107440081679504
ordinal,outermost,0.075,ssp585,heatwave_extreme,100224,100224,2.458492975734355,12.964958492975734,10.506465517241379,1.677242975734355,11.209889846743296,9.532646871008941,13.813058748403575,29.854126756066414,16.041068007662837,20.81936462324393,38.354086845466156,17.534722222222225,18.360871647509576,25.38912835249042,7.028256704980844,11.354565772669222,16.889168263090674,5.534602490421452,3.4646530734141674,12.517078009391803,9.052424935977635
ordinal,outermost,0.075,ssp585,hot,100224,100224,2.2339958492975733,13.650423052362706,11.416427203065133,1.4826787994891444,11.85344827586207,10.370769476372924,13.722262132822477,30.08161717752235,16.359355044699875,20.992975734355046,38.28723659003831,17.294260855683266,18.75897988505747,24.636813537675607,5.877833652618136,11.488266283524904,16.431194125159642,4.942927841634738,3.2878825583625426,12.970333942209686,9.682451383847145
ordinal,outermost,0.075,ssp585,typical,100224,100224,1.351971583652618,6.702985312899106,5.351013729246487,0.7463282247765006,4.877075351213282,4.130747126436781,12.336366538952745,23.189056513409962,10.852689974457217,18.547453703703702,31.267959770114945,12.720506066411243,17.195482120051086,24.564974457215836,7.3694923371647505,10.984394955300129,16.486071200510853,5.501676245210724,2.490345679157178,7.029931959033352,4.539586279876174
ordinal,outermost,0.1,ssp245,heatwave_extreme,100224,100224,0.6246008939974458,1.9047333971902936,1.2801325031928479,0.5667305236270754,1.1873403575989783,0.6206098339719028,9.40094189016603,16.465118135376756,7.064176245210726,16.423212005108557,24.88625478927203,8.463042784163473,15.79861111111111,22.981521392081735,7.182910280970624,8.776340996168583,14.560384738186464,5.7840437420178805,2.2153621148242686,4.522955433201338,2.30759331837707
ordinal,outermost,0.1,ssp245,hot,100224,100224,0.28835408684546615,1.5185983397190292,1.230244252873563,0.19157088122605362,0.8760376756066411,0.6844667943805876,9.157487228607918,15.289750957854405,6.132263729246487,16.34837962962963,24.084051724137932,7.735672094508303,16.060025542784164,22.565453384418902,6.505427841634738,8.869133141762452,13.771152618135376,4.902019476372924,1.8693651701953675,3.898997544387207,2.0296323741918396
ordinal,outermost,0.1,ssp245,typical,100224,100224,0.07583014048531289,1.7919859514687102,1.7161558109833974,0.016962005108556832,1.2721503831417624,1.2551883780332056,7.847421775223499,12.919061302681992,5.071639527458493,14.59530651340996,20.4661558109834,5.870849297573438,14.51947637292465,18.674169859514684,4.154693486590034,7.771591634738187,11.127075351213282,3.355483716475095,1.511814677591671,3.658270019863756,2.146455342272085
ordinal,outermost,0.1,ssp585,heatwave_extreme,100224,100224,0.620609833971903,6.654094827586207,6.033484993614304,0.3252713920817369,4.989822796934866,4.664551404853129,9.904813218390805,24.408325351213282,14.503512132822477,17.200470945083012,34.55559546615581,17.355124521072796,16.57986111111111,27.901500638569605,11.321639527458494,9.284203384418902,17.754230523627076,8.470027139208174,2.3861707406891903,9.176793519567143,6.790622778877953
ordinal,outermost,0.1,ssp585,hot,100224,100224,0.554757343550447,7.3555236270753515,6.800766283524904,0.26740102171136654,5.41087962962963,5.143478607918263,9.62743454661558,24.841355363984675,15.213920817369095,17.266323435504468,34.5077027458493,17.241379310344833,16.711566091954023,27.152179118773944,10.440613026819921,9.072677203065133,17.485831736909326,8.413154533844192,2.260095719573811,9.495419361207148,7.235323641633337
ordinal,outermost,0.1,ssp585,typical,100224,100224,0.30332056194125157,2.5093789910600255,2.206058429118774,0.1297094508301405,1.6313457854406128,1.5016363346104724,8.612707535121327,18.07251756066411,9.459810025542783,15.225893997445722,27.121248403575986,11.895354406130265,14.922573435504468,24.611869412515965,9.689295977011497,8.309386973180075,15.563138569604087,7.253751596424012,1.7551241881019526,5.085325010862383,3.3302008227604305
ordinal,outermost,0.15,ssp245,heatwave_extreme,100224,100224,0.2514367816091954,0.24545019157088122,-0.005986590038314199,0.23247924648786716,0.17061781609195403,-0.06186143039591313,2.619133141762452,4.578743614303959,1.9596104725415069,5.923730842911877,9.26624361430396,3.342512771392083,5.672294061302682,9.020793422733078,3.348499361430396,2.3676963601532566,4.333293422733077,1.9655970625798207,0.5574505013934986,0.7512357556889672,0.19378525429546856
ordinal,outermost,0.15,ssp245,hot,100224,100224,0.0,0.147669220945083,0.147669220945083,0.0,0.08680555555555555,0.08680555555555555,2.533325351213282,4.588721264367816,2.055395913154534,5.965636973180077,9.135536398467432,3.1698994252873547,5.965636973180077,8.98786717752235,3.0222302043422733,2.533325351213282,4.441052043422733,1.907726692209451,0.40540764160112003,0.7291823371080227,0.3237746955069027
ordinal,outermost,0.15,ssp245,typical,100224,100224,0.0,0.14168263090676886,0.14168263090676886,0.0,0.09179438058748403,0.09179438058748403,2.41558908045977,4.054916985951468,1.6393279054916983,5.270194763729247,7.960169220945083,2.689974457215836,5.270194763729247,7.818486590038313,2.5482918263090664,2.41558908045977,3.9132343550447,1.4976452745849298,0.38301626554386975,0.6261444268635581,0.24312816131968834
ordinal,outermost,0.15,ssp585,heatwave_extreme,100224,100224,0.001995530012771392,0.5747126436781609,0.5727171136653895,0.0,0.21651500638569604,0.21651500638569604,2.507383461047254,7.171934865900383,4.664551404853128,5.685265006385696,14.124361430395913,8.439096424010216,5.683269476372925,13.549648786717752,7.8663793103448265,2.5053879310344827,6.597222222222222,4.091834291187739,0.3957555685478109,1.1669878992592302,0.7712323307114193
ordinal,outermost,0.15,ssp585,hot,100224,100224,0.001995530012771392,0.7273706896551724,0.725375159642401,0.0,0.23048371647509577,0.23048371647509577,2.5153655810983397,7.954182630906768,5.438817049808428,5.809985632183908,14.814814814814813,9.004829182630905,5.807990102171137,14.087444125159642,8.279454022988507,2.5133700510855683,7.226811941251595,4.7134418901660275,0.4015533975379176,1.2676948814185707,0.8661414838806532
ordinal,outermost,0.15,ssp585,typical,100224,100224,0.0,0.31529374201787996,0.31529374201787996,0.0,0.23247924648786716,0.23247924648786716,2.734873882503193,5.510656130268199,2.775782247765006,5.966634738186462,10.847701149425287,4.881066411238825,5.966634738186462,10.532407407407407,4.565772669220944,2.734873882503193,5.195362388250319,2.460488505747126,0.4291129511621802,0.885226907090438,0.4561139559282579
ordinal,outermost,0.2,ssp245,heatwave_extreme,100224,100224,0.2065373563218391,0.11274744572158364,-0.09378991060025545,0.16064016602809705,0.031928480204342274,-0.12871168582375478,0.295338441890166,0.48890485312899107,0.19356641123882506,0.3881305874840357,0.8770354406130267,0.488904853128991,0.1815932311621967,0.7642879948914432,0.5826947637292464,0.08880108556832696,0.3761574074074074,0.28735632183908044,0.12278155287217359,0.08853158113312005,-0.03424997173905353
ordinal,outermost,0.2,ssp245,hot,100224,100224,0.0,0.052881545338441895,0.052881545338441895,0.0,0.0,0.0,0.058868135376756066,0.4080858876117497,0.34921775223499363,0.23447477650063858,0.7942209450830141,0.5597461685823755,0.23447477650063858,0.7413393997445722,0.5068646232439336,0.058868135376756066,0.3552043422733078,0.29633620689655177,0.0133369458563126,0.06605044569779263,0.05271349984148003
ordinal,outermost,0.2,ssp245,typical,100224,100224,0.0,0.06385696040868455,0.06385696040868455,0.0,0.016962005108556832,0.016962005108556832,0.06186143039591316,0.24844348659003834,0.18658205619412518,0.18458652618135377,0.6345785440613027,0.4499920178799489,0.18458652618135377,0.5707215836526182,0.3861350574712644,0.06186143039591316,0.18458652618135377,0.12272509578544061,0.010669940795909409,0.046802870829726895,0.036132930033817484
ordinal,outermost,0.2,ssp585,heatwave_extreme,100224,100224,0.0,0.10975415070242657,0.10975415070242657,0.0,0.011973180076628351,0.011973180076628351,0.09578544061302681,1.217273307790549,1.1214878671775224,0.34422892720306514,2.569244891443167,2.225015964240102,0.34422892720306514,2.459490740740741,2.1152618135376757,0.09578544061302681,1.1075191570881227,1.011733716475096,0.019696081372243844,0.20462885805945757,0.18493277668721372
ordinal,outermost,0.2,ssp585,hot,100224,100224,0.0,0.11374521072796935,0.11374521072796935,0.0,0.011973180076628351,0.011973180076628351,0.09578544061302681,1.536558109833972,1.4407726692209453,0.3372445721583653,3.0741139846743293,2.736869412515964,0.3372445721583653,2.96036877394636,2.623124201787995,0.09578544061302681,1.4228128991060025,1.3270274584929758,0.019390182533248562,0.24047928436928862,0.22108910183604005
ordinal,outermost,0.2,ssp585,typical,100224,100224,0.0,0.19456417624521072,0.19456417624521072,0.0,0.06784802043422733,0.06784802043422733,0.11174968071519795,0.5916746487867177,0.47992496807151974,0.41207694763729247,1.358955938697318,0.9468789910600255,0.41207694763729247,1.1643917624521072,0.7523148148148147,0.11174968071519795,0.39711047254150705,0.28536079182630913,0.025394005490981607,0.13118813544945432,0.1057941299584727
stored_ordinal,broad_tail,0.05,ssp245,heatwave_extreme,100224,100224,99.45921136653895,99.68869731800766,0.22948595146870332,99.59191411238825,99.77949393358875,0.18757982120050087,99.92516762452107,99.98802681992338,0.06285919540231077,99.98802681992338,100.0,0.01197318007662318,0.5288154533844189,0.3113026819923371,-0.2175127713920818,0.46595625798212004,0.29932950191570884,-0.1666267560664112,98.19709465196446,98.44444197467969,0.2473473227152283
stored_ordinal,broad_tail,0.05,ssp245,hot,100224,100224,99.3444683908046,99.58592752234993,0.2414591315453407,99.51807950191571,99.74856321839081,0.23048371647510635,99.90820561941251,99.94711845466155,0.03891283524903599,99.99301564495529,99.99002234993614,-0.0029932950191522423,0.6485472541507024,0.4040948275862069,-0.24445242656449545,0.5637372286079183,0.36119093231162197,-0.20254629629629634,97.9488131688356,98.37629792252953,0.4274847536939319
stored_ordinal,broad_tail,0.05,ssp245,typical,100224,100224,99.47417784163474,99.54302362707536,0.06884578544061526,99.71663473818646,99.64878671775223,-0.06784802043422644,99.92416985951469,99.91219667943805,-0.01197318007663739,99.98902458492975,99.98503352490421,-0.00399106002554106,0.5148467432950191,0.4420098978288633,-0.07283684546615582,0.4499920178799489,0.36917305236270753,-0.08081896551724138,98.14730253550117,98.24497112666465,0.09766859116348314
stored_ordinal,broad_tail,0.05,ssp585,heatwave_extreme,100224,100224,99.52705938697318,99.81541347381865,0.28835408684547303,99.68470625798213,99.91119891443168,0.22649265644955108,99.94412515964241,99.99201787994892,0.04789272030650693,99.99700670498083,100.0,0.002993295019166453,0.4699473180076628,0.18458652618135377,-0.285360791826309,0.41706577266922096,0.1766044061302682,-0.24046136653895275,98.28085949743982,98.66794475265402,0.38708525521420256
stored_ordinal,broad_tail,0.05,ssp585,hot,100224,100224,99.60288952745849,99.73958333333334,0.1366938058748559,99.81341794380587,99.88425925925925,0.07084131545337868,99.9580938697318,99.99501117496807,0.03691730523627257,100.0,100.0,0.0,0.39711047254150705,0.26041666666666663,-0.13669380587484042,0.3552043422733078,0.2554278416347382,-0.09977650063856963,98.29431323662881,98.53131549462645,0.23700225799764496
stored_ordinal,broad_tail,0.05,ssp585,typical,100224,100224,99.25566730523627,99.53404374201787,0.27837643678159907,99.47417784163474,99.6936861430396,0.21950830140485778,99.91020114942529,99.92915868454662,0.018957535121330693,99.98303799489145,99.99600893997446,0.012970945083011998,0.7273706896551724,0.4619651979565773,-0.26540549169859506,0.6545338441890166,0.3951149425287357,-0.2594189016602809,97.94775669174338,98.39796598859978,0.4502092968564
stored_ordinal,broad_tail,0.06,ssp245,heatwave_extreme,100224,100224,90.05128512132823,91.95402298850574,1.9027378671775068,91.4750957854406,92.83504948914431,1.3599537037037095,96.24640804597702,97.2661238825032,1.0197158365261743,98.81166187739464,99.40134099616859,0.5896791187739439,8.76037675606641,7.447318007662836,-1.3130587484035745,6.196120689655173,5.312100893997446,-0.8840197956577267,81.26274736772984,83.91482301032265,2.6520756425928056
stored_ordinal,broad_tail,0.06,ssp245,hot,100224,100224,89.96647509578544,92.03085089399745,2.064375798212012,90.99616858237547,92.8639846743295,1.867816091954026,96.32622924648787,97.13042784163474,0.8041985951468718,98.7228607918263,99.18881704980843,0.46595625798212836,8.756385696040867,7.157966155810984,-1.5984195402298838,6.361749680715198,5.099576947637292,-1.2621727330779056,81.3664459786923,83.42031945303538,2.053873474343078
stored_ordinal,broad_tail,0.06,ssp245,typical,100224,100224,88.99664750957854,90.16503033205619,1.1683828224776533,90.07722701149426,90.91834291187739,0.8411159003831301,95.49209770114942,96.11570083014048,0.6236031289910642,98.81665070242657,98.99026181353767,0.17361111111110006,9.82000319284802,8.825231481481481,-0.9947717113665391,6.495450191570881,5.950670498084292,-0.5447796934865892,79.24413262275216,80.94992042049691,1.7057877977447475
stored_ordinal,broad_tail,0.06,ssp585,heatwave_extreme,100224,100224,90.12013090676884,93.07850415070243,2.9583732439335932,91.40824553001276,93.63725255427842,2.2290070242656554,96.05383939974456,97.7041427203065,1.650303320561946,98.89547413793103,99.36641922094508,0.47094508301404403,8.775343231162196,6.287915070242657,-2.4874281609195394,5.936701787994892,4.625638569604087,-1.3110632183908049,81.09129220798852,85.5530688667119,4.46177665872338
stored_ordinal,broad_tail,0.06,ssp585,hot,100224,100224,90.24684706257982,92.17752234993614,1.9306752873563227,91.50103767560664,92.69935344827587,1.1983157726692326,96.25339240102171,97.22521551724138,0.9718231162196673,98.79769316730524,99.25866060025544,0.4609674329501985,8.550846104725416,7.0811382503192855,-1.4697078544061304,6.009538633461047,5.047693167305236,-0.9618454661558111,81.74080860908418,84.36372291571605,2.62291430663187
stored_ordinal,broad_tail,0.06,ssp585,typical,100224,100224,88.89188218390804,91.75846104725414,2.8665788633461062,89.97545498084291,92.5985791826309,2.623124201787988,95.48112228607918,96.90692848020434,1.4258061941251583,98.4514687100894,99.09901819923371,0.6475494891443105,9.559586526181354,7.340557151979565,-2.2190293742017886,6.590237867177523,5.148467432950191,-1.4417704342273314,79.19472887080549,83.43254780848987,4.237818937684381
stored_ordinal,broad_tail,0.07,ssp245,heatwave_extreme,100224,100224,73.50933908045977,77.99828384418902,4.4889447637292506,71.21647509578544,75.83213601532567,4.6156609195402325,89.80683269476373,91.64571360153256,1.8388809067688356,94.91040070242657,95.97002713920817,1.059626436781599,21.401061621966793,17.971743295019156,-3.4293183269476373,16.300486909323116,13.663393997445722,-2.637092911877394,68.59922772806262,71.9011972237543,3.3019694956916794
stored_ordinal,broad_tail,0.07,ssp245,hot,100224,100224,74.44923371647509,77.66004150702427,3.2108077905491825,71.53775542784163,75.59067688378033,4.0529214559387015,89.70306513409962,91.5738745210728,1.8708093869731783,94.64100415070243,95.79142720306514,1.1504230523627115,20.19177043422733,18.13138569604087,-2.0603847381864604,15.256824712643677,13.929797254150703,-1.3270274584929744,68.33928105647948,71.08044270557944,2.741161649099965
stored_ordinal,broad_tail,0.07,ssp245,typical,100224,100224,70.22369891443168,73.5143279054917,3.290628991060018,67.11965197956577,71.21747286079183,4.097820881226056,88.48379629629629,89.72800925925925,1.244212962962962,93.81485472541507,94.8166107918263,1.0017560664112324,23.5911558109834,21.302282886334613,-2.2888729246487856,18.267081736909326,16.216674648786718,-2.0504070881226077,64.97243281943204,68.20790833353256,3.2354755141005143
stored_ordinal,broad_tail,0.07,ssp585,heatwave_extreme,100224,100224,72.59738186462324,80.47673212005108,7.879350255427838,70.61582056194126,79.01600415070243,8.400183588761166,89.57734674329501,92.82706736909323,3.2497206257982185,94.62803320561942,96.65249840357599,2.024465197956573,22.03065134099617,16.175766283524904,-5.8548850574712645,16.98096264367816,12.35632183908046,-4.624640804597702,68.47773268622295,75.03445107720506,6.5567183909821125
stored_ordinal,broad_tail,0.07,ssp585,hot,100224,100224,74.14291985951469,79.48395593869732,5.341036079182629,71.97677203065133,77.38864942528735,5.411877394636022,90.04230523627076,91.82032247765007,1.7780172413793025,94.83357279693486,96.10472541507025,1.271152618135389,20.69065293742018,16.620769476372924,-4.0698834610472545,15.900383141762454,12.343350893997446,-3.557032247765008,69.0982307515449,73.39343657858012,4.295205827035218
stored_ordinal,broad_tail,0.07,ssp585,typical,100224,100224,68.96551724137932,78.23076309067687,9.265245849297557,66.72553480204341,75.9827985312899,9.257263729246489,88.32016283524904,91.60580300127714,3.2856401660281023,93.47262132822478,95.87523946360153,2.4026181353767555,24.507104086845466,17.64447637292465,-6.862627713920816,19.35763888888889,13.380028735632186,-5.977610153256704,65.06125902240599,71.83834479535194,6.777085772945952
stored_ordinal,broad_tail,0.08,ssp245,heatwave_extreme,100224,100224,52.76580459770115,60.35480523627076,7.589000638569608,50.79122765006385,58.511933269476366,7.720705619412513,68.16930076628353,73.54525862068965,5.375957854406124,79.25945881226055,82.6448754789272,3.385416666666657,26.49365421455939,22.290070242656448,-4.20358397190294,15.636973180076627,13.480803001277138,-2.1561701787994885,35.4688528511899,43.447414165230356,7.978561314040455
stored_ordinal,broad_tail,0.08,ssp245,hot,100224,100224,53.34650383141762,60.662116858237546,7.315613026819925,50.730363984674334,58.646631545338444,7.91626756066411,68.53248722860792,73.38761174968072,4.855124521072796,79.21056832694764,83.01803959131546,3.8074712643678197,25.864064495530016,22.355922733077904,-3.5081417624521123,15.497286079182631,13.040788633461048,-2.456497445721583,35.034943420811665,42.2996350212099,7.264691600398237
stored_ordinal,broad_tail,0.08,ssp245,typical,100224,100224,48.249920178799485,54.56976372924649,6.319843550447004,45.60684067688378,52.55627394636016,6.94943326947638,64.51748084291188,69.15209929757343,4.634618454661549,76.15940293742018,79.66554916985952,3.5061462324393347,27.90948275862069,25.095785440613028,-2.8136973180076623,16.523986270753515,14.854725415070243,-1.6692608556832713,30.763602413482637,37.19538219074721,6.431779777264573
stored_ordinal,broad_tail,0.08,ssp585,heatwave_extreme,100224,100224,53.20581896551724,66.24261653895275,13.036797573435507,51.30008780332056,64.61625957854406,13.316171775223502,67.7941411238825,77.13721264367817,9.343071519795672,78.36745689655173,85.45059067688378,7.083133780332048,25.16163793103448,19.207974137931032,-5.953663793103448,14.833772349936142,11.141044061302683,-3.692728288633459,37.087148912773394,50.292837353495415,13.205688440722021
stored_ordinal,broad_tail,0.08,ssp585,hot,100224,100224,54.423092273307795,64.86969189016602,10.44659961685823,52.00650542784163,62.80930715197957,10.802801724137936,68.42672413793103,75.71938856960408,7.292664431673046,79.01301085568328,84.5077027458493,5.494691890166024,24.58991858237548,19.63801085568327,-4.951907726692209,14.308947956577267,11.155012771392082,-3.153935185185185,36.941610189345006,48.1390197015069,11.197409512161897
stored_ordinal,broad_tail,0.08,ssp585,typical,100224,100224,48.13417943805875,61.22086526181354,13.086685823754792,46.25838122605364,58.966914112388245,12.708532886334602,63.334131545338444,73.70789431673053,10.373762771392087,75.09279214559386,83.40018358876118,8.307391443167319,26.958612707535124,22.179318326947637,-4.779294380587487,15.46735312899106,12.841235632183908,-2.6261174968071526,31.90522111624633,43.891484579502574,11.986263463256243
stored_ordinal,broad_tail,0.09,ssp245,heatwave_extreme,100224,100224,40.45138888888889,49.17285280970626,8.721463920817364,38.103647828863345,47.466674648786714,9.36302681992337,55.880826947637296,63.119612068965516,7.23878512132822,68.75698435504471,74.42229406130268,5.665309706257972,28.305595466155808,25.249441251596423,-3.0561542145593847,15.471344189016603,13.9856720945083,-1.4856720945083026,29.734810780338638,38.121361569764616,8.386550789425979
stored_ordinal,broad_tail,0.09,ssp245,hot,100224,100224,39.798850574712645,49.476173371647505,9.67732279693486,37.31940453384419,47.28607918263091,9.966674648786714,56.35177203065134,63.88589559386973,7.534123563218394,69.54821200510855,75.01097541507025,5.4627634099616955,29.749361430395915,25.534802043422733,-4.214559386973182,16.599816411238823,14.450630587484037,-2.1491858237547863,29.205701490157487,37.09662120071631,7.890919710558819
stored_ordinal,broad_tail,0.09,ssp245,typical,100224,100224,35.68306992337165,42.1316251596424,6.4485552362707494,33.17568646232439,39.75195561941251,6.57626915708812,51.16838282247765,57.59897828863346,6.430595466155808,64.71703384418902,70.55695242656451,5.839918582375489,29.033963920817367,28.425327266922096,-0.608636653895271,15.530212324393359,15.512252554278415,-0.01795977011494365,25.028852461163982,31.809597340644352,6.78074487948037
stored_ordinal,broad_tail,0.09,ssp585,heatwave_extreme,100224,100224,40.87144795657727,55.856880587484035,14.985432630906764,38.59055715197957,54.161677841634734,15.571120689655167,56.5712803320562,68.78691730523627,12.215636973180075,68.5065453384419,79.10879629629629,10.602250957854395,27.63509738186462,23.25191570881226,-4.383181673052363,15.741738505747128,12.979924968071519,-2.761813537675609,31.69711143276257,45.98929027477163,14.292178842009065
stored_ordinal,broad_tail,0.09,ssp585,hot,100224,100224,41.37931034482759,54.32231800766284,12.94300766283525,38.677362707535124,52.21404054916986,13.536677841634734,57.5680475734355,67.42197477650063,9.853927203065133,69.57215836526181,78.2018279054917,8.629669540229884,28.192848020434226,23.879509897828864,-4.313338122605362,16.229645593869733,13.16052043422733,-3.069125159642404,31.488791237302337,44.35385605780343,12.865064820501097
stored_ordinal,broad_tail,0.09,ssp585,typical,100224,100224,36.010336845466156,50.36019316730523,14.349856321839077,33.98587164750958,48.06633141762452,14.080459770114935,51.306074393358884,64.04653575989782,12.740461366538938,64.2580619412516,75.80818965517241,11.550127713920816,28.24772509578544,25.447996487867176,-2.799728607918265,15.357598978288634,13.749201787994892,-1.6083971902937417,26.270504544210738,39.23348406519552,12.962979520984781
stored_ordinal,broad_tail,0.1,ssp245,heatwave_extreme,100224,100224,32.62990900383142,42.44991219667944,9.82000319284802,29.755348020434226,39.85272988505747,10.097381864623244,48.33173690932311,56.26097541507025,7.929238505747136,58.5169220945083,65.37156768837804,6.8546455938697335,25.887013090676884,22.921655491698594,-2.96535759897829,15.713801085568328,13.823036398467433,-1.8907646871008943,24.58498226117253,33.08134761164542,8.496365350472889
stored_ordinal,broad_tail,0.1,ssp245,hot,100224,100224,31.904533844189015,42.29026979565773,10.385735951468714,28.84139527458493,39.06449553001277,10.223100255427841,48.20502075351214,57.12404214559387,8.919021392081731,59.25427043422733,66.26157407407408,7.0073036398467465,27.349736590038315,23.971304278416348,-3.3784323116219674,16.311462324393357,14.845745530012772,-1.4657167943805849,24.014362488926928,31.99345528582837,7.979092796901444
stored_ordinal,broad_tail,0.1,ssp245,typical,100224,100224,27.913473818646235,35.111350574712645,7.19787675606641,25.082814495530016,32.04821200510855,6.965397509578537,43.84378991060026,50.09977650063857,6.255986590038312,54.644596104725416,60.130308109833976,5.48571200510856,26.731122286079184,25.018957535121327,-1.7121647509578573,15.941291507024266,14.992416985951468,-0.9488745210727974,20.266999547358953,26.92515157493546,6.658152027576506
stored_ordinal,broad_tail,0.1,ssp585,heatwave_extreme,100224,100224,32.982120051085566,49.79246487867178,16.810344827586214,30.863864942528735,47.138409961685824,16.274545019157088,48.0124521072797,62.356321839080465,14.343869731800766,57.746647509578544,71.24341475095785,13.49676724137931,24.764527458492978,21.450949872286078,-3.3135775862069003,15.035320881226053,12.570841315453386,-2.464479565772667,25.563863043939644,41.53662122297311,15.972758179033466
stored_ordinal,broad_tail,0.1,ssp585,hot,100224,100224,33.10484514687101,48.49038154533844,15.38553639846743,30.652338761174967,45.89319923371647,15.240860472541506,49.070083014048535,61.68582375478927,12.615740740740733,59.48076309067688,71.0169220945083,11.536159003831422,26.375917943805877,22.52654054916986,-3.8493773946360186,15.970226692209453,13.196439974457217,-2.7737867177522357,25.330715558708363,40.85123027949374,15.520514720785378
stored_ordinal,broad_tail,0.1,ssp585,typical,100224,100224,28.647828863346103,44.17903895274585,15.531210089399746,26.021711366538952,41.32443326947637,15.30272190293742,43.916626756066414,57.47525542784163,13.558628671775217,54.14671136653896,66.7834051724138,12.636693805874835,25.49888250319285,22.60436621966794,-2.894516283524908,15.270793422733078,13.3091874201788,-1.9616060025542783,21.35451194387806,34.77566973428445,13.42115779040639
stored_ordinal,broad_tail,0.11,ssp245,heatwave_extreme,100224,100224,27.60117337164751,38.004869093231164,10.403695721583656,23.777737867177525,33.89707056194125,10.119332694763724,44.20298531289911,52.81070402298851,8.6077187100894,56.06042464878672,63.67337164750958,7.612946998722862,28.45925127713921,25.668502554278415,-2.790748722860794,16.601811941251597,14.805834929757344,-1.7959770114942533,21.776739834054542,30.63861277790711,8.861872943852568
stored_ordinal,broad_tail,0.11,ssp245,hot,100224,100224,26.91471104725415,37.439136334610474,10.524425287356323,23.10823754789272,32.71871008939974,9.610472541507022,43.95354406130268,53.55902777777778,9.6054837164751,56.72992496807152,64.65617017879948,7.926245210727963,29.815213920817367,27.217033844189015,-2.5981800766283527,17.03883301404853,16.119891443167305,-0.918941570881227,21.22303308977894,29.373919412441364,8.150886322662423
stored_ordinal,broad_tail,0.11,ssp245,typical,100224,100224,23.287835249042146,30.423850574712645,7.136015325670499,18.875718390804597,26.295098978288635,7.419380587484039,39.48455459770115,46.32822477650064,6.843670178799492,52.22002713920817,58.0499680715198,5.829940932311629,28.932191890166024,27.62611749680715,-1.3060743933588732,16.196719348659002,15.904374201787993,-0.29234514687100877,17.705743605049403,24.297531988380666,6.591788383331263
stored_ordinal,broad_tail,0.11,ssp585,heatwave_extreme,100224,100224,28.365461366538952,45.86326628352491,17.497804916985956,24.954102809706256,42.04681513409962,17.09271232439336,44.20797413793103,59.25726372924649,15.049289591315457,55.58947956577267,69.71982758620689,14.13034802043422,27.22401819923372,23.856561302681992,-3.367456896551726,15.84251277139208,13.39699074074074,-2.4455220306513397,22.797055884853027,39.39150307313872,16.594447188285695
stored_ordinal,broad_tail,0.11,ssp585,hot,100224,100224,28.12599776500638,44.903416347381864,16.777418582375482,24.631824712643677,41.13984674329502,16.50802203065134,44.88246328224776,58.660600255427845,13.778136973180082,57.209849936143044,69.45741538952745,12.24756545338441,29.083852171136655,24.553999042145595,-4.529853128991061,16.756465517241377,13.757183908045977,-2.9992816091953998,22.551235829370956,38.86772021900502,16.316484389634066
stored_ordinal,broad_tail,0.11,ssp585,typical,100224,100224,24.026181353767562,40.30870849297574,16.282527139208177,20.03412356321839,36.1749680715198,16.14084450830141,40.06625159642401,54.326309067688385,14.260057471264375,51.89475574712644,65.48431513409962,13.589559386973178,27.868574393358873,25.17560664112388,-2.692967752234992,16.040070242656448,14.018598339719029,-2.021471902937419,18.70402188007155,32.47015897366521,13.766137093593656
stored_ordinal,broad_tail,0.12,ssp245,heatwave_extreme,100224,100224,23.816650702426564,34.35005587484036,10.533405172413794,19.59810025542784,29.69647988505747,10.09837962962963,39.91758461047254,49.33848180076628,9.420897190293744,52.08632662835249,60.2191091954023,8.132782567049809,28.269675925925924,25.869053320561942,-2.4006226053639814,16.100933908045977,14.988425925925927,-1.11250798212005,19.24670345710757,28.358905729680377,9.112202272572805
stored_ordinal,broad_tail,0.12,ssp245,hot,100224,100224,23.02043422733078,33.38122605363984,10.360791826309061,19.143119412515965,28.24273627075351,9.099616858237546,39.6481880587484,49.64878671775224,10.000598659003835,52.553280651341,61.18295019157088,8.629669540229884,29.532846424010216,27.801724137931032,-1.7311222860791844,16.627753831417625,16.267560664112388,-0.360193167305237,18.781877406277093,26.954615246997022,8.172737840719929
stored_ordinal,broad_tail,0.12,ssp245,typical,100224,100224,19.407527139208174,26.747086526181352,7.339559386973178,15.011374521072796,22.37088920817369,7.359514687100894,35.433628671775224,42.2433748403576,6.809746168582379,48.11821519795657,54.00702426564495,5.888809067688378,28.710688058748403,27.259937739463602,-1.4507503192848006,16.027099297573436,15.496288314176246,-0.5308109833971901,15.343718491534403,22.00735916689654,6.663640675362135
stored_ordinal,broad_tail,0.12,ssp585,heatwave_extreme,100224,100224,24.494133141762454,42.5437021072797,18.049568965517246,20.818366858237546,38.74820402298851,17.929837164750964,39.793861749680715,55.7132024265645,15.919340676883785,51.4297972541507,66.15581098339719,14.726013729246489,26.935664112388253,23.612108876117496,-3.3235552362707566,15.299728607918265,13.171495849297573,-2.128232758620692,20.29758346332125,37.13492410076441,16.83734063744316
stored_ordinal,broad_tail,0.12,ssp585,hot,100224,100224,24.219747765006385,41.789391762452105,17.56964399744572,20.368374840357596,38.03579980842912,17.667424968071522,40.39850734355045,55.12352330779054,14.725015964240093,53.099058109833976,65.88940772669221,12.790349616858236,28.879310344827587,24.1000159642401,-4.779294380587487,16.17875957854406,13.334131545338442,-2.844628033205618,20.049917114307778,36.7573111735464,16.70739405923862
stored_ordinal,broad_tail,0.12,ssp585,typical,100224,100224,20.459171455938694,36.770633780332055,16.31146232439336,16.226652298850574,32.26173371647509,16.035081417624518,35.32088122605364,50.942887931034484,15.62200670498084,47.57143997445721,61.98116219667944,14.409722222222229,27.11226851851852,25.210528416347383,-1.9017401021711358,14.861709770114942,14.172254150702427,-0.6894556194125148,16.222336893452532,30.246628687345368,14.024291793892836
stored_ordinal,broad_tail,0.13,ssp245,heatwave_extreme,100224,100224,20.677681992337167,31.04845146871009,10.370769476372924,16.78440293742018,26.656289910600258,9.871886973180079,35.86166985951469,45.86426404853129,10.002594189016598,45.56693007662835,54.77530332056194,9.208373243933586,24.88924808429119,23.72685185185185,-1.1623962324393382,15.184985632183908,14.81780810983397,-0.3671775223499374,15.659817308284671,24.599051553033558,8.939234244748887
stored_ordinal,broad_tail,0.13,ssp245,hot,100224,100224,20.180795019157088,29.75235472541507,9.571559706257982,16.420218710089397,24.861310664112388,8.44109195402299,35.4635616219668,45.87224616858238,10.408684546615582,45.49109993614304,55.47972541507025,9.988625478927212,25.310304916985952,25.72737068965517,0.4170657726692184,15.282766602809705,16.12188697318008,0.8391203703703738,15.076231357295192,23.0832318648624,8.00700050756721
stored_ordinal,broad_tail,0.13,ssp245,typical,100224,100224,16.133860153256705,23.566211685823752,7.432351532567047,12.573834610472542,19.719827586206897,7.145992975734355,31.452546296296298,38.415948275862064,6.9634019795657665,41.26456736909323,47.75303320561941,6.488465836526181,25.13070721583653,24.186821519795657,-0.9438856960408728,15.318686143039592,14.8507343550447,-0.4679517879948918,12.238937260069536,18.753256669301386,6.514319409231851
stored_ordinal,broad_tail,0.13,ssp585,heatwave_extreme,100224,100224,21.517800127713922,39.59131545338442,18.073515325670495,18.013649425287355,36.19193007662835,18.178280651340998,36.02231002554279,52.78476213282248,16.762452107279692,45.1937659642401,61.02729885057471,15.83353288633461,23.67596583652618,21.435983397190295,-2.2399824393358863,14.504509897828862,13.19344667943806,-1.311063218390803,16.915442016627974,33.624656310740534,16.70921429411256
stored_ordinal,broad_tail,0.13,ssp585,hot,100224,100224,21.104725415070245,38.904853128991064,17.80012771392082,17.52374680715198,35.66411238825032,18.140365581098337,36.48926404853129,51.90373563218391,15.41447158365262,46.349177841634734,60.33385217113666,13.984674329501928,25.244452426564497,21.428999042145595,-3.815453384418902,15.384538633461048,13.00087803320562,-2.3836606002554284,16.56372595769784,33.5115875737083,16.947861616010456
stored_ordinal,broad_tail,0.13,ssp585,typical,100224,100224,17.3062340357599,33.4889846743295,16.1827506385696,13.900862068965516,29.283405172413797,15.382543103448281,31.539351851851855,47.359913793103445,15.82056194125159,40.87045019157088,56.27195083014048,15.401500638569601,23.564216155810982,22.782966155810982,-0.78125,14.233117816091953,13.870929118773947,-0.36218869731800574,12.938108284765887,26.35105148594209,13.412943201176203
stored_ordinal,broad_tail,0.14,ssp245,heatwave_extreme,100224,100224,18.18027618135377,28.35149265644955,10.171216475095783,14.926564495530013,24.61286717752235,9.686302681992338,34.423890485312896,44.55120530012772,10.127314814814824,44.55020753512133,53.92420977011494,9.374002234993611,26.369931353767562,25.572717113665387,-0.7972142401021749,16.24361430395913,16.19971264367816,-0.04390166028096942,15.369284720078408,24.329367839390134,8.960083119311726
stored_ordinal,broad_tail,0.14,ssp245,hot,100224,100224,17.778176883780333,26.782008301404854,9.003831417624522,14.585328863346106,22.72509578544061,8.139766922094505,34.0676883780332,44.48734833971903,10.419659961685824,44.39754948914432,54.55379948914432,10.15625,26.619372605363985,27.771791187739463,1.1524185823754785,16.289511494252874,17.705340038314176,1.415828544061302,14.79200865510406,22.809324930424516,8.017316275320455
stored_ordinal,broad_tail,0.14,ssp245,typical,100224,100224,13.813058748403575,21.113705300127712,7.300646551724137,11.050247445721585,17.985712005108557,6.935464559386972,30.01177362707535,37.05699233716475,7.045218710089401,40.28176883780332,46.609594508301406,6.327825670498086,26.468710089399742,25.49588920817369,-0.9728208812260526,16.198714878671776,15.943287037037038,-0.255427841634738,11.995937805927676,18.471576242282538,6.475638436354862
stored_ordinal,broad_tail,0.14,ssp585,heatwave_extreme,100224,100224,19.29877075351213,37.337364303959134,18.038593550447004,16.251596424010216,34.422892720306514,18.171296296296298,34.67732279693487,51.55052681992337,16.873204022988503,44.29577745849297,60.27498403575989,15.979206577266922,24.997006704980844,22.937619731800766,-2.0593869731800787,15.378552043422733,14.214160280970626,-1.164391762452107,16.670411210831315,33.341346656884404,16.67093544605309
stored_ordinal,broad_tail,0.14,ssp585,hot,100224,100224,18.810863665389526,36.639926564495525,17.829062899106,15.741738505747128,33.991858237547895,18.250119731800766,35.04948914431673,50.72936621966795,15.679877075351222,45.499082056194126,59.49074074074075,13.991658684546621,26.688218390804597,22.85081417624521,-3.8374042145593883,16.238625478927204,14.089439655172415,-2.14918582375479,16.33390746395493,33.222934132728156,16.889026668773226
stored_ordinal,broad_tail,0.14,ssp585,typical,100224,100224,14.954501915708812,30.58848180076628,15.63397988505747,12.29845146871009,27.148188058748403,14.849736590038313,30.210328863346103,46.2264527458493,16.016123882503198,39.764926564495525,55.43283045977011,15.667903895274584,24.810424648786718,24.84434865900383,0.03392401021711322,15.255826947637294,15.637970945083012,0.38214399744571814,12.633988369701864,26.11085279075048,13.476864421048617
stored_ordinal,broad_tail,0.15,ssp245,heatwave_extreme,100224,100224,16.094947318007662,26.111510217113665,10.016562899106003,13.474816411238825,23.209011813537675,9.73419540229885,33.22457694763729,43.33393199233716,10.109355044699875,42.047812899106,51.31505427841635,9.267241379310349,25.95286558109834,25.20354406130268,-0.7493215197956609,17.12962962962963,17.2224217752235,0.09279214559386872,14.667751954316316,23.436872577541372,8.769120623225056
stored_ordinal,broad_tail,0.15,ssp245,hot,100224,100224,15.748722860791824,24.3235153256705,8.574792464878675,13.218390804597702,21.308269476372924,8.089878671775223,32.83644636015325,43.30399904214559,10.467552681992338,42.11166985951469,51.91870210727969,9.807032247765001,26.362946998722858,27.595186781609193,1.2322397828863352,17.08772349936143,18.980483716475096,1.8927602171136648,14.128682148860214,21.911278946232272,7.782596797372058
stored_ordinal,broad_tail,0.15,ssp245,typical,100224,100224,11.97816890166028,19.180036717752238,7.201867816091957,9.899824393358877,16.760456577266922,6.860632183908045,28.73463441890166,36.016323435504475,7.281689016602815,37.93502554278416,44.254869093231164,6.319843550447004,25.95685664112388,25.074832375478927,-0.8820242656449544,16.756465517241377,16.836286717752238,0.07982120051086028,11.247203156657422,17.80802525348163,6.560822096824209
stored_ordinal,broad_tail,0.15,ssp585,heatwave_extreme,100224,100224,17.35612228607918,35.43662196679438,18.080499680715196,14.961486270753513,32.947198275862064,17.985712005108553,33.4610472541507,50.489902618135375,17.028855363984675,42.00191570881226,58.08987867177522,16.087962962962955,24.645793422733078,22.653256704980844,-1.992536717752234,16.10492496807152,15.053280651340998,-1.0516443167305205,15.908493380208292,32.619921270356826,16.711427890148535
stored_ordinal,broad_tail,0.15,ssp585,hot,100224,100224,16.815333652618136,34.897828863346106,18.08249521072797,14.406728927203066,32.7147190293742,18.307990102171136,33.72745051085568,49.701668263090674,15.974217752234992,43.09247286079182,57.4423291826309,14.349856321839077,26.27713920817369,22.5445003192848,-3.7326388888888893,16.912116858237546,14.803839399744573,-2.1082774584929727,15.556785830595372,32.55090303355955,16.994117202964176
stored_ordinal,broad_tail,0.15,ssp585,typical,100224,100224,13.122605363984674,28.2437340357599,15.121128671775226,10.996368135376757,25.45697637292465,14.460608237547893,29.008022030651343,45.29054916985951,16.282527139208167,37.46807151979566,53.68773946360154,16.21966794380588,24.345466155810982,25.44400542784164,1.0985392720306564,15.885416666666666,17.046815134099617,1.1613984674329512,11.97673710940682,25.514140846467143,13.537403737060323
stored_ordinal,broad_tail,0.16,ssp245,heatwave_extreme,100224,100224,14.347860791826308,24.210767879948914,9.862907088122606,12.264527458492976,21.910919540229884,9.646392081736908,31.967393039591315,42.29426085568327,10.326867816091955,40.49429278416347,49.92616538952746,9.431872605363992,26.146431992337167,25.71539750957854,-0.4310344827586263,17.619532247765008,18.083492975734355,0.4639607279693472,14.247117142900942,23.084989856954756,8.837872714053814
stored_ordinal,broad_tail,0.16,ssp245,hot,100224,100224,14.020593869731801,22.37088920817369,8.350295338441889,12.051005747126437,19.996208492975732,7.945202745849295,31.606202107279696,42.246368135376756,10.64016602809706,40.338641443167305,50.55076628352491,10.212124840357603,26.318047573435503,28.17987707535121,1.8618295019157074,17.58560823754789,19.875478927203066,2.2898706896551744,13.743211583148957,21.528026224206275,7.784814641057318
stored_ordinal,broad_tail,0.16,ssp245,typical,100224,100224,10.526420817369093,17.602570242656448,7.076149425287355,8.96691411238825,15.809586526181354,6.842672413793103,27.596184546615582,34.93873722860792,7.342552681992338,36.18793901660281,42.77418582375479,6.58624680715198,25.66151819923372,25.17161558109834,-0.4899026181353783,17.069763729246485,17.33616698595147,0.266403256704983,10.882030342527077,17.395429756184242,6.513399413657165
stored_ordinal,broad_tail,0.16,ssp585,heatwave_extreme,100224,100224,15.690852490421456,33.80527618135377,18.114423690932313,13.800087803320563,31.80475734355045,18.004669540229884,32.3525303320562,49.722621328224776,17.370090996168578,40.467353128991064,56.70098978288634,16.233636653895275,24.776500638569605,22.895713601532567,-1.880787037037038,16.661677841634738,15.917345146871009,-0.7443326947637292,15.532652209388868,32.30476430424802,16.77211209485915
stored_ordinal,broad_tail,0.16,ssp585,hot,100224,100224,15.177003512132822,33.436103128991064,18.259099616858244,13.254310344827585,31.62615740740741,18.371847062579825,32.57004310344828,48.943366858237546,16.37332375478927,41.442169540229884,56.086366538952745,14.644196998722862,26.265166028097063,22.650263409961685,-3.6149026181353783,17.393039591315453,15.507263729246487,-1.8857758620689662,15.14167594321227,32.26960721005526,17.127931266842992
stored_ordinal,broad_tail,0.16,ssp585,typical,100224,100224,11.711765644955301,26.197318007662833,14.485552362707532,9.885855683269476,24.152897509578544,14.267041826309068,27.9713441890166,44.23790708812261,16.26656289910601,36.12108876117497,52.21004948914432,16.08896072796935,24.409323116219667,26.01273148148148,1.6034083652618136,16.259578544061306,18.04058908045977,1.7810105363984654,11.641769447490988,25.147854525396085,13.506085077905096
stored_ordinal,broad_tail,0.17,ssp245,heatwave_extreme,100224,100224,12.865181992337165,22.559466794380587,9.694284802043422,11.204901021711366,20.72058588761175,9.515684865900385,30.367975734355046,40.85448595146871,10.486510217113665,40.4015006385696,49.79545817369093,9.39395753512133,27.536318646232438,27.23599137931034,-0.3003272669220962,17.50279374201788,18.29501915708812,0.7922254150702415,14.220822968203928,22.9956202172214,8.774797249017473
stored_ordinal,broad_tail,0.17,ssp245,hot,100224,100224,12.648666985951468,20.65972222222222,8.011055236270753,10.9863904853129,18.804877075351214,7.818486590038315,30.000798212005108,40.73475415070243,10.73395593869732,40.25882024265645,50.42105683269477,10.162236590038319,27.610153256704983,29.761334610472538,2.151181353767555,17.35213122605364,20.075031928480204,2.722900702426564,13.716283749699182,21.438347209010086,7.722063459310904
stored_ordinal,broad_tail,0.17,ssp245,typical,100224,100224,9.290189974457217,16.300486909323116,7.010296934865899,8.038992656449553,14.874680715197957,6.835688058748405,26.088561621966793,33.47601372924649,7.387452107279696,36.113106641123885,42.68538473818646,6.572278097062572,26.822916666666668,26.384897828863345,-0.4380188378033232,16.798371647509576,17.175526819923373,0.37715517241379715,10.853218559464109,17.357379694405694,6.504161134941585
stored_ordinal,broad_tail,0.17,ssp585,heatwave_extreme,100224,100224,14.314934546615582,32.32259738186462,18.007662835249036,12.768398786717752,30.74014208173691,17.97174329501916,30.87184706257982,48.399584929757346,17.527737867177525,40.37456098339719,56.62515964240102,16.250598659003835,26.059626436781606,24.302562260536398,-1.7570641762452084,16.55691251596424,16.07698754789272,-0.4799249680715185,15.490282554642903,32.20592798803488,16.715645433391977
stored_ordinal,broad_tail,0.17,ssp585,hot,100224,100224,13.850973818646231,32.099098020434226,18.248124201787995,12.262531928480204,30.66630747126437,18.403775542784167,31.00854086845466,47.598379629629626,16.589838761174967,41.36035280970626,56.01552522349936,14.655172413793103,27.509378991060025,23.916427203065137,-3.5929517879948882,17.157567049808428,15.499281609195403,-1.6582854406130245,15.100276961440862,32.17706257965137,17.076785618210508
stored_ordinal,broad_tail,0.17,ssp585,typical,100224,100224,10.491499042145595,24.458213601532567,13.966714559386972,9.028775542784164,22.967552681992338,13.938777139208174,26.49764527458493,42.7801724137931,16.282527139208174,36.03228767560664,52.12623722860792,16.09394955300128,25.540788633461048,27.66802362707535,2.1272349936143016,16.006146232439335,18.321958812260537,2.315812579821202,11.598710986647463,25.085762053720146,13.487051067072683
stored_ordinal,broad_tail,0.18,ssp245,heatwave_extreme,100224,100224,11.628951149425287,21.099736590038315,9.470785440613028,10.224098020434228,19.76971583652618,9.545617816091953,29.01700191570881,39.47058588761175,10.453583971902937,39.14830779054917,48.930395913154534,9.782088122605366,27.51935664112388,27.83065932311622,0.3113026819923377,17.388050766283524,18.370849297573436,0.9827985312899123,13.74341732878631,22.663464703403143,8.920047374616834
stored_ordinal,broad_tail,0.18,ssp245,hot,100224,100224,11.401460727969347,19.200989782886335,7.799529054916988,9.97066570881226,17.761214878671776,7.790549169859515,28.67776181353768,39.26205300127714,10.58429118773946,39.102410600255425,49.51009738186462,10.407686781609193,27.700949872286078,30.30910759897829,2.6081577266922125,17.276301085568328,20.061063218390803,2.7847621328224754,13.344962398143922,21.072400792004252,7.72743839386033
stored_ordinal,broad_tail,0.18,ssp245,typical,100224,100224,8.290429438058748,15.077227011494255,6.786797573435507,7.308628671775224,13.966714559386972,6.658085887611748,24.83536877394636,32.32359514687101,7.488226372924647,34.39495530012772,41.791387292464876,7.396431992337156,26.104525862068968,26.714160280970628,0.6096344189016598,16.544939335887612,17.24736590038314,0.7024265644955285,10.348402208378888,17.002790564351645,6.654388355972758
stored_ordinal,broad_tail,0.18,ssp585,heatwave_extreme,100224,100224,13.136574074074073,31.093350893997446,17.956776819923373,11.809546615581098,29.839160280970628,18.02961366538953,29.436063218390807,47.29705459770115,17.86099137931034,38.81305874840358,55.929717432950184,17.116658684546607,25.6764846743295,24.836366538952745,-0.8401181353767555,16.29948914431673,16.203703703703702,-0.09578544061302807,14.956619125553186,31.959130124088205,17.00251099853502
stored_ordinal,broad_tail,0.18,ssp585,hot,100224,100224,12.670617816091953,30.942688378033207,18.272070561941256,11.415429438058748,29.81820721583653,18.402777777777782,29.53683748403576,46.480882822477646,16.944045338441885,39.786877394636015,55.37096902937421,15.584091634738193,27.11625957854406,24.428280651340998,-2.687978927203062,16.866219667943806,15.538194444444445,-1.3280252234993615,14.57282691802286,31.932782672534092,17.359955754511233
stored_ordinal,broad_tail,0.18,ssp585,typical,100224,100224,9.40493295019157,22.984514687100894,13.579581736909324,8.183668582375478,21.80316091954023,13.61949233716475,25.34622445721584,41.714559386973185,16.368334929757346,34.651380906768836,51.398866538952745,16.74748563218391,25.246447956577267,28.414351851851855,3.1679038952745877,15.941291507024266,18.730044699872288,2.788753192848022,11.162543689353914,24.824731280304473,13.662187590950559
stored_ordinal,broad_tail,0.19,ssp245,heatwave_extreme,100224,100224,10.600255427841635,19.83057950191571,9.230324074074076,9.359035759897829,18.731042464878673,9.372006704980844,26.162396232439335,37.115860472541506,10.953464240102171,35.668103448275865,45.77945402298851,10.111350574712645,25.067848020434226,25.948874521072796,0.8810265006385691,15.562140804597702,17.2852809706258,1.723140166028097,10.416402943920982,19.17564793276088,8.7592449888399
stored_ordinal,broad_tail,0.19,ssp245,hot,100224,100224,10.318885696040867,17.937819284802043,7.618933588761175,8.979885057471265,16.73251915708812,7.752634099616856,26.05264208173691,36.28372445721584,10.23108237547893,35.59825989782887,46.052841634738186,10.454581736909319,25.279374201787995,28.11502234993614,2.8356481481481453,15.73375638569604,18.345905172413794,2.6121487867177535,10.141624832836554,17.42984718063186,7.2882223477953065
stored_ordinal,broad_tail,0.19,ssp245,typical,100224,100224,7.441331417624521,14.15529214559387,6.71396072796935,6.538354086845466,13.087683588761175,6.549329501915709,22.38286238825032,29.35125319284802,6.9683908045977,30.973619093231164,38.69931353767561,7.725694444444443,23.532287675606643,24.544021392081735,1.0117337164750921,14.941530970625799,15.19596104725415,0.25443007662835093,7.859597332457471,14.021893057624258,6.1622957251667865
stored_ordinal,broad_tail,0.19,ssp585,heatwave_extreme,100224,100224,12.032048212005108,29.975854086845466,17.943805874840358,10.864663154533845,28.85137292464879,17.986709770114942,26.749082056194123,45.492097701149426,18.743015644955303,35.51943646232439,53.26169380587484,17.74225734355045,23.487388250319285,23.285839719029376,-0.2015485312899088,14.717033844189018,15.51624361430396,0.7992097701149419,11.62191220177357,29.088181222683772,17.466269020910204
stored_ordinal,broad_tail,0.19,ssp585,hot,100224,100224,11.656888569604087,29.88904853128991,18.232159961685824,10.55735153256705,28.949153895274588,18.391802362707537,26.5205938697318,44.7547493614304,18.234155491698598,36.084171455938694,52.68797892720306,16.603807471264368,24.427282886334613,22.798930395913157,-1.628352490421456,14.863705300127714,14.865700830140485,0.00199553001277053,11.265890015785393,29.22327651256611,17.957386496780714
stored_ordinal,broad_tail,0.19,ssp585,typical,100224,100224,8.50794220945083,21.683429118773947,13.175486909323118,7.409402937420179,20.65573116219668,13.246328224776502,23.15014367816092,39.449632822477646,16.299489144316727,31.648108237547895,48.386613984674334,16.73850574712644,23.140166028097063,26.703184865900383,3.5630188378033196,14.64220146871009,17.766203703703702,3.124002234993613,8.549922588468297,21.388572055106643,12.838649466638346
stored_ordinal,broad_tail,0.2,ssp245,heatwave_extreme,100224,100224,9.642401021711366,18.691131864623244,9.048730842911878,8.566810344827585,17.64846743295019,9.081657088122606,24.27662037037037,35.35680076628353,11.080180395913157,33.49497126436782,43.88370051085568,10.388729246487863,23.852570242656448,25.192568646232438,1.33999840357599,14.634219348659002,16.66566890166028,2.031449553001277,9.490231783838809,17.98443811686409,8.494206333025282
stored_ordinal,broad_tail,0.2,ssp245,hot,100224,100224,9.336087164750957,16.769436462324393,7.433349297573436,8.136773627075351,15.638968710089399,7.502195083014048,24.165868454661556,34.37799329501915,10.212124840357596,33.36127075351214,43.96152618135377,10.600255427841631,24.025183588761177,27.192089719029372,3.1669061302681953,14.829781289910601,17.608556832694763,2.778775542784162,9.17248312883851,16.314959279269484,7.142476150430975
stored_ordinal,broad_tail,0.2,ssp245,typical,100224,100224,6.687021072796935,13.350095785440613,6.663074712643678,5.917744252873564,12.311422413793103,6.393678160919539,20.58688537675607,27.544300766283524,6.957415389527455,28.994053320561942,36.73571200510855,7.741658684546611,22.307032247765008,23.38561621966794,1.0785839719029333,13.89986430395913,14.194204980842912,0.29434067688378107,7.08454153461552,13.100806349756141,6.016264815140621
stored_ordinal,broad_tail,0.2,ssp585,heatwave_extreme,100224,100224,11.000359195402298,28.89727011494253,17.896910919540232,10.027538314176246,27.894516283524908,17.86697796934866,25.05487707535121,43.899664750957854,18.844787675606643,33.79030970625798,51.64930555555556,17.858995849297578,22.789950510855682,22.752035440613028,-0.03791507024265428,14.054517879948914,15.002394636015326,0.9478767560664121,10.719266764405742,28.035963653539646,17.316696889133905
stored_ordinal,broad_tail,0.2,ssp585,hot,100224,100224,10.716993933588762,28.8922812899106,18.17528735632184,9.726213282247766,28.068127394636015,18.34191411238825,24.689695083014048,43.232159961685824,18.542464878671776,34.12356321839081,51.01672254150702,16.893159323116215,23.406569284802043,22.124441251596423,-1.2821280332056197,13.972701149425287,14.339878671775224,0.3671775223499374,10.367174264817484,28.219346835298335,17.852172570480853
stored_ordinal,broad_tail,0.2,ssp585,typical,100224,100224,7.665828544061302,20.492097701149426,12.826269157088124,6.70897190293742,19.561182950191572,12.852211047254151,21.49884259259259,37.62771392081737,16.12887132822478,29.84714240102171,46.53575989782887,16.688617496807158,22.181313856960408,26.043662196679442,3.862348339719034,13.83301404853129,17.13561621966794,3.3026021711366518,7.788823442678809,20.19691231682258,12.408088874143772
stored_ordinal,broad_tail,0.21,ssp245,heatwave_extreme,100224,100224,8.733437100893997,17.670418263090674,8.936981162196677,7.769596104725415,16.5249840357599,8.755387931034484,22.87176724137931,33.752394636015325,10.880627394636015,30.475734355044697,41.03707694763729,10.561342592592592,21.742297254150703,23.366658684546614,1.6243614303959113,14.138330140485314,16.08197637292465,1.9436462324393364,8.060977187411417,15.728329624217885,7.667352436806468
stored_ordinal,broad_tail,0.21,ssp245,hot,100224,100224,8.377234993614303,15.744731800766285,7.367496807151982,7.254749361430396,14.615261813537675,7.360512452107279,22.660241060025545,32.743654214559385,10.08341315453384,30.115541187739463,40.8415150063857,10.725973818646235,21.73830619412516,25.09678320561941,3.3584770114942515,14.283006066411238,16.998922413793103,2.7159163473818655,7.593972438959116,14.138517451605143,6.544545012646027
stored_ordinal,broad_tail,0.21,ssp245,typical,100224,100224,5.964639208173691,12.577825670498086,6.613186462324395,5.255228288633461,11.569085249042145,6.313856960408684,19.333692528735632,26.23822637292465,6.904533844189018,26.086566091954023,33.762372286079184,7.675806194125162,20.121926883780333,21.184546615581098,1.0626197318007655,13.36905332056194,13.660400702426564,0.2913473818646235,5.906156679645899,11.599396456307632,5.693239776661733
stored_ordinal,broad_tail,0.21,ssp585,heatwave_extreme,100224,100224,10.15126117496807,27.821679438058748,17.670418263090678,9.20138888888889,26.93067528735632,17.72928639846743,23.691930076628353,42.572637292464876,18.880707215836523,31.028496168582375,49.09003831417624,18.061542145593865,20.877234993614305,21.268358876117496,0.39112388250319086,13.540668901660279,14.75095785440613,1.2102889527458505,9.233587410242254,25.767641695242073,16.53405428499982
stored_ordinal,broad_tail,0.21,ssp585,hot,100224,100224,9.796056832694763,27.905491698595146,18.109434865900383,8.878113026819925,27.189096424010216,18.31098339719029,23.31677043422733,42.0338441890166,18.71707375478927,31.15022349936143,48.47441730523627,17.32419380587484,21.354166666666664,20.568925606641127,-0.7852410600255375,13.520713601532567,14.128352490421456,0.6076388888888893,8.901166397315793,26.162740187892812,17.261573790577017
stored_ordinal,broad_tail,0.21,ssp585,typical,100224,100224,6.937460089399744,19.344667943805874,12.40720785440613,6.052442528735632,18.513529693486593,12.46108716475096,20.16682630906769,36.22784961685824,16.061023307790546,27.11925287356322,43.72006704980843,16.60081417624521,20.181792784163473,24.375399106002554,4.193606321839081,13.229366219667943,16.883181673052363,3.6538154533844196,6.572419485105689,17.888748439614314,11.316328954508625
stored_ordinal,broad_tail,0.22,ssp245,heatwave_extreme,100224,100224,7.892321200510856,16.66866219667944,8.776340996168582,7.051205300127713,15.510257024265645,8.459051724137932,22.626317049808428,33.525901979565774,10.899584929757346,30.475734355044697,41.03607918263091,10.56034482758621,22.583413154533844,24.36741698595147,1.7840038314176248,14.733995849297573,16.857239782886335,2.1232439335887623,8.060867856002952,15.727694920074779,7.666827064071827
stored_ordinal,broad_tail,0.22,ssp245,hot,100224,100224,7.451309067688378,14.720027139208176,7.268718071519798,6.470506066411239,13.694324712643677,7.223818646232439,22.365900383141764,32.45130906768838,10.085408684546614,30.114543422733075,40.83951947637293,10.724976053639853,22.6632343550447,26.11949233716475,3.45625798212005,14.914591315453386,17.731281928480204,2.816690613026818,7.593727489181084,14.13789379815923,6.544166308978145
stored_ordinal,broad_tail,0.22,ssp245,typical,100224,100224,5.2911478288633464,11.835488505747128,6.544340676883781,4.6426005747126435,10.899584929757342,6.256984355044699,19.04932950191571,25.98279853128991,6.933469029374198,26.085568326947637,33.761374521072796,7.675806194125158,20.79442049808429,21.92588601532567,1.1314655172413808,13.758181673052365,14.147310025542783,0.38912835249041855,5.905257195350784,11.59914045783507,5.6938832624842854
stored_ordinal,broad_tail,0.22,ssp585,heatwave_extreme,100224,100224,9.396950830140485,26.836885376756065,17.439934546615582,8.462045019157088,25.991778416347383,17.529733397190295,23.42852011494253,42.363106641123885,18.934586526181356,31.027498403575986,49.08904054916986,18.061542145593872,21.630547573435503,22.252155172413794,0.6216075989782901,14.031569284802043,15.526221264367814,1.4946519795657718,9.232539342334071,25.767223793441506,16.534684451107434
stored_ordinal,broad_tail,0.22,ssp585,hot,100224,100224,8.992856002554278,26.985552362707537,17.99269636015326,8.123802681992338,26.326029693486593,18.202227011494255,22.98251915708812,41.83229565772669,18.84977650063857,31.149225734355046,48.473419540229884,17.324193805874838,22.156369731800766,21.48786717752235,-0.6685025542784153,13.989663154533844,14.846743295019158,0.8570801404853139,8.900118329407611,26.16199615634658,17.261877826938967
stored_ordinal,broad_tail,0.22,ssp585,typical,100224,100224,6.2240581098339725,18.352889527458494,12.128831417624522,5.473738825031928,17.468869731800766,11.995130906768837,19.852530332056194,36.00933908045977,16.156808748403574,27.11825510855683,43.71807151979566,16.599816411238827,20.89419699872286,25.365181992337167,4.470984993614305,13.628472222222221,17.656449553001277,4.027977330779056,6.572227107247201,17.887989572336863,11.315762465089662
stored_ordinal,broad_tail,0.23,ssp245,heatwave_extreme,100224,100224,7.116060025542784,15.625,8.508939974457217,6.2948994252873565,14.50051883780332,8.205619412515963,22.338960727969347,33.30040708812261,10.961446360153264,30.47074553001277,41.03308588761175,10.562340357598977,23.354685504469987,25.408085887611747,2.05340038314176,15.222900702426564,17.675407088122604,2.45250638569604,8.06020267933203,15.725749010055551,7.665546330723522
stored_ordinal,broad_tail,0.23,ssp245,hot,100224,100224,6.607199872286079,13.751197318007662,7.143997445721583,5.716195721583653,12.720506066411238,7.0043103448275845,22.13741219667944,32.13501756066412,9.997605363984679,30.10955459770115,40.83852171136654,10.72896711366539,23.50235472541507,27.087324393358873,3.5849696679438026,15.530212324393359,18.383820242656448,2.853607918263089,7.592937744837787,14.135807663644384,6.542869918806597
stored_ordinal,broad_tail,0.23,ssp245,typical,100224,100224,4.711446360153257,11.06022509578544,6.348778735632184,4.031968390804598,10.176205300127714,6.144236909323117,18.7080938697318,25.752314814814813,7.044220945083012,26.079581736909326,33.753392401021706,7.673810664112381,21.36813537675607,22.69316730523627,1.3250319284802003,13.996647509578544,14.692089719029374,0.6954422094508299,5.90463813000695,11.597862335959972,5.693224205953022
stored_ordinal,broad_tail,0.23,ssp585,heatwave_extreme,100224,100224,8.618694125159642,25.762292464878673,17.14359833971903,7.755627394636015,25.061861430395915,17.3062340357599,23.123204022988507,42.14858716475096,19.02538314176245,31.019516283524908,49.07806513409962,18.05854885057471,22.400822158365262,23.315772669220944,0.9149505108556824,14.504509897828862,16.386294699872288,1.8817848020434251,9.231132465217218,25.765307174378627,16.53417470916141
stored_ordinal,broad_tail,0.23,ssp585,hot,100224,100224,8.19963282247765,26.02470466155811,17.82507183908046,7.376476692209451,25.50985791826309,18.13338122605364,22.642281289910603,41.64072477650064,18.998443486590038,31.138250319284804,48.46443965517241,17.32618933588761,22.93861749680715,22.439734993614305,-0.49888250319284566,14.44264846743295,15.616020114942527,1.173371647509578,8.898361296591075,26.159843313110542,17.261482016519466
stored_ordinal,broad_tail,0.23,ssp585,typical,100224,100224,5.630387931034483,17.420977011494255,11.790589080459771,4.904015006385696,16.518997445721585,11.61498243933589,19.512292464878673,35.792824074074076,16.280531609195403,27.11725734355045,43.6941251596424,16.576867816091948,21.486869412515965,26.273148148148145,4.78627873563218,13.881904533844189,18.37184706257982,4.489942528735632,6.571666731959905,17.885244755788825,11.31357802382892
stored_ordinal,broad_tail,0.24,ssp245,heatwave_extreme,100224,100224,6.3757183908045985,14.607279693486591,8.231561302681992,5.621408045977012,13.462843231162196,7.841435185185184,20.244651979565774,31.408644636015325,11.163992656449551,30.465756704980844,41.029094827586206,10.563338122605362,24.090038314176248,26.421815134099617,2.3317768199233697,13.868933588761175,16.801364942528735,2.9324313537675604,8.059912016756945,15.725416824255452,7.6655048074985075
stored_ordinal,broad_tail,0.24,ssp245,hot,100224,100224,5.842911877394636,12.821280332056196,6.97836845466156,5.01676245210728,11.727729885057471,6.710967432950191,20.04809227330779,29.88206417624521,9.833971902937417,30.105563537675607,40.82654853128991,10.720984993614302,24.26265166028097,28.00526819923372,3.742616538952749,14.205180395913155,17.060783844189018,2.855603448275863,7.5924809893626515,14.134863275628268,6.5423822862656165
stored_ordinal,broad_tail,0.24,ssp245,typical,100224,100224,4.106800766283525,10.325870051085568,6.219069284802043,3.521112707535121,9.496727330779056,5.975614623243935,16.961007343550445,23.978288633461048,7.017281289910603,26.07758620689655,33.7474058109834,7.66981960408685,21.970785440613028,23.42153575989783,1.4507503192848006,12.854206577266922,13.652418582375478,0.7982120051085566,5.904528796595822,11.597530150159873,5.693001353564051
stored_ordinal,broad_tail,0.24,ssp585,heatwave_extreme,100224,100224,7.8813457854406135,24.755547573435503,16.874201787994892,7.058189655172415,24.11198914431673,17.053799489144318,21.245410280970624,40.478328544061306,19.23291826309068,31.01153416347382,49.07307630906769,18.06154214559387,23.130188378033207,24.317528735632184,1.187340357598977,13.364064495530013,15.722780970625799,2.358716475095786,9.230721422539139,25.764974988578533,16.534253566039396
stored_ordinal,broad_tail,0.24,ssp585,hot,100224,100224,7.426364942528736,25.1187340357599,17.692369093231164,6.601213282247766,24.62883141762452,18.027618135376756,20.812380268199234,40.097182311621964,19.28480204342273,31.133261494252874,48.45645753512133,17.323196040868456,23.70689655172414,23.33772349936143,-0.3691730523627079,13.386015325670497,14.97844827586207,1.5924329501915722,8.898127395507572,26.159345034410393,17.26121763890282
stored_ordinal,broad_tail,0.24,ssp585,typical,100224,100224,5.0736350574712645,16.452147190293744,11.378512132822479,4.35125319284802,15.515245849297573,11.163992656449553,17.771192528735632,33.6566091954023,15.885416666666664,27.11526181353768,43.692129629629626,16.576867816091948,22.041626756066414,27.239982439335886,5.198355683269472,12.697557471264368,17.204462005108557,4.506904533844189,6.5715726368153495,17.88509390115535,11.31352126434
stored_ordinal,broad_tail,0.25,ssp245,heatwave_extreme,100224,100224,5.697238186462324,13.520713601532567,7.823475415070242,4.977849616858237,12.46308269476373,7.485233077905492,19.868494572158365,30.989583333333332,11.121088761174967,30.36099137931034,40.84251277139208,10.481521392081738,24.66375319284802,27.321799169859514,2.6580459770114935,14.17125638569604,17.468869731800766,3.2976133461047255,8.016760978787794,15.645410407410786,7.6286494286229924
stored_ordinal,broad_tail,0.25,ssp245,hot,100224,100224,5.152458492975734,11.796575670498084,6.64411717752235,4.35125319284802,10.720984993614303,6.369731800766283,19.6499840357599,29.507902298850574,9.857918263090674,30.00977809706258,40.63597541507024,10.626197318007662,24.857319604086843,28.83939974457216,3.9820801404853157,14.497525542784166,17.71132662835249,3.213801085568326,7.5587156862226,14.059407793430568,6.500692107207968
stored_ordinal,broad_tail,0.25,ssp245,typical,100224,100224,3.545059067688378,9.686302681992338,6.14124361430396,2.9962883141762453,8.831218071519796,5.83492975734355,16.58684546615581,23.5562340357599,6.969388569604089,26.003751596424014,33.47202266922095,7.468271072796934,22.458692528735632,23.785719987228607,1.3270274584929744,13.041786398467433,13.869931353767562,0.8281449553001288,5.876724169028392,11.524371638884984,5.647647469856593
stored_ordinal,broad_tail,0.25,ssp585,heatwave_extreme,100224,100224,7.179916985951469,23.73682950191571,16.556912515964243,6.3048770753512136,22.94360632183908,16.638729246487866,20.86825510855683,40.14607279693487,19.277817688378036,30.785041507024264,48.936382503192846,18.15134099616858,23.605124521072796,25.199553001277142,1.5944284802043462,13.688338122605364,16.409243295019156,2.720905172413792,9.14192541572545,25.692623849091067,16.550698433365618
stored_ordinal,broad_tail,0.25,ssp585,hot,100224,100224,6.689016602809707,24.212763409961685,17.52374680715198,5.851891762452107,23.5981401660281,17.74624840357599,20.43722062579821,39.75893997445721,19.321719348659002,30.90178001277139,48.31178160919541,17.410001596424017,24.212763409961685,24.099018199233715,-0.11374521072796995,13.748204022988505,15.546176564495532,1.7979725415070273,8.81186185616217,26.088851129005036,17.276989272842865
stored_ordinal,broad_tail,0.25,ssp585,typical,100224,100224,4.5907167943805876,15.447397828863346,10.856681034482758,3.824433269476373,14.504509897828862,10.68007662835249,17.445921136653894,33.21859035759898,15.772669220945083,26.96559706257982,43.55543582375479,16.58983876117497,22.374880268199234,28.108037994891443,5.733157726692209,12.855204342273307,17.771192528735632,4.915988186462325,6.530678192067525,17.83756062890716,11.306882436839633
stored_ordinal,broad_tail,0.26,ssp245,heatwave_extreme,100224,100224,4.973858556832695,12.490022349936144,7.516163793103448,4.256465517241379,11.399465197956578,7.142999680715199,17.618534482758623,28.67476851851852,11.056234035759896,26.187340357598977,36.91231641123883,10.72497605363985,21.213481800766285,24.422294061302683,3.208812260536398,12.644675925925927,16.184746168582375,3.540070242656448,5.949332802978051,12.684473027230142,6.735140224252091
stored_ordinal,broad_tail,0.26,ssp245,hot,100224,100224,4.45102969348659,10.816770434227331,6.365740740740741,3.6787595785440614,9.712244572158365,6.033484993614303,17.2992496807152,27.17911877394636,9.87986909323116,25.664511494252874,36.29669540229885,10.632183908045977,21.213481800766285,25.479924968071522,4.266443167305237,12.848219987228607,16.36234833971903,3.514128352490424,5.45812908240391,11.160859897946906,5.7027308155429965
stored_ordinal,broad_tail,0.26,ssp245,typical,100224,100224,3.0641363346104726,8.946958812260537,5.882822477650064,2.5063856960408684,8.070921136653896,5.564535440613027,14.648188058748405,21.48387611749681,6.835688058748405,22.54948914431673,29.490940293742018,6.941451149425287,19.485352809706256,20.54398148148148,1.0586286717752245,11.58405172413793,12.536917305236269,0.9528655810983384,4.261887630537547,9.283569775732728,5.0216821451951805
stored_ordinal,broad_tail,0.26,ssp585,heatwave_extreme,100224,100224,6.4126356960408675,22.722102490421456,16.30946679438059,5.520633780332056,21.894955300127712,16.374321519795657,18.273068326947637,38.18746008939974,19.914391762452105,26.7161558109834,45.716594827586206,19.000439016602808,20.30352011494253,22.99449233716475,2.6909722222222214,11.860432630906768,15.465357598978288,3.6049249680715203,6.781129238669981,22.840628239164012,16.059499000494032
stored_ordinal,broad_tail,0.26,ssp585,hot,100224,100224,5.961645913154534,23.248922413793103,17.28727650063857,5.047693167305236,22.585408684546614,17.537715517241377,18.206218071519796,37.893119412515965,19.68690134099617,26.796974776500637,45.152857598978294,18.355882822477657,20.835328863346106,21.903935185185187,1.0686063218390807,12.244572158365262,14.644196998722862,2.3996248403575997,6.587123030510539,23.42241584439161,16.835292813881072
stored_ordinal,broad_tail,0.26,ssp585,typical,100224,100224,4.036957215836527,14.406728927203066,10.369771711366539,3.278655810983397,13.493773946360152,10.215118135376756,15.334650383141762,30.92472860791826,15.5900782247765,23.18706098339719,39.37779374201788,16.19073275862069,19.150103767560665,24.971064814814813,5.820961047254148,11.297693167305237,16.5179996807152,5.220306513409962,4.809935742952282,14.863564785245883,10.0536290422936
stored_ordinal,broad_tail,0.27,ssp245,heatwave_extreme,100224,100224,4.304358237547893,11.490261813537675,7.185903575989782,3.588960727969349,10.311901340996169,6.72294061302682,16.839280012771393,27.816690613026818,10.977410600255425,25.030930715197957,35.57630906768838,10.54537835249042,20.726572477650063,24.086047254150703,3.3594747765006403,12.534921775223498,16.326428799489147,3.7915070242656483,5.608185211886937,12.184477609884977,6.57629239799804
stored_ordinal,broad_tail,0.27,ssp245,hot,100224,100224,3.8214399744572156,9.885855683269476,6.064415708812261,3.0840916347381864,8.613705300127714,5.529613665389528,16.532966155810982,26.191331417624518,9.658365261813536,24.482159961685824,34.784083652618136,10.301923690932313,20.660719987228607,24.89822796934866,4.237507982120054,12.711526181353769,16.305475734355046,3.593949553001277,5.172347466890987,10.67640863600013,5.504061169109143
stored_ordinal,broad_tail,0.27,ssp245,typical,100224,100224,2.577227011494253,8.11182950191571,5.534602490421456,2.0733556832694764,7.294659961685824,5.221304278416348,13.83301404853129,20.667704342273307,6.8346902937420175,21.320242656449555,28.317568646232438,6.997325989782883,18.7430156449553,20.20573914431673,1.4627234993614309,11.255787037037036,12.555874840357598,1.3000878033205616,3.964002409484883,8.876627410982232,4.912625001497349
stored_ordinal,broad_tail,0.27,ssp585,heatwave_extreme,100224,100224,5.671296296296297,21.570681673052363,15.899385376756065,4.6994731800766285,20.75550766283525,16.05603448275862,17.503791507024268,37.48902458492976,19.98523307790549,25.506864623243935,44.81162196679438,19.304757343550442,19.835568326947637,23.240940293742018,3.4053719667943803,11.83249521072797,15.918342911877396,4.085847701149426,6.463716890951263,22.23533470755077,15.771617816599507
stored_ordinal,broad_tail,0.27,ssp585,hot,100224,100224,5.216315453384419,22.24616858237548,17.02985312899106,4.239503512132822,21.58764367816092,17.348140166028095,17.42596583652618,37.16674648786717,19.74078065134099,25.6275941890166,44.2099696679438,18.5823754789272,20.411278735632184,21.963801085568328,1.5525223499361438,12.209650383141762,14.9205779054917,2.7109275223499374,6.24841473563187,22.816348071053223,16.56793333542135
stored_ordinal,broad_tail,0.27,ssp585,typical,100224,100224,3.523108237547893,13.338122605363983,9.81501436781609,2.7438537675606645,12.432151979565772,9.688298212005108,14.592313218390803,30.156449553001274,15.56413633461047,22.130427841634738,38.343111430395915,16.212683588761177,18.607319604086843,25.004988825031926,6.397669220945083,11.069204980842912,16.818326947637292,5.74912196679438,4.558477801200545,14.322885551283862,9.764407750083318
stored_ordinal,broad_tail,0.28,ssp245,heatwave_extreme,100224,100224,3.6697796934865896,10.524425287356323,6.8546455938697335,2.8875319284802043,9.286198914431672,6.398666985951468,15.619013409961685,26.310065453384418,10.691052043422733,23.594149106002554,34.117576628352495,10.523427522349941,19.924369412515965,23.59315134099617,3.668781928480204,11.949233716475096,15.785640166028097,3.8364064495530013,4.984385996104586,11.105924953631192,6.121538957526606
stored_ordinal,broad_tail,0.28,ssp245,hot,100224,100224,3.204821200510856,8.880108556832694,5.675287356321838,2.4205779054916983,7.5540788633461045,5.133500957854406,15.258820242656448,24.637811302681992,9.378991060025545,23.042385057471265,33.080898786717746,10.038513729246482,19.837563856960408,24.200790229885058,4.36322637292465,12.053999042145595,15.757702745849297,3.7037037037037024,4.5299368443306935,9.682547105154457,5.152610260823764
stored_ordinal,broad_tail,0.28,ssp245,typical,100224,100224,2.1581657088122608,7.373483397190293,5.215317688378033,1.7171535759897831,6.497445721583653,4.7802921455938705,12.639687100893997,19.58512931034483,6.945442209450832,19.972262132822475,27.01748084291188,7.045218710089404,17.814096424010216,19.643997445721585,1.8299010217113683,10.481521392081737,12.211645913154534,1.7301245210727974,3.469400249057513,8.208550298532463,4.739150049474951
stored_ordinal,broad_tail,0.28,ssp585,heatwave_extreme,100224,100224,4.883061941251596,20.35939495530013,15.476333014048532,3.897270114942529,19.58912037037037,15.691850255427841,16.303480204342275,36.23483397190294,19.931353767560662,24.022190293742018,43.53947158365262,19.517281289910603,19.139128352490424,23.18007662835249,4.040948275862068,11.420418263090678,15.87543901660281,4.455020753512132,5.74504647447567,21.04481228387111,15.29976580939544
stored_ordinal,broad_tail,0.28,ssp585,hot,100224,100224,4.45102969348659,21.129669540229884,16.678639846743295,3.5001596424010217,20.457175925925927,16.957016283524904,16.249600893997446,36.018318965517246,19.7687180715198,24.092033844189018,42.97473659003831,18.882702745849294,19.641004150702425,21.845067049808428,2.2040628991060025,11.798571200510857,14.888649425287356,3.0900782247764997,5.53207266580815,21.670901623469767,16.138828957661616
stored_ordinal,broad_tail,0.28,ssp585,typical,100224,100224,2.9883061941251596,12.311422413793103,9.323116219667943,2.1501835887611747,11.279733397190293,9.129549808429118,13.460847701149426,28.627873563218394,15.167025862068968,20.795418263090674,36.69979246487867,15.904374201787995,17.807112068965516,24.388370051085566,6.58125798212005,10.472541507024266,16.316451149425287,5.843909642401021,4.053880960058912,13.152932312185273,9.099051352126361
stored_ordinal,broad_tail,0.29,ssp245,heatwave_extreme,100224,100224,3.0242257343550447,9.433868135376757,6.409642401021713,2.34375,8.05595466155811,5.7122046615581095,14.536438378033207,25.098778735632184,10.562340357598977,22.825870051085566,33.46204501915709,10.636174968071522,19.801644316730524,24.028176883780333,4.226532567049809,11.512212643678161,15.664910600255427,4.152697956577265,4.774608454404626,10.672182905868299,5.897574451463673
stored_ordinal,broad_tail,0.29,ssp245,hot,100224,100224,2.6301085568326945,7.841435185185184,5.21132662835249,1.9276819923371646,6.444564176245211,4.516882183908047,14.221144636015326,23.278855363984675,9.057710727969349,22.387851213282246,32.25973818646232,9.871886973180075,19.757742656449555,24.41830300127714,4.660560344827584,11.591036079182631,15.437420178799488,3.8463840996168575,4.366572857678693,9.290647619114942,4.924074761436249
stored_ordinal,broad_tail,0.29,ssp245,typical,100224,100224,1.7520753512132823,6.6830300127713915,4.9309546615581095,1.345984993614304,5.859873882503193,4.513888888888888,11.654893039591316,18.586366538952745,6.931473499361429,19.25287356321839,26.353967113665387,7.101093550446997,17.500798212005108,19.670937100893997,2.1701388888888893,9.902817688378034,11.903336526181354,2.0005188378033196,3.315861347561264,7.879152642606961,4.563291295045697
stored_ordinal,broad_tail,0.29,ssp585,heatwave_extreme,100224,100224,4.160680076628352,19.177043422733078,15.016363346104725,3.1309865900383143,18.35987388250319,15.228887292464876,15.22888729246488,35.102370689655174,19.873483397190295,23.25690453384419,43.0595466155811,19.80264208173691,19.096224457215836,23.88250319284802,4.786278735632184,11.068207215836527,15.925327266922096,4.85712005108557,5.465851679294674,20.333043436336446,14.867191757041773
stored_ordinal,broad_tail,0.29,ssp585,hot,100224,100224,3.778536079182631,19.98323754789272,16.20470146871009,2.9114782886334614,19.267840038314176,16.356361749680715,15.19596104725415,34.95869252873563,19.76273148148148,23.3187659642401,42.52075351213283,19.201987547892728,19.54022988505747,22.5375159642401,2.9972860791826292,11.41742496807152,14.975454980842912,3.5580300127713915,5.255562192718842,20.958266383651665,15.702704190932824
stored_ordinal,broad_tail,0.29,ssp585,typical,100224,100224,2.4964080459770113,11.286717752234994,8.790309706257982,1.6952027458492975,10.192169540229886,8.496966794380588,12.540908365261814,27.231002554278415,14.690094189016602,19.98323754789272,36.13505747126437,16.151819923371647,17.48682950191571,24.848339719029376,7.361510217113665,10.044500319284802,15.944284802043423,5.899784482758621,3.877820777734812,12.761005501804961,8.88318472407015
stored_ordinal,broad_tail,0.3,ssp245,heatwave_extreme,100224,100224,2.4076069604086845,8.187659642401021,5.780052681992337,1.8897669220945084,6.7728288633461045,4.883061941251596,13.228368454661558,23.39758939974457,10.169220945083014,20.309506704980844,30.660320881226056,10.350814176245212,17.90189974457216,22.472661238825033,4.570761494252874,10.820761494252872,15.209929757343552,4.38916826309068,3.7616283582709085,8.587235535900332,4.825607177629424
stored_ordinal,broad_tail,0.3,ssp245,hot,100224,100224,2.118255108556833,6.719947318007663,4.60169220945083,1.5385536398467432,5.326069604086846,3.787515964240103,12.946998722860792,21.552721902937417,8.605723180076625,19.945322477650063,29.24349457215836,9.298172094508299,17.82706736909323,22.523547254150703,4.6964798850574745,10.82874361430396,14.832774584929757,4.004030970625797,3.44431470781747,7.405155436333438,3.9608407285159686
stored_ordinal,broad_tail,0.3,ssp245,typical,100224,100224,1.3809067688378034,5.965636973180077,4.584730204342273,0.9788074712643677,5.181393678160919,4.202586206896552,10.412675606641123,17.184506704980844,6.771831098339721,16.810344827586206,23.85955459770115,7.049209770114942,15.429438058748405,17.893917624521073,2.4644795657726686,9.031768837803321,11.218869731800767,2.187100893997446,2.611373085050918,6.512065451515692,3.9006923664647744
stored_ordinal,broad_tail,0.3,ssp585,heatwave_extreme,100224,100224,3.4163473818646235,17.84402937420179,14.427681992337165,2.5742337164750957,17.037835249042146,14.46360153256705,13.909841954022989,33.544859514687104,19.635017560664117,20.68566411238825,40.64395753512133,19.95829342273308,17.269316730523627,22.799928160919542,5.530611430395915,10.493494572158365,15.702825670498086,5.209331098339721,4.287056256278221,17.450255843722744,13.163199587444524
stored_ordinal,broad_tail,0.3,ssp585,hot,100224,100224,3.1679038952745846,18.659203384418902,15.491299489144318,2.372685185185185,17.929837164750957,15.557151979565772,13.75917943805875,33.5029533844189,19.74377394636015,20.693646232439335,40.18598339719029,19.492337164750957,17.52574233716475,21.526780012771393,4.001037675606643,10.591275542784164,14.845745530012772,4.2544699872286085,4.10610598023275,18.03825300352678,13.932147023294029
stored_ordinal,broad_tail,0.3,ssp585,typical,100224,100224,2.038433908045977,10.185185185185185,8.146751277139208,1.4138330140485313,9.023786717752234,7.609953703703702,11.46132662835249,25.61661877394636,14.15529214559387,17.66942049808429,33.3772349936143,15.707814495530013,15.630986590038315,23.19204980842912,7.561063218390803,9.422892720306514,15.431433588761175,6.008540868454661,3.048057504105486,10.59598823656736,7.547930732461873
stored_ordinal,broad_tail,0.31,ssp245,heatwave_extreme,100224,100224,1.880787037037037,6.884578544061302,5.003791507024265,1.5086206896551724,5.593470625798212,4.08484993614304,11.701787994891443,21.364144316730524,9.66235632183908,18.778935185185187,29.450031928480204,10.671096743295017,16.89814814814815,22.565453384418902,5.667305236270753,9.821000957854405,14.481561302681992,4.660560344827587,3.381533283849536,7.9377979356080655,4.5562646517585295
stored_ordinal,broad_tail,0.31,ssp245,hot,100224,100224,1.6123882503192848,5.59845945083014,3.986071200510856,1.2142800127713922,4.478967113665389,3.2646871008939966,11.429398148148149,19.590118135376756,8.160719987228607,18.49058109833972,27.84063697318008,9.350055874840358,16.878192848020433,22.242177522349937,5.3639846743295045,9.817009897828862,13.991658684546614,4.174648786717752,3.1101364578027946,6.79513551071599,3.684999052913195
stored_ordinal,broad_tail,0.31,ssp245,typical,100224,100224,0.9808030012771393,5.212324393358876,4.231521392081737,0.6934466794380587,4.544819604086846,3.8513729246487873,9.033764367816092,15.688856960408684,6.655092592592592,15.489303959131545,22.44971264367816,6.960408684546616,14.508500957854405,17.237388250319285,2.7288872924648793,8.052961366538952,10.476532567049809,2.4235712005108567,2.2999111232197587,5.966539040911107,3.6666279176913488
stored_ordinal,broad_tail,0.31,ssp585,heatwave_extreme,100224,100224,2.7418582375478926,16.375319284802043,13.63346104725415,2.088322158365262,15.6180156449553,13.529693486590038,12.339359833971903,31.831696998722858,19.492337164750957,19.159083652618136,39.50949872286079,20.350415070242654,16.417225415070245,23.134179438058748,6.716954022988503,9.59750159642401,15.457375478927204,5.859873882503194,3.809437851887683,16.567378485482653,12.75794063359497
stored_ordinal,broad_tail,0.31,ssp585,hot,100224,100224,2.5752314814814814,17.154573754789272,14.579342273307791,1.9206976372924651,16.45813378033206,14.537436143039594,12.14778895274585,31.79178639846743,19.64399744572158,19.107199872286078,39.17524744572158,20.068047573435503,16.531968390804597,22.02067369093231,5.488705300127712,9.572557471264368,14.638210408684547,5.065652937420179,3.658020279714632,17.16341708823598,13.505396808521349
stored_ordinal,broad_tail,0.31,ssp585,typical,100224,100224,1.6522988505747127,8.934985632183908,7.282686781609195,1.208293422733078,7.893318965517242,6.685025542784164,10.140285759897829,23.578184865900383,13.437899106002554,16.432191890166028,32.11306673052363,15.6808748403576,14.779893039591316,23.17808109833972,8.398188058748405,8.487986909323116,14.643199233716475,6.155212324393359,2.7718396381775228,10.023929366351858,7.252089728174335
stored_ordinal,broad_tail,0.32,ssp245,heatwave_extreme,100224,100224,1.434786079182631,5.629390166028097,4.194604086845466,1.2232598978288634,4.484953703703703,3.26169380587484,10.345825351213282,18.989463601532567,8.643638250319285,14.819803639846743,24.47617337164751,9.656369731800766,13.385017560664112,18.846783205619413,5.461765644955301,8.911039272030653,13.360073435504468,4.449034163473815,2.324442257109735,5.23046698862741,2.906024731517675
stored_ordinal,broad_tail,0.32,ssp245,hot,100224,100224,1.1663872924648786,4.50890006385696,3.342512771392082,0.9718231162196679,3.626875798212005,2.6550526819923372,10.085408684546614,17.531728927203066,7.446320242656451,14.273028416347383,23.204022988505745,8.930994572158362,13.106641123882504,18.695122924648786,5.5884818007662815,8.919021392081737,13.022828863346106,4.1038074712643695,2.0302585509937603,4.492636834104868,2.4623782831111076
stored_ordinal,broad_tail,0.32,ssp245,typical,100224,100224,0.689455619412516,4.489942528735632,3.800486909323116,0.5098579182630907,3.930196360153257,3.4203384418901663,7.765605044699872,14.318925606641125,6.553320561941253,11.910320881226054,18.626277139208174,6.7159562579821195,11.220865261813538,14.136334610472542,2.9154693486590038,7.0761494252873565,9.828983077905491,2.7528336526181345,1.461429232013192,4.257182200414863,2.7957529684016706
stored_ordinal,broad_tail,0.32,ssp585,heatwave_extreme,100224,100224,2.094308748403576,14.56537356321839,12.471064814814815,1.6263569604086845,13.966714559386972,12.340357598978287,11.011334610472542,29.275423052362708,18.264088441890166,15.284762132822477,35.011574074074076,19.726811941251597,13.190453384418902,20.446200510855682,7.2557471264367805,8.917025862068966,14.710049489144318,5.7930236270753515,2.4868815939970768,12.081976819999246,9.595095226002169
stored_ordinal,broad_tail,0.32,ssp585,hot,100224,100224,1.9865501277139208,15.322677203065135,13.336127075351214,1.5475335249042146,14.803839399744573,13.25630587484036,10.836725734355044,29.33528895274585,18.498563218390807,15.216914112388249,34.70725574712644,19.49034163473819,13.230363984674328,19.384578544061306,6.154214559386977,8.850175606641123,14.012611749680715,5.162436143039592,2.386447400641083,12.620976844648348,10.234529444007265
stored_ordinal,broad_tail,0.32,ssp585,typical,100224,100224,1.339000638569604,7.677801724137931,6.338801085568327,1.0127314814814814,6.762851213282247,5.7501197318007655,9.000838122605364,21.382104086845466,12.381265964240102,13.163513729246487,26.913713282247762,13.750199553001275,11.824513090676884,19.235911558109834,7.411398467432949,7.661837484035759,13.706297892720306,6.044460408684547,1.844333742925762,6.7948071520058395,4.950473409080077
stored_ordinal,broad_tail,0.33,ssp245,heatwave_extreme,100224,100224,1.1304677522349937,4.395154853128991,3.2646871008939975,1.0057471264367817,3.584969667943806,2.5792225415070247,10.024545019157088,18.53448275862069,8.509937739463602,14.411717752234992,23.906449553001277,9.494731800766285,13.28125,19.511294699872288,6.230044699872288,8.894077266922094,14.1393279054917,5.245250638569605,2.254141454527053,5.076406317188158,2.822264862661105
stored_ordinal,broad_tail,0.33,ssp245,hot,100224,100224,0.8231561302681992,3.508141762452107,2.6849856321839076,0.7433349297573435,2.848619093231162,2.1052841634738186,9.788074712643677,17.03484195402299,7.246767241379313,13.871926883780333,22.636294699872288,8.764367816091955,13.048770753512132,19.12815293742018,6.079382183908047,8.964918582375478,13.526700191570882,4.561781609195403,1.9549777010532718,4.345192312004504,2.390214610951232
stored_ordinal,broad_tail,0.33,ssp245,typical,100224,100224,0.4260456577266922,3.707694763729247,3.281649106002555,0.37116858237547895,3.261693805874841,2.890525223499362,7.413393997445722,13.883900063856961,6.4705060664112395,11.559107598978288,18.18127394636015,6.622166347381862,11.133061941251595,14.473579182630909,3.340517241379313,6.98734833971903,10.176205300127714,3.1888569604086845,1.3994411111215952,4.103584450651662,2.7041433395300674
stored_ordinal,broad_tail,0.33,ssp585,heatwave_extreme,100224,100224,1.4397749042145593,12.471064814814815,11.031289910600256,1.1823515325670497,12.215636973180075,11.033285440613025,10.683069923371647,28.74261653895275,18.0595466155811,14.918582375478929,34.46180555555556,19.54322318007663,13.478807471264368,21.99074074074074,8.511933269476373,9.243295019157088,16.271551724137932,7.028256704980844,2.409179603991435,11.731337278814978,9.322157674823544
stored_ordinal,broad_tail,0.33,ssp585,hot,100224,100224,1.3968710089399745,13.170498084291188,11.773627075351213,1.139447637292465,13.017840038314176,11.878392401021712,10.484514687100894,28.83939974457216,18.354885057471265,14.887651660280971,34.12555874840358,19.237907088122604,13.490780651340998,20.955060664112388,7.46428001277139,9.08764367816092,15.668901660280971,6.581257982120052,2.320653674374712,12.244467821599564,9.923814147224851
stored_ordinal,broad_tail,0.33,ssp585,typical,100224,100224,0.9997605363984674,6.378711685823754,5.378951149425287,0.7932231800766283,5.683269476372925,4.890046296296297,8.665589080459771,20.928121008939975,12.262531928480204,12.828264687100893,26.403855363984675,13.575590676883783,11.828504150702427,20.02514367816092,8.196639527458492,7.665828544061302,14.549409323116219,6.883580779054917,1.7939687485469473,6.56496807288481,4.770999324337862
stored_ordinal,broad_tail,0.34,ssp245,heatwave_extreme,100224,100224,0.9408924010217115,3.1629150702426565,2.2220226692209453,0.7982120051085568,2.6480683269476373,1.8498563218390804,9.480763090676884,17.96675446998723,8.485991379310345,14.410719987228607,23.90345625798212,9.492736270753515,13.469827586206899,20.740541187739463,7.270713601532565,8.539870689655173,14.803839399744573,6.263968710089401,2.254047359382498,5.075763237906294,2.821715878523796
stored_ordinal,broad_tail,0.34,ssp245,hot,100224,100224,0.6086366538952745,2.655052681992337,2.0464160280970622,0.5138489782886334,2.120250638569604,1.6064016602809703,9.346064814814815,16.4272030651341,7.081138250319286,13.871926883780333,22.634299169859514,8.76237228607918,13.263290229885058,19.97924648786718,6.715956257982121,8.73742816091954,13.772150383141762,5.034722222222221,1.9549251291337288,4.344704679463523,2.389779550329794
stored_ordinal,broad_tail,0.34,ssp245,typical,100224,100224,0.29334291187739464,2.9653575989782888,2.6720146871008943,0.21451947637292465,2.5892001915708813,2.3746807151979565,7.032247765006386,13.427921455938696,6.39567369093231,11.559107598978288,18.179278416347383,6.620170817369095,11.265764687100894,15.213920817369091,3.948156130268197,6.738904853128991,10.46256385696041,3.7236590038314183,1.3994148241604922,4.102629013941016,2.7032141897805237
stored_ordinal,broad_tail,0.34,ssp585,heatwave_extreme,100224,100224,0.9219348659003831,10.267999680715198,9.346064814814815,0.7054198595146871,10.238066730523627,9.53264687100894,10.188178480204343,28.205818965517242,18.0176404853129,14.918582375478929,34.452825670498086,19.53424329501916,13.996647509578544,24.184825989782887,10.188178480204343,9.26624361430396,17.937819284802043,8.671575670498083,2.4090965575414107,11.725462271178904,9.316365713637493
stored_ordinal,broad_tail,0.34,ssp585,hot,100224,100224,0.9119572158365261,10.955459770114942,10.043502554278415,0.7004310344827587,11.020314495530013,10.319883461047255,9.965676883780333,28.427322796934867,18.461645913154534,14.887651660280971,34.121567688378036,19.233916028097063,13.975694444444445,23.16610791826309,9.190413473818646,9.053719667943806,17.47186302681992,8.418143358876115,2.320570627924688,12.238345945633824,9.917775317709136
stored_ordinal,broad_tail,0.34,ssp585,typical,100224,100224,0.6325830140485312,5.261214878671775,4.628631864623244,0.4998802681992337,4.722421775223499,4.222541507024266,8.239543422733078,20.4312340357599,12.191690613026822,12.828264687100893,26.396871008939975,13.568606321839082,12.195681673052363,21.1356561302682,8.939974457215836,7.606960408684546,15.170019157088122,7.563058748403576,1.7938857020969226,6.560960306640348,4.767074604543426
stored_ordinal,broad_tail,0.35,ssp245,heatwave_extreme,100224,100224,0.7892321200510856,2.2429757343550447,1.453743614303959,0.6864623243933589,1.8169300766283525,1.1304677522349937,8.102849616858238,16.00514846743295,7.902298850574711,14.410719987228607,23.90345625798212,9.492736270753515,13.621487867177523,21.660480523627076,8.038992656449553,7.313617496807153,13.762172733077904,6.448555236270751,2.254047359382498,5.075763237906294,2.821715878523796
stored_ordinal,broad_tail,0.35,ssp245,hot,100224,100224,0.4370210727969348,1.9536238825031929,1.516602809706258,0.33924010217113665,1.4208173690932313,1.0815772669220947,7.952187100893997,14.471583652618136,6.51939655172414,13.871926883780333,22.634299169859514,8.76237228607918,13.434905810983397,20.680675287356323,7.245769476372926,7.515166028097063,12.517959770114942,5.002793742017879,1.9549251291337288,4.344704679463523,2.389779550329794
stored_ordinal,broad_tail,0.35,ssp245,typical,100224,100224,0.203544061302682,2.3647030651340994,2.1611590038314175,0.12272509578544061,2.0464160280970627,1.923690932311622,5.881824712643678,12.011095146871009,6.1292704342273305,11.559107598978288,18.179278416347383,6.620170817369095,11.355563537675607,15.814575351213284,4.459011813537677,5.678280651340996,9.64639208173691,3.968111430395913,1.3994148241604922,4.102629013941016,2.7032141897805237
stored_ordinal,broad_tail,0.35,ssp585,heatwave_extreme,100224,100224,0.6186143039591315,8.270474137931034,7.651859833971902,0.41008141762452105,8.058947956577267,7.648866538952746,8.832215836526181,26.090557151979567,17.258341315453386,14.918582375478929,34.452825670498086,19.53424329501916,14.299968071519794,26.18235153256705,11.882383461047256,8.21360153256705,17.82008301404853,9.606481481481481,2.4090965575414107,11.725155967801882,9.316059410260472
stored_ordinal,broad_tail,0.35,ssp585,hot,100224,100224,0.5936701787994891,9.016802362707535,8.423132183908047,0.4040948275862069,8.808269476372924,8.404174648786718,8.5727969348659,26.37691570881226,17.804118773946357,14.887651660280971,34.121567688378036,19.233916028097063,14.293981481481483,25.1047653256705,10.810783844189016,7.979126756066411,17.360113346104725,9.380986590038315,2.320570627924688,12.238107452442918,9.91753682451823
stored_ordinal,broad_tail,0.35,ssp585,typical,100224,100224,0.41207694763729247,4.247485632183908,3.8354086845466155,0.2564256066411239,3.668781928480205,3.4123563218390807,7.033245530012771,18.29302362707535,11.25977809706258,12.828264687100893,26.396871008939975,13.568606321839082,12.416187739463602,22.14938537675607,9.733197637292466,6.621168582375479,14.045537994891443,7.424369412515964,1.7938857020969226,6.560907734720805,4.767022032623883
stored_ordinal,broad_tail,0.36,ssp245,heatwave_extreme,100224,100224,0.6854645593869731,1.6133860153256705,0.9279214559386973,0.6186143039591315,1.162396232439336,0.5437819284802045,7.697757024265645,15.465357598978288,7.7676005747126435,14.410719987228607,23.90345625798212,9.492736270753515,13.725255427841635,22.290070242656448,8.564814814814813,7.012292464878672,13.851971583652617,6.839679118773945,2.2368074046067545,5.073128818183703,2.836321413576948
stored_ordinal,broad_tail,0.36,ssp245,hot,100224,100224,0.3252713920817369,1.4238106641123882,1.0985392720306513,0.2244971264367816,0.9378991060025543,0.7134019795657727,7.595984993614303,13.926803959131545,6.330818965517242,13.871926883780333,22.634299169859514,8.76237228607918,13.546655491698594,21.210488505747126,7.663833014048532,7.2707136015325675,12.502993295019158,5.23227969348659,1.9547175130086674,4.344166395557297,2.3894488825486295
stored_ordinal,broad_tail,0.36,ssp245,typical,100224,100224,0.15166028097062578,1.8897669220945084,1.7381066411238826,0.06685025542784163,1.5126117496807152,1.4457614942528736,5.536598020434227,11.540150063856961,6.003552043422734,11.559107598978288,18.179278416347383,6.620170817369095,11.407447318007662,16.289511494252874,4.882064176245212,5.384937739463601,9.650383141762452,4.265445402298851,1.3994148241604922,4.096258527328366,2.6968437031678736
stored_ordinal,broad_tail,0.36,ssp585,heatwave_extreme,100224,100224,0.44101213282247764,6.4325909961685825,5.9915788633461045,0.21352171136653897,5.989583333333334,5.776061621966795,8.48499361430396,25.43502554278416,16.9500319284802,14.918582375478929,34.4518279054917,19.53324553001277,14.477570242656448,28.019236909323116,13.541666666666668,8.043981481481481,19.002434546615582,10.958453065134101,2.4090965575414107,11.714503910791027,9.305407353249617
stored_ordinal,broad_tail,0.36,ssp585,hot,100224,100224,0.42305236270753516,7.233796296296297,6.810743933588761,0.2185105363984674,6.767840038314176,6.549329501915709,8.201628352490422,25.747325989782887,17.545697637292463,14.887651660280971,34.12056992337165,19.232918263090674,14.464599297573436,26.88677362707535,12.422174329501914,7.778575989782886,18.513529693486593,10.734953703703706,2.320570627924688,12.227455395432065,9.906884767507377
stored_ordinal,broad_tail,0.36,ssp585,typical,100224,100224,0.3043183269476373,3.446280332056194,3.1419620051085566,0.11973180076628352,2.858596743295019,2.7388649425287355,6.729924968071519,17.67640485312899,10.946479885057471,12.828264687100893,26.396871008939975,13.568606321839082,12.523946360153257,22.95059067688378,10.426644316730524,6.425606641123882,14.230124521072796,7.804517879948913,1.7938857020969226,6.550675181641322,4.756789479544399
stored_ordinal,broad_tail,0.37,ssp245,heatwave_extreme,100224,100224,0.5996567688378033,1.2192688378033205,0.6196120689655172,0.5597461685823755,0.7762611749680715,0.21651500638569599,6.283924010217114,13.080699233716475,6.796775223499361,12.162755427841635,21.586645913154534,9.4238904853129,11.563098659003831,20.367377075351214,8.804278416347383,5.6842672413793105,11.861430395913155,6.177163154533845,1.6411369074260649,3.6983225568920934,2.0571856494660286
stored_ordinal,broad_tail,0.37,ssp245,hot,100224,100224,0.23846583652618134,1.0576309067688379,0.8191650702426565,0.16363346104725415,0.5846902937420179,0.4210568326947637,6.306872605363985,11.682830459770114,5.3759578544061295,11.84147509578544,20.071040868454663,8.229565772669222,11.60300925925926,19.013409961685824,7.410400702426564,6.068406768837804,10.625199553001277,4.556792784163473,1.437474266414875,3.1999448951276834,1.7624706287128085
stored_ordinal,broad_tail,0.37,ssp245,typical,100224,100224,0.11673850574712645,1.535560344827586,1.4188218390804597,0.03891283524904214,1.1494252873563218,1.1105124521072796,4.630627394636015,9.99860312899106,5.367975734355046,9.66235632183908,16.309466794380587,6.647110472541506,9.545617816091955,14.773906449553001,5.228288633461046,4.513888888888888,8.463042784163473,3.949153895274585,1.0320952969470867,3.088823439939168,2.056728142992081
stored_ordinal,broad_tail,0.37,ssp585,heatwave_extreme,100224,100224,0.3302602171136654,5.031728927203065,4.701468710089399,0.1257183908045977,4.464000638569604,4.338282247765006,6.851652298850574,22.51057630906769,15.658924010217117,12.879150702426564,32.329581736909326,19.45043103448276,12.5488904853129,27.297852809706256,14.748962324393357,6.521392081736909,17.47884738186462,10.957455300127712,1.7044391380558597,8.821256538891786,7.116817400835926
stored_ordinal,broad_tail,0.37,ssp585,hot,100224,100224,0.3222780970625798,5.835927522349936,5.513649425287356,0.13070721583652617,5.209331098339718,5.078623882503192,6.627155172413793,22.88374042145594,16.256585249042146,12.720506066411238,32.15297733077905,19.432471264367813,12.398227969348659,26.317049808429115,13.918821839080456,6.3048770753512136,17.047812899106003,10.742935823754788,1.6345761016930045,9.358506586107861,7.723930484414857
stored_ordinal,broad_tail,0.37,ssp585,typical,100224,100224,0.23746807151979565,2.822677203065134,2.5852091315453385,0.07084131545338443,2.1671455938697317,2.0963042784163473,5.594468390804598,15.364583333333334,9.770114942528735,10.883620689655173,24.31154214559387,13.427921455938696,10.646152618135376,21.488864942528735,10.842712324393359,5.357000319284802,12.541906130268199,7.1849058109833965,1.3345939037053045,5.114342145037994,3.7797482413326895
stored_ordinal,broad_tail,0.38,ssp245,heatwave_extreme,100224,100224,0.5397908684546615,0.9668342911877394,0.42704342273307794,0.5068646232439336,0.5477729885057472,0.04090836526181363,4.754350255427841,9.51169380587484,4.757343550446999,9.20837324393359,16.548930395913157,7.340557151979567,8.668582375478927,15.582096104725416,6.913513729246489,4.21455938697318,8.5448595146871,4.330300127713921,1.1250943036618781,2.092397001820997,0.9673026981591191
stored_ordinal,broad_tail,0.38,ssp245,hot,100224,100224,0.1815932311621967,0.8291427203065135,0.6475494891443168,0.11374521072796935,0.37017081736909324,0.2564256066411239,4.650582694763729,8.609714240102171,3.959131545338442,8.958931992337165,15.329661558109834,6.370729565772669,8.777338761174969,14.50051883780332,5.723180076628351,4.468989463601533,7.780571519795658,3.3115820561941254,0.8646886536471261,1.8173533555804189,0.9526647019332928
stored_ordinal,broad_tail,0.38,ssp245,typical,100224,100224,0.08880108556832696,1.2312420178799488,1.1424409323116218,0.021950830140485312,0.8600734355044699,0.8381226053639846,3.3065932311621964,7.64088441890166,4.334291187739463,6.894556194125159,12.512970945083012,5.618414750957853,6.805755108556832,11.281728927203066,4.475973818646233,3.2177921455938696,6.409642401021712,3.191850255427842,0.6100189182777097,1.8516117405088364,1.2415928222311265
stored_ordinal,broad_tail,0.38,ssp585,heatwave_extreme,100224,100224,0.2534323116219668,3.9970466155810986,3.7436143039591316,0.08381226053639847,3.356481481481482,3.272669220945083,4.80124521072797,17.130627394636015,12.329382183908045,9.702266922094509,26.07758620689655,16.375319284802043,9.448834610472542,22.080539591315453,12.631704980842912,4.5478128991060025,13.134578544061304,8.586765644955301,0.9613229752539464,5.085506406114236,4.12418343086029
stored_ordinal,broad_tail,0.38,ssp585,hot,100224,100224,0.23846583652618134,4.80124521072797,4.562779374201789,0.08580779054916986,4.053919220945083,3.9681114303959135,4.73140166028097,17.620530012771393,12.889128352490424,9.58353288633461,26.11849457215836,16.534961685823752,9.34506704980843,21.317249361430395,11.972182311621966,4.492935823754789,12.819284802043423,8.326348978288635,0.9428113411715826,5.542867160257788,4.600055819086205
stored_ordinal,broad_tail,0.38,ssp585,typical,100224,100224,0.19356641123882504,2.326787994891443,2.133221583652618,0.04090836526181354,1.6473100255427844,1.6064016602809708,4.145713601532567,11.830499680715198,7.684786079182631,8.153735632183908,19.297772988505745,11.144037356321837,7.960169220945083,16.970984993614305,9.010815772669222,3.952147190293742,9.503711685823754,5.5515644955300125,0.7996542652841298,3.0147197455907544,2.2150654803066248
stored_ordinal,broad_tail,0.39,ssp245,heatwave_extreme,100224,100224,0.49189814814814814,0.7892321200510856,0.2973339719029374,0.4799249680715198,0.4110791826309068,-0.06884578544061298,4.17265325670498,7.911278735632184,3.7386254789272035,7.711725734355045,13.803081098339721,6.091355363984676,7.219827586206897,13.013848978288634,5.794021392081737,3.6807551085568324,7.122046615581098,3.441291507024266,0.918502194519945,1.5482675090876765,0.6297653145677315
stored_ordinal,broad_tail,0.39,ssp245,hot,100224,100224,0.13769157088122605,0.6784802043422733,0.5407886334610472,0.08979885057471264,0.2504390166028097,0.16064016602809705,4.0219907407407405,7.316610791826308,3.294620051085568,7.5690453384418905,12.825271392081735,5.256226053639844,7.431353767560664,12.146791187739463,4.7154374201788,3.884299169859515,6.638130587484035,2.75383141762452,0.6756541076934174,1.3910792139749935,0.7154251062815761
stored_ordinal,broad_tail,0.39,ssp245,typical,100224,100224,0.06186143039591316,1.0017560664112388,0.9398946360153256,0.012970945083014048,0.6395673690932312,0.6265964240102172,2.8366459131545336,6.64411717752235,3.8074712643678166,5.686262771392082,10.820761494252872,5.134498722860791,5.624401340996169,9.819005427841635,4.194604086845466,2.774784482758621,5.642361111111112,2.8675766283524906,0.47310587882684346,1.433774924368083,0.9606690455412397
stored_ordinal,broad_tail,0.39,ssp585,heatwave_extreme,100224,100224,0.19356641123882504,3.267680395913154,3.0741139846743293,0.05188378033205619,2.543303001277139,2.491419220945083,4.023986270753512,14.618255108556832,10.59426883780332,7.873363665389528,22.568446679438058,14.69508301404853,7.679797254150703,19.300766283524904,11.620969029374201,3.8304198595146874,11.350574712643677,7.5201548531289895,0.7036911623840134,3.7430077172115674,3.039316554827554
stored_ordinal,broad_tail,0.39,ssp585,hot,100224,100224,0.18458652618135377,4.055914750957855,3.8713282247765006,0.04689495530012771,3.1938457854406135,3.1469508301404856,4.017999680715198,15.17500798212005,11.157008301404852,7.902298850574713,22.712124840357596,14.809825989782883,7.717712324393358,18.656210089399742,10.938497765006385,3.833413154533844,11.119093231162196,7.285680076628353,0.7063048945926488,4.208394599936621,3.502089705343972
stored_ordinal,broad_tail,0.39,ssp585,typical,100224,100224,0.15664910600255427,1.926684227330779,1.7700351213282246,0.0249441251596424,1.2761414431673053,1.2511973180076628,3.4782088122605366,10.166227650063856,6.68801883780332,6.788793103448276,16.45713601532567,9.668342911877394,6.632143997445722,14.530451787994892,7.89830779054917,3.3215597062579825,8.239543422733078,4.917983716475096,0.5997749420056206,2.299518523069852,1.6997435810642312
stored_ordinal,broad_tail,0.4,ssp245,heatwave_extreme,100224,100224,0.4340277777777778,0.6475494891443168,0.21352171136653897,0.4210568326947637,0.3043183269476373,-0.11673850574712641,3.972102490421456,7.536119093231163,3.5640166028097067,7.4363425925925934,13.42293263090677,5.986590038314176,7.002314814814816,12.775383141762454,5.773068326947638,3.5380747126436782,6.888569604086846,3.3504948914431676,0.8897639592740196,1.485689203262583,0.5959252439885634
stored_ordinal,broad_tail,0.4,ssp245,hot,100224,100224,0.0997765006385696,0.5487707535121328,0.4489942528735632,0.07084131545338443,0.1766044061302682,0.10576309067688378,3.8214399744572156,6.954422094508302,3.132982120051086,7.299648786717753,12.440134099616857,5.140485312899105,7.199872286079183,11.891363346104725,4.691491060025543,3.721663473818646,6.405651340996169,2.683987867177523,0.643981533839116,1.3295048713998188,0.6855233375607027
stored_ordinal,broad_tail,0.4,ssp245,typical,100224,100224,0.04489942528735632,0.807191890166028,0.7622924648786716,0.007982120051085569,0.49389367816091956,0.485911558109834,2.653057151979566,6.392680395913154,3.7396232439335884,5.507662835249042,10.481521392081737,4.9738585568326945,5.462763409961686,9.67432950191571,4.211566091954023,2.6081577266922094,5.585488505747127,2.9773307790549173,0.44901716534666847,1.3728145443501423,0.9237973790034738
stored_ordinal,broad_tail,0.4,ssp585,heatwave_extreme,100224,100224,0.1486669859514687,2.6979565772669223,2.5492895913154534,0.03093071519795658,1.9436462324393358,1.9127155172413792,3.7954980842911876,14.142321200510855,10.346823116219667,7.580020753512133,22.033644636015325,14.45362388250319,7.431353767560664,19.335688058748403,11.90433429118774,3.6468310983397187,11.444364623243935,7.797533524904216,0.6640054432156819,3.600988710932658,2.9369832677169763
stored_ordinal,broad_tail,0.4,ssp585,hot,100224,100224,0.14168263090676886,3.4941730523627075,3.3524904214559386,0.027937420178799487,2.5712404214559386,2.543303001277139,3.800486909323116,14.712045019157088,10.911558109833972,7.606960408684546,22.212244572158365,14.605284163473819,7.465277777777778,18.718071519795657,11.252793742017879,3.6588042784163473,11.21787196679438,7.559067688378033,0.6653879058618035,4.0491273078018075,3.383739401940004
stored_ordinal,broad_tail,0.4,ssp585,typical,100224,100224,0.11274744572158364,1.6103927203065134,1.4976452745849298,0.01496647509578544,0.9867895913154534,0.971823116219668,3.2736669859514684,9.740181992337165,6.466515006385697,6.552322796934866,15.967233397190295,9.414910600255428,6.439575351213282,14.356840676883781,7.917265325670499,3.1609195402298855,8.129789272030653,4.968869731800767,0.5715031090649106,2.1966670227466447,1.625163913681734
no_pmv_ordinal,broad_tail,0.05,ssp245,All,300672,300672,99.06476160068114,99.34347062579822,0.27870902511708096,99.60521764580673,99.68769955300128,0.0824819071945484,99.86264101745424,99.91319444444444,0.05055342699020571,99.99933482332908,99.99966741166453,0.00033258833545346533,0.9345732226479353,0.6561967858663261,-0.27837643678160917,0.7978794167730949,0.5700564069816944,-0.22782300979140058,96.24502172620099,96.70714133819163,0.46211961199064433
no_pmv_ordinal,broad_tail,0.05,ssp585,All,300672,300672,99.13194444444444,99.40699499787144,0.27505055342699336,99.57395434227331,99.7415788633461,0.16762452107279557,99.86297360578969,99.94246221796509,0.07948861217539616,99.99800446998724,99.99800446998724,0.0,0.8660600255427842,0.5910094721157939,-0.27505055342699025,0.7310291613452533,0.5354672200936569,-0.19556194125159643,96.32494810860153,97.03893381384344,0.7139857052419103
no_pmv_ordinal,broad_tail,0.06,ssp245,All,300672,300672,89.97445721583652,91.44948648361004,1.4750292677735217,90.8877447850149,92.10900915283099,1.2212643678160902,95.44453756917838,96.25771604938271,0.8131784802043285,97.88839665815242,98.55490368241804,0.666507024265627,7.913939442315879,7.105417198808003,-0.808522243507876,5.470745530012771,4.8098925074499785,-0.6608530225627929,78.0775260125994,80.55417517834968,2.476649165750274
no_pmv_ordinal,broad_tail,0.06,ssp585,All,300672,300672,90.3509472115794,92.47984514687101,2.1288979352916186,91.22099829714773,93.02994625372499,1.8089479565772564,95.40529214559386,96.7798797360579,1.3745875904640315,97.86511547467008,98.9044540229885,1.039338548318426,7.514168263090677,6.424608876117496,-1.089559386973181,5.056340464027246,4.302030119199659,-0.7543103448275863,78.39665104548655,82.54331072595078,4.146659680464225
no_pmv_ordinal,broad_tail,0.07,ssp245,All,300672,300672,78.38741219667943,81.19113186462324,2.8037196679438097,75.2906822051937,78.88064069816943,3.5899584929757253,93.26176032354194,94.32138676032355,1.0596264367816133,97.76301085568328,98.46177894848871,0.6987680928054374,19.37559865900383,17.270647083865477,-2.1049515751383545,14.874348126862493,13.130254895700297,-1.7440932311621964,76.87096764612116,79.50631437761554,2.63534673149438
no_pmv_ordinal,broad_tail,0.07,ssp585,All,300672,300672,78.23309120902512,83.19564176245211,4.962550553426993,75.44766389953172,81.17483503618561,5.727171136653894,93.44667943805874,95.05540921668795,1.6087297786292112,97.73873190719455,98.82662835249042,1.0878964452958684,19.505640698169433,15.630986590038315,-3.874654108131118,15.21358822903363,11.859767454235845,-3.3538207747977857,77.07682937253617,81.63734387584083,4.56051450330466
no_pmv_ordinal,broad_tail,0.08,ssp245,All,300672,300672,58.50029267773521,64.23744146445296,5.737148786717746,56.7039830779055,62.69423158790974,5.990248510004243,83.17036504895701,85.5297467007237,2.3593816517666966,91.59183429118774,93.21386760323543,1.6220333120476909,33.091541613452534,28.976426138782465,-4.11511547467007,24.702998616432524,21.331218071519796,-3.3717805449127276,55.01005863884389,59.433709772757815,4.423651133913928
no_pmv_ordinal,broad_tail,0.08,ssp585,All,300672,300672,58.46437313750532,69.28280651340997,10.818433375904647,56.92083067262666,67.87994891443168,10.959118241805022,82.75729033631333,87.42949127288207,4.672200936568743,91.51301085568328,94.15376223925075,2.6407513835674763,33.04863771817795,24.870955725840783,-8.177681992337167,24.315533205619413,18.188590889740315,-6.1269423158790985,55.50174481907918,63.962641692560105,8.460896873480927
no_pmv_ordinal,broad_tail,0.09,ssp245,All,300672,300672,43.0874840357599,50.70641762452107,7.618933588761173,41.130201681566625,49.11830832269051,7.988106641123885,58.59375,64.95383673903788,6.360086739037882,69.44344667943805,74.57528469561515,5.131838016177099,26.35596264367816,23.868867071094083,-2.487095572584078,15.603049169859515,14.355177735206471,-1.2478714346530442,30.783974607403636,38.03167100320537,7.247696395801732
no_pmv_ordinal,broad_tail,0.09,ssp585,All,300672,300672,43.672174329501914,57.677469135802475,14.005294806300562,41.8462643678161,56.086366538952745,14.240102171136648,58.636986483610045,69.97858131119625,11.341594827586206,69.26185344827587,79.0196626223925,9.75780917411663,25.589679118773944,21.342193486590038,-4.247485632183906,15.063258301404852,12.440134099616857,-2.623124201787995,32.02837815584125,45.89624007330223,13.867861917460978
no_pmv_ordinal,broad_tail,0.1,ssp245,All,300672,300672,34.295511387824604,42.685717326521925,8.39020593869732,30.852889527458494,39.242097701149426,8.389208173690932,50.840118135376756,58.29109461472968,7.450976479352924,61.86941251596424,68.330938697318,6.4615261813537614,27.57390112813963,25.645221370796083,-1.9286797573435486,16.55691251596424,15.64429012345679,-0.9126223925074495,23.86619412546618,31.460065132856784,7.593871007390604
no_pmv_ordinal,broad_tail,0.1,ssp585,All,300672,300672,35.106694338016176,50.3744944657301,15.267800127713926,31.838681353767562,47.33330672626649,15.49462537249893,50.969494997871436,64.08411824180502,13.114623243933579,61.71908258833546,73.5928187526607,11.873736164325244,26.612388250319285,23.21832428693061,-3.3940639633886747,15.87543901660281,13.739224137931034,-2.136214878671776,25.04443074328352,39.77667903970602,14.732248296422497
no_pmv_ordinal,broad_tail,0.11,ssp245,All,300672,300672,28.120343763303534,37.05699233716475,8.936648573861216,24.25533471690081,32.86671189868029,8.611377181779485,44.928360472541506,52.704608343976155,7.776247871434649,57.09543954874414,64.00662515964241,6.911185610898272,28.97509578544061,26.94963282247765,-2.025462962962962,16.80901447424436,15.653935185185187,-1.1550792890591737,21.820826955661833,29.606952222490406,7.786125266828574
no_pmv_ordinal,broad_tail,0.11,ssp585,All,300672,300672,28.85070774797786,45.40462696892295,16.553919220945087,25.08447743720732,41.671988080034055,16.587510642826736,45.05108556832695,58.978554704129415,13.927469135802468,56.489796189868024,69.93135376756067,13.441557577692642,27.639088441890163,24.526726798637718,-3.112361643252445,16.202373350361857,13.57924914857386,-2.6231242017879968,22.88165905928821,38.197796598738854,15.316137539450644
no_pmv_ordinal,broad_tail,0.12,ssp245,All,300672,300672,23.852570242656448,32.956510749255,9.103940506598555,19.60841049382716,28.51678905917412,8.908378565346958,38.876250532141334,47.364570029799914,8.48831949765858,49.139593976160064,57.077812366964665,7.9382183908046,25.287023733503617,24.121301617709666,-1.165722115793951,15.025675819497659,14.408059280544913,-0.6176165389527455,16.79673797275666,24.953296008677928,8.156558035921268
no_pmv_ordinal,broad_tail,0.12,ssp585,All,300672,300672,24.50776926351639,41.7318539804172,17.22408471690081,20.55229618986803,37.676936994465734,17.124640804597703,39.42103022562793,54.26012398893146,14.83909376330353,49.45522030651341,63.61417092379737,14.158950617283956,24.94745104299702,21.88231694338016,-3.0651340996168592,14.91392613878246,12.530265538527033,-2.3836606002554266,18.102738477845694,33.95357305973665,15.850834581890954
no_pmv_ordinal,broad_tail,0.13,ssp245,All,300672,300672,20.615155385270327,29.884724882928904,9.269569497658576,16.575870051085566,25.320282567049805,8.744412515964239,36.206896551724135,44.85818433375905,8.651287782034913,46.85005587484036,55.0733024691358,8.22324659429544,26.23490048957003,25.188577586206897,-1.0463229033631336,15.59174116645381,14.97345945083014,-0.6182817156236702,15.995718374942433,24.155671530968405,8.159953156025972
no_pmv_ordinal,broad_tail,0.13,ssp585,All,300672,300672,21.3285573648361,38.794101213282254,17.465543848446153,17.743587696892295,34.859581204767984,17.11599350787569,36.62462750106428,52.00184919114517,15.377221690080887,47.13641443167305,61.59003831417624,14.453623882503187,25.807857066836952,22.795937100893997,-3.0119199659429547,15.296070136228183,13.208080566198383,-2.0879895700297997,17.19172189636633,33.209650295505206,16.017928399138874
no_pmv_ordinal,broad_tail,0.14,ssp245,All,300672,300672,18.05089931885909,27.18277724563644,9.13187792677735,14.549076734780758,23.038726585781184,8.489649851000426,34.00183588761175,42.589266709237975,8.587430821626228,43.97981853980417,51.806619838229025,7.826801298424854,25.928919220945083,24.62384259259259,-1.3050766283524915,15.95093656875266,15.406489463601533,-0.5444471051511268,14.680300091073189,22.563877943115237,7.883577852042048
no_pmv_ordinal,broad_tail,0.14,ssp585,All,300672,300672,18.89866698595147,36.38017507449979,17.48150808854832,15.722115793954874,32.883008727117925,17.16089293316305,34.47211579395487,50.11241485738612,15.64029906343125,44.13546988080034,58.860818433375904,14.72534855257556,25.23680289484887,22.48064335887612,-2.7561595359727526,15.573448808003407,13.732239782886335,-1.841209025117072,15.8108588843909,31.903619512146708,16.09276062775581
no_pmv_ordinal,broad_tail,0.15,ssp245,All,300672,300672,15.732093444018732,24.7023334397616,8.970239995742867,13.028482865048957,21.47389846743295,8.445415602383992,32.11805555555556,40.83985206470839,8.721796509152831,40.77034110259685,48.74348126862495,7.973140166028095,25.038247658578115,24.041147828863345,-0.9970998297147702,16.385962111536827,16.137518624946786,-0.24844348659004112,13.127429629489237,20.8420222714375,7.714592641948263
no_pmv_ordinal,broad_tail,0.15,ssp585,All,300672,300672,16.79504576415496,34.04806566624095,17.253019902085992,14.282673478075777,31.35742603235419,17.07475255427841,32.58201628352491,48.5718656875266,15.989849404001696,41.06069071945509,56.046455938697314,14.985765219242225,24.26564495530013,21.998390272456366,-2.267254682843763,15.786970519369945,14.523800021285654,-1.2631704980842908,14.28813057323041,30.027900995468038,15.739770422237628
no_pmv_ordinal,broad_tail,0.16,ssp245,All,300672,300672,13.852636760323541,22.577093976160068,8.724457215836527,11.74835036185611,20.14421030225628,8.39585994040017,30.693912303107705,39.58765698169434,8.893744678586632,39.98376968922946,48.01278469561516,8.029015006385698,26.131132928905913,25.43569071945509,-0.6954422094508246,16.841275542784164,17.01056300553427,0.16928746275010553,12.867853862534764,20.494401298885762,7.626547436350998
no_pmv_ordinal,broad_tail,0.16,ssp585,All,300672,300672,15.053280651340998,32.04455353341847,16.991272882077475,12.995224031502767,30.02274904214559,17.027525010642826,31.168515857811833,47.49195136228182,16.323435504469984,40.1849856321839,55.4704129416773,15.2854273094934,25.131704980842912,23.425859408258834,-1.705845572584078,16.11523520647084,15.447397828863346,-0.6678373776074924,14.008961671153362,29.675879342771317,15.666917671617956
no_pmv_ordinal,broad_tail,0.17,ssp245,All,300672,300672,12.227942741592166,20.60517773520647,8.377234993614305,10.608570136228183,18.9106401660281,8.302070029799916,28.995383673903792,38.242669753086425,9.247286079182633,38.768824499787144,46.86967858663261,8.100854086845466,26.540881758194978,26.26450085142614,-0.2763809067688392,16.767440932311622,17.63749201787995,0.8700510855683277,12.701623067087612,20.31246635859097,7.610843291503359
no_pmv_ordinal,broad_tail,0.17,ssp585,All,300672,300672,13.533684546615582,30.31742230736484,16.783737760749258,11.879390166028097,28.81345785440613,16.934067688378036,29.62430821626224,46.29563111962538,16.671322903363137,38.94542890591741,54.51854512558536,15.573116219667952,25.41174435930183,24.20112281822052,-1.2106215410813128,16.090623669646657,15.978208812260537,-0.11241485738612056,13.810842008853458,29.519927994772168,15.70908598591871
no_pmv_ordinal,broad_tail,0.18,ssp245,All,300672,300672,10.953131651766709,19.19334025117071,8.240208599404001,9.586193593018304,17.775848765432098,8.189655172413794,27.630108556832695,37.05034057045552,9.420232013622822,36.993135376756065,45.383673903788846,8.390538527032781,26.040003724989358,26.190333652618136,0.1503299276287784,16.676976905065985,17.8570003192848,1.180023414218816,11.389608508768127,18.971416383780777,7.58180787501265
no_pmv_ordinal,broad_tail,0.18,ssp585,All,300672,300672,12.28980417198808,28.873656343124733,16.58385217113665,10.86732386121754,27.663699978714344,16.796376117496806,28.23541932737335,45.31216741166454,17.07674808429119,37.22528203490847,53.19118507875692,15.96590304384845,24.93547786292039,24.317528735632184,-0.6179491272882061,15.945615155385271,16.438511068539803,0.4928959131545323,12.46001311829185,28.437956446130375,15.977943327838526
no_pmv_ordinal,broad_tail,0.19,ssp245,All,300672,300672,9.848273201362282,17.970080353341846,8.121807151979564,8.580113878246062,16.650037249893572,8.06992337164751,26.33434440187314,35.8955938697318,9.561249467858659,35.63684014474244,44.64499521072797,9.008155065985527,25.788566943380165,26.674914857386124,0.8863479140059596,16.486071200510853,17.925513516389955,1.439442315879102,11.060892063505088,18.760273789923612,7.699381726418524
no_pmv_ordinal,broad_tail,0.19,ssp585,All,300672,300672,11.182285014899957,27.594854193273733,16.412569178373776,9.880201681566623,26.559506704980844,16.679305023414223,26.891762452107283,44.38590889740315,17.494146445295865,36.03860685398041,52.59818007662835,16.55957322264794,24.856321839080458,25.00332588335462,0.14700404427416203,15.709477437207322,16.791054704129415,1.0815772669220927,12.139359268109983,28.267466875936087,16.128107607826102
no_pmv_ordinal,broad_tail,0.2,ssp245,All,300672,300672,8.82124042145594,16.79005693912303,7.96881651766709,7.673478075776926,15.631319178373776,7.957841102596849,23.895806726266496,33.59641070668369,9.700603980417196,32.48955672626649,41.88451202639421,9.39495530012772,23.668316304810556,25.09445508727118,1.4261387824606224,15.074898893146019,16.806353767560665,1.7314548744146467,8.49792168035877,15.859401099845577,7.361479419486807
no_pmv_ordinal,broad_tail,0.2,ssp585,All,300672,300672,10.230084610472542,26.407181247339295,16.177096636866754,9.021458599404001,25.52382662835249,16.50236802894849,24.529387505321413,42.572637292464876,18.043249787143463,33.228235419327376,50.26207960834398,17.033844189016605,22.99815080885483,23.854898361004683,0.8567475521498515,14.299302894848873,16.165456045125584,1.8661531502767108,9.599639199390808,25.54092820909369,15.941289009702881
no_pmv_ordinal,broad_tail,0.21,ssp245,All,300672,300672,7.919593444018731,15.749388037462749,7.829794593444018,6.862627713920817,14.603288633461048,7.740660919540231,22.816224989357174,32.54775968497233,9.731534695615153,31.897216900808857,41.335076096211154,9.437859195402297,23.977623456790123,25.585688058748403,1.6080646019582794,14.896631545338442,16.798371647509576,1.901740102171134,8.11697430906723,15.371058018527894,7.254083709460664
no_pmv_ordinal,broad_tail,0.21,ssp585,All,300672,300672,9.333759046402724,25.300327266922096,15.966568220519372,8.272469667943806,24.48515325670498,16.212683588761173,23.475415070242654,41.71289644529587,18.237481375053214,32.68112760749255,49.80210994040017,17.120982332907623,23.347368561089826,24.501782673478075,1.154414112388249,14.141656023839932,16.412569178373776,2.2709131545338437,9.221546486734962,25.019024727151972,15.79747824041701
no_pmv_ordinal,broad_tail,0.22,ssp245,All,300672,300672,7.123709557258408,14.705060664112388,7.58135110685398,6.066411238825032,13.654081524052788,7.587670285227756,20.998962324393357,30.772735738612177,9.77377341421882,31.22705140485313,40.779986164325244,9.552934759472116,24.103341847594724,26.07492550021286,1.9715836526181363,13.875252767134953,16.06767507449979,2.1924223073648363,8.016578160977302,15.269693816279716,7.253115655302414
no_pmv_ordinal,broad_tail,0.22,ssp585,All,300672,300672,8.545192103022563,24.248017773520647,15.702825670498084,7.547759684972329,23.469428480204343,15.921668795232014,21.76158737760749,40.09285866326096,18.33127128565347,31.884911132396766,49.35211792252022,17.467206790123456,23.3397190293742,25.104100148999574,1.764381119625373,13.21639527458493,15.844840889740313,2.6284456151553837,9.091915641782313,24.937516506940547,15.845600865158234
no_pmv_ordinal,broad_tail,0.23,ssp245,All,300672,300672,6.3344774372073225,13.769822264793529,7.435344827586206,5.294806300553427,12.665296402724563,7.370490102171136,19.44544220945083,29.043276394210306,9.597834184759474,27.658378565346958,37.484368348233296,9.825989782886339,21.32390112813963,23.71454608343976,2.3906449553001288,13.110964772243507,15.273454129416772,2.162489357173264,6.3291895257300705,12.96165609886131,6.632466573131239
no_pmv_ordinal,broad_tail,0.23,ssp585,All,300672,300672,7.788886228182205,23.21499840357599,15.426112175393785,6.806752873563219,22.450045232013625,15.643292358450406,20.353408365261814,38.50109088974031,18.147682524478498,28.644170391656026,46.497844827586206,17.85367443593018,20.85528416347382,23.282846424010216,2.427562260536398,12.564522137079608,15.286092486164327,2.7215703490847183,7.518786848378231,22.154761840005303,14.635974991627073
no_pmv_ordinal,broad_tail,0.24,ssp245,All,300672,300672,5.592140272456365,12.880481055768412,7.288340783312047,4.581404320987654,11.609328437633035,7.027924116645381,18.804877075351214,28.34550606641124,9.540628991060025,26.863825031928478,36.68615634312473,9.822331311196251,21.271684759472116,23.805675287356323,2.5339905278842068,13.212736802894847,15.465025010642828,2.2522882077479807,6.017117043920234,12.493523359538305,6.47640631561807
no_pmv_ordinal,broad_tail,0.24,ssp585,All,300672,300672,7.083133780332056,22.226545870583227,15.143412090251172,6.0551032354193275,21.357492550021288,15.30238931460196,19.64333226905066,37.896112707535124,18.252780438484464,27.929770647083867,45.817036504895704,17.887265857811837,20.84663686675181,23.590490634312474,2.7438537675606653,12.560198488718605,15.669566836951896,3.109368348233291,7.198593449253213,21.547976417542067,14.349382968288854
no_pmv_ordinal,broad_tail,0.25,ssp245,All,300672,300672,4.941264899957429,11.96719348659004,7.02592858663261,3.9155624733929333,10.612228607918263,6.69666613452533,17.787156768837804,27.260935504469984,9.47377873563218,26.213282247765008,36.13605523627076,9.922772988505749,21.27201734780758,24.168861749680715,2.8968444018731354,12.845891868880374,15.29374201787995,2.447850148999576,5.790265362641909,12.21601015016425,6.425744787522341
no_pmv_ordinal,broad_tail,0.25,ssp585,All,300672,300672,6.429930289484888,21.253724989357174,14.823794699872286,5.347687845891869,20.174808429118773,14.827120583226904,18.649558322690506,36.863425925925924,18.213867603235418,27.11659216687952,45.27691304810558,18.160320881226056,20.686661877394634,24.023188058748403,3.3365261813537685,12.21962803320562,15.609700936568752,3.390072903363132,6.930963964357302,21.184972649530582,14.25400868517328
no_pmv_ordinal,broad_tail,0.26,ssp245,All,300672,300672,4.314003299276288,11.040602383993187,6.7265990847168995,3.307590996168582,9.655704555129843,6.348113558961261,16.780411877394634,26.16838282247765,9.387970945083016,24.232718710089397,33.90438750532142,9.67166879523202,19.91871541081311,22.863785121328224,2.9450697105151136,12.46640857811835,15.12778043848446,2.6613718603661116,5.095258655066042,10.984820154138934,5.889561499072892
no_pmv_ordinal,broad_tail,0.26,ssp585,All,300672,300672,5.784376330353342,20.283232226479353,14.49885589612601,4.6598951681566625,18.98846583652618,14.328570668369519,17.710994040017027,35.880959982971476,18.16996594295445,25.088135908897403,43.21453277990634,18.12639687100894,19.30375957854406,22.93130055342699,3.6275409748829297,11.926617709663686,15.597727756492125,3.6711100468284386,6.189211656119822,19.550253478224683,13.36104182210486
no_pmv_ordinal,broad_tail,0.27,ssp245,All,300672,300672,3.7309759472115798,10.162901766709238,6.431925819497659,2.789750957854406,8.73376968922946,5.944018731375054,15.881093018305661,25.168954874414645,9.287861856108984,24.18715410813112,33.859820668369515,9.672666560238394,20.456178160919542,23.69691890166028,3.240740740740737,12.150117071094083,15.006053107705405,2.855936036611322,5.089808459087164,10.977795532206793,5.887987073119628
no_pmv_ordinal,broad_tail,0.27,ssp585,All,300672,300672,5.138489782886334,19.272828863346106,14.134339080459771,3.968444018731375,17.868308322690506,13.89986430395913,16.84626436781609,34.869891443167305,18.023627075351214,25.045897190293744,43.17595253299276,18.130055342699016,19.90740740740741,23.903123669646657,3.995716262239249,11.707774584929757,15.5970625798212,3.8892879948914434,6.184539966204234,19.541674725998742,13.357134759794508
no_pmv_ordinal,broad_tail,0.28,ssp245,All,300672,300672,3.1695668369518946,9.270567262664963,6.101000425713069,2.2981853980417197,7.766602809706258,5.4684174116645385,15.06093018305662,24.17185504469987,9.110924861643252,23.904454022988507,33.5824419965943,9.677987973605791,20.73488718603661,24.311874733929333,3.576987547892724,11.891363346104725,14.901287782034908,3.0099244359301824,5.010092470505953,10.806791798185476,5.796699327679523
no_pmv_ordinal,broad_tail,0.28,ssp585,All,300672,300672,4.485951468710089,18.21420019157088,13.728248722860792,3.328876649638144,16.73351692209451,13.404640272456366,16.040070242656448,33.83254842486164,17.792478182205194,24.670404959557256,42.921855044699875,18.25145008514262,20.18445349084717,24.70765485312899,4.523201362281821,11.55411877394636,15.618348233290764,4.0642294593444035,6.041313319789448,19.30064705495342,13.25933373516397
no_pmv_ordinal,broad_tail,0.29,ssp245,All,300672,300672,2.6866485738612176,8.428453597275436,5.7418050234142175,1.8458652618135376,6.861297360578971,5.015432098765433,12.737800659855258,21.28831417624521,8.55051351638995,19.281476160068113,28.584637079608342,9.303160919540229,16.594827586206897,20.156183482332906,3.5613558961260097,10.05115208599404,12.859860578969776,2.808708492975736,3.1742724226147767,7.507031603484125,4.332759180869349
no_pmv_ordinal,broad_tail,0.29,ssp585,All,300672,300672,3.886627288207748,17.124973392933164,13.238346104725416,2.7781103661132396,15.645620476798639,12.8675101106854,13.697650595998297,30.96796509152831,17.270314495530013,20.092659110259685,38.34610472541507,18.253445615155382,16.206031822051937,21.221131332481907,5.01509951042997,9.811023307790549,13.842991698595148,4.0319683908045985,3.864762457110841,14.951766717286008,11.087004260175167
no_pmv_ordinal,broad_tail,0.3,ssp245,All,300672,300672,2.2353262026394214,7.598978288633461,5.3636520859940395,1.5079555129842486,6.03281981694338,4.524864303959132,12.269183695189442,20.65406822051937,8.384884525329928,18.41608131119625,27.37567848020434,8.959597169008088,16.18075510855683,19.77670019157088,3.595945083014051,10.033857492550021,13.055089931885908,3.0212324393358863,2.9669451463828067,7.125923332198989,4.158978185816183
no_pmv_ordinal,broad_tail,0.3,ssp585,All,300672,300672,3.3428453597275434,16.058695189442314,12.71584982971477,2.3417544699872286,14.533112494678587,12.191358024691358,13.218723392933162,30.42451575138357,17.20579235845041,19.139460940825884,37.30310770540656,18.163646764580676,15.796615581098338,21.24441251596424,5.4477969348659006,9.87587803320562,14.36582056194125,4.4899425287356305,3.659160088302648,14.345365210088637,10.686205121785989
no_pmv_ordinal,broad_tail,0.31,ssp245,All,300672,300672,1.7830060664112388,6.776487335036185,4.993481268624946,1.230244252873563,5.337045019157088,4.106800766283525,11.230177735206471,19.32471264367816,8.09453490847169,18.163979352916133,27.15883088548318,8.994851532567047,16.380973286504897,20.382343550447,4.001370263942103,9.447171668795232,12.548225308641975,3.101053639846743,2.8812368748585055,6.8960572378148965,4.0148203629563906
no_pmv_ordinal,broad_tail,0.31,ssp585,All,300672,300672,2.849284269902086,15.031329821200512,12.182045551298426,2.0035121328224776,13.515724776500637,11.51221264367816,12.194351319710515,29.119106534695614,16.924755214985097,18.8660733290762,37.15809919114517,18.292025862068968,16.016789059174116,22.126769369944657,6.109980310770542,9.34506704980843,14.087776713495103,4.742709663686673,3.485552497206415,14.08730623510211,10.601753737895695
no_pmv_ordinal,broad_tail,0.32,ssp245,All,300672,300672,1.395208067262665,6.002554278416347,4.607346211153682,1.0300260749255001,4.749361430395913,3.719335355470413,10.327532992762878,18.223512664963813,7.895979672200935,15.560810451255854,24.110991379310345,8.550180928054491,14.165602383993189,18.108437100893997,3.9428347169008084,8.932324925500213,12.220958386547467,3.2886334610472545,2.274443157363053,5.682784492688199,3.4083413353251464
no_pmv_ordinal,broad_tail,0.32,ssp585,All,300672,300672,2.37700883354619,13.977357386121753,11.600348552575563,1.7098366326096213,12.55920072371222,10.849364091102599,11.272749042145595,27.980656662409537,16.707907620263942,16.401926351638995,34.421562366964665,18.01963601532567,14.024917518092806,20.444204980842912,6.4192874627501055,8.895740208599404,14.00329927628778,5.107559067688376,2.7414711901163167,12.317486376068192,9.576015185951876
no_pmv_ordinal,broad_tail,0.33,ssp245,All,300672,300672,1.1008673903788846,5.1996860366113244,4.09881864623244,0.8693859088974031,4.196267028522776,3.326881119625373,9.789405065985527,17.5270726905066,7.737667624521073,15.043968177948063,23.44980576841209,8.405837590464028,13.943100787569179,18.250119731800766,4.3070189442315865,8.688537675606641,12.327386653895275,3.6388489782886335,2.1699625076388847,5.487458978546332,3.3174964709074475
no_pmv_ordinal,broad_tail,0.33,ssp585,All,300672,300672,1.9246886973180075,12.901766709237975,10.977078011919968,1.4304624308216263,11.670524691358025,10.2400622605364,10.71865687526607,27.098964985100043,16.380308109833972,15.917012558535548,33.774678054491275,17.85766549595573,13.99232386121754,20.8729113452533,6.880587484035759,8.793968177948063,14.19719827586207,5.403230097914006,2.6281850606233603,11.994526749252099,9.366341688628738
no_pmv_ordinal,broad_tail,0.34,ssp245,All,300672,300672,0.8757050872711792,4.442382396764581,3.5666773094934014,0.7177256279267774,3.647163686675181,2.9294380587484037,9.280544912728821,16.83861483610047,7.558069923371647,14.697743720732227,23.219322051936995,8.521578331204768,13.822038633461048,18.776939655172413,4.954901021711365,8.40483982545764,12.396232439335888,3.991392613878247,2.0787992904854375,5.209419877080235,3.130620586594797
no_pmv_ordinal,broad_tail,0.34,ssp585,All,300672,300672,1.4766922094508301,11.824845679012345,10.348153469561515,1.135456577266922,10.77819018731375,9.642733610046829,10.153256704980842,26.298424861643255,16.145168156662415,15.558149744572159,33.56747552149851,18.00932577692635,14.081457535121327,21.742629842486163,7.661172307364836,8.676564495530013,14.473579182630909,5.797014687100896,2.4510401029042286,11.601924341007564,9.150884238103336
no_pmv_ordinal,broad_tail,0.35,ssp245,All,300672,300672,0.7060850361856109,3.6957215836526185,2.9896365474670077,0.590676883780332,3.105044699872286,2.514367816091954,8.55516975308642,15.825550766283525,7.270381013197106,13.458186994465729,21.60294274159217,8.14475574712644,12.752101958280118,17.90722115793955,5.155119199659431,7.8490847169008084,12.129829182630907,4.280744465730098,1.7926597956672623,4.443335512388229,2.6506757167209667
no_pmv_ordinal,broad_tail,0.35,ssp585,All,300672,300672,1.0626197318007662,10.702027458492976,9.63940772669221,0.820495423584504,9.841954022988505,9.021458599404001,9.391296828437632,25.12272509578544,15.731428267347809,14.309613133248192,31.768172626649637,17.458559493401445,13.246993401447424,21.066145168156662,7.819151766709238,8.328677096636866,14.420697637292465,6.092020540655598,2.029189081955861,10.007088998351419,7.9778999163955575
no_pmv_ordinal,broad_tail,0.36,ssp245,All,300672,300672,0.5790362920391656,3.0514979778629203,2.4724616858237547,0.4809227330779055,2.5659190080885486,2.084996275010643,7.949526394210301,15.044633354618986,7.0951069604086845,13.270607173265219,21.33920019157088,8.068593018305663,12.691570881226053,18.28770221370796,5.596131332481907,7.3704901021711375,11.993135376756065,4.622645274584928,1.7569061547466216,4.345070248996614,2.5881640942499926
no_pmv_ordinal,broad_tail,0.36,ssp585,All,300672,300672,0.7213840996168582,9.587523946360154,8.866139846743296,0.5763755853554704,8.833213601532568,8.256838016177099,8.714479565772669,24.367749574286933,15.653270008514264,14.095093656875266,31.46784535972754,17.372751702852277,13.37370955725841,21.88032141336739,8.50661185610898,7.993095466155811,14.780225627926777,6.787130161770966,1.9769510691687877,9.8573858015948,7.8804347324260124
no_pmv_ordinal,broad_tail,0.37,ssp245,All,300672,300672,0.47792943805874843,2.442196147296722,1.9642667092379735,0.4090836526181354,2.096636866751809,1.6875532141336738,7.251756066411239,14.095093656875266,6.843337590464027,13.257636228182204,21.320242656449555,8.062606428267351,12.779706790123457,18.87804650915283,6.098339719029374,6.773826628352491,11.652897509578544,4.8790708812260535,1.7554961374534008,4.341120976547666,2.5856248390942653
no_pmv_ordinal,broad_tail,0.37,ssp585,All,300672,300672,0.5081949765857812,8.440759365687526,7.932564389101746,0.3927868241805023,7.843098126862495,7.4503113026819925,8.05761760323542,23.25657194550873,15.198954342273309,14.077133886760324,31.448555236270753,17.371421349510427,13.568938910174541,23.007795870583227,9.438856960408685,7.549422626649638,14.8158125798212,7.266389953171562,1.9749768615143024,9.853121803233702,7.878144941719399
no_pmv_ordinal,broad_tail,0.38,ssp245,All,300672,300672,0.4084184759472116,1.9379922307364836,1.529573754789272,0.35420657726692206,1.680901447424436,1.3266948701575139,6.734248616432524,13.241339399744573,6.50709078331205,12.805648680289487,20.86093816517667,8.055289484887183,12.397230204342273,18.92294593444019,6.525715730097916,6.325830140485313,11.30334716900809,4.977517028522777,1.6260352719030993,3.9636683051331523,2.337633033230053
no_pmv_ordinal,broad_tail,0.38,ssp585,All,300672,300672,0.38048105576841207,7.166613452532992,6.786132396764581,0.24445242656449553,6.839346530438485,6.594894103873989,7.449978714346531,22.196612920391658,14.746634206045126,13.605856215410814,31.02084663686675,17.414990421455936,13.225375159642402,23.854233184333758,10.628858024691356,7.069497658578118,15.029999467858662,7.960501809280544,1.7743519479497933,9.160059266030034,7.38570731808024
no_pmv_ordinal,broad_tail,0.39,ssp245,All,300672,300672,0.33824233716475094,1.5195961047254152,1.1813537675606642,0.30864197530864196,1.2957641549595573,0.9871221796509153,5.2844960621541075,10.925526819923371,5.641030757769264,10.049821732652193,17.657779906343123,7.60795817369093,9.711579395487442,16.138183801617707,6.426604406130265,4.946253724989357,9.405930715197956,4.459676990208599,1.1412763541138813,2.840574239078379,1.6992978849644977
no_pmv_ordinal,broad_tail,0.39,ssp585,All,300672,300672,0.2910147935291613,5.914085781183482,5.623070987654321,0.1526580459770115,5.6413633461047255,5.488705300127714,5.6875931247339295,19.695548637718176,14.007955512984246,10.695375691783738,27.729552469135804,17.034176777352066,10.404360898254577,21.81546668795232,11.411105789697743,5.396578331204768,13.78545391656024,8.388875585355471,1.1693456183091049,7.078753164205125,5.90940754589602
no_pmv_ordinal,broad_tail,0.4,ssp245,All,300672,300672,0.2846956151553853,1.1989809493401447,0.9142853341847594,0.2654054916985951,0.9196067475521498,0.6542012558535546,4.455020753512133,9.1332082801192,4.678187526607068,8.523241272882078,14.894636015325672,6.371394742443593,8.238545657726693,13.695655065985527,5.457109408258834,4.1703251383567475,7.934227330779055,3.7639021924223073,0.87174573474928,2.0448568878067386,1.1731111530574587
no_pmv_ordinal,broad_tail,0.4,ssp585,All,300672,300672,0.22549489144316728,4.750026607066837,4.524531715623669,0.09645061728395062,4.519210302256279,4.422759684972328,4.686834823329076,17.25601319710515,12.569178373776076,8.92833386547467,24.54302362707535,15.61468976160068,8.702838974031502,19.792997020008514,11.090158045977011,4.461339931885909,12.506651766709236,8.045311834823327,0.8326185898062043,5.284486084216995,4.451867494410791
nominal,broad_tail,0.05,ssp245,All,300672,300672,99.88791773094934,99.93880374627501,0.050886015325673384,99.98902458492975,99.99700670498083,0.00798212005108212,99.99933482332908,99.99833705832269,-0.0009977650063888177,100.0,100.0,0.0,0.11208226905065985,0.06119625372498935,-0.0508860153256705,0.11174968071519795,0.05986590038314176,-0.051883780332056186,98.7983704954707,98.89919508738187,0.100824591911163
nominal,broad_tail,0.05,ssp585,All,300672,300672,99.90887079608343,99.9205113878246,0.011640591741169715,99.9763862281822,100.0,0.023613771817792895,99.99866964665816,100.0,0.001330353341842283,100.0,100.0,0.0,0.09112920391656024,0.07948861217539378,-0.011640591741166453,0.08979885057471264,0.07948861217539378,-0.010310238399318855,98.62604676788584,99.06272329644622,0.4366765285603833
nominal,broad_tail,0.06,ssp245,All,300672,300672,98.43916294167731,98.77574233716476,0.33657939548744764,99.13793103448276,99.45422254150702,0.31629150702426045,99.87461419753086,99.9398015112814,0.06518731375054188,99.98104246487867,99.99900223499361,0.017959770114941875,1.5418795232013622,1.2232598978288634,-0.3186196253724989,1.4364490208599403,1.1677176458067262,-0.2687313750532141,95.71307366518124,96.18297279376465,0.4698991285834069
nominal,broad_tail,0.06,ssp585,All,300672,300672,98.15014367816092,98.87186036611324,0.7217166879523234,98.92274638143891,99.58226905065986,0.6595226692209479,99.88226372924649,99.93314974457216,0.050886015325673384,99.98004469987228,99.99800446998724,0.017959770114956086,1.8299010217113665,1.1261441038739888,-0.7037569178373777,1.7327852277564921,1.0632849084716902,-0.6695003192848019,95.21002692030156,96.84607679675051,1.6360498764489506
nominal,broad_tail,0.07,ssp245,All,300672,300672,88.09832641549595,89.72335302256279,1.625026607066843,90.30039378458919,91.61711100468284,1.3167172200936506,97.1307604299702,97.82154640272456,0.6907859727543695,99.1671988080034,99.45255959982971,0.2853607918263066,11.068872392507451,9.729206577266922,-1.3396658152405294,9.034429544487017,8.105177735206471,-0.9292518092805455,80.67438898083473,82.83361994374579,2.159230962911053
nominal,broad_tail,0.07,ssp585,All,300672,300672,87.73680289484888,91.43485259684972,3.6980497020008443,89.63621487867177,93.06786132396765,3.4316464452958826,97.17299914857385,98.11921296296296,0.946213814389111,99.1768438697318,99.5503405704555,0.373496700723706,11.440040974882928,8.11548797360579,-3.3245530012771383,9.441185078756918,6.686023307790549,-2.755161770966369,80.59496088447744,85.79997589184065,5.205015007363201
nominal,broad_tail,0.08,ssp245,All,300672,300672,61.105457109408256,67.3115554491273,6.206098339719041,60.677415921668796,67.13162515964241,6.454209237973615,80.58116485738613,83.83387877820348,3.2527139208173566,90.2907487228608,92.21344189016602,1.9226931673052263,29.185291613452534,24.90188644103874,-4.283405172413794,19.549542358450406,16.57453969774372,-2.9750026607066857,50.25461598121085,56.22093499348853,5.96631901227768
nominal,broad_tail,0.08,ssp585,All,300672,300672,61.286717752235,72.07222488292891,10.785507130693908,61.329289059174116,71.7519423158791,10.42265325670499,80.65666240953597,86.1094481694338,5.452785759897836,90.06891230310771,93.56774159216687,3.4988292890591595,28.782194550872713,21.495516709237975,-7.286677841634738,19.444777032779907,14.14498190719455,-5.299795125585357,51.440755448317496,61.65985214910222,10.219096700784725
nominal,broad_tail,0.09,ssp245,All,300672,300672,45.688324819071944,53.504150702426564,7.81582588335462,43.462311089825455,51.56017188165176,8.097860791826307,64.75162303107706,70.35640166028098,5.604778629203921,77.12723499361431,81.53469561515539,4.407460621541077,31.438910174542357,28.03054491272882,-3.408365261813536,19.1567555342699,16.917438271604937,-2.239317262664965,36.682192853100034,43.79390156281801,7.111708709717973
nominal,broad_tail,0.09,ssp585,All,300672,300672,46.349177841634734,59.789072477650066,13.439894636015332,44.599098020434226,58.0010775862069,13.40197956577267,64.8803347169008,73.9463601532567,9.0660254363559,77.08266815666242,84.4711180289485,7.388449872286074,30.733490315027673,24.682045551298426,-6.051444763729247,18.616964665815242,14.324247020008515,-4.292717645806727,38.149386896190215,50.00138658346004,11.851999687269824
nominal,broad_tail,0.1,ssp245,All,300672,300672,35.871647509578544,44.38690666240954,8.515259152830993,32.33224244359302,40.94062633035334,8.608383886760322,55.639367816091955,62.542571306939124,6.903203490847169,68.46497179650916,73.97895381013197,5.513982013622808,32.59332428693061,29.592047147722432,-3.0012771392081774,19.83057950191571,18.200896658152406,-1.6296828437633053,28.037567822383668,35.63412214252356,7.596554320139891
nominal,broad_tail,0.1,ssp585,All,300672,300672,36.763649425287355,51.830233610046825,15.06658418475947,33.781329821200515,48.77840304384844,14.997073222647927,55.844574819071944,66.80701894423159,10.962444125159642,68.22118454661558,77.76613718603662,9.54495263942104,31.457535121328224,25.935903575989784,-5.52163154533844,19.13048105576841,15.042637824606214,-4.087843231162196,29.576609907852774,42.85971790361456,13.283107995761785
nominal,broad_tail,0.11,ssp245,All,300672,300672,28.454595040442744,37.50299329501915,9.048398254576409,25.11906662409536,34.000505534269905,8.881438910174545,48.059679650915285,55.94834237973606,7.888662728820776,60.92253352490421,67.74491805023413,6.822384525329923,32.46793848446147,30.24192475521498,-2.226013729246489,19.61339931885909,18.45200085142614,-1.161398467432953,22.101116567592648,29.932472968874773,7.831356401282125
nominal,broad_tail,0.11,ssp585,All,300672,300672,29.497924648786718,45.99397349936143,16.496048850574713,26.624694018731375,42.76121487867178,16.136520859940404,48.48073648361005,61.40179331630481,12.92105683269476,60.92286611323967,72.4693353554704,11.546469242230735,31.42494146445296,26.475361856108982,-4.949579608343978,18.987468071519796,15.413473818646231,-3.5739942528735646,23.720318957907544,37.94962383954387,14.229304881636324
nominal,broad_tail,0.12,ssp245,All,300672,300672,23.536278735632184,33.02668688803747,9.490408152405283,19.542225415070245,28.5274318859089,8.985206470838655,40.132104086845466,48.80667305236271,8.674568965517246,53.13231694338016,61.07618933588761,7.943872392507451,29.596038207747977,28.04950244785015,-1.5465357598978287,16.598153469561517,15.781981694338015,-0.816171775223502,17.21989845526124,25.155007312451804,7.9351088571905635
nominal,broad_tail,0.12,ssp585,All,300672,300672,24.595572584078333,41.99027511707109,17.39470253299276,21.040868454661556,37.84988292890591,16.809014474244357,41.227317475521495,55.52030119199659,14.292983716475092,53.84172786292039,66.7065772669221,12.864849404001703,29.24615527884206,24.716302149851,-4.529853128991061,16.633075244785015,13.533019369944657,-3.1000558748403577,18.891818401478762,33.68358895858418,14.79177055710542
nominal,broad_tail,0.13,ssp245,All,300672,300672,20.290216581524053,29.81720945083014,9.526992869306088,15.84783418475947,24.76319710515113,8.915362920391658,34.513024159216684,43.59601160068114,9.082987441464454,45.96271019582801,54.85312899106003,8.890418795232023,25.67249361430396,25.035919540229884,-0.6365740740740762,14.22380534269902,13.781795444870157,-0.44200989782886246,14.373305574182782,22.370220634317914,7.996915060135132
nominal,broad_tail,0.13,ssp585,All,300672,300672,21.44263516389953,39.12702213707961,17.684386973180075,17.42563324819072,34.223672307364836,16.798039059174116,35.561342592592595,51.12714186888038,15.565799276287784,47.09517347807577,61.27374680715197,14.178573329076201,25.652538314176244,22.14672467007237,-3.505813644103874,14.118707428693062,12.00444338016177,-2.1142640485312914,15.86847313345868,31.204164792809134,15.335691659350454
nominal,broad_tail,0.14,ssp245,All,300672,300672,17.720971690080887,26.972248829289057,9.25127713920817,13.569271498510005,22.36656555981269,8.797294061302683,32.12836579395487,41.21567688378033,9.087311089825462,41.86289378458919,50.57338229033631,8.710488505747122,24.1419220945083,23.601133461047255,-0.5407886334610446,14.407394103873989,14.244093231162196,-0.16330087271179217,12.833468585509204,20.555968568053455,7.722499982544251
nominal,broad_tail,0.14,ssp585,All,300672,300672,18.927602171136655,36.47496275010643,17.547360578969773,15.155385270327798,31.91185078756918,16.75646551724138,32.91959344401873,48.95866592166879,16.03907247765006,42.38539005959983,57.46793848446148,15.082548424861649,23.457787888463173,20.992975734355046,-2.4648121541081274,13.991991272882077,12.485033524904214,-1.5069577479778626,14.14895313751367,29.63787743703929,15.48892429952562
nominal,broad_tail,0.15,ssp245,All,300672,300672,15.400502873563218,24.38936781609195,8.988864942528734,11.931273946360154,20.54198595146871,8.610712005108557,30.365647616006815,39.64885323541933,9.283205619412517,40.30870849297574,48.77507716049383,8.46636866751809,24.908205619412517,24.385709344401874,-0.5224962750106421,14.965144742443591,15.259485419327373,0.29434067688378107,12.226599055184288,19.877424970065636,7.650825914881349
nominal,broad_tail,0.15,ssp585,All,300672,300672,16.77409269902086,33.878445615155385,17.104352916134527,13.47548158790975,30.244585461898684,16.769103873988932,31.202772456364407,47.49993348233291,16.2971610259685,40.87078277990634,55.92240048957004,15.051617709663695,24.096690080885484,22.043954874414645,-2.052735206470839,14.428679757343552,13.621820455512983,-0.8068593018305688,13.54397297267161,29.02848763413841,15.484514661466802
nominal,broad_tail,0.16,ssp245,All,300672,300672,13.576588441890166,22.215903043848446,8.63931460195828,10.678746275010644,19.201654959557256,8.522908684546612,28.26535227756492,37.59245955725841,9.32710727969349,38.877580885483184,47.587071626223924,8.70949074074074,25.300992443593017,25.371168582375482,0.07017613878246465,14.688763835674756,15.37655651340996,0.6877926777352048,11.621197897764327,19.282656075330493,7.661458177566166
nominal,broad_tail,0.16,ssp585,All,300672,300672,15.05926724137931,31.70930449127288,16.650037249893572,12.18636919965943,28.96245742869306,16.776088229033633,29.12343018305662,45.83399851000426,16.710568326947637,39.64419699872286,54.996141975308646,15.351944976585784,24.584929757343552,23.28683748403576,-1.298092273307791,14.06416294167731,14.124694018731375,0.06053107705406546,13.05684583052735,28.48912556531153,15.43227973478418
nominal,broad_tail,0.17,ssp245,All,300672,300672,12.117856002554278,20.60384738186462,8.485991379310343,9.683974563644105,18.107771924223073,8.423797360578968,26.710169220945083,36.20756172839506,9.49739250744998,36.3818380161771,45.73688271604938,9.35504469987228,24.26398201362282,25.13303533418476,0.8690533205619424,14.592313218390803,15.60371434653044,1.011401128139637,10.597832110881257,18.26021540216246,7.662383291281202
nominal,broad_tail,0.17,ssp585,All,300672,300672,13.622485632183908,30.143811196253722,16.521325564069812,11.188604193273735,27.889527458492974,16.700923265219238,27.65006385696041,44.58878778203491,16.938723925074502,37.40388197105151,53.52610153256705,16.122219561515536,23.7813963388676,23.382290336313325,-0.39910600255427653,14.027578224776502,14.444976585781182,0.41739836100468075,12.028707340716855,27.581096810912413,15.552389470195559
nominal,broad_tail,0.18,ssp245,All,300672,300672,10.895261281396339,19.29611004682844,8.4008487654321,8.86514208173691,17.163221051511282,8.298078969774373,24.502447850149,34.07766602809706,9.575218177948063,32.295325138356745,41.99559653043848,9.700271392081738,21.400063856960408,22.699486483610045,1.299422626649637,13.60718656875266,14.781555981268625,1.174369412515965,8.96177146210532,16.551578448433744,7.5898069863284245
nominal,broad_tail,0.18,ssp585,All,300672,300672,12.481042464878673,28.899598233290764,16.41855576841209,10.409017134951043,26.956949765857814,16.54793263090677,25.46695402298851,42.83105842911878,17.364104406130267,33.428453597275436,50.23081630481055,16.802362707535117,20.947411132396766,21.331218071519796,0.3838069391230299,12.985911558109834,13.931460195828013,0.9455486377181792,10.409587639710324,25.92298407265654,15.513396432946216
nominal,broad_tail,0.19,ssp245,All,300672,300672,9.93740687526607,18.276061621966793,8.338654746700723,8.172360578969775,16.332747977862923,8.160387398893148,23.399584929757346,32.92325191570881,9.523666985951465,30.80699233716475,40.60304916985951,9.79605683269476,20.86958546189868,22.32698754789272,1.4574020859940404,13.462178054491272,14.647190293742018,1.1850122392507458,8.49311140746408,15.980187509219032,7.487076101754953
nominal,broad_tail,0.19,ssp585,All,300672,300672,11.50689123031077,27.859927096636866,16.353035866326096,9.718563750532141,26.164059174116645,16.445495423584504,24.37805981268625,41.87852543635589,17.500465623669644,31.907194550872713,48.99691358024691,17.089719029374198,20.400303320561942,21.136986483610045,0.7366831630481023,12.871168582375478,14.018598339719029,1.1474297573435503,9.919333568149312,25.304504079995265,15.385170511845953
nominal,broad_tail,0.2,ssp245,All,300672,300672,9.142520753512134,17.3411558109834,8.198635057471265,7.567714985100042,15.550832801191996,7.983117816091954,22.5445003192848,31.98734833971903,9.44284802043423,29.759339080459768,39.61359887186037,9.854259791400601,20.616818326947637,22.27244306087697,1.6556247339293328,13.40197956577267,14.646192528735632,1.244212962962962,8.205553649051945,15.582322104633853,7.376768455581908
nominal,broad_tail,0.2,ssp585,All,300672,300672,10.684067688378034,26.94431140911026,16.260243720732227,9.08930661983823,25.399106002554277,16.309799382716047,23.524638143891018,41.11490261813538,17.590264474244364,30.943353554704128,48.19803639846743,17.2546828437633,20.259285866326096,21.253724989357174,0.9944391230310785,12.840570455512983,14.170591209025115,1.330020753512132,9.61282436271289,24.88234702135657,15.269522658643679
nominal,broad_tail,0.21,ssp245,All,300672,300672,8.458053959131545,16.488066730523627,8.030012771392082,7.039232120051085,14.880334716900808,7.841102596849724,21.70438218390805,31.145899851000426,9.441517667092377,28.728315240527884,38.450204874414645,9.72188963388676,20.27026128139634,21.962138143891018,1.6918768624946772,13.246328224776502,14.657833120476798,1.411504895700297,7.971018428161545,15.291519382488486,7.320500954326941
nominal,broad_tail,0.21,ssp585,All,300672,300672,9.951708173690932,26.091887505321417,16.140179331630485,8.506279267773522,24.671735312899106,16.165456045125584,22.732745317156237,40.39684440187314,17.664099084716902,29.92430289484887,47.32233131119625,17.39802841634738,19.97259472115794,21.23044380587484,1.2578490847169022,12.781037143465305,14.304956896551724,1.5239197530864192,9.363287827057347,24.617019400557957,15.25373157350061
nominal,broad_tail,0.22,ssp245,All,300672,300672,7.783897403150276,15.697836845466156,7.91393944231588,6.532700085142613,14.201521924223073,7.66882183908046,20.98998243933589,30.435823754789272,9.445841315453382,27.89385110685398,37.66296828437633,9.769117177522354,20.109953703703702,21.965131438910174,1.8551777352064711,13.20608503618561,14.737986909323118,1.5319018731375067,7.639341929423231,14.87656253865007,7.237220609226839
nominal,broad_tail,0.22,ssp585,All,300672,300672,9.269569497658578,25.29234514687101,16.022775649212434,7.999747232865049,24.012877820349086,16.013130587484035,22.005374627501066,39.800846104725416,17.79547147722435,29.070216049382715,46.601279799914856,17.53106375053214,19.80064655172414,21.30893465304385,1.5082881013197103,12.735805129842486,14.508500957854405,1.7726958280119192,9.035839479003476,24.17313530875736,15.137295829753883
nominal,broad_tail,0.23,ssp245,All,300672,300672,7.137013090676884,14.94552203065134,7.808508939974455,6.042132290336314,13.555302788420603,7.513170498084289,20.263942103022565,29.706457535121327,9.442515432098762,27.011826841209025,36.74003565346956,9.728208812260537,19.87481375053214,21.794513622818222,1.9196998722860812,13.126929012345679,14.760935504469987,1.6340064921243087,7.35829778331122,14.549763917385777,7.191466134074557
nominal,broad_tail,0.23,ssp585,All,300672,300672,8.661265432098766,24.551005747126435,15.88974031502767,7.546761919965943,23.352024797786292,15.80526287782035,21.267693699446575,39.15030332056194,17.882609621115364,28.013250319284804,45.828011919965945,17.81476160068114,19.351984887186035,21.277006172839506,1.9250212856534716,12.606428267347807,14.599297573435505,1.992869306087698,8.710392684306633,23.863864220742105,15.153471536435472
nominal,broad_tail,0.24,ssp245,All,300672,300672,6.541679970200086,14.228128991060027,7.686449020859941,5.558881438910174,12.964625904640274,7.405744465730099,19.4195003192848,28.877647403150274,9.458147083865473,26.34698275862069,35.95213388676032,9.605151128139632,19.805302788420605,21.724004895700297,1.9187021072796924,12.877820349084718,14.64951841209025,1.7716980630055321,7.208747082037037,14.320394221200806,7.111647139163768
nominal,broad_tail,0.24,ssp585,All,300672,300672,8.0822291400596,23.77341421881652,15.69118507875692,7.107745317156236,22.713122605363985,15.605377288207748,20.444537569178372,38.40796615581098,17.96342858663261,27.28621221796509,45.22203597275436,17.935823754789272,19.20398307790549,21.448621753937847,2.2446386760323556,12.362308429118773,14.634551936994466,2.272243507875693,8.519075275526914,23.661835494803455,15.142760219276541
nominal,broad_tail,0.25,ssp245,All,300672,300672,5.9809360366113244,13.55962643678161,7.578690400170285,5.061661877394636,12.327719242230737,7.266057364836101,18.671176564495532,28.13531023839932,9.464133673903788,25.52149851000426,34.985299595572585,9.463801085568324,19.540562473392935,21.425673158790975,1.8851106853980397,12.690240527884205,14.575683801617709,1.8854432737335038,6.915521116362289,13.867500147648101,6.951979031285813
nominal,broad_tail,0.25,ssp585,All,300672,300672,7.5450989782886335,23.04737388250319,15.502274904214557,6.65476000425713,22.11845466155811,15.46369465730098,19.718497232865047,37.777378671775224,18.058881438910177,26.320043103448278,44.42182843763304,18.10178533418476,18.774944125159642,21.374454555129844,2.599510429970202,12.173398254576416,14.73000478927203,2.5566065346956144,8.1503349780524,23.171557247756226,15.021222269703825
nominal,broad_tail,0.26,ssp245,All,300672,300672,5.463095998297147,12.848219987228607,7.3851239889314595,4.577745849297574,11.766310131971052,7.188564282673478,18.009325776926353,27.42955779054917,9.420232013622815,24.918183269476373,34.3636919965943,9.445508727117925,19.455087271179224,21.515472009365688,2.060384738186464,12.546229778629204,14.581337803320563,2.0351080246913593,6.628971899288834,13.357115430086402,6.728143530797569
nominal,broad_tail,0.26,ssp585,All,300672,300672,7.061848126862495,22.3376303746275,15.275782247765006,6.180821626223925,21.463588229033633,15.282766602809708,18.98148148148148,37.20965038314176,18.228168901660283,25.601984887186035,43.84844614729672,18.246461260110685,18.54013676032354,21.51081577266922,2.970679012345677,11.919633354618988,14.87202000851426,2.9523866538952728,7.788821083541207,22.587010383438976,14.798189299897768
nominal,broad_tail,0.27,ssp245,All,300672,300672,4.952240315027671,12.198342379736058,7.246102064708387,4.186289378458918,11.171309599829716,6.985020221370798,17.251024372073225,26.52258939974457,9.271565027671347,23.68295019157088,33.04298371647509,9.36003352490421,18.730709876543212,20.844641336739038,2.1139314601958255,12.298784057045552,14.324247020008515,2.0254629629629637,5.957352240660799,12.289130305760228,6.331778065099429
nominal,broad_tail,0.27,ssp585,All,300672,300672,6.547666560238399,21.614583333333336,15.066916773094936,5.73515325670498,20.798411558109834,15.063258301404854,18.18094135802469,36.39680449127288,18.21586313324819,24.287928373776076,42.66210355470413,18.374175180928056,17.740261813537675,21.047520221370796,3.307258407833121,11.633274797786292,14.78222115793955,3.148946360153257,7.082160125391547,21.260435223827297,14.178275098435751
nominal,broad_tail,0.28,ssp245,All,300672,300672,4.476638995317156,11.529174648786718,7.052535653469562,3.8374042145593865,10.56599882928906,6.728594614729673,16.66034748829289,25.855417198808006,9.195069710515117,22.823874521072796,32.15131438910174,9.327439868028947,18.34723552575564,20.622139740315028,2.2749042145593883,12.183708492975734,14.326242550021288,2.1425340570455536,5.624592001236928,11.848961806285619,6.224369805048691
nominal,broad_tail,0.28,ssp585,All,300672,300672,6.014194870157514,20.868587696892295,14.854392826734781,5.2861590038314175,20.138556300553425,14.852397296722007,17.649132609621116,35.84969667943806,18.200564069816945,23.468763303533418,41.942382396764586,18.473619093231168,17.454568433375904,21.073794699872288,3.6192262664963835,11.634937739463602,14.981108982545766,3.346171243082164,6.738159943748581,20.80245941701001,14.064299473261428
nominal,broad_tail,0.29,ssp245,All,300672,300672,4.036292039165603,10.867656449553001,6.8313644103873985,3.489516815666241,9.976652298850574,6.487135483184334,16.086300021285656,25.258421136653897,9.172121115368242,21.969122498935718,31.395673690932313,9.426551191996595,17.932830459770116,20.52801724137931,2.5951867816091934,12.05000798212005,14.390764687100893,2.3407567049808424,5.346528178225031,11.517406664282532,6.170878486057501
nominal,broad_tail,0.29,ssp585,All,300672,300672,5.491033418475947,20.15119465730098,14.660161238825033,4.8511334610472545,19.483357279693486,14.632223818646231,17.059786079182633,35.35380747126437,18.294021392081735,22.6492656449553,41.336406449553,18.687140804597703,17.158232226479353,21.185211792252023,4.02697956577267,11.568752660706684,15.20261281396339,3.6338601532567054,6.454546106668521,20.45361892385496,13.999072817186441
nominal,broad_tail,0.3,ssp245,All,300672,300672,3.6168981481481484,10.178533418475947,6.561635270327798,3.168236483610047,9.389966475095786,6.22172999148574,15.513915495955727,24.615860472541506,9.101944976585779,21.359155491698594,30.784376330353343,9.425220838654749,17.742257343550445,20.605842911877396,2.8635855683269504,11.897017347807576,14.43732705406556,2.5403097062579842,5.120845298094212,11.236538970848857,6.115693672754645
nominal,broad_tail,0.3,ssp585,All,300672,300672,5.012106215410813,19.400210195828013,14.388103980417199,4.3968177948063,18.833812260536398,14.436994465730098,16.500372498935718,34.79971530438484,18.299342805449122,22.05725840783312,40.80692581949766,18.749667411664536,17.045152192422307,21.406715623669648,4.36156343124734,11.488266283524904,15.399505108556832,3.911238825031928,6.2273714077836,20.140039949108,13.9126685413244
nominal,broad_tail,0.31,ssp245,All,300672,300672,3.2154640272456363,9.517347807577693,6.301883780332057,2.8502820349084717,8.838535014899957,5.988252979991485,14.946187207322264,23.99957428693061,9.053387079608346,20.912156768837804,30.354672200936566,9.442515432098762,17.69669274159217,20.837324393358873,3.1406316517667037,11.730723180076629,14.482226479352917,2.7515032992762887,4.927377440596448,10.980512333495128,6.0531348928986795
nominal,broad_tail,0.31,ssp585,All,300672,300672,4.510230417198808,18.666187739463602,14.155957322264793,3.9963814389101744,18.15433429118774,14.157952852277568,15.942954448701574,34.24462537249894,18.301670923797364,21.58265485312899,40.49861643252448,18.91596157939549,17.072424435930184,21.832428693060876,4.760004257130692,11.432724031502767,15.578437633035334,4.145713601532567,6.015045878647498,19.861879534965276,13.846833656317777
nominal,broad_tail,0.32,ssp245,All,300672,300672,2.8396392081736908,8.857492550021286,6.017853341847595,2.554278416347382,8.253512132822477,5.699233716475096,14.364490208599404,23.347035972754362,8.982545764154958,20.08301404853129,29.617656449553003,9.534642401021713,17.243374840357596,20.760163899531715,3.516789059174119,11.524851000425713,14.489543422733078,2.9646924223073654,4.651155242907334,10.630708676018537,5.979553433111203
nominal,broad_tail,0.32,ssp585,All,300672,300672,4.050260749255003,17.90954927628778,13.859288527032778,3.5916214346530437,17.45855949340145,13.866938058748405,15.378219455087272,33.69618720732227,18.317967752234996,20.87124840357599,39.909602490421456,19.038354086845466,16.820987654320987,22.000053214133676,5.179065559812688,11.32795870583227,15.786637931034484,4.458679225202214,5.719755528718625,19.52712994975352,13.807374421034893
nominal,broad_tail,0.33,ssp245,All,300672,300672,2.4877607492550022,8.22424435930183,5.736483610046827,2.2619332694763727,7.659509365687526,5.397576096211154,13.724922839506174,22.623323754789272,8.898400915283098,19.533910706683695,29.031303214133676,9.49739250744998,17.046149957428693,20.807058854831844,3.7609088974031515,11.237162090251172,14.39907939548744,3.161917305236269,4.476165614397197,10.27977819589162,5.803612581494423
nominal,broad_tail,0.33,ssp585,All,300672,300672,3.6155677948063007,17.14326575138357,13.527697956577269,3.200497552149851,16.711566091954023,13.511068539804171,14.750625266070669,33.03167571306939,18.28105044699872,20.327799063431247,39.4020726905066,19.074273627075353,16.712231268624947,22.25880693912303,5.546575670498083,11.135057471264368,15.888409961685824,4.753352490421456,5.5206370206415984,19.06334133268804,13.542704312046443
nominal,broad_tail,0.34,ssp245,All,300672,300672,2.1851053639846745,7.589000638569604,5.403895274584929,2.01615048957003,7.063178480204342,5.047027990634312,13.091674648786716,21.884645061728396,8.79297041294168,19.042012558535546,28.509139527458494,9.467126968922948,16.85690719455087,20.92013888888889,4.063231694338018,10.906569284802044,14.295644423158791,3.3890751383567466,4.286027711001393,9.951291446786284,5.665263735784891
nominal,broad_tail,0.34,ssp585,All,300672,300672,3.1948435504469983,16.280864197530864,13.086020647083865,2.865248510004257,15.932644210302257,13.067395700298,14.130015432098766,32.39377128565347,18.263755853554706,19.838229033631332,38.92214772243508,19.083918688803745,16.643385483184332,22.641283524904214,5.997898041719882,10.935171881651767,16.112907088122604,5.177735206470837,5.2997926996923015,18.638063521514376,13.338270821822075
nominal,broad_tail,0.35,ssp245,All,300672,300672,1.8784589186888037,6.948768092805449,5.0703091741166455,1.7437606428267347,6.471171243082163,4.727410600255428,12.386587377607492,21.11137718177948,8.724789804171989,18.39246753937846,27.806380374627498,9.41391283524904,16.514008620689655,20.857612281822053,4.3436036611323985,10.508128458918689,14.162609088974031,3.6544806300553425,4.079471931510461,9.585010257206667,5.5055383256962065
nominal,broad_tail,0.35,ssp585,All,300672,300672,2.819018731375053,15.427775117071093,12.60875638569604,2.533325351213282,15.116472435078757,12.583147083865475,13.44255534269902,31.67271977437207,18.23016443167305,19.22992496807152,38.332468603661134,19.102543635589615,16.410906236696466,22.904693486590038,6.493787249893572,10.623536611323967,16.24494465730098,5.621408045977013,5.060918729022997,18.17684200597304,13.115923276950042
nominal,broad_tail,0.36,ssp245,All,300672,300672,1.5568459982971476,6.30421189868029,4.7473659003831425,1.444098552575564,5.8465703490847165,4.402471796509152,11.690147403150277,20.234674329501914,8.544526926351637,17.224749893571733,26.499973392933164,9.27522349936143,15.667903895274584,20.195761494252874,4.52785759897829,10.133301404853128,13.930462430821628,3.7971610259684994,3.784270241497404,9.087971613641516,5.303701372144111
nominal,broad_tail,0.36,ssp585,All,300672,300672,2.449180502341422,14.561049914857385,12.111869412515963,2.2137079608343977,14.268704767986376,12.054996807151978,12.675939229459344,30.68393465304385,18.007995423584504,18.163979352916133,37.0094322051937,18.845452852277564,15.714798850574713,22.448382290336312,6.733583439761599,10.226758727117922,16.122884738186464,5.896126011068542,4.735375761751994,17.507971632502866,12.772595870750871
nominal,broad_tail,0.37,ssp245,All,300672,300672,1.2482040229885056,5.645686994465731,4.397482971477225,1.1700457641549595,5.2060052149851,4.03595945083014,10.869984567901234,19.292451575138355,8.42246700723712,16.16844934014474,25.32394103873989,9.15549169859515,14.920245317156237,19.67825404427416,4.758008727117922,9.62178054491273,13.646764580672627,4.024984035759898,3.356807655953306,8.26349887297596,4.906691217022654
nominal,broad_tail,0.37,ssp585,All,300672,300672,2.0793422733077906,13.653416347381864,11.574074074074073,1.8851106853980417,13.375372498935716,11.490261813537675,11.783272137079608,29.747033312047677,17.96376117496807,17.168542464878673,35.91455140485313,18.746008939974455,15.089200191570882,22.261135057471265,7.171934865900383,9.703929863771817,16.093616964665816,6.389687100893999,4.226556362029962,16.35504593634343,12.128489574313468
nominal,broad_tail,0.38,ssp245,All,300672,300672,0.9837962962962963,4.991818326947637,4.008022030651341,0.9545285227756491,4.564109727543635,3.609581204767986,9.837297786292039,18.0918076841209,8.254509897828862,14.895966368667517,23.93837803320562,9.042411664538102,13.912170072371222,18.946559706257982,5.034389633886761,8.853501489995743,13.099989357173264,4.246487867177521,2.7732805038317445,7.209124863144598,4.435844359312853
nominal,broad_tail,0.38,ssp585,All,300672,300672,1.7178187526607067,12.741459131545337,11.02364037888463,1.5551830566198381,12.504323648361005,10.949140591741166,10.767879948914432,28.518119412515965,17.75023946360153,15.913021498510005,34.638742550021284,18.72572105151128,14.195202745849297,21.897283418475947,7.70208067262665,9.050061196253726,15.776660280970626,6.7265990847169,3.495470124774954,14.879459836661901,11.383989711886947
nominal,broad_tail,0.39,ssp245,All,300672,300672,0.7785892933163048,4.2767534057045555,3.4981641123882508,0.7729352916134525,3.9178905917411666,3.144955300127714,8.598073648361005,16.549595572584078,7.951521924223073,13.593217858663262,22.427096636866754,8.833878778203491,12.814628565346956,18.150343231162196,5.335714665815241,7.8194843550446995,12.272842166879522,4.453357811834823,2.333729081056113,6.277813003373743,3.9440839223176303
nominal,broad_tail,0.39,ssp585,All,300672,300672,1.3616166453810132,11.68016975308642,10.318553107705405,1.2205991911451681,11.564429012345679,10.343829821200512,9.543954874414645,26.98788048105577,17.443925606641127,14.564043209876543,33.27646072796935,18.712417518092806,13.202426564495532,21.59629097488293,8.393864410387398,8.18233822903363,15.307710727969347,7.125372498935716,2.932523224620521,13.574268886263505,10.641745661642984
nominal,broad_tail,0.4,ssp245,All,300672,300672,0.6029826521924223,3.3651287782034913,2.762146126011069,0.5976612388250319,3.1689016602809703,2.5712404214559386,6.856308535547042,14.374800446998723,7.518491911451681,11.505228288633461,20.044101213282246,8.538872924648786,10.902245636441037,16.678972435078755,5.776726798637718,6.253325883354618,11.009671668795232,4.7563457854406135,1.6826527619691258,4.863064145271964,3.180411383302838
nominal,broad_tail,0.4,ssp585,All,300672,300672,0.9734860578969775,10.363119944657301,9.389633886760324,0.9053054491272882,10.436289378458918,9.53098392933163,7.660839719029375,24.796123350361857,17.13528363133248,12.428160919540229,31.00255427841635,18.574393358876122,11.454674861643252,20.639434333759045,9.184759472115793,6.687353661132396,14.433003405704556,7.74564974457216,2.0373373429709196,11.57035140633794,9.53301406336702
nominal,outermost,0.025,ssp245,All,300672,300672,37.83990527884206,45.165828544061306,7.325923265219245,32.664498190719456,39.84042411664538,7.175925925925924,58.69818273733504,64.45129576415496,5.753113026819925,73.64137664963815,77.46847062579822,3.8270939761600715,35.80147137079609,32.30264208173691,-3.4988292890591737,20.882556406981696,19.295444870157514,-1.5871115368241817,31.2199727370411,37.12202802525636,5.902055288215262
nominal,outermost,0.025,ssp585,All,300672,300672,37.68891017454236,52.490088867603234,14.801178693060876,32.58999840357599,48.14016602809706,15.550167624521073,58.462377607492556,68.99744572158365,10.53506811409109,73.12420178799489,81.11297360578969,7.988771817794799,35.435291613452534,28.62288473818646,-6.812406875266074,20.789431673052363,16.538287569178372,-4.25114410387399,31.41314288592603,44.13343103918405,12.720288153258021
nominal,outermost,0.05,ssp245,All,300672,300672,11.551458067262665,19.083586100468285,7.53212803320562,8.331337803320563,15.158045977011495,6.826708173690932,21.538088016177095,29.783285440613028,8.245197424435933,27.480776394210306,36.07618933588761,8.595412941677306,15.929318326947635,16.992603235419327,1.063284908471692,9.987295125585355,10.700697105151129,0.7134019795657736,6.067833848866341,11.349732276221028,5.281898427354687
nominal,outermost,0.05,ssp585,All,300672,300672,12.691570881226053,27.642746913580247,14.951176032354194,9.533312047679864,23.87152777777778,14.338215730097915,22.22188963388676,38.95806726266496,16.7361776287782,28.25803533418476,45.39897296722009,17.14093763303533,15.566464452958705,17.75622605363985,2.1897616006811447,9.531981694338016,11.315320349084717,1.7833386547467,7.124371393486613,18.715616165559712,11.5912447720731
nominal,outermost,0.075,ssp245,All,300672,300672,4.0682205193699446,9.779427415921669,5.711206896551724,3.088082694763729,8.049968071519796,4.961885376756067,17.46388090676884,25.60830406555981,8.144423158790971,23.81033152405279,32.34853927203065,8.53820774797786,19.742111004682844,22.569111856108982,2.8270008514261384,13.395660387398895,15.828876649638143,2.433216262239249,4.730584314561759,9.466448912455498,4.735864597893738
nominal,outermost,0.075,ssp585,All,300672,300672,5.299129948914431,17.208785653469562,11.909655704555131,4.268106108982546,15.22389846743295,10.955792358450402,18.36985153256705,34.87554544487016,16.505693912303112,24.72295391656024,42.09204714772243,17.369093231162193,19.423823967645806,24.883261494252874,5.4594375266070685,13.070721583652617,17.666759791400597,4.596038207747981,5.717811334982017,16.14915660054187,10.431345265559852
nominal,outermost,0.1,ssp245,All,300672,300672,1.279799914857386,4.886720412941678,3.6069204980842917,1.0107359514687102,4.0286425074499785,3.017906555981268,12.10056140911026,19.714173584504042,7.613612175393783,18.801551191996595,27.002514367816094,8.2009631758195,17.52175127713921,22.115793954874416,4.594042677735207,10.820761494252872,14.827453171562366,4.006691677309494,2.8948802355734418,6.3872421051012305,3.4923618695277887
nominal,outermost,0.1,ssp585,All,300672,300672,2.0394316730523627,10.504802575564069,8.465370902511706,1.6426537888463175,9.582867709663686,7.940213920817369,12.953650489570029,28.62621062154108,15.672560131971052,19.51894423158791,36.801564495530016,17.282620263942107,17.479512558535546,26.296761919965945,8.817249361430399,10.914218816517666,18.12140804597701,7.207189229459344,3.4554041618905114,11.969878131778104,8.514473969887593
nominal,outermost,0.15,ssp245,All,300672,300672,0.10310238399318858,0.19622711792252023,0.09312473392933165,0.101772030651341,0.1529906343124734,0.0512186036611324,3.335861004682844,5.520966368667518,2.1851053639846745,6.1794912728820774,10.162569178373776,3.9830779054916983,6.076388888888888,9.966342060451256,3.889953171562367,3.2327586206896552,5.324739250744997,2.091980630055342,0.5631768753499198,0.9143248460680631,0.3511479707181433
nominal,outermost,0.15,ssp585,All,300672,300672,0.000997765006385696,0.47925979140059605,0.47826202639421034,0.003991060025542784,0.354539165602384,0.35054810557684124,3.141296828437633,7.945202745849297,4.803905917411664,6.538354086845466,15.223233290762025,8.684879203916559,6.53735632183908,14.743973499361429,8.20661717752235,3.1402990634312475,7.4659429544487015,4.325643891017454,0.4759000510168433,1.4444724364999535,0.9685723854831102
nominal,outermost,0.2,ssp245,All,300672,300672,0.07183908045977011,0.07050872711792253,-0.0013303533418475844,0.06551990208599404,0.028270008514261386,-0.037249893571732653,0.1736111111111111,0.29001702852277567,0.11640591741166456,1.0649478501489995,1.759724882928906,0.6947770327799065,0.9931087696892293,1.6892161558109835,0.6961073861217542,0.101772030651341,0.21950830140485314,0.11773627075351215,0.09563327089718525,0.11318370994378527,0.017550439046600017
nominal,outermost,0.2,ssp585,All,300672,300672,0.0,0.09279214559386974,0.09279214559386974,0.0,0.039245423584504044,0.039245423584504044,0.1785999361430396,0.7689442315879097,0.5903442954448701,1.231574606215411,3.1971716687952316,1.9655970625798207,1.231574606215411,3.1043795232013625,1.8728049169859515,0.1785999361430396,0.67615208599404,0.4975521498510004,0.06526802242469754,0.2307753223046904,0.16550729987999285
ordinal,broad_tail,0.05,ssp245,All,300672,300672,99.37041028097062,99.56297892720306,0.19256864623244496,99.57694763729246,99.69634684972328,0.11939921243082097,99.90820561941251,99.94212962962963,0.033924010217120326,99.98702905491699,99.99068752660708,0.0036584716900875947,0.6166187739463601,0.4277085994040017,-0.18891017454235842,0.5377953384418902,0.3791507024265645,-0.1586446360153257,98.01567216522209,98.27726166573298,0.2615895005108939
ordinal,broad_tail,0.05,ssp585,All,300672,300672,99.40766017454236,99.66142507449979,0.25376489995743157,99.6265032992763,99.80344029374201,0.17693699446571998,99.92882609621115,99.9660759897829,0.037249893571740245,99.99168529161345,99.99833705832269,0.006651766709239837,0.5840251170710941,0.3369119838229034,-0.24711313324819068,0.5211659216687953,0.3046509152830992,-0.2165150063856961,98.0986727248801,98.45955283246808,0.36088010758797395
ordinal,broad_tail,0.06,ssp245,All,300672,300672,89.1532966155811,90.92366432524479,1.770367709663688,90.32966155810983,91.72653256704982,1.396871008939982,95.71060823754789,96.56669061302682,0.856082375478934,98.6330619412516,99.09635749255003,0.4632955512984296,9.479765325670499,8.172693167305237,-1.307072158365262,6.558641975308642,5.6430262877820345,-0.915615687526607,80.12575042247269,82.3065680491907,2.18081762671801
ordinal,broad_tail,0.06,ssp585,All,300672,300672,89.2554012345679,91.89881332481907,2.643412090251175,90.4460674755215,92.52773786717752,2.0816703916560186,95.59719561515539,97.03564016602809,1.4384445508727026,98.56222062579822,99.14524797786292,0.583027352064704,9.30681939123031,7.246434653043848,-2.0603847381864613,6.344122498935717,5.137159429544487,-1.2069630693912305,80.19438634212959,84.01651284565597,3.822126503526377
ordinal,broad_tail,0.07,ssp245,All,300672,300672,72.11945242656451,75.83346636866752,3.7140139421030085,69.22759684972328,73.54060238399319,4.313005534269905,88.69964612601106,90.4380853554704,1.7384392294593454,94.03502820349084,95.17713654746701,1.1421083439761759,21.915575776926353,19.34367017879949,-2.5719055981268646,16.58451734780758,14.61625957854406,-1.96825776926352,66.6534027799775,69.7963694786406,3.142966698663102
ordinal,broad_tail,0.07,ssp585,All,300672,300672,71.36281396338867,78.85669433801617,7.493880374627494,69.09323116219667,76.8435371434653,7.750305981268625,88.71361483610046,91.57919593444018,2.8655810983397174,93.8966714559387,95.91448488718603,2.0178134312473333,22.533857492550023,17.05779054916986,-5.4760669433801645,17.3524638143891,12.728488186462325,-4.623975627926775,66.92862436487272,72.85517647601176,5.926552111139046
ordinal,broad_tail,0.08,ssp245,All,300672,300672,50.948874521072796,58.04464665815241,7.095772137079614,48.40025010642827,55.954994146445294,7.554744040017027,66.36900010642826,71.41702586206897,5.048025755640708,77.5306646445296,81.18048903788846,3.6498243933588697,26.581790123456788,23.135842379736058,-3.4459477437207298,15.692182843763302,13.663061409110261,-2.0291214346530406,33.18257367617335,40.43109990697143,7.248526230798085
ordinal,broad_tail,0.08,ssp585,All,300672,300672,51.4550739676458,63.63013516389954,12.175061196253736,49.259325776926346,61.54713441890166,12.287808641975317,65.9060371434653,74.94046668795232,9.034429544487026,76.85551032354194,83.90904374201787,7.053533418475936,25.400436355896126,20.278908578118347,-5.121527777777779,14.725348552575564,11.610991379310345,-3.114357173265219,34.78977049666728,46.901519382218254,12.111748885550973
ordinal,broad_tail,0.09,ssp245,All,300672,300672,38.18513197105151,46.466248935717324,8.281116964665813,35.64016602809706,44.29344934014474,8.653283312047677,53.89327905491699,61.00168954874414,7.108410493827151,66.97830193699447,72.7041427203065,5.725840783312037,28.793169965942955,26.23789378458919,-2.555276181353765,15.751383567475521,14.578677096636866,-1.172706470838655,27.437501755187693,35.13091418256457,7.693412427376874
ordinal,broad_tail,0.09,ssp585,All,300672,300672,39.026247871434656,53.06879257130694,14.042544699872288,36.56243348233291,50.940559812686246,14.37812633035334,54.64326575138357,66.23529959557258,11.592033844189018,66.81367071094083,77.12790017028523,10.314229459344403,27.78742283950617,24.059107598978287,-3.728315240527884,15.665575776926351,13.224709982971477,-2.440865793954874,29.311836906019007,42.66019420397465,13.34835729795564
ordinal,broad_tail,0.1,ssp245,All,300672,300672,30.36065879097488,39.51016389953171,9.14950510855683,27.392307896977435,36.509219348659,9.116911451681567,46.23144157088122,53.956803426990206,7.725361856108982,56.84433535547041,63.327812366964665,6.4834770114942515,26.48367656449553,23.81764846743295,-2.666028097062579,15.882423371647509,14.454621647509578,-1.4278017241379306,22.454508843856434,30.16709606396934,7.712587220112905
ordinal,broad_tail,0.1,ssp585,All,300672,300672,31.15720785440613,47.07255747126437,15.915349616858236,28.706696998722858,44.31540017028523,15.608703171562372,46.46691411238825,59.9843018305662,13.51738771817795,56.531369731800766,69.13746541081312,12.606095679012356,25.374161877394634,22.064907939548746,-3.309253937845888,15.312366964665816,12.91839612601107,-2.393970838654747,23.615356590175267,38.56869863461311,14.953342044437846
ordinal,broad_tail,0.11,ssp245,All,300672,300672,25.49688697318008,34.866898148148145,9.370011174968067,21.451615048957002,30.516642720306514,9.065027671349512,42.016549595572585,50.39212164750958,8.375572051936999,54.37420178799489,61.544806300553425,7.170604512558533,28.877314814814813,26.677908152405276,-2.1994066624095368,16.51966262239251,15.525223499361429,-0.9944391230310803,19.740590360925427,27.607737812882377,7.867147451956949
ordinal,broad_tail,0.11,ssp585,All,300672,300672,26.437114197530864,43.29202586206897,16.854911664538104,22.77332109408259,39.352517028522776,16.579195934440186,42.560331524052785,56.93280385270327,14.372472328650488,54.31633141762452,67.6877128565347,13.371381438910184,27.879217220093654,24.39568699446573,-3.4835302256279235,16.123217326521925,13.642440932311622,-2.4807763942103023,20.889323646600797,36.43082544842737,15.541501801826573
ordinal,broad_tail,0.12,ssp245,All,300672,300672,21.687752767134953,31.08570136228182,9.397948595146868,17.4921509152831,26.326029693486593,8.833878778203491,37.83458386547467,46.606933801617714,8.772349936143044,50.308309386973185,57.91660014899958,7.608290762026392,28.62055661983823,26.83089878671775,-1.7896578331204793,16.14716368667518,15.521897616006811,-0.6252660706683706,17.324223913917898,25.301936981808893,7.9777130678909955
ordinal,broad_tail,0.12,ssp585,All,300672,300672,22.678200830140486,39.978448275862064,17.300247445721578,18.736363878246063,35.92685717326522,17.190493295019156,38.04411451681566,53.47255481055768,15.428440293742021,50.14600627926777,64.18422733077905,14.038221051511279,27.467805449127287,24.205779054916988,-3.2620263942102987,15.365913686675182,13.494771711366537,-1.8711419753086442,18.422100112074304,34.25199289848623,15.829892786411925
ordinal,broad_tail,0.13,ssp245,All,300672,300672,18.607319604086843,27.72190293742018,9.114583333333336,14.839426351638995,23.307457960834395,8.4680316091954,33.83188324819072,42.96708705832269,9.13520381013197,43.60399372073223,52.19541560238399,8.591421881651762,24.99667411664538,24.473512664963813,-0.5231614516815668,15.224563644103876,15.24651447424436,0.02195083014048471,13.941439978728495,21.719107160482565,7.777667181754071
ordinal,broad_tail,0.13,ssp585,All,300672,300672,19.606414963814387,36.94856853980417,17.342153575989784,16.093616964665816,33.29309014474244,17.199473180076627,34.28553373776075,50.28901926351639,16.003485525755636,43.672174329501914,58.761041932737335,15.088867603235421,24.065759365687526,21.812473392933164,-2.2532859727543624,14.679118773946358,13.34078331204768,-1.3383354618986782,15.10849220754468,30.740456205514892,15.631963997970212
ordinal,broad_tail,0.14,ssp245,All,300672,300672,16.20835994040017,25.0139687100894,8.80560876968923,13.121607598978288,21.341860898254577,8.220253299276289,32.416054704129415,41.61245476798638,9.196400063856963,42.594255534269905,51.22758354618987,8.633328011919964,26.38589559386973,26.21361483610047,-0.17228075776926133,16.207694763729247,16.598486057896977,0.3907912941677303,13.676800422374397,21.444549792314888,7.767749369940491
ordinal,broad_tail,0.14,ssp585,All,300672,300672,17.330180395913157,34.46247073222648,17.13229033631332,14.387106215410814,31.432258407833118,17.045152192422304,32.92125638569604,49.1139846743295,16.19272828863346,42.73593816517668,57.95717592592593,15.221237760749254,25.405757769263516,23.494705193699446,-1.9110525755640708,15.591075989782887,14.651846530438483,-0.9392294593444035,14.85601695879612,30.465429119298804,15.609412160502684
ordinal,broad_tail,0.15,ssp245,All,300672,300672,14.244758407833121,22.807577692635164,8.562819284802043,11.81154214559387,20.000532141336738,8.188989995742867,31.18115421455939,40.463362068965516,9.282207854406128,40.22722435078757,48.69625372498936,8.469029374201789,25.98246594295445,25.88867603235419,-0.09378991060025754,16.936395806726267,17.655784376330352,0.7193885696040851,12.982812013781336,20.63135719199776,7.648545178216425
ordinal,broad_tail,0.15,ssp585,All,300672,300672,15.425779587058322,32.47359248616433,17.047812899106006,13.081696998722862,29.951242550021284,16.869545551298422,31.679371541081313,48.10990048957003,16.430528948488718,40.39252075351214,55.97295391656024,15.580433163048106,24.966741166453808,23.49936143039591,-1.4673797360578966,16.25359195402299,15.636308003405706,-0.6172839506172849,14.127692085430098,29.80534460950843,15.677652524078333
ordinal,broad_tail,0.16,ssp245,All,300672,300672,12.618401447424436,21.009272562792678,8.390871115368242,10.716328756917836,18.82017613878246,8.103847381864625,29.984501383567476,39.416041400595994,9.431540017028517,38.555635376756065,47.29505906768838,8.739423690932313,25.937233929331633,26.285786504895704,0.3485525755640708,17.36609993614304,18.40676883780332,1.040668901660279,12.610333707500729,20.262458610675736,7.652124903175007
ordinal,broad_tail,0.16,ssp585,All,300672,300672,13.858290762026392,30.76275808854832,16.904467326521928,11.960209131545337,28.7735472541507,16.813338122605362,30.593803214133676,47.2564788207748,16.662675606641127,38.917824074074076,54.58206949765858,15.664245423584504,25.059533312047677,23.81931140911026,-1.2402219029374173,16.73551245210728,16.49372073222648,-0.24179171988080128,13.771484115686786,29.496642045618255,15.72515792993147
ordinal,broad_tail,0.17,ssp245,All,300672,300672,11.272749042145595,19.455087271179224,8.182338229033629,9.722554810557686,17.724297573435503,8.001742762877818,28.424329501915707,37.94699872286079,9.522669220945083,38.47548158790975,47.18131385696041,8.70583226905066,27.202732545764153,27.726226585781184,0.5234940400170309,17.151580459770116,18.491911451681567,1.3403309919114506,12.583645788465391,20.190469560092204,7.606823771626813
ordinal,broad_tail,0.17,ssp585,All,300672,300672,12.567515432098766,29.25180928054491,16.684293848446146,11.014993082162622,27.71857705406556,16.703583971902937,29.092832056194123,45.87623722860792,16.783405172413797,38.83234887186037,54.505574180502336,15.673225308641968,26.264833439761603,25.253764899957424,-1.011068539804178,16.52531662409536,16.624427948063005,0.09911132396764444,13.730260474447913,29.411229760416173,15.68096928596826
ordinal,broad_tail,0.18,ssp245,All,300672,300672,10.128977756492125,18.086818859088975,7.95784110259685,8.8355417198808,16.766110578969776,7.930568859088977,27.120915815240526,36.61032620263942,9.489410387398895,37.111204235845044,46.30893465304385,9.197730417198805,26.982226479352917,28.22211579395487,1.2398893146019532,16.991938058748403,18.523839931885906,1.5319018731375031,12.136959767491504,19.845541788107006,7.708582020615502
ordinal,broad_tail,0.18,ssp585,All,300672,300672,11.436049914857387,27.980656662409537,16.54460674755215,10.146937526607067,26.753738292890596,16.606800766283527,27.739197530864196,44.78035866326096,17.041161132396766,37.343018305661985,53.835408684546614,16.49239037888463,25.906968390804597,25.854752022137077,-0.05221636866751922,16.30314761600681,16.799702000851426,0.49655438484461456,13.235526051447447,29.166909516985797,15.93138346553835
ordinal,broad_tail,0.19,ssp245,All,300672,300672,9.161145700297999,16.94204980842912,7.78090410813112,7.978461579395487,15.793954874414645,7.815493295019158,24.476505959982973,33.850508194976584,9.374002234993611,33.673238612175396,43.09080991911451,9.417571306939116,24.512092911877396,26.148760110685398,1.6366671988080022,15.315360259684974,16.90845838654747,1.593098126862495,9.172757661294211,16.509291825451605,7.336534164157394
ordinal,broad_tail,0.19,ssp585,All,300672,300672,10.458572796934867,26.83522243507876,16.376649638143892,9.305821626223926,25.766283524904214,16.460461898680286,25.1090889740315,42.84037090251171,17.731281928480207,34.02877554278416,51.05530278842061,17.02652724563645,23.570202745849297,24.220080353341846,0.6498776074925487,14.650516177096637,16.00514846743295,1.354632290336312,10.189306123279149,26.188913334291424,15.999607211012275
ordinal,broad_tail,0.2,ssp245,All,300672,300672,8.276793316304811,15.92832056194125,7.651527245636439,7.252753831417625,14.843084823329075,7.5903309919114506,22.646604938271604,32.03524106002554,9.388636121753937,31.566291507024264,41.12421509152831,9.55792358450405,23.289498190719453,25.195894529587058,1.906396338867605,14.369811621966793,16.10692049808429,1.737108876117496,8.317124467884618,15.460459302347221,7.143334834462603
ordinal,broad_tail,0.2,ssp585,All,300672,300672,9.53597275436356,25.75131704980843,16.215344295444872,8.540868454661558,24.809759472115793,16.268891017454237,23.408564814814813,41.20869252873563,17.80012771392082,32.208519582801195,49.34546615581098,17.136946573009787,22.672546828437635,23.594149106002554,0.9216022775649186,13.872592060451256,15.457375478927204,1.5847834184759488,9.36169525563766,25.12493464443848,15.76323938880082
ordinal,broad_tail,0.21,ssp245,All,300672,300672,7.436675180928054,15.010044167730948,7.573368986802894,6.495450191570881,13.898201362281823,7.402751170710942,21.289644529587058,30.544580140485312,9.254935610898254,28.528762239250742,38.143225840783316,9.614463601532574,21.09208705832269,23.133181673052363,2.0410946147296727,13.852969348659002,15.534535972754362,1.6815666240953604,6.97204251462825,13.52364241679501,6.5515999021667595
ordinal,broad_tail,0.21,ssp585,All,300672,300672,8.710488505747128,24.691358024691358,15.98086951894423,7.781236696466581,23.851905065985527,16.070668369518945,22.080872179650914,39.93122073222648,17.850348552575564,29.41544274159217,46.716022775649215,17.300580034057045,20.70495423584504,22.024664750957854,1.3197105151128135,13.370383673903788,15.23986270753512,1.8694790336313325,8.010062973248557,22.943290687385257,14.9332277141367
ordinal,broad_tail,0.22,ssp245,All,300672,300672,6.638463175819497,14.096424010217113,7.457960834397616,5.81730257556407,13.040123456790123,7.2228208812260535,21.018917624521073,30.289484887186035,9.270567262664962,28.52842965091528,38.14189548744146,9.613465836526178,21.889966475095786,24.04547147722435,2.1555050021285638,14.380454448701574,16.19306087696892,1.8126064282673475,6.971642116774228,13.523260183098932,6.551618066324704
ordinal,broad_tail,0.22,ssp585,All,300672,300672,7.97546828437633,23.731175500212856,15.755707215836527,7.11007343550447,22.92298584504044,15.81291240953597,21.779547147722436,39.72268784589187,17.943140698169433,29.41444497658578,46.714692422307365,17.300247445721585,21.43897669220945,22.98351692209451,1.5445402298850581,13.804078863346106,15.991512345679013,2.1874334823329065,8.00930013535694,22.942603683684844,14.933303548327904
ordinal,broad_tail,0.23,ssp245,All,300672,300672,5.924396019582801,13.178147616006811,7.25375159642401,5.127846956151553,12.153442954448701,7.025595998297148,20.736882716049383,30.033391868880376,9.296509152830993,28.523108237547895,38.13790442741592,9.614796189868024,22.59871221796509,24.959756811409108,2.361044593444017,14.812486696466582,16.855244252873565,2.0427575564069826,6.970968312628946,13.521776111982359,6.550807799353413
ordinal,broad_tail,0.23,ssp585,All,300672,300672,7.259405598126863,22.746048850574713,15.48664325244785,6.439575351213282,22.0286558109834,15.589080459770116,21.451947637292466,39.51648307790549,18.064535440613025,29.407793209876544,46.70005853554704,17.2922653256705,22.14838761174968,23.95400968497233,1.8056220732226507,14.192542039165604,16.77043422733078,2.577892188165178,8.008224311867753,22.940613803853363,14.93238949198561
ordinal,broad_tail,0.24,ssp245,All,300672,300672,5.243920285227756,12.298118880374627,7.054198595146871,4.52120583226905,11.266429863771817,6.745224031502767,18.784589186888038,28.078437633035335,9.293848446147297,28.519782354193275,38.13058748403576,9.610805129842483,23.275862068965516,25.832468603661134,2.556606534695618,13.540668901660279,15.780318752660708,2.2396498510004292,6.9706965698835,13.521267540926928,6.550570971043428
ordinal,broad_tail,0.24,ssp585,All,300672,300672,6.578264687100894,21.791187739463602,15.212923052362708,5.782713388676032,21.095080353341846,15.312366964665813,19.65563803746275,37.74777830991912,18.09214027245637,29.402804384844615,46.695069710515114,17.2922653256705,22.82453969774372,24.90388197105151,2.079342273307791,13.077373350361857,15.956590570455512,2.879217220093656,8.007977965565708,22.94028669747545,14.932308731909743
ordinal,broad_tail,0.25,ssp245,All,300672,300672,4.622312686249468,11.390485312899106,6.768172626649638,3.925872711792252,10.386068539804171,6.460195828011919,18.400117071094083,27.672347275436355,9.272230204342272,28.429318326947637,37.91440506598553,9.48508673903789,23.80700564069817,26.52391975308642,2.7169141123882525,13.777804384844613,16.28186196253725,2.5040575776926364,6.937090099988306,13.44575576452579,6.508665664537484
ordinal,broad_tail,0.25,ssp585,All,300672,300672,5.949672733077906,20.826348978288635,14.87667624521073,5.123523307790549,20.03046509152831,14.90694178373776,19.296775223499363,37.37794008088549,18.081164857386124,29.203916560238397,46.55870849297574,17.354791932737342,23.254243827160494,25.732359514687104,2.4781156875266106,13.347102490421456,16.55159110259685,3.2044886121753926,7.937563384326482,22.878033833814897,14.940470449488416
ordinal,broad_tail,0.26,ssp245,All,300672,300672,4.001037675606641,10.487840570455512,6.486802894848871,3.314907939548744,9.456151553852703,6.141243614303958,16.2482705406556,25.451654959557256,9.203384418901656,24.47284748829289,33.86547467007237,9.392627181779485,20.47180981268625,23.37763409961686,2.90582428693061,12.247232865048957,14.963814389101746,2.7165815240527884,5.047418241659933,10.7748902744994,5.727472032839467
ordinal,broad_tail,0.26,ssp585,All,300672,300672,5.2844960621541075,19.82060185185185,14.536105789697743,4.426418156662409,19.01939655172414,14.59297839506173,17.0085674755215,35.35946147296722,18.35089399744572,25.249108663260962,43.06054438058749,17.811435717326525,19.964612601106854,23.239942528735632,3.2753299276287784,11.72407141336739,15.53885962111537,3.814788207747979,5.86822538315601,20.065522103280202,14.197296720124193
ordinal,broad_tail,0.27,ssp245,All,300672,300672,3.42100361856109,9.575883354618988,6.1548797360578975,2.766802362707535,8.485658790974883,5.7188564282673475,15.480989250744997,24.582601638995317,9.10161238825032,23.308455725840783,32.534788739889315,9.226333014048532,19.887452107279692,22.958905385270327,3.071453277990635,12.059985632183908,15.00671828437633,2.9467326521924218,4.748328912502254,10.317448482577314,5.56911957007506
ordinal,broad_tail,0.27,ssp585,All,300672,300672,4.635616219667944,18.759312473392935,14.12369625372499,3.718337590464027,17.969747765006385,14.251410174542357,16.260243720732227,34.63109301830566,18.370849297573436,24.124627501064282,42.10402032779906,17.97939282673478,19.48901128139634,23.34470785440613,3.8556965730097907,11.624627501064284,15.871780544912728,4.247153043848444,5.574370834145367,19.483847713293148,13.909476879147782
ordinal,broad_tail,0.28,ssp245,All,300672,300672,2.885203810131971,8.68288367390379,5.797679863771819,2.2103820774797787,7.5384472115793955,5.328065134099617,14.267041826309068,23.218989463601535,8.951947637292466,21.91158471690081,31.060092060451254,9.148507343550445,19.02638090676884,22.37720838654747,3.35082747977863,11.381838016177097,14.536105789697743,3.1542677735206457,4.170845749425139,9.416365684152945,5.245519934727806
ordinal,broad_tail,0.28,ssp585,All,300672,300672,3.95347754363559,17.64281343124734,13.689335887611751,3.023893146019583,16.81965730097914,13.795764154959558,15.110818433375906,33.327014154959556,18.216195721583652,22.68784589186888,40.72743720732227,18.03959131545339,18.73436834823329,23.084623776074924,4.350255427841635,11.157340889740315,15.68420072371222,4.526859833971905,4.938554804254046,18.323567333559893,13.385012529305847
ordinal,broad_tail,0.29,ssp245,All,300672,300672,2.354060238399319,7.76859833971903,5.41453810131971,1.7544034695615156,6.5569790336313325,4.802575564069817,13.250651873137507,22.03231428267348,8.781662409535972,21.2028389740315,30.35932843763304,9.156489463601538,18.848778735632184,22.590730097914005,3.741951362281821,10.896591634738186,14.26371594295445,3.3671243082162636,4.001123822847318,9.038277753189982,5.037153930342664
ordinal,broad_tail,0.29,ssp585,All,300672,300672,3.3361935930183058,16.53562686249468,13.199433269476375,2.441530970625798,15.643957535121327,13.202426564495529,14.100415070242656,32.14333226905066,18.042917198808006,21.913912835249043,40.231547999148574,18.31763516389953,18.577719242230735,23.695921136653894,5.118201894423159,10.76422147722435,15.60770540655598,4.843483929331629,4.701519581080076,17.721727133471305,13.020207552391229
ordinal,broad_tail,0.3,ssp245,All,300672,300672,1.864822796934866,6.754869093231163,4.890046296296297,1.3672706470838654,5.544912728820775,4.17764208173691,11.989476905065985,20.445535334184758,8.456058429118773,18.775609301830567,27.618135376756065,8.842526074925498,16.9107865048957,20.863266283524904,3.952479778629204,10.12465410813112,13.690666240953597,3.566012132822477,3.144967985665878,7.283673546652528,4.13870556098665
ordinal,broad_tail,0.3,ssp585,All,300672,300672,2.750838122605364,15.29906343124734,12.548225308641976,1.9955300127713922,14.377128565346956,12.381598552575564,12.83824233716475,30.618414750957857,17.780172413793107,19.44910068114091,37.768066198382286,18.318965517241377,16.698262558535546,22.469002767134953,5.770740208599406,10.087404214559387,15.320681673052365,5.233277458492978,3.671199659344524,15.072523467880586,11.401323808536063
ordinal,broad_tail,0.31,ssp245,All,300672,300672,1.3995317156236695,5.72284748829289,4.323315772669221,1.050313963388676,4.690493295019157,3.6401793316304807,10.549702000851426,18.63658737760749,8.086885376756065,17.354459344401874,26.295764154959556,8.941304810557682,15.954927628778204,20.572916666666664,4.61798903788846,9.150170285227755,12.914405065985527,3.7642347807577714,2.822703879878065,6.709867006072351,3.887163126194286
ordinal,broad_tail,0.31,ssp585,All,300672,300672,2.2173664325244786,13.903190187313749,11.68582375478927,1.6333413154533845,13.055755108556832,11.422413793103448,11.355896126011068,28.812792677735207,17.45689655172414,18.011653895274584,36.64391762452107,18.63226372924649,15.794287462750106,22.740727437207322,6.946439974457217,9.13852969348659,14.91026766709238,5.771737973605791,3.2933166302300254,14.321741296115324,11.028424665885298
ordinal,broad_tail,0.32,ssp245,All,300672,300672,1.0157247765006385,4.701801298424861,3.686076521924223,0.8278123669646658,3.8490448063005536,3.021232439335888,9.264248084291188,16.748483397190295,7.4842353128991075,13.501423478075777,21.885975415070245,8.384551936994468,12.485698701575139,17.18417411664538,4.6984754150702415,8.248523307790549,12.046682098765432,3.798158790974883,1.8677415080923954,4.516903330699498,2.6491618226071028
ordinal,broad_tail,0.32,ssp585,All,300672,300672,1.7098366326096213,12.279493933588762,10.569657300979141,1.3007529799914856,11.593031609195402,10.292278629203915,10.12797999148574,26.451415495955725,16.323435504469984,14.377128565346956,31.97637292464879,17.599244359301835,12.667291932737335,19.696878991060025,7.02958705832269,8.418143358876119,14.172586739037888,5.754443380161769,2.1532293689177897,10.270641456888379,8.117412087970589
ordinal,broad_tail,0.33,ssp245,All,300672,300672,0.7280358663260963,3.7080273520647085,2.979991485738612,0.643225840783312,3.079102809706258,2.435876968922946,8.941304810557686,16.29217220093657,7.350867390378884,13.114623243933588,21.360818433375904,8.246195189442316,12.386587377607492,17.652791081311197,5.266203703703704,8.213268944231586,12.584144848871862,4.370875904640275,1.802144821885142,4.371590516392143,2.5694456945070008
ordinal,broad_tail,0.33,ssp585,All,300672,300672,1.1976505959982973,10.438617496807153,9.240966900808855,0.955526287782035,10.066118561089825,9.11059227330779,9.793063537675607,25.950204874414645,16.157141336739038,14.037555874840358,31.426271817794806,17.38871594295445,12.839905278842059,20.98765432098765,8.147749042145593,8.59541294167731,15.51158737760749,6.916174435930181,2.094231898194421,9.957338692829136,7.8631067946347155
ordinal,broad_tail,0.34,ssp245,All,300672,300672,0.5597461685823755,2.7887531928480205,2.229007024265645,0.46130002128565345,2.3214665815240525,1.860166560238399,8.483995849297573,15.748722860791824,7.2647270114942515,13.114290655598126,21.35849031502767,8.244199659429544,12.55454448701575,18.56973712217965,6.015192635163899,7.924249680715198,12.959969667943804,5.035719987228607,1.8020871705434083,4.370922815697654,2.5688356451542456
ordinal,broad_tail,0.34,ssp585,All,300672,300672,0.7499866964665816,8.599404001702853,7.849417305236271,0.5670631119625372,8.425127713920817,7.85806460195828,9.314801511281397,25.464625904640272,16.149824393358877,14.036890698169433,31.418954874414645,17.382064176245212,13.286904001702851,22.81955087271179,9.53264687100894,8.564814814814815,16.865221902937417,8.300407088122602,2.0941036462887612,9.952329941962933,7.8582262956741715
ordinal,broad_tail,0.35,ssp245,All,300672,300672,0.4307018944231588,2.0603847381864626,1.6296828437633037,0.34389633886760324,1.6466448488718606,1.3027485100042573,7.190559812686249,13.972035972754362,6.781476160068113,13.114290655598126,21.35849031502767,8.244199659429544,12.683588761174969,19.29810557684121,6.61451681566624,6.759857918263091,11.9116512345679,5.1517933163048095,1.8020871705434083,4.370922815697654,2.5688356451542456
ordinal,broad_tail,0.35,ssp585,All,300672,300672,0.47759684972328653,6.957082801191997,6.47948595146871,0.3036531502767135,6.618840464027246,6.315187313750532,8.0123855896126,23.36532833120477,15.352942741592168,14.036890698169433,31.418954874414645,17.382064176245212,13.559293848446147,24.461872073222647,10.9025782247765,7.534788739889314,16.40824553001277,8.873456790123456,2.0941036462887612,9.952139581454146,7.858035935165384
ordinal,broad_tail,0.36,ssp245,All,300672,300672,0.3475548105576841,1.5312366964665816,1.1836818859088973,0.2713920817369093,1.106521392081737,0.8351293103448276,6.825045232013623,13.44920710940826,6.624161877394637,13.114290655598126,21.35849031502767,8.244199659429544,12.766735845040442,19.827253618561087,7.060517773520646,6.477490421455939,11.917970412941676,5.440479991485737,1.7962574725014688,4.36778187898483,2.571524406483361
ordinal,broad_tail,0.36,ssp585,All,300672,300672,0.33491645381013196,5.502008833546189,5.167092379736057,0.14334557258407832,4.995144210302256,4.851798637718178,7.670817369093232,22.728754257130692,15.05793688803746,14.036890698169433,31.418289697743724,17.38139899957429,13.701974244359302,25.91628086419753,12.21430661983823,7.335900915283099,17.226745423584504,9.890844508301406,2.0941036462887612,9.941697961653672,7.84759431536491
ordinal,broad_tail,0.37,ssp245,All,300672,300672,0.28403043848446147,1.1743694125159643,0.8903389740315029,0.2301511281396339,0.7543103448275862,0.5241592166879523,5.6413633461047255,11.404786611323967,5.763423265219242,11.077187100893997,19.116512345679013,8.039325244785015,10.793156662409537,17.942142933163048,7.148986270753511,5.357332907620264,10.230417198808004,4.87308429118774,1.3209989700640201,3.213865780945145,1.892866810881125
ordinal,broad_tail,0.37,ssp585,All,300672,300672,0.252767134951043,4.381851319710515,4.129084184759472,0.07782567049808428,3.752926777352065,3.6751011068539805,6.2413527032779905,20.03246062154108,13.79110791826309,12.003113026819925,29.376529906343123,17.373416879523198,11.75034589186888,24.99467858663261,13.24433269476373,5.988585568326948,15.650609301830567,9.66202373350362,1.4930214476594406,7.568396962782622,6.075375515123182
ordinal,broad_tail,0.38,ssp245,All,300672,300672,0.24411983822903363,0.9252607492550021,0.6811409110259685,0.19755747126436785,0.5254895700297999,0.32793209876543206,4.175646551724138,8.455060664112388,4.27941411238825,8.25550766283525,14.639873350361857,6.384365687526607,8.011387824606215,13.714612601106854,5.7032247765006385,3.9315267134951046,7.529799914857387,3.5982732013622822,0.8420713851577121,1.8536682562980693,1.0115968711403571
ordinal,broad_tail,0.38,ssp585,All,300672,300672,0.18957535121328226,3.535414005959983,3.345838654746701,0.04689495530012771,2.852277564921243,2.805382609621115,4.47730417198808,15.32700085142614,10.849696679438061,9.038088016177097,23.632729352916133,14.594641336739036,8.848512664963815,20.09731534695615,11.248802681992336,4.287728820774798,11.791919433801617,7.504190613026819,0.8678996869202291,4.406962885562741,3.5390631986425123
ordinal,broad_tail,0.39,ssp245,All,300672,300672,0.21019582801191997,0.7539777564921243,0.5437819284802043,0.1809280544912729,0.3778203490847169,0.196892294593444,3.6218869731800765,7.168276394210301,3.546389421030225,6.902205725840783,12.342685717326523,5.44047999148574,6.6920098978288625,11.588707960834398,4.896698063005536,3.411691145168157,6.414298637718178,3.0026074925500215,0.6688915496340238,1.4009540326085534,0.7320624829745297
ordinal,broad_tail,0.39,ssp585,All,300672,300672,0.14933216262239252,2.9267773520647085,2.7774451894423158,0.023946360153256702,2.187100893997446,2.1631545338441893,3.765565134099617,13.128259365687528,9.362694231587911,7.429358237547892,20.3893279054917,12.95996966794381,7.2800260749255,17.46255055342699,10.18252447850149,3.616232971477224,10.201482013622819,6.585249042145595,0.6433051662845534,3.2914200498181327,2.6481148835335793
ordinal,broad_tail,0.4,ssp245,All,300672,300672,0.1756066411238825,0.6069737122179651,0.4313670710940827,0.15664910600255427,0.2813697318007663,0.12472062579821203,3.4279879736057897,6.8396791187739465,3.411691145168157,6.669393891017454,11.97284748829289,5.303453597275436,6.493787249893572,11.365873776074926,4.872086526181354,3.2523813324819075,6.232705406555981,2.9803240740740735,0.6424710482585286,1.3427391380282603,0.7002680897697316
ordinal,broad_tail,0.4,ssp585,All,300672,300672,0.11341262239250745,2.4535041507024267,2.340091528309919,0.00997765006385696,1.6981960408684544,1.6882183908045976,3.5510456577266925,12.68026287782035,9.129217220093658,7.160294274159217,19.88312845891869,12.722834184759474,7.046881651766709,17.429624308216262,10.382742656449553,3.4376330353341844,10.226758727117922,6.789125691783737,0.6086104336896214,3.159758271099802,2.5511478374101806
ordinal,outermost,0.025,ssp245,All,300672,300672,28.848379629629626,36.72340623669646,7.875026607066836,24.40100840783312,32.26106853980417,7.86006013197105,52.54164005959983,59.12156768837803,6.579927628778201,66.55624733929332,71.77455832269051,5.218310983397188,37.70786770966369,35.05115208599404,-2.6567156236696476,23.731175500212856,22.439734993614305,-1.2914405065985513,25.802498096853387,31.958029035663856,6.155530938810468
ordinal,outermost,0.025,ssp585,All,300672,300672,29.12176724137931,44.86782939548744,15.746062154108131,24.77583546189868,41.06534695615156,16.289511494252878,51.83622020008515,64.49353448275862,12.657314282673468,66.11922626649638,76.34964346530438,10.230417198807999,36.99745902511707,31.481814069816945,-5.515644955300122,22.75236802894849,19.68690134099617,-3.06546668795232,26.142338329852517,39.123724131468464,12.981385801615946
ordinal,outermost,0.05,ssp245,All,300672,300672,7.013290229885058,13.300207535121327,6.286917305236269,3.776540549169859,8.956936462324393,5.180395913154534,19.009751489995743,27.01082907620264,8.001077586206897,25.45398307790549,33.965916347381864,8.511933269476373,18.440692848020433,20.665708812260537,2.2250159642401037,11.996461260110685,13.710621541081311,1.714160280970626,4.335713359865021,8.69656418068888,4.360850820823859
ordinal,outermost,0.05,ssp585,All,300672,300672,7.970479459344403,21.17589931885909,13.205419859514688,4.726745423584504,17.034176777352066,12.307431353767562,19.663952745849297,35.876968922945935,16.213016177096637,26.162396232439335,42.99835036185611,16.835954129416777,18.191916773094935,21.82245104299702,3.6305342699020855,11.693473286504897,14.701402192422307,3.00792890591741,4.972423207848861,15.844937309977192,10.872514102128331
ordinal,outermost,0.075,ssp245,All,300672,300672,1.2658312047679863,4.956896551724138,3.691065346956152,0.7716049382716049,3.522443060876969,2.750838122605364,12.62072956577267,19.53889953171562,6.918169965942951,19.39455619412516,26.873802681992338,7.479246487867179,18.128724989357174,21.9169061302682,3.788181140911025,11.354898361004683,14.582002979991485,3.227104618986802,2.636004904851028,5.555259173373513,2.919254268522485
ordinal,outermost,0.075,ssp585,All,300672,300672,2.0148201362281823,11.106122286079183,9.091302149851,1.3020833333333335,9.31347115793955,8.011387824606215,13.290562473392933,27.708266815666242,14.417704342273309,20.119931353767562,35.9697610685398,15.849829714772241,18.10511121753938,24.86363878246062,6.758527564921238,11.27574233716475,16.602144529587058,5.326402192422307,3.0809604369779624,10.83911463687828,7.758154199900318
ordinal,outermost,0.1,ssp245,All,300672,300672,0.32959504044274157,1.7384392294593445,1.408844189016603,0.25842113665389527,1.1118428054491272,0.8534216687952318,8.801950297999149,14.891310131971053,6.089359833971905,15.788966049382717,23.145487441464454,7.356521392081737,15.459371008939973,21.407048212005108,5.947677203065135,8.472355257556409,13.152870902511706,4.680515644955298,1.8655139875371023,4.026740999150767,2.1612270116136645
ordinal,outermost,0.1,ssp585,All,300672,300672,0.4928959131545338,5.506332481907195,5.0134365687526605,0.24079395487441466,4.010682737335037,3.769888782460622,9.381651766709238,22.44073275862069,13.059080991911452,16.5642294593444,32.06151553852703,15.497286079182633,16.071333546189866,26.555183056619835,10.48384951042997,8.888755853554704,16.934400276713497,8.045644423158793,2.1337968827883182,7.919179297212224,5.785382414423906
ordinal,outermost,0.15,ssp245,All,300672,300672,0.08381226053639847,0.1782673478075777,0.09445508727117922,0.07749308216262239,0.11640591741166455,0.038912835249042155,2.5226825244785016,4.407460621541082,1.8847780970625805,5.719854193273734,8.787316411238825,3.067462217965091,5.636041932737335,8.609049063431247,2.9730071306939116,2.4388702639421034,4.229193273733504,1.7903230097914005,0.4486248028461628,0.702187506553516,0.25356270370735323
ordinal,outermost,0.15,ssp585,All,300672,300672,0.0013303533418475948,0.5391256917837378,0.5377953384418902,0.0,0.22649265644955302,0.22649265644955302,2.5858743082162623,6.87892454235845,4.2930502341421874,5.820628458918689,13.262292464878673,7.441664005959984,5.819298105576841,12.723166773094935,6.903868667518093,2.5845439548744147,6.339798850574713,3.7552548957002982,0.4088073057493029,1.106636562589413,0.6978292568401101
ordinal,outermost,0.2,ssp245,All,300672,300672,0.06884578544061302,0.0764953171562367,0.0076495317156236725,0.053546722009365694,0.016296828437633037,-0.037249893571732653,0.13868933588761176,0.3818114091102597,0.24312207322264792,0.269063963388676,0.7686116432524479,0.4995476798637719,0.20021817794806301,0.6921163260962111,0.4918981481481481,0.06984355044699872,0.305316091954023,0.23547254150702426,0.0489294798414652,0.0671282992202132,0.018198819378747996
ordinal,outermost,0.2,ssp585,All,300672,300672,0.0,0.13935451255853554,0.13935451255853554,0.0,0.030598126862494676,0.030598126862494676,0.1011068539804172,1.1151686888037462,1.014061834823329,0.36451681566624095,2.334104938271605,1.969588122605364,0.36451681566624095,2.1947504257130697,1.8302336100468288,0.1011068539804172,0.9758141762452108,0.8747073222647936,0.021493423132158008,0.19209875929273354,0.17060533616057552
stored_ordinal,broad_tail,0.05,ssp245,All,300672,300672,99.42595253299277,99.60588282247765,0.17993028948488643,99.6088761174968,99.72561462324393,0.11673850574712219,99.91918103448276,99.94911398467433,0.029932950191565055,99.99002234993614,99.99168529161345,0.0016629416773099592,0.5640698169433802,0.38580246913580246,-0.17826734780757775,0.49322850148999575,0.34323116219667943,-0.14999733929331632,98.09773678543374,98.35523700795797,0.25750022252422866
stored_ordinal,broad_tail,0.05,ssp585,All,300672,300672,99.46187207322265,99.69634684972328,0.2344747765006332,99.65743401447425,99.8297147722435,0.17228075776925778,99.93747339293316,99.9720625798212,0.03458918688804147,99.99334823329076,99.99866964665816,0.005321413367397554,0.531476160068114,0.3023227969348659,-0.22915336313324813,0.47560131971051517,0.275715730097914,-0.19988558961260117,98.174309808604,98.53240874529344,0.35809893668944426
stored_ordinal,broad_tail,0.06,ssp245,All,300672,300672,89.67146924223074,91.38330140485313,1.711832162622386,90.84949712643679,92.2057923584504,1.3562952320136077,96.02157833120476,96.8374175180928,0.8158391868880415,98.78372445721584,99.1934732865049,0.4097488292890574,9.112255214985101,7.810171881651767,-1.302083333333334,6.351106853980418,5.454116113239676,-0.8969907407407414,80.62444198972476,82.76168762795166,2.1372456382269007
stored_ordinal,broad_tail,0.06,ssp585,All,300672,300672,89.7529533844189,92.33816251596424,2.5852091315453407,90.96157939548745,92.97839506172839,2.0168156662409444,95.92945136228182,97.27876223925075,1.3493108769689286,98.71487867177522,99.2413660068114,0.5264873350361796,8.961925287356323,6.9032034908471696,-2.058721796509153,6.178826096211154,4.940599723286505,-1.2382263729246485,80.67560989595938,84.44977986363928,3.774169967679896
stored_ordinal,broad_tail,0.07,ssp245,All,300672,300672,72.72742390378885,76.39088441890166,3.663460515112817,69.95796083439761,74.21342858663262,4.255467752235006,89.3312313750532,90.98253246062154,1.6513010855683348,94.45541985951469,95.52602171136654,1.0706018518518476,21.72799595572584,19.13513729246488,-2.5928586632609623,16.608131119625373,14.603288633461048,-2.004842486164325,67.30364720132471,70.3965160876221,3.0928688862973956
stored_ordinal,broad_tail,0.07,ssp585,All,300672,300672,71.90193965517241,79.39715038314176,7.495210727969351,69.77270913154534,77.4624840357599,7.689774904214559,89.31327160493827,92.08439761600681,2.771126011068546,94.31140911025967,96.21082109408259,1.8994119838229153,22.409469455087272,16.813670710940826,-5.595798744146446,17.41299489144317,12.693233822903363,-4.719761068539807,67.54574082005794,73.42207748371237,5.876336663654428
stored_ordinal,broad_tail,0.08,ssp245,All,300672,300672,51.45407620263942,58.528895274584926,7.074819071945505,49.042810770540655,56.57161292039166,7.528802149851003,67.07308961260111,72.02832322264794,4.955233610046832,78.20981002554278,81.77615474670073,3.5663447211579467,26.755733822903366,23.247259472115793,-3.508474350787573,15.88608184333759,13.792105683269476,-2.093976160068115,33.75579956182806,40.98081045906249,7.2250108972344265
stored_ordinal,broad_tail,0.08,ssp585,All,300672,300672,51.92103022562793,64.11105789697744,12.190027671349512,49.854991485738616,62.130826947637296,12.27583546189868,66.51833226905066,75.52149851000426,9.003166240953604,77.49108663260962,84.45282567049809,6.961739037888464,25.570056406981696,20.341767773520647,-5.228288633461048,14.87002447850149,11.712430821626224,-3.1575936568752656,35.31132673945491,47.4411138781683,12.12978713871339
stored_ordinal,broad_tail,0.09,ssp245,All,300672,300672,38.64443646232439,46.926883780332055,8.282447318007662,36.199579608343974,44.83490315027671,8.635323541932735,54.46699393358876,61.53482865048957,7.067834716900812,67.67407673478075,73.3300739676458,5.655997232865047,29.029640272456366,26.40319018731375,-2.626450085142615,15.867124308216262,14.64951841209025,-1.2176058961260114,27.989788243886704,35.67586003704176,7.686071793155055
stored_ordinal,broad_tail,0.09,ssp585,All,300672,300672,39.420365048957,53.513130587484035,14.092765538527033,37.084597169008084,51.480683269476366,14.396086100468281,55.148467432950184,66.75180928054492,11.603341847594734,67.44558854831844,77.70627128565347,10.260682737335031,28.02522349936143,24.193140698169433,-3.832082801191998,15.776327692635164,13.296549063431248,-2.4797786292039152,29.81880240475855,43.19221013259019,13.37340772783164
stored_ordinal,broad_tail,0.1,ssp245,All,300672,300672,30.81597222222222,39.95051085568327,9.134538633461048,27.893185930183055,36.988479140059596,9.09529320987654,46.79351585781183,54.49493135376756,7.701415495955729,57.47192954448701,63.92114995742869,6.449220412941678,26.655957322264793,23.970639101745423,-2.6853182205193704,15.988851638995316,14.553732971477224,-1.4351186675180916,22.955448099152804,30.666651490803083,7.71120339165028
stored_ordinal,broad_tail,0.1,ssp585,All,300672,300672,31.578264687100894,47.487295125585355,15.90903043848446,29.17930502341422,44.78534748829289,15.606042464878673,46.99972062579821,60.50580034057046,13.506079714772248,57.12470732226479,69.68124733929332,12.556540017028532,25.546442635163903,22.19395221370796,-3.3524904214559434,15.425446998722862,13.0254895700298,-2.399957428693062,24.083030182175357,39.0545070789171,14.971476896741741
stored_ordinal,broad_tail,0.11,ssp245,All,300672,300672,25.934573222647934,35.28928533418476,9.354712111536827,21.920564601958283,30.970293209876544,9.049728607918262,42.54702799063431,50.89931885908897,8.35229086845466,55.00345891868881,62.126503299276294,7.123044380587487,29.06888569604087,26.837217965091533,-2.2316677309493365,16.612454767986375,15.610033524904216,-1.0024212430821589,20.2351721762943,28.103354726243047,7.868182549948749
stored_ordinal,broad_tail,0.11,ssp585,All,300672,300672,26.839213495104296,43.691797041294166,16.85258354618987,23.206683695189444,39.787209982971476,16.580526287782032,43.05222967220094,57.41472435078757,14.362494678586636,54.89802841634738,68.22051936994465,13.322490953597274,28.05881492124308,24.528722328650492,-3.530092592592588,16.213016177096637,13.72425766283525,-2.488758514261388,21.35077119809851,36.90979408860298,15.559022890504469
stored_ordinal,broad_tail,0.12,ssp245,All,300672,300672,22.08153735632184,31.492789484887183,9.411252128565344,17.917531396338866,26.770035121328224,8.852503724989358,38.333133780332055,47.07688111962538,8.743747339293321,50.919274159216684,58.46969455087271,7.550420391656026,28.83773680289485,26.976905065985523,-1.8608317369093257,16.251929012345677,15.584091634738186,-0.6678373776074906,17.79076645163969,25.77362671452465,7.982860262884959
stored_ordinal,broad_tail,0.12,ssp585,All,300672,300672,23.05768412090251,40.367909216687956,17.310225095785444,19.137797999148574,36.34857918263091,17.210781183482332,38.50441677309494,53.92653788846318,15.422121115368242,50.7000984461473,64.67546030225628,13.975361856108982,27.642414325244786,24.307551085568328,-3.3348632396764586,15.446732652192422,13.559293848446147,-1.8874388037462744,18.856612490360522,34.71295465388539,15.856342163524868
stored_ordinal,broad_tail,0.13,ssp245,All,300672,300672,18.997445721583652,28.122339293316305,9.124893571732652,15.259485419327373,23.74580938697318,8.486323967645806,34.25925925925926,43.384152830991916,9.124893571732656,44.10753246062154,52.6693539804172,8.561821519795657,25.11008673903789,24.547014687100894,-0.5630720519369952,15.26214612601107,15.263476479352917,0.0013303533418476121,14.3249953085498,22.145180029065784,7.820184720515984
stored_ordinal,broad_tail,0.13,ssp585,All,300672,300672,19.97625319284802,37.32838441890166,17.352131226053643,16.479419433801617,33.71314921243082,17.233729778629204,34.683641975308646,50.68280385270327,15.999161877394627,44.137797999148574,59.211033950617285,15.07323595146871,24.161544806300554,21.88264953171562,-2.278895274584933,14.70738878246062,13.355084610472542,-1.352304171988079,15.472425419697236,31.162431790130306,15.69000637043307
stored_ordinal,broad_tail,0.14,ssp245,All,300672,300672,16.59050393784589,25.415735419327373,8.825231481481481,13.520713601532567,21.774558322690506,8.25384472115794,32.83445083014049,42.03184865900383,9.197397828863338,43.07650862068966,51.69586792252022,8.619359301830563,26.48600468284376,26.28013250319285,-0.20587217965091043,16.243946892294595,16.61611323967646,0.3721663473818637,14.052410393703383,21.870089670699063,7.81767927699568
stored_ordinal,broad_tail,0.14,ssp585,All,300672,300672,17.688045444870156,34.85525755640698,17.167212111536827,14.763928799489145,31.85431300553427,17.090384206045123,33.312380268199234,49.50211526181354,16.18973499361431,43.18659535972754,58.39951841209026,15.212923052362719,25.49854991485739,23.54426085568327,-1.954289059174119,15.624334823329075,14.647190293742018,-0.9771445295870578,15.212769014829371,30.891711193454345,15.678942178624974
stored_ordinal,broad_tail,0.15,ssp245,All,300672,300672,14.607279693486591,23.20502075351213,8.59774106002554,12.197677203065133,20.42591262239251,8.228235419327376,31.59855257556407,40.88475148999574,9.286198914431672,40.69816943380162,49.1628751596424,8.46470572584078,26.090889740315028,25.95785440613027,-0.13303533418475766,16.991272882077478,17.67973073648361,0.6884578544061313,13.347879086611316,21.05205892575176,7.704179839140442
stored_ordinal,broad_tail,0.15,ssp585,All,300672,300672,15.764687100893997,32.859394955300125,17.094707854406128,13.45486111111111,30.372964559386972,16.91810344827586,32.065506598552574,48.494040017028524,16.42853341847595,40.85415336313325,56.40664910600255,15.552495742869297,25.089466262239252,23.547254150702425,-1.542212111536827,16.300819497658576,15.634645061728394,-0.6661744359301824,14.480672106736828,30.228321716794504,15.747649610057676
stored_ordinal,broad_tail,0.16,ssp245,All,300672,300672,12.964958492975734,21.394742443593017,8.429783950617283,11.094149106002554,19.23890485312899,8.144755747126435,30.38992656449553,39.82645540655598,9.43652884206045,39.00695774797786,47.75037249893572,8.74341475095786,26.04199925500213,26.3556300553427,0.31363080034057234,17.424968071519796,18.431712962962962,1.0067448914431658,12.957453022858992,20.669481945781758,7.712028922922766
stored_ordinal,broad_tail,0.16,ssp585,All,300672,300672,14.193207215836527,31.146232439335886,16.95302522349936,12.313417943805876,29.194604086845466,16.881186143039592,30.96463920817369,47.63463175819498,16.669992550021288,39.343537143465305,54.999135270327805,15.6555981268625,25.15032992762878,23.852902830991912,-1.2974270966368664,16.771431992337167,16.48839931885909,-0.2830326734780755,14.105365866697376,29.90740867989979,15.802042813202412
stored_ordinal,broad_tail,0.17,ssp245,All,300672,300672,11.60134631758195,19.839891975308642,8.238545657726693,10.076761387824607,18.13338122605364,8.056619838229032,28.819111856108982,38.35508461047254,9.535972754363556,38.924475840783316,47.63396658152405,8.709490740740733,27.323129523201363,27.794074606215414,0.47094508301405114,17.217765538527033,18.5151926351639,1.2974270966368664,12.930108425789074,20.59711570687906,7.667007281089985
stored_ordinal,broad_tail,0.17,ssp585,All,300672,300672,12.885802469135802,29.626636334610474,16.74083386547467,11.353235419327373,28.12466741166454,16.771431992337167,29.45934440187314,46.259378991060025,16.800034589186886,39.255733822903366,54.9223073648361,15.666573541932735,26.369931353767562,25.29567103022563,-1.0742603235419317,16.573541932737335,16.632742656449555,0.05920072371221963,14.063090167577075,29.822917540468797,15.759827372891722
stored_ordinal,broad_tail,0.18,ssp245,All,300672,300672,10.44028043848446,18.459317794806303,8.019037356321842,9.167797467007237,17.165881758194974,7.9980842911877374,27.510044167730953,37.018744678586636,9.508700510855682,37.548557896977435,46.74396019582801,9.195402298850574,27.108277458492974,28.28464240102171,1.1763649425287355,17.069763729246485,18.559759472115793,1.4899957428693078,12.478927311769706,20.24621868658635,7.767291374816644
stored_ordinal,broad_tail,0.18,ssp585,All,300672,300672,11.737374946785867,28.34018465304385,16.602809706257982,10.469548212005108,27.153509472115793,16.683961260110685,28.106375053214133,45.164165602383996,17.057790549169862,37.75043901660281,54.23318433375904,16.48274531715623,26.013064069816945,25.892999680715196,-0.12006438910174921,16.369000106428267,16.823980949340147,0.4549808429118798,13.56399657764332,29.572214692308922,16.008218114665603
stored_ordinal,broad_tail,0.19,ssp245,All,300672,300672,9.453490847169007,17.307896977437206,7.854406130268199,8.29242496807152,16.18374840357599,7.89132343550447,24.865966900808857,34.25027937420179,9.384312473392932,34.079994146445294,43.51053639846743,9.430542252022136,24.626503299276287,26.202639421030227,1.5761361217539402,15.412476053639848,16.94238239676458,1.5299063431247308,9.47254170307167,16.875796057005665,7.4032543539339954
stored_ordinal,broad_tail,0.19,ssp585,All,300672,300672,10.732292997020009,27.18277724563644,16.450484248616434,9.610472541507024,26.15208599404002,16.541613452533,25.473273201362286,43.232159961685824,17.758886760323538,34.41723871860366,51.44542890591741,17.028190187313747,23.684945721583652,24.26265166028097,0.5777059386973171,14.740980204342275,16.049382716049383,1.3084025117071079,10.479241602009088,26.56667659678551,16.087434994776423
stored_ordinal,broad_tail,0.2,ssp245,All,300672,300672,8.55516975308642,16.270221370796083,7.715051617709664,7.540442741592167,15.199619518944232,7.659176777352065,23.009791400595997,32.426364942528735,9.416573541932738,31.950098446147297,41.52697956577267,9.576881119625373,23.394928693060876,25.256758194976587,1.861829501915711,14.454621647509578,16.156143571732652,1.7015219242230746,8.58241881576428,15.800067915296573,7.217649099532293
stored_ordinal,broad_tail,0.2,ssp585,All,300672,300672,9.794393891017455,26.093883035334187,16.29948914431673,8.820907833120478,25.1746088761175,16.353701042997024,23.747804916985952,41.58651287782035,17.838707960834395,32.58700510855683,49.733929331630485,17.146924223073654,22.79261121753938,23.640046296296298,0.8474350787569165,13.9534110259685,15.492629842486163,1.5392188165176641,9.625088157300679,25.48407426855352,15.858986111252841
stored_ordinal,broad_tail,0.21,ssp245,All,300672,300672,7.691770434227331,15.330991911451683,7.639221477224352,6.759857918263091,14.236443699446575,7.476585781183484,21.621900276713497,30.91142507449979,9.289524797786292,28.89261387824606,38.546988080034055,9.654374201787995,21.200843444018734,23.215996168582375,2.0151527245636416,13.930129842486163,15.580433163048104,1.6503033205619406,7.187035435338811,13.822081177376885,6.635045742038074
stored_ordinal,broad_tail,0.21,ssp585,All,300672,300672,8.961592699020859,25.023946360153253,16.062353661132395,8.043981481481481,24.21110046828438,16.167118986802897,22.39184227330779,40.27811036611324,17.886268092805448,29.76599084716901,47.09484088974031,17.3288500425713,20.80439814814815,22.070894529587058,1.266496381438909,13.43024957428693,15.254164005959984,1.8239144316730531,8.235724430887913,23.273043440916403,15.03731901002849
stored_ordinal,broad_tail,0.22,ssp245,All,300672,300672,6.878259365687526,14.408059280544913,7.529799914857387,6.054770647083865,13.368055555555555,7.31328490847169,21.347182311621967,30.653336526181352,9.306154214559385,28.89194870157514,38.54565772669221,9.653709025117074,22.013689335887612,24.137598446147297,2.123909110259685,14.46892294593444,16.24527724563644,1.7763542997020014,7.1866175135116075,13.821576392023028,6.63495887851142
stored_ordinal,broad_tail,0.22,ssp585,All,300672,300672,8.204621647509578,24.058442422307365,15.853820774797788,7.353195508727117,23.26222594721158,15.909030438484463,22.087856534695614,40.06824712643678,17.980390591741166,29.764993082162622,47.09351053639847,17.328517454235847,21.560371434653046,23.035068114091104,1.4746966794380576,13.883234887186035,16.009804704129415,2.1265698169433804,8.234961592996294,23.27240317404165,15.037441581045355
stored_ordinal,broad_tail,0.23,ssp245,All,300672,300672,6.14490208599404,13.478807471264368,7.333905385270327,5.347687845891869,12.465743401447424,7.118055555555555,21.061488931460197,30.395913154533844,9.334424223073647,28.88662728820775,38.54166666666667,9.65503937845892,22.741725202213708,25.062859195402297,2.321133993188589,14.916586845466156,16.917105683269476,2.0005188378033196,7.185926184725588,13.8198063365533,6.633880151827713
stored_ordinal,broad_tail,0.23,ssp585,All,300672,300672,7.482904959557259,23.069324712643677,15.586419753086417,6.678706364410387,22.36357226479353,15.68486590038314,21.75925925925926,39.86071200510855,18.101452745849294,29.758341315453386,47.07887664963815,17.32053533418476,22.275436355896126,24.009551936994466,1.7341155810983402,14.276354299702001,16.79138729246488,2.515032992762878,8.2337201645894,23.27013174775933,15.03641158316993
stored_ordinal,broad_tail,0.24,ssp245,All,300672,300672,5.441810344827586,12.584810025542783,7.142999680715197,4.719761068539804,11.562433482332908,6.842672413793104,19.08458386547467,28.42299914857386,9.338415283099192,28.882968816517668,38.5343497232865,9.651380906768836,23.44115847169008,25.949539697743724,2.5083812260536433,13.642773520647083,15.838189123031077,2.195415602383994,7.185640600905139,13.819270083347865,6.633629482442726
stored_ordinal,broad_tail,0.24,ssp585,All,300672,300672,6.793781928480204,22.108809599829716,15.315027671349512,6.003552043422733,21.418688803746274,15.415136760323541,19.94299435930183,38.07737335036185,18.13437899106002,29.75335249042146,47.07388782460622,17.320535334184758,22.959570561941252,24.9650782247765,2.0055076628352495,13.149212430821628,15.968563750532141,2.8193513197105133,8.233473818287353,23.269804641381423,15.03633082309407
stored_ordinal,broad_tail,0.25,ssp245,All,300672,300672,4.798251915708812,11.66786398467433,6.869612068965518,4.108463707960834,10.671761919965943,6.563298212005109,18.701774691358025,28.01790655598127,9.316131864623244,28.791507024265645,38.31683695189442,9.525329927628778,23.99325510855683,26.648972967220093,2.6557178586632624,13.903522775649213,16.35004257130694,2.4465197956577267,7.150733611346262,13.74306327990878,6.592329668562518
stored_ordinal,broad_tail,0.25,ssp585,All,300672,300672,6.1532167943805876,21.13233024691358,14.979113452532992,5.327067369093231,20.348752128565348,15.021684759472116,19.58379895700298,37.70786770966369,18.12406875266071,29.550806194125162,46.93453331204768,17.383727117922515,23.39758939974457,25.8022030651341,2.4046136653895296,13.430582162622393,16.575537462750106,3.1449553001277124,8.161488487985048,23.206345202334422,15.044856714349374
stored_ordinal,broad_tail,0.26,ssp245,All,300672,300672,4.163008194976586,10.751250532141336,6.5882423371647505,3.48053693060877,9.727543635589612,6.247006704980842,16.52199074074074,25.77925446998723,9.257263729246489,24.80044699872286,34.23331736909323,9.432870370370367,20.637438803746274,23.482066836951894,2.8446280332056197,12.358982545764155,15.028003937845892,2.6690213920817367,5.223116505306502,11.042967566969926,5.8198510616634245
stored_ordinal,broad_tail,0.26,ssp585,All,300672,300672,5.470412941677309,20.125917943805874,14.655505002128564,4.61566091954023,19.32471264367816,14.709051724137932,17.271312260536398,35.668436036611325,18.397123776074928,25.566730523627072,43.41574872286079,17.84901819923372,20.096317581949766,23.289830779054917,3.193513197105151,11.800899318859088,15.54251809280545,3.741618773946362,6.059396004044268,20.375536289600504,14.316140285556237
stored_ordinal,broad_tail,0.27,ssp245,All,300672,300672,3.5676750744997867,9.829315666240953,6.261640591741166,2.9154693486590038,8.740088867603236,5.824619518944232,15.735086739037888,24.891908790974885,9.156822051936997,23.61111111111111,32.89265378884632,9.281542677735207,20.043436036611322,23.063338122605366,3.019902085994044,12.1674116645381,15.062593124733931,2.895181460195831,4.914845029420936,10.57917121895578,5.664326189534845
stored_ordinal,broad_tail,0.27,ssp585,All,300672,300672,4.803573329076203,19.051657620263942,14.24808429118774,3.8942768199233715,18.25843444018731,14.36415762026394,16.50735685398042,34.93740687526607,18.430050021285652,24.421628884631758,42.454901021711365,18.033272137079607,19.618055555555554,23.403243401447423,3.785187845891869,11.703783524904214,15.88574925500213,4.181965730097916,5.756869809261227,19.791522776629282,14.034652967368055
stored_ordinal,broad_tail,0.28,ssp245,All,300672,300672,3.0109222009365686,8.926005747126437,5.9150835461898685,2.3417544699872286,7.77924116645381,5.437486696466581,14.50584025117071,23.511002022137077,9.005161770966367,22.202932098765434,31.405318752660705,9.202386653895271,19.192009897828864,22.47931300553427,3.287303107705405,11.494918050234142,14.584996275010642,3.0900782247764997,4.327907696497597,9.665674119106038,5.337766422608441
stored_ordinal,broad_tail,0.28,ssp585,All,300672,300672,4.107465942954449,17.933495636441037,13.82602969348659,3.1825377820349083,17.108676564495532,13.926138782460624,15.337976266496382,33.62700883354619,18.28903256704981,22.96988080034057,41.07133354618987,18.1014527458493,18.862414857386124,23.13783790974883,4.275423052362704,11.230510323541933,15.693513197105153,4.4630028735632195,5.11033336678091,18.622882073175383,13.512548706394472
stored_ordinal,broad_tail,0.29,ssp245,All,300672,300672,2.4688032141336738,7.986111111111111,5.517307896977437,1.8724723286504894,6.786797573435504,4.914325244785015,13.470825351213284,22.321333546189866,8.850508194976582,21.488864942528735,30.691916773094935,9.2030518305662,19.020061728395063,22.70580566198382,3.685743933588757,11.002022137079608,14.335222435078757,3.3332002979991486,4.152347553214861,9.280661055863403,5.128313502648542
stored_ordinal,broad_tail,0.29,ssp585,All,300672,300672,3.4785414005959985,16.815666240953597,13.337124840357598,2.5792225415070242,15.93996115368242,13.360738612175396,14.321918901660279,32.43068859088974,18.108769689229458,22.186302681992338,40.571785866326096,18.385483184333758,18.70776128139634,23.7561196253725,5.048358343976158,10.843377501064284,15.615022349936142,4.771644848871858,4.8664115499161085,18.01743844059769,13.151026890681582
stored_ordinal,broad_tail,0.3,ssp245,All,300672,300672,1.9689229459344402,6.95774797786292,4.98882503192848,1.4690426777352064,5.7600973818646235,4.291054704129417,12.196014261387825,20.711606002554277,8.515591741166451,19.02172467007237,27.921123350361853,8.899398680289483,17.052801724137932,20.963375372498934,3.9105736483610016,10.227091315453386,13.753858024691358,3.5267667092379718,3.272438717046432,7.501485474583153,4.229046757536721
stored_ordinal,broad_tail,0.3,ssp585,All,300672,300672,2.8742283950617282,15.562805981268625,12.688577586206897,2.120250638569604,14.663819710515114,12.543569071945509,13.043449340144742,30.888143891017457,17.844694550872717,19.682910280970624,38.0690586419753,18.38614836100468,16.808681885908896,22.506252660706682,5.697570774797786,10.169220945083014,15.326668263090676,5.157447318007662,3.813739913538819,15.361499027938963,11.547759114400144
stored_ordinal,broad_tail,0.31,ssp245,All,300672,300672,1.4913260962111536,5.898454129416773,4.40712803320562,1.138782460621541,4.872419114516815,3.7336366538952745,10.721650170285228,18.881039804171987,8.159389633886759,17.586273414218816,26.580127181779478,8.993853767560662,16.094947318007662,20.681673052362708,4.586725734355046,9.230324074074074,12.98325085142614,3.752926777352066,2.9305269549573634,6.89982416241172,3.969297207454357
stored_ordinal,broad_tail,0.31,ssp585,All,300672,300672,2.3231295232013625,14.15495955725841,11.831830034057047,1.7391044061302683,13.323156130268199,11.58405172413793,11.542478182205192,29.06722275436356,17.52474457215837,18.23282513835675,36.932604299702,18.69977916134525,15.909695615155387,22.77764474244359,6.867949127288204,9.219348659003831,14.912928373776074,5.693579714772243,3.4130992565932794,14.58490831335683,11.171809056763552
stored_ordinal,broad_tail,0.32,ssp245,All,300672,300672,1.0968763303533418,4.876077586206897,3.779201255853555,0.9016469774372072,4.014008620689656,3.1123616432524486,9.398946360153257,16.946706045125584,7.547759684972327,13.667717645806727,22.102157833120476,8.434440187313749,12.570841315453386,17.22608024691358,4.655238931460193,8.302070029799914,12.070628458918689,3.768558429118775,1.938710013372229,4.660095341049048,2.7213853276768187
stored_ordinal,broad_tail,0.32,ssp585,All,300672,300672,1.8066198382290337,12.521950830140485,10.71533099191145,1.395540655598127,11.844468390804598,10.448927735206471,10.282966155810984,26.664272030651343,16.381305874840358,14.555063324819074,32.210847701149426,17.655784376330352,12.74844348659004,19.68889687100894,6.9404533844189,8.47634631758195,14.14298637718178,5.66664005959983,2.2392209125213074,10.499253605551145,8.260032693029837
stored_ordinal,broad_tail,0.33,ssp245,All,300672,300672,0.7932231800766283,3.8703304597701145,3.077107279693486,0.7067502128565346,3.2317608556832695,2.525010642826735,9.075337909748828,16.484408258833547,7.409070349084718,13.28091741166454,21.574672733077904,8.293755321413364,12.48769423158791,17.70434227330779,5.216648041719882,8.2821147296722,12.61407779906343,4.3319630693912305,1.8695200889006403,4.508394359948108,2.6388742710474675
stored_ordinal,broad_tail,0.33,ssp585,All,300672,300672,1.2788021498510005,10.673424861643252,9.394622711792252,1.0383407833120477,10.305582162622393,9.267241379310345,9.94439123031077,26.17004576415496,16.22565453384419,14.21149957428693,31.663739889314602,17.452240315027673,12.93269742443593,20.99031502767135,8.057617603235421,8.665589080459771,15.496620902511706,6.831031822051935,2.1746006756376985,10.180257724433119,8.00565704879542
stored_ordinal,broad_tail,0.34,ssp245,All,300672,300672,0.6142906555981269,2.927775117071094,2.3134844614729673,0.508860153256705,2.452506385696041,1.943646232439336,8.61969189016603,15.940626330353341,7.320934440187312,13.280584823329075,21.572344614729673,8.291759791400597,12.666294167730948,18.644569497658576,5.978275329927628,8.0054012345679,13.012851213282248,5.007449978714348,1.8694624375589064,4.507698977103612,2.6382365395447054
stored_ordinal,broad_tail,0.34,ssp585,All,300672,300672,0.8221583652618136,8.828224776500639,8.006066411238825,0.6352437207322265,8.660267667092379,8.025023946360152,9.46446626223925,25.688125266070667,16.223659003831415,14.21149957428693,31.657088122605366,17.445588548318433,13.389341209025115,22.828863346104725,9.43952213707961,8.642307896977437,16.85990048957003,8.217592592592593,2.1745176291876738,10.174922841151025,8.00040521196335
stored_ordinal,broad_tail,0.35,ssp245,All,300672,300672,0.4765990847169008,2.187100893997446,1.710501809280545,0.3828091741166454,1.7613878246062153,1.3785786504895698,7.312287143465304,14.162609088974031,6.850321945508727,13.280584823329075,21.572344614729673,8.291759791400597,12.803985738612175,19.385243720732227,6.581257982120052,6.835688058748405,11.975508194976586,5.139820136228181,1.8694624375589064,4.507698977103612,2.6382365395447054
stored_ordinal,broad_tail,0.35,ssp585,All,300672,300672,0.541453810131971,7.1782540442741585,6.6368002341421874,0.3568672839506173,6.845333120476798,6.488465836526181,8.146086100468285,23.586832162622393,15.440746062154108,14.21149957428693,31.657088122605366,17.445588548318433,13.67004576415496,24.478834078331204,10.808788314176244,7.604632290336314,16.40857811834823,8.803945828011917,2.1745176291876738,10.174723718321868,8.000206089134194
stored_ordinal,broad_tail,0.36,ssp245,All,300672,300672,0.3874654108131119,1.6423212005108556,1.2548557896977437,0.30332056194125157,1.204302362707535,0.9009818007662835,6.943446679438059,13.64410387398893,6.700657194550871,13.280584823329075,21.572344614729673,8.291759791400597,12.893119412515963,19.930023414218816,7.036904001702853,6.555981268624947,12.001782673478075,5.445801404853128,1.8636465805919715,4.504517913689789,2.640871333097817
stored_ordinal,broad_tail,0.36,ssp585,All,300672,300672,0.3894609408258834,5.704222541507025,5.314761600681141,0.18392134951042996,5.205340038314176,5.021418688803746,7.8055156449553005,22.952918795232012,15.147403150276713,14.21149957428693,31.65642294593444,17.444923371647512,13.822038633461048,25.952200404427415,12.130161770966367,7.416054704129417,17.24869625372499,9.832641549595573,2.1745176291876738,10.164211495954804,7.98969386676713
stored_ordinal,broad_tail,0.37,ssp245,All,300672,300672,0.31828703703703703,1.2708200297999148,0.9525329927628778,0.2540974882928906,0.8367922520221371,0.5826947637292466,5.740474670072372,11.587377607492549,5.846902937420177,11.222195615155385,19.322384525329927,8.100188910174541,10.90390857811835,18.051564495530013,7.147655917411663,5.4221876330353345,10.316557577692635,4.8943699446573,1.3702354902626757,3.3290302973196484,1.9587948070569727
stored_ordinal,broad_tail,0.37,ssp585,All,300672,300672,0.2966687952320136,4.5634445508727115,4.2667757556406976,0.10908897403150276,3.9468257769263513,3.8377368028948484,6.357758620689655,20.25296668795232,13.895208067262665,12.161092486164325,29.598033737760748,17.436941251596423,11.86442369093231,25.03458918688804,13.17016549595573,6.061089825457642,15.689522137079608,9.628432311621967,1.557869714484723,7.764701756679214,6.206832042194491
stored_ordinal,broad_tail,0.38,ssp245,All,300672,300672,0.2700617283950617,1.0090730097914007,0.739011281396339,0.21418688803746277,0.5926724137931034,0.37848552575564065,4.237175393784589,8.587430821626224,4.350255427841636,8.353953810131971,14.797187633035334,6.4432338229033626,8.08389208173691,13.788114623243933,5.704222541507024,3.9671136653895274,7.578357811834824,3.6112441464452965,0.8666006251955714,1.920454032636751,1.0538534074411796
stored_ordinal,broad_tail,0.38,ssp585,All,300672,300672,0.2284881864623244,3.7083599404001704,3.479871753937846,0.07017613878246062,3.019236909323116,2.9490607705406555,4.5594534908471696,15.527219029374201,10.967765538527033,9.146511813537675,23.83128458918689,14.684772775649215,8.918023627075351,20.122924648786718,11.204901021711366,4.330965304384845,11.819191677309494,7.4882263729246485,0.9012628605698862,4.54769777065426,3.6464349100843734
stored_ordinal,broad_tail,0.39,ssp245,All,300672,300672,0.23048371647509577,0.8231561302681992,0.5926724137931034,0.19423158790974884,0.4336951894423159,0.23946360153256704,3.6770966368667515,7.290668901660282,3.61357226479353,6.989011281396339,12.483037994891443,5.494026713495105,6.758527564921243,11.659881864623243,4.901354299702,3.4466129203916562,6.467512771392083,3.0208998510004266,0.6890873936800687,1.457707215810251,0.7686198221301824
stored_ordinal,broad_tail,0.39,ssp585,All,300672,300672,0.1782673478075777,3.083426458067263,2.905159110259685,0.04124095359727544,2.3377634099616857,2.29652245636441,3.8400649212430826,13.31983024691358,9.479765325670499,7.521485206470839,20.57923584504044,13.057750638569601,7.343217858663261,17.49580938697318,10.152591528309918,3.6617975734355044,10.236403788846317,6.574606215410813,0.6699236663274276,3.416973613406013,2.7470499470785854
stored_ordinal,broad_tail,0.4,ssp245,All,300672,300672,0.19290123456790123,0.6678373776074925,0.4749361430395913,0.16662675606641122,0.324938803746275,0.15831204767986376,3.4821998722860794,6.96107386121754,3.4788739889314604,6.747884738186462,12.114862707535123,5.36697796934866,6.554983503618561,11.44702532992763,4.892041826309069,3.289298637718178,6.293236483610047,3.0039378458918695,0.660920886153268,1.3960028730041814,0.7350819868509133
stored_ordinal,broad_tail,0.4,ssp585,All,300672,300672,0.13436568752660707,2.6008407833120475,2.4664750957854404,0.024611536824180505,1.8338920817369093,1.8092805449127287,3.623217326521924,12.864849404001703,9.241632077479778,7.246434653043848,20.071040868454663,12.824606215410814,7.112068965517242,17.470200085142615,10.358131119625373,3.488851638995317,10.264008620689655,6.775156981694337,0.633632152714132,3.282261013827036,2.648628861112904
