group_scope,model,event,city,n_steps,n_cases,equal_zone_mean_mean,area_weighted_mean_mean,zone_p90_mean,any_zone_mean,cold_equal_mean,warm_equal_mean,cold_area_mean,warm_area_mean,expected_tsv_equal_mean,expected_tsv_area_mean,time_slice,scenario,severity
city,no_pmv_ordinal,broad_tail,Ahmedabad,400896,24,0.1358402795542677,0.12680331967831024,0.21175715553293278,0.2595876345616388,0.023784026790847308,0.11205625276342039,0.024635216290296497,0.10216810338801374,0.36923444350129647,0.3328435801994982,,,
city,no_pmv_ordinal,broad_tail,Beijing,400896,24,0.09728494851718264,0.09938643027738306,0.12522753756300287,0.14714700410712317,0.02531318576095999,0.07197176275622263,0.023850856427267343,0.07553557385011574,0.18823673873568417,0.2131089049288978,,,
city,no_pmv_ordinal,broad_tail,Guangzhou,400896,24,0.11117751563227195,0.10762915711324873,0.15079403468139715,0.17851721326711975,0.02658843299291682,0.08458908263935515,0.026540088328981217,0.08108906878426751,0.2773012603832031,0.2674792899166242,,,
city,no_pmv_ordinal,broad_tail,Houston,400896,24,0.10829563918513362,0.104056693627053,0.1458289172914012,0.17010431419600838,0.02817881619733484,0.08011682298779878,0.027713079398401834,0.07634361422865119,0.2586639088953721,0.25026298102429023,,,
city,no_pmv_ordinal,broad_tail,Kolkata,400896,24,0.13226364727483636,0.12915493501259098,0.18458446767433673,0.2209737023083069,0.02406282628500868,0.10820082098982768,0.0243639049931569,0.10479103001943409,0.36156532072519904,0.34911276353926374,,,
city,no_pmv_ordinal,broad_tail,Phoenix,400896,24,0.13951699246705615,0.12669557446287247,0.20966241474331543,0.2526864026003732,0.025423793422397298,0.11409319904465884,0.026598531833916854,0.10009704262895562,0.3360452697181615,0.2874299079486165,,,
city,nominal,broad_tail,Ahmedabad,400896,24,0.1445075415442327,0.1362599442387307,0.21811426241369147,0.26059954352953363,0.02945584636446341,0.11505169517976929,0.030766590383062852,0.10549335385566785,0.2946114121733953,0.26232464676193246,,,
city,nominal,broad_tail,Beijing,400896,24,0.09777257177993193,0.10026034456457722,0.13116079613443346,0.15514580254157181,0.02654204231054885,0.07123052946938309,0.02562512226604346,0.07463522229853375,0.14960876634954903,0.1695036192224985,,,
city,nominal,broad_tail,Guangzhou,400896,24,0.11981653445883837,0.11624630182418833,0.16046922070732478,0.1861789619465624,0.030731102516545518,0.08908543194229283,0.03108850232607589,0.08515779949811243,0.20889385256325568,0.19961129320626744,,,
city,nominal,broad_tail,Houston,400896,24,0.11783777654263565,0.1131854608614049,0.15676753807374474,0.17775514726438899,0.031289105045116346,0.08654867149751932,0.031422254997442056,0.08176320586396285,0.1961422477596002,0.18720828093924638,,,
city,nominal,broad_tail,Kolkata,400896,24,0.14360100445086066,0.14074092752080747,0.1970488772042645,0.2294143621828228,0.028754701679914185,0.11484630277094646,0.029304370246838747,0.11143655727396876,0.28815747272003106,0.2769209064718223,,,
city,nominal,broad_tail,Phoenix,400896,24,0.1401528798579484,0.12951032460791173,0.2036856315835174,0.2406129877287955,0.029910931011617212,0.11024194884633119,0.03176257839700351,0.09774774621090822,0.2852756445149744,0.24310625735084693,,,
city,nominal,outermost,Ahmedabad,400896,24,0.03613359829917199,0.03251983435487625,0.06408770723028769,0.08229451078461612,0.0025764102077726245,0.03355718809139937,0.002600581451876193,0.02991925290300005,0.2946114121733953,0.26232464676193246,,,
city,nominal,outermost,Beijing,400896,24,0.02363854613559249,0.023745341910546926,0.03600000921769324,0.045187085272933976,0.0027754021565126376,0.020863143979079856,0.002727555162192313,0.021017786748354618,0.14960876634954903,0.1695036192224985,,,
city,nominal,outermost,Guangzhou,400896,24,0.030433025256758766,0.02900420116135513,0.045522298402386925,0.055991283507849036,0.002659773025620002,0.027773252231138763,0.002671677800759313,0.02633252336059581,0.20889385256325568,0.19961129320626744,,,
city,nominal,outermost,Houston,400896,24,0.02985279124184788,0.02808732579276139,0.04491900151404667,0.05404850208820957,0.0027159331114882555,0.02713685813035962,0.002721443054463874,0.025365882738297523,0.1961422477596002,0.18720828093924638,,,
city,nominal,outermost,Kolkata,400896,24,0.037188457149457836,0.03570043329800198,0.057422211641826475,0.07081847260822456,0.0025520419902522974,0.034636415159205534,0.002588239961860073,0.03311219333614191,0.28815747272003106,0.2769209064718223,,,
city,nominal,outermost,Phoenix,400896,24,0.030825287833484327,0.02662303254885601,0.055871837986092736,0.07353353155123177,0.0026691108357930126,0.028156176997691313,0.0027222447483314545,0.023900787800524556,0.2852756445149744,0.24310625735084693,,,
city,ordinal,broad_tail,Ahmedabad,400896,24,0.13027946704866408,0.12159465318622986,0.20364267384862872,0.24848039208963166,0.02675575233409025,0.10352371471457382,0.027573988087779215,0.09402066509845067,0.33286768682052426,0.2989184523126115,,,
city,ordinal,broad_tail,Beijing,400896,24,0.09484284136072989,0.09697641868180017,0.12328681725627871,0.14626126978405551,0.026063241525732472,0.06877959983499742,0.024694282769175947,0.07228213591262424,0.16961020716898123,0.19857801498333466,,,
city,ordinal,broad_tail,Guangzhou,400896,24,0.10718340451902635,0.10394432069035008,0.14332092879261996,0.16957203140133578,0.028251170225662373,0.07893223429336398,0.02832215472641397,0.07562216596393609,0.255112872957223,0.24789102341101463,,,
city,ordinal,broad_tail,Houston,400896,24,0.10438902887565926,0.10070245977721233,0.13816898372811795,0.15995907423190295,0.028801231591265533,0.07558779728439373,0.028589101475723515,0.07211335830148882,0.2386485708700305,0.23337382962078948,,,
city,ordinal,broad_tail,Kolkata,400896,24,0.12761137963334085,0.12486891968888023,0.17710079487558492,0.21174223336804063,0.025994169739777615,0.10161720989356322,0.026336763226911163,0.09853215646196907,0.33225123163343384,0.32184169428341575,,,
city,ordinal,broad_tail,Phoenix,400896,24,0.12915778043034415,0.1171628283258965,0.19782628927542945,0.23772960871376744,0.027441130943687053,0.1017166494866571,0.028701551066926328,0.08846127725897016,0.29495131191483837,0.24895954685061264,,,
city,ordinal,outermost,Ahmedabad,400896,24,0.0306263244346637,0.02744145130902031,0.05575340755743451,0.07320123803164225,0.0024188101049539353,0.028207514329709762,0.0024412162484929926,0.025000235060527322,0.33286768682052426,0.2989184523126115,,,
city,ordinal,outermost,Beijing,400896,24,0.02038485907538896,0.020301352609547362,0.030745188248110154,0.038636364470691326,0.0027054681000486234,0.017679390975340336,0.0026330812173940743,0.017668271392153285,0.16961020716898123,0.19857801498333466,,,
city,ordinal,outermost,Guangzhou,400896,24,0.02504331616276263,0.023795944722973375,0.037848840830481636,0.047659855805908154,0.002523881792610311,0.02251943437015232,0.002515742289854177,0.021280202433119202,0.255112872957223,0.24789102341101463,,,
city,ordinal,outermost,Houston,400896,24,0.023921115970362433,0.022550778537720025,0.036343052354173726,0.045586473910572876,0.0025733343051815433,0.021347781665180882,0.002560116182925805,0.01999066235479422,0.2386485708700305,0.23337382962078948,,,
city,ordinal,outermost,Kolkata,400896,24,0.030623928559427027,0.02892931943508322,0.04852165207083574,0.06221431027869336,0.0023446421317621664,0.02827928642766486,0.0023579033411279663,0.02657141609395526,0.33225123163343384,0.32184169428341575,,,
city,ordinal,outermost,Phoenix,400896,24,0.02850761000380935,0.02453837359390367,0.05379317047484757,0.07234357216909566,0.0025676138353643496,0.025939996168444997,0.0026101633415275462,0.021928210252376124,0.29495131191483837,0.24895954685061264,,,
city,stored_ordinal,broad_tail,Ahmedabad,400896,24,0.13166756221165812,0.12304188151611194,0.2053065653923839,0.25032841014301865,,,,,0.3387237379547524,0.30526694646648467,,,
city,stored_ordinal,broad_tail,Beijing,400896,24,0.09515610635915592,0.09735141526083807,0.1236966555395888,0.14683933869072693,,,,,0.17010140635748452,0.1996666043934373,,,
city,stored_ordinal,broad_tail,Guangzhou,400896,24,0.10815449750786083,0.10498215750303637,0.14452777526954716,0.17085801100742634,,,,,0.25917930715258847,0.25246899184634286,,,
city,stored_ordinal,broad_tail,Houston,400896,24,0.10516571241544843,0.10156636897715153,0.13917810852970014,0.161071886002605,,,,,0.24162102652310372,0.2370008275950445,,,
city,stored_ordinal,broad_tail,Kolkata,400896,24,0.12886134441343283,0.1261962007989796,0.17858230667937736,0.21331697583495318,,,,,0.3374512991559961,0.3275305429606655,,,
city,stored_ordinal,broad_tail,Phoenix,400896,24,0.1301684671351598,0.11816288524824133,0.1991368217021579,0.23914697161426826,,,,,0.29966208263635036,0.2541163388696124,,,
time_slice,no_pmv_ordinal,broad_tail,,601344,36,0.10879508536801154,0.10412358314222529,0.1546788367740283,0.18653935852170564,0.02631037784929328,0.08248470751871825,0.02627479786562133,0.07784878527660397,0.2549361743344551,0.24242409567968573,baseline_2020s,,
time_slice,no_pmv_ordinal,broad_tail,,601344,36,0.14271122349589677,0.13697325868541807,0.20162602415684816,0.23851542459360667,0.024205977505606355,0.11850524599029041,0.02439140606448444,0.11258185262093363,0.37853186867280086,0.35964100319124004,late_2080s,,
time_slice,no_pmv_ordinal,broad_tail,,601344,36,0.12255723673482732,0.1173367199386474,0.17409472594941158,0.20771492823542156,0.02526691101990158,0.09729032571492577,0.02536061298637525,0.09197610695227215,0.30696903389237484,0.2909992150638172,mid_2050s,,
time_slice,no_pmv_ordinal,broad_tail,,601344,36,0.10885580282176327,0.10405051168134827,0.15483676477730274,0.1865744693429796,0.026450787924842078,0.08240501489692122,0.026440967931532743,0.07760954374981552,0.25359421773964697,0.24042730443671756,near_2030s,,
time_slice,nominal,broad_tail,,601344,36,0.11375975321375686,0.10945806874601523,0.16018107892896055,0.18917964758842806,0.030186429298168362,0.08357332391558851,0.030664290044035546,0.0787937787019797,0.19539506950864283,0.18329554909666884,baseline_2020s,,
time_slice,nominal,broad_tail,,601344,36,0.15187445085715037,0.14701356577345573,0.21033121582481268,0.24356192226917922,0.02789034799309415,0.12398410286405626,0.028553041441454027,0.11846052433200169,0.31446593565183356,0.29794733668374324,late_2080s,,
time_slice,nominal,broad_tail,,601344,36,0.1293316241516008,0.12458323298969444,0.18075055734224182,0.21130036936163557,0.029139888382979238,0.1001917357686216,0.02970599281734134,0.09487724017235316,0.2447774552567637,0.22999818971107028,mid_2050s,,
time_slice,nominal,broad_tail,,601344,36,0.1141597108671237,0.10974733490258146,0.16023469864863588,0.1890959309098738,0.030572486944561935,0.08358722392256179,0.031056288108146778,0.0786910467944347,0.19382113696996373,0.18120892714359366,near_2030s,,
time_slice,nominal,outermost,,601344,36,0.027921342207671476,0.026117850642793972,0.04528063378577025,0.05734683236592502,0.0026926754121199404,0.025228666795551535,0.00269319866435182,0.023424651978442155,0.19539506950864283,0.18329554909666884,baseline_2020s,,
time_slice,nominal,outermost,,601344,36,0.03767416376326645,0.03522950322863615,0.06039773507465865,0.07518533690334273,0.002577031174912247,0.0350971325883542,0.0026123792025932223,0.03261712402604292,0.31446593565183356,0.29794733668374324,late_2080s,,
time_slice,nominal,outermost,,601344,36,0.031908949893067,0.029760006121731634,0.051588683760041436,0.06457541295799922,0.0026486710764747623,0.029260278816592225,0.0026677838172320537,0.02709222230449958,0.2447774552567637,0.22999818971107028,mid_2050s,,
time_slice,nominal,outermost,,601344,36,0.02787668141353728,0.026012752717770038,0.0452816580410855,0.057474674981443125,0.0027140698881189364,0.025162611525418342,0.0027144664354783834,0.023298286282291653,0.19382113696996373,0.18120892714359366,near_2030s,,
time_slice,ordinal,broad_tail,,601344,36,0.10426582063075603,0.10000228358208871,0.14807678376131383,0.1781330534826996,0.027950489496210432,0.07631533113454558,0.027993615885651038,0.07200866769643767,0.23102832406361612,0.22138166376729188,baseline_2020s,,
time_slice,ordinal,broad_tail,,601344,36,0.13627590094080544,0.1309912506657234,0.192625687268369,0.22757115560413668,0.02564642729355208,0.1106294736472534,0.02593689966018544,0.10505435100553796,0.3435618022454178,0.3276565344247741,late_2080s,,
time_slice,ordinal,broad_tail,,601344,36,0.11730474844702721,0.11248025967504974,0.16650742276740965,0.19834817571277585,0.02693793343073222,0.09036681501629497,0.027123423025674463,0.08535683664937527,0.2782431179754552,0.2649606724079314,mid_2050s,,
time_slice,ordinal,broad_tail,,601344,36,0.10446279789325437,0.10002593964405095,0.14835443138734733,0.17844402159287717,0.02833628068631546,0.0761265172069389,0.02842462233044248,0.07160131731360847,0.22946134329219842,0.21904283704118843,near_2030s,,
time_slice,ordinal,outermost,,601344,36,0.023751342306285696,0.022184223591151277,0.039030085053003545,0.05064427404172043,0.0025869416467717236,0.021164400659513978,0.002574414742413244,0.01960980884873803,0.23102832406361612,0.22138166376729188,baseline_2020s,,
time_slice,ordinal,outermost,,601344,36,0.031680381292671075,0.02914639461063551,0.05258996391517996,0.06751188359767073,0.002393476297193433,0.02928690499547764,0.002407538662832501,0.026738855947803012,0.3435618022454178,0.3276565344247741,late_2080s,,
time_slice,ordinal,outermost,,601344,36,0.02688064830176945,0.02489034762487808,0.044524320167183835,0.0573017878459963,0.0025130460522590214,0.024367602249510435,0.0025132386989332044,0.022377108925944876,0.2782431179754552,0.2649606724079314,mid_2050s,,
time_slice,ordinal,outermost,,601344,36,0.023759064236883166,0.022150514312167118,0.039192505221888205,0.05096993095901498,0.0025957028503897747,0.02116336138649339,0.002583622976702758,0.019566891335464364,0.22946134329219842,0.21904283704118843,near_2030s,,
time_slice,stored_ordinal,broad_tail,,601344,36,0.10509775291547609,0.1008938228037394,0.14916847242513628,0.17936719929137365,,,,,0.23450560766305012,0.2254086485192387,baseline_2020s,,
time_slice,stored_ordinal,broad_tail,,601344,36,0.1374109080210387,0.13217685518895733,0.1939286591609971,0.22897046063568177,,,,,0.34801159704021156,0.33260339550203927,late_2080s,,
time_slice,stored_ordinal,broad_tail,,601344,36,0.11829659804089405,0.11352768636757089,0.16772111656502064,0.19968462734845968,,,,,0.2822657410579278,0.2695140008315967,mid_2050s,,
time_slice,stored_ordinal,broad_tail,,601344,36,0.10531053438440183,0.10093557517597161,0.1494672405906828,0.17968544158648378,,,,,0.23304296075899425,0.2231741232348501,near_2030s,,
scenario_time_slice,no_pmv_ordinal,broad_tail,,300672,18,0.10739179870032325,0.10276422992284433,0.1534840525401541,0.18555151196026354,0.02620332570974609,0.08118847299057716,0.026206329886596328,0.076557900036248,0.25218656104934223,0.23931765643678826,baseline_2020s,ssp245,
scenario_time_slice,no_pmv_ordinal,broad_tail,,300672,18,0.12848739367807951,0.12267432791335371,0.18425249213639414,0.21920819879062636,0.024972858815463243,0.10351453486261626,0.025136794428247306,0.09753753348510644,0.32893002131686644,0.31042153097327624,late_2080s,ssp245,
scenario_time_slice,no_pmv_ordinal,broad_tail,,300672,18,0.11845475829506749,0.11325469552014344,0.16829751409597318,0.20092940749010232,0.025347878844296422,0.09310687945077106,0.025470401564034368,0.08778429395610908,0.2949607457206494,0.27866461238817963,mid_2050s,ssp245,
scenario_time_slice,no_pmv_ordinal,broad_tail,,300672,18,0.1092413407010406,0.10444581555155436,0.15541427416314743,0.18714194857335784,0.026371189132413715,0.0828701515686269,0.02636587575462953,0.07807993979692483,0.25609435641009093,0.24282987521289087,near_2030s,ssp245,
scenario_time_slice,no_pmv_ordinal,broad_tail,,300672,18,0.11019837203569982,0.10548293636160626,0.1558736210079025,0.18752720508314769,0.026417429988840467,0.08378094204685937,0.026343265844646333,0.07913967051695994,0.2576857876195679,0.24553053492258314,baseline_2020s,ssp585,
scenario_time_slice,no_pmv_ordinal,broad_tail,,300672,18,0.15693505331371405,0.15127218945748236,0.21899955617730232,0.2578226503965869,0.023439096195749465,0.13349595711796455,0.023646017700721573,0.1276261717567608,0.4281337160287353,0.4088604754092037,late_2080s,ssp585,
scenario_time_slice,no_pmv_ordinal,broad_tail,,300672,18,0.12665971517458718,0.12141874435715136,0.17989193780285,0.21450044898074083,0.025185943195506738,0.10147377197908045,0.02525082440871613,0.09616791994843524,0.3189773220641003,0.30333381773945467,mid_2050s,ssp585,
scenario_time_slice,no_pmv_ordinal,broad_tail,,300672,18,0.10847026494248595,0.10365520781114215,0.15425925539145807,0.18600699011260147,0.02653038671727044,0.08193987822521552,0.02651606010843596,0.07713914770270619,0.25109407906920295,0.23802473366054433,near_2030s,ssp585,
scenario_time_slice,nominal,broad_tail,,300672,18,0.1118993119813329,0.10753347807947904,0.15869544545812383,0.1877972730275607,0.03010152634126088,0.08179778564007202,0.030610967206319322,0.07692251087315971,0.19173008666761038,0.17910934441999773,baseline_2020s,ssp245,
scenario_time_slice,nominal,broad_tail,,300672,18,0.1358845280338227,0.1306204067122646,0.19131808364165315,0.22298098755705614,0.028740182573289023,0.1071443454605337,0.029386635883710273,0.10123377082855431,0.2662465911343919,0.2491867454028463,late_2080s,ssp245,
scenario_time_slice,nominal,broad_tail,,300672,18,0.12500928639512834,0.12013440852382987,0.17458514316895202,0.204141548989149,0.029329033989208383,0.09568025240591999,0.029920564161756886,0.090213844362073,0.23277799188603884,0.21751385095789139,mid_2050s,ssp245,
scenario_time_slice,nominal,broad_tail,,300672,18,0.11481241651498052,0.11037559152398442,0.16117443979384988,0.19011731193580142,0.030571994842877287,0.08424042167210323,0.031060871186194775,0.07931472033778969,0.1956675861150439,0.18297648405992364,near_2030s,ssp245,
scenario_time_slice,nominal,broad_tail,,300672,18,0.11562019444618081,0.11138265941255146,0.16166671239979727,0.19056202214929543,0.030271332255075837,0.08534886219110499,0.030717612881751753,0.08066504653079969,0.1990600523496753,0.18748175377333998,baseline_2020s,ssp585,
scenario_time_slice,nominal,broad_tail,,300672,18,0.16786437368047805,0.16340672483464683,0.22934434800797215,0.2641428569813025,0.02704051341289929,0.14082386026757876,0.027719446999197775,0.1356872778354491,0.36268528016927526,0.3467079279646402,late_2080s,ssp585,
scenario_time_slice,nominal,broad_tail,,300672,18,0.1336539619080733,0.12903205745555912,0.18691597151553163,0.21845918973412215,0.02895074277675009,0.10470321913132322,0.02949142147292579,0.0995406359826333,0.2567769186274885,0.24248252846424917,mid_2050s,ssp585,
scenario_time_slice,nominal,broad_tail,,300672,18,0.11350700521926692,0.10911907828117848,0.15929495750342187,0.1880745498839462,0.03057297904624658,0.08293402617302033,0.031051705030098787,0.07806737325107967,0.19197468782488353,0.1794413702272636,near_2030s,ssp585,
scenario_time_slice,nominal,outermost,,300672,18,0.027607676639615903,0.025782041838677237,0.04501717292355224,0.056906025443580824,0.0026780660849067173,0.024929610554709186,0.002682533879379796,0.02309950795929744,0.19173008666761038,0.17910934441999773,baseline_2020s,ssp245,
scenario_time_slice,nominal,outermost,,300672,18,0.03372566970322714,0.03129209753307398,0.05482250083784361,0.0681822566536214,0.002619183565618049,0.031106486137609093,0.002644425231583722,0.028647672301490255,0.2662465911343919,0.2491867454028463,late_2080s,ssp245,
scenario_time_slice,nominal,outermost,,300672,18,0.030956141919081703,0.02879027138794583,0.04993047601557101,0.062329917022326486,0.0026393107594054658,0.02831683115967623,0.0026574172713778542,0.026132854116567978,0.23277799188603884,0.21751385095789139,mid_2050s,ssp245,
scenario_time_slice,nominal,outermost,,300672,18,0.028054735543627637,0.026177169219902364,0.04555095205911398,0.05776210712285977,0.0027111927643802534,0.02534354277924738,0.00271447764291299,0.02346269157698937,0.1956675861150439,0.18297648405992364,near_2030s,ssp245,
scenario_time_slice,nominal,outermost,,300672,18,0.02823500777572704,0.02645365944691071,0.04554409464798825,0.0577876392882692,0.002707284739333163,0.02552772303639388,0.002703863449323843,0.02374979599758686,0.1990600523496753,0.18748175377333998,baseline_2020s,ssp585,
scenario_time_slice,nominal,outermost,,300672,18,0.041622657823305764,0.03916690892419831,0.06597296931147369,0.082188417153064,0.002534878784206445,0.03908777903909931,0.0025803331736027222,0.03658657575059559,0.36268528016927526,0.3467079279646402,late_2080s,ssp585,
scenario_time_slice,nominal,outermost,,300672,18,0.032861757867052276,0.030729740855517447,0.05324689150451187,0.06682090889367194,0.0026580313935440584,0.030203726473508215,0.0026781503630862544,0.028051590492431187,0.2567769186274885,0.24248252846424917,mid_2050s,ssp585,
scenario_time_slice,nominal,outermost,,300672,18,0.027698627283446926,0.02584833621563771,0.04501236402305699,0.05718724284002646,0.00271694701185762,0.024981680271589302,0.002714455228043778,0.023133880987593933,0.19197468782488353,0.1794413702272636,near_2030s,ssp585,
scenario_time_slice,ordinal,broad_tail,,300672,18,0.1029736313478446,0.09871137582415872,0.14720936106811,0.17741492680550058,0.02788638957159001,0.07508724177625459,0.027960308987123296,0.0707510668370354,0.2290586164144259,0.21886059156287224,baseline_2020s,ssp245,
scenario_time_slice,ordinal,broad_tail,,300672,18,0.122893971999745,0.11752579661951808,0.17608100167040555,0.209070291692449,0.026552740532005157,0.0963412314677398,0.026810141221451197,0.09071565539806686,0.2991536160878902,0.28355398562598183,late_2080s,ssp245,
scenario_time_slice,ordinal,broad_tail,,300672,18,0.11331045819351533,0.10842750782676183,0.16101964724665901,0.1918806650388589,0.027126964832820784,0.08618349336069457,0.027336329260330645,0.08109117856643118,0.2676733880943004,0.25381234575585937,mid_2050s,ssp245,
scenario_time_slice,ordinal,broad_tail,,300672,18,0.1048308860254624,0.1004247195920505,0.14878055297286083,0.17905993831364492,0.028277030780496967,0.07655385524496543,0.028371412984292434,0.07205330660775808,0.23138749033944447,0.22083958025985542,near_2030s,ssp245,
scenario_time_slice,ordinal,broad_tail,,300672,18,0.10555800991366747,0.10129319134001873,0.1489442064545176,0.17885118015989865,0.02801458942083086,0.0775434204928366,0.028026922784178787,0.07326626855583995,0.23299803171280628,0.22390273597171143,baseline_2020s,ssp585,
scenario_time_slice,ordinal,broad_tail,,300672,18,0.14965782988186596,0.1444567047119287,0.2091703728663324,0.24607201951582436,0.024740114055099002,0.12491771582676695,0.025063658098919687,0.11939304661300902,0.38796998840294544,0.3717590832235664,late_2080s,ssp585,
scenario_time_slice,ordinal,broad_tail,,300672,18,0.121299038700539,0.11653301152333766,0.17199519828816026,0.20481568638669284,0.02674890202864366,0.09455013667189537,0.026910516791018285,0.08962249473231937,0.2888128478566101,0.27610899906000325,mid_2050s,ssp585,
scenario_time_slice,ordinal,broad_tail,,300672,18,0.10409470976104637,0.09962715969605138,0.14792830980183386,0.17782810487210937,0.028395530592133962,0.0756991791689124,0.028477831676592524,0.07114932801945886,0.22753519624495233,0.21724609382252152,near_2030s,ssp585,
scenario_time_slice,ordinal,outermost,,300672,18,0.02360239528712771,0.022042277856008725,0.038889168517521756,0.05037153206107404,0.002589288274109249,0.021013107013018457,0.002577555554948984,0.019464722301059736,0.2290586164144259,0.21886059156287224,baseline_2020s,ssp245,
scenario_time_slice,ordinal,outermost,,300672,18,0.028319735242244713,0.02603444701946118,0.047344242012614356,0.06058650801825092,0.002476921666515456,0.02584281357572925,0.0024849601050641705,0.02354948691439701,0.2991536160878902,0.28355398562598183,late_2080s,ssp245,
scenario_time_slice,ordinal,outermost,,300672,18,0.026310457456583513,0.024339572478543032,0.043400868389980786,0.05574722347822002,0.0025241565818810274,0.023786300874702484,0.0025248953534079284,0.021814677125135105,0.2676733880943004,0.25381234575585937,mid_2050s,ssp245,
scenario_time_slice,ordinal,outermost,,300672,18,0.023842836858428352,0.022218720075869516,0.03930472225149162,0.05116081911954218,0.002588350847931721,0.021254486010496634,0.0025793900086611937,0.01963933006720833,0.23138749033944447,0.22083958025985542,near_2030s,ssp245,
scenario_time_slice,ordinal,outermost,,300672,18,0.023900289325443688,0.022326169326293825,0.03917100158848533,0.05091701602236681,0.002584595019434199,0.021315694306009485,0.0025712739298775033,0.01975489539641632,0.23299803171280628,0.22390273597171143,baseline_2020s,ssp585,
scenario_time_slice,ordinal,outermost,,300672,18,0.03504102734309744,0.03225834220180984,0.05783568581774557,0.07443725917709051,0.002310030927871409,0.03273099641522603,0.0023301172206008323,0.029928224981209006,0.38796998840294544,0.3717590832235664,late_2080s,ssp585,
scenario_time_slice,ordinal,outermost,,300672,18,0.02745083914695539,0.025441122771213128,0.04564777194438691,0.05885635221377258,0.0025019355226370155,0.024948903624318376,0.002501582044458481,0.022939540726754647,0.2888128478566101,0.27610899906000325,mid_2050s,ssp585,
scenario_time_slice,ordinal,outermost,,300672,18,0.023675291615337976,0.022082308548464713,0.03908028819228479,0.050779042798487786,0.002603054852847828,0.021072236762490152,0.002587855944744322,0.019494452603720392,0.22753519624495233,0.21724609382252152,near_2030s,ssp585,
scenario_time_slice,stored_ordinal,broad_tail,,300672,18,0.10380957702028465,0.0996075361845348,0.1483193036689251,0.17866789913509512,,,,,0.23257098563232712,0.22292443084265526,baseline_2020s,ssp245,
scenario_time_slice,stored_ordinal,broad_tail,,300672,18,0.12394187264955026,0.11862708918978594,0.177339214811165,0.21044381467319812,,,,,0.3033494963049334,0.2882803367230996,late_2080s,ssp245,
scenario_time_slice,stored_ordinal,broad_tail,,300672,18,0.11424529942987142,0.10942635379518001,0.16218600024910554,0.19319794784123928,,,,,0.2715288007457526,0.25822596529134006,mid_2050s,ssp245,
scenario_time_slice,stored_ordinal,broad_tail,,300672,18,0.10569107740925204,0.10134996524225502,0.14990661752876852,0.18030817546363664,,,,,0.2350098453702085,0.22501166489010946,near_2030s,ssp245,
scenario_time_slice,stored_ordinal,broad_tail,,300672,18,0.10638592881066751,0.10218010942294402,0.1500176411813475,0.18006649944765216,,,,,0.23644022969377315,0.22789286619582222,baseline_2020s,ssp585,
scenario_time_slice,stored_ordinal,broad_tail,,300672,18,0.15087994339252714,0.14572662118812868,0.21051810351082922,0.24749710659816546,,,,,0.39267369777548966,0.37692645428097893,late_2080s,ssp585,
scenario_time_slice,stored_ordinal,broad_tail,,300672,18,0.12234789665191659,0.11762901893996175,0.17325623288093578,0.20617130685568014,,,,,0.29300268137010294,0.2808020363718533,mid_2050s,ssp585,
scenario_time_slice,stored_ordinal,broad_tail,,300672,18,0.1049299913595516,0.1005211851096882,0.149027863652597,0.17906270770933094,,,,,0.23107607614778,0.2213365815795908,near_2030s,ssp585,
scenario_time_slice_severity,no_pmv_ordinal,broad_tail,,100224,6,0.11117312332386929,0.10640698513291318,0.15845307737121653,0.19129603193316025,0.026146442974642692,0.08502668034922661,0.026128482255126317,0.08027850287778686,0.26461218098920225,0.25194685519095344,baseline_2020s,ssp245,heatwave_extreme
scenario_time_slice_severity,no_pmv_ordinal,broad_tail,,100224,6,0.10922113594577709,0.10442000524085734,0.156571555559072,0.1895624869454895,0.025950116950756847,0.08327101899502026,0.02596821121159076,0.07845179402926658,0.2599337260753713,0.24626350062829042,baseline_2020s,ssp245,hot
scenario_time_slice_severity,no_pmv_ordinal,broad_tail,,100224,6,0.10178113683132334,0.09746569939476249,0.14542752469017373,0.17579601700214084,0.026513417203838725,0.07526771962748462,0.0265222961930719,0.0709434032016906,0.23201377608345294,0.21974261349112084,baseline_2020s,ssp245,typical
scenario_time_slice_severity,no_pmv_ordinal,broad_tail,,100224,6,0.13428575386463518,0.12823152084210127,0.19251469636475074,0.2280610277429865,0.024765662826063215,0.10952009103857197,0.024944838314211727,0.10328668252788956,0.34992664730948336,0.33047869777523975,late_2080s,ssp245,heatwave_extreme
scenario_time_slice_severity,no_pmv_ordinal,broad_tail,,100224,6,0.13009103945469538,0.12382179242932576,0.18892410318916508,0.22582479672269176,0.02466610964723873,0.10542492980745664,0.024956810017336326,0.09886498241198942,0.33642769387317617,0.3154412496344752,late_2080s,ssp245,hot
scenario_time_slice_severity,no_pmv_ordinal,broad_tail,,100224,6,0.12108538771490793,0.1159696704686342,0.17131867685526658,0.2037387719062008,0.025486803973087783,0.09559858374182018,0.025508734953193866,0.09046093551544031,0.30043572276793984,0.2853446455101137,late_2080s,ssp245,typical
scenario_time_slice_severity,no_pmv_ordinal,broad_tail,,100224,6,0.12253431669232238,0.1174570415496093,0.17252599532324003,0.20518864482690272,0.025121866633916533,0.09741245005840586,0.02522195055528724,0.09223509099432205,0.3102717202137439,0.29432784807054213,mid_2050s,ssp245,heatwave_extreme
scenario_time_slice_severity,no_pmv_ordinal,broad_tail,,100224,6,0.12220197966169455,0.11653130392224863,0.174198807828224,0.2076996321112765,0.025019283034892602,0.09718269662680196,0.025224923608530528,0.09130638031371811,0.3109979717436587,0.2922433962449652,mid_2050s,ssp245,hot
scenario_time_slice_severity,no_pmv_ordinal,broad_tail,,100224,6,0.11062797853118549,0.10577574108857242,0.15816773913645538,0.18989994553212763,0.02590248686408012,0.08472549166710537,0.025964330528285343,0.07981141056028707,0.2636125452045455,0.24942259284903165,mid_2050s,ssp245,typical
scenario_time_slice_severity,no_pmv_ordinal,broad_tail,,100224,6,0.10964379622400494,0.1047444278542116,0.15538394985763143,0.18620372196627596,0.02661521941291338,0.08302857681109158,0.026582656541327767,0.07816177131288386,0.25459624704612555,0.24123180717146508,near_2030s,ssp245,heatwave_extreme
scenario_time_slice_severity,no_pmv_ordinal,broad_tail,,100224,6,0.11416400495146126,0.10910898800114621,0.16332472185423966,0.19654442159689814,0.025546456986214265,0.08861754796524701,0.02567284520761702,0.0834361427935292,0.2791371972225073,0.26359413840993307,near_2030s,ssp245,hot
scenario_time_slice_severity,no_pmv_ordinal,broad_tail,,100224,6,0.10391622092765564,0.09948403079930523,0.14753415077757107,0.17867770215689938,0.02695189099811349,0.07696432992954215,0.026842125514943804,0.07264190528436142,0.23454962496164,0.22366368005727447,near_2030s,ssp245,typical
scenario_time_slice_severity,no_pmv_ordinal,broad_tail,,100224,6,0.11330938281167409,0.1085506453528739,0.15970687901056393,0.19115271931781705,0.026336471451391008,0.08697291136028308,0.026275869422790844,0.08227477593008307,0.27082807508815937,0.2586530340120424,baseline_2020s,ssp585,heatwave_extreme
scenario_time_slice_severity,no_pmv_ordinal,broad_tail,,100224,6,0.11291537304755404,0.10801398384814762,0.15987078849869188,0.1929882235218104,0.026101259705188264,0.08681411334236579,0.026038996549807698,0.08197498729833995,0.26778561284985697,0.25487345422255125,baseline_2020s,ssp585,hot
scenario_time_slice_severity,no_pmv_ordinal,broad_tail,,100224,6,0.10437036024787137,0.09988417988379719,0.14804319551445164,0.17844067240981573,0.026814558809942126,0.07755580143792926,0.026714931561340454,0.07316924832245676,0.2344436749206875,0.22306511653315575,baseline_2020s,ssp585,typical
scenario_time_slice_severity,no_pmv_ordinal,broad_tail,,100224,6,0.1643732296529419,0.15892573822440223,0.227640957649849,0.2668667488331046,0.02325067595733254,0.1411225536956094,0.02348509063571193,0.1354406475886903,0.4522490471853761,0.43309205889774666,late_2080s,ssp585,heatwave_extreme
scenario_time_slice_severity,no_pmv_ordinal,broad_tail,,100224,6,0.16546739466612223,0.159912244467187,0.22786290167543743,0.2667204748352488,0.022968202172911064,0.14249919249321116,0.023169327289402075,0.13674291717778492,0.45675139327698416,0.4374994843866644,late_2080s,ssp585,hot
scenario_time_slice_severity,no_pmv_ordinal,broad_tail,,100224,6,0.14096453562207792,0.13497858568085794,0.20149480920662044,0.23988072752140738,0.024098410457004806,0.11686612516507312,0.02428363517705072,0.11069495050380723,0.37540070762384553,0.3559898829432002,late_2080s,ssp585,typical
scenario_time_slice_severity,no_pmv_ordinal,broad_tail,,100224,6,0.13423167849229808,0.1287440361884409,0.19118262490495894,0.227278391645484,0.02489829923322914,0.10933337925906894,0.02498153716070308,0.1037624990277378,0.3468822951154128,0.3304716496552311,mid_2050s,ssp585,heatwave_extreme
scenario_time_slice_severity,no_pmv_ordinal,broad_tail,,100224,6,0.13255632790985436,0.12720933831828501,0.18874043209992086,0.22551121032984223,0.024725748610433734,0.10783057929942061,0.024853453820746333,0.10235588449753869,0.34077073652295076,0.3240596549363379,mid_2050s,ssp585,hot
scenario_time_slice_severity,no_pmv_ordinal,broad_tail,,100224,6,0.11319113912160908,0.10830285856472817,0.15975275640367018,0.19071174496689625,0.025933781742857334,0.08725735737875176,0.025917482244698968,0.08238537632002921,0.2692789345539372,0.25547014862679507,mid_2050s,ssp585,typical
scenario_time_slice_severity,no_pmv_ordinal,broad_tail,,100224,6,0.11000023528620656,0.10493007259830643,0.15667398579943864,0.18931278866283652,0.02656314152379094,0.08343709376241562,0.026536937992413034,0.0783931346058934,0.2537751974553431,0.2401369464800719,near_2030s,ssp585,heatwave_extreme
scenario_time_slice_severity,no_pmv_ordinal,broad_tail,,100224,6,0.11078493475479935,0.1054850777550895,0.15909054914816043,0.1925440802967244,0.02631467723722796,0.0844702575175714,0.026339980710581096,0.07914509704450841,0.260830048202997,0.2459193948038834,near_2030s,ssp585,hot
scenario_time_slice_severity,no_pmv_ordinal,broad_tail,,100224,6,0.10462562478645195,0.10055047308003054,0.1470132312267752,0.17616410137824343,0.02671334139079242,0.07791228339565953,0.02667126162231375,0.0738792114577168,0.23867699154926864,0.22801785969767763,near_2030s,ssp585,typical
scenario_time_slice_severity,nominal,broad_tail,,100224,6,0.11581386377695227,0.11126458816566748,0.16425437491199707,0.19410395353586385,0.029798591601546853,0.08601527217540542,0.030261025327505152,0.08100356283816232,0.20390468295063904,0.19130791021911156,baseline_2020s,ssp245,heatwave_extreme
scenario_time_slice_severity,nominal,broad_tail,,100224,6,0.11364998384564819,0.10907962843992179,0.1618933602606206,0.19176659790551337,0.029719178281706053,0.08393080556394213,0.030225547563450837,0.07885408087647097,0.19886818468330858,0.18551666662887062,baseline_2020s,ssp245,hot
scenario_time_slice_severity,nominal,broad_tail,,100224,6,0.10623408832139826,0.10225621763284785,0.14993860120175392,0.1775212676413048,0.030786809140529732,0.07544727918086852,0.031346328728002,0.07090988890484586,0.1724173923688835,0.16050345641201105,baseline_2020s,ssp245,typical
scenario_time_slice_severity,nominal,broad_tail,,100224,6,0.1425322769649821,0.13699689651604485,0.20037058762707224,0.23204264479552406,0.028372668092906526,0.11415960887207559,0.029045471641573284,0.10795142487447158,0.28672579045831953,0.2687879224386214,late_2080s,ssp245,heatwave_extreme
scenario_time_slice_severity,nominal,broad_tail,,100224,6,0.13754014140963972,0.13182713429002682,0.19585951120843625,0.22920121579923955,0.028464744554832395,0.10907539685480731,0.029216692808996195,0.10261044148103066,0.2734543219868809,0.25409121012792985,late_2080s,ssp245,hot
scenario_time_slice_severity,nominal,broad_tail,,100224,6,0.12758116572684633,0.12303718933072202,0.17772415208945097,0.20769910207640474,0.029383135072128145,0.09819803065471817,0.029897743200561332,0.09313944613016069,0.23855966095797523,0.22468110364198762,late_2080s,ssp245,typical
scenario_time_slice_severity,nominal,broad_tail,,100224,6,0.1300073809464929,0.12528230029954388,0.17953273229292455,0.20897042374258112,0.029020065091115394,0.10098731585537749,0.029578373059549433,0.09570392723999444,0.24851857909455968,0.23381187068656098,mid_2050s,ssp245,heatwave_extreme
scenario_time_slice_severity,nominal,broad_tail,,100224,6,0.12941575343868283,0.12408360027556575,0.18121559543048754,0.21156340251665198,0.029063423959948313,0.10035232947873451,0.029731216546896654,0.09435238372866908,0.24702452073538797,0.22963868253174685,mid_2050s,ssp245,hot
scenario_time_slice_severity,nominal,broad_tail,,100224,6,0.11560472480020938,0.11103732499637999,0.16300710178344394,0.1918908207082139,0.029903612916561437,0.08570111188364796,0.030452102878824557,0.08058522211755544,0.2027908758281689,0.18909099965536627,mid_2050s,ssp245,typical
scenario_time_slice_severity,nominal,broad_tail,,100224,6,0.11561623613761593,0.11112125844509896,0.16156931429948757,0.18966710612166618,0.030853708177983323,0.08476252795963263,0.03131151435866015,0.07980974408643884,0.19562174701888374,0.1830314297381473,near_2030s,ssp245,heatwave_extreme
scenario_time_slice_severity,nominal,broad_tail,,100224,6,0.1202560130037001,0.1154625584274528,0.17004027613977213,0.2003474484012807,0.02973018768481763,0.09052582531888248,0.03032327410579758,0.08513928432165524,0.21692359000543082,0.2020372735562011,near_2030s,ssp245,hot
scenario_time_slice_severity,nominal,broad_tail,,100224,6,0.10856500040362552,0.10454295769940154,0.1519137289422899,0.1803373812844574,0.031132088665830886,0.07743291173779461,0.03154782509412658,0.07299513260527496,0.17445742132081712,0.1638607488854226,near_2030s,ssp245,typical
scenario_time_slice_severity,nominal,broad_tail,,100224,6,0.11951045601777227,0.11518079001715144,0.16643887397603635,0.19494818968084293,0.030192947618256947,0.08931750839951533,0.030629428957930933,0.08455136105922048,0.21023505850761945,0.1986010767009699,baseline_2020s,ssp585,heatwave_extreme
scenario_time_slice_severity,nominal,broad_tail,,100224,6,0.11835271133598657,0.11402654211166773,0.1656895405457884,0.1956745590152864,0.029898680052508356,0.08845403128347822,0.030381703188253867,0.08364483892341384,0.20848706528804797,0.19630789713506497,baseline_2020s,ssp585,hot
scenario_time_slice_severity,nominal,broad_tail,,100224,6,0.10899741598478362,0.10494064610883523,0.152871722677567,0.18106331775175702,0.0307223690944622,0.07827504689032141,0.03114170649907047,0.07379893960976475,0.17845803325335846,0.1675362874839851,baseline_2020s,ssp585,typical
scenario_time_slice_severity,nominal,broad_tail,,100224,6,0.17637485981147324,0.17225148468373674,0.2388379235679709,0.2739019163235015,0.026685027629165782,0.14968983218230744,0.027398016570948997,0.14485346811278776,0.387691398276632,0.37222296131462296,late_2080s,ssp585,heatwave_extreme
scenario_time_slice_severity,nominal,broad_tail,,100224,6,0.1770150033207678,0.17310521369789778,0.2380442069342571,0.2724972061451642,0.02637785089337419,0.15063715242739362,0.027075657709187555,0.14602955598871023,0.3911942668948086,0.37612222013229035,late_2080s,ssp585,hot
scenario_time_slice_severity,nominal,broad_tail,,100224,6,0.1502032579091931,0.14486347612230607,0.21115091352168847,0.24602944847524166,0.028058661716157896,0.12214459619303521,0.02868466671745677,0.1161788094048493,0.3091701753363851,0.29177860244700726,late_2080s,ssp585,typical
scenario_time_slice_severity,nominal,broad_tail,,100224,6,0.1424322076265,0.1376736190218863,0.1991175237629198,0.23211536487123371,0.028633485043304877,0.11379872258319512,0.029217350576029512,0.10845626844585679,0.2830806387232273,0.26804812884392604,mid_2050s,ssp585,heatwave_extreme
scenario_time_slice_severity,nominal,broad_tail,,100224,6,0.14031728340962613,0.13572998011519954,0.19670283177472947,0.23028063752691894,0.02848662722805906,0.11183065618156707,0.029103031641077373,0.10662694847412219,0.2776901161318544,0.2625973359397401,mid_2050s,ssp585,hot
scenario_time_slice_severity,nominal,broad_tail,,100224,6,0.11821239468809379,0.1136925732295914,0.16492755900894565,0.19298156680421363,0.029732116058886333,0.08848027862920749,0.03015388220167048,0.08353869102792094,0.20956000102738376,0.19680212060908137,mid_2050s,ssp585,typical
scenario_time_slice_severity,nominal,broad_tail,,100224,6,0.11541568973854019,0.11086363263183856,0.16234118943754314,0.19135091183156766,0.03074065092486245,0.08467503881367773,0.031202117093090394,0.0796615155387482,0.19475980955276234,0.18169744967138307,near_2030s,ssp585,heatwave_extreme
scenario_time_slice_severity,nominal,broad_tail,,100224,6,0.11617349806927667,0.11133772379284211,0.1646863309843466,0.19554306508993022,0.030520389153599486,0.08565310891567718,0.031048951883700493,0.08028877190914162,0.1995656679476651,0.18517186987433307,near_2030s,ssp585,hot
scenario_time_slice_severity,nominal,broad_tail,,100224,6,0.10893182784998388,0.10515587841885471,0.15085735208837586,0.17732967273034073,0.0304578970602778,0.07847393078970609,0.030904046113505473,0.07425183230534925,0.18159858597422313,0.17145479113607467,near_2030s,ssp585,typical
scenario_time_slice_severity,nominal,outermost,,100224,6,0.028737103336393073,0.026874143166598093,0.046612553675637824,0.05860773883565378,0.0026680514803941774,0.026069051855998896,0.0026724298960756083,0.024201713270522486,0.20390468295063904,0.19130791021911156,baseline_2020s,ssp245,heatwave_extreme
scenario_time_slice_severity,nominal,outermost,,100224,6,0.02795512352234119,0.026073729645309178,0.04579480320561388,0.058114230219457275,0.002666973807849113,0.025288149714492076,0.0026771966985368457,0.023396532946772335,0.19886818468330858,0.18551666662887062,baseline_2020s,ssp245,hot
scenario_time_slice_severity,nominal,outermost,,100224,6,0.026130803060113447,0.02439825270412443,0.042644161889405,0.05399610727563138,0.00269917296647686,0.02343163009363659,0.0026979750435269334,0.021700277660597497,0.1724173923688835,0.16050345641201105,baseline_2020s,ssp245,typical
scenario_time_slice_severity,nominal,outermost,,100224,6,0.035576292273416694,0.033014233639510046,0.057598383764896316,0.07112354077849378,0.002606554918548917,0.03296973735486778,0.002639886370669511,0.03037434726884054,0.28672579045831953,0.2687879224386214,late_2080s,ssp245,heatwave_extreme
scenario_time_slice_severity,nominal,outermost,,100224,6,0.03415888711500954,0.03152770796033317,0.056085224894307464,0.0699851083952529,0.0026141455595891597,0.03154474155542039,0.002641612266242114,0.02888609569409106,0.2734543219868809,0.25409121012792985,late_2080s,ssp245,hot
scenario_time_slice_severity,nominal,outermost,,100224,6,0.0314418297212552,0.029334350999378714,0.050783893854327015,0.06343812078711748,0.00263685021871607,0.02880497950253913,0.0026517770578395397,0.026682573941539174,0.23855966095797523,0.22468110364198762,late_2080s,ssp245,typical
scenario_time_slice_severity,nominal,outermost,,100224,6,0.03230558108467139,0.03009035881385171,0.051541746951581736,0.06394018679534756,0.002622226295752555,0.029683354788918828,0.0026439932658007905,0.027446365548050917,0.24851857909455968,0.23381187068656098,mid_2050s,ssp245,heatwave_extreme
scenario_time_slice_severity,nominal,outermost,,100224,6,0.03219302957292284,0.02985397007845493,0.05204157223334553,0.06476882105892941,0.0026305493776992636,0.029562480195223576,0.0026564261189444254,0.027197543959510507,0.24702452073538797,0.22963868253174685,mid_2050s,ssp245,hot
scenario_time_slice_severity,nominal,outermost,,100224,6,0.028369815099650874,0.02642648527153085,0.04620810886178577,0.05828074321270248,0.0026651566047645797,0.025704658494886297,0.002671832429388347,0.023754652842142503,0.2027908758281689,0.18909099965536627,mid_2050s,ssp245,typical
scenario_time_slice_severity,nominal,outermost,,100224,6,0.028066061739713197,0.02616564682800895,0.045608632899231845,0.057804003250339055,0.002731198148868151,0.025334863590845046,0.0027329343070121655,0.023432712520996782,0.19562174701888374,0.1830314297381473,near_2030s,ssp245,heatwave_extreme
scenario_time_slice_severity,nominal,outermost,,100224,6,0.029608183717476665,0.027503597689168144,0.04827843741798352,0.06088599094834117,0.0026698848954039935,0.026938298822072673,0.0026877225944962444,0.024815875094671893,0.21692359000543082,0.2020372735562011,near_2030s,ssp245,hot
scenario_time_slice_severity,nominal,outermost,,100224,6,0.02648996117369303,0.024862263142529994,0.04276578586012657,0.0545963271698991,0.002732495248868616,0.023757465924824417,0.00272277602723056,0.022139487115299433,0.17445742132081712,0.1638607488854226,near_2030s,ssp245,typical
scenario_time_slice_severity,nominal,outermost,,100224,6,0.02919797446233142,0.027383446180778186,0.04676836176591276,0.05896139072259472,0.002700381324144462,0.026497593138186955,0.002700983977338311,0.02468246220343987,0.21023505850761945,0.1986010767009699,baseline_2020s,ssp585,heatwave_extreme
scenario_time_slice_severity,nominal,outermost,,100224,6,0.02888612072287963,0.02707676522792597,0.046531735474899215,0.05916331710010176,0.002706814037883661,0.026179306684995966,0.0027090443071270125,0.024367720920798957,0.20848706528804797,0.19630789713506497,baseline_2020s,ssp585,hot
scenario_time_slice_severity,nominal,outermost,,100224,6,0.026620928141970077,0.024900766932027973,0.043332186703152774,0.055238210042111144,0.002714658855971368,0.02390626928599871,0.002701562063506205,0.022199204868521765,0.17845803325335846,0.1675362874839851,baseline_2020s,ssp585,typical
scenario_time_slice_severity,nominal,outermost,,100224,6,0.04391190086203711,0.04158053482589993,0.06867425435695307,0.08554017993690638,0.0025117917276478593,0.041400109134389254,0.0025621769334520502,0.039018357892447876,0.387691398276632,0.37222296131462296,late_2080s,ssp585,heatwave_extreme
scenario_time_slice_severity,nominal,outermost,,100224,6,0.044074602323569655,0.041597942128336646,0.06897861345860018,0.08575601756970734,0.0024925065607523792,0.04158209576281728,0.0025436866744420195,0.039054255453894626,0.3911942668948086,0.37612222013229035,late_2080s,ssp585,hot
scenario_time_slice_severity,nominal,outermost,,100224,6,0.036881470284310505,0.034322249818358345,0.060266040118867804,0.07526905395257831,0.0026003380642190964,0.0342811322200914,0.0026351359129140974,0.03168711390544425,0.3091701753363851,0.29177860244700726,late_2080s,ssp585,typical
scenario_time_slice_severity,nominal,outermost,,100224,6,0.03532138535505228,0.03310577198369554,0.05716989266279454,0.07156433165859676,0.0026563744091947232,0.03266501094585757,0.002681685733014325,0.03042408625068122,0.2830806387232273,0.26804812884392604,mid_2050s,ssp585,heatwave_extreme
scenario_time_slice_severity,nominal,outermost,,100224,6,0.03452839027460209,0.032378055392008075,0.05598886219741145,0.07048706797838906,0.002653709461304933,0.03187468081329716,0.002680075882827698,0.02969797950918037,0.2776901161318544,0.2625973359397401,mid_2050s,ssp585,hot
scenario_time_slice_severity,nominal,outermost,,100224,6,0.02873549797150245,0.026705395190848715,0.04658191965332965,0.05841132704403001,0.002664010310132519,0.02607148766136993,0.002672689473416739,0.024032705717431976,0.20956000102738376,0.19680212060908137,mid_2050s,ssp585,typical
scenario_time_slice_severity,nominal,outermost,,100224,6,0.028091892199522323,0.026160568613889313,0.04588250736638202,0.05841882965791867,0.0027305260274847845,0.025361366172037537,0.0027224785218400048,0.023438090092049304,0.19475980955276234,0.18169744967138307,near_2030s,ssp585,heatwave_extreme
scenario_time_slice_severity,nominal,outermost,,100224,6,0.02853401274623785,0.02656963791321055,0.046822616608426765,0.05993706690265856,0.002734356205914745,0.025799656540323106,0.002728751604684768,0.02384088630852578,0.1995656679476651,0.18517186987433307,near_2030s,ssp585,hot
scenario_time_slice_severity,nominal,outermost,,100224,6,0.026469976904580608,0.024814802119813278,0.04233196809436221,0.05320583195950214,0.00268595880217333,0.023784018102407278,0.0026921355576065603,0.022122666562206718,0.18159858597422313,0.17145479113607467,near_2030s,ssp585,typical
scenario_time_slice_severity,ordinal,broad_tail,,100224,6,0.10641357587899174,0.102059371018188,0.15174360294596176,0.1826051047416503,0.027637203887436113,0.07877637199155561,0.02768562272038211,0.07437374829780588,0.24060849993945727,0.23075483774283034,baseline_2020s,ssp245,heatwave_extreme
scenario_time_slice_severity,ordinal,broad_tail,,100224,6,0.10471761952773694,0.10024741974126473,0.15037896361478467,0.18146866479765772,0.02759957808549302,0.0771180414422439,0.027678335401811457,0.07256908433945326,0.2363421213388076,0.22522411029380915,baseline_2020s,ssp245,hot
scenario_time_slice_severity,ordinal,broad_tail,,100224,6,0.09778969863680514,0.09382733671302342,0.13950551664358357,0.16817101087719374,0.028422386741840885,0.06936731189496424,0.028516968839176322,0.06531036787384709,0.21022522796501286,0.20060282665197718,baseline_2020s,ssp245,typical
scenario_time_slice_severity,ordinal,broad_tail,,100224,6,0.1285532863739001,0.1230580866537879,0.18383286956280578,0.21708417532287436,0.02618751087096145,0.10236577550293866,0.026461602569818568,0.09659648408396934,0.31822208891670756,0.3019103958446989,late_2080s,ssp245,heatwave_extreme
scenario_time_slice_severity,ordinal,broad_tail,,100224,6,0.12468118071985086,0.11888955884729428,0.18076930783626655,0.21527998714041205,0.026355408821421265,0.09832577189842957,0.026727419609781197,0.09216213923751308,0.3072925587669564,0.2892323668497023,late_2080s,ssp245,hot
scenario_time_slice_severity,ordinal,broad_tail,,100224,6,0.11544744890548396,0.11062974435747203,0.16364082761214435,0.19484671261406056,0.02711530190363277,0.08833214700185119,0.02724140148475382,0.08338834287271821,0.2719462005800065,0.25951919418354435,late_2080s,ssp245,typical
scenario_time_slice_severity,ordinal,broad_tail,,100224,6,0.11728640228801648,0.11246818089691754,0.16520848610529268,0.19626756777316784,0.02684077814736869,0.09044562414064782,0.027018035798343283,0.08545014509857426,0.2811896756770117,0.26749087262117843,mid_2050s,ssp245,heatwave_extreme
scenario_time_slice_severity,ordinal,broad_tail,,100224,6,0.11671524028559124,0.11141401395884981,0.16626111409472585,0.19789858357942872,0.026869352209831734,0.08984588807575951,0.027199704780589813,0.08421430917825998,0.28233015686073604,0.266097762022148,mid_2050s,ssp245,hot
scenario_time_slice_severity,ordinal,broad_tail,,100224,6,0.10592973200693831,0.10140032862451812,0.15158934153995848,0.18147584376398013,0.027670764141261933,0.07825896786567638,0.02779124720205885,0.07360908142245927,0.23950033174515334,0.22784840262425188,mid_2050s,ssp245,typical
scenario_time_slice_severity,ordinal,broad_tail,,100224,6,0.1051995403106853,0.10075451714619761,0.14853018923167524,0.1782710893572647,0.028512831650744613,0.0766867086599407,0.028578096148833915,0.07217642099736368,0.22951571372507243,0.21908495338214995,near_2030s,ssp245,heatwave_extreme
scenario_time_slice_severity,ordinal,broad_tail,,100224,6,0.10973682917688904,0.10506844713639919,0.1568136445405209,0.18823938720248307,0.027553343818058525,0.08218348535883051,0.027768239296784326,0.07730020783961486,0.2537767638644184,0.24086889973964218,near_2030s,ssp245,hot
scenario_time_slice_severity,ordinal,broad_tail,,100224,6,0.09955628858881282,0.09545119449355471,0.14099782514638645,0.17066933838118695,0.028764916872687757,0.07079137171612508,0.02876790350725906,0.06668329098629565,0.21086999342884252,0.20256488765777408,near_2030s,ssp245,typical
scenario_time_slice_severity,ordinal,broad_tail,,100224,6,0.10858555657952088,0.10430134532659267,0.15229877141229606,0.18200770072288164,0.027883461056041493,0.08070209552347939,0.027910033868109956,0.07639131145848271,0.24421660452040034,0.23510744036638248,baseline_2020s,ssp585,heatwave_extreme
scenario_time_slice_severity,ordinal,broad_tail,,100224,6,0.10805879506459945,0.10367083157088512,0.1525389943592015,0.18370406283753915,0.027688074040860947,0.08037072102373852,0.027722730497022025,0.0759481010738631,0.24254935637581682,0.2327532259737642,baseline_2020s,ssp585,hot
scenario_time_slice_severity,ordinal,broad_tail,,100224,6,0.10002967809688205,0.09590739712257842,0.1419948535920554,0.17084177691927507,0.028472233165590135,0.07155744493129193,0.02844800398740439,0.06745939313517405,0.2122281342422017,0.20384754157498763,baseline_2020s,ssp585,typical
scenario_time_slice_severity,ordinal,broad_tail,,100224,6,0.15659751981243114,0.1516587136708162,0.21695548657669028,0.2545856512520771,0.024385825078711593,0.13221169473371955,0.024740002654106447,0.1269187110167098,0.40960343541507793,0.393791003788813,late_2080s,ssp585,heatwave_extreme
scenario_time_slice_severity,ordinal,broad_tail,,100224,6,0.1574734900100944,0.1523623843338537,0.217138780683402,0.254463011289485,0.0241056032943963,0.1333678867156981,0.02444710280202695,0.1279152815318267,0.4137967528604342,0.3975689911225294,late_2080s,ssp585,hot
scenario_time_slice_severity,ordinal,broad_tail,,100224,6,0.13490247982307232,0.12934901613111624,0.19341685133890493,0.2291673960059111,0.025728913792189122,0.10917356603088318,0.026003868840625655,0.10334514729049056,0.34050977693332396,0.3239172547593568,late_2080s,ssp585,typical
scenario_time_slice_severity,ordinal,broad_tail,,100224,6,0.12840297458190766,0.12344297625895649,0.18230037629137968,0.21650954262481864,0.026384551288424585,0.1020184232934831,0.02658532517175215,0.09685765108720437,0.31311383234222867,0.2996056064399506,mid_2050s,ssp585,heatwave_extreme
scenario_time_slice_severity,ordinal,broad_tail,,100224,6,0.1269608029857169,0.12214795026563076,0.1802268266056248,0.21509584659833803,0.026273937962725473,0.10068686502299144,0.026505329362964097,0.09564262090266668,0.3079803009769275,0.2942215901772525,mid_2050s,ssp585,hot
scenario_time_slice_severity,ordinal,broad_tail,,100224,6,0.10853333853399248,0.10400810804542565,0.15345839196747632,0.18284166993692186,0.027588216834780927,0.08094512169921154,0.0276408958383386,0.07636721220708706,0.24534441025067413,0.23449980056280684,mid_2050s,ssp585,typical
scenario_time_slice_severity,ordinal,broad_tail,,100224,6,0.10561741290792902,0.10091622208081946,0.15051331306346494,0.18113054640415396,0.02844400738778822,0.0771734055201408,0.02852705116218585,0.07238917091863363,0.2300735299481597,0.21940610728992974,near_2030s,ssp585,heatwave_extreme
scenario_time_slice_severity,ordinal,broad_tail,,100224,6,0.10640520779598335,0.10142146951693093,0.1527474722036228,0.1843016686631987,0.028327668739250286,0.07807753905673308,0.028478577902966196,0.07294289161396474,0.23626627614174517,0.22392305961412426,near_2030s,ssp585,hot
scenario_time_slice_severity,ordinal,broad_tail,,100224,6,0.10026150857922671,0.09654378749040375,0.14052414413841371,0.16805209954897543,0.028414915649363385,0.07184659292986334,0.02842786596462553,0.06811592152577824,0.21626578264495222,0.2084091145635105,near_2030s,ssp585,typical
scenario_time_slice_severity,ordinal,outermost,,100224,6,0.02441062643632037,0.022800975370503115,0.040028419826686784,0.05164424152640025,0.0025749164456611465,0.021835709990659223,0.0025638560385310193,0.020237119331972094,0.24060849993945727,0.23075483774283034,baseline_2020s,ssp245,heatwave_extreme
scenario_time_slice_severity,ordinal,outermost,,100224,6,0.023695052297126793,0.022093971027055237,0.03922673946080631,0.05114629355445394,0.0025820109438215414,0.021113041353305256,0.0025727815052306105,0.019521189521824626,0.2363421213388076,0.22522411029380915,baseline_2020s,ssp245,hot
scenario_time_slice_severity,ordinal,outermost,,100224,6,0.022701507127935956,0.02123188717046782,0.03741234626507215,0.04832406110236792,0.002610937432845059,0.0200905696950909,0.002596029121085323,0.018635858049382493,0.21022522796501286,0.20060282665197718,baseline_2020s,ssp245,typical
scenario_time_slice_severity,ordinal,outermost,,100224,6,0.02952927666590685,0.02709101134897942,0.04939336993181796,0.06286871733992432,0.0024466762950513506,0.027082600370855497,0.0024622571446876683,0.024628754204291746,0.31822208891670756,0.3019103958446989,late_2080s,ssp245,heatwave_extreme
scenario_time_slice_severity,ordinal,outermost,,100224,6,0.02856144582574091,0.02613145312261815,0.04824166195266996,0.06195984263589648,0.0024646621921581347,0.02609678363358277,0.0024782369280523485,0.0236532161945658,0.3072925587669564,0.2892323668497023,late_2080s,ssp245,hot
scenario_time_slice_severity,ordinal,outermost,,100224,6,0.026868483235086362,0.02488087658678598,0.04439769415335516,0.05693096407893197,0.0025194265123368842,0.02434905672274948,0.002514386242452494,0.02236649034433348,0.2719462005800065,0.25951919418354435,late_2080s,ssp245,typical
scenario_time_slice_severity,ordinal,outermost,,100224,6,0.027355896266542085,0.025267895389021914,0.04484335769386873,0.05744299307365132,0.00250045635031975,0.024855439916222338,0.002504856483259212,0.0227630389057627,0.2811896756770117,0.26749087262117843,mid_2050s,ssp245,heatwave_extreme
scenario_time_slice_severity,ordinal,outermost,,100224,6,0.027234370055281155,0.02510743621755918,0.04495907787601438,0.05769762773696831,0.0025037209157257236,0.024730649139555437,0.002505742160266932,0.02260169405729225,0.28233015686073604,0.266097762022148,mid_2050s,ssp245,hot
scenario_time_slice_severity,ordinal,outermost,,100224,6,0.024341106047927292,0.022643385829048006,0.04040016960005926,0.05210104962404042,0.002568292479597608,0.021772813568329684,0.0025640874166976417,0.020079298412350365,0.23950033174515334,0.22784840262425188,mid_2050s,ssp245,typical
scenario_time_slice_severity,ordinal,outermost,,100224,6,0.02388935481847648,0.022236486866395216,0.039366195067328046,0.05124754812694084,0.0025951082347784762,0.021294246583698002,0.002585861363963178,0.01965062550243204,0.22951571372507243,0.21908495338214995,near_2030s,ssp245,heatwave_extreme
scenario_time_slice_severity,ordinal,outermost,,100224,6,0.025039496077693898,0.023224786248120556,0.04154814836496425,0.05389619524766892,0.0025538051521209843,0.02248569092557291,0.002554806229270558,0.020669980018849995,0.2537767638644184,0.24086889973964218,near_2030s,ssp245,hot
scenario_time_slice_severity,ordinal,outermost,,100224,6,0.02259965967911469,0.021194887113092795,0.036999823322182566,0.0483387139840168,0.0026161391568957026,0.019983520522218984,0.0025975024327498436,0.018597384680342954,0.21086999342884252,0.20256488765777408,near_2030s,ssp245,typical
scenario_time_slice_severity,ordinal,outermost,,100224,6,0.024463724509601593,0.022870658731741954,0.039851727285620954,0.05160122272665433,0.0025703231202603687,0.021893401389341222,0.002560711373782618,0.020309947357959338,0.24421660452040034,0.23510744036638248,baseline_2020s,ssp585,heatwave_extreme
scenario_time_slice_severity,ordinal,outermost,,100224,6,0.0242793348485806,0.022673090137921296,0.039729292621872754,0.05182815314288828,0.0025709870739348724,0.02170834777464573,0.0025616248353877314,0.020111465302533566,0.24254935637581682,0.2327532259737642,baseline_2020s,ssp585,hot
scenario_time_slice_severity,ordinal,outermost,,100224,6,0.022957808618148865,0.021434759109218226,0.03793198485796227,0.04932167219755783,0.0026124748641073547,0.02034533375404151,0.0025914855804621607,0.018843273528756064,0.2122281342422017,0.20384754157498763,baseline_2020s,ssp585,typical
scenario_time_slice_severity,ordinal,outermost,,100224,6,0.03679365449669435,0.03401870163607573,0.06019689924531556,0.07754238673007982,0.0022677214386910755,0.03452593305800328,0.002291236735407917,0.03172746490066781,0.40960343541507793,0.393791003788813,late_2080s,ssp585,heatwave_extreme
scenario_time_slice_severity,ordinal,outermost,,100224,6,0.037424330926836155,0.03443894975297985,0.06122657239056128,0.07870263613350663,0.0022483396778384167,0.035175991248997736,0.002271718164033214,0.03216723158894664,0.4137967528604342,0.3975689911225294,late_2080s,ssp585,hot
scenario_time_slice_severity,ordinal,outermost,,100224,6,0.03090509660576182,0.028317375216373945,0.05208358581735985,0.0670667546676851,0.002414031667084734,0.028491064938677087,0.002427396762361364,0.025889978454012582,0.34050977693332396,0.3239172547593568,late_2080s,ssp585,typical
scenario_time_slice_severity,ordinal,outermost,,100224,6,0.02910675023996551,0.02696482798211594,0.04851783721832186,0.06241628131922387,0.002467675125223036,0.02663907511474247,0.0024706346957703955,0.024494193286345542,0.31311383234222867,0.2996056064399506,mid_2050s,ssp585,heatwave_extreme
scenario_time_slice_severity,ordinal,outermost,,100224,6,0.028636596583672718,0.026556697266217857,0.04763330485061647,0.061598844447230156,0.002471626839503419,0.026164969744169302,0.0024740112399806247,0.024082686026237234,0.3079803009769275,0.2942215901772525,mid_2050s,ssp585,hot
scenario_time_slice_severity,ordinal,outermost,,100224,6,0.02460917061722795,0.02280184306530559,0.04079217376422242,0.05255393087486373,0.0025665046031845933,0.022042666014043356,0.002560100197624423,0.020241742867681163,0.24534441025067413,0.23449980056280684,mid_2050s,ssp585,typical
scenario_time_slice_severity,ordinal,outermost,,100224,6,0.023980895787485426,0.022288521786873048,0.03977621041176801,0.051860510821749584,0.002597882334038517,0.02138301345344691,0.0025822289511096947,0.01970629283576335,0.2300735299481597,0.21940610728992974,near_2030s,ssp585,heatwave_extreme
scenario_time_slice_severity,ordinal,outermost,,100224,6,0.024318124811975487,0.02261732786228337,0.04052737164064953,0.05303037122157392,0.002610188557268256,0.02170793625470723,0.0025874341854791117,0.02002989367680426,0.23626627614174517,0.22392305961412426,near_2030s,ssp585,hot
scenario_time_slice_severity,ordinal,outermost,,100224,6,0.022726854246553033,0.021341075996237722,0.03693728252443683,0.047446246352139836,0.002601093667236712,0.02012576057931632,0.0025939046976441596,0.018747171298593563,0.21626578264495222,0.2084091145635105,near_2030s,ssp585,typical
scenario_time_slice_severity,stored_ordinal,broad_tail,,100224,6,0.10727650412198532,0.10297913301599451,0.1528834940180463,0.18387698270926645,,,,,0.2441390451780743,0.2348413624416593,baseline_2020s,ssp245,heatwave_extreme
scenario_time_slice_severity,stored_ordinal,broad_tail,,100224,6,0.10559959609023804,0.10118507660326188,0.15154189075263563,0.1827467785899723,,,,,0.24001498302024926,0.2294333627512219,baseline_2020s,ssp245,hot
scenario_time_slice_severity,stored_ordinal,broad_tail,,100224,6,0.09855263084863061,0.09465839893434798,0.1405325262360934,0.1693799361060466,,,,,0.21355892869865772,0.20449856733508448,baseline_2020s,ssp245,typical
scenario_time_slice_severity,stored_ordinal,broad_tail,,100224,6,0.12965595792090803,0.12420560682258126,0.1851233808667166,0.21847511146692325,,,,,0.3225414255668642,0.3067545986295843,late_2080s,ssp245,heatwave_extreme
scenario_time_slice_severity,stored_ordinal,broad_tail,,100224,6,0.1257843814794994,0.12004692474430412,0.18209549115337928,0.2167241094860357,,,,,0.31175683698013396,0.29421982753833037,late_2080s,ssp245,hot
scenario_time_slice_severity,stored_ordinal,broad_tail,,100224,6,0.1163852785482433,0.11162873600247251,0.16479877241339905,0.1961322230666354,,,,,0.275750226367802,0.26386658400138435,late_2080s,ssp245,typical
scenario_time_slice_severity,stored_ordinal,broad_tail,,100224,6,0.11824855315790005,0.11349437411167254,0.16637005636294108,0.19758386695548064,,,,,0.28507301744163976,0.2719331799007182,mid_2050s,ssp245,heatwave_extreme
scenario_time_slice_severity,stored_ordinal,broad_tail,,100224,6,0.11768999085944461,0.11245598529865238,0.16746062715593996,0.19927168780296992,,,,,0.2863521077124294,0.27068773579298677,mid_2050s,ssp245,hot
scenario_time_slice_severity,stored_ordinal,broad_tail,,100224,6,0.10679735427226958,0.10232870197521508,0.15272731722843555,0.18273828876526726,,,,,0.2431612770831886,0.23205698018031518,mid_2050s,ssp245,typical
scenario_time_slice_severity,stored_ordinal,broad_tail,,100224,6,0.1060577855133076,0.1016735287166877,0.14963073982942524,0.17948572925971404,,,,,0.23308450368322425,0.22320225693805104,near_2030s,ssp245,heatwave_extreme
scenario_time_slice_severity,stored_ordinal,broad_tail,,100224,6,0.11068358444403224,0.10608450996989473,0.15801928413259037,0.18957468793197288,,,,,0.25771408939733265,0.24536274914955022,near_2030s,ssp245,hot
scenario_time_slice_severity,stored_ordinal,broad_tail,,100224,6,0.10033186227041635,0.09629185704018266,0.14206982862429002,0.17186410919922301,,,,,0.21423094303006854,0.2064699885827271,near_2030s,ssp245,typical
scenario_time_slice_severity,stored_ordinal,broad_tail,,100224,6,0.10943537580767249,0.10521223725521595,0.15339067269837908,0.18323143614774437,,,,,0.24769875924893725,0.23915707369859185,baseline_2020s,ssp585,heatwave_extreme
scenario_time_slice_severity,stored_ordinal,broad_tail,,100224,6,0.10892332382107149,0.10459348367333199,0.15364729163606422,0.18496344437896373,,,,,0.24614454464031021,0.2368918084603782,baseline_2020s,ssp585,hot
scenario_time_slice_severity,stored_ordinal,broad_tail,,100224,6,0.1007990868032586,0.09673460734028412,0.1430149592095992,0.17200461781624832,,,,,0.2154773851920719,0.2076297164284965,baseline_2020s,ssp585,typical
scenario_time_slice_severity,stored_ordinal,broad_tail,,100224,6,0.15784394566644314,0.1529435979984087,0.21830265755614148,0.25599906729530186,,,,,0.41436501092379385,0.3989964637466985,late_2080s,ssp585,heatwave_extreme
scenario_time_slice_severity,stored_ordinal,broad_tail,,100224,6,0.15870293292988896,0.15363373523957605,0.21846105531464766,0.25585661782621033,,,,,0.4185153273762665,0.40272431304823814,late_2080s,ssp585,hot
scenario_time_slice_severity,stored_ordinal,broad_tail,,100224,6,0.13609295158124932,0.13060253032640132,0.19479059766169854,0.23063563467298429,,,,,0.34514075502640873,0.32905858604800003,late_2080s,ssp585,typical
scenario_time_slice_severity,stored_ordinal,broad_tail,,100224,6,0.12953839357533514,0.12462062389586392,0.1836344072202843,0.2179248654195948,,,,,0.317554306067706,0.30452609698178906,mid_2050s,ssp585,heatwave_extreme
scenario_time_slice_severity,stored_ordinal,broad_tail,,100224,6,0.12808505178585003,0.12331561185479786,0.18154979878262117,0.21650485291517468,,,,,0.312458747570824,0.29917661609536716,mid_2050s,ssp585,hot
scenario_time_slice_severity,stored_ordinal,broad_tail,,100224,6,0.10942024459456463,0.10495082106922347,0.154584492639902,0.18408420223227087,,,,,0.24899499047177892,0.23870339603840388,mid_2050s,ssp585,typical
scenario_time_slice_severity,stored_ordinal,broad_tail,,100224,6,0.10647685838714441,0.10183058711484115,0.15165067218700057,0.1823814279166232,,,,,0.233699887388903,0.22357573178516946,near_2030s,ssp585,heatwave_extreme
scenario_time_slice_severity,stored_ordinal,broad_tail,,100224,6,0.10728001288522636,0.10235888874539661,0.15390565411952215,0.1855885175500181,,,,,0.23999656063976313,0.22821152798782904,near_2030s,ssp585,hot
scenario_time_slice_severity,stored_ordinal,broad_tail,,100224,6,0.10103310280628404,0.09737407946882685,0.14152726465126833,0.16921817766135153,,,,,0.21953178041467386,0.21222248496577392,near_2030s,ssp585,typical
city_scenario_time_slice,no_pmv_ordinal,broad_tail,Ahmedabad,50112,3,0.13175977732651845,0.12242995745179606,0.20860330040937086,0.25898593022016336,0.023589002796454192,0.10817077453006428,0.024397903459529177,0.09803205399226687,0.3613961333888117,0.32479546546436416,baseline_2020s,ssp245,
city_scenario_time_slice,no_pmv_ordinal,broad_tail,Ahmedabad,50112,3,0.14057538716063395,0.13034196757944363,0.22440688532991127,0.2722231875111957,0.023593927074543358,0.11698146008609062,0.02448948049951826,0.10585248707992537,0.38300438171176865,0.34297436800706294,late_2080s,ssp245,
city_scenario_time_slice,no_pmv_ordinal,broad_tail,Ahmedabad,50112,3,0.13529302920133002,0.12637395782580352,0.21078196803584826,0.25767523675722054,0.023881675786238888,0.11141135341509113,0.024714500320825044,0.10165945750497846,0.367821976747629,0.3309142978825251,mid_2050s,ssp245,
city_scenario_time_slice,no_pmv_ordinal,broad_tail,Ahmedabad,50112,3,0.11915578318467879,0.110818685081719,0.18753331564234757,0.2340587277485573,0.024554821713039424,0.09460096147163936,0.025355339474600804,0.08546334560711821,0.31200744185585705,0.27844445880976554,near_2030s,ssp245,
city_scenario_time_slice,no_pmv_ordinal,broad_tail,Ahmedabad,50112,3,0.14394302771124007,0.13511649088563213,0.21871012815176943,0.2685376815342645,0.02333957808893374,0.12060344962230635,0.02433199821961416,0.11078449266601796,0.405317316258074,0.36828827671112446,baseline_2020s,ssp585,
city_scenario_time_slice,no_pmv_ordinal,broad_tail,Ahmedabad,50112,3,0.16269688253165812,0.15376619111522363,0.24627941101743409,0.29557482026804066,0.022899001175788757,0.13979788135586937,0.023810024565384936,0.12995616654983871,0.44751341089141944,0.40993493479754817,late_2080s,ssp585,
city_scenario_time_slice,no_pmv_ordinal,broad_tail,Ahmedabad,50112,3,0.12940293699291963,0.12008750388375847,0.20515126759705207,0.25162633391765543,0.02412473386674842,0.10527820312617121,0.024978993467341563,0.09510851041641692,0.34545739673682874,0.30844420137184814,mid_2050s,ssp585,
city_scenario_time_slice,no_pmv_ordinal,broad_tail,Ahmedabad,50112,3,0.12389541232516241,0.11549180360310546,0.19259096807972875,0.23801915853601294,0.024289473825031667,0.09960593850013073,0.02500349031555804,0.09048831328754743,0.33135749041998364,0.2989526385517469,near_2030s,ssp585,
city_scenario_time_slice,no_pmv_ordinal,broad_tail,Beijing,50112,3,0.08768735726216638,0.09037366584076185,0.11161353855435205,0.13192706561841774,0.025680884070866522,0.062006473191299864,0.024151043525580018,0.06622262231518185,0.15454384247325767,0.18298681063129502,baseline_2020s,ssp245,
city_scenario_time_slice,no_pmv_ordinal,broad_tail,Beijing,50112,3,0.10931749531801287,0.1114176857298684,0.14030752108040098,0.1611969811496346,0.023831506788479263,0.08548598852953361,0.02268147148769016,0.08873621424217824,0.24644868367604514,0.26670407286496073,late_2080s,ssp245,
city_scenario_time_slice,no_pmv_ordinal,broad_tail,Beijing,50112,3,0.09938754140964166,0.10111010417567898,0.1275931710702942,0.14823298256155776,0.024599172854801038,0.07478836855484064,0.023363461195283815,0.07774664298039517,0.2050719571509133,0.22598786978114624,mid_2050s,ssp245,
city_scenario_time_slice,no_pmv_ordinal,broad_tail,Beijing,50112,3,0.08533398866212549,0.08792028509049592,0.10919455620025098,0.1308647192173851,0.02671969076023418,0.05861429790189134,0.024943948650999855,0.06297633643949607,0.13358139128070984,0.1638206586184227,near_2030s,ssp245,
city_scenario_time_slice,no_pmv_ordinal,broad_tail,Beijing,50112,3,0.08732898209513709,0.08998145739849564,0.1125069357542579,0.1345151080813697,0.026329224969613513,0.060999757125523586,0.024547612674705996,0.06543384472378963,0.1398153294671268,0.17052273331467985,baseline_2020s,ssp585,
city_scenario_time_slice,no_pmv_ordinal,broad_tail,Beijing,50112,3,0.11506418356649459,0.11627195412642612,0.14860153672964024,0.17164570368014098,0.024169784572512336,0.09089439899398224,0.023028507062285274,0.09324344706414084,0.26593296702002633,0.28365838270841026,late_2080s,ssp585,
city_scenario_time_slice,no_pmv_ordinal,broad_tail,Beijing,50112,3,0.10234930344610946,0.1040686203432896,0.1318864941366257,0.15463460117407063,0.02503389944985651,0.07731540399625295,0.023650995354713683,0.08041762498857594,0.2006326199464732,0.22338706647898346,mid_2050s,ssp585,
city_scenario_time_slice,no_pmv_ordinal,broad_tail,Beijing,50112,3,0.09181073637777343,0.09394766951404805,0.120116546978201,0.14415887137440883,0.02614132262131657,0.06566941375645687,0.024439811466879936,0.06950785804716811,0.159867118870921,0.187803645033284,near_2030s,ssp585,
city_scenario_time_slice,no_pmv_ordinal,broad_tail,Guangzhou,50112,3,0.0920117511088751,0.08914075421266071,0.12298035806882789,0.1452191647779767,0.027918213559510806,0.06409353754936431,0.0277651309319161,0.061375623280744605,0.20542981348386447,0.1988082568932952,baseline_2020s,ssp245,
city_scenario_time_slice,no_pmv_ordinal,broad_tail,Guangzhou,50112,3,0.1197350787425787,0.11532374771573338,0.16528276097370262,0.1971967880826775,0.025694115629344302,0.0940409631132344,0.02577890560366127,0.08954484211207211,0.31235512249222974,0.29866302023999325,late_2080s,ssp245,
city_scenario_time_slice,no_pmv_ordinal,broad_tail,Guangzhou,50112,3,0.10711699514658582,0.10308606272159274,0.14589047633329028,0.17373380324650844,0.026371926521013753,0.08074506862557207,0.026407695158235576,0.07667836756335715,0.2654238075652014,0.25345607721003255,mid_2050s,ssp245,
city_scenario_time_slice,no_pmv_ordinal,broad_tail,Guangzhou,50112,3,0.0960048819201624,0.09304274215235135,0.12837954158580475,0.1518822963825631,0.027689543075882034,0.06831533884428038,0.02762589952666089,0.06541684262569047,0.21879765559698092,0.21121040574821756,near_2030s,ssp245,
city_scenario_time_slice,no_pmv_ordinal,broad_tail,Guangzhou,50112,3,0.0958228627486934,0.09292600529241579,0.12895549742801304,0.15202298627087607,0.028214953921033806,0.06760790882765959,0.027888506721941014,0.06503749857047479,0.21635150222946437,0.21169603773779394,baseline_2020s,ssp585,
city_scenario_time_slice,no_pmv_ordinal,broad_tail,Guangzhou,50112,3,0.16635736545438243,0.16241668845573945,0.2257982762791276,0.26454366002554336,0.022708069390763513,0.14364929606361893,0.02298841400394248,0.13942827445179695,0.48534276177884234,0.4688011443673956,late_2080s,ssp585,
city_scenario_time_slice,no_pmv_ordinal,broad_tail,Guangzhou,50112,3,0.11209342039185916,0.1080785302932245,0.15418087901683034,0.18343645365807942,0.026218444416635702,0.08587497597522346,0.026155832673048305,0.08192269762017619,0.2837228626652036,0.27311348371357375,mid_2050s,ssp585,
city_scenario_time_slice,no_pmv_ordinal,broad_tail,Guangzhou,50112,3,0.10027776954503854,0.09701872606227192,0.13488448776558057,0.16010255369273343,0.02789219742915063,0.0723855721158879,0.02771032201244409,0.06930840404982784,0.23098655725383788,0.22408589342269156,near_2030s,ssp585,
city_scenario_time_slice,no_pmv_ordinal,broad_tail,Houston,50112,3,0.09701452755629143,0.09248118953434874,0.1325901815700524,0.15557645769648432,0.029349541879538272,0.06766498567675316,0.028727678000090923,0.06375351153425783,0.21129118780497608,0.20336851133260345,baseline_2020s,ssp245,
city_scenario_time_slice,no_pmv_ordinal,broad_tail,Houston,50112,3,0.11072957157130846,0.1065062701697428,0.148619588240943,0.17335468250159403,0.028123141788775487,0.08260642978253299,0.027694926495413805,0.07881134367432902,0.26746312349854195,0.2586243810514166,late_2080s,ssp245,
city_scenario_time_slice,no_pmv_ordinal,broad_tail,Houston,50112,3,0.10107862241035911,0.09709710255041493,0.13506619988596907,0.15824516746275813,0.028066786056722293,0.07301183635363682,0.027691179213345157,0.06940592333706976,0.2393234187531092,0.230953737774893,mid_2050s,ssp245,
city_scenario_time_slice,no_pmv_ordinal,broad_tail,Houston,50112,3,0.1038124206754372,0.09913215692663285,0.14063054079609563,0.16455743370221187,0.02868540536170869,0.0751270153137285,0.028230413342741137,0.07090174358389173,0.24451998086124752,0.23522278543792025,near_2030s,ssp245,
city_scenario_time_slice,no_pmv_ordinal,broad_tail,Houston,50112,3,0.10373426471338598,0.09940470399685082,0.13979986482578874,0.16247195293508168,0.028686176723576085,0.0750480879898099,0.02797466337190838,0.07143004062494246,0.23625328267121296,0.2304443196934908,baseline_2020s,ssp585,
city_scenario_time_slice,no_pmv_ordinal,broad_tail,Houston,50112,3,0.1365096204796096,0.1334474616066753,0.17980391812651114,0.20686539616756044,0.026270619971193915,0.11023900050841567,0.026070866005326543,0.10737659560134878,0.3656310983429447,0.35691309376655456,late_2080s,ssp585,
city_scenario_time_slice,no_pmv_ordinal,broad_tail,Houston,50112,3,0.1122723769786022,0.1077235439174787,0.15174473144053044,0.17697803012600233,0.027894938560759672,0.08437743841784254,0.027427956667622835,0.08029558724985587,0.2714329637363412,0.2624198256443437,mid_2050s,ssp585,
city_scenario_time_slice,no_pmv_ordinal,broad_tail,Houston,50112,3,0.1012137090960749,0.09666112031427995,0.13837631344531937,0.1627853929763742,0.028353919236404273,0.07285978985967062,0.027886952090765884,0.06877416822351408,0.23339621549460302,0.22415719349309937,near_2030s,ssp585,
city_scenario_time_slice,no_pmv_ordinal,broad_tail,Kolkata,50112,3,0.11804042009153187,0.11437600945443595,0.16598156228152836,0.2009821116051801,0.024976188824793986,0.09306423126673788,0.025244686672553664,0.08913132278188228,0.30951948867809015,0.2961965698286779,baseline_2020s,ssp245,
city_scenario_time_slice,no_pmv_ordinal,broad_tail,Kolkata,50112,3,0.145137879871722,0.14168247701604395,0.2038849492940657,0.2424082855130419,0.02321340999259549,0.12192446987912649,0.023521398227744274,0.11816107878829966,0.4116670743424597,0.3980737869946936,late_2080s,ssp245,
city_scenario_time_slice,no_pmv_ordinal,broad_tail,Kolkata,50112,3,0.1295295012775845,0.1258694450822957,0.183513429075636,0.21868860175247118,0.02404444820734307,0.10548505307024146,0.024373806478963603,0.10149563860333209,0.35651643841808706,0.3418633349337649,mid_2050s,ssp245,
city_scenario_time_slice,no_pmv_ordinal,broad_tail,Kolkata,50112,3,0.11798453532581563,0.11496468435248304,0.16350791959559777,0.1983010192672869,0.024971475849700896,0.09301305947611474,0.025223359640915134,0.08974132471156789,0.3095541329692074,0.2977909138743827,near_2030s,ssp245,
city_scenario_time_slice,no_pmv_ordinal,broad_tail,Kolkata,50112,3,0.10114201107566319,0.097882183077024,0.14063492040698178,0.17158586147794544,0.026093729366276724,0.07504828170938649,0.02634883544946169,0.07153334762756232,0.2462414749172955,0.23437489290678074,baseline_2020s,ssp585,
city_scenario_time_slice,no_pmv_ordinal,broad_tail,Kolkata,50112,3,0.1823297639506866,0.1794522806294567,0.2555749511066946,0.30300138275308136,0.020615694775009782,0.1617140691756768,0.021049370020435176,0.15840291060902156,0.5438200209162836,0.5300997293263235,late_2080s,ssp585,
city_scenario_time_slice,no_pmv_ordinal,broad_tail,Kolkata,50112,3,0.16349060660054746,0.16111904145211361,0.22663838583013204,0.2681786606734762,0.022120397305167166,0.1413702092953803,0.022483998719938926,0.13863504273217467,0.47473529401458947,0.4633698579999844,mid_2050s,ssp585,
city_scenario_time_slice,no_pmv_ordinal,broad_tail,Kolkata,50112,3,0.10045446000513969,0.09789335903687496,0.13693962380405758,0.16464369542397214,0.02646726595918233,0.07398719404595736,0.026665784735242715,0.07122757430163223,0.24046864154557965,0.23113302244950248,near_2030s,ssp585,
city_scenario_time_slice,no_pmv_ordinal,broad_tail,Phoenix,50112,3,0.11783695885655625,0.10778380304306272,0.179135374356793,0.22061834184335904,0.02570612312731274,0.09213083572924351,0.026951536729908073,0.08083226631315463,0.27093890046705293,0.2297503244704937,baseline_2020s,ssp245,
city_scenario_time_slice,no_pmv_ordinal,broad_tail,Phoenix,50112,3,0.14542894940422105,0.13077381926929021,0.2230132478993412,0.2688692679856145,0.02538105161904156,0.12004789778517946,0.026654584255456054,0.10411923501383416,0.35264174218015354,0.29748955668153004,late_2080s,ssp245,
city_scenario_time_slice,no_pmv_ordinal,broad_tail,Phoenix,50112,3,0.1383228603249037,0.12599150076507482,0.20693984017480105,0.2490006531600977,0.02512326363965947,0.11319959668524422,0.026271767017553013,0.0997197337475218,0.33560687568895625,0.288812356746716,mid_2050s,ssp245,
city_scenario_time_slice,no_pmv_ordinal,broad_tail,Phoenix,50112,3,0.13315643443802416,0.12079633970564393,0.20323977115878764,0.24318749512214272,0.025606198033917057,0.10755023640410713,0.02681629389185936,0.09398004581378457,0.3181055358965427,0.2704900287886363,near_2030s,ssp245,
city_scenario_time_slice,no_pmv_ordinal,broad_tail,Phoenix,50112,3,0.12921908387007927,0.11758677751921912,0.19463437948060416,0.23602964019934886,0.02584091686360894,0.10337816700647035,0.026967978630246744,0.0906187988889724,0.302135820174234,0.25785694917162916,baseline_2020s,ssp585,
city_scenario_time_slice,no_pmv_ordinal,broad_tail,Phoenix,50112,3,0.1786525038994528,0.16227856081137318,0.25793924380440614,0.3053049394851547,0.023971407289228516,0.15468109661022428,0.024928924546955042,0.13734963626441812,0.46056203722289524,0.40375556748899033,late_2080s,ssp585,
city_scenario_time_slice,no_pmv_ordinal,broad_tail,Phoenix,50112,3,0.14034964663748514,0.1274352262530433,0.20974986879592927,0.25214861433516095,0.02572324557387295,0.11462640106361219,0.026807169569631452,0.10062805668341182,0.33788279528516535,0.2892684712279946,mid_2050s,ssp585,
city_scenario_time_slice,no_pmv_ordinal,broad_tail,Phoenix,50112,3,0.13316950230572674,0.12091856833627257,0.2026475922758613,0.24633226867210717,0.026038141232537167,0.10713136107318956,0.027390000029725095,0.09352856830654749,0.3104884508302923,0.26201600901294164,near_2030s,ssp585,
city_scenario_time_slice,nominal,broad_tail,Ahmedabad,50112,3,0.13864686125388487,0.12925587039507164,0.21508655449180838,0.26000251679013,0.028930013751819944,0.10971684750206492,0.030167988295436605,0.09908788209963505,0.28451539602285153,0.2501179318625407,baseline_2020s,ssp245,
city_scenario_time_slice,nominal,broad_tail,Ahmedabad,50112,3,0.1492748583781103,0.13962856906300491,0.23077483531432036,0.2734846909858634,0.029282330491460545,0.11999252788664976,0.030620508317708937,0.10900806074529595,0.30623276097685864,0.26995710292645453,late_2080s,ssp245,
city_scenario_time_slice,nominal,broad_tail,Ahmedabad,50112,3,0.1441032789888338,0.13605052835196352,0.21568974690484877,0.2566361784855882,0.029628455219221236,0.11447482376961257,0.03096844813459397,0.10508208021736953,0.29295394427579563,0.26066115913982535,mid_2050s,ssp245,
city_scenario_time_slice,nominal,broad_tail,Ahmedabad,50112,3,0.1255392332636137,0.1178392835972841,0.19239070251748655,0.23418616610827592,0.03045431636803648,0.09508491689557719,0.03167698720916316,0.08616229638812095,0.2374756466659198,0.20779467215670624,near_2030s,ssp245,
city_scenario_time_slice,nominal,broad_tail,Ahmedabad,50112,3,0.15516425273229753,0.1474634347017632,0.2272395717156492,0.2701237074848354,0.02888108897957816,0.1262831637527194,0.030344346761428595,0.1171190879403346,0.3300009137508571,0.29822012804100145,baseline_2020s,ssp585,
city_scenario_time_slice,nominal,broad_tail,Ahmedabad,50112,3,0.17529711362971753,0.16791822814196022,0.2569718629265085,0.30181744299922786,0.028711865328326435,0.1465852483013911,0.030166870809129522,0.13775135733283075,0.3758318489763127,0.3437652637826351,late_2080s,ssp585,
city_scenario_time_slice,nominal,broad_tail,Ahmedabad,50112,3,0.13712986123060916,0.12851907845744415,0.2103673779625154,0.25174714432853224,0.030016489218015942,0.10711337201259317,0.03133144993899077,0.09718762851845338,0.2710821391519433,0.23783757635040526,mid_2050s,ssp585,
city_scenario_time_slice,nominal,broad_tail,Ahmedabad,50112,3,0.13090487287679473,0.12340456120135386,0.1963934474763948,0.23679850105381586,0.029742211559248548,0.10116266131754616,0.030856123598051243,0.09254843760330263,0.25879864756662385,0.23024333983589043,near_2030s,ssp585,
city_scenario_time_slice,nominal,broad_tail,Beijing,50112,3,0.08778842597803098,0.0908185144610034,0.11776243960132646,0.1396962988399209,0.027116939731659264,0.06067148624637171,0.026117753532511487,0.06470076092849192,0.11794604844925624,0.14051117778510958,baseline_2020s,ssp245,
city_scenario_time_slice,nominal,broad_tail,Beijing,50112,3,0.11189421254296392,0.11429176942678462,0.14813539500106754,0.17120773418556232,0.024669047716078172,0.08722516482688573,0.02401157659707882,0.09028019282970579,0.20788799237242717,0.2246863907674959,late_2080s,ssp245,
city_scenario_time_slice,nominal,broad_tail,Beijing,50112,3,0.10009472128071872,0.10185627106372466,0.13362446412828013,0.15633902499453525,0.02561797868219456,0.07447674259852415,0.024821868684305463,0.0770344023794192,0.1671623154602164,0.1837544284797863,mid_2050s,ssp245,
city_scenario_time_slice,nominal,broad_tail,Beijing,50112,3,0.08461355479182026,0.08762016810247095,0.11429887962250673,0.13736398219006968,0.028438333205141678,0.05617522158667857,0.027256374461198735,0.060363793641272215,0.09500434774394503,0.11901541179801438,near_2030s,ssp245,
city_scenario_time_slice,nominal,broad_tail,Beijing,50112,3,0.08701959190743686,0.09027299818758065,0.11827489838124731,0.14329613890756907,0.027840190264734048,0.05917940164270279,0.02668010604224181,0.06359289214533884,0.10547418451414085,0.1300149380283879,baseline_2020s,ssp585,
city_scenario_time_slice,nominal,broad_tail,Beijing,50112,3,0.11748599214099362,0.11871814095371591,0.15541534442026017,0.1803572325711257,0.025277184562561048,0.0922088075784326,0.024615590094631542,0.0941025508590844,0.21933847595153563,0.23312095052686096,late_2080s,ssp585,
city_scenario_time_slice,nominal,broad_tail,Beijing,50112,3,0.10218961296073985,0.10463103606279406,0.13628869184427278,0.16120860952995525,0.026121517701035504,0.07606809525970433,0.025296292358724316,0.07933474370406975,0.16285787882522232,0.1814420794860339,mid_2050s,ssp585,
city_scenario_time_slice,nominal,broad_tail,Beijing,50112,3,0.09109446263675122,0.09387385825854346,0.12548625607650657,0.1516973991138363,0.0272551466209865,0.06383931601576469,0.026201416357655515,0.06767244190088796,0.12119888747964859,0.1434835769082992,near_2030s,ssp585,
city_scenario_time_slice,nominal,broad_tail,Guangzhou,50112,3,0.09904810721108698,0.09608951366288958,0.13075230974813762,0.1520909785230697,0.032535141196770465,0.06651296601431651,0.032860949916440854,0.06322856374644872,0.14020461095635325,0.13364558127505236,baseline_2020s,ssp245,
city_scenario_time_slice,nominal,broad_tail,Guangzhou,50112,3,0.129471483538339,0.12483814978759368,0.1763968973457699,0.20568478494827697,0.029748280846910887,0.09972320269142812,0.030174322979662153,0.09466382680793153,0.242140251616262,0.22892767239652248,late_2080s,ssp245,
city_scenario_time_slice,nominal,broad_tail,Guangzhou,50112,3,0.11505608707139028,0.11077938126895584,0.15504806022478995,0.18097904065693182,0.030562466683835762,0.08449362038755454,0.03099540691578479,0.07978397435317104,0.19623595007872882,0.1843123082338534,mid_2050s,ssp245,
city_scenario_time_slice,nominal,broad_tail,Guangzhou,50112,3,0.10390447333549031,0.10102837616901184,0.13693443936377336,0.15899342859286986,0.03252038310306736,0.07138409023242295,0.03286614591440747,0.06816223025460437,0.15437427200368461,0.147456495013921,near_2030s,ssp245,
city_scenario_time_slice,nominal,broad_tail,Guangzhou,50112,3,0.10251757100314096,0.09962478205918057,0.13612376316192532,0.15785808678369448,0.032194134549725605,0.07032343645341535,0.03238740232315567,0.0672373797360249,0.15098311607127154,0.14604275221968843,baseline_2020s,ssp585,
city_scenario_time_slice,nominal,broad_tail,Guangzhou,50112,3,0.18060776136927761,0.1774066635120282,0.24017611422251584,0.27434952742993324,0.025903082472297903,0.1547046788969797,0.026520702266242296,0.15088596124578593,0.40962308029446,0.396733857178617,late_2080s,ssp585,
city_scenario_time_slice,nominal,broad_tail,Guangzhou,50112,3,0.12057334176145339,0.11620006152408423,0.16480847371997243,0.19210317885985068,0.03026923191984138,0.09030410984161201,0.030545379523597902,0.08565468200048634,0.2127566471623407,0.20189753419227738,mid_2050s,ssp585,
city_scenario_time_slice,nominal,broad_tail,Guangzhou,50112,3,0.10735345038052836,0.10400348660976261,0.14351370787171366,0.16737266977787235,0.03211609935991477,0.07523735102061359,0.032357708769315964,0.07164577784044665,0.1648328923229446,0.1578741451402077,near_2030s,ssp585,
city_scenario_time_slice,nominal,broad_tail,Houston,50112,3,0.10323825554122593,0.09837431827719267,0.13997297791753394,0.15995655829819921,0.03203525034815708,0.07120300519306885,0.03215708873251592,0.06621722954467675,0.14943144960256574,0.14054393113441033,baseline_2020s,ssp245,
city_scenario_time_slice,nominal,broad_tail,Houston,50112,3,0.12082552693529945,0.11632163621324279,0.16011594583547015,0.1814800837682285,0.031099655710879043,0.0897258712244204,0.03125492043597416,0.08506671577726861,0.2053416677060614,0.19646050491197903,late_2080s,ssp245,
city_scenario_time_slice,nominal,broad_tail,Houston,50112,3,0.11135669627421518,0.10694246402011703,0.14672017501705845,0.16671671187009066,0.03214296471038008,0.0792137315638351,0.03236515093177827,0.07457731308833877,0.17469030444100214,0.16558765876874718,mid_2050s,ssp245,
city_scenario_time_slice,nominal,broad_tail,Houston,50112,3,0.11335234714638877,0.10805905197763237,0.15159511689741814,0.1718198378639064,0.032197733246423804,0.08115461389996498,0.03235926541345533,0.07569978656417704,0.1794579467895931,0.16868997176219047,near_2030s,ssp245,
city_scenario_time_slice,nominal,broad_tail,Houston,50112,3,0.11084731810888569,0.10576306837950049,0.14999005263019358,0.17010207077635733,0.03091060508032135,0.07993671302856434,0.030752402127663975,0.07501066625183651,0.17821569119956923,0.17125724982884685,baseline_2020s,ssp585,
city_scenario_time_slice,nominal,broad_tail,Houston,50112,3,0.15169890086150947,0.1489838189110494,0.19478982585821947,0.21840240440094122,0.029520920493196597,0.12217798036831289,0.029884390970495996,0.1190994279405534,0.30179789826944464,0.29495053810520305,late_2080s,ssp585,
city_scenario_time_slice,nominal,broad_tail,Houston,50112,3,0.12232504660169306,0.1172376745633552,0.1630179971525811,0.1847381648738312,0.030833866485103566,0.09149118011658951,0.030905807538501664,0.08633186702485354,0.20969124947807122,0.2000999046208448,mid_2050s,ssp585,
city_scenario_time_slice,nominal,broad_tail,Houston,50112,3,0.10905812087186773,0.1038016545491492,0.14793821328148296,0.16882534626355733,0.031571844286469246,0.07748627658539847,0.03169901382915116,0.07210264071999806,0.17051177459049427,0.16007648838174907,near_2030s,ssp585,
city_scenario_time_slice,nominal,broad_tail,Kolkata,50112,3,0.12725859044694704,0.1234850457613942,0.1770981379607941,0.20789166250524732,0.02999717645073221,0.09726141399621484,0.030554144140661134,0.09293090162073307,0.23591114908197688,0.22279022924641273,baseline_2020s,ssp245,
city_scenario_time_slice,nominal,broad_tail,Kolkata,50112,3,0.15798063319981237,0.1549088553604014,0.2168503388267014,0.25102799181001956,0.02767205861627002,0.13030857458354236,0.028226912645815602,0.12668194271458583,0.3347794440330225,0.32245966308867174,late_2080s,ssp245,
city_scenario_time_slice,nominal,broad_tail,Kolkata,50112,3,0.14094887477425208,0.13741932291140424,0.19502919448808326,0.22586223583559562,0.028651891347746775,0.11229698342650528,0.029281669285639942,0.1081376536257643,0.281275022156129,0.26749583347628014,mid_2050s,ssp245,
city_scenario_time_slice,nominal,broad_tail,Kolkata,50112,3,0.1285383086955481,0.1256583075122485,0.17545818194297183,0.2067588057918275,0.029983745822051485,0.09855456287349662,0.030529398568875186,0.0951289089433733,0.2387934104777273,0.22812614499276354,near_2030s,ssp245,
city_scenario_time_slice,nominal,broad_tail,Kolkata,50112,3,0.10968227029934749,0.10651904745637011,0.14990965754912983,0.17748362904301168,0.031647356199840326,0.07803491409950716,0.03219475691576317,0.07432429054060694,0.17729120070733909,0.1659755672136486,baseline_2020s,ssp585,
city_scenario_time_slice,nominal,broad_tail,Kolkata,50112,3,0.1960425609222087,0.1936651592574662,0.27231931430430445,0.31505314566342296,0.023913199525598068,0.17212936139661067,0.024489132539017727,0.1691760267184485,0.4638358785246341,0.4523620814379844,late_2080s,ssp585,
city_scenario_time_slice,nominal,broad_tail,Kolkata,50112,3,0.17873543627831884,0.1773193728920896,0.2428819793585567,0.2806553777878483,0.026074016826057266,0.1526614194522616,0.02666957055942225,0.15064980233266734,0.3995135660027994,0.3910387621545478,mid_2050s,ssp585,
city_scenario_time_slice,nominal,broad_tail,Kolkata,50112,3,0.10962136099045064,0.1069523090150856,0.1468442132035748,0.17058204902560953,0.03209816865101735,0.07752319233943329,0.03248937731951495,0.07446293169557065,0.17386011077662028,0.1651189701642696,near_2030s,ssp585,
city_scenario_time_slice,nominal,broad_tail,Phoenix,50112,3,0.11541563145682163,0.10717760591932271,0.17150025302914262,0.20714562320879698,0.029994636568426325,0.0854209948883953,0.03180787862034994,0.07536972729897277,0.2223718658926586,0.1870472152164607,baseline_2020s,ssp245,
city_scenario_time_slice,nominal,broad_tail,Phoenix,50112,3,0.14586045360841124,0.13373346042256004,0.2156350895265896,0.255000639644386,0.02996972205813547,0.1158907315502758,0.03203157432602197,0.10170188609653807,0.3010974301017198,0.2526291383259539,late_2080s,ssp245,
city_scenario_time_slice,nominal,broad_tail,Phoenix,50112,3,0.1384960599813602,0.12775848352681393,0.20139921825065157,0.23831610209215254,0.029370447291871882,0.10912561268948831,0.031090841018438866,0.09666764250837509,0.28435041490436114,0.24327171764885594,mid_2050s,ssp245,
city_scenario_time_slice,nominal,broad_tail,Phoenix,50112,3,0.13292658185702197,0.12204836178525895,0.19636931841894262,0.23158165106785922,0.029837457312542868,0.1030891245444791,0.03167705555006875,0.09037130623519021,0.2688998930093935,0.2267762086359463,near_2030s,ssp245,
city_scenario_time_slice,nominal,broad_tail,Phoenix,50112,3,0.1284901626259764,0.11865262569091371,0.1884623309606383,0.22450849990030475,0.030154618456255524,0.09833554416972089,0.03194666312025731,0.08670596257065637,0.2523952078548739,0.21337988730846677,baseline_2020s,ssp585,
city_scenario_time_slice,nominal,broad_tail,Phoenix,50112,3,0.1860539131591614,0.1737483382316611,0.25639362631602447,0.2948773888231637,0.028916828095415684,0.1571370850637457,0.030639995315669567,0.1431083429159915,0.40568449899926434,0.35931487675654045,late_2080s,ssp585,
city_scenario_time_slice,nominal,broad_tail,Phoenix,50112,3,0.14097047261562556,0.13028512123358732,0.20413130905529142,0.2403026630247148,0.03038933451044689,0.11058113810517867,0.032200028918317816,0.09808509231526948,0.2847600311445542,0.24257931398138588,mid_2050s,ssp585,
city_scenario_time_slice,nominal,broad_tail,Phoenix,50112,3,0.13300976355920885,0.12267860005317606,0.19559390711085847,0.23317133406898582,0.03065440379984306,0.1023553597593658,0.032706590306903885,0.08997200974627217,0.2626458142129697,0.21985170093316558,near_2030s,ssp585,
city_scenario_time_slice,nominal,outermost,Ahmedabad,50112,3,0.035027580767046214,0.03128095527291107,0.06358792420451705,0.0823502534191757,0.002595251489535237,0.032432329277510975,0.002617061865889117,0.02866389340702195,0.28451539602285153,0.2501179318625407,baseline_2020s,ssp245,
city_scenario_time_slice,nominal,outermost,Ahmedabad,50112,3,0.03694321657497679,0.03277527934032278,0.0677283759735976,0.085940877896436,0.002596629853500862,0.03434658672147593,0.0026232035999947346,0.03015207574032806,0.30623276097685864,0.26995710292645453,late_2080s,ssp245,
city_scenario_time_slice,nominal,outermost,Ahmedabad,50112,3,0.03632404403797341,0.032687739322285414,0.0637337033746539,0.08144371814364915,0.0025786052692964444,0.03374543876867696,0.002603645794569014,0.030084093527716398,0.29295394427579563,0.26066115913982535,mid_2050s,ssp245,
city_scenario_time_slice,nominal,outermost,Ahmedabad,50112,3,0.03094434318962651,0.02764780136591143,0.055868182672765464,0.07318505766454315,0.0026032501604479016,0.028341093029178612,0.0026162034183749017,0.025031597947536528,0.2374756466659198,0.20779467215670624,near_2030s,ssp245,
city_scenario_time_slice,nominal,outermost,Ahmedabad,50112,3,0.0401130096039657,0.036687801904551225,0.06779936871328618,0.0866345753074795,0.002535743370644507,0.03757726623332119,0.0025652577325638018,0.03412254417198742,0.3300009137508571,0.29822012804100145,baseline_2020s,ssp585,
city_scenario_time_slice,nominal,outermost,Ahmedabad,50112,3,0.04281598920551539,0.03919543090731345,0.07445192448718538,0.09481695182987585,0.0024933908289056323,0.040322598376609765,0.0025302111039890696,0.03666521980332437,0.3758318489763127,0.3437652637826351,late_2080s,ssp585,
city_scenario_time_slice,nominal,outermost,Ahmedabad,50112,3,0.034039438650330274,0.03032781589616135,0.061618431841719654,0.07913271968240407,0.0026056482239715808,0.03143379042635869,0.0026281177399196842,0.027699698156241667,0.2710821391519433,0.23783757635040526,mid_2050s,ssp585,
city_scenario_time_slice,nominal,outermost,Ahmedabad,50112,3,0.03286116436394165,0.029555850829553237,0.05791374657457635,0.07485193233336562,0.002602762465878828,0.030258401898062816,0.0026209503597092155,0.026934900469844016,0.25879864756662385,0.23024333983589043,near_2030s,ssp585,
city_scenario_time_slice,nominal,outermost,Beijing,50112,3,0.02082723363369424,0.021200245020300258,0.031887597405260384,0.03985702789979949,0.002768414101666847,0.018058819532027398,0.0027230660618808933,0.01847717895841936,0.11794604844925624,0.14051117778510958,baseline_2020s,ssp245,
city_scenario_time_slice,nominal,outermost,Beijing,50112,3,0.027890384561733414,0.02752343661289957,0.041184021017783054,0.04898494516385798,0.0026152198230590664,0.02527516473867435,0.0026179752263452137,0.024905461386554358,0.20788799237242717,0.2246863907674959,late_2080s,ssp245,
city_scenario_time_slice,nominal,outermost,Beijing,50112,3,0.024397182285388116,0.024186955125698736,0.03668344887625479,0.044431889681850904,0.002685023923570502,0.021712158361817613,0.0026674973878950017,0.021519457737803737,0.1671623154602164,0.1837544284797863,mid_2050s,ssp245,
city_scenario_time_slice,nominal,outermost,Beijing,50112,3,0.01993116807619332,0.020407814897430977,0.03100718709479817,0.040341739253221896,0.002912923028459448,0.01701824504773387,0.002820579560537581,0.01758723533689339,0.09500434774394503,0.11901541179801438,near_2030s,ssp245,
city_scenario_time_slice,nominal,outermost,Beijing,50112,3,0.02041861212467753,0.020905431856051454,0.03223764843306991,0.04307407253780201,0.0029204907959429335,0.017498121328734597,0.0028295611058591916,0.018075870750192263,0.10547418451414085,0.1300149380283879,baseline_2020s,ssp585,
city_scenario_time_slice,nominal,outermost,Beijing,50112,3,0.029130524428546325,0.028666604742267076,0.042887944401683635,0.051476338976654,0.0026098123675995896,0.026520712060946736,0.0026166968498131417,0.026049907892453938,0.21933847595153563,0.23312095052686096,late_2080s,ssp585,
city_scenario_time_slice,nominal,outermost,Beijing,50112,3,0.024418264006347466,0.024565110672395963,0.037019219998125005,0.046860558313283535,0.002775011062251821,0.021643252944095647,0.0027203370474798215,0.021844773624916138,0.16285787882522232,0.1814420794860339,mid_2050s,ssp585,
city_scenario_time_slice,nominal,outermost,Beijing,50112,3,0.022094999968159522,0.02250713635733139,0.03509300651457097,0.046470110357002034,0.002916322149550892,0.019178677818608634,0.00282472805772766,0.01968240829960373,0.12119888747964859,0.1434835769082992,near_2030s,ssp585,
city_scenario_time_slice,nominal,outermost,Guangzhou,50112,3,0.02457376995075039,0.02346400613836965,0.03635793996277755,0.04488814091000001,0.0026877149538889087,0.021886054996861484,0.0026895729704114863,0.020774433167958167,0.14020461095635325,0.13364558127505236,baseline_2020s,ssp245,
city_scenario_time_slice,nominal,outermost,Guangzhou,50112,3,0.03307601437414997,0.031297120355134586,0.05008579467081476,0.06192578606835875,0.0026519978508273653,0.030424016523322613,0.0026666305219312622,0.028630489833203314,0.242140251616262,0.22892767239652248,late_2080s,ssp245,
city_scenario_time_slice,nominal,outermost,Guangzhou,50112,3,0.02928716739690777,0.027659841212108804,0.0440750934423314,0.05413019169854769,0.0026455584828532644,0.026641608914054513,0.002656326615284325,0.025003514596824476,0.19623595007872882,0.1843123082338534,mid_2050s,ssp245,
city_scenario_time_slice,nominal,outermost,Guangzhou,50112,3,0.02564236776964857,0.024544265783111092,0.037680016634179914,0.04615611890518648,0.00270657361312397,0.022935794156524598,0.002707485697360065,0.021836780085751024,0.15437427200368461,0.147456495013921,near_2030s,ssp245,
city_scenario_time_slice,nominal,outermost,Guangzhou,50112,3,0.025436676615511567,0.0243723249538593,0.03783940855306032,0.046222553486889584,0.0027202066995500596,0.02271646991596151,0.0027169294657754355,0.02165539548808387,0.15098311607127154,0.14604275221968843,baseline_2020s,ssp585,
city_scenario_time_slice,nominal,outermost,Guangzhou,50112,3,0.048508033151423664,0.04651063439688655,0.07229505998888529,0.08899088849138181,0.002480380854709219,0.04602765229671444,0.0025387340728324787,0.04397190032405406,0.40962308029446,0.396733857178617,late_2080s,ssp585,
city_scenario_time_slice,nominal,outermost,Guangzhou,50112,3,0.03051351996902189,0.028912926333254766,0.04650292886556723,0.05730468957168651,0.0026635793595086265,0.02784994060951326,0.002677476050622924,0.026235450282631845,0.2127566471623407,0.20189753419227738,mid_2050s,ssp585,
city_scenario_time_slice,nominal,outermost,Guangzhou,50112,3,0.026426652826656315,0.025272490118116275,0.039342145101478904,0.04831189893074143,0.0027221723904986028,0.02370448043615771,0.002720267011856528,0.022552223106259744,0.1648328923229446,0.1578741451402077,near_2030s,ssp585,
city_scenario_time_slice,nominal,outermost,Houston,50112,3,0.02598425845335922,0.024271209990427742,0.04000953911485466,0.04849794115553163,0.0027650176332314437,0.02321924082012777,0.002760007049816127,0.021511202940611616,0.14943144960256574,0.14054393113441033,baseline_2020s,ssp245,
city_scenario_time_slice,nominal,outermost,Houston,50112,3,0.03052178476563374,0.028784992412001782,0.04580100449148095,0.055058725568759445,0.0026990271997005652,0.02782275756593318,0.002711288466853631,0.026073703945148154,0.2053416677060614,0.19646050491197903,late_2080s,ssp245,
city_scenario_time_slice,nominal,outermost,Houston,50112,3,0.02825504063286281,0.026559356075733485,0.04213294164293986,0.05082822998501242,0.0027167035087754354,0.02553833712408737,0.0027290964285192998,0.02383025964721418,0.17469030444100214,0.16558765876874718,mid_2050s,ssp245,
city_scenario_time_slice,nominal,outermost,Houston,50112,3,0.028930145685246707,0.026963285095974374,0.04379387950862313,0.05278415213956799,0.0027348302593091494,0.026195315425937556,0.0027358317291195406,0.024227453366854838,0.1794579467895931,0.16868997176219047,near_2030s,ssp245,
city_scenario_time_slice,nominal,outermost,Houston,50112,3,0.027569481165215994,0.025855470930033098,0.04217666574956913,0.05095760489502151,0.0027437837290771637,0.02482569743613883,0.002733638821231385,0.023121832108801713,0.17821569119956923,0.17125724982884685,baseline_2020s,ssp585,
city_scenario_time_slice,nominal,outermost,Houston,50112,3,0.038937476993883696,0.037446870582095414,0.05627101956256464,0.06657449277680706,0.0026400973578699187,0.036297379636013774,0.0026729876337906575,0.03477388294830475,0.30179789826944464,0.29495053810520305,late_2080s,ssp585,
city_scenario_time_slice,nominal,outermost,Houston,50112,3,0.0309716024007767,0.029040426274786566,0.04686255182292335,0.056453990616203584,0.0027058695821517743,0.028265732818624927,0.0027109301202464732,0.026329496154540097,0.20969124947807122,0.2000999046208448,mid_2050s,ssp585,
city_scenario_time_slice,nominal,outermost,Houston,50112,3,0.027652539837804156,0.02577699498103869,0.04230441021941764,0.05123287956877294,0.002722135621790595,0.024930404216013564,0.0027177641861338745,0.023059230794904823,0.17051177459049427,0.16007648838174907,near_2030s,ssp585,
city_scenario_time_slice,nominal,outermost,Kolkata,50112,3,0.03286679350634852,0.031254315411597074,0.051214463880678775,0.06336037779040231,0.0026112455734196025,0.030255547932928915,0.002643426146038469,0.028610889265558614,0.23591114908197688,0.22279022924641273,baseline_2020s,ssp245,
city_scenario_time_slice,nominal,outermost,Kolkata,50112,3,0.041650881916629516,0.03995865068786627,0.0644254433772017,0.07872558471927281,0.00249379405732238,0.03915708785930713,0.00253749643751814,0.03742115425034813,0.3347794440330225,0.32245966308867174,late_2080s,ssp245,
city_scenario_time_slice,nominal,outermost,Kolkata,50112,3,0.0367601788400071,0.03501525750596517,0.05748921355679789,0.07012338451310547,0.002553134194805655,0.03420704464520145,0.002588713545103257,0.03242654396086191,0.281275022156129,0.26749583347628014,mid_2050s,ssp245,
city_scenario_time_slice,nominal,outermost,Kolkata,50112,3,0.03276345420318109,0.031367580768034496,0.05019492927644415,0.0625495077758037,0.0026172040261499573,0.030146250177031132,0.002649570396288255,0.028718010371746233,0.2387934104777273,0.22812614499276354,near_2030s,ssp245,
city_scenario_time_slice,nominal,outermost,Kolkata,50112,3,0.027557442903674834,0.026231087098776903,0.04220599792897186,0.05252808364016822,0.0026586769930624144,0.02489876591061242,0.0026838177615703947,0.02354726933720651,0.17729120070733909,0.1659755672136486,baseline_2020s,ssp585,
city_scenario_time_slice,nominal,outermost,Kolkata,50112,3,0.05243595918979383,0.05076690593111078,0.0820832922159271,0.10174064228721783,0.002353828486167642,0.05008213070362619,0.002408104745132794,0.048358801185978,0.4638358785246341,0.4523620814379844,late_2080s,ssp585,
city_scenario_time_slice,nominal,outermost,Kolkata,50112,3,0.0461830100735891,0.044883253570935706,0.07060289396903464,0.08675357296996196,0.0024668766925094628,0.04371613338107963,0.0025171376100778142,0.042366115960857896,0.3995135660027994,0.3910387621545478,mid_2050s,ssp585,
city_scenario_time_slice,nominal,outermost,Kolkata,50112,3,0.02728993656243869,0.026126415409729466,0.04116145892955565,0.05076662716986427,0.002661575898581264,0.024628360663857426,0.0026776530531514606,0.023448762356578008,0.17386011077662028,0.1651189701642696,near_2030s,ssp585,
city_scenario_time_slice,nominal,outermost,Phoenix,50112,3,0.02636642352649683,0.023221519198457614,0.04704557297322501,0.06248241148657575,0.0026407527576982636,0.02372567076879856,0.0026620691822426823,0.02055945001621493,0.2223718658926586,0.1870472152164607,baseline_2020s,ssp245,
city_scenario_time_slice,nominal,outermost,Phoenix,50112,3,0.03227173602623943,0.02741310579021888,0.05971036549618357,0.07845762050504337,0.0026584326092980544,0.029613303416941374,0.0027099571368593466,0.024703148653359527,0.3010974301017198,0.2526291383259539,late_2080s,ssp245,
city_scenario_time_slice,nominal,outermost,Phoenix,50112,3,0.03071323832135101,0.02663247908588338,0.05546845520044824,0.07302208811179328,0.002656839177131495,0.028056399144219514,0.0026992238568962273,0.023933255228987153,0.28435041490436114,0.24327171764885594,mid_2050s,ssp245,
city_scenario_time_slice,nominal,outermost,Phoenix,50112,3,0.030116934337869595,0.02613226740895182,0.054761517167873065,0.07155606699883542,0.0026923754987910947,0.0274245588390785,0.002757195055797596,0.023375072353154225,0.2688998930093935,0.2267762086359463,near_2030s,ssp245,
city_scenario_time_slice,nominal,outermost,Phoenix,50112,3,0.028314824241316632,0.024669839938192276,0.051005478509972106,0.06730894586225444,0.002664806847721904,0.025650017393594727,0.0026939758089428497,0.02197586412924942,0.2523952078548739,0.21337988730846677,baseline_2020s,ssp585,
city_scenario_time_slice,nominal,outermost,Phoenix,50112,3,0.03790796397067165,0.03241500698551659,0.06784857521259605,0.08953118855644748,0.0026317628099866673,0.035276201160684986,0.0027152646360581924,0.029699742349458394,0.40568449899926434,0.35931487675654045,late_2080s,ssp585,
city_scenario_time_slice,nominal,outermost,Phoenix,50112,3,0.03104471210224824,0.026648912385570305,0.05687532252970139,0.07441992220849196,0.002731203440871085,0.02831350866137715,0.0028149036101708085,0.0238340087753995,0.2847600311445542,0.24257931398138588,mid_2050s,ssp585,
city_scenario_time_slice,nominal,outermost,Phoenix,50112,3,0.029866470141681218,0.02585112959805722,0.05425941679874247,0.07149000868041247,0.002676713544845538,0.027189756596835677,0.00272536869968393,0.02312576089837329,0.2626458142129697,0.21985170093316558,near_2030s,ssp585,
city_scenario_time_slice,ordinal,broad_tail,Ahmedabad,50112,3,0.1265190533253446,0.11734051918463628,0.20130595272287596,0.24835358328604515,0.026492106036417353,0.10002694728892726,0.02722016682417058,0.0901203523604657,0.326479636980507,0.29154841627472144,baseline_2020s,ssp245,
city_scenario_time_slice,ordinal,broad_tail,Ahmedabad,50112,3,0.13457185943690506,0.1248056536430013,0.21514379464559766,0.2602966099171417,0.02650423638604095,0.10806762305086409,0.02736105686126182,0.09744459678173947,0.3450254478273055,0.30752920550616814,late_2080s,ssp245,
city_scenario_time_slice,ordinal,broad_tail,Ahmedabad,50112,3,0.12944539470437547,0.1207745567626462,0.2016855063161021,0.2451745224622988,0.02693501068381349,0.10251038402056198,0.027804521793855584,0.09297003496879061,0.3308616379338176,0.29649108651720757,mid_2050s,ssp245,
city_scenario_time_slice,ordinal,broad_tail,Ahmedabad,50112,3,0.11470074546804619,0.10681213331169592,0.18105173195942154,0.22477876529122717,0.027843070921791918,0.08685767454625425,0.028572767302376175,0.07823936600931974,0.28128033166333555,0.2501923141486363,near_2030s,ssp245,
city_scenario_time_slice,ordinal,broad_tail,Ahmedabad,50112,3,0.13790226524960014,0.12963811299133407,0.20933949782387265,0.25450275109634446,0.026132482490870065,0.11176978275873008,0.0270942626185544,0.10254385037277966,0.36512368295940006,0.33130577653397325,baseline_2020s,ssp585,
city_scenario_time_slice,ordinal,broad_tail,Ahmedabad,50112,3,0.15560153693994852,0.14694262862189106,0.23685914559567667,0.2849392788531811,0.025354316240205857,0.13024722069974265,0.02628854117040155,0.1206540874514895,0.40416052508943323,0.36913237268923527,late_2080s,ssp585,
city_scenario_time_slice,ordinal,broad_tail,Ahmedabad,50112,3,0.12437234793439193,0.11543537403431095,0.19800314722199086,0.2418701935241954,0.027237191927600303,0.09713515600679164,0.028041488140209854,0.08739388589410109,0.3109775272784651,0.27631899185642417,mid_2050s,ssp585,
city_scenario_time_slice,ordinal,broad_tail,Ahmedabad,50112,3,0.1191225333307007,0.11100824694032332,0.1857526145034923,0.22792743228661919,0.02754760398598206,0.09157492934471866,0.028209099991403783,0.08279914694891954,0.2990327048319298,0.2688294549745259,near_2030s,ssp585,
city_scenario_time_slice,ordinal,broad_tail,Beijing,50112,3,0.08635411989864328,0.08905152007145956,0.11149144663050711,0.13290208744979587,0.02661902468704733,0.05973509521159593,0.025183344413760238,0.06386817565769934,0.1382262337310623,0.17086911012090938,baseline_2020s,ssp245,
city_scenario_time_slice,ordinal,broad_tail,Beijing,50112,3,0.10633159993948982,0.10847895546492482,0.13838243427043784,0.16017170975301415,0.02433638054378811,0.08199521939570172,0.023271605554592765,0.08520734991033206,0.22704107685422062,0.25138435800243947,late_2080s,ssp245,
city_scenario_time_slice,ordinal,broad_tail,Beijing,50112,3,0.09662655310915315,0.09823114980728077,0.125550842238051,0.14731587958130477,0.02523962798967328,0.07138692511947986,0.0240217444415285,0.07420940536575227,0.18805244484833758,0.21280186603281082,mid_2050s,ssp245,
city_scenario_time_slice,ordinal,broad_tail,Beijing,50112,3,0.08388233730035999,0.08645227617606321,0.10831935590704699,0.13130757378880123,0.027797527835267344,0.05608480946509264,0.026136914570067483,0.060315361605995724,0.11438839961532433,0.14877494758875834,near_2030s,ssp245,
city_scenario_time_slice,ordinal,broad_tail,Beijing,50112,3,0.0857868289339183,0.08854786160686197,0.11164785256015958,0.13483992421154917,0.02729507224655693,0.058491756687361375,0.025630309159164224,0.06291755244769774,0.12277798797114947,0.1577814047454132,baseline_2020s,ssp585,
city_scenario_time_slice,ordinal,broad_tail,Beijing,50112,3,0.11044854139149861,0.11172397296581524,0.14343713655613655,0.16685804048477137,0.024621412463583136,0.08582712892791546,0.023550410345636912,0.08817356262017835,0.24219034718218357,0.26331255169910117,late_2080s,ssp585,
city_scenario_time_slice,ordinal,broad_tail,Beijing,50112,3,0.09911482952138406,0.10096657214105101,0.12837520838807814,0.15223227419748445,0.02555954346597623,0.07355528605540784,0.024303589303951306,0.0766629828370997,0.18235477207507544,0.20953034575927065,mid_2050s,ssp585,
city_scenario_time_slice,ordinal,broad_tail,Beijing,50112,3,0.09019792079139194,0.0923590412209448,0.11909026149981251,0.14446266880572328,0.027037342973967433,0.0631605778174245,0.025456344364706136,0.06690269685623866,0.14185039507449665,0.17416953591797446,near_2030s,ssp585,
city_scenario_time_slice,ordinal,broad_tail,Guangzhou,50112,3,0.08887611279257018,0.08615632009949024,0.1168775143798064,0.13844150871009941,0.030075206839570382,0.058800905952999805,0.030065546657920373,0.056090773441569874,0.18828185760859795,0.1838036320822624,baseline_2020s,ssp245,
city_scenario_time_slice,ordinal,broad_tail,Guangzhou,50112,3,0.11547396123592944,0.11140095807042394,0.15635990712644485,0.18649257067499722,0.027258801934615617,0.08821515930131382,0.02742255146215824,0.0839784066082657,0.2898007235494973,0.27903293544672686,late_2080s,ssp245,
city_scenario_time_slice,ordinal,broad_tail,Guangzhou,50112,3,0.10355279234981556,0.09977951346409379,0.13917667710950493,0.16560394318309943,0.028114689694961687,0.07543810265485386,0.028220495183600793,0.071559018280493,0.24598383590925493,0.23611721938325556,mid_2050s,ssp245,
city_scenario_time_slice,ordinal,broad_tail,Guangzhou,50112,3,0.09285888044457777,0.09021385878358866,0.12202864420749929,0.14443061692838374,0.02976813095134228,0.06309074949323548,0.02981723686844579,0.060396621915142876,0.2025204012193516,0.19763504434733203,near_2030s,ssp245,
city_scenario_time_slice,ordinal,broad_tail,Guangzhou,50112,3,0.09243072487361974,0.08984687449939777,0.12235511112845719,0.14445704504963397,0.02985021919087972,0.06258050568274003,0.029746835049609895,0.060100039449787875,0.19802207001538716,0.1957546370609778,baseline_2020s,ssp585,
city_scenario_time_slice,ordinal,broad_tail,Guangzhou,50112,3,0.1591442930514384,0.15561941341159122,0.214759421067954,0.25118170476638985,0.023625499294263212,0.1355187937571752,0.02398790859590663,0.13163150481568453,0.4420741091514332,0.4289464177012282,late_2080s,ssp585,
city_scenario_time_slice,ordinal,broad_tail,Guangzhou,50112,3,0.10844159552534767,0.10479988882442334,0.1472093492065057,0.17437237423627508,0.02790550691609303,0.08053608860925464,0.027935426977595115,0.07686446184682823,0.261119506805341,0.2528667782015665,mid_2050s,ssp585,
city_scenario_time_slice,ordinal,broad_tail,Guangzhou,50112,3,0.09668887587891202,0.09373773836979159,0.12780080611478722,0.15159648766180753,0.02941130698357305,0.067277568895339,0.029381237016074955,0.06435650135371664,0.21310047939892085,0.2089715230647674,near_2030s,ssp585,
city_scenario_time_slice,ordinal,broad_tail,Houston,50112,3,0.09266669965171936,0.08867868604949364,0.12504090052051653,0.14594536547148054,0.029643343152286464,0.06302335649943289,0.02935205562156516,0.05932663042792845,0.19476933140973815,0.18968432042697497,baseline_2020s,ssp245,
city_scenario_time_slice,ordinal,broad_tail,Houston,50112,3,0.10691918722059648,0.10326912665194987,0.14113576659197105,0.16352269872600692,0.028596658246677058,0.07832252897391943,0.028395546318696004,0.07487358033325386,0.24728111309501313,0.24192807624462262,late_2080s,ssp245,
city_scenario_time_slice,ordinal,broad_tail,Houston,50112,3,0.09789894013633516,0.09439574209486003,0.12870046506569527,0.14945638393293387,0.02937360068955923,0.06852533944677593,0.029267588056230344,0.06512815403862968,0.21966577668215811,0.2133435271366596,mid_2050s,ssp245,
city_scenario_time_slice,ordinal,broad_tail,Houston,50112,3,0.10020175900615155,0.09606664382860816,0.13350148236667006,0.15492466997309268,0.029506945777314435,0.07069481322883711,0.02933651029618031,0.06673013353242788,0.22591160988515707,0.2191727370053793,near_2030s,ssp245,
city_scenario_time_slice,ordinal,broad_tail,Houston,50112,3,0.0993530390807687,0.0955542800547298,0.13189698001233782,0.1520051803482568,0.028754252965360057,0.07059878611540865,0.028229909950712666,0.06732437010401712,0.21873073049081784,0.21653848619197957,baseline_2020s,ssp585,
city_scenario_time_slice,ordinal,broad_tail,Houston,50112,3,0.13204822544931957,0.12972446532694365,0.16950977993499025,0.19365399239699413,0.026822454182890407,0.10522577126642917,0.026907112571120405,0.10281735275582328,0.3348920496319569,0.33046935778792186,late_2080s,ssp585,
city_scenario_time_slice,ordinal,broad_tail,Houston,50112,3,0.108582459397832,0.10461413127723625,0.14430758032658264,0.16698486054055817,0.028461515241446834,0.08012094415638518,0.02819990913213348,0.07641422214510278,0.2516322102667133,0.2460952331493716,mid_2050s,ssp585,
city_scenario_time_slice,ordinal,broad_tail,Houston,50112,3,0.0974419210625513,0.0933166029338773,0.13125891500618006,0.15317944246590046,0.02925108247458979,0.06819083858796153,0.02902417985914975,0.06429242307472754,0.21630574549868967,0.2097588990234065,near_2030s,ssp585,
city_scenario_time_slice,ordinal,broad_tail,Kolkata,50112,3,0.11451775953183307,0.11108352665594944,0.1607676116847884,0.1940273519348138,0.027106112203558314,0.08741164732827474,0.027412358989868872,0.08367116766608057,0.28663621852791193,0.2750832429805001,baseline_2020s,ssp245,
city_scenario_time_slice,ordinal,broad_tail,Kolkata,50112,3,0.13949987691454976,0.13644112290790325,0.1947474714280296,0.23100112359176603,0.0250124095602419,0.11448746735430787,0.02537986223768413,0.11106126067021911,0.3756371200635939,0.3639431186025966,late_2080s,ssp245,
city_scenario_time_slice,ordinal,broad_tail,Kolkata,50112,3,0.12524601235188523,0.12195137166692889,0.17636824130944206,0.20938110863928555,0.026083927063910713,0.09916208528797453,0.026516278210429064,0.09543509345649984,0.32710122662685415,0.3142088315722157,mid_2050s,ssp245,
city_scenario_time_slice,ordinal,broad_tail,Kolkata,50112,3,0.11443248485752054,0.11182436425948367,0.15734194451735173,0.18966725931850126,0.02708749166621849,0.08734499319130207,0.027414867313805522,0.08440949694567816,0.28669153296803207,0.27728602896081,near_2030s,ssp245,
city_scenario_time_slice,ordinal,broad_tail,Kolkata,50112,3,0.09853922592705955,0.09553813344036742,0.1361962855046264,0.16639940509841972,0.028576880003660755,0.0699623459233988,0.028890327167062916,0.0666478062733045,0.2287617064684797,0.2188024262733162,baseline_2020s,ssp585,
city_scenario_time_slice,ordinal,broad_tail,Kolkata,50112,3,0.1731164033480398,0.17053248642825708,0.24298274023094213,0.2886739066370628,0.021599457035364186,0.15151694631267562,0.02196777069263395,0.14856471573562316,0.49705467326870106,0.4851484157090087,late_2080s,ssp585,
city_scenario_time_slice,ordinal,broad_tail,Kolkata,50112,3,0.1573387036821058,0.15566527741872563,0.21563523465851633,0.25498093477009387,0.02349893325724188,0.13383977042486392,0.023890878390661587,0.13177439902806407,0.43342995965884323,0.42478063303836644,mid_2050s,ssp585,
city_scenario_time_slice,ordinal,broad_tail,Kolkata,50112,3,0.09820057045373301,0.09591507473342645,0.13276682967098272,0.15980677695438197,0.0289881471280247,0.06921242332570833,0.02922176281314326,0.06669331192028319,0.2226974154850546,0.21548085713051235,near_2030s,ssp585,
city_scenario_time_slice,ordinal,broad_tail,Phoenix,50112,3,0.10890804288695707,0.09995768288392307,0.16777274047016566,0.20481966398076865,0.02738254451066019,0.08152549837629691,0.028528381415454558,0.07142930146846853,0.2399584202287381,0.2021748274918651,baseline_2020s,ssp245,
city_scenario_time_slice,ordinal,broad_tail,Phoenix,50112,3,0.13456734725099925,0.12075896297890526,0.21071663595995246,0.25293703749176794,0.027607956520667325,0.10695939073033191,0.029030224894314213,0.09172873808459107,0.31013621513771056,0.25750621995333756,late_2080s,ssp245,
city_scenario_time_slice,ordinal,broad_tail,Phoenix,50112,3,0.12709305650952757,0.11543271316476125,0.19463615144115862,0.23435215243423096,0.02701493287500631,0.10007812363452126,0.02818734787633961,0.08724536528842164,0.2943754065653797,0.24991154389300724,mid_2050s,ssp245,
city_scenario_time_slice,ordinal,broad_tail,Phoenix,50112,3,0.12290910907611834,0.11117904119286336,0.1904401588791755,0.22925074458186348,0.027659017531047336,0.09525009154507103,0.02895018155487933,0.08222885963798404,0.27753266668546606,0.23197640950821646,near_2030s,ssp245,
city_scenario_time_slice,ordinal,broad_tail,Phoenix,50112,3,0.11933597541703836,0.10863388544742142,0.1822295116976523,0.2209027751551876,0.027478629627657628,0.09185734578938072,0.02856989275996862,0.0800639926874528,0.26457201237160344,0.22323368502460866,baseline_2020s,ssp585,
city_scenario_time_slice,ordinal,broad_tail,Phoenix,50112,3,0.16758797911095083,0.15219726151707405,0.2474740138122948,0.2911251939565471,0.026417545114287223,0.14117043399666357,0.027680205217818672,0.12451705629925536,0.4074482260939643,0.3535453837549033,late_2080s,ssp585,
city_scenario_time_slice,ordinal,broad_tail,Phoenix,50112,3,0.12994429614217262,0.11771682544427867,0.19844066992728795,0.23845348105155,0.02783072136350368,0.10211357477866893,0.029091808801558355,0.08862501664272031,0.2933631110552224,0.2470620123550205,mid_2050s,ssp585,
city_scenario_time_slice,ordinal,broad_tail,Phoenix,50112,3,0.1229164370489892,0.11142625397794487,0.19090043201574813,0.22999582105822386,0.02813770000666674,0.09477873704232244,0.029574366015077267,0.0818518879628676,0.2722244371806226,0.2262662928239423,near_2030s,ssp585,
city_scenario_time_slice,ordinal,outermost,Ahmedabad,50112,3,0.029289178499285366,0.026114144624902507,0.05470836585368748,0.07252391597075176,0.002452245713267094,0.026836932786018283,0.0024714275855942185,0.023642717039308283,0.326479636980507,0.29154841627472144,baseline_2020s,ssp245,
city_scenario_time_slice,ordinal,outermost,Ahmedabad,50112,3,0.03134292124223339,0.027732140298083272,0.058629873980081425,0.07642875130984503,0.0024211305979654533,0.028921790644267933,0.00244822160229804,0.025283918695785227,0.3450254478273055,0.30752920550616814,late_2080s,ssp245,
city_scenario_time_slice,ordinal,outermost,Ahmedabad,50112,3,0.031086518115419206,0.02778076431719455,0.056230433542595874,0.07323845610413518,0.0024216700819294757,0.028664848033489725,0.0024459950334558716,0.02533476928373868,0.3308616379338176,0.29649108651720757,mid_2050s,ssp245,
city_scenario_time_slice,ordinal,outermost,Ahmedabad,50112,3,0.026681105982423545,0.023955132711215826,0.048704052100762105,0.06496295424665412,0.0024972863123626896,0.024183819670060853,0.0025120195227121035,0.021443113188503723,0.28128033166333555,0.2501923141486363,near_2030s,ssp245,
city_scenario_time_slice,ordinal,outermost,Ahmedabad,50112,3,0.03289039816875322,0.029551849196351253,0.058256907724851974,0.07646844941081606,0.002366081218163561,0.030524316950589655,0.0023948202141879918,0.027157028982163257,0.36512368295940006,0.33130577653397325,baseline_2020s,ssp585,
city_scenario_time_slice,ordinal,outermost,Ahmedabad,50112,3,0.03661301958009496,0.033324763688797235,0.06447425106836399,0.08409258048135045,0.002253798305919838,0.03435922127417513,0.002282575694541358,0.031042187994255878,0.40416052508943323,0.36913237268923527,late_2080s,ssp585,
city_scenario_time_slice,ordinal,outermost,Ahmedabad,50112,3,0.029106557845534935,0.02593490083396552,0.053866381336831144,0.07072356032441532,0.00246173896961531,0.026644818875919626,0.002480604183904394,0.023454296650061126,0.3109775272784651,0.27631899185642417,mid_2050s,ssp585,
city_scenario_time_slice,ordinal,outermost,Ahmedabad,50112,3,0.02800089604356496,0.02513791480165237,0.05115699485230212,0.06717123640517013,0.002476529640408063,0.025524366403156896,0.0024940661512499653,0.022643848650402403,0.2990327048319298,0.2688294549745259,near_2030s,ssp585,
city_scenario_time_slice,ordinal,outermost,Beijing,50112,3,0.018013088534200236,0.01822635024814839,0.026880454789358417,0.033551738238458584,0.0027561525163128427,0.01525693601788739,0.0026809529666695594,0.01554539728147883,0.1382262337310623,0.17086911012090938,baseline_2020s,ssp245,
city_scenario_time_slice,ordinal,outermost,Beijing,50112,3,0.023995498142977075,0.023393760260396346,0.036148612141788265,0.04333602882280356,0.0025758537062295834,0.021419644436747494,0.0025415592771980086,0.02085220098319834,0.22704107685422062,0.25138435800243947,late_2080s,ssp245,
city_scenario_time_slice,ordinal,outermost,Beijing,50112,3,0.021265694655217098,0.020959972881807645,0.03199093223326246,0.03913266844874716,0.002660401646481849,0.01860529300873525,0.0026070460525122697,0.018352926829295377,0.18805244484833758,0.21280186603281082,mid_2050s,ssp245,
city_scenario_time_slice,ordinal,outermost,Beijing,50112,3,0.01737178051085734,0.01766095599556241,0.02616541637075789,0.034117733832787475,0.0028001956027552117,0.014571584908102127,0.0027067673788286825,0.01495418861673373,0.11438839961532433,0.14877494758875834,near_2030s,ssp245,
city_scenario_time_slice,ordinal,outermost,Beijing,50112,3,0.017876723902010554,0.018135918220776055,0.02747149563888249,0.03641826639058001,0.0027964231127426686,0.015080300789267883,0.0026919873920926334,0.015443930828683417,0.12277798797114947,0.1577814047454132,baseline_2020s,ssp585,
city_scenario_time_slice,ordinal,outermost,Beijing,50112,3,0.024541103046350297,0.023906326191679816,0.03635052235651394,0.04399031924565602,0.0025424851793563346,0.021998617866993964,0.0025126711823698863,0.021393655009309932,0.24219034718218357,0.26331255169910117,late_2080s,ssp585,
city_scenario_time_slice,ordinal,outermost,Beijing,50112,3,0.020947443496237294,0.020836123297656783,0.031434372355448256,0.039606048285475426,0.0027026673849093403,0.018244776111327955,0.0026223236706891468,0.01821379962696764,0.18235477207507544,0.20953034575927065,mid_2050s,ssp585,
city_scenario_time_slice,ordinal,outermost,Beijing,50112,3,0.0190675403152618,0.019291413780351443,0.02951970009886949,0.0389381125010224,0.0028095656516011554,0.016257974663660642,0.002701341818792408,0.016590071961559035,0.14185039507449665,0.17416953591797446,near_2030s,ssp585,
city_scenario_time_slice,ordinal,outermost,Guangzhou,50112,3,0.021000242958127732,0.020163095636912265,0.0310116964706361,0.03898456609687886,0.0026173310513872344,0.018382911906740497,0.002598898548909405,0.01756419708800286,0.18828185760859795,0.1838036320822624,baseline_2020s,ssp245,
city_scenario_time_slice,ordinal,outermost,Guangzhou,50112,3,0.026406875741237776,0.024908365584471466,0.040154379663213745,0.05122190705135556,0.0024855659601815314,0.02392130978105624,0.0024858585308866624,0.022422507053584805,0.2898007235494973,0.27903293544672686,late_2080s,ssp245,
city_scenario_time_slice,ordinal,outermost,Guangzhou,50112,3,0.024142130267266717,0.022860553947512782,0.036469722277316576,0.04581212673852192,0.0025448118990892233,0.021597318368177493,0.0025398642621936016,0.020320689685319186,0.24598383590925493,0.23611721938325556,mid_2050s,ssp245,
city_scenario_time_slice,ordinal,outermost,Guangzhou,50112,3,0.021452433389008044,0.02066145982026514,0.031400689000863194,0.03918033926455171,0.0025942098482636226,0.018858223540744425,0.0025810230198213676,0.01808043680044377,0.2025204012193516,0.19763504434733203,near_2030s,ssp245,
city_scenario_time_slice,ordinal,outermost,Guangzhou,50112,3,0.021309874223813353,0.020524807974829536,0.03173397698914607,0.03955204620160411,0.002624723666672917,0.018685150557140436,0.0026027472702842935,0.01792206070454524,0.19802207001538716,0.1957546370609778,baseline_2020s,ssp585,
city_scenario_time_slice,ordinal,outermost,Guangzhou,50112,3,0.03965338829115113,0.036932455723470294,0.06231079663662597,0.07860540686082,0.002180353658736446,0.03747303463241468,0.0022012266401485792,0.03473122908332172,0.4420741091514332,0.4289464177012282,late_2080s,ssp585,
city_scenario_time_slice,ordinal,outermost,Guangzhou,50112,3,0.024564749560790734,0.023307632302280085,0.03752106011472597,0.047404347464475825,0.002531818572903586,0.022032930987887146,0.002524621589340049,0.020783010712940038,0.261119506805341,0.2528667782015665,mid_2050s,ssp585,
city_scenario_time_slice,ordinal,outermost,Guangzhou,50112,3,0.02181683487070553,0.021009186794045443,0.03218840549132544,0.04051810676905723,0.0026122396836479288,0.0192045951870576,0.002591698457249459,0.01841748833679598,0.21310047939892085,0.2089715230647674,near_2030s,ssp585,
city_scenario_time_slice,ordinal,outermost,Houston,50112,3,0.021471299342985653,0.020258527933076784,0.03299599898586555,0.04197730797634596,0.002666214551465874,0.01880508479151978,0.002639937773020143,0.017618590160056645,0.19476933140973815,0.18968432042697497,baseline_2020s,ssp245,
city_scenario_time_slice,ordinal,outermost,Houston,50112,3,0.02426411199238582,0.022854953973404556,0.03678884620615306,0.04594196025948966,0.0025542170129202687,0.021709894979465544,0.0025465099290380845,0.02030844404436647,0.24728111309501313,0.24192807624462262,late_2080s,ssp245,
city_scenario_time_slice,ordinal,outermost,Houston,50112,3,0.022817602061095222,0.021539905395746142,0.034030851793859944,0.04275580658462487,0.0025810419761256947,0.02023656008496953,0.0025701864248188285,0.01896971897092732,0.21966577668215811,0.2133435271366596,mid_2050s,ssp245,
city_scenario_time_slice,ordinal,outermost,Houston,50112,3,0.02306941776716351,0.021694712920867325,0.035070497819187994,0.04421685234650136,0.002605568375092535,0.020463849392070972,0.0025859193663027844,0.019108793554564543,0.22591160988515707,0.2191727370053793,near_2030s,ssp245,
city_scenario_time_slice,ordinal,outermost,Houston,50112,3,0.022089732183518163,0.020933795624003982,0.0338048693353242,0.042452945496871806,0.0026154973345439763,0.019474234848974186,0.0025993237361644408,0.018334471887839546,0.21873073049081784,0.21653848619197957,baseline_2020s,ssp585,
city_scenario_time_slice,ordinal,outermost,Houston,50112,3,0.030700721393525976,0.028970661302802153,0.04612145950056769,0.05685868207203527,0.002393882403982795,0.028306838989543184,0.0023972917468213094,0.02657336955598084,0.3348920496319569,0.33046935778792186,late_2080s,ssp585,
city_scenario_time_slice,ordinal,outermost,Houston,50112,3,0.024452180933342352,0.022976078969613446,0.037526897680065466,0.04702307546613365,0.002557833311969911,0.02189434762137244,0.0025500504735475817,0.020426028496065864,0.2516322102667133,0.2460952331493716,mid_2050s,ssp585,
city_scenario_time_slice,ordinal,outermost,Houston,50112,3,0.022503862088882724,0.021177592182245818,0.03440499751236594,0.04346516108258044,0.0026124194753512926,0.01989144261353143,0.002591710013693266,0.01858588216855255,0.21630574549868967,0.2097588990234065,near_2030s,ssp585,
city_scenario_time_slice,ordinal,outermost,Kolkata,50112,3,0.02757768911701509,0.02592990479333524,0.043430730482175946,0.05588482413903951,0.0024368107268019214,0.025140878390213173,0.0024463907290140437,0.0234835140643212,0.28663621852791193,0.2750832429805001,baseline_2020s,ssp245,
city_scenario_time_slice,ordinal,outermost,Kolkata,50112,3,0.03416598345898413,0.032175071001050756,0.05468381121820292,0.0694139898131034,0.002269792427351657,0.03189619103163247,0.002286129710696187,0.029888941290354572,0.3756371200635939,0.3639431186025966,late_2080s,ssp245,
city_scenario_time_slice,ordinal,outermost,Kolkata,50112,3,0.030262337198571607,0.02847977407817645,0.04840280542718559,0.06157590895022471,0.002365576322481963,0.02789676087608964,0.0023793487349575643,0.026100425343218894,0.32710122662685415,0.3142088315722157,mid_2050s,ssp245,
city_scenario_time_slice,ordinal,outermost,Kolkata,50112,3,0.026807822478166408,0.025382775070547668,0.04167877452945851,0.053957743874531755,0.0024284189136712787,0.024379403564495132,0.0024398293435328863,0.022942945727014788,0.28669153296803207,0.27728602896081,near_2030s,ssp245,
city_scenario_time_slice,ordinal,outermost,Kolkata,50112,3,0.023387628156281058,0.02216678894322785,0.03600478832787294,0.04632914098446925,0.0025083221119027916,0.020879306044378262,0.0025134156133635216,0.01965337332986433,0.2287617064684797,0.2188024262733162,baseline_2020s,ssp585,
city_scenario_time_slice,ordinal,outermost,Kolkata,50112,3,0.04258230799362836,0.04001790683850963,0.06983960018840148,0.09025846961319117,0.0020624837013694455,0.040519824292258914,0.0020872797719319685,0.037930627066577655,0.49705467326870106,0.4851484157090087,late_2080s,ssp585,
city_scenario_time_slice,ordinal,outermost,Kolkata,50112,3,0.037068062184824294,0.03520429284135374,0.059053451559695616,0.07563340155429685,0.0021733890436217702,0.03489467314120253,0.0021954777662602475,0.0330088150750935,0.43342995965884323,0.42478063303836644,mid_2050s,ssp585,
city_scenario_time_slice,ordinal,outermost,Kolkata,50112,3,0.023139597887945267,0.022078041914464466,0.035079254833692855,0.044661003300690276,0.0025123438068965043,0.020627254081048763,0.002515355059267312,0.019562686855197155,0.2226974154850546,0.21548085713051235,near_2030s,ssp585,
city_scenario_time_slice,ordinal,outermost,Phoenix,50112,3,0.024262873271152167,0.021561643899677147,0.044307764523407005,0.05930683994496954,0.002606975085420528,0.021655898185731645,0.0026277257264865368,0.018933918173190616,0.2399584202287381,0.2021748274918651,baseline_2020s,ssp245,
city_scenario_time_slice,ordinal,outermost,Phoenix,50112,3,0.02974302087565007,0.02514239099936069,0.05765992886624674,0.0771764108529083,0.0025549702944442443,0.027188050581205825,0.0026014815802680395,0.022540909419092644,0.31013621513771056,0.25750621995333756,late_2080s,ssp245,
city_scenario_time_slice,ordinal,outermost,Phoenix,50112,3,0.028288462441931228,0.024416464250820617,0.05328046506566428,0.07196837404306623,0.002571437565177958,0.025717024876753272,0.002606931612509436,0.021809532638311178,0.2943754065653797,0.24991154389300724,mid_2050s,ssp245,
city_scenario_time_slice,ordinal,outermost,Phoenix,50112,3,0.02767446102295127,0.023957283936758767,0.05280890368792005,0.0705292911522267,0.002604426035444988,0.02507003498750628,0.002650781420769336,0.021306502515989423,0.27753266668546606,0.23197640950821646,near_2030s,ssp245,
city_scenario_time_slice,ordinal,outermost,Phoenix,50112,3,0.025847379318285773,0.022643855998574276,0.047753971514834286,0.06428124764985967,0.0025965226725792774,0.023250856645706496,0.0026253493531721386,0.02001850664540214,0.26457201237160344,0.22323368502460866,baseline_2020s,ssp585,
city_scenario_time_slice,ordinal,outermost,Phoenix,50112,3,0.03615562375383394,0.03039793946559993,0.06791748515600028,0.0928180967894902,0.002427182317863594,0.03372844143597035,0.00249965828779189,0.02789828117780804,0.4074482260939643,0.3535453837549033,late_2080s,ssp585,
city_scenario_time_slice,ordinal,outermost,Phoenix,50112,3,0.02856604086100274,0.024387708382409192,0.05448446861955502,0.07274768018783845,0.0025841658528021785,0.025981875008200556,0.002636414583009468,0.02175129379939973,0.2933631110552224,0.2470620123550205,mid_2050s,ssp585,
city_scenario_time_slice,ordinal,outermost,Phoenix,50112,3,0.027523018485667614,0.023799701818028738,0.0521323763651529,0.0699206367324062,0.0025952308591820276,0.024927787626485582,0.0026329641682135215,0.021166737649815217,0.2722244371806226,0.2262662928239423,near_2030s,ssp585,
city_scenario_time_slice,stored_ordinal,broad_tail,Ahmedabad,50112,3,0.12795759591970612,0.11883372552303452,0.20304985158352945,0.2502787272322558,,,,,0.3324048314363857,0.2979788416883188,baseline_2020s,ssp245,
city_scenario_time_slice,stored_ordinal,broad_tail,Ahmedabad,50112,3,0.1360738895755736,0.12635599312138382,0.21690974218370537,0.2623036416412102,,,,,0.3512813477471634,0.31425655505129746,late_2080s,ssp245,
city_scenario_time_slice,stored_ordinal,broad_tail,Ahmedabad,50112,3,0.13077085174089736,0.12216426566137126,0.20324094327417505,0.24694872722139974,,,,,0.3365210886990796,0.3026521755555958,mid_2050s,ssp245,
city_scenario_time_slice,stored_ordinal,broad_tail,Ahmedabad,50112,3,0.11597602485656745,0.10815931723699361,0.1826443345803864,0.22656093351848125,,,,,0.28686411218380903,0.25628255433296715,near_2030s,ssp245,
city_scenario_time_slice,stored_ordinal,broad_tail,Ahmedabad,50112,3,0.13929304067249584,0.131097690616154,0.21100722183223722,0.25629479147292017,,,,,0.37095905566798915,0.3376838781183638,baseline_2020s,ssp585,
city_scenario_time_slice,stored_ordinal,broad_tail,Ahmedabad,50112,3,0.15712065818034274,0.14850831415980092,0.23855328588097505,0.2868175525984295,,,,,0.41045325118293413,0.37583652468174533,late_2080s,ssp585,
city_scenario_time_slice,stored_ordinal,broad_tail,Ahmedabad,50112,3,0.12574723442399224,0.11686917608086429,0.19968748035439882,0.2437527798603187,,,,,0.3168401979484489,0.2826734058872009,mid_2050s,ssp585,
city_scenario_time_slice,stored_ordinal,broad_tail,Ahmedabad,50112,3,0.12040120232368956,0.11234656972929308,0.18735966344966368,0.22967012759913397,,,,,0.3044660187722094,0.27477163641638797,near_2030s,ssp585,
city_scenario_time_slice,stored_ordinal,broad_tail,Beijing,50112,3,0.08655647120107736,0.08932159952783739,0.11183312359845711,0.1333996336049124,,,,,0.13831879631420277,0.17158993427073127,baseline_2020s,ssp245,
city_scenario_time_slice,stored_ordinal,broad_tail,Beijing,50112,3,0.10674688458820475,0.10894989449109742,0.1388612391926756,0.16081177824475484,,,,,0.22779429066002252,0.25278764106747625,late_2080s,ssp245,
city_scenario_time_slice,stored_ordinal,broad_tail,Beijing,50112,3,0.09696733541380836,0.09863582010239659,0.12597779468602507,0.14794353379043368,,,,,0.1886622715801398,0.21406169424279187,mid_2050s,ssp245,
city_scenario_time_slice,stored_ordinal,broad_tail,Beijing,50112,3,0.08405300143066252,0.08668458257671849,0.10859209425831373,0.13173206625581232,,,,,0.1144220699582912,0.14934973314456446,near_2030s,ssp245,
city_scenario_time_slice,stored_ordinal,broad_tail,Beijing,50112,3,0.08596965463846205,0.08879503392042984,0.11194769564815801,0.1353083178695637,,,,,0.12274786648260165,0.1583400139575633,baseline_2020s,ssp585,
city_scenario_time_slice,stored_ordinal,broad_tail,Beijing,50112,3,0.11099386992593385,0.11232759342465332,0.14404450238133037,0.16767123475699072,,,,,0.2435169072214883,0.26523532242201847,late_2080s,ssp585,
city_scenario_time_slice,stored_ordinal,broad_tail,Beijing,50112,3,0.09949467360524522,0.10140508751789368,0.12884422539727522,0.15285704207014386,,,,,0.18313626919426693,0.21087235010188174,mid_2050s,ssp585,
city_scenario_time_slice,stored_ordinal,broad_tail,Beijing,50112,3,0.09046696006985325,0.09269171052567791,0.11947256915447525,0.14499110293320402,,,,,0.14221277944886315,0.17509614594047102,near_2030s,ssp585,
city_scenario_time_slice,stored_ordinal,broad_tail,Guangzhou,50112,3,0.08963541788353184,0.08699744943472479,0.11792434337971433,0.1395929640162034,,,,,0.19171889564547906,0.1877882578684718,baseline_2020s,ssp245,
city_scenario_time_slice,stored_ordinal,broad_tail,Guangzhou,50112,3,0.11658997738964544,0.11258731600744909,0.15770338086961508,0.18789831438433158,,,,,0.2943217186293384,0.2840765712912579,late_2080s,ssp245,
city_scenario_time_slice,stored_ordinal,broad_tail,Guangzhou,50112,3,0.10452526126928961,0.10081884886228967,0.14039902273356852,0.16691395022717842,,,,,0.25014723283917906,0.24079484504663232,mid_2050s,ssp245,
city_scenario_time_slice,stored_ordinal,broad_tail,Guangzhou,50112,3,0.09368257878139932,0.09111817600420373,0.12313549795127846,0.1456313757687152,,,,,0.2061967589925893,0.2018490909942586,near_2030s,ssp245,
city_scenario_time_slice,stored_ordinal,broad_tail,Guangzhou,50112,3,0.09321014476714498,0.090699960005639,0.123394716545964,0.14562574411726475,,,,,0.201455730532315,0.1997177135007338,baseline_2020s,ssp585,
city_scenario_time_slice,stored_ordinal,broad_tail,Guangzhou,50112,3,0.16055913456726473,0.15706074420068633,0.21623981555318894,0.25262913887569216,,,,,0.4473646902152365,0.4346288671845992,late_2080s,ssp585,
city_scenario_time_slice,stored_ordinal,broad_tail,Guangzhou,50112,3,0.10950286194498235,0.10592762434942336,0.14852888061572767,0.1757883919477436,,,,,0.26546873227026757,0.2577308781653689,mid_2050s,ssp585,
city_scenario_time_slice,stored_ordinal,broad_tail,Guangzhou,50112,3,0.09753060345962829,0.09464714115987496,0.1288965445073204,0.15278420872228163,,,,,0.2167606980963026,0.21316571071942073,near_2030s,ssp585,
city_scenario_time_slice,stored_ordinal,broad_tail,Houston,50112,3,0.09332383976331159,0.08941463489566126,0.12594908375620942,0.14698350215336745,,,,,0.19744524708064368,0.19299637285479276,baseline_2020s,ssp245,
city_scenario_time_slice,stored_ordinal,broad_tail,Houston,50112,3,0.10772378011312868,0.10415700727228969,0.14215761588689807,0.1646396364044233,,,,,0.2503243413148343,0.245612646426726,late_2080s,ssp245,
city_scenario_time_slice,stored_ordinal,broad_tail,Houston,50112,3,0.09861727710227224,0.0952182658543445,0.1296768283172773,0.15060175872569245,,,,,0.22254424177869173,0.2169321861203916,mid_2050s,ssp245,
city_scenario_time_slice,stored_ordinal,broad_tail,Houston,50112,3,0.10093824736664378,0.0968964177543667,0.13450889447089887,0.1560392285767801,,,,,0.22878910224783394,0.22275707651909893,near_2030s,ssp245,
city_scenario_time_slice,stored_ordinal,broad_tail,Houston,50112,3,0.10006150559639045,0.09632622547021831,0.1328128485060145,0.15302461681970447,,,,,0.2212408124316872,0.21968090107566515,baseline_2020s,ssp585,
city_scenario_time_slice,stored_ordinal,broad_tail,Houston,50112,3,0.13305449356244026,0.13082765399844024,0.17067656075827198,0.19486681524949961,,,,,0.3386104392501702,0.3348011908536917,late_2080s,ssp585,
city_scenario_time_slice,stored_ordinal,broad_tail,Houston,50112,3,0.10942820801987416,0.10554074173713689,0.14538924459958064,0.16809094723678025,,,,,0.25479220348183396,0.2498914621929929,mid_2050s,ssp585,
city_scenario_time_slice,stored_ordinal,broad_tail,Houston,50112,3,0.09817834779952637,0.09415000483475451,0.13225379194245035,0.15432858285459233,,,,,0.2192218245991347,0.21333478471699702,near_2030s,ssp585,
city_scenario_time_slice,stored_ordinal,broad_tail,Kolkata,50112,3,0.11563851257680419,0.11228893237460073,0.1621939201173138,0.19556823032163503,,,,,0.29149948202941517,0.28048917971962395,baseline_2020s,ssp245,
city_scenario_time_slice,stored_ordinal,broad_tail,Kolkata,50112,3,0.14087021459404564,0.13788298511699804,0.19631490816763925,0.23264925781714618,,,,,0.38117735462943203,0.36993278740518587,late_2080s,ssp245,
city_scenario_time_slice,stored_ordinal,broad_tail,Kolkata,50112,3,0.1264822000433697,0.12327315448936035,0.17784223991927325,0.2110134933482759,,,,,0.33226461920767925,0.31988113310641564,mid_2050s,ssp245,
city_scenario_time_slice,stored_ordinal,broad_tail,Kolkata,50112,3,0.11556135887315254,0.11305662043686472,0.158739455223614,0.1911736573963318,,,,,0.29152726997013684,0.2826896933134617,near_2030s,ssp245,
city_scenario_time_slice,stored_ordinal,broad_tail,Kolkata,50112,3,0.09947527122540997,0.09658098641878889,0.1374395395758171,0.1678179081202743,,,,,0.23315159979186403,0.22376230059234065,baseline_2020s,ssp585,
city_scenario_time_slice,stored_ordinal,broad_tail,Kolkata,50112,3,0.17485191661331162,0.1722982795234356,0.24486355764823395,0.29050380361335676,,,,,0.5037125964305676,0.4920977947971113,late_2080s,ssp585,
city_scenario_time_slice,stored_ordinal,broad_tail,Kolkata,50112,3,0.15890443242276134,0.15727523482590922,0.21729165636360814,0.256651550149752,,,,,0.4394766311068216,0.4312144106586308,mid_2050s,ssp585,
city_scenario_time_slice,stored_ordinal,broad_tail,Kolkata,50112,3,0.09910684895860761,0.09691341320587922,0.1339731764195195,0.1611579059128535,,,,,0.22680084008205179,0.2201770440925541,near_2030s,ssp585,
city_scenario_time_slice,stored_ordinal,broad_tail,Phoenix,50112,3,0.1097456247772768,0.10078887535135002,0.16896549957832657,0.2061843374821966,,,,,0.24403866128783622,0.2067039986539928,baseline_2020s,ssp245,
city_scenario_time_slice,stored_ordinal,broad_tail,Phoenix,50112,3,0.13564648963670342,0.1218293391294977,0.21208840256645647,0.2543602595473226,,,,,0.3151979248488097,0.26301581909665467,late_2080s,ssp245,
city_scenario_time_slice,stored_ordinal,broad_tail,Phoenix,50112,3,0.1281088710095912,0.1164477678013176,0.19597917256431402,0.23576622373445547,,,,,0.299033350369746,0.25503375767621295,mid_2050s,ssp245,
city_scenario_time_slice,stored_ordinal,broad_tail,Phoenix,50112,3,0.12393525314708673,0.11218467744438292,0.19181942868811971,0.23071179126569913,,,,,0.28225975886859067,0.2371418410363059,near_2030s,ssp245,
city_scenario_time_slice,stored_ordinal,broad_tail,Phoenix,50112,3,0.12030595596410183,0.10958076010643407,0.18350382497989412,0.22232761828618558,,,,,0.2690863132561817,0.22817238993026648,baseline_2020s,ssp585,
city_scenario_time_slice,stored_ordinal,broad_tail,Phoenix,50112,3,0.16869958750586964,0.15333714182175578,0.24873089884297503,0.29249409449502406,,,,,0.4123843023525413,0.3589590257467072,late_2080s,ssp585,
city_scenario_time_slice,stored_ordinal,broad_tail,Phoenix,50112,3,0.13100996949464436,0.11875624912854307,0.19979590995502433,0.2398871298693423,,,,,0.2983020542189788,0.2524297112250448,mid_2050s,ssp585,
city_scenario_time_slice,stored_ordinal,broad_tail,Phoenix,50112,3,0.1238959855460045,0.11237827120264954,0.19221143644215288,0.23144431823392017,,,,,0.27699429588811836,0.231474167591714,near_2030s,ssp585,
