weather,city,scenario_raw,time_slice,severity,weather_year,scenario,watts_person,met,bsa_m2,rows,mean_mu,mean_p_tail_mean_agg,p95_p_tail_mean_agg,high_tail_mean_agg_pct,mean_max_zone_p_tail,p95_max_zone_p_tail,any_zone_high_tail_pct,mean_p90_zone_p_tail,mean_zones_high_tail,warm_dominant_pct,cold_dominant_pct
ahmedabad_ssp245_baseline_2020s_heatwave_extreme_2029,Ahmedabad,ssp245,baseline_2020s,heatwave_extreme,2029,COMP-Lo,90.0,0.9,1.7182130584192439,16704,0.10385766625404358,0.10569484531879425,0.1753303326666355,2.0114942528735633,0.16843999922275543,0.3172176778316498,20.174808429118773,0.142947718501091,0.5572318007662835,51.95162835249042,4.873084291187739
ahmedabad_ssp245_baseline_2020s_heatwave_extreme_2029,Ahmedabad,ssp245,baseline_2020s,heatwave_extreme,2029,S-real,93.2,0.932,1.7182130584192439,16704,0.11707083135843277,0.10472897440195084,0.1732885397970675,1.9276819923371646,0.17142453789710999,0.36242175102233887,22.44971264367816,0.1441451460123062,0.595426245210728,53.059147509578544,4.352250957854406
ahmedabad_ssp245_baseline_2020s_heatwave_extreme_2029,Ahmedabad,ssp245,baseline_2020s,heatwave_extreme,2029,COMP-Med,100.0,1.0,1.7182130584192439,16704,0.07345983386039734,0.13807129859924316,0.2175605334341525,8.087883141762452,0.21607939898967743,0.375043660402298,43.18127394636016,0.1852298080921173,1.5531010536398469,46.52777777777778,25.754310344827587
ahmedabad_ssp245_baseline_2020s_heatwave_extreme_2029,Ahmedabad,ssp245,baseline_2020s,heatwave_extreme,2029,EQ-Max,108.0,1.08,1.7182130584192439,16704,0.4614340364933014,0.18286246061325073,0.38860298395156856,33.4051724137931,0.34297794103622437,0.624157190322876,66.34937739463601,0.28423964977264404,4.151700191570881,92.81609195402298,0.023946360153256702
ahmedabad_ssp245_baseline_2020s_heatwave_extreme_2029,Ahmedabad,ssp245,baseline_2020s,heatwave_extreme,2029,COMP-Hi,110.0,1.1,1.7182130584192439,16704,0.3596171438694,0.13678190112113953,0.2984352871775627,19.21096743295019,0.2597988247871399,0.5244166851043701,59.43486590038314,0.21243375539779663,3.3326149425287355,66.32543103448276,0.6345785440613027
ahmedabad_ssp245_baseline_2020s_heatwave_extreme_2029,Ahmedabad,ssp245,baseline_2020s,heatwave_extreme,2029,LEGACY,120.0,1.2,1.7182130584192439,16704,0.36213356256484985,0.1622827649116516,0.3091746047139168,25.880028735632184,0.28286024928092957,0.5213558077812195,66.31944444444444,0.23895210027694702,4.0119731800766285,75.6764846743295,0.7303639846743295
ahmedabad_ssp245_baseline_2020s_hot_2029,Ahmedabad,ssp245,baseline_2020s,hot,2029,COMP-Lo,90.0,0.9,1.7182130584192439,16704,0.10385766625404358,0.10569484531879425,0.1753303326666355,2.0114942528735633,0.16843999922275543,0.3172176778316498,20.174808429118773,0.142947718501091,0.5572318007662835,51.95162835249042,4.873084291187739
ahmedabad_ssp245_baseline_2020s_hot_2029,Ahmedabad,ssp245,baseline_2020s,hot,2029,S-real,93.2,0.932,1.7182130584192439,16704,0.11707083135843277,0.10472897440195084,0.1732885397970675,1.9276819923371646,0.17142453789710999,0.36242175102233887,22.44971264367816,0.1441451460123062,0.595426245210728,53.059147509578544,4.352250957854406
ahmedabad_ssp245_baseline_2020s_hot_2029,Ahmedabad,ssp245,baseline_2020s,hot,2029,COMP-Med,100.0,1.0,1.7182130584192439,16704,0.07345983386039734,0.13807129859924316,0.2175605334341525,8.087883141762452,0.21607939898967743,0.375043660402298,43.18127394636016,0.1852298080921173,1.5531010536398469,46.52777777777778,25.754310344827587
ahmedabad_ssp245_baseline_2020s_hot_2029,Ahmedabad,ssp245,baseline_2020s,hot,2029,EQ-Max,108.0,1.08,1.7182130584192439,16704,0.4614340364933014,0.18286246061325073,0.38860298395156856,33.4051724137931,0.34297794103622437,0.624157190322876,66.34937739463601,0.28423964977264404,4.151700191570881,92.81609195402298,0.023946360153256702
ahmedabad_ssp245_baseline_2020s_hot_2029,Ahmedabad,ssp245,baseline_2020s,hot,2029,COMP-Hi,110.0,1.1,1.7182130584192439,16704,0.3596171438694,0.13678190112113953,0.2984352871775627,19.21096743295019,0.2597988247871399,0.5244166851043701,59.43486590038314,0.21243375539779663,3.3326149425287355,66.32543103448276,0.6345785440613027
ahmedabad_ssp245_baseline_2020s_hot_2029,Ahmedabad,ssp245,baseline_2020s,hot,2029,LEGACY,120.0,1.2,1.7182130584192439,16704,0.36213356256484985,0.1622827649116516,0.3091746047139168,25.880028735632184,0.28286024928092957,0.5213558077812195,66.31944444444444,0.23895210027694702,4.0119731800766285,75.6764846743295,0.7303639846743295
ahmedabad_ssp245_baseline_2020s_typical_2025,Ahmedabad,ssp245,baseline_2020s,typical,2025,COMP-Lo,90.0,0.9,1.7182130584192439,16704,0.057927586138248444,0.0958702564239502,0.1510520614683628,0.5687260536398467,0.1500006765127182,0.2975656986236572,13.73323754789272,0.12818726897239685,0.29747365900383144,39.87667624521073,6.142241379310344
ahmedabad_ssp245_baseline_2020s_typical_2025,Ahmedabad,ssp245,baseline_2020s,typical,2025,S-real,93.2,0.932,1.7182130584192439,16704,0.06705164909362793,0.09488586336374283,0.14961687475442878,0.5328065134099617,0.15266506373882294,0.3006022274494171,16.073994252873565,0.12959906458854675,0.3541666666666667,41.19971264367816,5.268199233716475
ahmedabad_ssp245_baseline_2020s_typical_2025,Ahmedabad,ssp245,baseline_2020s,typical,2025,COMP-Med,100.0,1.0,1.7182130584192439,16704,0.004973342176526785,0.12693355977535248,0.1867519825696945,3.38242337164751,0.19500485062599182,0.37435781955718994,35.9794061302682,0.1691051423549652,1.028316570881226,36.29669540229885,33.872126436781606
ahmedabad_ssp245_baseline_2020s_typical_2025,Ahmedabad,ssp245,baseline_2020s,typical,2025,EQ-Max,108.0,1.08,1.7182130584192439,16704,0.376526802778244,0.1532425582408905,0.32597554624080644,21.94683908045977,0.303744375705719,0.624157190322876,54.94492337164751,0.24933268129825592,2.7764607279693485,89.9485153256705,0.07183908045977011
ahmedabad_ssp245_baseline_2020s_typical_2025,Ahmedabad,ssp245,baseline_2020s,typical,2025,COMP-Hi,110.0,1.1,1.7182130584192439,16704,0.28411880135536194,0.11518573015928268,0.2501599565148353,10.39272030651341,0.2278566062450409,0.5244166851043701,48.78472222222222,0.18432623147964478,2.126676245210728,57.26173371647509,0.8261494252873564
ahmedabad_ssp245_baseline_2020s_typical_2025,Ahmedabad,ssp245,baseline_2020s,typical,2025,LEGACY,120.0,1.2,1.7182130584192439,16704,0.29473698139190674,0.13893471658229828,0.27174855172634105,15.211925287356323,0.25200751423835754,0.45902225375175476,56.46551724137932,0.21087734401226044,2.7366499042145596,68.5823754789272,0.9458812260536399
ahmedabad_ssp245_late_2080s_heatwave_extreme_2081,Ahmedabad,ssp245,late_2080s,heatwave_extreme,2081,COMP-Lo,90.0,0.9,1.7182130584192439,16704,0.10444232821464539,0.10903651267290115,0.18520684987306588,3.1190134099616857,0.17280256748199463,0.36242175102233887,21.80316091954023,0.1481200009584427,0.6014128352490421,52.071360153256705,7.207854406130268
ahmedabad_ssp245_late_2080s_heatwave_extreme_2081,Ahmedabad,ssp245,late_2080s,heatwave_extreme,2081,S-real,93.2,0.932,1.7182130584192439,16704,0.1177251935005188,0.1077607125043869,0.182435654848814,2.7658045977011496,0.1760227233171463,0.36242175102233887,24.14990421455939,0.15000101923942566,0.6467911877394636,52.73587164750958,6.579262452107279
ahmedabad_ssp245_late_2080s_heatwave_extreme_2081,Ahmedabad,ssp245,late_2080s,heatwave_extreme,2081,COMP-Med,100.0,1.0,1.7182130584192439,16704,0.07551714777946472,0.1422419250011444,0.23054401353001588,10.961446360153257,0.22306500375270844,0.375043660402298,48.77274904214559,0.1936465948820114,1.9476772030651341,47.497605363984675,27.328783524904214
ahmedabad_ssp245_late_2080s_heatwave_extreme_2081,Ahmedabad,ssp245,late_2080s,heatwave_extreme,2081,EQ-Max,108.0,1.08,1.7182130584192439,16704,0.46327176690101624,0.18599681556224823,0.3983860343694687,34.28520114942529,0.35445499420166016,0.6271936893463135,68.9176245210728,0.2955976128578186,4.419719827586207,91.18175287356321,0.11374521072796935
ahmedabad_ssp245_late_2080s_heatwave_extreme_2081,Ahmedabad,ssp245,late_2080s,heatwave_extreme,2081,COMP-Hi,110.0,1.1,1.7182130584192439,16704,0.3707018792629242,0.14272204041481018,0.31221184581518174,21.00095785440613,0.2716599404811859,0.5259472131729126,63.086685823754785,0.22502437233924866,3.7148587164750957,67.28927203065133,1.6463122605363985
ahmedabad_ssp245_late_2080s_heatwave_extreme_2081,Ahmedabad,ssp245,late_2080s,heatwave_extreme,2081,LEGACY,120.0,1.2,1.7182130584192439,16704,0.3645835816860199,0.16706064343452454,0.32487537413835516,27.975335249042143,0.2918735146522522,0.5244118213653564,69.41451149425288,0.24885641038417816,4.346264367816092,76.41283524904215,1.933668582375479
ahmedabad_ssp245_late_2080s_hot_2081,Ahmedabad,ssp245,late_2080s,hot,2081,COMP-Lo,90.0,0.9,1.7182130584192439,16704,0.10444232821464539,0.10903651267290115,0.18520684987306588,3.1190134099616857,0.17280256748199463,0.36242175102233887,21.80316091954023,0.1481200009584427,0.6014128352490421,52.071360153256705,7.207854406130268
ahmedabad_ssp245_late_2080s_hot_2081,Ahmedabad,ssp245,late_2080s,hot,2081,S-real,93.2,0.932,1.7182130584192439,16704,0.1177251935005188,0.1077607125043869,0.182435654848814,2.7658045977011496,0.1760227233171463,0.36242175102233887,24.14990421455939,0.15000101923942566,0.6467911877394636,52.73587164750958,6.579262452107279
ahmedabad_ssp245_late_2080s_hot_2081,Ahmedabad,ssp245,late_2080s,hot,2081,COMP-Med,100.0,1.0,1.7182130584192439,16704,0.07551714777946472,0.1422419250011444,0.23054401353001588,10.961446360153257,0.22306500375270844,0.375043660402298,48.77274904214559,0.1936465948820114,1.9476772030651341,47.497605363984675,27.328783524904214
ahmedabad_ssp245_late_2080s_hot_2081,Ahmedabad,ssp245,late_2080s,hot,2081,EQ-Max,108.0,1.08,1.7182130584192439,16704,0.46327176690101624,0.18599681556224823,0.3983860343694687,34.28520114942529,0.35445499420166016,0.6271936893463135,68.9176245210728,0.2955976128578186,4.419719827586207,91.18175287356321,0.11374521072796935
ahmedabad_ssp245_late_2080s_hot_2081,Ahmedabad,ssp245,late_2080s,hot,2081,COMP-Hi,110.0,1.1,1.7182130584192439,16704,0.3707018792629242,0.14272204041481018,0.31221184581518174,21.00095785440613,0.2716599404811859,0.5259472131729126,63.086685823754785,0.22502437233924866,3.7148587164750957,67.28927203065133,1.6463122605363985
ahmedabad_ssp245_late_2080s_hot_2081,Ahmedabad,ssp245,late_2080s,hot,2081,LEGACY,120.0,1.2,1.7182130584192439,16704,0.3645835816860199,0.16706064343452454,0.32487537413835516,27.975335249042143,0.2918735146522522,0.5244118213653564,69.41451149425288,0.24885641038417816,4.346264367816092,76.41283524904215,1.933668582375479
ahmedabad_ssp245_late_2080s_typical_2086,Ahmedabad,ssp245,late_2080s,typical,2086,COMP-Lo,90.0,0.9,1.7182130584192439,16704,0.08534961193799973,0.10276094824075699,0.19205318912863717,4.352250957854406,0.15754471719264984,0.36242175102233887,17.95977011494253,0.13726450502872467,0.7409003831417624,42.444923371647505,6.220067049808429
ahmedabad_ssp245_late_2080s_typical_2086,Ahmedabad,ssp245,late_2080s,typical,2086,S-real,93.2,0.932,1.7182130584192439,16704,0.09696833789348602,0.1023104190826416,0.19298304617404935,4.4959291187739465,0.16131886839866638,0.36242175102233887,21.384099616858236,0.1401740312576294,0.8456657088122606,43.702107279693486,5.022749042145594
ahmedabad_ssp245_late_2080s_typical_2086,Ahmedabad,ssp245,late_2080s,typical,2086,COMP-Med,100.0,1.0,1.7182130584192439,16704,0.044831421226263046,0.13595490157604218,0.2527006998658176,9.18941570881226,0.20508567988872528,0.375043660402298,39.42169540229885,0.18041077256202698,1.7403615900383143,38.81106321839081,33.97389846743295
ahmedabad_ssp245_late_2080s_typical_2086,Ahmedabad,ssp245,late_2080s,typical,2086,EQ-Max,108.0,1.08,1.7182130584192439,16704,0.4132256507873535,0.16752499341964722,0.4130523383617399,25.796216475095786,0.31994378566741943,0.6271936893463135,56.770833333333336,0.2688775360584259,3.3020833333333335,87.52993295019157,0.011973180076628351
ahmedabad_ssp245_late_2080s_typical_2086,Ahmedabad,ssp245,late_2080s,typical,2086,COMP-Hi,110.0,1.1,1.7182130584192439,16704,0.32053694128990173,0.12783217430114746,0.3333258971571922,14.87667624521073,0.24112489819526672,0.5259472131729126,51.358955938697314,0.2015136033296585,2.8220186781609193,57.8125,0.5507662835249042
ahmedabad_ssp245_late_2080s_typical_2086,Ahmedabad,ssp245,late_2080s,typical,2086,LEGACY,120.0,1.2,1.7182130584192439,16704,0.33059659600257874,0.15237559378147125,0.3519592612981796,19.09123563218391,0.26868176460266113,0.5297576189041138,58.632662835249036,0.2288063019514084,3.328125,68.6661877394636,0.610632183908046
ahmedabad_ssp245_mid_2050s_heatwave_extreme_2059,Ahmedabad,ssp245,mid_2050s,heatwave_extreme,2059,COMP-Lo,90.0,0.9,1.7182130584192439,16704,0.11446697264909744,0.10895932465791702,0.211733866482973,6.908524904214559,0.1675557643175125,0.36242175102233887,21.81513409961686,0.14442546665668488,0.8453065134099617,47.575431034482754,5.16044061302682
ahmedabad_ssp245_mid_2050s_heatwave_extreme_2059,Ahmedabad,ssp245,mid_2050s,heatwave_extreme,2059,S-real,93.2,0.932,1.7182130584192439,16704,0.12456182390451431,0.10783150047063828,0.2061664029955863,6.082375478927203,0.1705145388841629,0.36242175102233887,24.14990421455939,0.14620831608772278,0.8265086206896551,49.1558908045977,4.531848659003831
ahmedabad_ssp245_mid_2050s_heatwave_extreme_2059,Ahmedabad,ssp245,mid_2050s,heatwave_extreme,2059,COMP-Med,100.0,1.0,1.7182130584192439,16704,0.08164303004741669,0.1425381749868393,0.2526023402810095,13.595545977011495,0.2158602923154831,0.375043660402298,45.77346743295019,0.1890169084072113,2.1737308429118776,43.63026819923372,28.735632183908045
ahmedabad_ssp245_mid_2050s_heatwave_extreme_2059,Ahmedabad,ssp245,mid_2050s,heatwave_extreme,2059,EQ-Max,108.0,1.08,1.7182130584192439,16704,0.4613066613674164,0.18343816697597504,0.4221546337008476,30.124521072796934,0.3386320173740387,0.624157190322876,63.230363984674334,0.28192824125289917,4.119312739463601,91.31345785440614,0.017959770114942528
ahmedabad_ssp245_mid_2050s_heatwave_extreme_2059,Ahmedabad,ssp245,mid_2050s,heatwave_extreme,2059,COMP-Hi,110.0,1.1,1.7182130584192439,16704,0.3646940588951111,0.14102788269519806,0.33838752657175053,20.779454022988507,0.2577526867389679,0.5243842601776123,57.004310344827594,0.21352116763591766,3.6095545977011496,62.48204022988506,0.8261494252873564
ahmedabad_ssp245_mid_2050s_heatwave_extreme_2059,Ahmedabad,ssp245,mid_2050s,heatwave_extreme,2059,LEGACY,120.0,1.2,1.7182130584192439,16704,0.36344730854034424,0.162858784198761,0.3391551718115806,25.059865900383144,0.27820611000061035,0.5213801860809326,63.2183908045977,0.23670563101768494,4.05621408045977,73.14415708812261,1.0835727969348659
ahmedabad_ssp245_mid_2050s_hot_2059,Ahmedabad,ssp245,mid_2050s,hot,2059,COMP-Lo,90.0,0.9,1.7182130584192439,16704,0.11446697264909744,0.10895932465791702,0.211733866482973,6.908524904214559,0.1675557643175125,0.36242175102233887,21.81513409961686,0.14442546665668488,0.8453065134099617,47.575431034482754,5.16044061302682
ahmedabad_ssp245_mid_2050s_hot_2059,Ahmedabad,ssp245,mid_2050s,hot,2059,S-real,93.2,0.932,1.7182130584192439,16704,0.12456182390451431,0.10783150047063828,0.2061664029955863,6.082375478927203,0.1705145388841629,0.36242175102233887,24.14990421455939,0.14620831608772278,0.8265086206896551,49.1558908045977,4.531848659003831
ahmedabad_ssp245_mid_2050s_hot_2059,Ahmedabad,ssp245,mid_2050s,hot,2059,COMP-Med,100.0,1.0,1.7182130584192439,16704,0.08164303004741669,0.1425381749868393,0.2526023402810095,13.595545977011495,0.2158602923154831,0.375043660402298,45.77346743295019,0.1890169084072113,2.1737308429118776,43.63026819923372,28.735632183908045
ahmedabad_ssp245_mid_2050s_hot_2059,Ahmedabad,ssp245,mid_2050s,hot,2059,EQ-Max,108.0,1.08,1.7182130584192439,16704,0.4613066613674164,0.18343816697597504,0.4221546337008476,30.124521072796934,0.3386320173740387,0.624157190322876,63.230363984674334,0.28192824125289917,4.119312739463601,91.31345785440614,0.017959770114942528
ahmedabad_ssp245_mid_2050s_hot_2059,Ahmedabad,ssp245,mid_2050s,hot,2059,COMP-Hi,110.0,1.1,1.7182130584192439,16704,0.3646940588951111,0.14102788269519806,0.33838752657175053,20.779454022988507,0.2577526867389679,0.5243842601776123,57.004310344827594,0.21352116763591766,3.6095545977011496,62.48204022988506,0.8261494252873564
ahmedabad_ssp245_mid_2050s_hot_2059,Ahmedabad,ssp245,mid_2050s,hot,2059,LEGACY,120.0,1.2,1.7182130584192439,16704,0.36344730854034424,0.162858784198761,0.3391551718115806,25.059865900383144,0.27820611000061035,0.5213801860809326,63.2183908045977,0.23670563101768494,4.05621408045977,73.14415708812261,1.0835727969348659
ahmedabad_ssp245_mid_2050s_typical_2058,Ahmedabad,ssp245,mid_2050s,typical,2058,COMP-Lo,90.0,0.9,1.7182130584192439,16704,0.06011861562728882,0.09513438493013382,0.14933527559041976,0.7902298850574714,0.14574341475963593,0.2975413203239441,12.488026819923371,0.12558940052986145,0.2681992337164751,40.49329501915709,5.4238505747126435
ahmedabad_ssp245_mid_2050s_typical_2058,Ahmedabad,ssp245,mid_2050s,typical,2058,S-real,93.2,0.932,1.7182130584192439,16704,0.06984297931194305,0.09462069720029831,0.14805817753076553,0.7004310344827587,0.1488248109817505,0.2975656986236572,15.247844827586206,0.1275293529033661,0.3349497126436782,41.50502873563218,5.028735632183908
ahmedabad_ssp245_mid_2050s_typical_2058,Ahmedabad,ssp245,mid_2050s,typical,2058,COMP-Med,100.0,1.0,1.7182130584192439,16704,0.0091616315767169,0.1273971050977707,0.186135745793581,3.484195402298851,0.19204077124595642,0.37082353234291077,32.29166666666667,0.16737505793571472,0.9997605363984674,35.26700191570881,33.85416666666667
ahmedabad_ssp245_mid_2050s_typical_2058,Ahmedabad,ssp245,mid_2050s,typical,2058,EQ-Max,108.0,1.08,1.7182130584192439,16704,0.3789680600166321,0.15310831367969513,0.32869908362626993,23.048371647509576,0.29821938276290894,0.624157190322876,54.6455938697318,0.24634312093257904,2.675287356321839,88.3800287356322,0.005986590038314176
ahmedabad_ssp245_mid_2050s_typical_2058,Ahmedabad,ssp245,mid_2050s,typical,2058,COMP-Hi,110.0,1.1,1.7182130584192439,16704,0.2839774489402771,0.1144040897488594,0.25294418036937705,9.243295019157088,0.2232666164636612,0.5243842601776123,47.20426245210728,0.18265581130981445,2.0600454980842913,56.537356321839084,0.9877873563218391
ahmedabad_ssp245_mid_2050s_typical_2058,Ahmedabad,ssp245,mid_2050s,typical,2058,LEGACY,120.0,1.2,1.7182130584192439,16704,0.30133891105651855,0.1400355100631714,0.2798681586980819,14.487547892720306,0.2521941661834717,0.506872832775116,55.39990421455939,0.2128305584192276,2.6309865900383143,68.27705938697318,0.6405651340996169
ahmedabad_ssp245_near_2030s_heatwave_extreme_2034,Ahmedabad,ssp245,near_2030s,heatwave_extreme,2034,COMP-Lo,90.0,0.9,1.7182130584192439,16704,0.06186018884181976,0.09804479032754898,0.1623351909220218,1.8917624521072798,0.15290528535842896,0.3006022274494171,15.613026819923373,0.12997040152549744,0.41780411877394635,40.882423371647505,7.2138409961685825
ahmedabad_ssp245_near_2030s_heatwave_extreme_2034,Ahmedabad,ssp245,near_2030s,heatwave_extreme,2034,S-real,93.2,0.932,1.7182130584192439,16704,0.07155690342187881,0.0970970019698143,0.16043337434530253,1.7959770114942528,0.15579886734485626,0.3021327257156372,18.52250957854406,0.13182629644870758,0.4892241379310345,41.7624521072797,6.022509578544062
ahmedabad_ssp245_near_2030s_heatwave_extreme_2034,Ahmedabad,ssp245,near_2030s,heatwave_extreme,2034,COMP-Med,100.0,1.0,1.7182130584192439,16704,0.012149982154369354,0.1303653120994568,0.21045086160302157,6.154214559386973,0.19880521297454834,0.37435781955718994,36.26676245210728,0.17251648008823395,1.3195043103448276,35.674090038314176,34.183429118773944
ahmedabad_ssp245_near_2030s_heatwave_extreme_2034,Ahmedabad,ssp245,near_2030s,heatwave_extreme,2034,EQ-Max,108.0,1.08,1.7182130584192439,16704,0.3878762423992157,0.1590142846107483,0.36247771978378285,22.383860153256705,0.31065118312835693,0.624157190322876,57.59698275862068,0.25323745608329773,3.0448395593869733,88.60751915708812,0.10775862068965517
ahmedabad_ssp245_near_2030s_heatwave_extreme_2034,Ahmedabad,ssp245,near_2030s,heatwave_extreme,2034,COMP-Hi,110.0,1.1,1.7182130584192439,16704,0.296523779630661,0.12093158066272736,0.2833266839385031,13.152538314176246,0.23307016491889954,0.5243598818778992,50.742337164750964,0.18908382952213287,2.462883141762452,57.35751915708812,1.4727011494252873
ahmedabad_ssp245_near_2030s_heatwave_extreme_2034,Ahmedabad,ssp245,near_2030s,heatwave_extreme,2034,LEGACY,120.0,1.2,1.7182130584192439,16704,0.3035335838794708,0.1442144215106964,0.3149177551269531,16.965996168582375,0.25699934363365173,0.441433846950531,57.84841954022989,0.21407967805862427,2.9765325670498086,68.48060344827587,1.5684865900383143
ahmedabad_ssp245_near_2030s_hot_2034,Ahmedabad,ssp245,near_2030s,hot,2034,COMP-Lo,90.0,0.9,1.7182130584192439,16704,0.06186018884181976,0.09804479032754898,0.1623351909220218,1.8917624521072798,0.15290528535842896,0.3006022274494171,15.613026819923373,0.12997040152549744,0.41780411877394635,40.882423371647505,7.2138409961685825
ahmedabad_ssp245_near_2030s_hot_2034,Ahmedabad,ssp245,near_2030s,hot,2034,S-real,93.2,0.932,1.7182130584192439,16704,0.07155690342187881,0.0970970019698143,0.16043337434530253,1.7959770114942528,0.15579886734485626,0.3021327257156372,18.52250957854406,0.13182629644870758,0.4892241379310345,41.7624521072797,6.022509578544062
ahmedabad_ssp245_near_2030s_hot_2034,Ahmedabad,ssp245,near_2030s,hot,2034,COMP-Med,100.0,1.0,1.7182130584192439,16704,0.012149982154369354,0.1303653120994568,0.21045086160302157,6.154214559386973,0.19880521297454834,0.37435781955718994,36.26676245210728,0.17251648008823395,1.3195043103448276,35.674090038314176,34.183429118773944
ahmedabad_ssp245_near_2030s_hot_2034,Ahmedabad,ssp245,near_2030s,hot,2034,EQ-Max,108.0,1.08,1.7182130584192439,16704,0.3878762423992157,0.1590142846107483,0.36247771978378285,22.383860153256705,0.31065118312835693,0.624157190322876,57.59698275862068,0.25323745608329773,3.0448395593869733,88.60751915708812,0.10775862068965517
ahmedabad_ssp245_near_2030s_hot_2034,Ahmedabad,ssp245,near_2030s,hot,2034,COMP-Hi,110.0,1.1,1.7182130584192439,16704,0.296523779630661,0.12093158066272736,0.2833266839385031,13.152538314176246,0.23307016491889954,0.5243598818778992,50.742337164750964,0.18908382952213287,2.462883141762452,57.35751915708812,1.4727011494252873
ahmedabad_ssp245_near_2030s_hot_2034,Ahmedabad,ssp245,near_2030s,hot,2034,LEGACY,120.0,1.2,1.7182130584192439,16704,0.3035335838794708,0.1442144215106964,0.3149177551269531,16.965996168582375,0.25699934363365173,0.441433846950531,57.84841954022989,0.21407967805862427,2.9765325670498086,68.48060344827587,1.5684865900383143
ahmedabad_ssp245_near_2030s_typical_2032,Ahmedabad,ssp245,near_2030s,typical,2032,COMP-Lo,90.0,0.9,1.7182130584192439,16704,0.05548970028758049,0.09418468922376633,0.14348020628094674,0.36518199233716475,0.14159132540225983,0.27900367975234985,8.638649425287356,0.12232669442892075,0.1708572796934866,39.49353448275862,6.010536398467433
ahmedabad_ssp245_near_2030s_typical_2032,Ahmedabad,ssp245,near_2030s,typical,2032,S-real,93.2,0.932,1.7182130584192439,16704,0.06437751650810242,0.09334979206323624,0.14165472686290737,0.3532088122605364,0.1442284882068634,0.2802868187427521,11.063218390804598,0.12309037148952484,0.2134219348659004,40.87045019157088,5.429837164750958
ahmedabad_ssp245_near_2030s_typical_2032,Ahmedabad,ssp245,near_2030s,typical,2032,COMP-Med,100.0,1.0,1.7182130584192439,16704,0.002297311322763562,0.12491873651742935,0.17549419552087783,2.460488505747126,0.18549467623233795,0.3624460995197296,28.825431034482758,0.16067931056022644,0.759279214559387,33.231561302681996,32.27969348659004
ahmedabad_ssp245_near_2030s_typical_2032,Ahmedabad,ssp245,near_2030s,typical,2032,EQ-Max,108.0,1.08,1.7182130584192439,16704,0.3735893964767456,0.15133069455623627,0.31880887448787676,20.05507662835249,0.2885609269142151,0.6151202917098999,54.6036877394636,0.23622173070907593,2.6509219348659006,89.58333333333334,0.0
ahmedabad_ssp245_near_2030s_typical_2032,Ahmedabad,ssp245,near_2030s,typical,2032,COMP-Hi,110.0,1.1,1.7182130584192439,16704,0.27440035343170166,0.11155139654874802,0.24146540760993948,8.782327586206897,0.2130509316921234,0.4404985055327391,46.952825670498086,0.17153754830360413,1.9156489463601531,57.501197318007655,0.5806992337164751
ahmedabad_ssp245_near_2030s_typical_2032,Ahmedabad,ssp245,near_2030s,typical,2032,LEGACY,120.0,1.2,1.7182130584192439,16704,0.28949204087257385,0.13769201934337616,0.2637021243572234,14.224137931034484,0.24475744366645813,0.441433846950531,54.25047892720306,0.2046189308166504,2.5398706896551726,67.96575670498083,0.814176245210728
ahmedabad_ssp585_baseline_2020s_heatwave_extreme_2027,Ahmedabad,ssp585,baseline_2020s,heatwave_extreme,2027,COMP-Lo,90.0,0.9,1.7182130584192439,16704,0.141996368765831,0.11411648988723755,0.20556117743253705,6.202107279693487,0.17616872489452362,0.305943101644516,24.347461685823752,0.15135085582733154,0.8056154214559387,56.83069923371647,7.136015325670499
ahmedabad_ssp585_baseline_2020s_heatwave_extreme_2027,Ahmedabad,ssp585,baseline_2020s,heatwave_extreme,2027,S-real,93.2,0.932,1.7182130584192439,16704,0.15369045734405518,0.11266876012086868,0.19816333651542664,4.603687739463601,0.17857725918293,0.305943101644516,25.99976053639847,0.15212692320346832,0.7380268199233716,58.644636015325666,6.728927203065134
ahmedabad_ssp585_baseline_2020s_heatwave_extreme_2027,Ahmedabad,ssp585,baseline_2020s,heatwave_extreme,2027,COMP-Med,100.0,1.0,1.7182130584192439,16704,0.11923282593488693,0.14618559181690216,0.23722058311104768,14.014607279693486,0.224554643034935,0.37435781955718994,50.01795977011494,0.19346225261688232,2.0369372605363987,49.55100574712644,22.48563218390805
ahmedabad_ssp585_baseline_2020s_heatwave_extreme_2027,Ahmedabad,ssp585,baseline_2020s,heatwave_extreme,2027,EQ-Max,108.0,1.08,1.7182130584192439,16704,0.5100026726722717,0.19804082810878754,0.4118494108319283,37.06297892720307,0.3536969721317291,0.6241328120231628,68.97749042145594,0.29646214842796326,4.882423371647509,92.42696360153256,0.101772030651341
ahmedabad_ssp585_baseline_2020s_heatwave_extreme_2027,Ahmedabad,ssp585,baseline_2020s,heatwave_extreme,2027,COMP-Hi,110.0,1.1,1.7182130584192439,16704,0.4022330939769745,0.14930297434329987,0.3252732664346694,24.407327586206897,0.267669141292572,0.5213801860809326,61.7816091954023,0.2221354991197586,4.06040469348659,68.8338122605364,1.4906609195402298
ahmedabad_ssp585_baseline_2020s_heatwave_extreme_2027,Ahmedabad,ssp585,baseline_2020s,heatwave_extreme,2027,LEGACY,120.0,1.2,1.7182130584192439,16704,0.3980399966239929,0.17235533893108368,0.31197726279497134,31.321839080459768,0.2897833585739136,0.441433846950531,68.47461685823755,0.24973610043525696,4.64577346743295,77.26891762452107,1.6403256704980842
ahmedabad_ssp585_baseline_2020s_hot_2027,Ahmedabad,ssp585,baseline_2020s,hot,2027,COMP-Lo,90.0,0.9,1.7182130584192439,16704,0.141996368765831,0.11411648988723755,0.20556117743253705,6.202107279693487,0.17616872489452362,0.305943101644516,24.347461685823752,0.15135085582733154,0.8056154214559387,56.83069923371647,7.136015325670499
ahmedabad_ssp585_baseline_2020s_hot_2027,Ahmedabad,ssp585,baseline_2020s,hot,2027,S-real,93.2,0.932,1.7182130584192439,16704,0.15369045734405518,0.11266876012086868,0.19816333651542664,4.603687739463601,0.17857725918293,0.305943101644516,25.99976053639847,0.15212692320346832,0.7380268199233716,58.644636015325666,6.728927203065134
ahmedabad_ssp585_baseline_2020s_hot_2027,Ahmedabad,ssp585,baseline_2020s,hot,2027,COMP-Med,100.0,1.0,1.7182130584192439,16704,0.11923282593488693,0.14618559181690216,0.23722058311104768,14.014607279693486,0.224554643034935,0.37435781955718994,50.01795977011494,0.19346225261688232,2.0369372605363987,49.55100574712644,22.48563218390805
ahmedabad_ssp585_baseline_2020s_hot_2027,Ahmedabad,ssp585,baseline_2020s,hot,2027,EQ-Max,108.0,1.08,1.7182130584192439,16704,0.5100026726722717,0.19804082810878754,0.4118494108319283,37.06297892720307,0.3536969721317291,0.6241328120231628,68.97749042145594,0.29646214842796326,4.882423371647509,92.42696360153256,0.101772030651341
ahmedabad_ssp585_baseline_2020s_hot_2027,Ahmedabad,ssp585,baseline_2020s,hot,2027,COMP-Hi,110.0,1.1,1.7182130584192439,16704,0.4022330939769745,0.14930297434329987,0.3252732664346694,24.407327586206897,0.267669141292572,0.5213801860809326,61.7816091954023,0.2221354991197586,4.06040469348659,68.8338122605364,1.4906609195402298
ahmedabad_ssp585_baseline_2020s_hot_2027,Ahmedabad,ssp585,baseline_2020s,hot,2027,LEGACY,120.0,1.2,1.7182130584192439,16704,0.3980399966239929,0.17235533893108368,0.31197726279497134,31.321839080459768,0.2897833585739136,0.441433846950531,68.47461685823755,0.24973610043525696,4.64577346743295,77.26891762452107,1.6403256704980842
ahmedabad_ssp585_baseline_2020s_typical_2025,Ahmedabad,ssp585,baseline_2020s,typical,2025,COMP-Lo,90.0,0.9,1.7182130584192439,16704,0.0798197016119957,0.10021055489778519,0.18697807118296622,3.9571360153256707,0.15374475717544556,0.3021327257156372,16.696599616858236,0.13255131244659424,0.5281369731800766,39.64918582375479,6.333812260536398
ahmedabad_ssp585_baseline_2020s_typical_2025,Ahmedabad,ssp585,baseline_2020s,typical,2025,S-real,93.2,0.932,1.7182130584192439,16704,0.08828511834144592,0.09925930947065353,0.1856479100883004,3.0830938697318007,0.15601012110710144,0.3006022274494171,18.624281609195403,0.1335212141275406,0.5146671455938697,41.25359195402299,5.753113026819923
ahmedabad_ssp585_baseline_2020s_typical_2025,Ahmedabad,ssp585,baseline_2020s,typical,2025,COMP-Med,100.0,1.0,1.7182130584192439,16704,0.029182089492678642,0.13243883848190308,0.22740807160735127,7.92624521072797,0.19949302077293396,0.37082353234291077,38.70929118773947,0.17346926033496857,1.4291786398467432,36.212883141762454,35.973419540229884
ahmedabad_ssp585_baseline_2020s_typical_2025,Ahmedabad,ssp585,baseline_2020s,typical,2025,EQ-Max,108.0,1.08,1.7182130584192439,16704,0.40504947304725647,0.1630745679140091,0.39640840142965317,23.712883141762454,0.3070596754550934,0.6241328120231628,55.417863984674334,0.2528540790081024,3.2118654214559386,88.63146551724138,0.14367816091954022
ahmedabad_ssp585_baseline_2020s_typical_2025,Ahmedabad,ssp585,baseline_2020s,typical,2025,COMP-Hi,110.0,1.1,1.7182130584192439,16704,0.30671611428260803,0.1225883960723877,0.314258037507534,14.182231800766285,0.2285650372505188,0.5213801860809326,48.76077586206897,0.18720626831054688,2.6041666666666665,55.04669540229885,1.5625
ahmedabad_ssp585_baseline_2020s_typical_2025,Ahmedabad,ssp585,baseline_2020s,typical,2025,LEGACY,120.0,1.2,1.7182130584192439,16704,0.3141249716281891,0.1444396674633026,0.3020863786339759,17.828065134099617,0.2527832090854645,0.4506448209285736,55.88481800766284,0.21303807199001312,3.061661877394636,65.5771072796935,1.700191570881226
ahmedabad_ssp585_late_2080s_heatwave_extreme_2088,Ahmedabad,ssp585,late_2080s,heatwave_extreme,2088,COMP-Lo,90.0,0.9,1.7182130584192439,16704,0.16330723464488983,0.12471701204776764,0.2576184615492821,14.074473180076627,0.19486230611801147,0.367013156414032,33.004070881226056,0.16769003868103027,1.746228448275862,53.66977969348659,5.932710727969349
ahmedabad_ssp585_late_2080s_heatwave_extreme_2088,Ahmedabad,ssp585,late_2080s,heatwave_extreme,2088,S-real,93.2,0.932,1.7182130584192439,16704,0.1755061000585556,0.12359724193811417,0.258109304308891,13.978687739463602,0.197239950299263,0.367013156414032,34.99161877394636,0.1694350391626358,1.737727490421456,54.891044061302686,5.4897030651340994
ahmedabad_ssp585_late_2080s_heatwave_extreme_2088,Ahmedabad,ssp585,late_2080s,heatwave_extreme,2088,COMP-Med,100.0,1.0,1.7182130584192439,16704,0.14780637621879578,0.1615503430366516,0.31031227111816395,23.521312260536398,0.24470901489257812,0.4229312539100647,56.860632183908045,0.214808389544487,3.6155411877394634,50.39511494252874,27.89750957854406
ahmedabad_ssp585_late_2080s_heatwave_extreme_2088,Ahmedabad,ssp585,late_2080s,heatwave_extreme,2088,EQ-Max,108.0,1.08,1.7182130584192439,16704,0.5365392565727234,0.213902086019516,0.4802649915218352,38.06872605363984,0.37813800573349,0.624157190322876,69.50431034482759,0.3204687535762787,5.375598659003831,89.17624521072797,0.1736111111111111
ahmedabad_ssp585_late_2080s_heatwave_extreme_2088,Ahmedabad,ssp585,late_2080s,heatwave_extreme,2088,COMP-Hi,110.0,1.1,1.7182130584192439,16704,0.445443719625473,0.16878221929073334,0.39009594768285744,30.15445402298851,0.2960089147090912,0.5327616930007935,64.5294540229885,0.2488642781972885,4.972581417624521,66.54094827586206,1.8917624521072798
ahmedabad_ssp585_late_2080s_heatwave_extreme_2088,Ahmedabad,ssp585,late_2080s,heatwave_extreme,2088,LEGACY,120.0,1.2,1.7182130584192439,16704,0.4289766550064087,0.18704383075237274,0.38778372555971147,33.50095785440613,0.3053094148635864,0.5297576189041138,69.2169540229885,0.26310932636260986,5.300586685823755,76.50862068965517,1.9516283524904217
ahmedabad_ssp585_late_2080s_hot_2088,Ahmedabad,ssp585,late_2080s,hot,2088,COMP-Lo,90.0,0.9,1.7182130584192439,16704,0.16330723464488983,0.12471701204776764,0.2576184615492821,14.074473180076627,0.19486230611801147,0.367013156414032,33.004070881226056,0.16769003868103027,1.746228448275862,53.66977969348659,5.932710727969349
ahmedabad_ssp585_late_2080s_hot_2088,Ahmedabad,ssp585,late_2080s,hot,2088,S-real,93.2,0.932,1.7182130584192439,16704,0.1755061000585556,0.12359724193811417,0.258109304308891,13.978687739463602,0.197239950299263,0.367013156414032,34.99161877394636,0.1694350391626358,1.737727490421456,54.891044061302686,5.4897030651340994
ahmedabad_ssp585_late_2080s_hot_2088,Ahmedabad,ssp585,late_2080s,hot,2088,COMP-Med,100.0,1.0,1.7182130584192439,16704,0.14780637621879578,0.1615503430366516,0.31031227111816395,23.521312260536398,0.24470901489257812,0.4229312539100647,56.860632183908045,0.214808389544487,3.6155411877394634,50.39511494252874,27.89750957854406
ahmedabad_ssp585_late_2080s_hot_2088,Ahmedabad,ssp585,late_2080s,hot,2088,EQ-Max,108.0,1.08,1.7182130584192439,16704,0.5365392565727234,0.213902086019516,0.4802649915218352,38.06872605363984,0.37813800573349,0.624157190322876,69.50431034482759,0.3204687535762787,5.375598659003831,89.17624521072797,0.1736111111111111
ahmedabad_ssp585_late_2080s_hot_2088,Ahmedabad,ssp585,late_2080s,hot,2088,COMP-Hi,110.0,1.1,1.7182130584192439,16704,0.445443719625473,0.16878221929073334,0.39009594768285744,30.15445402298851,0.2960089147090912,0.5327616930007935,64.5294540229885,0.2488642781972885,4.972581417624521,66.54094827586206,1.8917624521072798
ahmedabad_ssp585_late_2080s_hot_2088,Ahmedabad,ssp585,late_2080s,hot,2088,LEGACY,120.0,1.2,1.7182130584192439,16704,0.4289766550064087,0.18704383075237274,0.38778372555971147,33.50095785440613,0.3053094148635864,0.5297576189041138,69.2169540229885,0.26310932636260986,5.300586685823755,76.50862068965517,1.9516283524904217
ahmedabad_ssp585_late_2080s_typical_2087,Ahmedabad,ssp585,late_2080s,typical,2087,COMP-Lo,90.0,0.9,1.7182130584192439,16704,0.09547873586416245,0.1065613329410553,0.212585737556219,6.130268199233716,0.17202018201351166,0.3624460995197296,24.84434865900383,0.1463090181350708,1.0234674329501916,46.144636015325666,4.430076628352491
ahmedabad_ssp585_late_2080s_typical_2087,Ahmedabad,ssp585,late_2080s,typical,2087,S-real,93.2,0.932,1.7182130584192439,16704,0.10720222443342209,0.10584485530853271,0.21271973028779,6.190134099616858,0.17534489929676056,0.3624460995197296,27.16714559386973,0.1490870863199234,1.1029693486590038,47.30603448275862,4.100814176245211
ahmedabad_ssp585_late_2080s_typical_2087,Ahmedabad,ssp585,late_2080s,typical,2087,COMP-Med,100.0,1.0,1.7182130584192439,16704,0.0568755567073822,0.14102602005004883,0.27433763593435273,11.859434865900383,0.21994270384311676,0.3937923312187195,42.917863984674334,0.19098341464996338,2.0824353448275863,42.29525862068966,32.59698275862069
ahmedabad_ssp585_late_2080s_typical_2087,Ahmedabad,ssp585,late_2080s,typical,2087,EQ-Max,108.0,1.08,1.7182130584192439,16704,0.4402894377708435,0.17849843204021454,0.4411508187651633,29.148706896551722,0.3405776917934418,0.624157190322876,62.48802681992337,0.2825299799442291,3.8320761494252875,86.79358237547893,0.07782567049808428
ahmedabad_ssp585_late_2080s_typical_2087,Ahmedabad,ssp585,late_2080s,typical,2087,COMP-Hi,110.0,1.1,1.7182130584192439,16704,0.34870731830596924,0.13747835159301758,0.35213626027107225,18.510536398467433,0.2632904350757599,0.5297576189041138,55.66930076628353,0.21574725210666656,3.239044540229885,60.93151340996169,1.4906609195402298
ahmedabad_ssp585_late_2080s_typical_2087,Ahmedabad,ssp585,late_2080s,typical,2087,LEGACY,120.0,1.2,1.7182130584192439,16704,0.3479877710342407,0.1589668095111847,0.3617066502571104,23.06633141762452,0.2773151099681854,0.5213801860809326,61.913314176245215,0.2340341955423355,3.7658045977011496,71.18055555555556,1.053639846743295
ahmedabad_ssp585_mid_2050s_heatwave_extreme_2051,Ahmedabad,ssp585,mid_2050s,heatwave_extreme,2051,COMP-Lo,90.0,0.9,1.7182130584192439,16704,0.1030648872256279,0.10661346465349197,0.1903945021331309,3.9990421455938696,0.16878734529018402,0.36242175102233887,21.108716475095786,0.14456726610660553,0.6673251915708812,49.58692528735632,6.010536398467433
ahmedabad_ssp585_mid_2050s_heatwave_extreme_2051,Ahmedabad,ssp585,mid_2050s,heatwave_extreme,2051,S-real,93.2,0.932,1.7182130584192439,16704,0.11615647375583649,0.1057550385594368,0.18828115537762635,3.556034482758621,0.1713838130235672,0.36242175102233887,23.269875478927204,0.14630985260009766,0.7078544061302682,51.185344827586206,5.417863984674329
ahmedabad_ssp585_mid_2050s_heatwave_extreme_2051,Ahmedabad,ssp585,mid_2050s,heatwave_extreme,2051,COMP-Med,100.0,1.0,1.7182130584192439,16704,0.07129988819360733,0.13941366970539093,0.2342205822467803,9.446839080459771,0.2164020538330078,0.375043660402298,44.65397509578544,0.18840059638023376,1.7932231800766283,45.19276819923372,27.76580459770115
ahmedabad_ssp585_mid_2050s_heatwave_extreme_2051,Ahmedabad,ssp585,mid_2050s,heatwave_extreme,2051,EQ-Max,108.0,1.08,1.7182130584192439,16704,0.45288899540901184,0.18003275990486145,0.40268919020891186,31.657088122605366,0.34077945351600647,0.624157190322876,64.72701149425288,0.2844620645046234,4.000538793103448,90.73275862068965,0.15565134099616856
ahmedabad_ssp585_mid_2050s_heatwave_extreme_2051,Ahmedabad,ssp585,mid_2050s,heatwave_extreme,2051,COMP-Hi,110.0,1.1,1.7182130584192439,16704,0.3552376627922058,0.13681040704250336,0.31444361358880984,18.660201149425287,0.25948476791381836,0.5259472131729126,57.866379310344826,0.21455739438533783,3.2534722222222223,65.205938697318,1.496647509578544
ahmedabad_ssp585_mid_2050s_heatwave_extreme_2051,Ahmedabad,ssp585,mid_2050s,heatwave_extreme,2051,LEGACY,120.0,1.2,1.7182130584192439,16704,0.3556618392467499,0.1602141261100769,0.3224290996789932,24.51508620689655,0.2804264724254608,0.5213801860809326,64.8647030651341,0.2385386973619461,3.890625,74.4911398467433,1.4188218390804597
ahmedabad_ssp585_mid_2050s_hot_2050,Ahmedabad,ssp585,mid_2050s,hot,2050,COMP-Lo,90.0,0.9,1.7182130584192439,16704,0.09403175860643387,0.10484976321458817,0.18949141055345528,4.058908045977012,0.16381335258483887,0.36242175102233887,19.70186781609195,0.1411035656929016,0.6892959770114943,46.33620689655172,4.885057471264368
ahmedabad_ssp585_mid_2050s_hot_2050,Ahmedabad,ssp585,mid_2050s,hot,2050,S-real,93.2,0.932,1.7182130584192439,16704,0.10593333840370178,0.10405536741018295,0.18804188817739473,3.9750957854406135,0.1663823127746582,0.36242175102233887,21.875,0.14269651472568512,0.7406609195402298,47.51556513409962,4.346264367816092
ahmedabad_ssp585_mid_2050s_hot_2050,Ahmedabad,ssp585,mid_2050s,hot,2050,COMP-Med,100.0,1.0,1.7182130584192439,16704,0.05802352353930473,0.1392180323600769,0.24391392245888704,10.326867816091955,0.21239668130874634,0.375043660402298,42.49281609195402,0.1858637034893036,1.8515924329501916,41.96599616858238,29.35225095785441
ahmedabad_ssp585_mid_2050s_hot_2050,Ahmedabad,ssp585,mid_2050s,hot,2050,EQ-Max,108.0,1.08,1.7182130584192439,16704,0.44067278504371643,0.17732404172420502,0.411045879125595,29.615660919540232,0.3351629078388214,0.624157190322876,63.122605363984675,0.27801069617271423,3.8466235632183907,90.37954980842912,0.08381226053639847
ahmedabad_ssp585_mid_2050s_hot_2050,Ahmedabad,ssp585,mid_2050s,hot,2050,COMP-Hi,110.0,1.1,1.7182130584192439,16704,0.34522727131843567,0.13548803329467773,0.32507583498954773,18.13338122605364,0.25374579429626465,0.5243842601776123,56.441570881226056,0.210271418094635,3.2422174329501914,62.996886973180075,1.2272509578544062
ahmedabad_ssp585_mid_2050s_hot_2050,Ahmedabad,ssp585,mid_2050s,hot,2050,LEGACY,120.0,1.2,1.7182130584192439,16704,0.34707725048065186,0.15923118591308594,0.3446968197822571,22.94061302681992,0.27638688683509827,0.5213765293359756,63.48180076628353,0.2346440851688385,3.7662236590038316,73.55723180076629,1.5924329501915708
ahmedabad_ssp585_mid_2050s_typical_2055,Ahmedabad,ssp585,mid_2050s,typical,2055,COMP-Lo,90.0,0.9,1.7182130584192439,16704,0.03987849876284599,0.09338148683309555,0.14433403015136717,0.5567528735632185,0.1440688818693161,0.2975656986236572,12.619731800766285,0.12283272296190262,0.27071360153256707,35.95545977011494,6.471503831417625
ahmedabad_ssp585_mid_2050s_typical_2055,Ahmedabad,ssp585,mid_2050s,typical,2055,S-real,93.2,0.932,1.7182130584192439,16704,0.0466754175722599,0.09252873063087463,0.14320855066180224,0.4489942528735632,0.14657002687454224,0.3006022274494171,15.235871647509578,0.12445533275604248,0.3329142720306513,37.28448275862069,5.950670498084292
ahmedabad_ssp585_mid_2050s_typical_2055,Ahmedabad,ssp585,mid_2050s,typical,2055,COMP-Med,100.0,1.0,1.7182130584192439,16704,-0.022241193801164627,0.12604965269565582,0.18650609180331226,3.358477011494253,0.18952445685863495,0.37082353234291077,32.543103448275865,0.16508717834949493,1.0418462643678161,31.764846743295017,39.28999042145594
ahmedabad_ssp585_mid_2050s_typical_2055,Ahmedabad,ssp585,mid_2050s,typical,2055,EQ-Max,108.0,1.08,1.7182130584192439,16704,0.34679320454597473,0.1464623510837555,0.31559940278530096,18.99545019157088,0.28877031803131104,0.624157190322876,50.98778735632183,0.23640666902065277,2.353508141762452,86.01532567049809,0.047892720306513405
ahmedabad_ssp585_mid_2050s_typical_2055,Ahmedabad,ssp585,mid_2050s,typical,2055,COMP-Hi,110.0,1.1,1.7182130584192439,16704,0.25647687911987305,0.11035940796136856,0.2450712338089938,8.21360153256705,0.21706223487854004,0.5243598818778992,44.145114942528735,0.1760670244693756,1.9000239463601531,52.22701149425287,1.394875478927203
ahmedabad_ssp585_mid_2050s_typical_2055,Ahmedabad,ssp585,mid_2050s,typical,2055,LEGACY,120.0,1.2,1.7182130584192439,16704,0.27145570516586304,0.13497498631477356,0.27856667488813397,11.985153256704981,0.24228708446025848,0.441433846950531,51.30507662835249,0.2034173607826233,2.3375239463601534,63.66738505747126,1.0416666666666665
ahmedabad_ssp585_near_2030s_heatwave_extreme_2037,Ahmedabad,ssp585,near_2030s,heatwave_extreme,2037,COMP-Lo,90.0,0.9,1.7182130584192439,16704,0.0707935243844986,0.09926789999008179,0.16289100870490064,2.041427203065134,0.15363965928554535,0.305943101644516,14.972461685823754,0.1321452558040619,0.4634219348659004,42.65445402298851,5.8788314176245215
ahmedabad_ssp585_near_2030s_heatwave_extreme_2037,Ahmedabad,ssp585,near_2030s,heatwave_extreme,2037,S-real,93.2,0.932,1.7182130584192439,16704,0.08216018974781036,0.09846751391887665,0.1611508511006832,2.1252394636015324,0.15690401196479797,0.305943101644516,18.049568965517242,0.13383817672729492,0.5286159003831418,43.77394636015325,5.142480842911877
ahmedabad_ssp585_near_2030s_heatwave_extreme_2037,Ahmedabad,ssp585,near_2030s,heatwave_extreme,2037,COMP-Med,100.0,1.0,1.7182130584192439,16704,0.02535293996334076,0.13075590133666992,0.20074954777956006,5.094588122605364,0.19956599175930023,0.375043660402298,34.61446360153257,0.17243684828281403,1.1606202107279693,37.39822796934866,32.980124521072796
ahmedabad_ssp585_near_2030s_heatwave_extreme_2037,Ahmedabad,ssp585,near_2030s,heatwave_extreme,2037,EQ-Max,108.0,1.08,1.7182130584192439,16704,0.40065327286720276,0.16128911077976227,0.35693384855985627,24.179837164750957,0.30996212363243103,0.624157190322876,57.46527777777778,0.2553354501724243,3.0881824712643677,89.36182950191571,0.203544061302682
ahmedabad_ssp585_near_2030s_heatwave_extreme_2037,Ahmedabad,ssp585,near_2030s,heatwave_extreme,2037,COMP-Hi,110.0,1.1,1.7182130584192439,16704,0.30485159158706665,0.12157756090164185,0.27606338858604423,12.164750957854405,0.2349381148815155,0.5243842601776123,50.8860153256705,0.1909560114145279,2.3685344827586206,58.80627394636016,1.0955459770114944
ahmedabad_ssp585_near_2030s_heatwave_extreme_2037,Ahmedabad,ssp585,near_2030s,heatwave_extreme,2037,LEGACY,120.0,1.2,1.7182130584192439,16704,0.3124869465827942,0.1460157185792923,0.29020870774984353,17.169540229885058,0.26159316301345825,0.5297576189041138,58.20761494252874,0.21902918815612793,3.001736111111111,68.52849616858238,1.2092911877394636
ahmedabad_ssp585_near_2030s_hot_2037,Ahmedabad,ssp585,near_2030s,hot,2037,COMP-Lo,90.0,0.9,1.7182130584192439,16704,0.0707935243844986,0.09926789999008179,0.16289100870490064,2.041427203065134,0.15363965928554535,0.305943101644516,14.972461685823754,0.1321452558040619,0.4634219348659004,42.65445402298851,5.8788314176245215
ahmedabad_ssp585_near_2030s_hot_2037,Ahmedabad,ssp585,near_2030s,hot,2037,S-real,93.2,0.932,1.7182130584192439,16704,0.08216018974781036,0.09846751391887665,0.1611508511006832,2.1252394636015324,0.15690401196479797,0.305943101644516,18.049568965517242,0.13383817672729492,0.5286159003831418,43.77394636015325,5.142480842911877
ahmedabad_ssp585_near_2030s_hot_2037,Ahmedabad,ssp585,near_2030s,hot,2037,COMP-Med,100.0,1.0,1.7182130584192439,16704,0.02535293996334076,0.13075590133666992,0.20074954777956006,5.094588122605364,0.19956599175930023,0.375043660402298,34.61446360153257,0.17243684828281403,1.1606202107279693,37.39822796934866,32.980124521072796
ahmedabad_ssp585_near_2030s_hot_2037,Ahmedabad,ssp585,near_2030s,hot,2037,EQ-Max,108.0,1.08,1.7182130584192439,16704,0.40065327286720276,0.16128911077976227,0.35693384855985627,24.179837164750957,0.30996212363243103,0.624157190322876,57.46527777777778,0.2553354501724243,3.0881824712643677,89.36182950191571,0.203544061302682
ahmedabad_ssp585_near_2030s_hot_2037,Ahmedabad,ssp585,near_2030s,hot,2037,COMP-Hi,110.0,1.1,1.7182130584192439,16704,0.30485159158706665,0.12157756090164185,0.27606338858604423,12.164750957854405,0.2349381148815155,0.5243842601776123,50.8860153256705,0.1909560114145279,2.3685344827586206,58.80627394636016,1.0955459770114944
ahmedabad_ssp585_near_2030s_hot_2037,Ahmedabad,ssp585,near_2030s,hot,2037,LEGACY,120.0,1.2,1.7182130584192439,16704,0.3124869465827942,0.1460157185792923,0.29020870774984353,17.169540229885058,0.26159316301345825,0.5297576189041138,58.20761494252874,0.21902918815612793,3.001736111111111,68.52849616858238,1.2092911877394636
ahmedabad_ssp585_near_2030s_typical_2031,Ahmedabad,ssp585,near_2030s,typical,2031,COMP-Lo,90.0,0.9,1.7182130584192439,16704,0.08499248325824738,0.09935819357633591,0.17678202018141734,2.274904214559387,0.14766429364681244,0.2975656986236572,14.511494252873563,0.12827152013778687,0.41540948275862066,40.73874521072797,4.406130268199234
ahmedabad_ssp585_near_2030s_typical_2031,Ahmedabad,ssp585,near_2030s,typical,2031,S-real,93.2,0.932,1.7182130584192439,16704,0.09433645009994507,0.09869284182786942,0.17573056817054736,1.903735632183908,0.14997367560863495,0.2975656986236572,16.08596743295019,0.12930543720722198,0.41367337164750956,42.76221264367816,3.4482758620689653
ahmedabad_ssp585_near_2030s_typical_2031,Ahmedabad,ssp585,near_2030s,typical,2031,COMP-Med,100.0,1.0,1.7182130584192439,16704,0.04091658443212509,0.13133832812309265,0.21601431369781482,7.459291187739464,0.19156059622764587,0.37082353234291077,33.59674329501915,0.16741712391376495,1.2644276819923372,34.73419540229885,30.064655172413797
ahmedabad_ssp585_near_2030s_typical_2031,Ahmedabad,ssp585,near_2030s,typical,2031,EQ-Max,108.0,1.08,1.7182130584192439,16704,0.4129619300365448,0.1657780110836029,0.388365289568901,24.65876436781609,0.296429842710495,0.6240646928548806,53.7176724137931,0.24798771739006042,3.2551484674329503,90.99616858237547,0.05387931034482758
ahmedabad_ssp585_near_2030s_typical_2031,Ahmedabad,ssp585,near_2030s,typical,2031,COMP-Hi,110.0,1.1,1.7182130584192439,16704,0.3058925271034241,0.12287474423646927,0.3005053952336311,14.768917624521071,0.2180534452199936,0.4536813497543335,46.264367816091955,0.18098673224449158,2.612368295019157,54.166666666666664,1.1613984674329503
ahmedabad_ssp585_near_2030s_typical_2031,Ahmedabad,ssp585,near_2030s,typical,2031,LEGACY,120.0,1.2,1.7182130584192439,16704,0.3181621730327606,0.14921897649765015,0.3057344794273376,19.62404214559387,0.24914267659187317,0.441433846950531,54.531848659003835,0.21278759837150574,3.2156968390804597,65.94827586206897,1.5565134099616857
beijing_ssp245_baseline_2020s_heatwave_extreme_2025,Beijing,ssp245,baseline_2020s,heatwave_extreme,2025,COMP-Lo,90.0,0.9,1.7182130584192439,16704,0.09232690185308456,0.09557512402534485,0.131263718008995,0.1736111111111111,0.13396994769573212,0.22545839995145694,8.812260536398467,0.11888711899518967,0.16780411877394635,43.92361111111111,5.4897030651340994
beijing_ssp245_baseline_2020s_heatwave_extreme_2025,Beijing,ssp245,baseline_2020s,heatwave_extreme,2025,S-real,93.2,0.932,1.7182130584192439,16704,0.07757315784692764,0.09739141911268234,0.13433758318424224,0.14966475095785442,0.13655927777290344,0.22355470061302185,9.608477011494253,0.12120765447616577,0.18037595785440613,47.61733716475096,4.789272030651341
beijing_ssp245_baseline_2020s_heatwave_extreme_2025,Beijing,ssp245,baseline_2020s,heatwave_extreme,2025,COMP-Med,100.0,1.0,1.7182130584192439,16704,0.05208379402756691,0.11994092911481857,0.15887101665139194,1.2452107279693485,0.16302315890789032,0.27903008460998535,17.792145593869733,0.1463875025510788,0.46366139846743293,42.40900383141762,19.20498084291188
beijing_ssp245_baseline_2020s_heatwave_extreme_2025,Beijing,ssp245,baseline_2020s,heatwave_extreme,2025,EQ-Max,108.0,1.08,1.7182130584192439,16704,0.25948989391326904,0.13148567080497742,0.22648943737149238,5.908764367816092,0.18268920481204987,0.37435781955718994,21.366139846743295,0.16354890167713165,0.9989822796934866,89.80483716475096,0.46096743295019155
beijing_ssp245_baseline_2020s_heatwave_extreme_2025,Beijing,ssp245,baseline_2020s,heatwave_extreme,2025,COMP-Hi,110.0,1.1,1.7182130584192439,16704,0.14491921663284302,0.09666115045547485,0.16312690228223783,3.5859674329501914,0.14557740092277527,0.30639442801475525,18.93558429118774,0.12333179265260696,0.7348539272030651,48.497365900383144,1.8498563218390804
beijing_ssp245_baseline_2020s_heatwave_extreme_2025,Beijing,ssp245,baseline_2020s,heatwave_extreme,2025,LEGACY,120.0,1.2,1.7182130584192439,16704,0.17000293731689453,0.13263770937919617,0.1991084635257721,4.920977011494252,0.18459776043891907,0.34647661447525024,35.83572796934866,0.1658530831336975,1.348838601532567,57.45929118773946,6.597222222222222
beijing_ssp245_baseline_2020s_hot_2025,Beijing,ssp245,baseline_2020s,hot,2025,COMP-Lo,90.0,0.9,1.7182130584192439,16704,0.09232690185308456,0.09557512402534485,0.131263718008995,0.1736111111111111,0.13396994769573212,0.22545839995145694,8.812260536398467,0.11888711899518967,0.16780411877394635,43.92361111111111,5.4897030651340994
beijing_ssp245_baseline_2020s_hot_2025,Beijing,ssp245,baseline_2020s,hot,2025,S-real,93.2,0.932,1.7182130584192439,16704,0.07757315784692764,0.09739141911268234,0.13433758318424224,0.14966475095785442,0.13655927777290344,0.22355470061302185,9.608477011494253,0.12120765447616577,0.18037595785440613,47.61733716475096,4.789272030651341
beijing_ssp245_baseline_2020s_hot_2025,Beijing,ssp245,baseline_2020s,hot,2025,COMP-Med,100.0,1.0,1.7182130584192439,16704,0.05208379402756691,0.11994092911481857,0.15887101665139194,1.2452107279693485,0.16302315890789032,0.27903008460998535,17.792145593869733,0.1463875025510788,0.46366139846743293,42.40900383141762,19.20498084291188
beijing_ssp245_baseline_2020s_hot_2025,Beijing,ssp245,baseline_2020s,hot,2025,EQ-Max,108.0,1.08,1.7182130584192439,16704,0.25948989391326904,0.13148567080497742,0.22648943737149238,5.908764367816092,0.18268920481204987,0.37435781955718994,21.366139846743295,0.16354890167713165,0.9989822796934866,89.80483716475096,0.46096743295019155
beijing_ssp245_baseline_2020s_hot_2025,Beijing,ssp245,baseline_2020s,hot,2025,COMP-Hi,110.0,1.1,1.7182130584192439,16704,0.14491921663284302,0.09666115045547485,0.16312690228223783,3.5859674329501914,0.14557740092277527,0.30639442801475525,18.93558429118774,0.12333179265260696,0.7348539272030651,48.497365900383144,1.8498563218390804
beijing_ssp245_baseline_2020s_hot_2025,Beijing,ssp245,baseline_2020s,hot,2025,LEGACY,120.0,1.2,1.7182130584192439,16704,0.17000293731689453,0.13263770937919617,0.1991084635257721,4.920977011494252,0.18459776043891907,0.34647661447525024,35.83572796934866,0.1658530831336975,1.348838601532567,57.45929118773946,6.597222222222222
beijing_ssp245_baseline_2020s_typical_2026,Beijing,ssp245,baseline_2020s,typical,2026,COMP-Lo,90.0,0.9,1.7182130584192439,16704,0.05947355926036835,0.09304221719503403,0.1294040724635124,0.0,0.13077089190483093,0.2067948579788208,7.680795019157088,0.11568034440279007,0.1307471264367816,37.553879310344826,7.78256704980843
beijing_ssp245_baseline_2020s_typical_2026,Beijing,ssp245,baseline_2020s,typical,2026,S-real,93.2,0.932,1.7182130584192439,16704,0.03576872870326042,0.09471484273672104,0.13377755284309387,0.0,0.13328638672828674,0.20802396535873413,9.716235632183908,0.11774682998657227,0.16038074712643677,40.82255747126437,7.369492337164751
beijing_ssp245_baseline_2020s_typical_2026,Beijing,ssp245,baseline_2020s,typical,2026,COMP-Med,100.0,1.0,1.7182130584192439,16704,0.0029835146851837635,0.11648440361022949,0.15556217730045316,0.0,0.1575464904308319,0.2775759935379007,17.636494252873565,0.14219874143600464,0.36530172413793105,35.2610153256705,29.12476053639847
beijing_ssp245_baseline_2020s_typical_2026,Beijing,ssp245,baseline_2020s,typical,2026,EQ-Max,108.0,1.08,1.7182130584192439,16704,0.19612790644168854,0.11935444176197052,0.1585875056684017,1.4008620689655173,0.1633278876543045,0.29288437962532043,14.81082375478927,0.14668747782707214,0.3894276819923372,82.02825670498083,1.694204980842912
beijing_ssp245_baseline_2020s_typical_2026,Beijing,ssp245,baseline_2020s,typical,2026,COMP-Hi,110.0,1.1,1.7182130584192439,16704,0.08862854540348053,0.08868291974067688,0.1306761063635349,0.44300766283524906,0.1331062912940979,0.29288437962532043,11.59602490421456,0.1123156026005745,0.25969827586206895,40.49928160919541,3.0830938697318007
beijing_ssp245_baseline_2020s_typical_2026,Beijing,ssp245,baseline_2020s,typical,2026,LEGACY,120.0,1.2,1.7182130584192439,16704,0.11491034924983978,0.12656699120998383,0.1913305379450321,1.6642720306513412,0.17060504853725433,0.32865214347839355,32.525143678160916,0.15436089038848877,1.0549568965517242,45.29454022988506,6.591235632183907
beijing_ssp245_late_2080s_heatwave_extreme_2084,Beijing,ssp245,late_2080s,heatwave_extreme,2084,COMP-Lo,90.0,0.9,1.7182130584192439,16704,0.15018229186534882,0.10476373881101608,0.20336447954177853,5.298132183908046,0.1487407684326172,0.2975413203239441,15.792624521072796,0.13353495299816132,0.6435584291187739,52.07734674329502,2.6281130268199235
beijing_ssp245_late_2080s_heatwave_extreme_2084,Beijing,ssp245,late_2080s,heatwave_extreme,2084,S-real,93.2,0.932,1.7182130584192439,16704,0.14104010164737701,0.10554636269807816,0.1959068216383457,4.525862068965517,0.15064570307731628,0.2886642515659332,15.271791187739463,0.13495171070098877,0.5432830459770115,54.400143678160916,2.5323275862068964
beijing_ssp245_late_2080s_heatwave_extreme_2084,Beijing,ssp245,late_2080s,heatwave_extreme,2084,COMP-Med,100.0,1.0,1.7182130584192439,16704,0.12281440943479538,0.1287958174943924,0.23247146159410462,7.69875478927203,0.17957720160484314,0.3297167718410492,24.682710727969347,0.16137738525867462,1.1458333333333333,50.29334291187739,15.894396551724139
beijing_ssp245_late_2080s_heatwave_extreme_2084,Beijing,ssp245,late_2080s,heatwave_extreme,2084,EQ-Max,108.0,1.08,1.7182130584192439,16704,0.3448965549468994,0.1530889868736267,0.4011266753077504,12.72749042145594,0.21256907284259796,0.5213801860809326,29.196599616858236,0.19179034233093262,2.0183189655172415,93.57040229885058,0.04190613026819923
beijing_ssp245_late_2080s_heatwave_extreme_2084,Beijing,ssp245,late_2080s,heatwave_extreme,2084,COMP-Hi,110.0,1.1,1.7182130584192439,16704,0.22448968887329102,0.11269868910312653,0.3213510870933532,10.051484674329501,0.16649538278579712,0.4198947250843048,25.969827586206897,0.14547090232372284,1.7252155172413792,56.172174329501914,1.4667145593869733
beijing_ssp245_late_2080s_heatwave_extreme_2084,Beijing,ssp245,late_2080s,heatwave_extreme,2084,LEGACY,120.0,1.2,1.7182130584192439,16704,0.24302342534065247,0.1439824104309082,0.29549765288829805,11.494252873563218,0.204610213637352,0.375043660402298,42.151580459770116,0.18512123823165894,2.2468869731800765,63.15253831417624,4.765325670498084
beijing_ssp245_late_2080s_hot_2084,Beijing,ssp245,late_2080s,hot,2084,COMP-Lo,90.0,0.9,1.7182130584192439,16704,0.15018229186534882,0.10476373881101608,0.20336447954177853,5.298132183908046,0.1487407684326172,0.2975413203239441,15.792624521072796,0.13353495299816132,0.6435584291187739,52.07734674329502,2.6281130268199235
beijing_ssp245_late_2080s_hot_2084,Beijing,ssp245,late_2080s,hot,2084,S-real,93.2,0.932,1.7182130584192439,16704,0.14104010164737701,0.10554636269807816,0.1959068216383457,4.525862068965517,0.15064570307731628,0.2886642515659332,15.271791187739463,0.13495171070098877,0.5432830459770115,54.400143678160916,2.5323275862068964
beijing_ssp245_late_2080s_hot_2084,Beijing,ssp245,late_2080s,hot,2084,COMP-Med,100.0,1.0,1.7182130584192439,16704,0.12281440943479538,0.1287958174943924,0.23247146159410462,7.69875478927203,0.17957720160484314,0.3297167718410492,24.682710727969347,0.16137738525867462,1.1458333333333333,50.29334291187739,15.894396551724139
beijing_ssp245_late_2080s_hot_2084,Beijing,ssp245,late_2080s,hot,2084,EQ-Max,108.0,1.08,1.7182130584192439,16704,0.3448965549468994,0.1530889868736267,0.4011266753077504,12.72749042145594,0.21256907284259796,0.5213801860809326,29.196599616858236,0.19179034233093262,2.0183189655172415,93.57040229885058,0.04190613026819923
beijing_ssp245_late_2080s_hot_2084,Beijing,ssp245,late_2080s,hot,2084,COMP-Hi,110.0,1.1,1.7182130584192439,16704,0.22448968887329102,0.11269868910312653,0.3213510870933532,10.051484674329501,0.16649538278579712,0.4198947250843048,25.969827586206897,0.14547090232372284,1.7252155172413792,56.172174329501914,1.4667145593869733
beijing_ssp245_late_2080s_hot_2084,Beijing,ssp245,late_2080s,hot,2084,LEGACY,120.0,1.2,1.7182130584192439,16704,0.24302342534065247,0.1439824104309082,0.29549765288829805,11.494252873563218,0.204610213637352,0.375043660402298,42.151580459770116,0.18512123823165894,2.2468869731800765,63.15253831417624,4.765325670498084
beijing_ssp245_late_2080s_typical_2083,Beijing,ssp245,late_2080s,typical,2083,COMP-Lo,90.0,0.9,1.7182130584192439,16704,0.1317913681268692,0.10314955562353134,0.18294750228524198,3.1070402298850572,0.1471966803073883,0.28026247024536133,14.691091954022989,0.13064484298229218,0.46120689655172414,51.49066091954023,4.567768199233716
beijing_ssp245_late_2080s_typical_2083,Beijing,ssp245,late_2080s,typical,2083,S-real,93.2,0.932,1.7182130584192439,16704,0.11885593831539154,0.10438190400600433,0.17804337218403812,2.3227969348659006,0.14929988980293274,0.2779654264450073,14.774904214559387,0.13258756697177887,0.42037835249042144,54.50191570881226,4.118773946360153
beijing_ssp245_late_2080s_typical_2083,Beijing,ssp245,late_2080s,typical,2083,COMP-Med,100.0,1.0,1.7182130584192439,16704,0.10194255411624908,0.12706401944160461,0.2161430545151232,6.698994252873564,0.17688710987567902,0.3101632297039032,25.67049808429119,0.15815050899982452,0.9738386015325671,49.269636015325666,15.870450191570882
beijing_ssp245_late_2080s_typical_2083,Beijing,ssp245,late_2080s,typical,2083,EQ-Max,108.0,1.08,1.7182130584192439,16704,0.3209160566329956,0.15194006264209747,0.38892665952444067,13.697318007662835,0.21086764335632324,0.5213801860809326,28.68175287356322,0.18919697403907776,2.0756704980842913,91.28951149425288,0.6704980842911877
beijing_ssp245_late_2080s_typical_2083,Beijing,ssp245,late_2080s,typical,2083,COMP-Hi,110.0,1.1,1.7182130584192439,16704,0.2033310979604721,0.1122298389673233,0.29845275133848187,10.799808429118773,0.16856884956359863,0.41666293144226074,26.73611111111111,0.14371885359287262,1.7388050766283525,54.48994252873563,1.9995210727969348
beijing_ssp245_late_2080s_typical_2083,Beijing,ssp245,late_2080s,typical,2083,LEGACY,120.0,1.2,1.7182130584192439,16704,0.21607597172260284,0.1452421247959137,0.28734840303659426,12.476053639846743,0.2036329209804535,0.37082353234291077,42.20545977011494,0.18321140110492706,2.3092672413793105,60.39870689655172,6.232040229885057
beijing_ssp245_mid_2050s_heatwave_extreme_2050,Beijing,ssp245,mid_2050s,heatwave_extreme,2050,COMP-Lo,90.0,0.9,1.7182130584192439,16704,0.1311219185590744,0.10079759359359741,0.16534170359373085,3.0292145593869733,0.14208093285560608,0.2587907016277313,11.99712643678161,0.12690094113349915,0.42798132183908044,50.915948275862064,2.855603448275862
beijing_ssp245_mid_2050s_heatwave_extreme_2050,Beijing,ssp245,mid_2050s,heatwave_extreme,2050,S-real,93.2,0.932,1.7182130584192439,16704,0.12036270648241043,0.10208110511302948,0.16411023736000044,2.6999521072796933,0.14445558190345764,0.26448142528533936,12.02705938697318,0.12875458598136902,0.38200431034482757,53.93917624521073,2.544300766283525
beijing_ssp245_mid_2050s_heatwave_extreme_2050,Beijing,ssp245,mid_2050s,heatwave_extreme,2050,COMP-Med,100.0,1.0,1.7182130584192439,16704,0.10052263736724854,0.12490063905715942,0.20168358609080309,5.08860153256705,0.1717812865972519,0.3021327257156372,20.629789272030653,0.1541769951581955,0.8512332375478927,48.07830459770115,15.355603448275861
beijing_ssp245_mid_2050s_heatwave_extreme_2050,Beijing,ssp245,mid_2050s,heatwave_extreme,2050,EQ-Max,108.0,1.08,1.7182130584192439,16704,0.3246940076351166,0.1472928673028946,0.3665303647518157,11.063218390804598,0.20523539185523987,0.45352004319429284,27.53831417624521,0.18363265693187714,1.7268917624521072,92.74425287356321,0.16762452107279693
beijing_ssp245_mid_2050s_heatwave_extreme_2050,Beijing,ssp245,mid_2050s,heatwave_extreme,2050,COMP-Hi,110.0,1.1,1.7182130584192439,16704,0.20047450065612793,0.10634667426347733,0.2807787165045738,7.830459770114942,0.15815238654613495,0.3721216693520524,22.99449233716475,0.136106938123703,1.3498563218390804,54.17265325670498,1.7061781609195403
beijing_ssp245_mid_2050s_heatwave_extreme_2050,Beijing,ssp245,mid_2050s,heatwave_extreme,2050,LEGACY,120.0,1.2,1.7182130584192439,16704,0.22023144364356995,0.1392793506383896,0.2739939361810684,9.363026819923371,0.19729366898536682,0.37082353234291077,38.37404214559387,0.1768127679824829,1.8838002873563218,60.71599616858238,5.471743295019157
beijing_ssp245_mid_2050s_hot_2050,Beijing,ssp245,mid_2050s,hot,2050,COMP-Lo,90.0,0.9,1.7182130584192439,16704,0.1311219185590744,0.10079759359359741,0.16534170359373085,3.0292145593869733,0.14208093285560608,0.2587907016277313,11.99712643678161,0.12690094113349915,0.42798132183908044,50.915948275862064,2.855603448275862
beijing_ssp245_mid_2050s_hot_2050,Beijing,ssp245,mid_2050s,hot,2050,S-real,93.2,0.932,1.7182130584192439,16704,0.12036270648241043,0.10208110511302948,0.16411023736000044,2.6999521072796933,0.14445558190345764,0.26448142528533936,12.02705938697318,0.12875458598136902,0.38200431034482757,53.93917624521073,2.544300766283525
beijing_ssp245_mid_2050s_hot_2050,Beijing,ssp245,mid_2050s,hot,2050,COMP-Med,100.0,1.0,1.7182130584192439,16704,0.10052263736724854,0.12490063905715942,0.20168358609080309,5.08860153256705,0.1717812865972519,0.3021327257156372,20.629789272030653,0.1541769951581955,0.8512332375478927,48.07830459770115,15.355603448275861
beijing_ssp245_mid_2050s_hot_2050,Beijing,ssp245,mid_2050s,hot,2050,EQ-Max,108.0,1.08,1.7182130584192439,16704,0.3246940076351166,0.1472928673028946,0.3665303647518157,11.063218390804598,0.20523539185523987,0.45352004319429284,27.53831417624521,0.18363265693187714,1.7268917624521072,92.74425287356321,0.16762452107279693
beijing_ssp245_mid_2050s_hot_2050,Beijing,ssp245,mid_2050s,hot,2050,COMP-Hi,110.0,1.1,1.7182130584192439,16704,0.20047450065612793,0.10634667426347733,0.2807787165045738,7.830459770114942,0.15815238654613495,0.3721216693520524,22.99449233716475,0.136106938123703,1.3498563218390804,54.17265325670498,1.7061781609195403
beijing_ssp245_mid_2050s_hot_2050,Beijing,ssp245,mid_2050s,hot,2050,LEGACY,120.0,1.2,1.7182130584192439,16704,0.22023144364356995,0.1392793506383896,0.2739939361810684,9.363026819923371,0.19729366898536682,0.37082353234291077,38.37404214559387,0.1768127679824829,1.8838002873563218,60.71599616858238,5.471743295019157
beijing_ssp245_mid_2050s_typical_2056,Beijing,ssp245,mid_2050s,typical,2056,COMP-Lo,90.0,0.9,1.7182130584192439,16704,0.08589434623718262,0.09633567184209824,0.13518082946538923,0.5747126436781609,0.13579125702381134,0.22145451605319977,9.273227969348659,0.12095621973276138,0.19408524904214558,44.27083333333333,5.908764367816092
beijing_ssp245_mid_2050s_typical_2056,Beijing,ssp245,mid_2050s,typical,2056,S-real,93.2,0.932,1.7182130584192439,16704,0.06833803653717041,0.09776078164577484,0.13919296860694882,0.4489942528735632,0.1378900557756424,0.2117449790239334,10.859674329501916,0.12288782745599747,0.22126436781609196,47.252155172413794,5.441810344827586
beijing_ssp245_mid_2050s_typical_2056,Beijing,ssp245,mid_2050s,typical,2056,COMP-Med,100.0,1.0,1.7182130584192439,16704,0.03930912911891937,0.1193813905119896,0.16203077286481857,1.3829022988505748,0.1636771559715271,0.2836354970932007,20.510057471264368,0.14711929857730865,0.5405890804597702,43.31896551724138,22.126436781609197
beijing_ssp245_mid_2050s_typical_2056,Beijing,ssp245,mid_2050s,typical,2056,EQ-Max,108.0,1.08,1.7182130584192439,16704,0.2421889305114746,0.12988603115081787,0.22360588833689685,6.064415708812261,0.18093326687812805,0.37401010692119263,21.066810344827587,0.16233621537685394,0.9876077586206896,88.43989463601532,0.9578544061302682
beijing_ssp245_mid_2050s_typical_2056,Beijing,ssp245,mid_2050s,typical,2056,COMP-Hi,110.0,1.1,1.7182130584192439,16704,0.1350487917661667,0.09651586413383484,0.15866338685154913,3.2507183908045976,0.14735324680805206,0.30639442801475525,19.69588122605364,0.12487133592367172,0.725933908045977,48.599137931034484,2.209051724137931
beijing_ssp245_mid_2050s_typical_2056,Beijing,ssp245,mid_2050s,typical,2056,LEGACY,120.0,1.2,1.7182130584192439,16704,0.15444616973400116,0.13149873912334442,0.19727929010987275,4.627634099616858,0.1832585334777832,0.33980226516723633,37.5419061302682,0.16456067562103271,1.445102969348659,52.47246168582376,6.549329501915708
beijing_ssp245_near_2030s_heatwave_extreme_2039,Beijing,ssp245,near_2030s,heatwave_extreme,2039,COMP-Lo,90.0,0.9,1.7182130584192439,16704,0.04276186227798462,0.0945947989821434,0.13801752477884288,0.0,0.13275079429149628,0.2341592013835907,8.441091954022989,0.11661295592784882,0.14086446360153257,32.02825670498085,8.333333333333332
beijing_ssp245_near_2030s_heatwave_extreme_2039,Beijing,ssp245,near_2030s,heatwave_extreme,2039,S-real,93.2,0.932,1.7182130584192439,16704,0.017300106585025787,0.09602668136358261,0.1417247176170349,0.0,0.1340656280517578,0.22850482165813446,10.554358237547893,0.11821726709604263,0.17953783524904215,34.979645593869726,8.135775862068966
beijing_ssp245_near_2030s_heatwave_extreme_2039,Beijing,ssp245,near_2030s,heatwave_extreme,2039,COMP-Med,100.0,1.0,1.7182130584192439,16704,-0.02018710784614086,0.1185893565416336,0.16260873377323148,0.07782567049808428,0.15772035717964172,0.26943153142929077,20.462164750957854,0.1429181545972824,0.493235153256705,29.48395593869732,28.987068965517242
beijing_ssp245_near_2030s_heatwave_extreme_2039,Beijing,ssp245,near_2030s,heatwave_extreme,2039,EQ-Max,108.0,1.08,1.7182130584192439,16704,0.18088746070861816,0.11829385161399841,0.15481624901294708,1.1075191570881227,0.16199636459350586,0.2802868187427521,13.858955938697317,0.14448903501033783,0.3108836206896552,80.66331417624522,3.8852969348659006
beijing_ssp245_near_2030s_heatwave_extreme_2039,Beijing,ssp245,near_2030s,heatwave_extreme,2039,COMP-Hi,110.0,1.1,1.7182130584192439,16704,0.0810694694519043,0.08964501321315765,0.13386576846241946,0.16762452107279693,0.13313299417495728,0.3021327257156372,11.81154214559387,0.11209193617105484,0.23533285440613028,35.33884099616858,4.519875478927203
beijing_ssp245_near_2030s_heatwave_extreme_2039,Beijing,ssp245,near_2030s,heatwave_extreme,2039,LEGACY,120.0,1.2,1.7182130584192439,16704,0.10604210197925568,0.1283848136663437,0.19662663787603377,3.7954980842911876,0.173380047082901,0.32907775044441223,34.434865900383144,0.15613023936748505,1.34794061302682,44.360632183908045,8.010057471264368
beijing_ssp245_near_2030s_hot_2034,Beijing,ssp245,near_2030s,hot,2034,COMP-Lo,90.0,0.9,1.7182130584192439,16704,0.0755971223115921,0.0944279357790947,0.12906170189380645,0.05387931034482758,0.13286364078521729,0.2067948579788208,7.896312260536398,0.11833520233631134,0.12733477011494254,41.25359195402299,5.896791187739463
beijing_ssp245_near_2030s_hot_2034,Beijing,ssp245,near_2030s,hot,2034,S-real,93.2,0.932,1.7182130584192439,16704,0.05744973197579384,0.0959378182888031,0.13316420316696168,0.011973180076628351,0.13474538922309875,0.2067948579788208,8.90205938697318,0.12044727802276611,0.1481082375478927,44.486350574712645,5.441810344827586
beijing_ssp245_near_2030s_hot_2034,Beijing,ssp245,near_2030s,hot,2034,COMP-Med,100.0,1.0,1.7182130584192439,16704,0.02653336152434349,0.11782362312078476,0.15491985529661173,0.25742337164750956,0.1604621857404709,0.2641083598136902,18.24712643678161,0.14458176493644714,0.40804597701149425,39.51748084291188,21.437978927203066
beijing_ssp245_near_2030s_hot_2034,Beijing,ssp245,near_2030s,hot,2034,EQ-Max,108.0,1.08,1.7182130584192439,16704,0.22595912218093872,0.12497762590646744,0.17769115865230534,3.8613505747126435,0.17433734238147736,0.31570738554000854,18.474616858237546,0.1563435196876526,0.6607998084291188,88.33812260536399,1.3170498084291187
beijing_ssp245_near_2030s_hot_2034,Beijing,ssp245,near_2030s,hot,2034,COMP-Hi,110.0,1.1,1.7182130584192439,16704,0.11827574670314789,0.09266480058431625,0.13703712448477742,1.5146072796934866,0.14121508598327637,0.2921985387802124,17.24137931034483,0.11992402374744415,0.4678520114942529,46.73132183908046,2.3946360153256707
beijing_ssp245_near_2030s_hot_2034,Beijing,ssp245,near_2030s,hot,2034,LEGACY,120.0,1.2,1.7182130584192439,16704,0.14020784199237823,0.12886245548725128,0.19142142683267588,3.071120689655172,0.18142646551132202,0.32865214347839355,36.81752873563218,0.1617622673511505,1.2160560344827587,54.14272030651341,7.189894636015326
beijing_ssp245_near_2030s_typical_2035,Beijing,ssp245,near_2030s,typical,2035,COMP-Lo,90.0,0.9,1.7182130584192439,16704,0.047285620123147964,0.0964215099811554,0.13918723165988922,0.0,0.1354716420173645,0.2341592013835907,7.632902298850574,0.11882326751947403,0.1195522030651341,34.428879310344826,9.177442528735632
beijing_ssp245_near_2030s_typical_2035,Beijing,ssp245,near_2030s,typical,2035,S-real,93.2,0.932,1.7182130584192439,16704,0.023754257708787918,0.09822708368301392,0.1427211694419384,0.0,0.13882870972156525,0.2341592013835907,10.356800766283525,0.12143028527498245,0.16594827586206898,37.79334291187739,8.84219348659004
beijing_ssp245_near_2030s_typical_2035,Beijing,ssp245,near_2030s,typical,2035,COMP-Med,100.0,1.0,1.7182130584192439,16704,-0.007949432358145714,0.12090898305177689,0.16568744629621507,0.11374521072796935,0.16360855102539062,0.28030991554260254,22.49161877394636,0.1467510163784027,0.5442409003831418,31.112308429118773,25.97581417624521
beijing_ssp245_near_2030s_typical_2035,Beijing,ssp245,near_2030s,typical,2035,EQ-Max,108.0,1.08,1.7182130584192439,16704,0.19929447770118713,0.12551574409008026,0.17524791732430453,3.4063697318007664,0.17734268307685852,0.32677868008613586,20.06704980842912,0.15649859607219696,0.6944444444444444,81.3338122605364,3.59794061302682
beijing_ssp245_near_2030s_typical_2035,Beijing,ssp245,near_2030s,typical,2035,COMP-Hi,110.0,1.1,1.7182130584192439,16704,0.09941358864307404,0.0953981950879097,0.1448893249034881,1.628352490421456,0.1462690234184265,0.30947741866111755,17.109674329501914,0.1209864541888237,0.4600095785440613,40.38553639846743,4.2444923371647505
beijing_ssp245_near_2030s_typical_2035,Beijing,ssp245,near_2030s,typical,2035,LEGACY,120.0,1.2,1.7182130584192439,16704,0.12095186114311218,0.13440458476543427,0.20017531141638756,5.070641762452107,0.1817985475063324,0.33585643768310547,37.320402298850574,0.16304627060890198,1.5797413793103448,49.89822796934866,8.506944444444445
beijing_ssp585_baseline_2020s_heatwave_extreme_2029,Beijing,ssp585,baseline_2020s,heatwave_extreme,2029,COMP-Lo,90.0,0.9,1.7182130584192439,16704,0.07445112615823746,0.09816675633192062,0.14386634156107903,0.035919540229885055,0.13832390308380127,0.22145451605319977,10.326867816091955,0.12262680381536484,0.19115181992337166,40.98419540229885,8.028017241379311
beijing_ssp585_baseline_2020s_heatwave_extreme_2029,Beijing,ssp585,baseline_2020s,heatwave_extreme,2029,S-real,93.2,0.932,1.7182130584192439,16704,0.05363766476511955,0.09981484711170197,0.14744422137737268,0.02993295019157088,0.14088483154773712,0.22355470061302185,12.362308429118773,0.12497992068529129,0.23730842911877395,43.53448275862069,7.602969348659004
beijing_ssp585_baseline_2020s_heatwave_extreme_2029,Beijing,ssp585,baseline_2020s,heatwave_extreme,2029,COMP-Med,100.0,1.0,1.7182130584192439,16704,0.025098664686083794,0.1223362609744072,0.1705915950238704,0.9877873563218391,0.16708512604236603,0.28328127115964846,24.449233716475096,0.14967112243175507,0.6775023946360154,38.18845785440613,23.072318007662833
beijing_ssp585_baseline_2020s_heatwave_extreme_2029,Beijing,ssp585,baseline_2020s,heatwave_extreme,2029,EQ-Max,108.0,1.08,1.7182130584192439,16704,0.22785931825637817,0.13007959723472595,0.2029057823121547,5.136494252873564,0.18239113688468933,0.37082353234291077,22.13242337164751,0.16252712905406952,0.9031968390804598,85.71000957854406,3.065134099616858
beijing_ssp585_baseline_2020s_heatwave_extreme_2029,Beijing,ssp585,baseline_2020s,heatwave_extreme,2029,COMP-Hi,110.0,1.1,1.7182130584192439,16704,0.12100890278816223,0.09750530868768692,0.15972209721803662,3.011254789272031,0.14863689243793488,0.30639442801475525,19.46240421455939,0.1251148283481598,0.6719348659003831,46.28831417624521,3.657806513409962
beijing_ssp585_baseline_2020s_heatwave_extreme_2029,Beijing,ssp585,baseline_2020s,heatwave_extreme,2029,LEGACY,120.0,1.2,1.7182130584192439,16704,0.14248821139335632,0.13509167730808258,0.2083558917045593,6.98036398467433,0.18697138130664825,0.33585643768310547,38.59554597701149,0.1682572364807129,1.6961206896551724,53.13697318007663,7.674808429118773
beijing_ssp585_baseline_2020s_hot_2029,Beijing,ssp585,baseline_2020s,hot,2029,COMP-Lo,90.0,0.9,1.7182130584192439,16704,0.07445112615823746,0.09816675633192062,0.14386634156107903,0.035919540229885055,0.13832390308380127,0.22145451605319977,10.326867816091955,0.12262680381536484,0.19115181992337166,40.98419540229885,8.028017241379311
beijing_ssp585_baseline_2020s_hot_2029,Beijing,ssp585,baseline_2020s,hot,2029,S-real,93.2,0.932,1.7182130584192439,16704,0.05363766476511955,0.09981484711170197,0.14744422137737268,0.02993295019157088,0.14088483154773712,0.22355470061302185,12.362308429118773,0.12497992068529129,0.23730842911877395,43.53448275862069,7.602969348659004
beijing_ssp585_baseline_2020s_hot_2029,Beijing,ssp585,baseline_2020s,hot,2029,COMP-Med,100.0,1.0,1.7182130584192439,16704,0.025098664686083794,0.1223362609744072,0.1705915950238704,0.9877873563218391,0.16708512604236603,0.28328127115964846,24.449233716475096,0.14967112243175507,0.6775023946360154,38.18845785440613,23.072318007662833
beijing_ssp585_baseline_2020s_hot_2029,Beijing,ssp585,baseline_2020s,hot,2029,EQ-Max,108.0,1.08,1.7182130584192439,16704,0.22785931825637817,0.13007959723472595,0.2029057823121547,5.136494252873564,0.18239113688468933,0.37082353234291077,22.13242337164751,0.16252712905406952,0.9031968390804598,85.71000957854406,3.065134099616858
beijing_ssp585_baseline_2020s_hot_2029,Beijing,ssp585,baseline_2020s,hot,2029,COMP-Hi,110.0,1.1,1.7182130584192439,16704,0.12100890278816223,0.09750530868768692,0.15972209721803662,3.011254789272031,0.14863689243793488,0.30639442801475525,19.46240421455939,0.1251148283481598,0.6719348659003831,46.28831417624521,3.657806513409962
beijing_ssp585_baseline_2020s_hot_2029,Beijing,ssp585,baseline_2020s,hot,2029,LEGACY,120.0,1.2,1.7182130584192439,16704,0.14248821139335632,0.13509167730808258,0.2083558917045593,6.98036398467433,0.18697138130664825,0.33585643768310547,38.59554597701149,0.1682572364807129,1.6961206896551724,53.13697318007663,7.674808429118773
beijing_ssp585_baseline_2020s_typical_2026,Beijing,ssp585,baseline_2020s,typical,2026,COMP-Lo,90.0,0.9,1.7182130584192439,16704,0.051694758236408234,0.09514183551073074,0.14530390575528143,0.14367816091954022,0.136286199092865,0.24998769164085388,11.254789272030653,0.11970892548561096,0.2296455938697318,34.57854406130268,8.159722222222223
beijing_ssp585_baseline_2020s_typical_2026,Beijing,ssp585,baseline_2020s,typical,2026,S-real,93.2,0.932,1.7182130584192439,16704,0.028337128460407257,0.09673076122999191,0.15005312934517845,0.23946360153256704,0.13798493146896362,0.258065402507782,12.721503831417625,0.1214543879032135,0.27861590038314177,37.661637931034484,8.465038314176246
beijing_ssp585_baseline_2020s_typical_2026,Beijing,ssp585,baseline_2020s,typical,2026,COMP-Med,100.0,1.0,1.7182130584192439,16704,-0.006743873003870249,0.11867738515138626,0.1686818398535251,1.0356800766283525,0.16048870980739594,0.2827454209327698,19.48036398467433,0.14454619586467743,0.610632183908046,32.61494252873563,29.879070881226056
beijing_ssp585_baseline_2020s_typical_2026,Beijing,ssp585,baseline_2020s,typical,2026,EQ-Max,108.0,1.08,1.7182130584192439,16704,0.18413203954696655,0.11769688129425049,0.16058981418609614,0.4489942528735632,0.16181029379367828,0.27903008460998535,16.648706896551722,0.14426946640014648,0.36584051724137934,82.18390804597702,3.1549329501915713
beijing_ssp585_baseline_2020s_typical_2026,Beijing,ssp585,baseline_2020s,typical,2026,COMP-Hi,110.0,1.1,1.7182130584192439,16704,0.08170504122972488,0.08905340731143951,0.13720762878656387,0.10775862068965517,0.13497452437877655,0.29288437962532043,13.553639846743296,0.11332368850708008,0.24964080459770116,38.06273946360153,4.166666666666666
beijing_ssp585_baseline_2020s_typical_2026,Beijing,ssp585,baseline_2020s,typical,2026,LEGACY,120.0,1.2,1.7182130584192439,16704,0.10892210900783539,0.12701965868473053,0.19594897627830504,4.040948275862069,0.17469948530197144,0.3297167718410492,32.992097701149426,0.15667591989040375,1.1633740421455938,45.95306513409962,7.585009578544061
beijing_ssp585_late_2080s_heatwave_extreme_2089,Beijing,ssp585,late_2080s,heatwave_extreme,2089,COMP-Lo,90.0,0.9,1.7182130584192439,16704,0.1398952454328537,0.10469117015600204,0.1973176166415214,4.681513409961686,0.148514524102211,0.2975413203239441,14.798850574712644,0.13266915082931519,0.5881226053639846,53.09506704980843,2.7119252873563218
beijing_ssp585_late_2080s_heatwave_extreme_2089,Beijing,ssp585,late_2080s,heatwave_extreme,2089,S-real,93.2,0.932,1.7182130584192439,16704,0.13293728232383728,0.10542718321084976,0.19089744687080382,4.0888409961685825,0.15089163184165955,0.28332337737083435,14.774904214559387,0.13428868353366852,0.5247246168582376,55.29214559386973,2.490421455938697
beijing_ssp585_late_2080s_heatwave_extreme_2089,Beijing,ssp585,late_2080s,heatwave_extreme,2089,COMP-Med,100.0,1.0,1.7182130584192439,16704,0.117633156478405,0.1296859085559845,0.2323507942259311,8.321360153256704,0.18092453479766846,0.35860979557037354,25.724377394636015,0.16186410188674927,1.2412595785440612,50.89798850574713,16.906130268199234
beijing_ssp585_late_2080s_heatwave_extreme_2089,Beijing,ssp585,late_2080s,heatwave_extreme,2089,EQ-Max,108.0,1.08,1.7182130584192439,16704,0.3613269031047821,0.1596539318561554,0.40282260328531255,16.74449233716475,0.22730113565921783,0.5243598818778992,33.902059386973185,0.20228153467178345,2.4735991379310347,92.95977011494253,0.04190613026819923
beijing_ssp585_late_2080s_heatwave_extreme_2089,Beijing,ssp585,late_2080s,heatwave_extreme,2089,COMP-Hi,110.0,1.1,1.7182130584192439,16704,0.2432403862476349,0.11799900233745575,0.3207907855510711,12.595785440613028,0.1767694354057312,0.4198947250843048,30.801005747126435,0.15226978063583374,2.0604645593869733,57.48922413793104,1.430795019157088
beijing_ssp585_late_2080s_heatwave_extreme_2089,Beijing,ssp585,late_2080s,heatwave_extreme,2089,LEGACY,120.0,1.2,1.7182130584192439,16704,0.255375474691391,0.14942269027233124,0.3070987150073051,15.104166666666666,0.21324536204338074,0.3842313289642334,45.01915708812261,0.19115950167179108,2.6450550766283527,63.439894636015325,5.579501915708812
beijing_ssp585_late_2080s_hot_2089,Beijing,ssp585,late_2080s,hot,2089,COMP-Lo,90.0,0.9,1.7182130584192439,16704,0.1398952454328537,0.10469117015600204,0.1973176166415214,4.681513409961686,0.148514524102211,0.2975413203239441,14.798850574712644,0.13266915082931519,0.5881226053639846,53.09506704980843,2.7119252873563218
beijing_ssp585_late_2080s_hot_2089,Beijing,ssp585,late_2080s,hot,2089,S-real,93.2,0.932,1.7182130584192439,16704,0.13293728232383728,0.10542718321084976,0.19089744687080382,4.0888409961685825,0.15089163184165955,0.28332337737083435,14.774904214559387,0.13428868353366852,0.5247246168582376,55.29214559386973,2.490421455938697
beijing_ssp585_late_2080s_hot_2089,Beijing,ssp585,late_2080s,hot,2089,COMP-Med,100.0,1.0,1.7182130584192439,16704,0.117633156478405,0.1296859085559845,0.2323507942259311,8.321360153256704,0.18092453479766846,0.35860979557037354,25.724377394636015,0.16186410188674927,1.2412595785440612,50.89798850574713,16.906130268199234
beijing_ssp585_late_2080s_hot_2089,Beijing,ssp585,late_2080s,hot,2089,EQ-Max,108.0,1.08,1.7182130584192439,16704,0.3613269031047821,0.1596539318561554,0.40282260328531255,16.74449233716475,0.22730113565921783,0.5243598818778992,33.902059386973185,0.20228153467178345,2.4735991379310347,92.95977011494253,0.04190613026819923
beijing_ssp585_late_2080s_hot_2089,Beijing,ssp585,late_2080s,hot,2089,COMP-Hi,110.0,1.1,1.7182130584192439,16704,0.2432403862476349,0.11799900233745575,0.3207907855510711,12.595785440613028,0.1767694354057312,0.4198947250843048,30.801005747126435,0.15226978063583374,2.0604645593869733,57.48922413793104,1.430795019157088
beijing_ssp585_late_2080s_hot_2089,Beijing,ssp585,late_2080s,hot,2089,LEGACY,120.0,1.2,1.7182130584192439,16704,0.255375474691391,0.14942269027233124,0.3070987150073051,15.104166666666666,0.21324536204338074,0.3842313289642334,45.01915708812261,0.19115950167179108,2.6450550766283527,63.439894636015325,5.579501915708812
beijing_ssp585_late_2080s_typical_2084,Beijing,ssp585,late_2080s,typical,2084,COMP-Lo,90.0,0.9,1.7182130584192439,16704,0.1345546692609787,0.1034667119383812,0.18994730338454244,4.2444923371647505,0.14515770971775055,0.28332337737083435,13.266283524904216,0.13000023365020752,0.5843510536398467,49.67073754789272,4.28639846743295
beijing_ssp585_late_2080s_typical_2084,Beijing,ssp585,late_2080s,typical,2084,S-real,93.2,0.932,1.7182130584192439,16704,0.12445656210184097,0.10444049537181854,0.18424920290708527,3.7595785440613025,0.1472463309764862,0.28026247024536133,13.409961685823754,0.13149422407150269,0.530830938697318,52.88553639846744,3.801484674329502
beijing_ssp585_late_2080s_typical_2084,Beijing,ssp585,late_2080s,typical,2084,COMP-Med,100.0,1.0,1.7182130584192439,16704,0.10517261922359467,0.12783941626548767,0.22358861118555057,7.08213601532567,0.1761394441127777,0.3155815303325653,22.575431034482758,0.1579919010400772,1.0598060344827587,46.55771072796935,19.384578544061306
beijing_ssp585_late_2080s_typical_2084,Beijing,ssp585,late_2080s,typical,2084,EQ-Max,108.0,1.08,1.7182130584192439,16704,0.34295693039894104,0.15388022363185883,0.39035005420446395,14.703065134099615,0.21356691420078278,0.5213801860809326,28.759578544061306,0.19191397726535797,2.14996408045977,90.32567049808429,0.38912835249042144
beijing_ssp585_late_2080s_typical_2084,Beijing,ssp585,late_2080s,typical,2084,COMP-Hi,110.0,1.1,1.7182130584192439,16704,0.22018951177597046,0.11318492144346237,0.30646179318428035,10.500478927203066,0.16607704758644104,0.4198703467845917,26.424808429118773,0.14399941265583038,1.7474257662835249,51.263170498084285,2.460488505747126
beijing_ssp585_late_2080s_typical_2084,Beijing,ssp585,late_2080s,typical,2084,LEGACY,120.0,1.2,1.7182130584192439,16704,0.2359907478094101,0.1450609713792801,0.292994911968708,12.5,0.2016322761774063,0.375043660402298,39.254070881226056,0.1819584220647812,2.2479645593869733,58.081896551724135,6.405651340996169
beijing_ssp585_mid_2050s_heatwave_extreme_2052,Beijing,ssp585,mid_2050s,heatwave_extreme,2052,COMP-Lo,90.0,0.9,1.7182130584192439,16704,0.1055036336183548,0.10491421073675156,0.1826608747243881,3.5859674329501914,0.14880269765853882,0.2975413203239441,14.547413793103448,0.13158129155635834,0.569683908045977,47.725095785440615,6.118295019157088
beijing_ssp585_mid_2050s_heatwave_extreme_2052,Beijing,ssp585,mid_2050s,heatwave_extreme,2052,S-real,93.2,0.932,1.7182130584192439,16704,0.08963073045015335,0.10616320371627808,0.1819619208574295,3.4542624521072796,0.1504252701997757,0.2975656986236572,15.828544061302683,0.13309840857982635,0.5763888888888888,50.5926724137931,6.046455938697318
beijing_ssp585_mid_2050s_heatwave_extreme_2052,Beijing,ssp585,mid_2050s,heatwave_extreme,2052,COMP-Med,100.0,1.0,1.7182130584192439,16704,0.07076317071914673,0.13005709648132324,0.21870388165116306,6.693007662835249,0.17894618213176727,0.3477834165096283,25.8022030651341,0.16012495756149292,1.2213242337164751,45.569923371647505,21.14463601532567
beijing_ssp585_mid_2050s_heatwave_extreme_2052,Beijing,ssp585,mid_2050s,heatwave_extreme,2052,EQ-Max,108.0,1.08,1.7182130584192439,16704,0.3007107973098755,0.15159259736537933,0.3883519321680068,13.098659003831417,0.2128676027059555,0.5213801860809326,30.79501915708812,0.189775750041008,2.0551963601532566,86.26077586206897,2.2689176245210727
beijing_ssp585_mid_2050s_heatwave_extreme_2052,Beijing,ssp585,mid_2050s,heatwave_extreme,2052,COMP-Hi,110.0,1.1,1.7182130584192439,16704,0.19087082147598267,0.11375916749238968,0.3008570149540901,9.620450191570882,0.17071321606636047,0.4198947250843048,26.658285440613028,0.14516881108283997,1.6459530651340997,53.125,3.322557471264368
beijing_ssp585_mid_2050s_heatwave_extreme_2052,Beijing,ssp585,mid_2050s,heatwave_extreme,2052,LEGACY,120.0,1.2,1.7182130584192439,16704,0.1998302936553955,0.14825975894927979,0.2952587455511093,13.242337164750959,0.20556339621543884,0.3796754777431488,43.43271072796935,0.18447048962116241,2.454442049808429,57.165948275862064,7.471264367816093
beijing_ssp585_mid_2050s_hot_2052,Beijing,ssp585,mid_2050s,hot,2052,COMP-Lo,90.0,0.9,1.7182130584192439,16704,0.1055036336183548,0.10491421073675156,0.1826608747243881,3.5859674329501914,0.14880269765853882,0.2975413203239441,14.547413793103448,0.13158129155635834,0.569683908045977,47.725095785440615,6.118295019157088
beijing_ssp585_mid_2050s_hot_2052,Beijing,ssp585,mid_2050s,hot,2052,S-real,93.2,0.932,1.7182130584192439,16704,0.08963073045015335,0.10616320371627808,0.1819619208574295,3.4542624521072796,0.1504252701997757,0.2975656986236572,15.828544061302683,0.13309840857982635,0.5763888888888888,50.5926724137931,6.046455938697318
beijing_ssp585_mid_2050s_hot_2052,Beijing,ssp585,mid_2050s,hot,2052,COMP-Med,100.0,1.0,1.7182130584192439,16704,0.07076317071914673,0.13005709648132324,0.21870388165116306,6.693007662835249,0.17894618213176727,0.3477834165096283,25.8022030651341,0.16012495756149292,1.2213242337164751,45.569923371647505,21.14463601532567
beijing_ssp585_mid_2050s_hot_2052,Beijing,ssp585,mid_2050s,hot,2052,EQ-Max,108.0,1.08,1.7182130584192439,16704,0.3007107973098755,0.15159259736537933,0.3883519321680068,13.098659003831417,0.2128676027059555,0.5213801860809326,30.79501915708812,0.189775750041008,2.0551963601532566,86.26077586206897,2.2689176245210727
beijing_ssp585_mid_2050s_hot_2052,Beijing,ssp585,mid_2050s,hot,2052,COMP-Hi,110.0,1.1,1.7182130584192439,16704,0.19087082147598267,0.11375916749238968,0.3008570149540901,9.620450191570882,0.17071321606636047,0.4198947250843048,26.658285440613028,0.14516881108283997,1.6459530651340997,53.125,3.322557471264368
beijing_ssp585_mid_2050s_hot_2052,Beijing,ssp585,mid_2050s,hot,2052,LEGACY,120.0,1.2,1.7182130584192439,16704,0.1998302936553955,0.14825975894927979,0.2952587455511093,13.242337164750959,0.20556339621543884,0.3796754777431488,43.43271072796935,0.18447048962116241,2.454442049808429,57.165948275862064,7.471264367816093
beijing_ssp585_mid_2050s_typical_2053,Beijing,ssp585,mid_2050s,typical,2053,COMP-Lo,90.0,0.9,1.7182130584192439,16704,0.0821446105837822,0.09388945251703262,0.1270436368882656,0.0,0.13009381294250488,0.2067948579788208,8.063936781609195,0.11643437296152115,0.12763409961685823,43.3249521072797,4.280411877394636
beijing_ssp585_mid_2050s_typical_2053,Beijing,ssp585,mid_2050s,typical,2053,S-real,93.2,0.932,1.7182130584192439,16704,0.06720957159996033,0.09513632208108902,0.12994711175560947,0.0,0.13212013244628906,0.2067948579788208,8.369252873563218,0.11843717098236084,0.14074473180076627,46.52777777777778,3.9870689655172415
beijing_ssp585_mid_2050s_typical_2053,Beijing,ssp585,mid_2050s,typical,2053,COMP-Med,100.0,1.0,1.7182130584192439,16704,0.03576728701591492,0.11699333041906357,0.1516326740384102,0.2274904214559387,0.15906135737895966,0.2641083598136902,16.451149425287355,0.1428847759962082,0.35889607279693486,41.582854406130274,20.947078544061306
beijing_ssp585_mid_2050s_typical_2053,Beijing,ssp585,mid_2050s,typical,2053,EQ-Max,108.0,1.08,1.7182130584192439,16704,0.24521765112876892,0.12652894854545593,0.19589679464697834,4.735392720306513,0.17623601853847504,0.3297167718410492,19.564176245210728,0.1581191122531891,0.765205938697318,90.42744252873564,0.49090038314176243
beijing_ssp585_mid_2050s_typical_2053,Beijing,ssp585,mid_2050s,typical,2053,COMP-Hi,110.0,1.1,1.7182130584192439,16704,0.1345037966966629,0.09275349974632263,0.14113373607397076,1.8917624521072798,0.14061018824577332,0.2886642515659332,18.869731800766285,0.11927546560764313,0.5523227969348659,48.79669540229885,1.8797892720306513
beijing_ssp585_mid_2050s_typical_2053,Beijing,ssp585,mid_2050s,typical,2053,LEGACY,120.0,1.2,1.7182130584192439,16704,0.15697284042835236,0.1277303546667099,0.1872196078300476,3.089080459770115,0.18076813220977783,0.32865214347839355,34.34506704980843,0.16119679808616638,1.1254789272030652,55.34003831417624,6.148227969348659
beijing_ssp585_near_2030s_heatwave_extreme_2030,Beijing,ssp585,near_2030s,heatwave_extreme,2030,COMP-Lo,90.0,0.9,1.7182130584192439,16704,0.05764913931488991,0.10113406926393509,0.14957787320017812,0.7303639846743295,0.14429593086242676,0.26944267749786377,12.523946360153257,0.12655621767044067,0.29573754789272033,38.72725095785441,9.14750957854406
beijing_ssp585_near_2030s_heatwave_extreme_2030,Beijing,ssp585,near_2030s,heatwave_extreme,2030,S-real,93.2,0.932,1.7182130584192439,16704,0.03536386415362358,0.10271799564361572,0.15157860592007635,0.6645114942528735,0.1461614966392517,0.27478358149528503,14.792863984674328,0.12821392714977264,0.33273467432950193,41.53496168582376,8.860153256704981
beijing_ssp585_near_2030s_heatwave_extreme_2030,Beijing,ssp585,near_2030s,heatwave_extreme,2030,COMP-Med,100.0,1.0,1.7182130584192439,16704,0.006383716594427824,0.12543098628520966,0.17572812065482132,2.3946360153256707,0.1728101521730423,0.30639442801475525,27.634099616858236,0.15431948006153107,0.8119013409961686,36.75766283524904,24.221743295019156
beijing_ssp585_near_2030s_heatwave_extreme_2030,Beijing,ssp585,near_2030s,heatwave_extreme,2030,EQ-Max,108.0,1.08,1.7182130584192439,16704,0.21777695417404175,0.13275068998336792,0.23712787479162187,6.459530651340996,0.19070225954055786,0.37541651725769043,24.874281609195403,0.16789206862449646,1.0847701149425288,82.32758620689656,4.112787356321839
beijing_ssp585_near_2030s_heatwave_extreme_2030,Beijing,ssp585,near_2030s,heatwave_extreme,2030,COMP-Hi,110.0,1.1,1.7182130584192439,16704,0.12048780173063278,0.10245748609304428,0.1739611841738224,3.6398467432950192,0.16065821051597595,0.367013156414032,23.186063218390803,0.13296885788440704,0.8624880268199234,46.94683908045977,4.513888888888888
beijing_ssp585_near_2030s_heatwave_extreme_2030,Beijing,ssp585,near_2030s,heatwave_extreme,2030,LEGACY,120.0,1.2,1.7182130584192439,16704,0.13653941452503204,0.14068259298801422,0.2203486934304237,8.68654214559387,0.19575797021389008,0.3570811152458191,44.827586206896555,0.1750735491514206,2.0795019157088124,54.052921455938694,8.075909961685824
beijing_ssp585_near_2030s_hot_2037,Beijing,ssp585,near_2030s,hot,2037,COMP-Lo,90.0,0.9,1.7182130584192439,16704,0.04905640706419945,0.10235206037759781,0.16995662972331035,2.286877394636015,0.14546288549900055,0.2845478653907776,13.056752873563218,0.1281440556049347,0.4224137931034483,36.64391762452107,10.805795019157088
beijing_ssp585_near_2030s_hot_2037,Beijing,ssp585,near_2030s,hot,2037,S-real,93.2,0.932,1.7182130584192439,16704,0.03012567013502121,0.10355691611766815,0.17296507507562628,2.412595785440613,0.14684702455997467,0.2924994230270386,14.59530651340996,0.12973421812057495,0.49179837164750956,39.15828544061303,10.237068965517242
beijing_ssp585_near_2030s_hot_2037,Beijing,ssp585,near_2030s,hot,2037,COMP-Med,100.0,1.0,1.7182130584192439,16704,0.0023361891508102417,0.12637971341609955,0.198233650624752,4.819204980842912,0.17190593481063843,0.29801464080810547,22.892720306513407,0.15476106107234955,0.9869492337164751,33.6985153256705,25.646551724137932
beijing_ssp585_near_2030s_hot_2037,Beijing,ssp585,near_2030s,hot,2037,EQ-Max,108.0,1.08,1.7182130584192439,16704,0.22029240429401398,0.134192556142807,0.240556270629167,7.3036398467432955,0.1918247938156128,0.375043660402298,28.454262452107283,0.17045587301254272,1.3193247126436782,83.56082375478927,5.16044061302682
beijing_ssp585_near_2030s_hot_2037,Beijing,ssp585,near_2030s,hot,2037,COMP-Hi,110.0,1.1,1.7182130584192439,16704,0.1212475374341011,0.1020362600684166,0.184649933874607,3.7775383141762453,0.15603983402252197,0.3624460995197296,23.156130268199234,0.13222534954547882,0.9030172413793104,44.33668582375479,5.328065134099616
beijing_ssp585_near_2030s_hot_2037,Beijing,ssp585,near_2030s,hot,2037,LEGACY,120.0,1.2,1.7182130584192439,16704,0.13940516114234924,0.14012396335601807,0.2305423907935619,10.32088122605364,0.19598031044006348,0.34815484285354614,44.41451149425287,0.1752467304468155,2.0318486590038316,53.68773946360154,8.926005747126437
beijing_ssp585_near_2030s_typical_2032,Beijing,ssp585,near_2030s,typical,2032,COMP-Lo,90.0,0.9,1.7182130584192439,16704,0.0926549881696701,0.09338793903589249,0.12518592327833175,0.0,0.13215816020965576,0.20573021471500397,7.69875478927203,0.11716371029615402,0.1336206896551724,43.85775862068966,3.5500478927203067
beijing_ssp585_near_2030s_typical_2032,Beijing,ssp585,near_2030s,typical,2032,S-real,93.2,0.932,1.7182130584192439,16704,0.07871270924806595,0.09508802741765976,0.12916627973318098,0.0,0.1353485882282257,0.2067948579788208,8.518917624521073,0.1199033334851265,0.14804837164750959,47.066570881226056,3.490181992337165
beijing_ssp585_near_2030s_typical_2032,Beijing,ssp585,near_2030s,typical,2032,COMP-Med,100.0,1.0,1.7182130584192439,16704,0.05075574666261673,0.11705967038869858,0.15190759301185605,0.4669540229885058,0.16127365827560425,0.274643579125403,17.923850574712645,0.14430326223373413,0.39200191570881227,42.51077586206897,17.175526819923373
beijing_ssp585_near_2030s_typical_2032,Beijing,ssp585,near_2030s,typical,2032,EQ-Max,108.0,1.08,1.7182130584192439,16704,0.25339484214782715,0.12772299349308014,0.1968228101730346,4.926963601532567,0.18165063858032227,0.367013156414032,21.857040229885058,0.1612137407064438,0.8520114942528736,91.00814176245211,0.14966475095785442
beijing_ssp585_near_2030s_typical_2032,Beijing,ssp585,near_2030s,typical,2032,COMP-Hi,110.0,1.1,1.7182130584192439,16704,0.13919445872306824,0.09311047941446304,0.14438682273030254,2.077346743295019,0.14351674914360046,0.3021327257156372,18.99545019157088,0.12090729176998138,0.5660320881226054,49.76652298850575,1.7899904214559386
beijing_ssp585_near_2030s_typical_2032,Beijing,ssp585,near_2030s,typical,2032,LEGACY,120.0,1.2,1.7182130584192439,16704,0.16252215206623077,0.1279069036245346,0.18686297163367271,3.035201149425287,0.18113049864768982,0.32865214347839355,34.46479885057471,0.16176161170005798,1.1159602490421456,56.69300766283525,6.27993295019157
guangzhou_ssp245_baseline_2020s_heatwave_extreme_2028,Guangzhou,ssp245,baseline_2020s,heatwave_extreme,2028,COMP-Lo,90.0,0.9,1.7182130584192439,16704,0.03086230717599392,0.08468972891569138,0.13817335665225966,0.35919540229885055,0.11334532499313354,0.19469548761844635,3.7835249042145596,0.10248006880283356,0.10183189655172414,20.9889846743295,8.997844827586206
guangzhou_ssp245_baseline_2020s_heatwave_extreme_2028,Guangzhou,ssp245,baseline_2020s,heatwave_extreme,2028,S-real,93.2,0.932,1.7182130584192439,16704,0.03572205826640129,0.08306257426738739,0.13538046181201935,0.34123563218390807,0.1133301630616188,0.19884967803955078,4.454022988505748,0.10190723836421967,0.11949233716475095,21.282327586206897,7.531130268199234
guangzhou_ssp245_baseline_2020s_heatwave_extreme_2028,Guangzhou,ssp245,baseline_2020s,heatwave_extreme,2028,COMP-Med,100.0,1.0,1.7182130584192439,16704,-0.028567379340529442,0.11045898497104645,0.16816583722829817,1.8318965517241377,0.14475595951080322,0.281505823135376,12.033045977011495,0.13154171407222748,0.38068726053639845,17.828065134099617,47.34195402298851
guangzhou_ssp245_baseline_2020s_heatwave_extreme_2028,Guangzhou,ssp245,baseline_2020s,heatwave_extreme,2028,EQ-Max,108.0,1.08,1.7182130584192439,16704,0.2941558063030243,0.12689943611621857,0.3016248643398282,11.66786398467433,0.1961357742547989,0.5213801860809326,27.143199233716476,0.16979895532131195,1.627514367816092,74.29956896551724,0.9818007662835249
guangzhou_ssp245_baseline_2020s_heatwave_extreme_2028,Guangzhou,ssp245,baseline_2020s,heatwave_extreme,2028,COMP-Hi,110.0,1.1,1.7182130584192439,16704,0.19059699773788452,0.09338123351335526,0.2227975010871885,6.345785440613026,0.14277735352516174,0.367013156414032,22.970545977011493,0.1222841739654541,1.0563338122605364,31.65110153256705,9.159482758620689
guangzhou_ssp245_baseline_2020s_heatwave_extreme_2028,Guangzhou,ssp245,baseline_2020s,heatwave_extreme,2028,LEGACY,120.0,1.2,1.7182130584192439,16704,0.21356670558452606,0.12056522816419601,0.24026535823941228,8.309386973180075,0.1741112321615219,0.37082353234291077,29.046934865900383,0.15150895714759827,1.431573275862069,42.67840038314176,9.716235632183908
guangzhou_ssp245_baseline_2020s_hot_2027,Guangzhou,ssp245,baseline_2020s,hot,2027,COMP-Lo,90.0,0.9,1.7182130584192439,16704,0.02080642059445381,0.0825948715209961,0.12249118760228148,0.0,0.11018292605876923,0.18655548989772797,2.03544061302682,0.09865456819534302,0.044360632183908046,19.612068965517242,7.1000957854406135
guangzhou_ssp245_baseline_2020s_hot_2027,Guangzhou,ssp245,baseline_2020s,hot,2027,S-real,93.2,0.932,1.7182130584192439,16704,0.0238120686262846,0.08052096515893936,0.11934854015707969,0.0,0.10935648530721664,0.18655548989772797,2.3946360153256707,0.09733660519123077,0.05070641762452107,20.965038314176248,6.585249042145594
guangzhou_ssp245_baseline_2020s_hot_2027,Guangzhou,ssp245,baseline_2020s,hot,2027,COMP-Med,100.0,1.0,1.7182130584192439,16704,-0.04448564723134041,0.10698271542787552,0.14750850424170495,0.305316091954023,0.13922694325447083,0.25947651267051697,10.32088122605364,0.1259162873029709,0.23599137931034483,15.361590038314176,42.444923371647505
guangzhou_ssp245_baseline_2020s_hot_2027,Guangzhou,ssp245,baseline_2020s,hot,2027,EQ-Max,108.0,1.08,1.7182130584192439,16704,0.27423399686813354,0.11838965862989426,0.2527424082159993,8.243534482758621,0.1868007630109787,0.4244617521762848,26.29310344827586,0.15812382102012634,1.2147389846743295,78.544061302682,0.610632183908046
guangzhou_ssp245_baseline_2020s_hot_2027,Guangzhou,ssp245,baseline_2020s,hot,2027,COMP-Hi,110.0,1.1,1.7182130584192439,16704,0.17805179953575134,0.08736798167228699,0.1896730355918404,4.35823754789272,0.13591694831848145,0.305943101644516,20.88122605363985,0.11325180530548096,0.7504789272030651,32.34554597701149,4.250478927203065
guangzhou_ssp245_baseline_2020s_hot_2027,Guangzhou,ssp245,baseline_2020s,hot,2027,LEGACY,120.0,1.2,1.7182130584192439,16704,0.2018173784017563,0.11289032548666,0.20984489694237687,5.687260536398467,0.1688612550497055,0.37082353234291077,29.0110153256705,0.14342066645622253,1.1002753831417624,44.689894636015325,4.394157088122606
guangzhou_ssp245_baseline_2020s_typical_2025,Guangzhou,ssp245,baseline_2020s,typical,2025,COMP-Lo,90.0,0.9,1.7182130584192439,16704,0.04171406850218773,0.08639916032552719,0.14387108907103535,0.4849137931034483,0.11533647775650024,0.19884967803955078,4.3821839080459775,0.10416647046804428,0.1344588122605364,24.509099616858236,6.267959770114942
guangzhou_ssp245_baseline_2020s_typical_2025,Guangzhou,ssp245,baseline_2020s,typical,2025,S-real,93.2,0.932,1.7182130584192439,16704,0.048775967210531235,0.08489206433296204,0.1418687283992767,0.37116858237547895,0.11581868678331375,0.19884967803955078,4.753352490421456,0.10379798710346222,0.13649425287356323,25.149664750957857,5.908764367816092
guangzhou_ssp245_baseline_2020s_typical_2025,Guangzhou,ssp245,baseline_2020s,typical,2025,COMP-Med,100.0,1.0,1.7182130584192439,16704,-0.011361765675246716,0.11238586902618408,0.1747329548001288,2.813697318007663,0.14635154604911804,0.2802868187427521,13.338122605363983,0.13323576748371124,0.4749161877394636,20.19875478927203,43.00766283524904
guangzhou_ssp245_baseline_2020s_typical_2025,Guangzhou,ssp245,baseline_2020s,typical,2025,EQ-Max,108.0,1.08,1.7182130584192439,16704,0.3156740665435791,0.13134759664535522,0.3238776177167892,13.31417624521073,0.20046553015708923,0.5213558077812195,29.537835249042143,0.17258724570274353,1.8799090038314177,79.01700191570882,0.38912835249042144
guangzhou_ssp245_baseline_2020s_typical_2025,Guangzhou,ssp245,baseline_2020s,typical,2025,COMP-Hi,110.0,1.1,1.7182130584192439,16704,0.21212513744831085,0.09617465734481812,0.2380973070859903,7.902298850574713,0.14435148239135742,0.3624460995197296,23.904454022988507,0.12331577390432358,1.2716714559386972,34.321120689655174,5.357998084291188
guangzhou_ssp245_baseline_2020s_typical_2025,Guangzhou,ssp245,baseline_2020s,typical,2025,LEGACY,120.0,1.2,1.7182130584192439,16704,0.23573921620845795,0.12259173393249512,0.2542271494865417,9.943726053639846,0.17674171924591064,0.37082353234291077,31.07638888888889,0.15416407585144043,1.684566570881226,46.80316091954023,6.321839080459771
guangzhou_ssp245_late_2080s_heatwave_extreme_2088,Guangzhou,ssp245,late_2080s,heatwave_extreme,2088,COMP-Lo,90.0,0.9,1.7182130584192439,16704,0.1122952252626419,0.1028764545917511,0.19793082103133194,4.7234195402298855,0.1450921893119812,0.2975413203239441,16.014128352490424,0.12880393862724304,0.5859075670498084,42.85799808429119,3.681752873563218
guangzhou_ssp245_late_2080s_heatwave_extreme_2088,Guangzhou,ssp245,late_2080s,heatwave_extreme,2088,S-real,93.2,0.932,1.7182130584192439,16704,0.12355063110589981,0.10047319531440735,0.19258326515555377,3.59794061302682,0.14372950792312622,0.2886642515659332,15.900383141762454,0.12688516080379486,0.5055675287356322,43.86374521072797,2.9693486590038316
guangzhou_ssp245_late_2080s_heatwave_extreme_2088,Guangzhou,ssp245,late_2080s,heatwave_extreme,2088,COMP-Med,100.0,1.0,1.7182130584192439,16704,0.08735660463571548,0.12947717308998108,0.23386208191514013,10.943486590038313,0.18031318485736847,0.3624460995197296,29.549808429118773,0.16056613624095917,1.452286877394636,37.769396551724135,28.107040229885055
guangzhou_ssp245_late_2080s_heatwave_extreme_2088,Guangzhou,ssp245,late_2080s,heatwave_extreme,2088,EQ-Max,108.0,1.08,1.7182130584192439,16704,0.4467398524284363,0.17725427448749542,0.41292883455753326,29.813218390804597,0.2728808522224426,0.5243842601776123,49.46719348659004,0.23634688556194305,4.062380268199234,85.87763409961686,0.20953065134099616
guangzhou_ssp245_late_2080s_heatwave_extreme_2088,Guangzhou,ssp245,late_2080s,heatwave_extreme,2088,COMP-Hi,110.0,1.1,1.7182130584192439,16704,0.3360125720500946,0.1311340034008026,0.3222441926598549,21.180555555555554,0.2010420858860016,0.4229312539100647,42.917863984674334,0.17183513939380646,3.2017480842911876,52.46048850574713,4.873084291187739
guangzhou_ssp245_late_2080s_heatwave_extreme_2088,Guangzhou,ssp245,late_2080s,heatwave_extreme,2088,LEGACY,120.0,1.2,1.7182130584192439,16704,0.3368969261646271,0.15459230542182922,0.3088688120245933,25.43103448275862,0.22736889123916626,0.38957223296165466,50.37116858237548,0.1989065259695053,3.7249161877394634,62.89511494252874,6.3757183908045985
guangzhou_ssp245_late_2080s_hot_2083,Guangzhou,ssp245,late_2080s,hot,2083,COMP-Lo,90.0,0.9,1.7182130584192439,16704,0.08685148507356644,0.09800319373607635,0.1774951100349426,2.1671455938697317,0.13874559104442596,0.28485387563705444,11.153017241379311,0.12290740013122559,0.35692049808429116,39.439655172413794,4.376197318007663
guangzhou_ssp245_late_2080s_hot_2083,Guangzhou,ssp245,late_2080s,hot,2083,S-real,93.2,0.932,1.7182130584192439,16704,0.09968883544206619,0.095577172935009,0.17369550988078108,1.4667145593869733,0.1373257040977478,0.2800736516714078,11.170977011494253,0.12072828412055969,0.3235751915708812,39.61326628352491,3.8254310344827585
guangzhou_ssp245_late_2080s_hot_2083,Guangzhou,ssp245,late_2080s,hot,2083,COMP-Med,100.0,1.0,1.7182130584192439,16704,0.05510372668504715,0.1238124743103981,0.21162547096610063,6.98036398467433,0.17294421792030334,0.3101632297039032,26.370929118773944,0.15306685864925385,0.9899425287356322,33.39918582375479,31.998323754789272
guangzhou_ssp245_late_2080s_hot_2083,Guangzhou,ssp245,late_2080s,hot,2083,EQ-Max,108.0,1.08,1.7182130584192439,16704,0.4143940508365631,0.1638774275779724,0.3861071243882179,25.46695402298851,0.2638554871082306,0.5243842601776123,49.58692528735632,0.22433289885520935,3.4866499042145596,86.41642720306514,0.11973180076628352
guangzhou_ssp245_late_2080s_hot_2083,Guangzhou,ssp245,late_2080s,hot,2083,COMP-Hi,110.0,1.1,1.7182130584192439,16704,0.30991289019584656,0.12083543092012405,0.29372016489505753,16.265565134099617,0.1936487853527069,0.4198947250843048,42.6125478927203,0.16227306425571442,2.61871408045977,52.58022030651341,3.801484674329502
guangzhou_ssp245_late_2080s_hot_2083,Guangzhou,ssp245,late_2080s,hot,2083,LEGACY,120.0,1.2,1.7182130584192439,16704,0.31784093379974365,0.14501065015792847,0.2909049093723296,20.587883141762454,0.22394409775733948,0.3811911433935165,50.730363984674334,0.19196000695228577,3.1869612068965516,62.972940613026815,4.597701149425287
guangzhou_ssp245_late_2080s_typical_2084,Guangzhou,ssp245,late_2080s,typical,2084,COMP-Lo,90.0,0.9,1.7182130584192439,16704,0.04756561294198036,0.09005068242549896,0.15411120429635045,0.6884578544061303,0.12679296731948853,0.28332337737083435,8.441091954022989,0.11168575286865234,0.21731321839080459,30.81896551724138,4.849137931034483
guangzhou_ssp245_late_2080s_typical_2084,Guangzhou,ssp245,late_2080s,typical,2084,S-real,93.2,0.932,1.7182130584192439,16704,0.055979952216148376,0.08803275972604752,0.1521210119128227,0.7303639846743295,0.12664638459682465,0.27097320556640625,8.818247126436782,0.11077272146940231,0.2282088122605364,31.543342911877392,4.54382183908046
guangzhou_ssp245_late_2080s_typical_2084,Guangzhou,ssp245,late_2080s,typical,2084,COMP-Med,100.0,1.0,1.7182130584192439,16704,-0.0006095536518841982,0.11584214866161346,0.18717712163925165,3.388409961685824,0.16003920137882233,0.3101632297039032,18.69013409961686,0.1418551504611969,0.6161997126436781,25.700431034482758,38.882902298850574
guangzhou_ssp245_late_2080s_typical_2084,Guangzhou,ssp245,late_2080s,typical,2084,EQ-Max,108.0,1.08,1.7182130584192439,16704,0.3423762023448944,0.1423279345035553,0.3484609618782995,17.12763409961686,0.23056770861148834,0.5243598818778992,38.439894636015325,0.19636321067810059,2.4122964559386975,79.34626436781609,0.4669540229885058
guangzhou_ssp245_late_2080s_typical_2084,Guangzhou,ssp245,late_2080s,typical,2084,COMP-Hi,110.0,1.1,1.7182130584192439,16704,0.24041616916656494,0.10504764318466187,0.25895494967699045,9.746168582375478,0.1696832925081253,0.4198947250843048,33.548850574712645,0.14163640141487122,1.65834530651341,42.55268199233716,5.795019157088123
guangzhou_ssp245_late_2080s_typical_2084,Guangzhou,ssp245,late_2080s,typical,2084,LEGACY,120.0,1.2,1.7182130584192439,16704,0.2535703778266907,0.13045132160186768,0.26776285767555236,12.5,0.19893959164619446,0.375850111246109,39.87068965517241,0.1697988361120224,2.142301245210728,53.292624521072796,7.483237547892721
guangzhou_ssp245_mid_2050s_heatwave_extreme_2055,Guangzhou,ssp245,mid_2050s,heatwave_extreme,2055,COMP-Lo,90.0,0.9,1.7182130584192439,16704,0.06890922784805298,0.09255664050579071,0.16945406943559643,1.8977490421455938,0.12868084013462067,0.28332337737083435,8.47102490421456,0.1144867092370987,0.296875,31.26197318007663,4.603687739463601
guangzhou_ssp245_mid_2050s_heatwave_extreme_2055,Guangzhou,ssp245,mid_2050s,heatwave_extreme,2055,S-real,93.2,0.932,1.7182130584192439,16704,0.07784833014011383,0.09035484492778778,0.16708886474370954,1.6403256704980842,0.12754367291927338,0.27097320556640625,8.494971264367816,0.11317446082830429,0.27532327586206895,31.549329501915707,4.525862068965517
guangzhou_ssp245_mid_2050s_heatwave_extreme_2055,Guangzhou,ssp245,mid_2050s,heatwave_extreme,2055,COMP-Med,100.0,1.0,1.7182130584192439,16704,0.025674402713775635,0.11854872107505798,0.20920740962028486,5.8548850574712645,0.15998679399490356,0.305943101644516,20.2705938697318,0.14396825432777405,0.8101053639846744,26.77801724137931,35.35081417624521
guangzhou_ssp245_mid_2050s_heatwave_extreme_2055,Guangzhou,ssp245,mid_2050s,heatwave_extreme,2055,EQ-Max,108.0,1.08,1.7182130584192439,16704,0.36581915616989136,0.1471041738986969,0.38309651911258696,18.53448275862069,0.2318473607301712,0.5243842601776123,38.60751915708812,0.20011894404888153,2.5929717432950192,84.05771072796935,0.19157088122605362
guangzhou_ssp245_mid_2050s_heatwave_extreme_2055,Guangzhou,ssp245,mid_2050s,heatwave_extreme,2055,COMP-Hi,110.0,1.1,1.7182130584192439,16704,0.26490411162376404,0.10870790481567383,0.28532928079366676,12.20067049808429,0.1704126000404358,0.4198947250843048,32.201867816091955,0.1449447125196457,1.943845785440613,43.241139846743295,3.1788793103448274
guangzhou_ssp245_mid_2050s_heatwave_extreme_2055,Guangzhou,ssp245,mid_2050s,heatwave_extreme,2055,LEGACY,120.0,1.2,1.7182130584192439,16704,0.2821158468723297,0.13236166536808014,0.28866987973451597,14.786877394636017,0.19943702220916748,0.3811948001384735,41.40325670498085,0.17262820899486542,2.410021551724138,56.56728927203065,3.316570881226054
guangzhou_ssp245_mid_2050s_hot_2051,Guangzhou,ssp245,mid_2050s,hot,2051,COMP-Lo,90.0,0.9,1.7182130584192439,16704,0.06118636205792427,0.09215360134840012,0.16746333464980123,1.7600574712643677,0.126241073012352,0.28332337737083435,8.267480842911876,0.11284494400024414,0.28490181992337166,30.004789272030653,5.040708812260537
guangzhou_ssp245_mid_2050s_hot_2051,Guangzhou,ssp245,mid_2050s,hot,2051,S-real,93.2,0.932,1.7182130584192439,16704,0.06910499930381775,0.08972831815481186,0.16472812592983244,1.1853448275862069,0.12480125576257706,0.26944267749786377,8.411159003831417,0.11099167168140411,0.2623323754789272,30.657327586206897,4.537835249042145
guangzhou_ssp245_mid_2050s_hot_2051,Guangzhou,ssp245,mid_2050s,hot,2051,COMP-Med,100.0,1.0,1.7182130584192439,16704,0.014718565158545971,0.11740310490131378,0.20136588811874379,5.190373563218391,0.15785515308380127,0.3021327257156372,18.354885057471265,0.14148038625717163,0.7458692528735632,25.808189655172413,35.79980842911878
guangzhou_ssp245_mid_2050s_hot_2051,Guangzhou,ssp245,mid_2050s,hot,2051,EQ-Max,108.0,1.08,1.7182130584192439,16704,0.3564397692680359,0.14633598923683167,0.37176314592361437,19.10919540229885,0.226448655128479,0.5213801860809326,37.52993295019157,0.19452929496765137,2.637631704980843,81.19013409961686,0.3771551724137931
guangzhou_ssp245_mid_2050s_hot_2051,Guangzhou,ssp245,mid_2050s,hot,2051,COMP-Hi,110.0,1.1,1.7182130584192439,16704,0.25478070974349976,0.1082795038819313,0.27677519023418423,11.871408045977011,0.1655118316411972,0.3842313289642334,31.399664750957857,0.14030316472053528,1.9080459770114941,42.31321839080459,4.729406130268199
guangzhou_ssp245_mid_2050s_hot_2051,Guangzhou,ssp245,mid_2050s,hot,2051,LEGACY,120.0,1.2,1.7182130584192439,16704,0.2663741111755371,0.13257332146167755,0.28226757198572144,14.768917624521071,0.19522759318351746,0.37435781955718994,38.900862068965516,0.1685604751110077,2.3658405172413794,55.04669540229885,6.333812260536398
guangzhou_ssp245_mid_2050s_typical_2054,Guangzhou,ssp245,mid_2050s,typical,2054,COMP-Lo,90.0,0.9,1.7182130584192439,16704,0.05166114866733551,0.08965901285409927,0.1515290975570678,0.34123563218390807,0.12592758238315582,0.2664061486721039,7.153975095785441,0.11092691868543625,0.17205459770114942,31.93845785440613,4.8790708812260535
guangzhou_ssp245_mid_2050s_typical_2054,Guangzhou,ssp245,mid_2050s,typical,2054,S-real,93.2,0.932,1.7182130584192439,16704,0.05969913303852081,0.0875188484787941,0.1491736426949501,0.3172892720306513,0.12515343725681305,0.2587907016277313,7.453304597701149,0.10977348685264587,0.17792145593869732,32.860392720306514,4.537835249042145
guangzhou_ssp245_mid_2050s_typical_2054,Guangzhou,ssp245,mid_2050s,typical,2054,COMP-Med,100.0,1.0,1.7182130584192439,16704,0.004262794740498066,0.11427078396081924,0.18224492222070693,3.166906130268199,0.15740177035331726,0.3006022274494171,17.319204980842912,0.13992643356323242,0.5425646551724138,27.460488505747126,34.68031609195402
guangzhou_ssp245_mid_2050s_typical_2054,Guangzhou,ssp245,mid_2050s,typical,2054,EQ-Max,108.0,1.08,1.7182130584192439,16704,0.33900004625320435,0.14143934845924377,0.34163232743740024,16.85823754789272,0.22800405323505402,0.5213801860809326,37.85320881226053,0.19363290071487427,2.3444085249042144,82.14200191570882,0.4549808429118774
guangzhou_ssp245_mid_2050s_typical_2054,Guangzhou,ssp245,mid_2050s,typical,2054,COMP-Hi,110.0,1.1,1.7182130584192439,16704,0.23840194940567017,0.10404185205698013,0.2535538643598556,9.740181992337165,0.16712938249111176,0.3811948001384735,32.525143678160916,0.13982519507408142,1.6047653256704981,44.83357279693487,5.268199233716475
guangzhou_ssp245_mid_2050s_typical_2054,Guangzhou,ssp245,mid_2050s,typical,2054,LEGACY,120.0,1.2,1.7182130584192439,16704,0.24976074695587158,0.12909944355487823,0.2676687434315681,12.434147509578544,0.19638638198375702,0.37435781955718994,39.0625,0.16772665083408356,2.0703424329501914,55.6573275862069,6.597222222222222
guangzhou_ssp245_near_2030s_heatwave_extreme_2034,Guangzhou,ssp245,near_2030s,heatwave_extreme,2034,COMP-Lo,90.0,0.9,1.7182130584192439,16704,0.025151807814836502,0.08478978276252747,0.13328573033213612,0.305316091954023,0.11289065331220627,0.19409017264842987,4.082854406130268,0.10152307152748108,0.10721982758620689,20.737547892720308,7.8484195402298855
guangzhou_ssp245_near_2030s_heatwave_extreme_2034,Guangzhou,ssp245,near_2030s,heatwave_extreme,2034,S-real,93.2,0.932,1.7182130584192439,16704,0.030987940728664398,0.08282024413347244,0.13029990568757058,0.17959770114942528,0.11188758909702301,0.19469548761844635,4.322318007662835,0.10017696022987366,0.10859674329501916,20.845306513409962,6.710967432950192
guangzhou_ssp245_near_2030s_heatwave_extreme_2034,Guangzhou,ssp245,near_2030s,heatwave_extreme,2034,COMP-Med,100.0,1.0,1.7182130584192439,16704,-0.03528701514005661,0.11064915359020233,0.16074113547801966,1.7720306513409962,0.14390061795711517,0.27900367975234985,10.973419540229886,0.13045266270637512,0.33435105363984674,17.43295019157088,47.10847701149425
guangzhou_ssp245_near_2030s_heatwave_extreme_2034,Guangzhou,ssp245,near_2030s,heatwave_extreme,2034,EQ-Max,108.0,1.08,1.7182130584192439,16704,0.29627424478530884,0.12673185765743256,0.2945838153362274,12.009099616858238,0.19390641152858734,0.4372137486934662,27.903496168582375,0.16671273112297058,1.6329621647509578,76.41882183908046,0.6345785440613027
guangzhou_ssp245_near_2030s_heatwave_extreme_2034,Guangzhou,ssp245,near_2030s,heatwave_extreme,2034,COMP-Hi,110.0,1.1,1.7182130584192439,16704,0.1954393833875656,0.0928778350353241,0.2135778404772281,6.142241379310344,0.13989973068237305,0.3624460995197296,22.012691570881227,0.11922375857830048,1.074353448275862,31.90852490421456,7.106082375478927
guangzhou_ssp245_near_2030s_heatwave_extreme_2034,Guangzhou,ssp245,near_2030s,heatwave_extreme,2034,LEGACY,120.0,1.2,1.7182130584192439,16704,0.2185351401567459,0.11912036687135696,0.2344723105430602,8.279454022988505,0.17280539870262146,0.37082353234291077,30.220306513409962,0.1484069526195526,1.4610272988505748,44.77370689655172,8.267480842911876
guangzhou_ssp245_near_2030s_hot_2038,Guangzhou,ssp245,near_2030s,hot,2038,COMP-Lo,90.0,0.9,1.7182130584192439,16704,0.054247818887233734,0.08995558321475983,0.15266667231917372,0.7183908045977011,0.1208951324224472,0.19891560077667236,4.938936781609195,0.10901882499456406,0.1579861111111111,28.993055555555557,4.909003831417625
guangzhou_ssp245_near_2030s_hot_2038,Guangzhou,ssp245,near_2030s,hot,2038,S-real,93.2,0.932,1.7182130584192439,16704,0.06278509646654129,0.0877595841884613,0.15198445469141006,0.44300766283524906,0.1198112964630127,0.24685461819171906,5.274185823754789,0.10757379233837128,0.14804837164750959,29.280411877394634,4.4959291187739465
guangzhou_ssp245_near_2030s_hot_2038,Guangzhou,ssp245,near_2030s,hot,2038,COMP-Med,100.0,1.0,1.7182130584192439,16704,0.006546387914568186,0.11498769372701645,0.18742968514561645,3.4961685823754785,0.1519535928964615,0.29288437962532043,15.702825670498086,0.13773475587368011,0.5619612068965517,23.89846743295019,35.61422413793103
guangzhou_ssp245_near_2030s_hot_2038,Guangzhou,ssp245,near_2030s,hot,2038,EQ-Max,108.0,1.08,1.7182130584192439,16704,0.3452743887901306,0.14175044000148773,0.350263231992721,17.64248084291188,0.22042962908744812,0.5213801860809326,37.36829501915709,0.18921536207199097,2.382124042145594,82.72270114942529,0.5567528735632185
guangzhou_ssp245_near_2030s_hot_2038,Guangzhou,ssp245,near_2030s,hot,2038,COMP-Hi,110.0,1.1,1.7182130584192439,16704,0.24302111566066742,0.1040264442563057,0.2607860133051871,9.835967432950191,0.15916003286838531,0.367013156414032,30.11853448275862,0.1358470618724823,1.7113864942528736,41.690613026819925,4.639607279693487
guangzhou_ssp245_near_2030s_hot_2038,Guangzhou,ssp245,near_2030s,hot,2038,LEGACY,120.0,1.2,1.7182130584192439,16704,0.25917091965675354,0.1290229856967926,0.2718168944120406,12.817289272030653,0.1918002814054489,0.37082353234291077,38.58357279693487,0.16553890705108643,2.1416427203065136,55.31609195402298,5.591475095785441
guangzhou_ssp245_near_2030s_typical_2031,Guangzhou,ssp245,near_2030s,typical,2031,COMP-Lo,90.0,0.9,1.7182130584192439,16704,0.022899150848388672,0.08411799371242523,0.13262407332658763,0.09578544061302681,0.11290274560451508,0.19047226011753082,3.4961685823754785,0.10110211372375488,0.08417145593869732,21.60560344827586,6.836685823754789
guangzhou_ssp245_near_2030s_typical_2031,Guangzhou,ssp245,near_2030s,typical,2031,S-real,93.2,0.932,1.7182130584192439,16704,0.0256500281393528,0.08229226619005203,0.1296675615012645,0.04190613026819923,0.11225699633359909,0.19469548761844635,3.9571360153256707,0.09986330568790436,0.09021791187739464,22.17432950191571,6.190134099616858
guangzhou_ssp245_near_2030s_typical_2031,Guangzhou,ssp245,near_2030s,typical,2031,COMP-Med,100.0,1.0,1.7182130584192439,16704,-0.04197976365685463,0.11016619205474854,0.16063105091452595,1.7181513409961684,0.1445353627204895,0.27900367975234985,11.135057471264368,0.13032306730747223,0.3354286398467433,16.606800766283524,48.29382183908046
guangzhou_ssp245_near_2030s_typical_2031,Guangzhou,ssp245,near_2030s,typical,2031,EQ-Max,108.0,1.08,1.7182130584192439,16704,0.2871643304824829,0.12602819502353668,0.29308861047029483,10.775862068965516,0.19747593998908997,0.4482807517051697,29.20258620689655,0.16735096275806427,1.5859075670498084,74.54501915708812,0.8800287356321839
guangzhou_ssp245_near_2030s_typical_2031,Guangzhou,ssp245,near_2030s,typical,2031,COMP-Hi,110.0,1.1,1.7182130584192439,16704,0.18422171473503113,0.09229191392660141,0.21457536369562105,5.9446839080459775,0.14189980924129486,0.3624460995197296,22.916666666666664,0.11935840547084808,1.0150263409961686,32.29166666666667,8.31537356321839
guangzhou_ssp245_near_2030s_typical_2031,Guangzhou,ssp245,near_2030s,typical,2031,LEGACY,120.0,1.2,1.7182130584192439,16704,0.2072124034166336,0.11913090199232101,0.23519691750407207,7.84243295019157,0.17419284582138062,0.37082353234291077,29.50191570881226,0.15037040412425995,1.3867337164750957,42.33117816091954,9.123563218390805
guangzhou_ssp585_baseline_2020s_heatwave_extreme_2026,Guangzhou,ssp585,baseline_2020s,heatwave_extreme,2026,COMP-Lo,90.0,0.9,1.7182130584192439,16704,0.046255990862846375,0.08731745928525925,0.14578457027673716,0.305316091954023,0.11627699434757233,0.19469548761844635,4.220545977011494,0.1057673841714859,0.12440134099616858,25.43103448275862,7.351532567049808
guangzhou_ssp585_baseline_2020s_heatwave_extreme_2026,Guangzhou,ssp585,baseline_2020s,heatwave_extreme,2026,S-real,93.2,0.932,1.7182130584192439,16704,0.05417770519852638,0.08567669242620468,0.14368167668581006,0.18558429118773948,0.11629137396812439,0.19469548761844635,4.507902298850574,0.1048763170838356,0.12045019157088123,25.478927203065133,6.112308429118774
guangzhou_ssp585_baseline_2020s_heatwave_extreme_2026,Guangzhou,ssp585,baseline_2020s,heatwave_extreme,2026,COMP-Med,100.0,1.0,1.7182130584192439,16704,-0.002349425572901964,0.11271394789218903,0.17874841988086698,2.8795498084291187,0.1475505530834198,0.2648838475346552,13.481800766283525,0.1342220902442932,0.4577945402298851,21.24640804597701,42.17552681992337
guangzhou_ssp585_baseline_2020s_heatwave_extreme_2026,Guangzhou,ssp585,baseline_2020s,heatwave_extreme,2026,EQ-Max,108.0,1.08,1.7182130584192439,16704,0.3220321238040924,0.1352151334285736,0.33358719199895853,14.098419540229884,0.20642785727977753,0.4506204426288605,32.56704980842912,0.1799338310956955,2.0752514367816093,78.52610153256705,1.1733716475095786
guangzhou_ssp585_baseline_2020s_heatwave_extreme_2026,Guangzhou,ssp585,baseline_2020s,heatwave_extreme,2026,COMP-Hi,110.0,1.1,1.7182130584192439,16704,0.21674460172653198,0.09904474765062332,0.2488630458712574,8.333333333333332,0.14778806269168854,0.3624460995197296,26.32303639846743,0.12803791463375092,1.4187021072796935,36.673850574712645,7.902298850574713
guangzhou_ssp585_baseline_2020s_heatwave_extreme_2026,Guangzhou,ssp585,baseline_2020s,heatwave_extreme,2026,LEGACY,120.0,1.2,1.7182130584192439,16704,0.23638857901096344,0.12630891799926758,0.26098832190036747,10.853687739463602,0.18203003704547882,0.37082353234291077,33.84818007662835,0.15956738591194153,1.8443486590038314,47.55747126436782,9.871886973180075
guangzhou_ssp585_baseline_2020s_hot_2028,Guangzhou,ssp585,baseline_2020s,hot,2028,COMP-Lo,90.0,0.9,1.7182130584192439,16704,0.03686283528804779,0.08671185374259949,0.14123018234968185,0.26939655172413796,0.1169203445315361,0.19884967803955078,4.076867816091954,0.1045006513595581,0.10668103448275862,25.341235632183906,6.190134099616858
guangzhou_ssp585_baseline_2020s_hot_2028,Guangzhou,ssp585,baseline_2020s,hot,2028,S-real,93.2,0.932,1.7182130584192439,16704,0.04148009791970253,0.0847754254937172,0.1382306382060051,0.19755747126436785,0.11585594713687897,0.19822978973388672,4.519875478927203,0.1029423251748085,0.11763649425287356,26.317049808429115,5.136494252873564
guangzhou_ssp585_baseline_2020s_hot_2028,Guangzhou,ssp585,baseline_2020s,hot,2028,COMP-Med,100.0,1.0,1.7182130584192439,16704,-0.01935519278049469,0.11200275272130966,0.17201553061604483,1.9755747126436782,0.14708399772644043,0.27900367975234985,13.050766283524903,0.13278990983963013,0.40547174329501917,19.833572796934863,40.75670498084291
guangzhou_ssp585_baseline_2020s_hot_2028,Guangzhou,ssp585,baseline_2020s,hot,2028,EQ-Max,108.0,1.08,1.7182130584192439,16704,0.3096420168876648,0.13221688568592072,0.31612319946288975,13.511733716475097,0.20578449964523315,0.5213558077812195,31.399664750957857,0.17519691586494446,1.8594348659003832,77.705938697318,0.7842432950191571
guangzhou_ssp585_baseline_2020s_hot_2028,Guangzhou,ssp585,baseline_2020s,hot,2028,COMP-Hi,110.0,1.1,1.7182130584192439,16704,0.2045173943042755,0.09657128155231476,0.23474656492471688,7.483237547892721,0.1480688750743866,0.3624460995197296,25.19755747126437,0.12454590201377869,1.2203065134099618,36.41642720306513,7.2138409961685825
guangzhou_ssp585_baseline_2020s_hot_2028,Guangzhou,ssp585,baseline_2020s,hot,2028,LEGACY,120.0,1.2,1.7182130584192439,16704,0.22327883541584015,0.12314090132713318,0.25029573291540136,9.54861111111111,0.1817304491996765,0.37082353234291077,33.321360153256705,0.15568608045578003,1.6431992337164751,48.371647509578544,8.530890804597702
guangzhou_ssp585_baseline_2020s_typical_2025,Guangzhou,ssp585,baseline_2020s,typical,2025,COMP-Lo,90.0,0.9,1.7182130584192439,16704,0.029469121247529984,0.08443548530340195,0.12478310875594613,0.005986590038314176,0.1145792007446289,0.1935088038444519,3.6937260536398466,0.10236005485057831,0.07710727969348659,23.317768199233715,6.7828065134099615
guangzhou_ssp585_baseline_2020s_typical_2025,Guangzhou,ssp585,baseline_2020s,typical,2025,S-real,93.2,0.932,1.7182130584192439,16704,0.03281201049685478,0.08280066400766373,0.12236320488154886,0.005986590038314176,0.1140013188123703,0.19822978973388672,4.340277777777778,0.10129901766777039,0.08800287356321838,23.874521072796934,6.052442528735632
guangzhou_ssp585_baseline_2020s_typical_2025,Guangzhou,ssp585,baseline_2020s,typical,2025,COMP-Med,100.0,1.0,1.7182130584192439,16704,-0.03109862096607685,0.10964091867208481,0.15255007594823836,1.323036398467433,0.1454038918018341,0.27900367975234985,13.068726053639848,0.13109375536441803,0.35302921455938696,18.63625478927203,41.67265325670498
guangzhou_ssp585_baseline_2020s_typical_2025,Guangzhou,ssp585,baseline_2020s,typical,2025,EQ-Max,108.0,1.08,1.7182130584192439,16704,0.28829386830329895,0.12709833681583405,0.2749036103487012,11.536159003831417,0.20361067354679108,0.5213801860809326,29.382183908045977,0.1735507994890213,1.5385536398467432,77.93941570881226,1.430795019157088
guangzhou_ssp585_baseline_2020s_typical_2025,Guangzhou,ssp585,baseline_2020s,typical,2025,COMP-Hi,110.0,1.1,1.7182130584192439,16704,0.18469494581222534,0.09295430034399033,0.199913590401411,4.998802681992337,0.14635160565376282,0.367013156414032,24.664750957854405,0.12385781109333038,1.0129310344827587,34.27322796934866,8.399185823754788
guangzhou_ssp585_baseline_2020s_typical_2025,Guangzhou,ssp585,baseline_2020s,typical,2025,LEGACY,120.0,1.2,1.7182130584192439,16704,0.20476248860359192,0.12051346153020859,0.22064918130636205,7.088122605363985,0.18045660853385925,0.375043660402298,30.735153256704983,0.15546564757823944,1.3590158045977012,45.19276819923372,10.668103448275861
guangzhou_ssp585_late_2080s_heatwave_extreme_2086,Guangzhou,ssp585,late_2080s,heatwave_extreme,2086,COMP-Lo,90.0,0.9,1.7182130584192439,16704,0.2248222678899765,0.1291431337594986,0.25139604061841964,19.5102969348659,0.19204284250736237,0.3654826581478119,34.71024904214559,0.16721978783607483,1.8844588122605364,53.83141762452107,3.7954980842911876
guangzhou_ssp585_late_2080s_heatwave_extreme_2086,Guangzhou,ssp585,late_2080s,heatwave_extreme,2086,S-real,93.2,0.932,1.7182130584192439,16704,0.24007141590118408,0.12588775157928467,0.24231850504875177,18.773946360153257,0.19035160541534424,0.3624460995197296,34.83596743295019,0.16532698273658752,1.6380507662835249,54.28041187739464,2.993295019157088
guangzhou_ssp585_late_2080s_heatwave_extreme_2086,Guangzhou,ssp585,late_2080s,heatwave_extreme,2086,COMP-Med,100.0,1.0,1.7182130584192439,16704,0.2404222935438156,0.15908288955688477,0.28708671033382405,29.537835249042143,0.23073557019233704,0.4229312539100647,48.29980842911878,0.20362263917922974,3.679956896551724,51.281130268199234,23.05435823754789
guangzhou_ssp585_late_2080s_heatwave_extreme_2086,Guangzhou,ssp585,late_2080s,heatwave_extreme,2086,EQ-Max,108.0,1.08,1.7182130584192439,16704,0.6061064600944519,0.2279694676399231,0.4553845673799515,44.39056513409962,0.33897337317466736,0.6241328120231628,60.62021072796935,0.2987648546695709,6.247844827586207,88.67935823754789,0.43103448275862066
guangzhou_ssp585_late_2080s_heatwave_extreme_2086,Guangzhou,ssp585,late_2080s,heatwave_extreme,2086,COMP-Hi,110.0,1.1,1.7182130584192439,16704,0.4982753396034241,0.17717643082141876,0.36791169494390485,38.40996168582376,0.26636236906051636,0.5213801860809326,56.02849616858238,0.2312307208776474,5.709051724137931,61.398467432950184,3.8254310344827585
guangzhou_ssp585_late_2080s_heatwave_extreme_2086,Guangzhou,ssp585,late_2080s,heatwave_extreme,2086,LEGACY,120.0,1.2,1.7182130584192439,16704,0.4790934920310974,0.1913829743862152,0.354051250219345,41.64272030651341,0.2725170850753784,0.43855343759059817,61.59003831417624,0.24223557114601135,5.950011973180077,70.56393678160919,4.669540229885057
guangzhou_ssp585_late_2080s_hot_2086,Guangzhou,ssp585,late_2080s,hot,2086,COMP-Lo,90.0,0.9,1.7182130584192439,16704,0.2248222678899765,0.1291431337594986,0.25139604061841964,19.5102969348659,0.19204284250736237,0.3654826581478119,34.71024904214559,0.16721978783607483,1.8844588122605364,53.83141762452107,3.7954980842911876
guangzhou_ssp585_late_2080s_hot_2086,Guangzhou,ssp585,late_2080s,hot,2086,S-real,93.2,0.932,1.7182130584192439,16704,0.24007141590118408,0.12588775157928467,0.24231850504875177,18.773946360153257,0.19035160541534424,0.3624460995197296,34.83596743295019,0.16532698273658752,1.6380507662835249,54.28041187739464,2.993295019157088
guangzhou_ssp585_late_2080s_hot_2086,Guangzhou,ssp585,late_2080s,hot,2086,COMP-Med,100.0,1.0,1.7182130584192439,16704,0.2404222935438156,0.15908288955688477,0.28708671033382405,29.537835249042143,0.23073557019233704,0.4229312539100647,48.29980842911878,0.20362263917922974,3.679956896551724,51.281130268199234,23.05435823754789
guangzhou_ssp585_late_2080s_hot_2086,Guangzhou,ssp585,late_2080s,hot,2086,EQ-Max,108.0,1.08,1.7182130584192439,16704,0.6061064600944519,0.2279694676399231,0.4553845673799515,44.39056513409962,0.33897337317466736,0.6241328120231628,60.62021072796935,0.2987648546695709,6.247844827586207,88.67935823754789,0.43103448275862066
guangzhou_ssp585_late_2080s_hot_2086,Guangzhou,ssp585,late_2080s,hot,2086,COMP-Hi,110.0,1.1,1.7182130584192439,16704,0.4982753396034241,0.17717643082141876,0.36791169494390485,38.40996168582376,0.26636236906051636,0.5213801860809326,56.02849616858238,0.2312307208776474,5.709051724137931,61.398467432950184,3.8254310344827585
guangzhou_ssp585_late_2080s_hot_2086,Guangzhou,ssp585,late_2080s,hot,2086,LEGACY,120.0,1.2,1.7182130584192439,16704,0.4790934920310974,0.1913829743862152,0.354051250219345,41.64272030651341,0.2725170850753784,0.43855343759059817,61.59003831417624,0.24223557114601135,5.950011973180077,70.56393678160919,4.669540229885057
guangzhou_ssp585_late_2080s_typical_2087,Guangzhou,ssp585,late_2080s,typical,2087,COMP-Lo,90.0,0.9,1.7182130584192439,16704,0.09816136211156845,0.10159905254840851,0.17979455962777138,1.7361111111111112,0.1503196507692337,0.2975656986236572,16.145833333333336,0.13094131648540497,0.43115421455938696,46.57567049808429,3.035201149425287
guangzhou_ssp585_late_2080s_typical_2087,Guangzhou,ssp585,late_2080s,typical,2087,S-real,93.2,0.932,1.7182130584192439,16704,0.11493360996246338,0.09915134310722351,0.17552195861935613,1.3709291187739463,0.1498010754585266,0.2975413203239441,15.547174329501914,0.12924744188785553,0.36877394636015326,46.39607279693487,2.885536398467433
guangzhou_ssp585_late_2080s_typical_2087,Guangzhou,ssp585,late_2080s,typical,2087,COMP-Med,100.0,1.0,1.7182130584192439,16704,0.08084597438573837,0.12855006754398346,0.2197730213403702,8.818247126436782,0.1872817724943161,0.3624460995197296,34.309147509578544,0.16399699449539185,1.2725694444444444,40.94827586206897,28.705699233716476
guangzhou_ssp585_late_2080s_typical_2087,Guangzhou,ssp585,late_2080s,typical,2087,EQ-Max,108.0,1.08,1.7182130584192439,16704,0.4517304301261902,0.17791008949279785,0.39987412989139554,31.214080459770116,0.29596367478370667,0.6120837330818176,56.96240421455939,0.2530243396759033,4.142899904214559,89.13433908045977,0.0
guangzhou_ssp585_late_2080s_typical_2087,Guangzhou,ssp585,late_2080s,typical,2087,COMP-Hi,110.0,1.1,1.7182130584192439,16704,0.3525421619415283,0.13270334899425507,0.31091437041759484,20.420258620689655,0.22079314291477203,0.42883631587028503,51.358955938697314,0.18645136058330536,3.3976891762452106,59.00383141762452,1.5505268199233717
guangzhou_ssp585_late_2080s_typical_2087,Guangzhou,ssp585,late_2080s,typical,2087,LEGACY,120.0,1.2,1.7182130584192439,16704,0.3563687205314636,0.15808799862861633,0.31288153529167173,26.718151340996172,0.24714581668376923,0.4282721281051636,58.58477011494253,0.21406731009483337,4.003591954022989,68.7440134099617,1.8079501915708813
guangzhou_ssp585_mid_2050s_heatwave_extreme_2059,Guangzhou,ssp585,mid_2050s,heatwave_extreme,2059,COMP-Lo,90.0,0.9,1.7182130584192439,16704,0.07632856070995331,0.0953727662563324,0.17262826189398764,1.5684865900383143,0.13324394822120667,0.2802868187427521,9.758141762452107,0.11916856467723846,0.3095665708812261,37.40421455938697,6.208093869731801
guangzhou_ssp585_mid_2050s_heatwave_extreme_2059,Guangzhou,ssp585,mid_2050s,heatwave_extreme,2059,S-real,93.2,0.932,1.7182130584192439,16704,0.08731487393379211,0.09325829148292542,0.16919285133481024,1.221264367816092,0.13312187790870667,0.27097320556640625,10.06345785440613,0.11794742941856384,0.28125,37.58979885057471,5.166427203065134
guangzhou_ssp585_mid_2050s_heatwave_extreme_2059,Guangzhou,ssp585,mid_2050s,heatwave_extreme,2059,COMP-Med,100.0,1.0,1.7182130584192439,16704,0.04014621302485466,0.12149628251791,0.2071207582950592,6.17816091954023,0.16788128018379211,0.3101632297039032,23.473419540229884,0.14976312220096588,0.8761374521072797,32.39942528735632,35.668103448275865
guangzhou_ssp585_mid_2050s_heatwave_extreme_2059,Guangzhou,ssp585,mid_2050s,heatwave_extreme,2059,EQ-Max,108.0,1.08,1.7182130584192439,16704,0.39146888256073,0.15824516117572784,0.38268027305603025,23.970306513409962,0.25157344341278076,0.5243842601776123,44.67193486590038,0.21785621345043182,3.1742696360153255,82.20186781609196,0.5747126436781609
guangzhou_ssp585_mid_2050s_heatwave_extreme_2059,Guangzhou,ssp585,mid_2050s,heatwave_extreme,2059,COMP-Hi,110.0,1.1,1.7182130584192439,16704,0.2863374650478363,0.11656620353460312,0.28796432465314864,14.00862068965517,0.1843375861644745,0.4198947250843048,38.69133141762452,0.1578902304172516,2.3717672413793105,47.33596743295019,5.292145593869732
guangzhou_ssp585_mid_2050s_heatwave_extreme_2059,Guangzhou,ssp585,mid_2050s,heatwave_extreme,2059,LEGACY,120.0,1.2,1.7182130584192439,16704,0.2987510561943054,0.1424586921930313,0.28961756378412246,18.414750957854405,0.21522493660449982,0.3857618570327759,45.480124521072796,0.18755203485488892,2.894875478927203,57.23778735632183,5.8069923371647505
guangzhou_ssp585_mid_2050s_hot_2057,Guangzhou,ssp585,mid_2050s,hot,2057,COMP-Lo,90.0,0.9,1.7182130584192439,16704,0.05495598167181015,0.09155937284231186,0.15671851262450215,0.7842432950191571,0.12912912666797638,0.2802868187427521,8.626676245210728,0.11343659460544586,0.22455699233716475,32.68678160919541,4.4959291187739465
guangzhou_ssp585_mid_2050s_hot_2057,Guangzhou,ssp585,mid_2050s,hot,2057,S-real,93.2,0.932,1.7182130584192439,16704,0.06396248936653137,0.08908040076494217,0.15426338091492636,0.6944444444444444,0.12778526544570923,0.26944267749786377,8.83022030651341,0.11180207133293152,0.22210249042145594,32.890325670498086,3.7535919540229883
guangzhou_ssp585_mid_2050s_hot_2057,Guangzhou,ssp585,mid_2050s,hot,2057,COMP-Med,100.0,1.0,1.7182130584192439,16704,0.01049094833433628,0.11713135242462158,0.18995405808091162,3.7356321839080464,0.1624283790588379,0.305943101644516,20.162835249042146,0.14395205676555634,0.6669659961685823,28.34051724137931,35.021551724137936
guangzhou_ssp585_mid_2050s_hot_2057,Guangzhou,ssp585,mid_2050s,hot,2057,EQ-Max,108.0,1.08,1.7182130584192439,16704,0.3590390086174011,0.14816060662269592,0.3589803561568256,20.162835249042146,0.23951032757759094,0.5243842601776123,41.88817049808429,0.20348680019378662,2.72503591954023,83.15373563218391,0.3532088122605364
guangzhou_ssp585_mid_2050s_hot_2057,Guangzhou,ssp585,mid_2050s,hot,2057,COMP-Hi,110.0,1.1,1.7182130584192439,16704,0.2617917060852051,0.10975481569766998,0.26519121974706644,12.039032567049809,0.17595672607421875,0.4198947250843048,35.47054597701149,0.14750370383262634,1.98227969348659,46.67145593869732,4.61566091954023
guangzhou_ssp585_mid_2050s_hot_2057,Guangzhou,ssp585,mid_2050s,hot,2057,LEGACY,120.0,1.2,1.7182130584192439,16704,0.2716599702835083,0.13433313369750977,0.27899677902460096,15.613026819923373,0.20462512969970703,0.375043660402298,43.27107279693487,0.1752096712589264,2.4879669540229883,58.92600574712644,5.717193486590038
guangzhou_ssp585_mid_2050s_typical_2050,Guangzhou,ssp585,mid_2050s,typical,2050,COMP-Lo,90.0,0.9,1.7182130584192439,16704,0.0669744536280632,0.09255348891019821,0.1674729637801647,1.5625,0.1279989629983902,0.28332337737083435,9.219348659003831,0.11417698860168457,0.30627394636015326,32.59698275862069,5.932710727969349
guangzhou_ssp585_mid_2050s_typical_2050,Guangzhou,ssp585,mid_2050s,typical,2050,S-real,93.2,0.932,1.7182130584192439,16704,0.07418667525053024,0.09059320390224457,0.1635104313492774,1.257183908045977,0.12717004120349884,0.27478358149528503,9.195402298850574,0.11273756623268127,0.2764008620689655,33.26748084291188,5.393917624521072
guangzhou_ssp585_mid_2050s_typical_2050,Guangzhou,ssp585,mid_2050s,typical,2050,COMP-Med,100.0,1.0,1.7182130584192439,16704,0.023620177060365677,0.11803805083036423,0.20248219668865203,5.30411877394636,0.15988822281360626,0.3101632297039032,18.438697318007662,0.1434508115053177,0.7588002873563219,27.837643678160916,35.36278735632184
guangzhou_ssp585_mid_2050s_typical_2050,Guangzhou,ssp585,mid_2050s,typical,2050,EQ-Max,108.0,1.08,1.7182130584192439,16704,0.3599279224872589,0.15008212625980377,0.37832685112953174,19.749760536398465,0.23224741220474243,0.5243842601776123,38.146551724137936,0.20070184767246246,2.7346743295019156,81.14822796934867,0.9279214559386973
guangzhou_ssp585_mid_2050s_typical_2050,Guangzhou,ssp585,mid_2050s,typical,2050,COMP-Hi,110.0,1.1,1.7182130584192439,16704,0.25535470247268677,0.11050017178058624,0.28149334639310836,13.176484674329503,0.16980281472206116,0.4198947250843048,32.93821839080459,0.14486892521381378,2.0534003831417627,43.77394636015325,6.333812260536398
guangzhou_ssp585_mid_2050s_typical_2050,Guangzhou,ssp585,mid_2050s,typical,2050,LEGACY,120.0,1.2,1.7182130584192439,16704,0.26515546441078186,0.13599970936775208,0.28932829350233075,15.876436781609197,0.19956502318382263,0.38007020950317383,39.47557471264368,0.1732708066701889,2.501736111111111,54.166666666666664,7.908285440613026
guangzhou_ssp585_near_2030s_heatwave_extreme_2033,Guangzhou,ssp585,near_2030s,heatwave_extreme,2033,COMP-Lo,90.0,0.9,1.7182130584192439,16704,0.04727695509791374,0.08948733657598495,0.15249651148915289,0.7243773946360154,0.12181515991687775,0.25525641441345215,5.956657088122606,0.10934342443943024,0.17714319923371646,28.85536398467433,6.86661877394636
guangzhou_ssp585_near_2030s_heatwave_extreme_2033,Guangzhou,ssp585,near_2030s,heatwave_extreme,2033,S-real,93.2,0.932,1.7182130584192439,16704,0.05401812866330147,0.08735816925764084,0.15010689720511433,0.5687260536398467,0.12087208777666092,0.25525641441345215,6.603208812260536,0.10771707445383072,0.17971743295019157,29.28639846743295,5.8309386973180075
guangzhou_ssp585_near_2030s_heatwave_extreme_2033,Guangzhou,ssp585,near_2030s,heatwave_extreme,2033,COMP-Med,100.0,1.0,1.7182130584192439,16704,-0.003687460208311677,0.11511914432048798,0.18470752015709874,3.6398467432950192,0.15494388341903687,0.2975656986236572,16.469109195402297,0.13890625536441803,0.5729166666666666,24.760536398467433,43.21719348659004
guangzhou_ssp585_near_2030s_heatwave_extreme_2033,Guangzhou,ssp585,near_2030s,heatwave_extreme,2033,EQ-Max,108.0,1.08,1.7182130584192439,16704,0.3354872465133667,0.14257042109966278,0.3456820040941238,17.79813218390805,0.22124746441841125,0.5213801860809326,35.745929118773944,0.19044610857963562,2.405771072796935,78.8014846743295,0.9758141762452108
guangzhou_ssp585_near_2030s_heatwave_extreme_2033,Guangzhou,ssp585,near_2030s,heatwave_extreme,2033,COMP-Hi,110.0,1.1,1.7182130584192439,16704,0.23003685474395752,0.10435926914215088,0.25661274194717404,10.267001915708812,0.160908043384552,0.3811948001384735,29.92696360153257,0.13657636940479279,1.6691810344827587,40.40948275862069,8.72844827586207
guangzhou_ssp585_near_2030s_heatwave_extreme_2033,Guangzhou,ssp585,near_2030s,heatwave_extreme,2033,LEGACY,120.0,1.2,1.7182130584192439,16704,0.24428746104240417,0.13053672015666962,0.26834231913089746,13.296216475095784,0.1918846219778061,0.37435781955718994,36.48227969348659,0.1657141149044037,2.102670019157088,50.04789272030651,9.572557471264368
guangzhou_ssp585_near_2030s_hot_2033,Guangzhou,ssp585,near_2030s,hot,2033,COMP-Lo,90.0,0.9,1.7182130584192439,16704,0.04727695509791374,0.08948733657598495,0.15249651148915289,0.7243773946360154,0.12181515991687775,0.25525641441345215,5.956657088122606,0.10934342443943024,0.17714319923371646,28.85536398467433,6.86661877394636
guangzhou_ssp585_near_2030s_hot_2033,Guangzhou,ssp585,near_2030s,hot,2033,S-real,93.2,0.932,1.7182130584192439,16704,0.05401812866330147,0.08735816925764084,0.15010689720511433,0.5687260536398467,0.12087208777666092,0.25525641441345215,6.603208812260536,0.10771707445383072,0.17971743295019157,29.28639846743295,5.8309386973180075
guangzhou_ssp585_near_2030s_hot_2033,Guangzhou,ssp585,near_2030s,hot,2033,COMP-Med,100.0,1.0,1.7182130584192439,16704,-0.003687460208311677,0.11511914432048798,0.18470752015709874,3.6398467432950192,0.15494388341903687,0.2975656986236572,16.469109195402297,0.13890625536441803,0.5729166666666666,24.760536398467433,43.21719348659004
guangzhou_ssp585_near_2030s_hot_2033,Guangzhou,ssp585,near_2030s,hot,2033,EQ-Max,108.0,1.08,1.7182130584192439,16704,0.3354872465133667,0.14257042109966278,0.3456820040941238,17.79813218390805,0.22124746441841125,0.5213801860809326,35.745929118773944,0.19044610857963562,2.405771072796935,78.8014846743295,0.9758141762452108
guangzhou_ssp585_near_2030s_hot_2033,Guangzhou,ssp585,near_2030s,hot,2033,COMP-Hi,110.0,1.1,1.7182130584192439,16704,0.23003685474395752,0.10435926914215088,0.25661274194717404,10.267001915708812,0.160908043384552,0.3811948001384735,29.92696360153257,0.13657636940479279,1.6691810344827587,40.40948275862069,8.72844827586207
guangzhou_ssp585_near_2030s_hot_2033,Guangzhou,ssp585,near_2030s,hot,2033,LEGACY,120.0,1.2,1.7182130584192439,16704,0.24428746104240417,0.13053672015666962,0.26834231913089746,13.296216475095784,0.1918846219778061,0.37435781955718994,36.48227969348659,0.1657141149044037,2.102670019157088,50.04789272030651,9.572557471264368
guangzhou_ssp585_near_2030s_typical_2039,Guangzhou,ssp585,near_2030s,typical,2039,COMP-Lo,90.0,0.9,1.7182130584192439,16704,0.026604993268847466,0.08471755683422089,0.12799725458025932,0.047892720306513405,0.11222067475318909,0.1872413009405136,2.586206896551724,0.10093896836042404,0.056872605363984675,20.97102490421456,5.741139846743295
guangzhou_ssp585_near_2030s_typical_2039,Guangzhou,ssp585,near_2030s,typical,2039,S-real,93.2,0.932,1.7182130584192439,16704,0.03172853961586952,0.0828435868024826,0.12485041208565231,0.017959770114942528,0.11134012043476105,0.1872413009405136,2.819683908045977,0.09962154924869537,0.06327825670498084,21.731321839080458,4.807231800766284
guangzhou_ssp585_near_2030s_typical_2039,Guangzhou,ssp585,near_2030s,typical,2039,COMP-Med,100.0,1.0,1.7182130584192439,16704,-0.033853188157081604,0.10981985181570053,0.15378799289464948,0.8381226053639846,0.1426687389612198,0.25947651267051697,9.871886973180075,0.1289055496454239,0.2685584291187739,17.367097701149426,40.97820881226053
guangzhou_ssp585_near_2030s_typical_2039,Guangzhou,ssp585,near_2030s,typical,2039,EQ-Max,108.0,1.08,1.7182130584192439,16704,0.29501450061798096,0.12681050598621368,0.2850820049643512,11.057231800766283,0.19839665293693542,0.4244617521762848,29.950909961685824,0.1691090315580368,1.5687260536398469,79.42409003831418,0.9398946360153256
guangzhou_ssp585_near_2030s_typical_2039,Guangzhou,ssp585,near_2030s,typical,2039,COMP-Hi,110.0,1.1,1.7182130584192439,16704,0.19147488474845886,0.09298679977655411,0.20800519287586203,5.477729885057471,0.14192718267440796,0.305943101644516,23.802681992337167,0.119534432888031,1.0225095785440612,36.320641762452105,7.088122605363985
guangzhou_ssp585_near_2030s_typical_2039,Guangzhou,ssp585,near_2030s,typical,2039,LEGACY,120.0,1.2,1.7182130584192439,16704,0.20982910692691803,0.11912598460912704,0.22792272865772237,7.567049808429119,0.17581984400749207,0.367013156414032,31.387691570881227,0.14994487166404724,1.3754789272030652,47.713122605363985,8.914032567049809
houston_ssp245_baseline_2020s_heatwave_extreme_2026,Houston,ssp245,baseline_2020s,heatwave_extreme,2026,COMP-Lo,90.0,0.9,1.7182130584192439,16704,0.052794504910707474,0.0885123461484909,0.14441242292523382,0.24545019157088122,0.12304916977882385,0.25525641441345215,6.100335249042145,0.10994057357311249,0.14547413793103448,29.837164750957857,8.25550766283525
houston_ssp245_baseline_2020s_heatwave_extreme_2026,Houston,ssp245,baseline_2020s,heatwave_extreme,2026,S-real,93.2,0.932,1.7182130584192439,16704,0.05918067693710327,0.0866461917757988,0.14158166572451586,0.15565134099616856,0.12262195348739624,0.25525641441345215,6.561302681992337,0.10891781002283096,0.15780651340996169,30.56154214559387,7.632902298850574
houston_ssp245_baseline_2020s_heatwave_extreme_2026,Houston,ssp245,baseline_2020s,heatwave_extreme,2026,COMP-Med,100.0,1.0,1.7182130584192439,16704,0.006865583825856447,0.11225499957799911,0.17657214924693088,2.4365421455938696,0.1533668339252472,0.2975656986236572,16.94204980842912,0.1380736529827118,0.5450790229885057,25.640565134099617,36.05124521072797
houston_ssp245_baseline_2020s_heatwave_extreme_2026,Houston,ssp245,baseline_2020s,heatwave_extreme,2026,EQ-Max,108.0,1.08,1.7182130584192439,16704,0.318703830242157,0.13931985199451447,0.32369402498006816,16.864224137931032,0.21879996359348297,0.5213801860809326,33.890086206896555,0.18970312178134918,2.218809865900383,77.14319923371647,2.9034961685823752
houston_ssp245_baseline_2020s_heatwave_extreme_2026,Houston,ssp245,baseline_2020s,heatwave_extreme,2026,COMP-Hi,110.0,1.1,1.7182130584192439,16704,0.2116873860359192,0.10156255215406418,0.2371800146996975,8.740421455938698,0.15785089135169983,0.3811948001384735,27.604166666666668,0.13602159917354584,1.445941091954023,39.242097701149426,10.991379310344827
houston_ssp245_baseline_2020s_heatwave_extreme_2026,Houston,ssp245,baseline_2020s,heatwave_extreme,2026,LEGACY,120.0,1.2,1.7182130584192439,16704,0.22577011585235596,0.12992273271083832,0.25185926258563995,11.979166666666668,0.19268779456615448,0.37082353234291077,36.60799808429119,0.1686369776725769,1.93959530651341,51.69420498084292,13.07471264367816
houston_ssp245_baseline_2020s_hot_2026,Houston,ssp245,baseline_2020s,hot,2026,COMP-Lo,90.0,0.9,1.7182130584192439,16704,0.052794504910707474,0.0885123461484909,0.14441242292523382,0.24545019157088122,0.12304916977882385,0.25525641441345215,6.100335249042145,0.10994057357311249,0.14547413793103448,29.837164750957857,8.25550766283525
houston_ssp245_baseline_2020s_hot_2026,Houston,ssp245,baseline_2020s,hot,2026,S-real,93.2,0.932,1.7182130584192439,16704,0.05918067693710327,0.0866461917757988,0.14158166572451586,0.15565134099616856,0.12262195348739624,0.25525641441345215,6.561302681992337,0.10891781002283096,0.15780651340996169,30.56154214559387,7.632902298850574
houston_ssp245_baseline_2020s_hot_2026,Houston,ssp245,baseline_2020s,hot,2026,COMP-Med,100.0,1.0,1.7182130584192439,16704,0.006865583825856447,0.11225499957799911,0.17657214924693088,2.4365421455938696,0.1533668339252472,0.2975656986236572,16.94204980842912,0.1380736529827118,0.5450790229885057,25.640565134099617,36.05124521072797
houston_ssp245_baseline_2020s_hot_2026,Houston,ssp245,baseline_2020s,hot,2026,EQ-Max,108.0,1.08,1.7182130584192439,16704,0.318703830242157,0.13931985199451447,0.32369402498006816,16.864224137931032,0.21879996359348297,0.5213801860809326,33.890086206896555,0.18970312178134918,2.218809865900383,77.14319923371647,2.9034961685823752
houston_ssp245_baseline_2020s_hot_2026,Houston,ssp245,baseline_2020s,hot,2026,COMP-Hi,110.0,1.1,1.7182130584192439,16704,0.2116873860359192,0.10156255215406418,0.2371800146996975,8.740421455938698,0.15785089135169983,0.3811948001384735,27.604166666666668,0.13602159917354584,1.445941091954023,39.242097701149426,10.991379310344827
houston_ssp245_baseline_2020s_hot_2026,Houston,ssp245,baseline_2020s,hot,2026,LEGACY,120.0,1.2,1.7182130584192439,16704,0.22577011585235596,0.12992273271083832,0.25185926258563995,11.979166666666668,0.19268779456615448,0.37082353234291077,36.60799808429119,0.1686369776725769,1.93959530651341,51.69420498084292,13.07471264367816
houston_ssp245_baseline_2020s_typical_2027,Houston,ssp245,baseline_2020s,typical,2027,COMP-Lo,90.0,0.9,1.7182130584192439,16704,0.02559167891740799,0.08336146920919418,0.12220166996121407,0.017959770114942528,0.1119714230298996,0.1872413009405136,2.6999521072796933,0.10099812597036362,0.06112308429118774,18.468630268199234,8.14176245210728
houston_ssp245_baseline_2020s_typical_2027,Houston,ssp245,baseline_2020s,typical,2027,S-real,93.2,0.932,1.7182130584192439,16704,0.03181285783648491,0.08132284879684448,0.11829456910490979,0.023946360153256702,0.1110047772526741,0.1872413009405136,3.0411877394636013,0.09950023889541626,0.0679477969348659,18.732040229885058,7.453304597701149
houston_ssp245_baseline_2020s_typical_2027,Houston,ssp245,baseline_2020s,typical,2027,COMP-Med,100.0,1.0,1.7182130584192439,16704,-0.03245338797569275,0.10737094283103943,0.14690659418702126,0.8979885057471264,0.1395527869462967,0.25947651267051697,9.626436781609195,0.12711071968078613,0.2509578544061303,14.667145593869732,42.570641762452105
houston_ssp245_baseline_2020s_typical_2027,Houston,ssp245,baseline_2020s,typical,2027,EQ-Max,108.0,1.08,1.7182130584192439,16704,0.27719250321388245,0.1211792603135109,0.2641386076807975,8.818247126436782,0.18714621663093567,0.4269595295190779,25.089798850574713,0.1614934355020523,1.2864583333333333,76.38888888888889,1.2990900383141764
houston_ssp245_baseline_2020s_typical_2027,Houston,ssp245,baseline_2020s,typical,2027,COMP-Hi,110.0,1.1,1.7182130584192439,16704,0.17224961519241333,0.0880516767501831,0.18691695332527153,4.166666666666666,0.13251616060733795,0.305943101644516,17.450909961685824,0.11414626985788345,0.7452705938697318,30.112547892720304,9.069683908045976
houston_ssp245_baseline_2020s_typical_2027,Houston,ssp245,baseline_2020s,typical,2027,LEGACY,120.0,1.2,1.7182130584192439,16704,0.19842669367790222,0.1159689798951149,0.20586414635181421,5.5136494252873565,0.1678982526063919,0.3624460995197296,28.142959770114945,0.1463908702135086,1.1222461685823755,45.599856321839084,11.015325670498084
houston_ssp245_late_2080s_heatwave_extreme_2081,Houston,ssp245,late_2080s,heatwave_extreme,2081,COMP-Lo,90.0,0.9,1.7182130584192439,16704,0.09414713084697723,0.09643099457025528,0.18437113612890227,2.4664750957854404,0.13363081216812134,0.28485387563705444,13.541666666666666,0.11927659064531326,0.42696360153256707,33.967911877394634,7.153975095785441
houston_ssp245_late_2080s_heatwave_extreme_2081,Houston,ssp245,late_2080s,heatwave_extreme,2081,S-real,93.2,0.932,1.7182130584192439,16704,0.10285109281539917,0.0945306196808815,0.17916030362248417,1.658285440613027,0.13256001472473145,0.28026247024536133,12.841235632183908,0.11770213395357132,0.34434865900383144,34.410919540229884,6.740900383141763
houston_ssp245_late_2080s_heatwave_extreme_2081,Houston,ssp245,late_2080s,heatwave_extreme,2081,COMP-Med,100.0,1.0,1.7182130584192439,16704,0.06253491342067719,0.12176951766014099,0.22149293050169944,8.806273946360154,0.1643039584159851,0.3101632297039032,23.10823754789272,0.14846423268318176,1.087823275862069,29.80723180076628,32.315613026819925
houston_ssp245_late_2080s_heatwave_extreme_2081,Houston,ssp245,late_2080s,heatwave_extreme,2081,EQ-Max,108.0,1.08,1.7182130584192439,16704,0.3882509469985962,0.16131143271923065,0.400674432516098,23.826628352490424,0.2378963828086853,0.5243842601776123,36.410440613026815,0.20874923467636108,3.1998323754789273,79.16666666666666,2.173132183908046
houston_ssp245_late_2080s_heatwave_extreme_2081,Houston,ssp245,late_2080s,heatwave_extreme,2081,COMP-Hi,110.0,1.1,1.7182130584192439,16704,0.2744040787220001,0.11923564225435257,0.3087681472301482,18.40876436781609,0.17291133105754852,0.4198947250843048,31.698994252873565,0.15173542499542236,2.7629909003831417,40.13409961685824,9.267241379310345
houston_ssp245_late_2080s_heatwave_extreme_2081,Houston,ssp245,late_2080s,heatwave_extreme,2081,LEGACY,120.0,1.2,1.7182130584192439,16704,0.2852158546447754,0.1461624950170517,0.30282779037952423,21.76125478927203,0.20604607462882996,0.3775457739830017,39.6551724137931,0.1835930198431015,3.092852011494253,53.98108237547893,11.464319923371647
houston_ssp245_late_2080s_hot_2085,Houston,ssp245,late_2080s,hot,2085,COMP-Lo,90.0,0.9,1.7182130584192439,16704,0.06960022449493408,0.0939236506819725,0.1712713927030563,1.3529693486590038,0.13201990723609924,0.2846243008971192,11.314655172413794,0.1172848716378212,0.3310584291187739,31.932471264367816,7.2796934865900385
houston_ssp245_late_2080s_hot_2085,Houston,ssp245,late_2080s,hot,2085,S-real,93.2,0.932,1.7182130584192439,16704,0.0790051817893982,0.091359443962574,0.16808262914419167,0.7243773946360154,0.12988683581352234,0.27478358149528503,10.997365900383143,0.11491546779870987,0.2783165708812261,32.49521072796935,6.722940613026821
houston_ssp245_late_2080s_hot_2085,Houston,ssp245,late_2080s,hot,2085,COMP-Med,100.0,1.0,1.7182130584192439,16704,0.03063972480595112,0.11898264288902283,0.20900329798460002,6.297892720306514,0.16350068151950836,0.3101632297039032,22.437739463601535,0.14628654718399048,0.8702107279693486,28.226772030651343,37.39224137931034
houston_ssp245_late_2080s_hot_2085,Houston,ssp245,late_2080s,hot,2085,EQ-Max,108.0,1.08,1.7182130584192439,16704,0.3681575059890747,0.153757244348526,0.38640666007995594,21.80316091954023,0.2397887408733368,0.5243842601776123,39.60129310344828,0.20773863792419434,2.9386374521072796,79.09482758620689,1.628352490421456
houston_ssp245_late_2080s_hot_2085,Houston,ssp245,late_2080s,hot,2085,COMP-Hi,110.0,1.1,1.7182130584192439,16704,0.26141276955604553,0.11324218660593033,0.29253256767988195,14.852729885057473,0.17398101091384888,0.4198947250843048,33.21360153256705,0.15029431879520416,2.3109434865900385,42.15756704980843,8.207614942528735
houston_ssp245_late_2080s_hot_2085,Houston,ssp245,late_2080s,hot,2085,LEGACY,120.0,1.2,1.7182130584192439,16704,0.27268487215042114,0.1390114277601242,0.2907493993639946,17.76221264367816,0.20500704646110535,0.375850111246109,42.06178160919541,0.17920660972595215,2.743235153256705,54.32830459770115,9.901819923371647
houston_ssp245_late_2080s_typical_2086,Houston,ssp245,late_2080s,typical,2086,COMP-Lo,90.0,0.9,1.7182130584192439,16704,0.050183650106191635,0.08837594836950302,0.14853760227560994,0.6405651340996169,0.12073872983455658,0.25525641441345215,6.255986590038313,0.10849304497241974,0.16954022988505746,26.568486590038315,8.602729885057471
houston_ssp245_late_2080s_typical_2086,Houston,ssp245,late_2080s,typical,2086,S-real,93.2,0.932,1.7182130584192439,16704,0.05880612134933472,0.0862637460231781,0.1451895974576473,0.4849137931034483,0.11939869076013565,0.25525641441345215,6.3098659003831425,0.1070510670542717,0.1608596743295019,26.694204980842912,7.704741379310345
houston_ssp245_late_2080s_typical_2086,Houston,ssp245,late_2080s,typical,2086,COMP-Med,100.0,1.0,1.7182130584192439,16704,0.00383620522916317,0.11266346275806427,0.17984147891402244,3.1190134099616857,0.15023809671401978,0.2975656986236572,15.098180076628353,0.13596034049987793,0.5276580459770115,22.76700191570881,38.08668582375479
houston_ssp245_late_2080s_typical_2086,Houston,ssp245,late_2080s,typical,2086,EQ-Max,108.0,1.08,1.7182130584192439,16704,0.32500746846199036,0.13839155435562134,0.33770960122346844,16.31345785440613,0.2123291790485382,0.5213801860809326,32.71072796934866,0.18459850549697876,2.1796575670498086,78.1190134099617,1.8438697318007662
houston_ssp245_late_2080s_typical_2086,Houston,ssp245,late_2080s,typical,2086,COMP-Hi,110.0,1.1,1.7182130584192439,16704,0.21882930397987366,0.10106957703828812,0.24982710778713219,9.369013409961687,0.15266810357570648,0.3811948001384735,25.706417624521073,0.1319214105606079,1.5054477969348659,36.667863984674334,9.524664750957855
houston_ssp245_late_2080s_typical_2086,Houston,ssp245,late_2080s,typical,2086,LEGACY,120.0,1.2,1.7182130584192439,16704,0.23828823864459991,0.12872277200222015,0.26350629031658146,11.817528735632184,0.18684475123882294,0.37082353234291077,35.087404214559385,0.1637597680091858,1.9207974137931034,51.68223180076629,10.482519157088124
houston_ssp245_mid_2050s_heatwave_extreme_2058,Houston,ssp245,mid_2050s,heatwave_extreme,2058,COMP-Lo,90.0,0.9,1.7182130584192439,16704,0.07004858553409576,0.09051557630300522,0.16835323050618162,1.6163793103448276,0.12387320399284363,0.28026247024536133,9.279214559386974,0.11059792339801788,0.29310344827586204,27.56824712643678,7.608955938697318
houston_ssp245_mid_2050s_heatwave_extreme_2058,Houston,ssp245,mid_2050s,heatwave_extreme,2058,S-real,93.2,0.932,1.7182130584192439,16704,0.07616771012544632,0.08910606056451797,0.16502241045236585,0.8920019157088124,0.12388788908720016,0.26944267749786377,9.207375478927203,0.11008285731077194,0.23419540229885058,27.4485153256705,6.98036398467433
houston_ssp245_mid_2050s_heatwave_extreme_2058,Houston,ssp245,mid_2050s,heatwave_extreme,2058,COMP-Med,100.0,1.0,1.7182130584192439,16704,0.02870524674654007,0.1158890500664711,0.20478456690907476,5.549568965517242,0.15375840663909912,0.3021327257156372,17.217432950191572,0.13906481862068176,0.7516163793103449,23.22198275862069,36.81752873563218
houston_ssp245_mid_2050s_heatwave_extreme_2058,Houston,ssp245,mid_2050s,heatwave_extreme,2058,EQ-Max,108.0,1.08,1.7182130584192439,16704,0.340692937374115,0.14506162703037262,0.38357685059309,17.540708812260537,0.2139425128698349,0.5243598818778992,29.615660919540232,0.18749511241912842,2.382962164750958,78.19683908045977,2.0114942528735633
houston_ssp245_mid_2050s_heatwave_extreme_2058,Houston,ssp245,mid_2050s,heatwave_extreme,2058,COMP-Hi,110.0,1.1,1.7182130584192439,16704,0.23039966821670532,0.10633335262537003,0.2909231275320053,13.068726053639848,0.15398716926574707,0.4198947250843048,24.88625478927203,0.13458652794361115,1.9464798850574712,33.6566091954023,9.728208812260537
houston_ssp245_mid_2050s_heatwave_extreme_2058,Houston,ssp245,mid_2050s,heatwave_extreme,2058,LEGACY,120.0,1.2,1.7182130584192439,16704,0.2502310276031494,0.13463366031646729,0.29156898260116576,15.57112068965517,0.18996082246303558,0.375043660402298,34.422892720306514,0.16881567239761353,2.2948994252873565,49.88625478927203,11.296695402298852
houston_ssp245_mid_2050s_hot_2056,Houston,ssp245,mid_2050s,hot,2056,COMP-Lo,90.0,0.9,1.7182130584192439,16704,0.036823343485593796,0.08665923774242401,0.13439954817295072,0.005986590038314176,0.11961539834737778,0.19884967803955078,4.136733716475096,0.10692411661148071,0.08453065134099617,26.418821839080458,7.453304597701149
houston_ssp245_mid_2050s_hot_2056,Houston,ssp245,mid_2050s,hot,2056,S-real,93.2,0.932,1.7182130584192439,16704,0.047658998519182205,0.08420281112194061,0.13037030175328254,0.0,0.11824138462543488,0.19884967803955078,4.663553639846743,0.10512566566467285,0.0951867816091954,25.610632183908045,6.148227969348659
houston_ssp245_mid_2050s_hot_2056,Houston,ssp245,mid_2050s,hot,2056,COMP-Med,100.0,1.0,1.7182130584192439,16704,-0.011196523904800415,0.11175771057605743,0.1619830176234245,1.4487547892720307,0.15104061365127563,0.2846711188554746,15.211925287356323,0.1356724202632904,0.40511254789272033,21.863026819923373,40.205938697318004
houston_ssp245_mid_2050s_hot_2056,Houston,ssp245,mid_2050s,hot,2056,EQ-Max,108.0,1.08,1.7182130584192439,16704,0.3208252191543579,0.13285022974014282,0.2972177430987357,14.397749042145595,0.21783019602298737,0.5213801860809326,36.53615900383142,0.18585407733917236,1.9641403256704981,79.67552681992338,0.6884578544061303
houston_ssp245_mid_2050s_hot_2056,Houston,ssp245,mid_2050s,hot,2056,COMP-Hi,110.0,1.1,1.7182130584192439,16704,0.2230134904384613,0.09713775664567947,0.21324240267276762,6.220067049808429,0.15478995442390442,0.367013156414032,27.53831417624521,0.1315820813179016,1.1892361111111112,39.57734674329502,6.908524904214559
houston_ssp245_mid_2050s_hot_2056,Houston,ssp245,mid_2050s,hot,2056,LEGACY,120.0,1.2,1.7182130584192439,16704,0.24778762459754944,0.12320847809314728,0.22865362763404842,8.818247126436782,0.18949772417545319,0.37082353234291077,38.81704980842912,0.1627921462059021,1.6983955938697317,56.03448275862068,6.585249042145594
houston_ssp245_mid_2050s_typical_2052,Houston,ssp245,mid_2050s,typical,2052,COMP-Lo,90.0,0.9,1.7182130584192439,16704,0.05066237226128578,0.08957547694444656,0.15918360427021977,0.9099616858237548,0.12103181332349777,0.2587907016277313,7.070162835249043,0.10898435115814209,0.20522030651340997,25.17361111111111,10.925526819923371
houston_ssp245_mid_2050s_typical_2052,Houston,ssp245,mid_2050s,typical,2052,S-real,93.2,0.932,1.7182130584192439,16704,0.05885779857635498,0.08708526939153671,0.1577256247401236,0.508860153256705,0.11901657283306122,0.2587907016277313,7.243773946360153,0.1067834123969078,0.18588362068965517,25.634578544061306,9.746168582375478
houston_ssp245_mid_2050s_typical_2052,Houston,ssp245,mid_2050s,typical,2052,COMP-Med,100.0,1.0,1.7182130584192439,16704,0.003737580729648471,0.11373743414878845,0.19573558270931238,4.477969348659004,0.1495465487241745,0.3006022274494171,15.199952107279694,0.13575898110866547,0.6122485632183908,22.192289272030653,43.0735153256705
houston_ssp245_mid_2050s_typical_2052,Houston,ssp245,mid_2050s,typical,2052,EQ-Max,108.0,1.08,1.7182130584192439,16704,0.32648688554763794,0.14001807570457458,0.36094240993261323,17.44492337164751,0.20668438076972961,0.5213801860809326,30.507662835249043,0.18145014345645905,2.327705938697318,75.58069923371647,1.670258620689655
houston_ssp245_mid_2050s_typical_2052,Houston,ssp245,mid_2050s,typical,2052,COMP-Hi,110.0,1.1,1.7182130584192439,16704,0.21980881690979004,0.10255752503871918,0.271176642179489,11.356561302681992,0.1484864205121994,0.3811948001384735,24.275622605363985,0.1301697939634323,1.7226412835249043,32.7286877394636,9.937739463601533
houston_ssp245_mid_2050s_typical_2052,Houston,ssp245,mid_2050s,typical,2052,LEGACY,120.0,1.2,1.7182130584192439,16704,0.23866534233093262,0.13047556579113007,0.2800500899553299,14.56537356321839,0.1836540549993515,0.37435781955718994,34.17145593869732,0.1624608337879181,2.168522509578544,46.63553639846743,10.841714559386974
houston_ssp245_near_2030s_heatwave_extreme_2039,Houston,ssp245,near_2030s,heatwave_extreme,2039,COMP-Lo,90.0,0.9,1.7182130584192439,16704,0.06360456347465515,0.09022076427936554,0.15976929590106004,1.119492337164751,0.12448567152023315,0.28332337737083435,7.968151340996169,0.11181942373514175,0.22970545977011494,28.101053639846747,7.291666666666667
houston_ssp245_near_2030s_heatwave_extreme_2039,Houston,ssp245,near_2030s,heatwave_extreme,2039,S-real,93.2,0.932,1.7182130584192439,16704,0.07099678367376328,0.0885409414768219,0.15698748156428333,0.748323754789272,0.12378598749637604,0.26944267749786377,8.243534482758621,0.11058288812637329,0.2209051724137931,28.72365900383142,6.351772030651341
houston_ssp245_near_2030s_heatwave_extreme_2039,Houston,ssp245,near_2030s,heatwave_extreme,2039,COMP-Med,100.0,1.0,1.7182130584192439,16704,0.018695052713155746,0.11557402461767197,0.1944145299494266,4.328304597701149,0.15479758381843567,0.3021327257156372,16.51700191570881,0.1396748125553131,0.6665469348659003,23.92241379310345,37.4161877394636
houston_ssp245_near_2030s_heatwave_extreme_2039,Houston,ssp245,near_2030s,heatwave_extreme,2039,EQ-Max,108.0,1.08,1.7182130584192439,16704,0.33961883187294006,0.1438274085521698,0.35847012549638735,18.013649425287355,0.21426528692245483,0.5213801860809326,30.705220306513407,0.18760427832603455,2.3560823754789273,77.61015325670499,2.005507662835249
houston_ssp245_near_2030s_heatwave_extreme_2039,Houston,ssp245,near_2030s,heatwave_extreme,2039,COMP-Hi,110.0,1.1,1.7182130584192439,16704,0.22639073431491852,0.10443388670682907,0.2662820160388946,11.147030651340996,0.15445105731487274,0.3811948001384735,24.77250957854406,0.13489946722984314,1.695522030651341,34.17744252873563,9.770114942528735
houston_ssp245_near_2030s_heatwave_extreme_2039,Houston,ssp245,near_2030s,heatwave_extreme,2039,LEGACY,120.0,1.2,1.7182130584192439,16704,0.24500314891338348,0.13266883790493011,0.27139717787504186,14.355842911877396,0.18872283399105072,0.37082353234291077,34.17145593869732,0.1668660193681717,2.1405052681992336,50.143678160919535,11.829501915708812
houston_ssp245_near_2030s_hot_2038,Houston,ssp245,near_2030s,hot,2038,COMP-Lo,90.0,0.9,1.7182130584192439,16704,0.05779647082090378,0.09058761596679688,0.1516554720699787,0.5567528735632185,0.1271720826625824,0.26944267749786377,7.321599616858237,0.1130947694182396,0.19270833333333334,30.669300766283524,6.627155172413793
houston_ssp245_near_2030s_hot_2038,Houston,ssp245,near_2030s,hot,2038,S-real,93.2,0.932,1.7182130584192439,16704,0.07032715529203415,0.08841196447610855,0.14959986805915831,0.2813697318007663,0.12641534209251404,0.25525641441345215,8.034003831417625,0.11186186224222183,0.1948036398467433,30.10057471264368,5.842911877394636
houston_ssp245_near_2030s_hot_2038,Houston,ssp245,near_2030s,hot,2038,COMP-Med,100.0,1.0,1.7182130584192439,16704,0.01803736947476864,0.1160193458199501,0.18379331156611436,3.2387452107279695,0.15880386531352997,0.3006022274494171,20.24066091954023,0.1424046754837036,0.6673850574712644,25.921934865900383,37.781369731800766
houston_ssp245_near_2030s_hot_2038,Houston,ssp245,near_2030s,hot,2038,EQ-Max,108.0,1.08,1.7182130584192439,16704,0.3555736243724823,0.14402525126934052,0.3390361577272411,18.666187739463602,0.23272322118282318,0.5243598818778992,39.792863984674334,0.19899536669254303,2.522389846743295,81.040469348659,0.6285919540229885
houston_ssp245_near_2030s_hot_2038,Houston,ssp245,near_2030s,hot,2038,COMP-Hi,110.0,1.1,1.7182130584192439,16704,0.253825843334198,0.10530097782611847,0.2533555582165715,10.165229885057471,0.16736994683742523,0.3857618570327759,31.016522988505745,0.14257372915744781,1.6888170498084292,42.019875478927204,5.741139846743295
houston_ssp245_near_2030s_hot_2038,Houston,ssp245,near_2030s,hot,2038,LEGACY,120.0,1.2,1.7182130584192439,16704,0.2762327492237091,0.1314658224582672,0.2623105391860007,13.48778735632184,0.20109915733337402,0.3796754777431488,41.977969348659,0.17364729940891266,2.238625478927203,58.6985153256705,5.783045977011494
houston_ssp245_near_2030s_typical_2033,Houston,ssp245,near_2030s,typical,2033,COMP-Lo,90.0,0.9,1.7182130584192439,16704,0.052764229476451874,0.08938851952552795,0.15253407210111608,0.7602969348659003,0.12190982699394226,0.27097320556640625,6.968390804597702,0.10952368378639221,0.1928280651340996,25.55675287356322,9.937739463601533
houston_ssp245_near_2030s_typical_2033,Houston,ssp245,near_2030s,typical,2033,S-real,93.2,0.932,1.7182130584192439,16704,0.05881815403699875,0.08764726668596268,0.15063082575798023,0.4849137931034483,0.12136374413967133,0.26638177037239075,7.519157088122605,0.10848833620548248,0.19857519157088122,26.20330459770115,8.279454022988505
houston_ssp245_near_2030s_typical_2033,Houston,ssp245,near_2030s,typical,2033,COMP-Med,100.0,1.0,1.7182130584192439,16704,0.004623519256711006,0.11410541087388992,0.18590201139450072,3.6278735632183907,0.1518511325120926,0.2975656986236572,15.439415708812259,0.1377657800912857,0.5919540229885057,22.240181992337167,38.146551724137936
houston_ssp245_near_2030s_typical_2033,Houston,ssp245,near_2030s,typical,2033,EQ-Max,108.0,1.08,1.7182130584192439,16704,0.3202263414859772,0.1414000540971756,0.34670321792364117,17.07375478927203,0.2111615538597107,0.5213801860809326,30.190373563218394,0.18540015816688538,2.2283285440613025,75.419061302682,2.430555555555556
houston_ssp245_near_2030s_typical_2033,Houston,ssp245,near_2030s,typical,2033,COMP-Hi,110.0,1.1,1.7182130584192439,16704,0.20797942578792572,0.103005550801754,0.25940902829170204,10.49449233716475,0.1512141227722168,0.3811948001384735,24.449233716475096,0.13272517919540405,1.6007543103448276,33.62667624521073,12.61374521072797
houston_ssp245_near_2030s_typical_2033,Houston,ssp245,near_2030s,typical,2033,LEGACY,120.0,1.2,1.7182130584192439,16704,0.22421151399612427,0.13201503455638885,0.26810115277767177,13.463840996168583,0.18816198408603668,0.37082353234291077,34.13553639846743,0.16626763343811035,2.0469947318007664,47.09051724137931,15.708812260536398
houston_ssp585_baseline_2020s_heatwave_extreme_2025,Houston,ssp585,baseline_2020s,heatwave_extreme,2025,COMP-Lo,90.0,0.9,1.7182130584192439,16704,0.07098832726478577,0.09029251337051392,0.1588381193578243,0.6525383141762453,0.12447556108236313,0.27097320556640625,7.704741379310345,0.11182526499032974,0.20420258620689655,31.03448275862069,8.297413793103448
houston_ssp585_baseline_2020s_heatwave_extreme_2025,Houston,ssp585,baseline_2020s,heatwave_extreme,2025,S-real,93.2,0.932,1.7182130584192439,16704,0.07773405313491821,0.0886080265045166,0.15605053231120103,0.37116858237547895,0.12351547181606293,0.2587907016277313,8.081896551724139,0.11060386896133423,0.20432231800766285,32.082136015325666,7.0761494252873565
houston_ssp585_baseline_2020s_heatwave_extreme_2025,Houston,ssp585,baseline_2020s,heatwave_extreme,2025,COMP-Med,100.0,1.0,1.7182130584192439,16704,0.02839880809187889,0.11476166546344757,0.19249267429113365,4.082854406130268,0.15460741519927979,0.3006022274494171,17.750239463601535,0.1399163156747818,0.6613386015325671,27.89750957854406,35.18917624521073
houston_ssp585_baseline_2020s_heatwave_extreme_2025,Houston,ssp585,baseline_2020s,heatwave_extreme,2025,EQ-Max,108.0,1.08,1.7182130584192439,16704,0.34235498309135437,0.14547839760780334,0.35501875579357123,19.72581417624521,0.21693822741508484,0.5213801860809326,31.35775862068966,0.19079658389091492,2.5275981800766285,78.66977969348659,2.1551724137931036
houston_ssp585_baseline_2020s_heatwave_extreme_2025,Houston,ssp585,baseline_2020s,heatwave_extreme,2025,COMP-Hi,110.0,1.1,1.7182130584192439,16704,0.2269008904695511,0.1055363267660141,0.26618078202009166,11.985153256704981,0.1562166064977646,0.3811948001384735,27.215038314176244,0.13690291345119476,1.8223180076628354,35.452586206896555,10.883620689655173
houston_ssp585_baseline_2020s_heatwave_extreme_2025,Houston,ssp585,baseline_2020s,heatwave_extreme,2025,LEGACY,120.0,1.2,1.7182130584192439,16704,0.24053458869457245,0.13410061597824097,0.2718411996960639,15.666906130268199,0.191055566072464,0.37082353234291077,34.099616858237546,0.16903050243854523,2.2552681992337167,47.47365900383142,13.739224137931034
houston_ssp585_baseline_2020s_hot_2026,Houston,ssp585,baseline_2020s,hot,2026,COMP-Lo,90.0,0.9,1.7182130584192439,16704,0.05932898074388504,0.08846253901720047,0.145806036144495,0.5747126436781609,0.12340597063302994,0.25525641441345215,6.399664750957855,0.10974641144275665,0.1602610153256705,31.483477011494255,8.35727969348659
houston_ssp585_baseline_2020s_hot_2026,Houston,ssp585,baseline_2020s,hot,2026,S-real,93.2,0.932,1.7182130584192439,16704,0.06356094777584076,0.08656693994998932,0.14364068135619162,0.2813697318007663,0.12235680967569351,0.25525641441345215,6.716954022988506,0.10846474766731262,0.15918342911877395,31.974377394636015,7.471264367816093
houston_ssp585_baseline_2020s_hot_2026,Houston,ssp585,baseline_2020s,hot,2026,COMP-Med,100.0,1.0,1.7182130584192439,16704,0.013681157492101192,0.11163640022277832,0.17858320996165256,2.681992337164751,0.1523248255252838,0.2975413203239441,16.493055555555554,0.13702446222305298,0.5478927203065134,26.658285440613028,32.746647509578544
houston_ssp585_baseline_2020s_hot_2026,Houston,ssp585,baseline_2020s,hot,2026,EQ-Max,108.0,1.08,1.7182130584192439,16704,0.3182506263256073,0.13841132819652557,0.325169488787651,15.672892720306514,0.21588049829006195,0.5213801860809326,33.13577586206897,0.18656285107135773,2.1269157088122603,78.69971264367817,2.50838122605364
houston_ssp585_baseline_2020s_hot_2026,Houston,ssp585,baseline_2020s,hot,2026,COMP-Hi,110.0,1.1,1.7182130584192439,16704,0.2090834081172943,0.10065802186727524,0.24031481146812425,8.578783524904214,0.15483443439006805,0.3811948001384735,26.484674329501917,0.13364295661449432,1.4103208812260537,39.445641762452105,10.883620689655173
houston_ssp585_baseline_2020s_hot_2026,Houston,ssp585,baseline_2020s,hot,2026,LEGACY,120.0,1.2,1.7182130584192439,16704,0.22161582112312317,0.12867847084999084,0.25443322211503977,11.284722222222223,0.19058509171009064,0.37082353234291077,35.35081417624521,0.1659756302833557,1.8367456896551724,50.6764846743295,12.434147509578544
houston_ssp585_baseline_2020s_typical_2025,Houston,ssp585,baseline_2020s,typical,2025,COMP-Lo,90.0,0.9,1.7182130584192439,16704,0.07098832726478577,0.09029251337051392,0.1588381193578243,0.6525383141762453,0.12447556108236313,0.27097320556640625,7.704741379310345,0.11182526499032974,0.20420258620689655,31.03448275862069,8.297413793103448
houston_ssp585_baseline_2020s_typical_2025,Houston,ssp585,baseline_2020s,typical,2025,S-real,93.2,0.932,1.7182130584192439,16704,0.07773405313491821,0.0886080265045166,0.15605053231120103,0.37116858237547895,0.12351547181606293,0.2587907016277313,8.081896551724139,0.11060386896133423,0.20432231800766285,32.082136015325666,7.0761494252873565
houston_ssp585_baseline_2020s_typical_2025,Houston,ssp585,baseline_2020s,typical,2025,COMP-Med,100.0,1.0,1.7182130584192439,16704,0.02839880809187889,0.11476166546344757,0.19249267429113365,4.082854406130268,0.15460741519927979,0.3006022274494171,17.750239463601535,0.1399163156747818,0.6613386015325671,27.89750957854406,35.18917624521073
houston_ssp585_baseline_2020s_typical_2025,Houston,ssp585,baseline_2020s,typical,2025,EQ-Max,108.0,1.08,1.7182130584192439,16704,0.34235498309135437,0.14547839760780334,0.35501875579357123,19.72581417624521,0.21693822741508484,0.5213801860809326,31.35775862068966,0.19079658389091492,2.5275981800766285,78.66977969348659,2.1551724137931036
houston_ssp585_baseline_2020s_typical_2025,Houston,ssp585,baseline_2020s,typical,2025,COMP-Hi,110.0,1.1,1.7182130584192439,16704,0.2269008904695511,0.1055363267660141,0.26618078202009166,11.985153256704981,0.1562166064977646,0.3811948001384735,27.215038314176244,0.13690291345119476,1.8223180076628354,35.452586206896555,10.883620689655173
houston_ssp585_baseline_2020s_typical_2025,Houston,ssp585,baseline_2020s,typical,2025,LEGACY,120.0,1.2,1.7182130584192439,16704,0.24053458869457245,0.13410061597824097,0.2718411996960639,15.666906130268199,0.191055566072464,0.37082353234291077,34.099616858237546,0.16903050243854523,2.2552681992337167,47.47365900383142,13.739224137931034
houston_ssp585_late_2080s_heatwave_extreme_2086,Houston,ssp585,late_2080s,heatwave_extreme,2086,COMP-Lo,90.0,0.9,1.7182130584192439,16704,0.13243727385997772,0.1068219542503357,0.20975138321518896,7.177921455938698,0.1496727466583252,0.2975656986236572,19.97126436781609,0.1336877942085266,0.7855603448275862,40.367576628352495,7.429358237547892
houston_ssp585_late_2080s_heatwave_extreme_2086,Houston,ssp585,late_2080s,heatwave_extreme,2086,S-real,93.2,0.932,1.7182130584192439,16704,0.14464615285396576,0.1044139713048935,0.20223389640450476,5.645354406130268,0.14794975519180298,0.2975413203239441,19.025383141762454,0.1315852850675583,0.6006345785440613,41.13984674329502,6.028496168582375
houston_ssp585_late_2080s_heatwave_extreme_2086,Houston,ssp585,late_2080s,heatwave_extreme,2086,COMP-Med,100.0,1.0,1.7182130584192439,16704,0.11801042407751083,0.1339578926563263,0.24573084041476245,15.786637931034484,0.18274272978305817,0.3624460995197296,32.393438697318004,0.1647040843963623,1.9844947318007662,36.35057471264368,30.07662835249042
houston_ssp585_late_2080s_heatwave_extreme_2086,Houston,ssp585,late_2080s,heatwave_extreme,2086,EQ-Max,108.0,1.08,1.7182130584192439,16704,0.46690186858177185,0.18666276335716248,0.4258314222097397,31.513409961685824,0.27370381355285645,0.5243842601776123,45.48611111111111,0.24226652085781097,4.341235632183908,82.27969348659003,1.011733716475096
houston_ssp585_late_2080s_heatwave_extreme_2086,Houston,ssp585,late_2080s,heatwave_extreme,2086,COMP-Hi,110.0,1.1,1.7182130584192439,16704,0.34991809725761414,0.13994355499744415,0.3360720798373222,26.38888888888889,0.20133838057518005,0.42353951930999756,40.37356321839081,0.17735956609249115,3.9247485632183907,47.4676724137931,7.974137931034483
houston_ssp585_late_2080s_heatwave_extreme_2086,Houston,ssp585,late_2080s,heatwave_extreme,2086,LEGACY,120.0,1.2,1.7182130584192439,16704,0.35306137800216675,0.16528956592082977,0.3265934601426125,29.6875,0.2297315001487732,0.38957223296165466,48.491379310344826,0.20636314153671265,4.224018199233717,58.644636015325666,9.183429118773946
houston_ssp585_late_2080s_hot_2080,Houston,ssp585,late_2080s,hot,2080,COMP-Lo,90.0,0.9,1.7182130584192439,16704,0.10829315334558487,0.10244029015302658,0.206533183902502,6.7588601532567045,0.14204776287078857,0.2975656986236572,17.019875478927204,0.1269315928220749,0.7004310344827587,34.321120689655174,6.663074712643678
houston_ssp585_late_2080s_hot_2080,Houston,ssp585,late_2080s,hot,2080,S-real,93.2,0.932,1.7182130584192439,16704,0.11851007491350174,0.09946697950363159,0.19983252957463263,4.944923371647509,0.13964726030826569,0.2975413203239441,16.014128352490424,0.12400328367948532,0.5202945402298851,34.315134099616856,6.142241379310344
houston_ssp585_late_2080s_hot_2080,Houston,ssp585,late_2080s,hot,2080,COMP-Med,100.0,1.0,1.7182130584192439,16704,0.0835438147187233,0.1292870193719864,0.24275505319237708,14.691091954022989,0.17440396547317505,0.36242175102233887,28.46024904214559,0.15776649117469788,1.801963601532567,31.44755747126437,35.668103448275865
houston_ssp585_late_2080s_hot_2080,Houston,ssp585,late_2080s,hot,2080,EQ-Max,108.0,1.08,1.7182130584192439,16704,0.4298707842826843,0.17248468101024628,0.4214385077357292,27.041427203065133,0.2578895390033722,0.5243842601776123,42.78615900383142,0.22569303214550018,3.783824233716475,79.57974137931035,0.6645114942528735
houston_ssp585_late_2080s_hot_2080,Houston,ssp585,late_2080s,hot,2080,COMP-Hi,110.0,1.1,1.7182130584192439,16704,0.32723268866539,0.13029691576957703,0.33232957571744914,22.192289272030653,0.188533753156662,0.4229312539100647,36.48227969348659,0.1650611013174057,3.375897988505747,45.037116858237546,5.687260536398467
houston_ssp585_late_2080s_hot_2080,Houston,ssp585,late_2080s,hot,2080,LEGACY,120.0,1.2,1.7182130584192439,16704,0.3334764540195465,0.1536044478416443,0.3244215950369835,24.65277777777778,0.21685242652893066,0.38957223296165466,46.012931034482754,0.193512424826622,3.7219827586206895,58.99185823754789,5.884818007662835
houston_ssp585_late_2080s_typical_2088,Houston,ssp585,late_2080s,typical,2088,COMP-Lo,90.0,0.9,1.7182130584192439,16704,0.12266071140766144,0.10555065423250198,0.2135389760136604,7.465277777777778,0.14675737917423248,0.2975656986236572,18.199233716475096,0.1313563585281372,0.7433548850574713,39.008620689655174,6.693007662835249
houston_ssp585_late_2080s_typical_2088,Houston,ssp585,late_2080s,typical,2088,S-real,93.2,0.932,1.7182130584192439,16704,0.13472910225391388,0.10310874134302139,0.20789923518896103,6.429597701149426,0.1450730562210083,0.2975413203239441,17.612547892720308,0.1291331797838211,0.6239224137931034,38.96072796934866,5.154454022988506
houston_ssp585_late_2080s_typical_2088,Houston,ssp585,late_2080s,typical,2088,COMP-Med,100.0,1.0,1.7182130584192439,16704,0.1058618575334549,0.1332070231437683,0.2528025478124618,15.205938697318008,0.18038693070411682,0.3624460995197296,29.148706896551722,0.16284215450286865,1.9345067049808429,35.60823754789272,33.92001915708812
houston_ssp585_late_2080s_typical_2088,Houston,ssp585,late_2080s,typical,2088,EQ-Max,108.0,1.08,1.7182130584192439,16704,0.45276302099227905,0.18217137455940247,0.4249312475323677,30.64535440613027,0.26754263043403625,0.5243842601776123,44.803639846743295,0.23632101714611053,4.168702107279693,80.71120689655173,1.215277777777778
houston_ssp585_late_2080s_typical_2088,Houston,ssp585,late_2080s,typical,2088,COMP-Hi,110.0,1.1,1.7182130584192439,16704,0.34040918946266174,0.13681799173355103,0.338450989127159,23.88050766283525,0.1962757706642151,0.42353951930999756,39.49353448275862,0.1731528639793396,3.6374521072796937,46.96479885057471,9.506704980842912
houston_ssp585_late_2080s_typical_2088,Houston,ssp585,late_2080s,typical,2088,LEGACY,120.0,1.2,1.7182130584192439,16704,0.3449167013168335,0.16195642948150635,0.3314800009131431,27.65804597701149,0.2249993085861206,0.38957223296165466,47.04861111111111,0.2017410844564438,3.9914391762452106,57.88433908045977,10.380747126436782
houston_ssp585_mid_2050s_heatwave_extreme_2059,Houston,ssp585,mid_2050s,heatwave_extreme,2059,COMP-Lo,90.0,0.9,1.7182130584192439,16704,0.0731261745095253,0.09361249953508377,0.17819805368781086,2.10727969348659,0.13050930202007294,0.2886642515659332,11.530172413793103,0.11720757931470871,0.3769755747126437,30.196360153256705,8.674568965517242
houston_ssp585_mid_2050s_heatwave_extreme_2059,Houston,ssp585,mid_2050s,heatwave_extreme,2059,S-real,93.2,0.932,1.7182130584192439,16704,0.0811787098646164,0.09161654114723206,0.1743955463171005,1.5086206896551724,0.1295982003211975,0.28026247024536133,11.590038314176246,0.11550860106945038,0.33866139846743293,30.41786398467433,7.8005268199233715
houston_ssp585_mid_2050s_heatwave_extreme_2059,Houston,ssp585,mid_2050s,heatwave_extreme,2059,COMP-Med,100.0,1.0,1.7182130584192439,16704,0.036894701421260834,0.11878090351819992,0.21395260617136955,6.86661877394636,0.16132453083992004,0.3187481760978699,19.86949233716475,0.14494135975837708,0.9158884099616859,26.96360153256705,38.912835249042146
houston_ssp585_mid_2050s_heatwave_extreme_2059,Houston,ssp585,mid_2050s,heatwave_extreme,2059,EQ-Max,108.0,1.08,1.7182130584192439,16704,0.36338669061660767,0.15326881408691406,0.3903759613633155,21.569683908045977,0.2293338179588318,0.5243842601776123,34.90780651340996,0.20082198083400726,2.8788912835249043,76.50862068965517,2.1252394636015324
houston_ssp585_mid_2050s_heatwave_extreme_2059,Houston,ssp585,mid_2050s,heatwave_extreme,2059,COMP-Hi,110.0,1.1,1.7182130584192439,16704,0.25505781173706055,0.11332523077726364,0.29691272079944603,15.15205938697318,0.16755113005638123,0.4198947250843048,29.537835249042143,0.14660082757472992,2.2819085249042144,38.27825670498085,10.201149425287356
houston_ssp585_mid_2050s_heatwave_extreme_2059,Houston,ssp585,mid_2050s,heatwave_extreme,2059,LEGACY,120.0,1.2,1.7182130584192439,16704,0.26572999358177185,0.14032423496246338,0.2923924058675766,18.30699233716475,0.1994076520204544,0.3775457739830017,38.362068965517246,0.1767377406358719,2.681573275862069,51.68821839080459,12.009099616858238
houston_ssp585_mid_2050s_hot_2058,Houston,ssp585,mid_2050s,hot,2058,COMP-Lo,90.0,0.9,1.7182130584192439,16704,0.07841593772172928,0.09421835094690323,0.17339426949620246,1.4008620689655173,0.13348442316055298,0.28485387563705444,11.057231800766283,0.11843729019165039,0.3293223180076628,34.111590038314176,6.531369731800766
houston_ssp585_mid_2050s_hot_2058,Houston,ssp585,mid_2050s,hot,2058,S-real,93.2,0.932,1.7182130584192439,16704,0.08643371611833572,0.09202234447002411,0.1698021315038204,0.8979885057471264,0.13138073682785034,0.28026247024536133,10.799808429118773,0.11628877371549606,0.28789511494252873,34.51867816091954,6.154214559386973
houston_ssp585_mid_2050s_hot_2058,Houston,ssp585,mid_2050s,hot,2058,COMP-Med,100.0,1.0,1.7182130584192439,16704,0.04130415618419647,0.1188143938779831,0.20830024108290668,6.255986590038313,0.16309389472007751,0.3101632297039032,22.228208812260537,0.14618875086307526,0.8875119731800766,29.519875478927204,32.61494252873563
houston_ssp585_mid_2050s_hot_2058,Houston,ssp585,mid_2050s,hot,2058,EQ-Max,108.0,1.08,1.7182130584192439,16704,0.3684656023979187,0.1535373479127884,0.38687560111284247,21.611590038314176,0.23678980767726898,0.5243842601776123,37.84722222222222,0.20529964566230774,2.9107998084291187,80.69923371647509,1.4068486590038316
houston_ssp585_mid_2050s_hot_2058,Houston,ssp585,mid_2050s,hot,2058,COMP-Hi,110.0,1.1,1.7182130584192439,16704,0.26287615299224854,0.11350975185632706,0.2930164426565168,14.960488505747128,0.17344534397125244,0.4198947250843048,32.48922413793103,0.1494455635547638,2.2856800766283527,43.00167624521073,7.537116858237549
houston_ssp585_mid_2050s_hot_2058,Houston,ssp585,mid_2050s,hot,2058,LEGACY,120.0,1.2,1.7182130584192439,16704,0.2723749876022339,0.13900302350521088,0.28923214972019196,18.187260536398465,0.20424142479896545,0.375043660402298,40.690852490421456,0.1786327064037323,2.71455938697318,56.040469348659,9.392959770114942
houston_ssp585_mid_2050s_typical_2055,Houston,ssp585,mid_2050s,typical,2055,COMP-Lo,90.0,0.9,1.7182130584192439,16704,0.07405594736337662,0.09353520721197128,0.16785313859581946,1.3170498084291187,0.1306193470954895,0.2846243008971192,9.63242337164751,0.11677462607622147,0.2803520114942529,31.106321839080458,9.60249042145594
houston_ssp585_mid_2050s_typical_2055,Houston,ssp585,mid_2050s,typical,2055,S-real,93.2,0.932,1.7182130584192439,16704,0.08184844255447388,0.09156148135662079,0.1654693745076656,0.8740421455938696,0.12931761145591736,0.27097320556640625,9.770114942528735,0.11540834605693817,0.26861829501915707,31.579262452107283,7.980124521072797
houston_ssp585_mid_2050s_typical_2055,Houston,ssp585,mid_2050s,typical,2055,COMP-Med,100.0,1.0,1.7182130584192439,16704,0.034011729061603546,0.11872253566980362,0.20308617651462552,5.417863984674329,0.16236038506031036,0.3101632297039032,21.593630268199234,0.1458396464586258,0.8384818007662835,27.580220306513407,35.84770114942529
houston_ssp585_mid_2050s_typical_2055,Houston,ssp585,mid_2050s,typical,2055,EQ-Max,108.0,1.08,1.7182130584192439,16704,0.361958771944046,0.15312832593917847,0.376871483027935,22.036637931034484,0.2335471510887146,0.5243842601776123,37.05100574712644,0.2042469084262848,2.885536398467433,78.22677203065133,2.310823754789272
houston_ssp585_mid_2050s_typical_2055,Houston,ssp585,mid_2050s,typical,2055,COMP-Hi,110.0,1.1,1.7182130584192439,16704,0.248091921210289,0.11196234822273254,0.28280697315931314,14.11637931034483,0.16956748068332672,0.4198947250843048,31.190134099616856,0.1474815458059311,2.1533764367816093,39.07447318007663,11.47030651340996
houston_ssp585_mid_2050s_typical_2055,Houston,ssp585,mid_2050s,typical,2055,LEGACY,120.0,1.2,1.7182130584192439,16704,0.2604503631591797,0.14001639187335968,0.2820060312747954,18.16331417624521,0.20397357642650604,0.37435781955718994,40.13409961685824,0.17990297079086304,2.633081896551724,50.99377394636016,13.038793103448276
houston_ssp585_near_2030s_heatwave_extreme_2037,Houston,ssp585,near_2030s,heatwave_extreme,2037,COMP-Lo,90.0,0.9,1.7182130584192439,16704,0.057458169758319855,0.09062790870666504,0.15291877165436743,0.5268199233716475,0.12459821254014969,0.25947651267051697,7.26772030651341,0.11159739643335342,0.19133141762452108,28.304597701149426,9.14750957854406
houston_ssp585_near_2030s_heatwave_extreme_2037,Houston,ssp585,near_2030s,heatwave_extreme,2037,S-real,93.2,0.932,1.7182130584192439,16704,0.06733595579862595,0.08832082897424698,0.15177857428789135,0.3113026819923371,0.12322619557380676,0.25525641441345215,7.716714559386974,0.10978837311267853,0.17798132183908047,28.562021072796934,8.752394636015326
houston_ssp585_near_2030s_heatwave_extreme_2037,Houston,ssp585,near_2030s,heatwave_extreme,2037,COMP-Med,100.0,1.0,1.7182130584192439,16704,0.013612056151032448,0.11513680219650269,0.18899393975734707,3.849377394636015,0.15556317567825317,0.3021327257156372,18.720067049808428,0.1401110142469406,0.6489463601532567,24.646791187739463,38.775143678160916
houston_ssp585_near_2030s_heatwave_extreme_2037,Houston,ssp585,near_2030s,heatwave_extreme,2037,EQ-Max,108.0,1.08,1.7182130584192439,16704,0.3428979218006134,0.14330431818962097,0.350744131207466,18.13338122605364,0.22240179777145386,0.5213801860809326,35.38074712643678,0.19309473037719727,2.4655771072796937,78.85536398467433,1.7061781609195403
houston_ssp585_near_2030s_heatwave_extreme_2037,Houston,ssp585,near_2030s,heatwave_extreme,2037,COMP-Hi,110.0,1.1,1.7182130584192439,16704,0.23647406697273254,0.10519474744796753,0.26427342742681503,11.344588122605364,0.16083955764770508,0.3842313289642334,29.166666666666668,0.1388038545846939,1.8146551724137931,38.17049808429119,8.668582375478927
houston_ssp585_near_2030s_heatwave_extreme_2037,Houston,ssp585,near_2030s,heatwave_extreme,2037,LEGACY,120.0,1.2,1.7182130584192439,16704,0.25471529364585876,0.13260982930660248,0.27555457353591917,14.882662835249041,0.19530776143074036,0.375043660402298,38.882902298850574,0.171261727809906,2.2824473180076628,52.49640804597702,9.84794061302682
houston_ssp585_near_2030s_hot_2035,Houston,ssp585,near_2030s,hot,2035,COMP-Lo,90.0,0.9,1.7182130584192439,16704,0.043893083930015564,0.08758382499217987,0.14274939969182013,0.2334770114942529,0.12052462249994278,0.2395037055015004,5.124521072796935,0.10793425887823105,0.12733477011494254,26.251197318007662,5.890804597701149
houston_ssp585_near_2030s_hot_2035,Houston,ssp585,near_2030s,hot,2035,S-real,93.2,0.932,1.7182130584192439,16704,0.05426904931664467,0.08541108667850494,0.13996866568922994,0.10775862068965517,0.11951795220375061,0.24991552531719208,5.663314176245211,0.10643236339092255,0.12805316091954022,25.909961685823756,5.4238505747126435
houston_ssp585_near_2030s_hot_2035,Houston,ssp585,near_2030s,hot,2035,COMP-Med,100.0,1.0,1.7182130584192439,16704,-0.0009550334652885795,0.11269757151603699,0.17565688863396642,2.2928639846743293,0.15108467638492584,0.29288437962532043,15.990181992337165,0.13643398880958557,0.5088002873563219,22.16235632183908,39.571360153256705
houston_ssp585_near_2030s_hot_2035,Houston,ssp585,near_2030s,hot,2035,EQ-Max,108.0,1.08,1.7182130584192439,16704,0.32553616166114807,0.13598103821277618,0.3225400313735007,15.45138888888889,0.21526770293712616,0.5213801860809326,34.17744252873563,0.18491964042186737,2.128412356321839,77.97533524904215,1.053639846743295
houston_ssp585_near_2030s_hot_2035,Houston,ssp585,near_2030s,hot,2035,COMP-Hi,110.0,1.1,1.7182130584192439,16704,0.22462719678878784,0.09942233562469482,0.23661007732152936,8.393199233716475,0.15449866652488708,0.36747267842292786,26.927681992337167,0.13196545839309692,1.3960727969348659,37.97892720306513,6.932471264367816
houston_ssp585_near_2030s_hot_2035,Houston,ssp585,near_2030s,hot,2035,LEGACY,120.0,1.2,1.7182130584192439,16704,0.24728624522686005,0.12653087079524994,0.25305169075727446,11.200909961685824,0.18955206871032715,0.37082353234291077,37.092911877394634,0.16475066542625427,1.8730244252873562,54.891044061302686,7.207854406130268
houston_ssp585_near_2030s_typical_2038,Houston,ssp585,near_2030s,typical,2038,COMP-Lo,90.0,0.9,1.7182130584192439,16704,0.05495680496096611,0.08831556886434555,0.14717349410057065,0.3771551724137931,0.12221802026033401,0.2587907016277313,6.447557471264368,0.10960473120212555,0.15690852490421456,28.358477011494255,10.53639846743295
houston_ssp585_near_2030s_typical_2038,Houston,ssp585,near_2030s,typical,2038,S-real,93.2,0.932,1.7182130584192439,16704,0.05864342302083969,0.08648267388343811,0.1442874290049076,0.203544061302682,0.12155934423208237,0.25525641441345215,6.860632183908046,0.10860639065504074,0.16564894636015326,28.789511494252874,9.566570881226054
houston_ssp585_near_2030s_typical_2038,Houston,ssp585,near_2030s,typical,2038,COMP-Med,100.0,1.0,1.7182130584192439,16704,0.0066790287382900715,0.11142056435346603,0.17993037253618227,2.1671455938697317,0.15157224237918854,0.29751619696617126,16.19971264367816,0.1368928849697113,0.5306513409961686,24.02418582375479,35.27298850574713
houston_ssp585_near_2030s_typical_2038,Houston,ssp585,near_2030s,typical,2038,EQ-Max,108.0,1.08,1.7182130584192439,16704,0.3112287223339081,0.13840757310390472,0.3267202094197272,16.409243295019156,0.21254192292690277,0.5213801860809326,31.244013409961685,0.18541531264781952,2.1623563218390807,76.07758620689656,2.8376436781609193
houston_ssp585_near_2030s_typical_2038,Houston,ssp585,near_2030s,typical,2038,COMP-Hi,110.0,1.1,1.7182130584192439,16704,0.2005811482667923,0.10090690851211548,0.23964937701821318,9.135536398467432,0.15399134159088135,0.3811948001384735,25.646551724137932,0.13375097513198853,1.4177442528735633,35.883620689655174,13.00287356321839
houston_ssp585_near_2030s_typical_2038,Houston,ssp585,near_2030s,typical,2038,LEGACY,120.0,1.2,1.7182130584192439,16704,0.21193218231201172,0.12977656722068787,0.2526170521974563,11.835488505747128,0.1896074265241623,0.37082353234291077,34.339080459770116,0.16588914394378662,1.8702705938697317,46.27634099616858,15.104166666666666
kolkata_ssp245_baseline_2020s_heatwave_extreme_2027,Kolkata,ssp245,baseline_2020s,heatwave_extreme,2027,COMP-Lo,90.0,0.9,1.7182130584192439,16704,0.09080193936824799,0.10224884003400803,0.18895396143198,4.0888409961685825,0.14537492394447327,0.2975656986236572,12.577825670498086,0.12818662822246552,0.6581058429118773,37.86518199233716,3.9990421455938696
kolkata_ssp245_baseline_2020s_heatwave_extreme_2027,Kolkata,ssp245,baseline_2020s,heatwave_extreme,2027,S-real,93.2,0.932,1.7182130584192439,16704,0.10111850500106812,0.0997508093714714,0.1847366034984588,3.633860153256705,0.14385393261909485,0.2975413203239441,12.733477011494255,0.12593147158622742,0.6267959770114943,37.218630268199234,3.172892720306513
kolkata_ssp245_baseline_2020s_heatwave_extreme_2027,Kolkata,ssp245,baseline_2020s,heatwave_extreme,2027,COMP-Med,100.0,1.0,1.7182130584192439,16704,0.05075886845588684,0.12870670855045319,0.22538932114839552,8.153735632183908,0.17966574430465698,0.3624460995197296,27.55028735632184,0.15898455679416656,1.252933429118774,31.202107279693486,35.12332375478927
kolkata_ssp245_baseline_2020s_heatwave_extreme_2027,Kolkata,ssp245,baseline_2020s,heatwave_extreme,2027,EQ-Max,108.0,1.08,1.7182130584192439,16704,0.4037715196609497,0.16138550639152527,0.3923065736889838,23.07830459770115,0.2647762596607208,0.5339776873588562,47.790948275862064,0.2250317931175232,3.2258141762452106,85.29693486590038,0.22150383141762453
kolkata_ssp245_baseline_2020s_heatwave_extreme_2027,Kolkata,ssp245,baseline_2020s,heatwave_extreme,2027,COMP-Hi,110.0,1.1,1.7182130584192439,16704,0.3120269477367401,0.12318236380815506,0.307796011865139,15.463362068965516,0.202122762799263,0.42883631587028503,43.809865900383144,0.16818025708198547,2.6488864942528734,51.861829501915715,4.280411877394636
kolkata_ssp245_baseline_2020s_heatwave_extreme_2027,Kolkata,ssp245,baseline_2020s,heatwave_extreme,2027,LEGACY,120.0,1.2,1.7182130584192439,16704,0.32104694843292236,0.14410383999347687,0.3072081848978995,18.528496168582375,0.22877533733844757,0.4318728446960449,50.508860153256705,0.1935534030199051,3.074293582375479,62.84722222222222,4.54382183908046
kolkata_ssp245_baseline_2020s_hot_2028,Kolkata,ssp245,baseline_2020s,hot,2028,COMP-Lo,90.0,0.9,1.7182130584192439,16704,0.06152590736746788,0.09512969106435776,0.16766541600227353,1.861829501915709,0.13720078766345978,0.28485387563705444,10.53639846743295,0.12066083401441574,0.33536877394636017,38.52969348659004,2.4724616858237547
kolkata_ssp245_baseline_2020s_hot_2028,Kolkata,ssp245,baseline_2020s,hot,2028,S-real,93.2,0.932,1.7182130584192439,16704,0.07256415486335754,0.09232555329799652,0.1637881003320217,1.6822318007662835,0.13592520356178284,0.2802868187427521,10.512452107279694,0.1185256615281105,0.2856800766283525,37.679597701149426,2.274904214559387
kolkata_ssp245_baseline_2020s_hot_2028,Kolkata,ssp245,baseline_2020s,hot,2028,COMP-Med,100.0,1.0,1.7182130584192439,16704,0.0233745314180851,0.12161988019943237,0.20541344657540303,5.645354406130268,0.17320486903190613,0.3101632297039032,27.957375478927204,0.1529545933008194,0.9677921455938697,32.543103448275865,34.093630268199234
kolkata_ssp245_baseline_2020s_hot_2028,Kolkata,ssp245,baseline_2020s,hot,2028,EQ-Max,108.0,1.08,1.7182130584192439,16704,0.38546818494796753,0.1566774547100067,0.3789569854736327,23.36566091954023,0.2668304741382599,0.5244166851043701,50.19755747126437,0.22609546780586243,3.1729525862068964,85.20114942528735,0.07183908045977011
kolkata_ssp245_baseline_2020s_hot_2028,Kolkata,ssp245,baseline_2020s,hot,2028,COMP-Hi,110.0,1.1,1.7182130584192439,16704,0.2969852685928345,0.11785441637039185,0.2895538687705993,14.254070881226053,0.2003472000360489,0.42050299048423767,45.89319923371647,0.16647177934646606,2.574712643678161,54.7713122605364,2.7777777777777777
kolkata_ssp245_baseline_2020s_hot_2028,Kolkata,ssp245,baseline_2020s,hot,2028,LEGACY,120.0,1.2,1.7182130584192439,16704,0.30488067865371704,0.14020997285842896,0.2963330298662185,18.18127394636015,0.2268645316362381,0.4198947250843048,51.95162835249042,0.19287842512130737,3.0217313218390807,66.96000957854406,2.664032567049808
kolkata_ssp245_baseline_2020s_typical_2026,Kolkata,ssp245,baseline_2020s,typical,2026,COMP-Lo,90.0,0.9,1.7182130584192439,16704,0.058147236704826355,0.09295985847711563,0.1658496715128421,1.2272509578544062,0.12999917566776276,0.25947651267051697,8.411159003831417,0.11532414704561234,0.24263649425287356,33.90804597701149,2.5921934865900385
kolkata_ssp245_baseline_2020s_typical_2026,Kolkata,ssp245,baseline_2020s,typical,2026,S-real,93.2,0.932,1.7182130584192439,16704,0.06803042441606522,0.09040317684412003,0.1625762581825256,0.8740421455938696,0.12856942415237427,0.26638177037239075,8.506944444444445,0.11331754922866821,0.21593630268199235,33.16570881226053,2.0953065134099615
kolkata_ssp245_baseline_2020s_typical_2026,Kolkata,ssp245,baseline_2020s,typical,2026,COMP-Med,100.0,1.0,1.7182130584192439,16704,0.017667382955551147,0.11988416314125061,0.2058451995253562,5.483716475095785,0.1646498590707779,0.305943101644516,25.28136973180077,0.14689120650291443,0.912595785440613,27.945402298850574,36.37452107279693
kolkata_ssp245_baseline_2020s_typical_2026,Kolkata,ssp245,baseline_2020s,typical,2026,EQ-Max,108.0,1.08,1.7182130584192439,16704,0.36998116970062256,0.1509435921907425,0.37557658106088637,20.647749042145595,0.24965475499629974,0.5243842601776123,45.42025862068966,0.2127157747745514,2.8401580459770117,84.22533524904215,0.19755747126436785
kolkata_ssp245_baseline_2020s_typical_2026,Kolkata,ssp245,baseline_2020s,typical,2026,COMP-Hi,110.0,1.1,1.7182130584192439,16704,0.27794504165649414,0.11284060031175613,0.28949066549539565,13.044779693486591,0.18520335853099823,0.3857618570327759,40.457375478927204,0.15480419993400574,2.3474018199233715,49.580938697318004,3.0052681992337167
kolkata_ssp245_baseline_2020s_typical_2026,Kolkata,ssp245,baseline_2020s,typical,2026,LEGACY,120.0,1.2,1.7182130584192439,16704,0.29210346937179565,0.13667617738246918,0.297925266623497,16.594827586206897,0.21540160477161407,0.38957223296165466,47.68917624521073,0.18423467874526978,2.7527538314176243,63.81106321839081,3.4722222222222223
kolkata_ssp245_late_2080s_heatwave_extreme_2086,Kolkata,ssp245,late_2080s,heatwave_extreme,2086,COMP-Lo,90.0,0.9,1.7182130584192439,16704,0.13583046197891235,0.11101114004850388,0.2141964480280876,7.8125,0.16320645809173584,0.36242175102233887,21.611590038314176,0.14395129680633545,0.9043342911877394,48.02442528735632,2.65205938697318
kolkata_ssp245_late_2080s_heatwave_extreme_2086,Kolkata,ssp245,late_2080s,heatwave_extreme,2086,S-real,93.2,0.932,1.7182130584192439,16704,0.1518392115831375,0.1081746369600296,0.20824686884880064,6.740900383141763,0.16217409074306488,0.31415677070617676,21.70138888888889,0.14223702251911163,0.8069324712643678,46.74928160919541,2.6340996168582373
kolkata_ssp245_late_2080s_heatwave_extreme_2086,Kolkata,ssp245,late_2080s,heatwave_extreme,2086,COMP-Med,100.0,1.0,1.7182130584192439,16704,0.1260497123003006,0.1394808441400528,0.2556715875864029,16.648706896551722,0.2016374170780182,0.37082353234291077,40.804597701149426,0.1794929802417755,2.291786398467433,42.75023946360153,29.394157088122608
kolkata_ssp245_late_2080s_heatwave_extreme_2086,Kolkata,ssp245,late_2080s,heatwave_extreme,2086,EQ-Max,108.0,1.08,1.7182130584192439,16704,0.4950889050960541,0.19105122983455658,0.422681713104248,34.59051724137931,0.31005656719207764,0.6120837330818176,59.087643678160916,0.26900890469551086,4.787655651340996,88.39798850574712,0.047892720306513405
kolkata_ssp245_late_2080s_heatwave_extreme_2086,Kolkata,ssp245,late_2080s,heatwave_extreme,2086,COMP-Hi,110.0,1.1,1.7182130584192439,16704,0.4038494825363159,0.14769119024276733,0.33732752799987786,26.795977011494255,0.23941966891288757,0.4506204426288605,55.3639846743295,0.20453481376171112,4.255567528735632,61.48227969348659,1.1494252873563218
kolkata_ssp245_late_2080s_heatwave_extreme_2086,Kolkata,ssp245,late_2080s,heatwave_extreme,2086,LEGACY,120.0,1.2,1.7182130584192439,16704,0.40185225009918213,0.16785067319869995,0.33618920445442196,30.986590038314176,0.25927498936653137,0.4372137486934662,60.94348659003831,0.22643589973449707,4.66463122605364,72.98251915708812,0.6764846743295019
kolkata_ssp245_late_2080s_hot_2087,Kolkata,ssp245,late_2080s,hot,2087,COMP-Lo,90.0,0.9,1.7182130584192439,16704,0.1117030456662178,0.1061522513628006,0.20529084801673883,5.8069923371647505,0.15848317742347717,0.305943101644516,20.294540229885058,0.13762786984443665,0.6582255747126436,48.46144636015325,2.7957375478927204
kolkata_ssp245_late_2080s_hot_2087,Kolkata,ssp245,late_2080s,hot,2087,S-real,93.2,0.932,1.7182130584192439,16704,0.1276705116033554,0.10316074639558792,0.20107660070061684,5.184386973180077,0.1570899933576584,0.2975656986236572,20.378352490421456,0.13547222316265106,0.5818366858237548,47.53951149425287,2.646072796934866
kolkata_ssp245_late_2080s_hot_2087,Kolkata,ssp245,late_2080s,hot,2087,COMP-Med,100.0,1.0,1.7182130584192439,16704,0.09691602736711502,0.1342674046754837,0.2462511546909809,13.2602969348659,0.19725017249584198,0.367013156414032,40.367576628352495,0.17239926755428314,1.9697677203065134,42.63050766283525,29.250478927203066
kolkata_ssp245_late_2080s_hot_2087,Kolkata,ssp245,late_2080s,hot,2087,EQ-Max,108.0,1.08,1.7182130584192439,16704,0.47164028882980347,0.18468239903450012,0.41334234178066254,32.80052681992337,0.30639395117759705,0.6120593547821045,59.39894636015326,0.2632560729980469,4.507303639846743,87.29645593869732,0.0
kolkata_ssp245_late_2080s_hot_2087,Kolkata,ssp245,late_2080s,hot,2087,COMP-Hi,110.0,1.1,1.7182130584192439,16704,0.38058802485466003,0.14106132090091705,0.32683312445878976,23.754789272030653,0.2342279851436615,0.42883631587028503,55.93271072796935,0.1974003165960312,3.9124760536398466,62.350335249042146,1.532567049808429
kolkata_ssp245_late_2080s_hot_2087,Kolkata,ssp245,late_2080s,hot,2087,LEGACY,120.0,1.2,1.7182130584192439,16704,0.3789655268192291,0.1619071215391159,0.32976466417312617,27.903496168582375,0.25555527210235596,0.4318728446960449,61.691810344827594,0.22095121443271637,4.352550287356322,71.94683908045977,1.053639846743295
kolkata_ssp245_late_2080s_typical_2084,Kolkata,ssp245,late_2080s,typical,2084,COMP-Lo,90.0,0.9,1.7182130584192439,16704,0.12739437818527222,0.10866125673055649,0.23007788360118858,10.374760536398467,0.15652665495872498,0.36242175102233887,19.68390804597701,0.1374499797821045,1.0602250957854407,42.48682950191571,2.987308429118774
kolkata_ssp245_late_2080s_typical_2084,Kolkata,ssp245,late_2080s,typical,2084,S-real,93.2,0.932,1.7182130584192439,16704,0.13991257548332214,0.1059269979596138,0.22316143810749053,9.458812260536398,0.1556493043899536,0.36242175102233887,20.21072796934866,0.13554084300994873,0.9480962643678161,41.540948275862064,3.26867816091954
kolkata_ssp245_late_2080s_typical_2084,Kolkata,ssp245,late_2080s,typical,2084,COMP-Med,100.0,1.0,1.7182130584192439,16704,0.10646849870681763,0.13717031478881836,0.26949373334646226,16.540948275862068,0.1935340166091919,0.37082353234291077,36.45833333333333,0.1715060919523239,2.2841235632183907,36.87140804597701,34.05172413793103
kolkata_ssp245_late_2080s_typical_2084,Kolkata,ssp245,late_2080s,typical,2084,EQ-Max,108.0,1.08,1.7182130584192439,16704,0.4651293158531189,0.17971649765968323,0.42595502734184265,28.72964559386973,0.28786343336105347,0.6120593547821045,53.202825670498086,0.2469654232263565,4.217373084291188,84.2492816091954,0.13170498084291188
kolkata_ssp245_late_2080s_typical_2084,Kolkata,ssp245,late_2080s,typical,2084,COMP-Hi,110.0,1.1,1.7182130584192439,16704,0.3735203444957733,0.13909822702407837,0.34465034008026124,22.86877394636015,0.2210262417793274,0.44825640320777893,49.515086206896555,0.18640662729740143,3.739822796934866,55.78304597701149,2.03544061302682
kolkata_ssp245_late_2080s_typical_2084,Kolkata,ssp245,late_2080s,typical,2084,LEGACY,120.0,1.2,1.7182130584192439,16704,0.3766895830631256,0.157573401927948,0.3409696161746979,25.49688697318008,0.2425759881734848,0.4349943697452545,55.25023946360154,0.2083040326833725,4.043522509578544,66.49305555555556,2.0893199233716473
kolkata_ssp245_mid_2050s_heatwave_extreme_2053,Kolkata,ssp245,mid_2050s,heatwave_extreme,2053,COMP-Lo,90.0,0.9,1.7182130584192439,16704,0.10385850071907043,0.10314571112394333,0.20049845129251467,5.076628352490421,0.1489245891571045,0.2975656986236572,16.12787356321839,0.1312682181596756,0.5824952107279694,43.07950191570881,2.957375478927203
kolkata_ssp245_mid_2050s_heatwave_extreme_2053,Kolkata,ssp245,mid_2050s,heatwave_extreme,2053,S-real,93.2,0.932,1.7182130584192439,16704,0.11815398931503296,0.10033633559942245,0.19733551293611526,4.639607279693487,0.1473979502916336,0.2975413203239441,15.846503831417625,0.12919777631759644,0.4965277777777778,42.019875478927204,2.891522988505747
kolkata_ssp245_mid_2050s_heatwave_extreme_2053,Kolkata,ssp245,mid_2050s,heatwave_extreme,2053,COMP-Med,100.0,1.0,1.7182130584192439,16704,0.08375072479248047,0.13099631667137146,0.24182620719075182,11.655890804597702,0.1863531768321991,0.3624460995197296,35.111350574712645,0.1653720587491989,1.7177322796934866,37.36829501915709,30.711206896551722
kolkata_ssp245_mid_2050s_heatwave_extreme_2053,Kolkata,ssp245,mid_2050s,heatwave_extreme,2053,EQ-Max,108.0,1.08,1.7182130584192439,16704,0.4484565854072571,0.17555096745491028,0.40673537403345084,28.532088122605366,0.28948143124580383,0.5289512872695923,55.54358237547893,0.24805784225463867,4.108477011494253,87.1228448275862,0.08979885057471264
kolkata_ssp245_mid_2050s_heatwave_extreme_2053,Kolkata,ssp245,mid_2050s,heatwave_extreme,2053,COMP-Hi,110.0,1.1,1.7182130584192439,16704,0.3556990623474121,0.1339576691389084,0.32177128940820693,22.06058429118774,0.2184729129076004,0.4288119375705719,51.053639846743295,0.18498127162456512,3.5551963601532566,58.68654214559387,1.6882183908045978
kolkata_ssp245_mid_2050s_heatwave_extreme_2053,Kolkata,ssp245,mid_2050s,heatwave_extreme,2053,LEGACY,120.0,1.2,1.7182130584192439,16704,0.35935747623443604,0.15523003041744232,0.3236932978034019,25.101772030651343,0.2436017245054245,0.4282721281051636,57.71671455938697,0.2107601761817932,3.9716235632183907,70.37236590038314,1.496647509578544
kolkata_ssp245_mid_2050s_hot_2053,Kolkata,ssp245,mid_2050s,hot,2053,COMP-Lo,90.0,0.9,1.7182130584192439,16704,0.10385850071907043,0.10314571112394333,0.20049845129251467,5.076628352490421,0.1489245891571045,0.2975656986236572,16.12787356321839,0.1312682181596756,0.5824952107279694,43.07950191570881,2.957375478927203
kolkata_ssp245_mid_2050s_hot_2053,Kolkata,ssp245,mid_2050s,hot,2053,S-real,93.2,0.932,1.7182130584192439,16704,0.11815398931503296,0.10033633559942245,0.19733551293611526,4.639607279693487,0.1473979502916336,0.2975413203239441,15.846503831417625,0.12919777631759644,0.4965277777777778,42.019875478927204,2.891522988505747
kolkata_ssp245_mid_2050s_hot_2053,Kolkata,ssp245,mid_2050s,hot,2053,COMP-Med,100.0,1.0,1.7182130584192439,16704,0.08375072479248047,0.13099631667137146,0.24182620719075182,11.655890804597702,0.1863531768321991,0.3624460995197296,35.111350574712645,0.1653720587491989,1.7177322796934866,37.36829501915709,30.711206896551722
kolkata_ssp245_mid_2050s_hot_2053,Kolkata,ssp245,mid_2050s,hot,2053,EQ-Max,108.0,1.08,1.7182130584192439,16704,0.4484565854072571,0.17555096745491028,0.40673537403345084,28.532088122605366,0.28948143124580383,0.5289512872695923,55.54358237547893,0.24805784225463867,4.108477011494253,87.1228448275862,0.08979885057471264
kolkata_ssp245_mid_2050s_hot_2053,Kolkata,ssp245,mid_2050s,hot,2053,COMP-Hi,110.0,1.1,1.7182130584192439,16704,0.3556990623474121,0.1339576691389084,0.32177128940820693,22.06058429118774,0.2184729129076004,0.4288119375705719,51.053639846743295,0.18498127162456512,3.5551963601532566,58.68654214559387,1.6882183908045978
kolkata_ssp245_mid_2050s_hot_2053,Kolkata,ssp245,mid_2050s,hot,2053,LEGACY,120.0,1.2,1.7182130584192439,16704,0.35935747623443604,0.15523003041744232,0.3236932978034019,25.101772030651343,0.2436017245054245,0.4282721281051636,57.71671455938697,0.2107601761817932,3.9716235632183907,70.37236590038314,1.496647509578544
kolkata_ssp245_mid_2050s_typical_2058,Kolkata,ssp245,mid_2050s,typical,2058,COMP-Lo,90.0,0.9,1.7182130584192439,16704,0.07219228893518448,0.09596715122461319,0.18510041087865825,3.8134578544061304,0.1370752900838852,0.2975656986236572,11.745689655172415,0.12142854928970337,0.4460608237547893,35.79980842911878,2.2329980842911876
kolkata_ssp245_mid_2050s_typical_2058,Kolkata,ssp245,mid_2050s,typical,2058,S-real,93.2,0.932,1.7182130584192439,16704,0.08244671672582626,0.09342778474092484,0.18207225874066346,3.316570881226054,0.13621293008327484,0.2975413203239441,12.35632183908046,0.11977588385343552,0.39307950191570884,34.72222222222222,2.3168103448275863
kolkata_ssp245_mid_2050s_typical_2058,Kolkata,ssp245,mid_2050s,typical,2058,COMP-Med,100.0,1.0,1.7182130584192439,16704,0.033994004130363464,0.12319637835025787,0.22679922878742212,7.8244731800766285,0.17201414704322815,0.3624460995197296,28.00526819923372,0.15396812558174133,1.2570641762452108,29.867097701149426,36.560105363984675
kolkata_ssp245_mid_2050s_typical_2058,Kolkata,ssp245,mid_2050s,typical,2058,EQ-Max,108.0,1.08,1.7182130584192439,16704,0.3887318968772888,0.15530966222286224,0.3924068018794058,21.569683908045977,0.2598693072795868,0.5259472131729126,47.144396551724135,0.2224065363407135,3.098000478927203,85.57830459770115,0.011973180076628351
kolkata_ssp245_mid_2050s_typical_2058,Kolkata,ssp245,mid_2050s,typical,2058,COMP-Hi,110.0,1.1,1.7182130584192439,16704,0.30053237080574036,0.11796776205301285,0.31154015511274336,15.12212643678161,0.19512522220611572,0.4244617521762848,42.397030651341,0.16432848572731018,2.5555555555555554,51.78400383141762,1.6044061302681993
kolkata_ssp245_mid_2050s_typical_2058,Kolkata,ssp245,mid_2050s,typical,2058,LEGACY,120.0,1.2,1.7182130584192439,16704,0.31165632605552673,0.13906453549861908,0.3107287764549255,17.510775862068968,0.2205812931060791,0.4282721281051636,49.31154214559387,0.18930168449878693,2.9752753831417627,64.17624521072797,1.1733716475095786
kolkata_ssp245_near_2030s_heatwave_extreme_2039,Kolkata,ssp245,near_2030s,heatwave_extreme,2039,COMP-Lo,90.0,0.9,1.7182130584192439,16704,0.07261332124471664,0.09672030061483383,0.18532889410853376,2.6340996168582373,0.13611507415771484,0.28332337737083435,11.08117816091954,0.1203654408454895,0.34913793103448276,35.28496168582376,3.0292145593869733
kolkata_ssp245_near_2030s_heatwave_extreme_2039,Kolkata,ssp245,near_2030s,heatwave_extreme,2039,S-real,93.2,0.932,1.7182130584192439,16704,0.08317640423774719,0.0941246822476387,0.18080896884202946,1.8498563218390804,0.1344611942768097,0.28026247024536133,10.578304597701148,0.11808239668607712,0.28520114942528735,35.08141762452107,2.490421455938697
kolkata_ssp245_near_2030s_heatwave_extreme_2039,Kolkata,ssp245,near_2030s,heatwave_extreme,2039,COMP-Med,100.0,1.0,1.7182130584192439,16704,0.037846677005290985,0.12404312193393707,0.22386642172932622,8.129789272030653,0.1711263358592987,0.305943101644516,27.879549808429115,0.1522379219532013,1.2047413793103448,30.03472222222222,34.117576628352495
kolkata_ssp245_near_2030s_heatwave_extreme_2039,Kolkata,ssp245,near_2030s,heatwave_extreme,2039,EQ-Max,108.0,1.08,1.7182130584192439,16704,0.3941703736782074,0.15978893637657166,0.39281978756189334,23.557231800766285,0.2596360146999359,0.5243842601776123,48.162116858237546,0.22088313102722168,3.288433908045977,85.30890804597702,0.14966475095785442
kolkata_ssp245_near_2030s_heatwave_extreme_2039,Kolkata,ssp245,near_2030s,heatwave_extreme,2039,COMP-Hi,110.0,1.1,1.7182130584192439,16704,0.29971078038215637,0.12005656957626343,0.3080043703317642,16.80435823754789,0.19331717491149902,0.4198947250843048,42.9897030651341,0.16164375841617584,2.7840636973180075,51.49066091954023,3.867337164750958
kolkata_ssp245_near_2030s_heatwave_extreme_2039,Kolkata,ssp245,near_2030s,heatwave_extreme,2039,LEGACY,120.0,1.2,1.7182130584192439,16704,0.3089289367198944,0.1434079110622406,0.3096756279468536,20.288553639846743,0.22242289781570435,0.39257637709378684,50.077825670498086,0.19046081602573395,3.1928280651340994,64.51748084291188,4.28639846743295
kolkata_ssp245_near_2030s_hot_2031,Kolkata,ssp245,near_2030s,hot,2031,COMP-Lo,90.0,0.9,1.7182130584192439,16704,0.0935894325375557,0.1008596271276474,0.1833894774317741,2.244971264367816,0.14746907353401184,0.2975413203239441,16.58884099616858,0.1267816126346588,0.4325909961685824,42.51676245210728,3.5739942528735638
kolkata_ssp245_near_2030s_hot_2031,Kolkata,ssp245,near_2030s,hot,2031,S-real,93.2,0.932,1.7182130584192439,16704,0.10676974058151245,0.09807043522596359,0.17872342467308042,1.5385536398467432,0.14528319239616394,0.28485387563705444,15.601053639846743,0.12412415444850922,0.34165469348659006,41.552921455938694,3.0411877394636013
kolkata_ssp245_near_2030s_hot_2031,Kolkata,ssp245,near_2030s,hot,2031,COMP-Med,100.0,1.0,1.7182130584192439,16704,0.0695609301328659,0.12776146829128265,0.2169796414673328,9.87787356321839,0.18291571736335754,0.32255858182907104,34.14750957854406,0.15934456884860992,1.2634698275862069,36.82950191570881,30.75311302681992
kolkata_ssp245_near_2030s_hot_2031,Kolkata,ssp245,near_2030s,hot,2031,EQ-Max,108.0,1.08,1.7182130584192439,16704,0.43767911195755005,0.17333407700061798,0.3908002436161041,29.51388888888889,0.2787805199623108,0.5243842601776123,52.55627394636016,0.23879797756671906,4.039930555555555,85.99137931034483,0.15565134099616856
kolkata_ssp245_near_2030s_hot_2031,Kolkata,ssp245,near_2030s,hot,2031,COMP-Hi,110.0,1.1,1.7182130584192439,16704,0.3435688614845276,0.13087664544582367,0.3043500542640686,21.174568965517242,0.21027866005897522,0.42050299048423767,47.86278735632184,0.17664942145347595,3.4812021072796937,56.57327586206896,2.8017241379310347
kolkata_ssp245_near_2030s_hot_2031,Kolkata,ssp245,near_2030s,hot,2031,LEGACY,120.0,1.2,1.7182130584192439,16704,0.34848588705062866,0.15353702008724213,0.3061075478792189,25.664511494252874,0.2367749810218811,0.4198703467845917,54.59171455938697,0.20367974042892456,3.8635057471264367,67.85799808429118,2.586206896551724
kolkata_ssp245_near_2030s_typical_2036,Kolkata,ssp245,near_2030s,typical,2036,COMP-Lo,90.0,0.9,1.7182130584192439,16704,0.03804780915379524,0.0889623612165451,0.1498691141605377,1.2691570881226053,0.12290775030851364,0.25144603848457336,6.010536398467433,0.10930894315242767,0.17468869731800765,29.166666666666668,5.214319923371648
kolkata_ssp245_near_2030s_typical_2036,Kolkata,ssp245,near_2030s,typical,2036,S-real,93.2,0.932,1.7182130584192439,16704,0.045912712812423706,0.08636888116598129,0.1479882515966892,1.113505747126437,0.12160736322402954,0.24991552531719208,6.381704980842912,0.10711272805929184,0.16696599616858238,28.633860153256705,4.17265325670498
kolkata_ssp245_near_2030s_typical_2036,Kolkata,ssp245,near_2030s,typical,2036,COMP-Med,100.0,1.0,1.7182130584192439,16704,-0.01551139261573553,0.11545735597610474,0.18335037976503366,3.214798850574713,0.15692177414894104,0.2975656986236572,20.001197318007662,0.14017219841480255,0.6715158045977011,23.50933908045977,41.11590038314176
kolkata_ssp245_near_2030s_typical_2036,Kolkata,ssp245,near_2030s,typical,2036,EQ-Max,108.0,1.08,1.7182130584192439,16704,0.3324511647224426,0.1379609853029251,0.33796643763780554,15.750718390804597,0.22942832112312317,0.5213801860809326,40.559147509578544,0.1938503384590149,2.2919061302681993,81.59123563218391,0.07782567049808428
kolkata_ssp245_near_2030s_typical_2036,Kolkata,ssp245,near_2030s,typical,2036,COMP-Hi,110.0,1.1,1.7182130584192439,16704,0.24350616335868835,0.10323967039585114,0.25313088446855525,9.339080459770114,0.17014794051647186,0.3811948001384735,35.35081417624521,0.14070643484592438,1.7219827586206897,44.28879310344828,4.477969348659004
kolkata_ssp245_near_2030s_typical_2036,Kolkata,ssp245,near_2030s,typical,2036,LEGACY,120.0,1.2,1.7182130584192439,16704,0.2614881098270416,0.12590239942073822,0.265395475924015,11.709770114942529,0.19999535381793976,0.3805878162384033,43.05555555555556,0.16897551715373993,2.152837643678161,58.26748084291188,3.873323754789272
kolkata_ssp585_baseline_2020s_heatwave_extreme_2027,Kolkata,ssp585,baseline_2020s,heatwave_extreme,2027,COMP-Lo,90.0,0.9,1.7182130584192439,16704,0.03890855982899666,0.0886441245675087,0.15555381104350086,1.215277777777778,0.12265324592590332,0.25525641441345215,6.639128352490421,0.10873576253652573,0.1896551724137931,26.981561302681996,2.891522988505747
kolkata_ssp585_baseline_2020s_heatwave_extreme_2027,Kolkata,ssp585,baseline_2020s,heatwave_extreme,2027,S-real,93.2,0.932,1.7182130584192439,16704,0.045785803347826004,0.08643971383571625,0.15200758576393125,1.0057471264367817,0.12189413607120514,0.25525641441345215,7.165948275862069,0.10705047100782394,0.17492816091954022,26.370929118773944,2.993295019157088
kolkata_ssp585_baseline_2020s_heatwave_extreme_2027,Kolkata,ssp585,baseline_2020s,heatwave_extreme,2027,COMP-Med,100.0,1.0,1.7182130584192439,16704,-0.015333869494497776,0.11530541628599167,0.18985625579953191,4.196599616858237,0.1558249294757843,0.3021327257156372,20.049090038314176,0.13924653828144073,0.7095306513409961,22.43175287356322,41.96599616858238
kolkata_ssp585_baseline_2020s_heatwave_extreme_2027,Kolkata,ssp585,baseline_2020s,heatwave_extreme,2027,EQ-Max,108.0,1.08,1.7182130584192439,16704,0.3285168707370758,0.13736823201179504,0.35363622158765784,15.690852490421456,0.2266150265932083,0.5213801860809326,38.85895593869732,0.1912560909986496,2.2359913793103448,81.63912835249042,0.28735632183908044
kolkata_ssp585_baseline_2020s_heatwave_extreme_2027,Kolkata,ssp585,baseline_2020s,heatwave_extreme,2027,COMP-Hi,110.0,1.1,1.7182130584192439,16704,0.23913916945457458,0.10263638943433762,0.2655848279595375,9.207375478927203,0.16772231459617615,0.3811948001384735,33.7823275862069,0.13866011798381805,1.7358716475095786,43.241139846743295,3.3045977011494254
kolkata_ssp585_baseline_2020s_heatwave_extreme_2027,Kolkata,ssp585,baseline_2020s,heatwave_extreme,2027,LEGACY,120.0,1.2,1.7182130584192439,16704,0.25793856382369995,0.12586632370948792,0.2764263808727264,11.506226053639846,0.1972026824951172,0.3811948001384735,41.097940613026815,0.16707774996757507,2.1239224137931036,56.30986590038314,3.5680076628352495
kolkata_ssp585_baseline_2020s_hot_2026,Kolkata,ssp585,baseline_2020s,hot,2026,COMP-Lo,90.0,0.9,1.7182130584192439,16704,0.04568246379494667,0.09059816598892212,0.1543331742286682,1.0835727969348659,0.12713222205638885,0.25525641441345215,6.79477969348659,0.11230926215648651,0.1828903256704981,31.555316091954023,3.442289272030651
kolkata_ssp585_baseline_2020s_hot_2026,Kolkata,ssp585,baseline_2020s,hot,2026,S-real,93.2,0.932,1.7182130584192439,16704,0.05468545854091644,0.08804154396057129,0.15183511376380918,0.8740421455938696,0.12591545283794403,0.25525641441345215,7.130028735632184,0.11014930158853531,0.16511015325670497,30.801005747126435,2.658045977011494
kolkata_ssp585_baseline_2020s_hot_2026,Kolkata,ssp585,baseline_2020s,hot,2026,COMP-Med,100.0,1.0,1.7182130584192439,16704,-0.0025256038643419743,0.11728230118751526,0.18912675529718379,3.7176724137931036,0.1616174280643463,0.3021327257156372,23.485392720306514,0.14348560571670532,0.779573754789272,25.748323754789272,37.5
kolkata_ssp585_baseline_2020s_hot_2026,Kolkata,ssp585,baseline_2020s,hot,2026,EQ-Max,108.0,1.08,1.7182130584192439,16704,0.3514642119407654,0.1444021314382553,0.3562729746103287,18.50454980842912,0.24193397164344788,0.5213801860809326,44.05531609195402,0.20394963026046753,2.5855483716475094,82.60895593869732,0.09578544061302681
kolkata_ssp585_baseline_2020s_hot_2026,Kolkata,ssp585,baseline_2020s,hot,2026,COMP-Hi,110.0,1.1,1.7182130584192439,16704,0.26189956068992615,0.10805778205394745,0.2677048668265341,11.188936781609195,0.17942209541797638,0.3811948001384735,39.319923371647505,0.14795850217342377,2.0380747126436782,48.61111111111111,4.136733716475096
kolkata_ssp585_baseline_2020s_hot_2026,Kolkata,ssp585,baseline_2020s,hot,2026,LEGACY,120.0,1.2,1.7182130584192439,16704,0.27696678042411804,0.13087423145771027,0.2769549220800399,14.421695402298852,0.20934739708900452,0.3805878162384033,46.33022030651341,0.17673110961914062,2.4420498084291187,62.15277777777778,3.675766283524904
kolkata_ssp585_baseline_2020s_typical_2029,Kolkata,ssp585,baseline_2020s,typical,2029,COMP-Lo,90.0,0.9,1.7182130584192439,16704,0.018907489255070686,0.08505351841449738,0.13034925535321235,0.15565134099616856,0.11575063318014145,0.18974342942237854,3.0471743295019156,0.1031431257724762,0.07764607279693486,25.149664750957857,4.711446360153257
kolkata_ssp585_baseline_2020s_typical_2029,Kolkata,ssp585,baseline_2020s,typical,2029,S-real,93.2,0.932,1.7182130584192439,16704,0.024594459682703018,0.0825597494840622,0.12732783928513527,0.05387931034482758,0.11435851454734802,0.19278547167778015,3.4542624521072796,0.10109879821538925,0.07315613026819924,24.574952107279692,3.436302681992337
kolkata_ssp585_baseline_2020s_typical_2029,Kolkata,ssp585,baseline_2020s,typical,2029,COMP-Med,100.0,1.0,1.7182130584192439,16704,-0.04427654668688774,0.11142680794000626,0.15808646380901337,1.1853448275862069,0.1488124579191208,0.2619786560535431,15.40948275862069,0.13303911685943604,0.38278256704980845,18.85177203065134,42.151580459770116
kolkata_ssp585_baseline_2020s_typical_2029,Kolkata,ssp585,baseline_2020s,typical,2029,EQ-Max,108.0,1.08,1.7182130584192439,16704,0.3005690276622772,0.12849962711334229,0.29057942330837216,12.134818007662835,0.2160441279411316,0.441433846950531,37.25454980842912,0.18077793717384338,1.8046575670498084,80.7830459770115,0.23946360153256704
kolkata_ssp585_baseline_2020s_typical_2029,Kolkata,ssp585,baseline_2020s,typical,2029,COMP-Hi,110.0,1.1,1.7182130584192439,16704,0.21130913496017456,0.09567806869745255,0.21469631120562546,6.25,0.1588970571756363,0.3624460995197296,31.776819923371647,0.12987680733203888,1.2889128352490422,42.253352490421456,5.20234674329502
kolkata_ssp585_baseline_2020s_typical_2029,Kolkata,ssp585,baseline_2020s,typical,2029,LEGACY,120.0,1.2,1.7182130584192439,16704,0.23180674016475677,0.11910852044820786,0.2365718565881252,8.45905172413793,0.19029270112514496,0.3775457739830017,39.52945402298851,0.1591915339231491,1.7150383141762453,55.92073754789272,5.268199233716475
kolkata_ssp585_late_2080s_heatwave_extreme_2080,Kolkata,ssp585,late_2080s,heatwave_extreme,2080,COMP-Lo,90.0,0.9,1.7182130584192439,16704,0.2270423173904419,0.1328238695859909,0.2581575125455856,17.193486590038315,0.20820902287960052,0.37735849618911743,39.49353448275862,0.17679712176322937,2.0482519157088124,64.80483716475096,1.5445402298850575
kolkata_ssp585_late_2080s_heatwave_extreme_2080,Kolkata,ssp585,late_2080s,heatwave_extreme,2080,S-real,93.2,0.932,1.7182130584192439,16704,0.2490701824426651,0.12935633957386017,0.24974985644221304,16.642720306513407,0.20688903331756592,0.3654826581478119,39.39176245210728,0.17444558441638947,1.8096264367816093,64.42768199233716,1.7420977011494254
kolkata_ssp585_late_2080s_heatwave_extreme_2080,Kolkata,ssp585,late_2080s,heatwave_extreme,2080,COMP-Med,100.0,1.0,1.7182130584192439,16704,0.2557917535305023,0.16234195232391357,0.29058786183595653,28.9272030651341,0.24877695739269257,0.4229312539100647,58.27945402298851,0.2141227424144745,3.7000718390804597,60.674090038314176,18.99545019157088
kolkata_ssp585_late_2080s_heatwave_extreme_2080,Kolkata,ssp585,late_2080s,heatwave_extreme,2080,EQ-Max,108.0,1.08,1.7182130584192439,16704,0.6467374563217163,0.23971794545650482,0.4452838361263275,50.88002873563219,0.3838455080986023,0.6241328120231628,73.97030651340997,0.3325914442539215,7.030890804597701,92.2353927203065,0.0
kolkata_ssp585_late_2080s_heatwave_extreme_2080,Kolkata,ssp585,late_2080s,heatwave_extreme,2080,COMP-Hi,110.0,1.1,1.7182130584192439,16704,0.5488541722297668,0.1880311369895935,0.36626907885074617,41.906130268199234,0.3046784996986389,0.5259472131729126,71.2404214559387,0.2582862079143524,6.4494731800766285,75.8441091954023,0.3951149425287357
kolkata_ssp585_late_2080s_heatwave_extreme_2080,Kolkata,ssp585,late_2080s,heatwave_extreme,2080,LEGACY,120.0,1.2,1.7182130584192439,16704,0.5245116353034973,0.20300959050655365,0.358596171438694,46.80316091954023,0.3119017481803894,0.5175438523292542,75.0838122605364,0.2719535231590271,6.753831417624521,82.45330459770115,0.11973180076628352
kolkata_ssp585_late_2080s_hot_2080,Kolkata,ssp585,late_2080s,hot,2080,COMP-Lo,90.0,0.9,1.7182130584192439,16704,0.2270423173904419,0.1328238695859909,0.2581575125455856,17.193486590038315,0.20820902287960052,0.37735849618911743,39.49353448275862,0.17679712176322937,2.0482519157088124,64.80483716475096,1.5445402298850575
kolkata_ssp585_late_2080s_hot_2080,Kolkata,ssp585,late_2080s,hot,2080,S-real,93.2,0.932,1.7182130584192439,16704,0.2490701824426651,0.12935633957386017,0.24974985644221304,16.642720306513407,0.20688903331756592,0.3654826581478119,39.39176245210728,0.17444558441638947,1.8096264367816093,64.42768199233716,1.7420977011494254
kolkata_ssp585_late_2080s_hot_2080,Kolkata,ssp585,late_2080s,hot,2080,COMP-Med,100.0,1.0,1.7182130584192439,16704,0.2557917535305023,0.16234195232391357,0.29058786183595653,28.9272030651341,0.24877695739269257,0.4229312539100647,58.27945402298851,0.2141227424144745,3.7000718390804597,60.674090038314176,18.99545019157088
kolkata_ssp585_late_2080s_hot_2080,Kolkata,ssp585,late_2080s,hot,2080,EQ-Max,108.0,1.08,1.7182130584192439,16704,0.6467374563217163,0.23971794545650482,0.4452838361263275,50.88002873563219,0.3838455080986023,0.6241328120231628,73.97030651340997,0.3325914442539215,7.030890804597701,92.2353927203065,0.0
kolkata_ssp585_late_2080s_hot_2080,Kolkata,ssp585,late_2080s,hot,2080,COMP-Hi,110.0,1.1,1.7182130584192439,16704,0.5488541722297668,0.1880311369895935,0.36626907885074617,41.906130268199234,0.3046784996986389,0.5259472131729126,71.2404214559387,0.2582862079143524,6.4494731800766285,75.8441091954023,0.3951149425287357
kolkata_ssp585_late_2080s_hot_2080,Kolkata,ssp585,late_2080s,hot,2080,LEGACY,120.0,1.2,1.7182130584192439,16704,0.5245116353034973,0.20300959050655365,0.358596171438694,46.80316091954023,0.3119017481803894,0.5175438523292542,75.0838122605364,0.2719535231590271,6.753831417624521,82.45330459770115,0.11973180076628352
kolkata_ssp585_late_2080s_typical_2088,Kolkata,ssp585,late_2080s,typical,2088,COMP-Lo,90.0,0.9,1.7182130584192439,16704,0.1427064836025238,0.11343798041343689,0.21663446649909007,7.962164750957855,0.17121107876300812,0.36242175102233887,24.916187739463602,0.14869573712348938,1.0241259578544062,53.783524904214566,2.5203544061302683
kolkata_ssp585_late_2080s_typical_2088,Kolkata,ssp585,late_2080s,typical,2088,S-real,93.2,0.932,1.7182130584192439,16704,0.16038201749324799,0.11018338799476624,0.21192114651203153,6.908524904214559,0.16956768929958344,0.36242175102233887,24.580938697318008,0.14606377482414246,0.9280411877394636,52.71791187739464,2.6760057471264367
kolkata_ssp585_late_2080s_typical_2088,Kolkata,ssp585,late_2080s,typical,2088,COMP-Med,100.0,1.0,1.7182130584192439,16704,0.13721853494644165,0.14073647558689117,0.25898358970880503,16.020114942528735,0.21086643636226654,0.375043660402298,44.79765325670498,0.18360453844070435,2.247006704980843,48.75478927203065,25.915948275862068
kolkata_ssp585_late_2080s_typical_2088,Kolkata,ssp585,late_2080s,typical,2088,EQ-Max,108.0,1.08,1.7182130584192439,16704,0.519049346446991,0.19888627529144287,0.4212033003568649,38.09865900383142,0.3295075595378876,0.6151202917098999,64.09243295019157,0.2832273840904236,5.2215636973180075,89.33189655172413,0.0
kolkata_ssp585_late_2080s_typical_2088,Kolkata,ssp585,late_2080s,typical,2088,COMP-Hi,110.0,1.1,1.7182130584192439,16704,0.42712050676345825,0.15323522686958313,0.34022102057933795,28.130986590038315,0.2537411153316498,0.5213558077812195,60.16522988505747,0.21507570147514343,4.546755268199234,66.85823754789271,0.7243773946360154
kolkata_ssp585_late_2080s_typical_2088,Kolkata,ssp585,late_2080s,typical,2088,LEGACY,120.0,1.2,1.7182130584192439,16704,0.4179983139038086,0.17149418592453003,0.3328427121043205,33.081896551724135,0.27165815234184265,0.441433846950531,65.42744252873564,0.23523497581481934,4.946180555555555,75.65253831417624,0.035919540229885055
kolkata_ssp585_mid_2050s_heatwave_extreme_2059,Kolkata,ssp585,mid_2050s,heatwave_extreme,2059,COMP-Lo,90.0,0.9,1.7182130584192439,16704,0.20077204704284668,0.1266048550605774,0.23074601739645004,14.97844827586207,0.19301490485668182,0.3624460995197296,36.48227969348659,0.16605612635612488,1.4874880268199233,62.44013409961686,1.1254789272030652
kolkata_ssp585_mid_2050s_heatwave_extreme_2059,Kolkata,ssp585,mid_2050s,heatwave_extreme,2059,S-real,93.2,0.932,1.7182130584192439,16704,0.22199776768684387,0.12335401028394699,0.22514267936348908,13.852969348659002,0.19141501188278198,0.36242175102233887,35.769875478927204,0.16394014656543732,1.2708931992337165,61.60201149425287,1.4068486590038316
kolkata_ssp585_mid_2050s_heatwave_extreme_2059,Kolkata,ssp585,mid_2050s,heatwave_extreme,2059,COMP-Med,100.0,1.0,1.7182130584192439,16704,0.2253357470035553,0.15785753726959229,0.27729821801185606,26.999521072796934,0.23571252822875977,0.3811948001384735,57.36350574712644,0.204532191157341,3.6767241379310347,57.71072796934866,20.204741379310345
kolkata_ssp585_mid_2050s_heatwave_extreme_2059,Kolkata,ssp585,mid_2050s,heatwave_extreme,2059,EQ-Max,108.0,1.08,1.7182130584192439,16704,0.6180135607719421,0.23487477004528046,0.44434891194105147,49.34147509578544,0.36815690994262695,0.6120837330818176,72.43175287356321,0.3199438154697418,6.844109195402299,90.92432950191571,0.0
kolkata_ssp585_mid_2050s_heatwave_extreme_2059,Kolkata,ssp585,mid_2050s,heatwave_extreme,2059,COMP-Hi,110.0,1.1,1.7182130584192439,16704,0.5206692218780518,0.1827176958322525,0.3582202598452568,41.325431034482754,0.28679966926574707,0.5213558077812195,69.23491379310344,0.24531354010105133,6.327885536398467,73.44947318007662,0.5926724137931034
kolkata_ssp585_mid_2050s_heatwave_extreme_2059,Kolkata,ssp585,mid_2050s,heatwave_extreme,2059,LEGACY,120.0,1.2,1.7182130584192439,16704,0.5012850165367126,0.20109565556049347,0.35190881341695784,46.58165708812261,0.30021896958351135,0.4372137486934662,73.84458812260536,0.2640567123889923,6.632303639846743,81.19612068965517,0.3951149425287357
kolkata_ssp585_mid_2050s_hot_2059,Kolkata,ssp585,mid_2050s,hot,2059,COMP-Lo,90.0,0.9,1.7182130584192439,16704,0.20077204704284668,0.1266048550605774,0.23074601739645004,14.97844827586207,0.19301490485668182,0.3624460995197296,36.48227969348659,0.16605612635612488,1.4874880268199233,62.44013409961686,1.1254789272030652
kolkata_ssp585_mid_2050s_hot_2059,Kolkata,ssp585,mid_2050s,hot,2059,S-real,93.2,0.932,1.7182130584192439,16704,0.22199776768684387,0.12335401028394699,0.22514267936348908,13.852969348659002,0.19141501188278198,0.36242175102233887,35.769875478927204,0.16394014656543732,1.2708931992337165,61.60201149425287,1.4068486590038316
kolkata_ssp585_mid_2050s_hot_2059,Kolkata,ssp585,mid_2050s,hot,2059,COMP-Med,100.0,1.0,1.7182130584192439,16704,0.2253357470035553,0.15785753726959229,0.27729821801185606,26.999521072796934,0.23571252822875977,0.3811948001384735,57.36350574712644,0.204532191157341,3.6767241379310347,57.71072796934866,20.204741379310345
kolkata_ssp585_mid_2050s_hot_2059,Kolkata,ssp585,mid_2050s,hot,2059,EQ-Max,108.0,1.08,1.7182130584192439,16704,0.6180135607719421,0.23487477004528046,0.44434891194105147,49.34147509578544,0.36815690994262695,0.6120837330818176,72.43175287356321,0.3199438154697418,6.844109195402299,90.92432950191571,0.0
kolkata_ssp585_mid_2050s_hot_2059,Kolkata,ssp585,mid_2050s,hot,2059,COMP-Hi,110.0,1.1,1.7182130584192439,16704,0.5206692218780518,0.1827176958322525,0.3582202598452568,41.325431034482754,0.28679966926574707,0.5213558077812195,69.23491379310344,0.24531354010105133,6.327885536398467,73.44947318007662,0.5926724137931034
kolkata_ssp585_mid_2050s_hot_2059,Kolkata,ssp585,mid_2050s,hot,2059,LEGACY,120.0,1.2,1.7182130584192439,16704,0.5012850165367126,0.20109565556049347,0.35190881341695784,46.58165708812261,0.30021896958351135,0.4372137486934662,73.84458812260536,0.2640567123889923,6.632303639846743,81.19612068965517,0.3951149425287357
kolkata_ssp585_mid_2050s_typical_2057,Kolkata,ssp585,mid_2050s,typical,2057,COMP-Lo,90.0,0.9,1.7182130584192439,16704,0.0677090659737587,0.09573046863079071,0.19339573755860326,4.352250957854406,0.13517987728118896,0.2975656986236572,11.057231800766283,0.11971589177846909,0.4862308429118774,33.04597701149425,2.891522988505747
kolkata_ssp585_mid_2050s_typical_2057,Kolkata,ssp585,mid_2050s,typical,2057,S-real,93.2,0.932,1.7182130584192439,16704,0.0770309790968895,0.09299799799919128,0.19113025441765782,3.9990421455938696,0.13341501355171204,0.2975413203239441,11.135057471264368,0.11773290485143661,0.43624281609195403,32.42337164750958,2.9394157088122608
kolkata_ssp585_mid_2050s_typical_2057,Kolkata,ssp585,mid_2050s,typical,2057,COMP-Med,100.0,1.0,1.7182130584192439,16704,0.02703838050365448,0.12312076985836029,0.23613855391740796,8.381226053639846,0.1700780838727951,0.3624460995197296,26.430795019157088,0.1519276350736618,1.2907686781609196,27.933429118773944,37.320402298850574
kolkata_ssp585_mid_2050s_typical_2057,Kolkata,ssp585,mid_2050s,typical,2057,EQ-Max,108.0,1.08,1.7182130584192439,16704,0.38041770458221436,0.15399375557899475,0.4024500265717506,20.839319923371647,0.25447264313697815,0.5244166851043701,46.06082375478927,0.21703213453292847,3.010177203065134,83.23754789272031,0.11374521072796935
kolkata_ssp585_mid_2050s_typical_2057,Kolkata,ssp585,mid_2050s,typical,2057,COMP-Hi,110.0,1.1,1.7182130584192439,16704,0.2920317053794861,0.11733368784189224,0.32219437211751933,14.8647030651341,0.19126921892166138,0.42353951930999756,41.22365900383142,0.16034483909606934,2.5668103448275863,50.472940613026815,2.86757662835249
kolkata_ssp585_mid_2050s_typical_2057,Kolkata,ssp585,mid_2050s,typical,2057,LEGACY,120.0,1.2,1.7182130584192439,16704,0.3034419119358063,0.1386789232492447,0.318868289887905,17.64846743295019,0.21677103638648987,0.3984241783618927,48.07231800766284,0.18604448437690735,2.9279214559386975,62.79334291187739,2.209051724137931
kolkata_ssp585_near_2030s_heatwave_extreme_2032,Kolkata,ssp585,near_2030s,heatwave_extreme,2032,COMP-Lo,90.0,0.9,1.7182130584192439,16704,0.024147124961018562,0.08609684556722641,0.14404415190219877,0.2334770114942529,0.1156381368637085,0.19891560077667236,4.9030172413793105,0.10378823429346085,0.12284482758620689,23.006465517241377,5.902777777777778
kolkata_ssp585_near_2030s_heatwave_extreme_2032,Kolkata,ssp585,near_2030s,heatwave_extreme,2032,S-real,93.2,0.932,1.7182130584192439,16704,0.02942170388996601,0.08350887149572372,0.14065594226121897,0.13769157088122605,0.11400359123945236,0.19884967803955078,4.340277777777778,0.10147617757320404,0.0951867816091954,22.77897509578544,6.022509578544062
kolkata_ssp585_near_2030s_heatwave_extreme_2032,Kolkata,ssp585,near_2030s,heatwave_extreme,2032,COMP-Med,100.0,1.0,1.7182130584192439,16704,-0.03432426601648331,0.11242005974054337,0.17705486044287674,2.8795498084291187,0.14735206961631775,0.29288437962532043,16.768438697318008,0.1332653909921646,0.5425646551724138,18.947557471264368,47.377873563218394
kolkata_ssp585_near_2030s_heatwave_extreme_2032,Kolkata,ssp585,near_2030s,heatwave_extreme,2032,EQ-Max,108.0,1.08,1.7182130584192439,16704,0.3033984303474426,0.1316996067762375,0.33639755249023434,14.28999042145594,0.20739980041980743,0.5213801860809326,33.45306513409962,0.17775580286979675,1.974676724137931,77.08931992337165,0.32926245210727967
kolkata_ssp585_near_2030s_heatwave_extreme_2032,Kolkata,ssp585,near_2030s,heatwave_extreme,2032,COMP-Hi,110.0,1.1,1.7182130584192439,16704,0.21372544765472412,0.09811123460531235,0.25201615840196606,8.746408045977011,0.15236955881118774,0.36747267842292786,28.36446360153257,0.12879006564617157,1.5881226053639848,36.74568965517241,4.909003831417625
kolkata_ssp585_near_2030s_heatwave_extreme_2032,Kolkata,ssp585,near_2030s,heatwave_extreme,2032,LEGACY,120.0,1.2,1.7182130584192439,16704,0.2362287938594818,0.12331191450357437,0.27862794250249834,11.649904214559387,0.18419161438941956,0.375043660402298,35.745929118773944,0.15936358273029327,1.938757183908046,50.730363984674334,4.9928160919540225
kolkata_ssp585_near_2030s_hot_2030,Kolkata,ssp585,near_2030s,hot,2030,COMP-Lo,90.0,0.9,1.7182130584192439,16704,0.04985438287258148,0.09085015207529068,0.1567787565290928,0.37116858237547895,0.1271609514951706,0.25525641441345215,7.022270114942529,0.11233771592378616,0.17409003831417624,33.58477011494253,3.34051724137931
kolkata_ssp585_near_2030s_hot_2030,Kolkata,ssp585,near_2030s,hot,2030,S-real,93.2,0.932,1.7182130584192439,16704,0.05907110497355461,0.0884113758802414,0.15196958780288694,0.28735632183908044,0.12576189637184143,0.25144603848457336,6.710967432950192,0.11023237556219101,0.15828544061302682,33.189655172413794,3.2447318007662838
kolkata_ssp585_near_2030s_hot_2030,Kolkata,ssp585,near_2030s,hot,2030,COMP-Med,100.0,1.0,1.7182130584192439,16704,0.0035382385831326246,0.11707770079374313,0.19072608053684223,3.8194444444444446,0.1613287329673767,0.3021327257156372,21.767241379310345,0.1429378092288971,0.6745090996168582,26.861829501915707,35.82974137931034
kolkata_ssp585_near_2030s_hot_2030,Kolkata,ssp585,near_2030s,hot,2030,EQ-Max,108.0,1.08,1.7182130584192439,16704,0.3559862971305847,0.14600509405136108,0.3587200358510017,18.666187739463602,0.24352343380451202,0.5213801860809326,44.55818965517241,0.20536337792873383,2.6724137931034484,84.92576628352491,0.2514367816091954
kolkata_ssp585_near_2030s_hot_2030,Kolkata,ssp585,near_2030s,hot,2030,COMP-Hi,110.0,1.1,1.7182130584192439,16704,0.2636736035346985,0.10900226980447769,0.2705650910735129,11.524185823754788,0.18091748654842377,0.3811948001384735,39.888649425287355,0.14921635389328003,2.1103328544061304,48.940373563218394,3.011254789272031
kolkata_ssp585_near_2030s_hot_2030,Kolkata,ssp585,near_2030s,hot,2030,LEGACY,120.0,1.2,1.7182130584192439,16704,0.27727559208869934,0.13270801305770874,0.28299804776906945,14.906609195402298,0.21076740324497223,0.3796754777431488,47.12045019157088,0.17809134721755981,2.5668103448275863,61.42840038314177,3.5021551724137927
kolkata_ssp585_near_2030s_typical_2038,Kolkata,ssp585,near_2030s,typical,2038,COMP-Lo,90.0,0.9,1.7182130584192439,16704,0.029274484142661095,0.08666327595710754,0.14406257942318917,1.8259099616858239,0.11586663872003555,0.2030697911977768,5.142480842911877,0.10369647294282913,0.21827107279693486,22.58740421455939,4.250478927203065
kolkata_ssp585_near_2030s_typical_2038,Kolkata,ssp585,near_2030s,typical,2038,S-real,93.2,0.932,1.7182130584192439,16704,0.032905109226703644,0.08442854136228561,0.1403340496122836,1.658285440613027,0.11428757756948471,0.20573021471500397,5.381944444444445,0.10184817016124725,0.19288793103448276,21.952825670498086,3.490181992337165
kolkata_ssp585_near_2030s_typical_2038,Kolkata,ssp585,near_2030s,typical,2038,COMP-Med,100.0,1.0,1.7182130584192439,16704,-0.03351059928536415,0.1141287311911583,0.17641379088163373,4.124760536398467,0.14857695996761322,0.29288437962532043,15.343630268199234,0.13450108468532562,0.6463721264367817,17.893917624521073,45.83931992337165
kolkata_ssp585_near_2030s_typical_2038,Kolkata,ssp585,near_2030s,typical,2038,EQ-Max,108.0,1.08,1.7182130584192439,16704,0.30483105778694153,0.13058167695999146,0.3272360235452649,12.883141762452107,0.2084175944328308,0.5213801860809326,33.004070881226056,0.17651811242103577,1.8436901340996168,78.43031609195403,0.35919540229885055
kolkata_ssp585_near_2030s_typical_2038,Kolkata,ssp585,near_2030s,typical,2038,COMP-Hi,110.0,1.1,1.7182130584192439,16704,0.21467486023902893,0.09789440035820007,0.24818762615323042,7.692768199233717,0.1535235345363617,0.37082353234291077,27.52035440613027,0.12814688682556152,1.467492816091954,36.82950191570881,5.70522030651341
kolkata_ssp585_near_2030s_typical_2038,Kolkata,ssp585,near_2030s,typical,2038,LEGACY,120.0,1.2,1.7182130584192439,16704,0.2381010204553604,0.12131357192993164,0.265153557062149,9.656369731800767,0.18435540795326233,0.3811948001384735,35.1352969348659,0.15691174566745758,1.7929238505747127,51.67624521072797,6.016522988505748
phoenix_ssp245_baseline_2020s_heatwave_extreme_2025,Phoenix,ssp245,baseline_2020s,heatwave_extreme,2025,COMP-Lo,90.0,0.9,1.7182130584192439,16704,0.10028078407049179,0.10609854757785797,0.1452512077987194,0.19157088122605362,0.15491454303264618,0.2975656986236572,10.40469348659004,0.13637501001358032,0.21557710727969348,61.50622605363984,12.110871647509578
phoenix_ssp245_baseline_2020s_heatwave_extreme_2025,Phoenix,ssp245,baseline_2020s,heatwave_extreme,2025,S-real,93.2,0.932,1.7182130584192439,16704,0.10088846832513809,0.1088929995894432,0.14893192797899246,0.35919540229885055,0.16142119467258453,0.305943101644516,12.883141762452107,0.14166343212127686,0.28508141762452105,65.21192528735632,11.182950191570882
phoenix_ssp245_baseline_2020s_heatwave_extreme_2025,Phoenix,ssp245,baseline_2020s,heatwave_extreme,2025,COMP-Med,100.0,1.0,1.7182130584192439,16704,0.062354691326618195,0.14047430455684662,0.1940997883677482,3.771551724137931,0.20113570988178253,0.375043660402298,38.76317049808429,0.17834630608558655,1.1695402298850575,53.80747126436781,22.737068965517242
phoenix_ssp245_baseline_2020s_heatwave_extreme_2025,Phoenix,ssp245,baseline_2020s,heatwave_extreme,2025,EQ-Max,108.0,1.08,1.7182130584192439,16704,0.3882827162742615,0.1612965166568756,0.27258552610874165,15.229885057471265,0.28393644094467163,0.6120593547821045,56.95043103448276,0.23805806040763855,2.217432950191571,93.54645593869732,0.49090038314176243
phoenix_ssp245_baseline_2020s_heatwave_extreme_2025,Phoenix,ssp245,baseline_2020s,heatwave_extreme,2025,COMP-Hi,110.0,1.1,1.7182130584192439,16704,0.23276583850383759,0.1114424392580986,0.2052462778985498,5.37595785440613,0.20664364099502563,0.4334033727645874,38.0926724137931,0.16943056881427765,1.3643438697318007,72.59937739463601,2.9693486590038316
phoenix_ssp245_baseline_2020s_heatwave_extreme_2025,Phoenix,ssp245,baseline_2020s,heatwave_extreme,2025,LEGACY,120.0,1.2,1.7182130584192439,16704,0.2523626387119293,0.14180396497249603,0.2391517430543899,9.26125478927203,0.2435809075832367,0.4334033727645874,49.808429118773944,0.2078741043806076,1.856860632183908,73.64104406130268,4.17265325670498
phoenix_ssp245_baseline_2020s_hot_2028,Phoenix,ssp245,baseline_2020s,hot,2028,COMP-Lo,90.0,0.9,1.7182130584192439,16704,0.09451081603765488,0.10570065677165985,0.14824928492307657,0.6704980842911877,0.15479394793510437,0.305943101644516,11.877394636015326,0.13575418293476105,0.2749640804597701,57.08812260536399,11.398467432950191
phoenix_ssp245_baseline_2020s_hot_2028,Phoenix,ssp245,baseline_2020s,hot,2028,S-real,93.2,0.932,1.7182130584192439,16704,0.09715915471315384,0.10835284739732742,0.15141885578632353,0.8560823754789272,0.16125299036502838,0.3101632297039032,14.056513409961685,0.14084768295288086,0.34650383141762453,61.853448275862064,10.548371647509578
phoenix_ssp245_baseline_2020s_hot_2028,Phoenix,ssp245,baseline_2020s,hot,2028,COMP-Med,100.0,1.0,1.7182130584192439,16704,0.049423977732658386,0.14060762524604797,0.19928236603736876,4.873084291187739,0.20069846510887146,0.3775457739830017,33.66858237547893,0.17820559442043304,1.1135057471264367,47.73108237547893,22.312021072796934
phoenix_ssp245_baseline_2020s_hot_2028,Phoenix,ssp245,baseline_2020s,hot,2028,EQ-Max,108.0,1.08,1.7182130584192439,16704,0.3965420424938202,0.1623014360666275,0.28231700211763355,15.708812260536398,0.28742751479148865,0.6166507601737976,55.950670498084285,0.24112063646316528,2.220905172413793,94.48635057471265,0.38314176245210724
phoenix_ssp245_baseline_2020s_hot_2028,Phoenix,ssp245,baseline_2020s,hot,2028,COMP-Hi,110.0,1.1,1.7182130584192439,16704,0.2424360066652298,0.11272330582141876,0.2302768945693969,7.106082375478927,0.20830972492694855,0.5213801860809326,37.446120689655174,0.17160415649414062,1.4523467432950192,70.43223180076629,2.286877394636015
phoenix_ssp245_baseline_2020s_hot_2028,Phoenix,ssp245,baseline_2020s,hot,2028,LEGACY,120.0,1.2,1.7182130584192439,16704,0.26508045196533203,0.14272558689117432,0.2701915591955184,10.787835249042145,0.243770569562912,0.44074803590774536,47.150383141762454,0.2078433632850647,1.932411398467433,74.04813218390804,3.0292145593869733
phoenix_ssp245_baseline_2020s_typical_2026,Phoenix,ssp245,baseline_2020s,typical,2026,COMP-Lo,90.0,0.9,1.7182130584192439,16704,0.09815241396427155,0.1048763319849968,0.14533141255378723,0.47294061302681994,0.15334095060825348,0.2975656986236572,10.68007662835249,0.13542446494102478,0.2377873563218391,58.471024904214566,12.24257662835249
phoenix_ssp245_baseline_2020s_typical_2026,Phoenix,ssp245,baseline_2020s,typical,2026,S-real,93.2,0.932,1.7182130584192439,16704,0.10061534494161606,0.10755573958158493,0.14872563779354092,0.6046455938697318,0.15894605219364166,0.305943101644516,12.835249042145595,0.13998794555664062,0.30453783524904215,62.46408045977011,11.045258620689655
phoenix_ssp245_baseline_2020s_typical_2026,Phoenix,ssp245,baseline_2020s,typical,2026,COMP-Med,100.0,1.0,1.7182130584192439,16704,0.05689496546983719,0.13930413126945496,0.18937628641724583,3.0830938697318007,0.19788798689842224,0.367013156414032,35.63218390804598,0.1762317717075348,1.069683908045977,49.24568965517241,22.93462643678161
phoenix_ssp245_baseline_2020s_typical_2026,Phoenix,ssp245,baseline_2020s,typical,2026,EQ-Max,108.0,1.08,1.7182130584192439,16704,0.3927643299102783,0.15997515618801117,0.2612251788377755,14.655172413793101,0.28220757842063904,0.5297576189041138,56.25,0.237859308719635,2.0801604406130267,93.28903256704982,0.2753831417624521
phoenix_ssp245_baseline_2020s_typical_2026,Phoenix,ssp245,baseline_2020s,typical,2026,COMP-Hi,110.0,1.1,1.7182130584192439,16704,0.23493923246860504,0.10935544967651367,0.1922403097152709,4.633620689655173,0.20551230013370514,0.4318728446960449,38.60751915708812,0.16957899928092957,1.3036997126436782,71.15062260536399,2.58022030651341
phoenix_ssp245_baseline_2020s_typical_2026,Phoenix,ssp245,baseline_2020s,typical,2026,LEGACY,120.0,1.2,1.7182130584192439,16704,0.25882017612457275,0.1381809264421463,0.23348847031593312,7.932231800766283,0.24145515263080597,0.4372137486934662,48.68893678160919,0.207095205783844,1.7892121647509578,73.51532567049809,3.603927203065134
phoenix_ssp245_late_2080s_heatwave_extreme_2086,Phoenix,ssp245,late_2080s,heatwave_extreme,2086,COMP-Lo,90.0,0.9,1.7182130584192439,16704,0.12713198363780975,0.11844565719366074,0.20180719122290594,5.172413793103448,0.18222340941429138,0.3811948001384735,21.08477011494253,0.15834930539131165,0.7655651340996169,57.62691570881226,11.548132183908045
phoenix_ssp245_late_2080s_heatwave_extreme_2086,Phoenix,ssp245,late_2080s,heatwave_extreme,2086,S-real,93.2,0.932,1.7182130584192439,16704,0.1327274739742279,0.12057577818632126,0.208146746456623,5.771072796934866,0.18962734937667847,0.4198947250843048,24.922174329501914,0.1637413054704666,0.9086446360153256,62.775383141762454,10.237068965517242
phoenix_ssp245_late_2080s_heatwave_extreme_2086,Phoenix,ssp245,late_2080s,heatwave_extreme,2086,COMP-Med,100.0,1.0,1.7182130584192439,16704,0.0894247442483902,0.15696944296360016,0.26688626110553737,14.583333333333334,0.2362719476222992,0.45131731033325195,51.26915708812261,0.2061704844236374,2.2758620689655173,49.86230842911878,21.156609195402297
phoenix_ssp245_late_2080s_heatwave_extreme_2086,Phoenix,ssp245,late_2080s,heatwave_extreme,2086,EQ-Max,108.0,1.08,1.7182130584192439,16704,0.4589388966560364,0.19013527035713196,0.40672264546155906,28.0830938697318,0.3444592356681824,0.628724217414856,64.85272988505747,0.29215776920318604,3.45731561302682,95.09099616858238,0.54477969348659
phoenix_ssp245_late_2080s_heatwave_extreme_2086,Phoenix,ssp245,late_2080s,heatwave_extreme,2086,COMP-Hi,110.0,1.1,1.7182130584192439,16704,0.31522250175476074,0.1401408165693283,0.3436726912856101,16.439176245210728,0.2648386061191559,0.6120837330818176,53.304597701149426,0.22121275961399078,2.8406369731800765,73.77274904214559,2.9454022988505746
phoenix_ssp245_late_2080s_heatwave_extreme_2086,Phoenix,ssp245,late_2080s,heatwave_extreme,2086,LEGACY,120.0,1.2,1.7182130584192439,16704,0.3200547397136688,0.16921347379684448,0.36335628926754,22.012691570881227,0.2909012734889984,0.5332918763160706,60.763888888888886,0.2520071566104889,3.3571599616858236,76.59841954022988,3.8613505747126435
phoenix_ssp245_late_2080s_hot_2086,Phoenix,ssp245,late_2080s,hot,2086,COMP-Lo,90.0,0.9,1.7182130584192439,16704,0.12713198363780975,0.11844565719366074,0.20180719122290594,5.172413793103448,0.18222340941429138,0.3811948001384735,21.08477011494253,0.15834930539131165,0.7655651340996169,57.62691570881226,11.548132183908045
phoenix_ssp245_late_2080s_hot_2086,Phoenix,ssp245,late_2080s,hot,2086,S-real,93.2,0.932,1.7182130584192439,16704,0.1327274739742279,0.12057577818632126,0.208146746456623,5.771072796934866,0.18962734937667847,0.4198947250843048,24.922174329501914,0.1637413054704666,0.9086446360153256,62.775383141762454,10.237068965517242
phoenix_ssp245_late_2080s_hot_2086,Phoenix,ssp245,late_2080s,hot,2086,COMP-Med,100.0,1.0,1.7182130584192439,16704,0.0894247442483902,0.15696944296360016,0.26688626110553737,14.583333333333334,0.2362719476222992,0.45131731033325195,51.26915708812261,0.2061704844236374,2.2758620689655173,49.86230842911878,21.156609195402297
phoenix_ssp245_late_2080s_hot_2086,Phoenix,ssp245,late_2080s,hot,2086,EQ-Max,108.0,1.08,1.7182130584192439,16704,0.4589388966560364,0.19013527035713196,0.40672264546155906,28.0830938697318,0.3444592356681824,0.628724217414856,64.85272988505747,0.29215776920318604,3.45731561302682,95.09099616858238,0.54477969348659
phoenix_ssp245_late_2080s_hot_2086,Phoenix,ssp245,late_2080s,hot,2086,COMP-Hi,110.0,1.1,1.7182130584192439,16704,0.31522250175476074,0.1401408165693283,0.3436726912856101,16.439176245210728,0.2648386061191559,0.6120837330818176,53.304597701149426,0.22121275961399078,2.8406369731800765,73.77274904214559,2.9454022988505746
phoenix_ssp245_late_2080s_hot_2086,Phoenix,ssp245,late_2080s,hot,2086,LEGACY,120.0,1.2,1.7182130584192439,16704,0.3200547397136688,0.16921347379684448,0.36335628926754,22.012691570881227,0.2909012734889984,0.5332918763160706,60.763888888888886,0.2520071566104889,3.3571599616858236,76.59841954022988,3.8613505747126435
phoenix_ssp245_late_2080s_typical_2081,Phoenix,ssp245,late_2080s,typical,2081,COMP-Lo,90.0,0.9,1.7182130584192439,16704,0.1282098889350891,0.11393032222986221,0.1937845177948472,4.555795019157088,0.16912715137004852,0.375043660402298,15.732758620689655,0.14830002188682556,0.6437380268199234,64.17025862068965,11.027298850574713
phoenix_ssp245_late_2080s_typical_2081,Phoenix,ssp245,late_2080s,typical,2081,S-real,93.2,0.932,1.7182130584192439,16704,0.1318202167749405,0.1163891926407814,0.19825658276677124,4.8790708812260535,0.1754828840494156,0.3811948001384735,18.7919061302682,0.15358635783195496,0.7173730842911877,68.85177203065133,9.800047892720306
phoenix_ssp245_late_2080s_typical_2081,Phoenix,ssp245,late_2080s,typical,2081,COMP-Med,100.0,1.0,1.7182130584192439,16704,0.09878486394882202,0.15028910338878632,0.25455396026372906,11.679837164750957,0.21819479763507843,0.4334033727645874,40.06226053639847,0.19301338493824005,1.8295019157088122,53.49616858237548,18.56441570881226
phoenix_ssp245_late_2080s_typical_2081,Phoenix,ssp245,late_2080s,typical,2081,EQ-Max,108.0,1.08,1.7182130584192439,16704,0.44244489073753357,0.18255053460597992,0.3824327021837233,22.599377394636015,0.3152622580528259,0.624157190322876,59.03376436781609,0.26668158173561096,2.9807231800766285,94.28280651340997,0.40110153256704983
phoenix_ssp245_late_2080s_typical_2081,Phoenix,ssp245,late_2080s,typical,2081,COMP-Hi,110.0,1.1,1.7182130584192439,16704,0.2871352434158325,0.130238875746727,0.3343226402997966,13.056752873563218,0.23195777833461761,0.6120593547821045,42.31321839080459,0.1945599466562271,2.2944803639846745,72.7610153256705,2.586206896551724
phoenix_ssp245_late_2080s_typical_2081,Phoenix,ssp245,late_2080s,typical,2081,LEGACY,120.0,1.2,1.7182130584192439,16704,0.3019825518131256,0.161680668592453,0.36018602401018135,17.45689655172414,0.26650354266166687,0.5327616930007935,52.26293103448276,0.2306380718946457,2.7422772988505746,75.78424329501917,3.9750957854406135
phoenix_ssp245_mid_2050s_heatwave_extreme_2051,Phoenix,ssp245,mid_2050s,heatwave_extreme,2051,COMP-Lo,90.0,0.9,1.7182130584192439,16704,0.12397925555706024,0.11404099315404892,0.19364202469587316,4.388170498084292,0.17020650207996368,0.375043660402298,16.624760536398465,0.14843016862869263,0.6052442528735632,64.20019157088123,9.752155172413794
phoenix_ssp245_mid_2050s_heatwave_extreme_2051,Phoenix,ssp245,mid_2050s,heatwave_extreme,2051,S-real,93.2,0.932,1.7182130584192439,16704,0.1283044070005417,0.11639692634344101,0.1968724891543388,4.753352490421456,0.17694757878780365,0.3811948001384735,18.474616858237546,0.15341676771640778,0.6780411877394636,68.95354406130268,8.620689655172415
phoenix_ssp245_mid_2050s_heatwave_extreme_2051,Phoenix,ssp245,mid_2050s,heatwave_extreme,2051,COMP-Med,100.0,1.0,1.7182130584192439,16704,0.09384588897228241,0.14826591312885284,0.24931104928255077,10.368773946360154,0.21659882366657257,0.4334033727645874,39.26604406130268,0.19052191078662872,1.6565493295019158,53.44827586206896,17.58860153256705
phoenix_ssp245_mid_2050s_heatwave_extreme_2051,Phoenix,ssp245,mid_2050s,heatwave_extreme,2051,EQ-Max,108.0,1.08,1.7182130584192439,16704,0.4406034052371979,0.18173480033874512,0.3810543835163116,23.09626436781609,0.31440237164497375,0.624157190322876,60.01556513409961,0.2659795582294464,3.004609674329502,95.05507662835248,0.5806992337164751
phoenix_ssp245_mid_2050s_heatwave_extreme_2051,Phoenix,ssp245,mid_2050s,heatwave_extreme,2051,COMP-Hi,110.0,1.1,1.7182130584192439,16704,0.2867636978626251,0.12950289249420166,0.3259216517210006,13.026819923371647,0.23417726159095764,0.6120593547821045,43.18127394636016,0.19394926726818085,2.241558908045977,75.83213601532567,3.035201149425287
phoenix_ssp245_mid_2050s_heatwave_extreme_2051,Phoenix,ssp245,mid_2050s,heatwave_extreme,2051,LEGACY,120.0,1.2,1.7182130584192439,16704,0.29790958762168884,0.16031141579151154,0.350831638276577,17.750239463601535,0.2668156027793884,0.5327616930007935,52.63409961685823,0.22905519604682922,2.731022509578544,77.29286398467433,4.238505747126436
phoenix_ssp245_mid_2050s_hot_2058,Phoenix,ssp245,mid_2050s,hot,2058,COMP-Lo,90.0,0.9,1.7182130584192439,16704,0.1405269354581833,0.11519977450370789,0.18727851957082747,3.5919540229885056,0.17376019060611725,0.37082353234291077,18.672174329501914,0.15160465240478516,0.6269755747126436,67.50478927203065,8.016044061302683
phoenix_ssp245_mid_2050s_hot_2058,Phoenix,ssp245,mid_2050s,hot,2058,S-real,93.2,0.932,1.7182130584192439,16704,0.14662431180477142,0.11837895959615707,0.19234853163361545,4.21455938697318,0.18196803331375122,0.3811948001384735,22.407806513409962,0.1580343395471573,0.7711925287356322,71.72533524904215,7.207854406130268
phoenix_ssp245_mid_2050s_hot_2058,Phoenix,ssp245,mid_2050s,hot,2058,COMP-Med,100.0,1.0,1.7182130584192439,16704,0.12308614701032639,0.15298740565776825,0.24941462948918333,13.649425287356323,0.22622160613536835,0.4318728446960449,43.4087643678161,0.1993158757686615,2.0301724137931036,56.97437739463601,15.104166666666666
phoenix_ssp245_mid_2050s_hot_2058,Phoenix,ssp245,mid_2050s,hot,2058,EQ-Max,108.0,1.08,1.7182130584192439,16704,0.469053715467453,0.18875978887081146,0.38120612353086436,26.5625,0.33162400126457214,0.624157190322876,64.4396551724138,0.28227195143699646,3.386015325670498,96.28232758620689,0.3172892720306513
phoenix_ssp245_mid_2050s_hot_2058,Phoenix,ssp245,mid_2050s,hot,2058,COMP-Hi,110.0,1.1,1.7182130584192439,16704,0.3134724199771881,0.1348980963230133,0.31732265949249244,15.642959770114942,0.24615587294101715,0.5364798307418823,45.144875478927204,0.20668087899684906,2.413793103448276,76.27514367816092,2.1611590038314175
phoenix_ssp245_mid_2050s_hot_2058,Phoenix,ssp245,mid_2050s,hot,2058,LEGACY,120.0,1.2,1.7182130584192439,16704,0.3335039019584656,0.1692754328250885,0.34339869767427444,21.42001915708812,0.2804611325263977,0.5297576189041138,56.32183908045977,0.2433643639087677,3.062919061302682,81.44755747126436,2.9274425287356323
phoenix_ssp245_mid_2050s_typical_2054,Phoenix,ssp245,mid_2050s,typical,2054,COMP-Lo,90.0,0.9,1.7182130584192439,16704,0.1184389665722847,0.11188550293445587,0.16491425782442093,2.041427203065134,0.16400794684886932,0.3624460995197296,13.73323754789272,0.14376497268676758,0.39924568965517243,63.9786877394636,11.566091954022989
phoenix_ssp245_mid_2050s_typical_2054,Phoenix,ssp245,mid_2050s,typical,2054,S-real,93.2,0.932,1.7182130584192439,16704,0.12175217270851135,0.11439035087823868,0.1686519585549831,2.376676245210728,0.17087672650814056,0.3654826581478119,16.80435823754789,0.14903514087200165,0.4904214559386973,68.01364942528735,10.518438697318008
phoenix_ssp245_mid_2050s_typical_2054,Phoenix,ssp245,mid_2050s,typical,2054,COMP-Med,100.0,1.0,1.7182130584192439,16704,0.08578065782785416,0.14714784920215607,0.2218489266932008,8.14176245210728,0.21190425753593445,0.4229312539100647,39.547413793103445,0.18727253377437592,1.535081417624521,54.950909961685824,19.62404214559387
phoenix_ssp245_mid_2050s_typical_2054,Phoenix,ssp245,mid_2050s,typical,2054,EQ-Max,108.0,1.08,1.7182130584192439,16704,0.4316723942756653,0.17634381353855133,0.33486299812793724,22.06058429118774,0.30854329466819763,0.624157190322876,59.95569923371647,0.2608800232410431,2.708572796934866,94.31872605363985,0.6046455938697318
phoenix_ssp245_mid_2050s_typical_2054,Phoenix,ssp245,mid_2050s,typical,2054,COMP-Hi,110.0,1.1,1.7182130584192439,16704,0.273031085729599,0.12407377362251282,0.2814750626683235,10.40469348659004,0.2260364145040512,0.5213801860809326,42.05579501915709,0.18809467554092407,1.9617456896551724,74.82040229885058,3.59794061302682
phoenix_ssp245_mid_2050s_typical_2054,Phoenix,ssp245,mid_2050s,typical,2054,LEGACY,120.0,1.2,1.7182130584192439,16704,0.2935888171195984,0.15596355497837067,0.3126028716564178,14.056513409961685,0.26220378279685974,0.5297576189041138,52.969348659003835,0.22686448693275452,2.4415708812260535,77.45450191570882,4.238505747126436
phoenix_ssp245_near_2030s_heatwave_extreme_2039,Phoenix,ssp245,near_2030s,heatwave_extreme,2039,COMP-Lo,90.0,0.9,1.7182130584192439,16704,0.12141551077365875,0.11376697570085526,0.17657094821333882,2.6340996168582373,0.16783078014850616,0.367013156414032,16.660680076628353,0.14743733406066895,0.5083812260536399,61.64990421455939,11.278735632183908
phoenix_ssp245_near_2030s_heatwave_extreme_2039,Phoenix,ssp245,near_2030s,heatwave_extreme,2039,S-real,93.2,0.932,1.7182130584192439,16704,0.12589478492736816,0.11632996797561646,0.181928989291191,3.2207854406130267,0.17526909708976746,0.367013156414032,19.26484674329502,0.15312041342258453,0.6289511494252874,66.61877394636015,10.015565134099617
phoenix_ssp245_near_2030s_heatwave_extreme_2039,Phoenix,ssp245,near_2030s,heatwave_extreme,2039,COMP-Med,100.0,1.0,1.7182130584192439,16704,0.08835646510124207,0.14965061843395233,0.2360024854540824,11.422413793103448,0.21671196818351746,0.4244617521762848,41.74449233716475,0.19226016104221344,1.829382183908046,52.74185823754789,18.46264367816092
phoenix_ssp245_near_2030s_heatwave_extreme_2039,Phoenix,ssp245,near_2030s,heatwave_extreme,2039,EQ-Max,108.0,1.08,1.7182130584192439,16704,0.439144492149353,0.18155784904956818,0.35801862180232985,25.544779693486593,0.31885474920272827,0.624157190322876,59.644396551724135,0.2709594666957855,2.9689295977011496,94.79765325670499,0.5387931034482759
phoenix_ssp245_near_2030s_heatwave_extreme_2039,Phoenix,ssp245,near_2030s,heatwave_extreme,2039,COMP-Hi,110.0,1.1,1.7182130584192439,16704,0.2813929319381714,0.12864701449871063,0.2937074095010757,12.571839080459771,0.23474039137363434,0.5243842601776123,44.10320881226053,0.1962333768606186,2.1190134099616857,71.85704022988506,3.8613505747126435
phoenix_ssp245_near_2030s_heatwave_extreme_2039,Phoenix,ssp245,near_2030s,heatwave_extreme,2039,LEGACY,120.0,1.2,1.7182130584192439,16704,0.2971920967102051,0.16177670657634735,0.32470228523015976,18.887691570881227,0.2685964107513428,0.5297576189041138,54.483955938697314,0.23235009610652924,2.7704142720306515,74.2816091954023,4.825191570881226
phoenix_ssp245_near_2030s_hot_2039,Phoenix,ssp245,near_2030s,hot,2039,COMP-Lo,90.0,0.9,1.7182130584192439,16704,0.12141551077365875,0.11376697570085526,0.17657094821333882,2.6340996168582373,0.16783078014850616,0.367013156414032,16.660680076628353,0.14743733406066895,0.5083812260536399,61.64990421455939,11.278735632183908
phoenix_ssp245_near_2030s_hot_2039,Phoenix,ssp245,near_2030s,hot,2039,S-real,93.2,0.932,1.7182130584192439,16704,0.12589478492736816,0.11632996797561646,0.181928989291191,3.2207854406130267,0.17526909708976746,0.367013156414032,19.26484674329502,0.15312041342258453,0.6289511494252874,66.61877394636015,10.015565134099617
phoenix_ssp245_near_2030s_hot_2039,Phoenix,ssp245,near_2030s,hot,2039,COMP-Med,100.0,1.0,1.7182130584192439,16704,0.08835646510124207,0.14965061843395233,0.2360024854540824,11.422413793103448,0.21671196818351746,0.4244617521762848,41.74449233716475,0.19226016104221344,1.829382183908046,52.74185823754789,18.46264367816092
phoenix_ssp245_near_2030s_hot_2039,Phoenix,ssp245,near_2030s,hot,2039,EQ-Max,108.0,1.08,1.7182130584192439,16704,0.439144492149353,0.18155784904956818,0.35801862180232985,25.544779693486593,0.31885474920272827,0.624157190322876,59.644396551724135,0.2709594666957855,2.9689295977011496,94.79765325670499,0.5387931034482759
phoenix_ssp245_near_2030s_hot_2039,Phoenix,ssp245,near_2030s,hot,2039,COMP-Hi,110.0,1.1,1.7182130584192439,16704,0.2813929319381714,0.12864701449871063,0.2937074095010757,12.571839080459771,0.23474039137363434,0.5243842601776123,44.10320881226053,0.1962333768606186,2.1190134099616857,71.85704022988506,3.8613505747126435
phoenix_ssp245_near_2030s_hot_2039,Phoenix,ssp245,near_2030s,hot,2039,LEGACY,120.0,1.2,1.7182130584192439,16704,0.2971920967102051,0.16177670657634735,0.32470228523015976,18.887691570881227,0.2685964107513428,0.5297576189041138,54.483955938697314,0.23235009610652924,2.7704142720306515,74.2816091954023,4.825191570881226
phoenix_ssp245_near_2030s_typical_2034,Phoenix,ssp245,near_2030s,typical,2034,COMP-Lo,90.0,0.9,1.7182130584192439,16704,0.1116747185587883,0.1092996820807457,0.15169232636690128,1.0835727969348659,0.16173020005226135,0.3104801580309862,13.463840996168583,0.14194431900978088,0.3327945402298851,62.5,12.416187739463602
phoenix_ssp245_near_2030s_typical_2034,Phoenix,ssp245,near_2030s,typical,2034,S-real,93.2,0.932,1.7182130584192439,16704,0.11434346437454224,0.1121557354927063,0.1571837320923805,1.4068486590038316,0.16872602701187134,0.31266534328460693,16.24161877394636,0.1475650817155838,0.42768199233716475,65.78663793103449,11.548132183908045
phoenix_ssp245_near_2030s_typical_2034,Phoenix,ssp245,near_2030s,typical,2034,COMP-Med,100.0,1.0,1.7182130584192439,16704,0.08085004985332489,0.14444316923618317,0.20627189427614212,6.0584291187739465,0.20993314683437347,0.3775457739830017,41.83429118773947,0.18597069382667542,1.4718630268199233,53.99904214559387,21.132662835249043
phoenix_ssp245_near_2030s_typical_2034,Phoenix,ssp245,near_2030s,typical,2034,EQ-Max,108.0,1.08,1.7182130584192439,16704,0.4140900671482086,0.16942539811134338,0.29542009383440015,20.324473180076627,0.3020573556423187,0.6241328120231628,58.93797892720306,0.25542062520980835,2.4327705938697317,93.91163793103449,0.38314176245210724
phoenix_ssp245_near_2030s_typical_2034,Phoenix,ssp245,near_2030s,typical,2034,COMP-Hi,110.0,1.1,1.7182130584192439,16704,0.2578924298286438,0.11822289973497391,0.24051507040858228,7.590996168582375,0.2223789244890213,0.5213801860809326,41.81633141762452,0.18466432392597198,1.6649904214559388,74.43726053639847,3.765565134099617
phoenix_ssp245_near_2030s_typical_2034,Phoenix,ssp245,near_2030s,typical,2034,LEGACY,120.0,1.2,1.7182130584192439,16704,0.2786657512187958,0.14976376295089722,0.2764823585748672,13.116618773946358,0.25680291652679443,0.44393599033355713,51.50263409961686,0.22236792743206024,2.1392480842911876,77.32878352490421,4.819204980842912
phoenix_ssp585_baseline_2020s_heatwave_extreme_2025,Phoenix,ssp585,baseline_2020s,heatwave_extreme,2025,COMP-Lo,90.0,0.9,1.7182130584192439,16704,0.10493465512990952,0.11035580188035965,0.16437033861875533,1.8797892720306513,0.1622234433889389,0.32677868008613586,14.27801724137931,0.14181844890117645,0.4119971264367816,57.992097701149426,11.81154214559387
phoenix_ssp585_baseline_2020s_heatwave_extreme_2025,Phoenix,ssp585,baseline_2020s,heatwave_extreme,2025,S-real,93.2,0.932,1.7182130584192439,16704,0.10681776702404022,0.11266430467367172,0.1716618970036505,2.256944444444444,0.16902773082256317,0.3624460995197296,17.41499042145594,0.14717304706573486,0.5274784482758621,63.008860153256705,10.49449233716475
phoenix_ssp585_baseline_2020s_heatwave_extreme_2025,Phoenix,ssp585,baseline_2020s,heatwave_extreme,2025,COMP-Med,100.0,1.0,1.7182130584192439,16704,0.06401746720075607,0.1469138115644455,0.2216219842433929,8.363266283524904,0.21144628524780273,0.3857618570327759,39.98443486590038,0.1871536523103714,1.575191570881226,49.34746168582376,22.755028735632184
phoenix_ssp585_baseline_2020s_heatwave_extreme_2025,Phoenix,ssp585,baseline_2020s,heatwave_extreme,2025,EQ-Max,108.0,1.08,1.7182130584192439,16704,0.41249367594718933,0.17247413098812103,0.33538043797016137,20.56992337164751,0.3051910698413849,0.624157190322876,59.27921455938697,0.2559293508529663,2.726712164750958,93.77394636015326,0.26340996168582376
phoenix_ssp585_baseline_2020s_heatwave_extreme_2025,Phoenix,ssp585,baseline_2020s,heatwave_extreme,2025,COMP-Hi,110.0,1.1,1.7182130584192439,16704,0.25997549295425415,0.12265529483556747,0.2751664042472837,10.632183908045976,0.22300469875335693,0.5213801860809326,42.349137931034484,0.1846386194229126,1.9190613026819923,71.00694444444444,3.2387452107279695
phoenix_ssp585_baseline_2020s_heatwave_extreme_2025,Phoenix,ssp585,baseline_2020s,heatwave_extreme,2025,LEGACY,120.0,1.2,1.7182130584192439,16704,0.27563485503196716,0.15427392721176147,0.3078511476516724,15.457375478927204,0.2593575119972229,0.5259472131729126,53.23275862068966,0.22227121889591217,2.501736111111111,73.88050766283524,4.61566091954023
phoenix_ssp585_baseline_2020s_hot_2025,Phoenix,ssp585,baseline_2020s,hot,2025,COMP-Lo,90.0,0.9,1.7182130584192439,16704,0.10493465512990952,0.11035580188035965,0.16437033861875533,1.8797892720306513,0.1622234433889389,0.32677868008613586,14.27801724137931,0.14181844890117645,0.4119971264367816,57.992097701149426,11.81154214559387
phoenix_ssp585_baseline_2020s_hot_2025,Phoenix,ssp585,baseline_2020s,hot,2025,S-real,93.2,0.932,1.7182130584192439,16704,0.10681776702404022,0.11266430467367172,0.1716618970036505,2.256944444444444,0.16902773082256317,0.3624460995197296,17.41499042145594,0.14717304706573486,0.5274784482758621,63.008860153256705,10.49449233716475
phoenix_ssp585_baseline_2020s_hot_2025,Phoenix,ssp585,baseline_2020s,hot,2025,COMP-Med,100.0,1.0,1.7182130584192439,16704,0.06401746720075607,0.1469138115644455,0.2216219842433929,8.363266283524904,0.21144628524780273,0.3857618570327759,39.98443486590038,0.1871536523103714,1.575191570881226,49.34746168582376,22.755028735632184
phoenix_ssp585_baseline_2020s_hot_2025,Phoenix,ssp585,baseline_2020s,hot,2025,EQ-Max,108.0,1.08,1.7182130584192439,16704,0.41249367594718933,0.17247413098812103,0.33538043797016137,20.56992337164751,0.3051910698413849,0.624157190322876,59.27921455938697,0.2559293508529663,2.726712164750958,93.77394636015326,0.26340996168582376
phoenix_ssp585_baseline_2020s_hot_2025,Phoenix,ssp585,baseline_2020s,hot,2025,COMP-Hi,110.0,1.1,1.7182130584192439,16704,0.25997549295425415,0.12265529483556747,0.2751664042472837,10.632183908045976,0.22300469875335693,0.5213801860809326,42.349137931034484,0.1846386194229126,1.9190613026819923,71.00694444444444,3.2387452107279695
phoenix_ssp585_baseline_2020s_hot_2025,Phoenix,ssp585,baseline_2020s,hot,2025,LEGACY,120.0,1.2,1.7182130584192439,16704,0.27563485503196716,0.15427392721176147,0.3078511476516724,15.457375478927204,0.2593575119972229,0.5259472131729126,53.23275862068966,0.22227121889591217,2.501736111111111,73.88050766283524,4.61566091954023
phoenix_ssp585_baseline_2020s_typical_2029,Phoenix,ssp585,baseline_2020s,typical,2029,COMP-Lo,90.0,0.9,1.7182130584192439,16704,0.11718646436929703,0.1103137880563736,0.16038044840097426,1.7899904214559386,0.16338300704956055,0.31266534328460693,13.882902298850574,0.1435110867023468,0.37883141762452105,64.17624521072797,12.541906130268199
phoenix_ssp585_baseline_2020s_typical_2029,Phoenix,ssp585,baseline_2020s,typical,2029,S-real,93.2,0.932,1.7182130584192439,16704,0.12091768532991409,0.11306840926408768,0.16533834859728808,1.969588122605364,0.16923192143440247,0.3260928690433502,16.056034482758623,0.14845962822437286,0.4474976053639847,67.92385057471265,11.386494252873563
phoenix_ssp585_baseline_2020s_typical_2029,Phoenix,ssp585,baseline_2020s,typical,2029,COMP-Med,100.0,1.0,1.7182130584192439,16704,0.08523373305797577,0.14433136582374573,0.21417656019330017,7.0761494252873565,0.20835410058498383,0.3857618570327759,41.52897509578544,0.18522922694683075,1.5226293103448276,56.423611111111114,20.288553639846743
phoenix_ssp585_baseline_2020s_typical_2029,Phoenix,ssp585,baseline_2020s,typical,2029,EQ-Max,108.0,1.08,1.7182130584192439,16704,0.42277470231056213,0.17301470041275024,0.3290750011801718,19.863505747126435,0.2996949851512909,0.6241328120231628,56.96240421455939,0.254376083612442,2.556633141762452,94.71982758620689,0.2753831417624521
phoenix_ssp585_baseline_2020s_typical_2029,Phoenix,ssp585,baseline_2020s,typical,2029,COMP-Hi,110.0,1.1,1.7182130584192439,16704,0.2631291151046753,0.12025940418243408,0.2682656675577163,9.512691570881227,0.22166721522808075,0.5213801860809326,41.768438697318004,0.184502974152565,1.8582375478927202,74.5330459770115,2.4245689655172415
phoenix_ssp585_baseline_2020s_typical_2029,Phoenix,ssp585,baseline_2020s,typical,2029,LEGACY,120.0,1.2,1.7182130584192439,16704,0.2789483964443207,0.15012308955192566,0.3016159906983375,14.272030651340998,0.2549545168876648,0.455211877822876,50.155651340996165,0.220186248421669,2.3033405172413794,74.84434865900383,4.0888409961685825
phoenix_ssp585_late_2080s_heatwave_extreme_2085,Phoenix,ssp585,late_2080s,heatwave_extreme,2085,COMP-Lo,90.0,0.9,1.7182130584192439,16704,0.18272776901721954,0.13287557661533356,0.2804080113768578,12.679597701149426,0.20459748804569244,0.441433846950531,29.7294061302682,0.1764729768037796,1.5862667624521072,63.870929118773944,9.943726053639846
phoenix_ssp585_late_2080s_heatwave_extreme_2085,Phoenix,ssp585,late_2080s,heatwave_extreme,2085,S-real,93.2,0.932,1.7182130584192439,16704,0.19025476276874542,0.13526606559753418,0.28358203172683705,13.685344827586206,0.2119969129562378,0.441433846950531,32.14200191570881,0.18163330852985382,1.7133022030651341,68.19923371647509,8.560823754789272
phoenix_ssp585_late_2080s_heatwave_extreme_2085,Phoenix,ssp585,late_2080s,heatwave_extreme,2085,COMP-Med,100.0,1.0,1.7182130584192439,16704,0.16456487774848938,0.17391690611839294,0.34220934510231016,25.622605363984675,0.25836682319641113,0.5274208188056946,49.81441570881226,0.22609101235866547,3.4338481800766285,54.633620689655174,17.720306513409962
phoenix_ssp585_late_2080s_heatwave_extreme_2085,Phoenix,ssp585,late_2080s,heatwave_extreme,2085,EQ-Max,108.0,1.08,1.7182130584192439,16704,0.5301244854927063,0.2178291380405426,0.5006685137748719,33.93797892720307,0.37295687198638916,0.747232973575592,66.37931034482759,0.3163225054740906,4.527777777777778,95.73754789272031,0.7183908045977011
phoenix_ssp585_late_2080s_heatwave_extreme_2085,Phoenix,ssp585,late_2080s,heatwave_extreme,2085,COMP-Hi,110.0,1.1,1.7182130584192439,16704,0.38942375779151917,0.16838504374027252,0.4406469359993931,25.927921455938694,0.28870242834091187,0.624157190322876,53.46024904214559,0.24540582299232483,3.9524066091954024,73.647030651341,3.095067049808429
phoenix_ssp585_late_2080s_heatwave_extreme_2085,Phoenix,ssp585,late_2080s,heatwave_extreme,2085,LEGACY,120.0,1.2,1.7182130584192439,16704,0.3895132839679718,0.1986541748046875,0.44134289175271985,30.57950191570881,0.314460813999176,0.6120837330818176,61.91930076628353,0.27409130334854126,4.44683908045977,78.52011494252874,3.891283524904215
phoenix_ssp585_late_2080s_hot_2089,Phoenix,ssp585,late_2080s,hot,2089,COMP-Lo,90.0,0.9,1.7182130584192439,16704,0.22356782853603363,0.13973687589168549,0.32499798387289003,17.36111111111111,0.2172536998987198,0.5205479264259338,32.315613026819925,0.1867642104625702,2.1122485632183907,66.31345785440614,5.699233716475096
phoenix_ssp585_late_2080s_hot_2089,Phoenix,ssp585,late_2080s,hot,2089,S-real,93.2,0.932,1.7182130584192439,16704,0.2377113699913025,0.14232967793941498,0.3240907847881317,18.40277777777778,0.2233184576034546,0.5213558077812195,34.434865900383144,0.19198274612426758,2.265625,71.21048850574712,4.909003831417625
phoenix_ssp585_late_2080s_hot_2089,Phoenix,ssp585,late_2080s,hot,2089,COMP-Med,100.0,1.0,1.7182130584192439,16704,0.21984438598155975,0.18031816184520721,0.3820384338498115,29.370210727969347,0.2689705789089203,0.6120837330818176,47.47365900383142,0.23520150780677795,3.8820641762452106,55.90876436781609,13.356082375478929
phoenix_ssp585_late_2080s_hot_2089,Phoenix,ssp585,late_2080s,hot,2089,EQ-Max,108.0,1.08,1.7182130584192439,16704,0.5867535471916199,0.23475420475006104,0.5489954948425292,36.06321839080459,0.38849321007728577,0.747232973575592,67.01388888888889,0.3311786353588104,5.004370210727969,96.8330938697318,0.3771551724137931
phoenix_ssp585_late_2080s_hot_2089,Phoenix,ssp585,late_2080s,hot,2089,COMP-Hi,110.0,1.1,1.7182130584192439,16704,0.44250813126564026,0.1825588196516037,0.48604527115821805,29.669540229885055,0.2999202013015747,0.635415256023407,53.43031609195402,0.2576375901699066,4.468570402298851,75.7602969348659,1.5804597701149428
phoenix_ssp585_late_2080s_hot_2089,Phoenix,ssp585,late_2080s,hot,2089,LEGACY,120.0,1.2,1.7182130584192439,16704,0.4396229088306427,0.207754984498024,0.4653206646442413,32.309626436781606,0.3225080966949463,0.624157190322876,62.16475095785441,0.2806904911994934,4.940792624521073,79.40613026819923,2.448515325670498
phoenix_ssp585_late_2080s_typical_2081,Phoenix,ssp585,late_2080s,typical,2081,COMP-Lo,90.0,0.9,1.7182130584192439,16704,0.1608891785144806,0.12520714104175568,0.24837720021605492,10.43462643678161,0.19562079012393951,0.42883631587028503,27.95138888888889,0.16887423396110535,1.2762811302681993,61.93726053639846,8.016044061302683
phoenix_ssp585_late_2080s_typical_2081,Phoenix,ssp585,late_2080s,typical,2081,S-real,93.2,0.932,1.7182130584192439,16704,0.1721920371055603,0.12758468091487885,0.25194875299930547,11.105124521072797,0.2032778412103653,0.42883631587028503,30.549568965517242,0.17423255741596222,1.371647509578544,66.34937739463601,6.878591954022989
phoenix_ssp585_late_2080s_typical_2081,Phoenix,ssp585,late_2080s,typical,2081,COMP-Med,100.0,1.0,1.7182130584192439,16704,0.13892784714698792,0.16443198919296265,0.3120798289775848,21.76125478927203,0.24917781352996826,0.5244166851043701,49.604885057471265,0.2170039266347885,2.9376795977011496,51.358955938697314,16.84626436781609
phoenix_ssp585_late_2080s_typical_2081,Phoenix,ssp585,late_2080s,typical,2081,EQ-Max,108.0,1.08,1.7182130584192439,16704,0.5152685046195984,0.207750141620636,0.46121564209461197,33.764367816091955,0.36944469809532166,0.747232973575592,67.46288314176245,0.31192031502723694,4.301604406130268,96.80316091954023,0.08381226053639847
phoenix_ssp585_late_2080s_typical_2081,Phoenix,ssp585,late_2080s,typical,2081,COMP-Hi,110.0,1.1,1.7182130584192439,16704,0.3771262466907501,0.15854892134666443,0.4072585850954054,23.641044061302683,0.28412535786628723,0.624157190322876,53.83141762452107,0.24065141379833221,3.7467073754789273,75.34123563218391,2.023467432950192
phoenix_ssp585_late_2080s_typical_2081,Phoenix,ssp585,late_2080s,typical,2081,LEGACY,120.0,1.2,1.7182130584192439,16704,0.38064590096473694,0.18757115304470062,0.41731746196746816,28.46024904214559,0.30862388014793396,0.5416136384010315,61.087164750957854,0.26819777488708496,4.194204980842912,80.80699233716476,2.490421455938697
phoenix_ssp585_mid_2050s_heatwave_extreme_2057,Phoenix,ssp585,mid_2050s,heatwave_extreme,2057,COMP-Lo,90.0,0.9,1.7182130584192439,16704,0.11094200611114502,0.11473430693149567,0.1911319449543952,4.154693486590038,0.17305582761764526,0.375043660402298,18.516522988505745,0.15098075568675995,0.6667863984674329,57.29765325670498,13.242337164750959
phoenix_ssp585_mid_2050s_heatwave_extreme_2057,Phoenix,ssp585,mid_2050s,heatwave_extreme,2057,S-real,93.2,0.932,1.7182130584192439,16704,0.11500383913516998,0.11705616861581802,0.19624503031373022,4.663553639846743,0.17979678511619568,0.3811948001384735,21.76125478927203,0.1560686081647873,0.7920857279693486,62.18271072796935,11.829501915708812
phoenix_ssp585_mid_2050s_heatwave_extreme_2057,Phoenix,ssp585,mid_2050s,heatwave_extreme,2057,COMP-Med,100.0,1.0,1.7182130584192439,16704,0.06244155019521713,0.15371832251548767,0.25469148010015485,14.673132183908047,0.22621023654937744,0.4334033727645874,46.73730842911878,0.19937960803508759,2.3017840038314175,47.97653256704981,24.44324712643678
phoenix_ssp585_mid_2050s_heatwave_extreme_2057,Phoenix,ssp585,mid_2050s,heatwave_extreme,2057,EQ-Max,108.0,1.08,1.7182130584192439,16704,0.429362028837204,0.18156927824020386,0.3843716233968733,23.94037356321839,0.32457563281059265,0.624157190322876,62.26053639846744,0.2734680771827698,3.1206896551724137,93.59434865900383,0.34123563218390807
phoenix_ssp585_mid_2050s_heatwave_extreme_2057,Phoenix,ssp585,mid_2050s,heatwave_extreme,2057,COMP-Hi,110.0,1.1,1.7182130584192439,16704,0.28438061475753784,0.13261640071868896,0.32408771067857717,13.978687739463602,0.24495814740657806,0.5364798307418823,46.88697318007663,0.20364730060100555,2.422772988505747,71.64750957854406,4.4959291187739465
phoenix_ssp585_mid_2050s_heatwave_extreme_2057,Phoenix,ssp585,mid_2050s,heatwave_extreme,2057,LEGACY,120.0,1.2,1.7182130584192439,16704,0.2925489842891693,0.16378569602966309,0.3489788353443145,19.42049808429119,0.27487027645111084,0.5297576189041138,57.24976053639846,0.23747029900550842,2.9892241379310347,75.35919540229885,5.783045977011494
phoenix_ssp585_mid_2050s_hot_2057,Phoenix,ssp585,mid_2050s,hot,2057,COMP-Lo,90.0,0.9,1.7182130584192439,16704,0.11094200611114502,0.11473430693149567,0.1911319449543952,4.154693486590038,0.17305582761764526,0.375043660402298,18.516522988505745,0.15098075568675995,0.6667863984674329,57.29765325670498,13.242337164750959
phoenix_ssp585_mid_2050s_hot_2057,Phoenix,ssp585,mid_2050s,hot,2057,S-real,93.2,0.932,1.7182130584192439,16704,0.11500383913516998,0.11705616861581802,0.19624503031373022,4.663553639846743,0.17979678511619568,0.3811948001384735,21.76125478927203,0.1560686081647873,0.7920857279693486,62.18271072796935,11.829501915708812
phoenix_ssp585_mid_2050s_hot_2057,Phoenix,ssp585,mid_2050s,hot,2057,COMP-Med,100.0,1.0,1.7182130584192439,16704,0.06244155019521713,0.15371832251548767,0.25469148010015485,14.673132183908047,0.22621023654937744,0.4334033727645874,46.73730842911878,0.19937960803508759,2.3017840038314175,47.97653256704981,24.44324712643678
phoenix_ssp585_mid_2050s_hot_2057,Phoenix,ssp585,mid_2050s,hot,2057,EQ-Max,108.0,1.08,1.7182130584192439,16704,0.429362028837204,0.18156927824020386,0.3843716233968733,23.94037356321839,0.32457563281059265,0.624157190322876,62.26053639846744,0.2734680771827698,3.1206896551724137,93.59434865900383,0.34123563218390807
phoenix_ssp585_mid_2050s_hot_2057,Phoenix,ssp585,mid_2050s,hot,2057,COMP-Hi,110.0,1.1,1.7182130584192439,16704,0.28438061475753784,0.13261640071868896,0.32408771067857717,13.978687739463602,0.24495814740657806,0.5364798307418823,46.88697318007663,0.20364730060100555,2.422772988505747,71.64750957854406,4.4959291187739465
phoenix_ssp585_mid_2050s_hot_2057,Phoenix,ssp585,mid_2050s,hot,2057,LEGACY,120.0,1.2,1.7182130584192439,16704,0.2925489842891693,0.16378569602966309,0.3489788353443145,19.42049808429119,0.27487027645111084,0.5297576189041138,57.24976053639846,0.23747029900550842,2.9892241379310347,75.35919540229885,5.783045977011494
phoenix_ssp585_mid_2050s_typical_2050,Phoenix,ssp585,mid_2050s,typical,2050,COMP-Lo,90.0,0.9,1.7182130584192439,16704,0.1416737288236618,0.11549173295497894,0.2095502413809299,5.645354406130268,0.17203576862812042,0.4198947250843048,17.654454022988507,0.14990900456905365,0.7306034482758621,67.59458812260536,8.626676245210728
phoenix_ssp585_mid_2050s_typical_2050,Phoenix,ssp585,mid_2050s,typical,2050,S-real,93.2,0.932,1.7182130584192439,16704,0.14636866748332977,0.11831486970186234,0.2154964283108711,6.016522988505748,0.1788502186536789,0.42050299048423767,19.216954022988507,0.15559841692447662,0.8158524904214559,72.16834291187739,7.95617816091954
phoenix_ssp585_mid_2050s_typical_2050,Phoenix,ssp585,mid_2050s,typical,2050,COMP-Med,100.0,1.0,1.7182130584192439,16704,0.12028007954359055,0.15026435256004333,0.2721781626343726,12.577825670498086,0.21866431832313538,0.5084033608436584,35.54837164750958,0.1929721236228943,1.7382662835249043,55.04669540229885,13.61949233716475
phoenix_ssp585_mid_2050s_typical_2050,Phoenix,ssp585,mid_2050s,typical,2050,EQ-Max,108.0,1.08,1.7182130584192439,16704,0.45774877071380615,0.1848856657743454,0.4073739618062963,22.37787356321839,0.30950865149497986,0.6271936893463135,56.66307471264368,0.265107125043869,3.0093989463601534,95.3544061302682,0.4549808429118774
phoenix_ssp585_mid_2050s_typical_2050,Phoenix,ssp585,mid_2050s,typical,2050,COMP-Hi,110.0,1.1,1.7182130584192439,16704,0.29951250553131104,0.13255007565021515,0.3495384335517883,14.583333333333334,0.22820881009101868,0.6120837330818176,37.40421455938697,0.19297415018081665,2.2476053639846745,76.27514367816092,2.7777777777777777
phoenix_ssp585_mid_2050s_typical_2050,Phoenix,ssp585,mid_2050s,typical,2050,LEGACY,120.0,1.2,1.7182130584192439,16704,0.3133588433265686,0.16303548216819763,0.3662850841879844,18.055555555555554,0.26181599497795105,0.5327616930007935,48.56920498084291,0.22726909816265106,2.711625957854406,77.88553639846744,3.490181992337165
phoenix_ssp585_near_2030s_heatwave_extreme_2033,Phoenix,ssp585,near_2030s,heatwave_extreme,2033,COMP-Lo,90.0,0.9,1.7182130584192439,16704,0.11439482867717743,0.11435531824827194,0.18353916928172107,3.723659003831418,0.16989396512508392,0.37082353234291077,16.091954022988507,0.14898888766765594,0.5607638888888888,61.34458812260536,12.763409961685824
phoenix_ssp585_near_2030s_heatwave_extreme_2033,Phoenix,ssp585,near_2030s,heatwave_extreme,2033,S-real,93.2,0.932,1.7182130584192439,16704,0.11636878550052643,0.11650721728801727,0.1858079746365547,4.052921455938698,0.1772150844335556,0.3811948001384735,19.258860153256705,0.15407709777355194,0.6656489463601533,65.73874521072797,11.578065134099617
phoenix_ssp585_near_2030s_heatwave_extreme_2033,Phoenix,ssp585,near_2030s,heatwave_extreme,2033,COMP-Med,100.0,1.0,1.7182130584192439,16704,0.07522895187139511,0.1509701907634735,0.24045842066407197,9.943726053639846,0.2205912470817566,0.4318728446960449,43.43869731800766,0.1944727748632431,1.7996886973180077,51.01173371647509,21.012931034482758
phoenix_ssp585_near_2030s_heatwave_extreme_2033,Phoenix,ssp585,near_2030s,heatwave_extreme,2033,EQ-Max,108.0,1.08,1.7182130584192439,16704,0.4290018379688263,0.17930516600608826,0.36031245887279506,22.92265325670498,0.31665322184562683,0.624157190322876,60.769875478927204,0.2679717540740967,2.9025383141762453,94.42049808429118,0.36518199233716475
phoenix_ssp585_near_2030s_heatwave_extreme_2033,Phoenix,ssp585,near_2030s,heatwave_extreme,2033,COMP-Hi,110.0,1.1,1.7182130584192439,16704,0.2781969904899597,0.12872666120529175,0.3055707931518553,11.757662835249043,0.2378368079662323,0.5297576189041138,45.390325670498086,0.1982952505350113,2.1333213601532566,71.69540229885058,3.3704501915708813
phoenix_ssp585_near_2030s_heatwave_extreme_2033,Phoenix,ssp585,near_2030s,heatwave_extreme,2033,LEGACY,120.0,1.2,1.7182130584192439,16704,0.2887040972709656,0.16024863719940186,0.3345686212182044,17.618534482758623,0.27023833990097046,0.5297576189041138,54.26843869731801,0.23375628888607025,2.6552921455938696,73.95833333333334,4.855124521072797
phoenix_ssp585_near_2030s_hot_2033,Phoenix,ssp585,near_2030s,hot,2033,COMP-Lo,90.0,0.9,1.7182130584192439,16704,0.11439482867717743,0.11435531824827194,0.18353916928172107,3.723659003831418,0.16989396512508392,0.37082353234291077,16.091954022988507,0.14898888766765594,0.5607638888888888,61.34458812260536,12.763409961685824
phoenix_ssp585_near_2030s_hot_2033,Phoenix,ssp585,near_2030s,hot,2033,S-real,93.2,0.932,1.7182130584192439,16704,0.11636878550052643,0.11650721728801727,0.1858079746365547,4.052921455938698,0.1772150844335556,0.3811948001384735,19.258860153256705,0.15407709777355194,0.6656489463601533,65.73874521072797,11.578065134099617
phoenix_ssp585_near_2030s_hot_2033,Phoenix,ssp585,near_2030s,hot,2033,COMP-Med,100.0,1.0,1.7182130584192439,16704,0.07522895187139511,0.1509701907634735,0.24045842066407197,9.943726053639846,0.2205912470817566,0.4318728446960449,43.43869731800766,0.1944727748632431,1.7996886973180077,51.01173371647509,21.012931034482758
phoenix_ssp585_near_2030s_hot_2033,Phoenix,ssp585,near_2030s,hot,2033,EQ-Max,108.0,1.08,1.7182130584192439,16704,0.4290018379688263,0.17930516600608826,0.36031245887279506,22.92265325670498,0.31665322184562683,0.624157190322876,60.769875478927204,0.2679717540740967,2.9025383141762453,94.42049808429118,0.36518199233716475
phoenix_ssp585_near_2030s_hot_2033,Phoenix,ssp585,near_2030s,hot,2033,COMP-Hi,110.0,1.1,1.7182130584192439,16704,0.2781969904899597,0.12872666120529175,0.3055707931518553,11.757662835249043,0.2378368079662323,0.5297576189041138,45.390325670498086,0.1982952505350113,2.1333213601532566,71.69540229885058,3.3704501915708813
phoenix_ssp585_near_2030s_hot_2033,Phoenix,ssp585,near_2030s,hot,2033,LEGACY,120.0,1.2,1.7182130584192439,16704,0.2887040972709656,0.16024863719940186,0.3345686212182044,17.618534482758623,0.27023833990097046,0.5297576189041138,54.26843869731801,0.23375628888607025,2.6552921455938696,73.95833333333334,4.855124521072797
phoenix_ssp585_near_2030s_typical_2034,Phoenix,ssp585,near_2030s,typical,2034,COMP-Lo,90.0,0.9,1.7182130584192439,16704,0.10398038476705551,0.10945028811693192,0.15321963876485822,0.9159482758620688,0.15900692343711853,0.305943101644516,12.655651340996169,0.13993752002716064,0.3154334291187739,62.296455938697314,13.24832375478927
phoenix_ssp585_near_2030s_typical_2034,Phoenix,ssp585,near_2030s,typical,2034,S-real,93.2,0.932,1.7182130584192439,16704,0.10580026358366013,0.11186407506465912,0.15686920210719107,1.0775862068965518,0.165871724486351,0.31053608655929565,15.589080459770116,0.14529000222682953,0.4071479885057471,67.15158045977012,11.949233716475096
phoenix_ssp585_near_2030s_typical_2034,Phoenix,ssp585,near_2030s,typical,2034,COMP-Med,100.0,1.0,1.7182130584192439,16704,0.06457516551017761,0.14387941360473633,0.2058397516608238,6.2380268199233715,0.2065352499485016,0.3775457739830017,39.87667624521073,0.18299013376235962,1.4111590038314177,50.86206896551724,19.354645593869733
phoenix_ssp585_near_2030s_typical_2034,Phoenix,ssp585,near_2030s,typical,2034,EQ-Max,108.0,1.08,1.7182130584192439,16704,0.40676823258399963,0.1700611561536789,0.3054683402180671,19.468390804597703,0.2989654242992401,0.6241328120231628,56.95641762452107,0.25291332602500916,2.4203783524904217,92.70234674329501,0.5507662835249042
phoenix_ssp585_near_2030s_typical_2034,Phoenix,ssp585,near_2030s,typical,2034,COMP-Hi,110.0,1.1,1.7182130584192439,16704,0.2487494796514511,0.1186627745628357,0.24437701404094694,8.28544061302682,0.21867428719997406,0.5213801860809326,40.76867816091954,0.18205012381076813,1.6740301724137931,73.56920498084291,4.501915708812261
phoenix_ssp585_near_2030s_typical_2034,Phoenix,ssp585,near_2030s,typical,2034,LEGACY,120.0,1.2,1.7182130584192439,16704,0.2650688588619232,0.14965853095054626,0.2829874396324157,13.523706896551724,0.25263869762420654,0.441433846950531,50.52681992337165,0.2182648926973343,2.2091115900383143,74.66475095785441,5.77705938697318
