weather,city,scenario,time_slice,severity,weather_year,n_steps,state_hash,equal_zone_mean_mean,area_weighted_mean_mean,zone_p90_mean,any_zone_mean,cold_equal_mean,warm_equal_mean,cold_area_mean,warm_area_mean,equal_zone_mean_high_pct_at_0p025,area_weighted_mean_high_pct_at_0p025,zone_p90_high_pct_at_0p025,any_zone_high_pct_at_0p025,hidden_any_zone_pct_at_0p025,area_weighted_zone_time_high_pct_at_0p025,equal_zone_mean_high_pct_at_0p05,area_weighted_mean_high_pct_at_0p05,zone_p90_high_pct_at_0p05,any_zone_high_pct_at_0p05,hidden_any_zone_pct_at_0p05,area_weighted_zone_time_high_pct_at_0p05,equal_zone_mean_high_pct_at_0p075,area_weighted_mean_high_pct_at_0p075,zone_p90_high_pct_at_0p075,any_zone_high_pct_at_0p075,hidden_any_zone_pct_at_0p075,area_weighted_zone_time_high_pct_at_0p075,equal_zone_mean_high_pct_at_0p1,area_weighted_mean_high_pct_at_0p1,zone_p90_high_pct_at_0p1,any_zone_high_pct_at_0p1,hidden_any_zone_pct_at_0p1,area_weighted_zone_time_high_pct_at_0p1,equal_zone_mean_high_pct_at_0p15,area_weighted_mean_high_pct_at_0p15,zone_p90_high_pct_at_0p15,any_zone_high_pct_at_0p15,hidden_any_zone_pct_at_0p15,area_weighted_zone_time_high_pct_at_0p15,equal_zone_mean_high_pct_at_0p2,area_weighted_mean_high_pct_at_0p2,zone_p90_high_pct_at_0p2,any_zone_high_pct_at_0p2,hidden_any_zone_pct_at_0p2,area_weighted_zone_time_high_pct_at_0p2
ahmedabad_ssp245_baseline_2020s_heatwave_extreme_2029,Ahmedabad,ssp245,baseline_2020s,heatwave_extreme,2029,16704,9436ee906dedc67f3c2b0e60fbc76f5c6f16b1a1019219ff5a71bc232e1f45b8,0.03037866776939711,0.027168740078678148,0.05635629709581457,0.07486907097336608,0.002421501861121655,0.02795716590827546,0.002443172002438927,0.024725568076239216,45.785440613026815,42.468869731800766,64.9125957854406,79.07088122605363,33.285440613026815,35.73786072397927,15.535201149425287,7.034243295019158,36.194923371647505,46.264367816091955,30.729166666666668,8.678561179076958,2.86757662835249,1.7959770114942528,25.90397509578544,36.47629310344828,33.60871647509578,5.186629539746246,0.6046455938697318,0.3172892720306513,21.16259578544061,32.27969348659004,31.675047892720304,3.9264388607584197,0.0,0.0,7.501197318007663,15.187978927203066,15.187978927203066,1.1037230323223581,0.0,0.0,0.22150383141762453,0.5148467432950191,0.5148467432950191,0.036623484460844936
ahmedabad_ssp245_baseline_2020s_hot_2029,Ahmedabad,ssp245,baseline_2020s,hot,2029,16704,9436ee906dedc67f3c2b0e60fbc76f5c6f16b1a1019219ff5a71bc232e1f45b8,0.03037866776939711,0.027168740078678148,0.05635629709581457,0.07486907097336608,0.002421501861121655,0.02795716590827546,0.002443172002438927,0.024725568076239216,45.785440613026815,42.468869731800766,64.9125957854406,79.07088122605363,33.285440613026815,35.73786072397927,15.535201149425287,7.034243295019158,36.194923371647505,46.264367816091955,30.729166666666668,8.678561179076958,2.86757662835249,1.7959770114942528,25.90397509578544,36.47629310344828,33.60871647509578,5.186629539746246,0.6046455938697318,0.3172892720306513,21.16259578544061,32.27969348659004,31.675047892720304,3.9264388607584197,0.0,0.0,7.501197318007663,15.187978927203066,15.187978927203066,1.1037230323223581,0.0,0.0,0.22150383141762453,0.5148467432950191,0.5148467432950191,0.036623484460844936
ahmedabad_ssp245_baseline_2020s_typical_2025,Ahmedabad,ssp245,baseline_2020s,typical,2025,16704,230f4d3a6394e63152852cb7bb21641d03e0d52a1c8304ce6b3cf4bed5a3c611,0.027110199959061887,0.02400495371735122,0.0514125033694333,0.06783360596552314,0.0025137334175579728,0.024596466541503915,0.002527938751904801,0.02147701496544642,38.104645593869726,33.644636015325666,54.71743295019157,69.88146551724138,31.776819923371647,25.32985893742015,12.32638888888889,3.6159003831417627,29.920977011494255,38.451867816091955,26.125478927203066,5.64230624013387,0.9638409961685823,0.3113026819923371,21.563697318007662,30.256226053639846,29.292385057471265,3.3580799554180563,0.08979885057471264,0.02993295019157088,16.864224137931032,26.885775862068968,26.795977011494255,2.743128711251085,0.0,0.0,8.602729885057471,15.074233716475097,15.074233716475097,1.1959838973242611,0.0,0.0,0.15565134099616856,0.3232758620689655,0.3232758620689655,0.022920820206787304
ahmedabad_ssp245_late_2080s_heatwave_extreme_2081,Ahmedabad,ssp245,late_2080s,heatwave_extreme,2081,16704,938bd161cc876d9d0cb1f0b68ebf0355715c8cde89fca9074f2743aecf88c3da,0.03176191478172762,0.02814742622689712,0.05933349778220347,0.07748072321111805,0.0024020757704494226,0.029359839011278196,0.002432242701515521,0.025715183525381595,48.060344827586206,44.486350574712645,65.43941570881226,79.95090996168582,31.890565134099617,34.97797939786423,18.582375478927204,9.20138888888889,39.60727969348659,48.820641762452105,30.238266283524908,10.427306325187791,4.040948275862069,2.143199233716475,27.93941570881226,37.41020114942529,33.36925287356322,5.7427420095860375,0.7004310344827587,0.3232758620689655,23.102250957854405,33.70450191570881,33.004070881226056,4.4508582194297155,0.0,0.0,8.590756704980842,16.924090038314176,16.924090038314176,1.2496544660471403,0.0,0.0,0.101772030651341,0.29334291187739464,0.29334291187739464,0.019224920738551945
ahmedabad_ssp245_late_2080s_hot_2081,Ahmedabad,ssp245,late_2080s,hot,2081,16704,938bd161cc876d9d0cb1f0b68ebf0355715c8cde89fca9074f2743aecf88c3da,0.03176191478172762,0.02814742622689712,0.05933349778220347,0.07748072321111805,0.0024020757704494226,0.029359839011278196,0.002432242701515521,0.025715183525381595,48.060344827586206,44.486350574712645,65.43941570881226,79.95090996168582,31.890565134099617,34.97797939786423,18.582375478927204,9.20138888888889,39.60727969348659,48.820641762452105,30.238266283524908,10.427306325187791,4.040948275862069,2.143199233716475,27.93941570881226,37.41020114942529,33.36925287356322,5.7427420095860375,0.7004310344827587,0.3232758620689655,23.102250957854405,33.70450191570881,33.004070881226056,4.4508582194297155,0.0,0.0,8.590756704980842,16.924090038314176,16.924090038314176,1.2496544660471403,0.0,0.0,0.101772030651341,0.29334291187739464,0.29334291187739464,0.019224920738551945
ahmedabad_ssp245_late_2080s_typical_2086,Ahmedabad,ssp245,late_2080s,typical,2086,16704,684693e80f1e7728fba0439ed5181649bf62b91ae747fb1c452c76be2c2cb689,0.03050493416324492,0.026901568440455575,0.057222626375837325,0.07432480750729897,0.0024592402529975146,0.028045693910247405,0.002480179403863079,0.024421389036592495,42.1036877394636,38.29621647509578,58.96791187739464,71.64152298850574,29.537835249042143,29.65548106349068,18.229166666666664,7.567049808429119,34.24928160919541,42.06178160919541,23.832614942528735,8.809189119478832,3.9930555555555554,2.442528735632184,25.8860153256705,34.36302681992337,30.369971264367816,5.464927854627378,1.2452107279693485,0.6645114942528735,22.09051724137931,31.399664750957857,30.15445402298851,4.493317769734875,0.101772030651341,0.047892720306513405,10.24904214559387,18.085488505747126,17.983716475095786,1.4776681834756704,0.04190613026819923,0.0,0.11973180076628352,0.35919540229885055,0.3172892720306513,0.024022469376916742
ahmedabad_ssp245_mid_2050s_heatwave_extreme_2059,Ahmedabad,ssp245,mid_2050s,heatwave_extreme,2059,16704,fb6d6335ff6678fe333abc3a6e5c05bff8b29b7c81c3f92a26cfe467e02670e3,0.033165137222267285,0.029644088409666237,0.05925926929271755,0.0767698622037708,0.0023720207677342966,0.030793116454532983,0.002403886555891671,0.02724020185377457,46.33022030651341,42.07375478927203,61.6139846743295,76.40086206896551,30.070641762452105,33.602777840837646,19.456417624521073,12.015086206896552,39.481561302681996,47.12643678160919,27.67001915708812,13.070385112152625,6.950431034482758,5.040708812260537,28.969109195402297,38.50574712643678,31.555316091954023,8.090889864640378,2.6340996168582373,1.7361111111111112,23.83860153256705,35.08141762452107,32.44731800766284,6.246257923116778,0.035919540229885055,0.0,8.45905172413793,16.056034482758623,16.020114942528735,1.2347640941670246,0.0,0.0,0.09578544061302681,0.5687260536398467,0.5687260536398467,0.02545124161381615
ahmedabad_ssp245_mid_2050s_hot_2059,Ahmedabad,ssp245,mid_2050s,hot,2059,16704,fb6d6335ff6678fe333abc3a6e5c05bff8b29b7c81c3f92a26cfe467e02670e3,0.033165137222267285,0.029644088409666237,0.05925926929271755,0.0767698622037708,0.0023720207677342966,0.030793116454532983,0.002403886555891671,0.02724020185377457,46.33022030651341,42.07375478927203,61.6139846743295,76.40086206896551,30.070641762452105,33.602777840837646,19.456417624521073,12.015086206896552,39.481561302681996,47.12643678160919,27.67001915708812,13.070385112152625,6.950431034482758,5.040708812260537,28.969109195402297,38.50574712643678,31.555316091954023,8.090889864640378,2.6340996168582373,1.7361111111111112,23.83860153256705,35.08141762452107,32.44731800766284,6.246257923116778,0.035919540229885055,0.0,8.45905172413793,16.056034482758623,16.020114942528735,1.2347640941670246,0.0,0.0,0.09578544061302681,0.5687260536398467,0.5687260536398467,0.02545124161381615
ahmedabad_ssp245_mid_2050s_typical_2058,Ahmedabad,ssp245,mid_2050s,typical,2058,16704,14764b81667bcb7b4cfa1d3386da1ab8feb0fde78546892e0da8f8bcc130f59c,0.026929279901723033,0.024054116132251172,0.050172762042352506,0.06617564390486397,0.002520968710319833,0.024408311191403204,0.0025302119885842723,0.0215239041436669,36.08117816091954,32.65684865900383,56.32183908045977,70.21072796934867,34.12954980842912,27.813374436582183,13.613505747126437,3.6099137931034484,27.71192528735632,36.18893678160919,22.575431034482758,5.785243495664891,1.155411877394636,0.5507662835249042,20.65972222222222,28.879310344827587,27.72389846743295,3.483019866861546,0.05387931034482758,0.011973180076628351,17.175526819923373,26.083572796934867,26.029693486590038,2.82050445535657,0.0,0.0,8.189655172413794,14.774904214559387,14.774904214559387,1.1433123733097448,0.0,0.0,0.0,0.05986590038314176,0.05986590038314176,0.00249139350073775
ahmedabad_ssp245_near_2030s_heatwave_extreme_2034,Ahmedabad,ssp245,near_2030s,heatwave_extreme,2034,16704,6efe6eca3f3ac504d6d33de946f3048d2957eede94e1946fd3c3e7be4c65a86d,0.027345338882652222,0.02443324543293726,0.05024086632587307,0.06683413673717063,0.0024857741362429627,0.024859564746409255,0.002505081710861528,0.021928163722075737,37.86518199233716,33.6985153256705,55.21431992337165,70.59985632183908,32.734674329501914,26.712472864742683,12.589798850574713,4.944923371647509,30.04669540229885,39.212164750957854,26.622365900383144,6.58409741851048,1.6882183908045978,0.610632183908046,21.98874521072797,31.01053639846743,29.322318007662833,3.751382719788115,0.23946360153256704,0.005986590038314176,16.708572796934863,27.33477011494253,27.095306513409962,2.9780902971980066,0.0,0.0,6.645114942528736,12.913074712643677,12.913074712643677,0.9771072279767041,0.0,0.0,0.16163793103448276,0.28735632183908044,0.28735632183908044,0.02223968230776724
ahmedabad_ssp245_near_2030s_hot_2034,Ahmedabad,ssp245,near_2030s,hot,2034,16704,6efe6eca3f3ac504d6d33de946f3048d2957eede94e1946fd3c3e7be4c65a86d,0.027345338882652222,0.02443324543293726,0.05024086632587307,0.06683413673717063,0.0024857741362429627,0.024859564746409255,0.002505081710861528,0.021928163722075737,37.86518199233716,33.6985153256705,55.21431992337165,70.59985632183908,32.734674329501914,26.712472864742683,12.589798850574713,4.944923371647509,30.04669540229885,39.212164750957854,26.622365900383144,6.58409741851048,1.6882183908045978,0.610632183908046,21.98874521072797,31.01053639846743,29.322318007662833,3.751382719788115,0.23946360153256704,0.005986590038314176,16.708572796934863,27.33477011494253,27.095306513409962,2.9780902971980066,0.0,0.0,6.645114942528736,12.913074712643677,12.913074712643677,0.9771072279767041,0.0,0.0,0.16163793103448276,0.28735632183908044,0.28735632183908044,0.02223968230776724
ahmedabad_ssp245_near_2030s_typical_2032,Ahmedabad,ssp245,near_2030s,typical,2032,16704,cfb16e95b84f46ca8126be0b92e7563c97a93a373a228d3388dc116b98f75b9f,0.025352640181966188,0.022998907267772945,0.04563042365054018,0.06122058926562105,0.0025203106646021433,0.022832329517364046,0.0025258951464132533,0.020473012121359695,33.66858237547893,29.813218390804597,55.3639846743295,70.88721264367817,37.218630268199234,26.56865009149179,9.207375478927203,3.035201149425287,24.299568965517242,33.17169540229885,23.964319923371647,4.475007144990686,0.7423371647509579,0.40110153256704983,16.924090038314176,25.251436781609193,24.509099616858236,2.7955597354058677,0.16762452107279693,0.02993295019157088,13.116618773946358,22.629310344827587,22.46168582375479,2.2419327832521048,0.0,0.0,5.519636015325671,11.009339080459771,11.009339080459771,0.809364986338041,0.0,0.0,0.24545019157088122,0.38912835249042144,0.38912835249042144,0.03463036966025473
ahmedabad_ssp585_baseline_2020s_heatwave_extreme_2027,Ahmedabad,ssp585,baseline_2020s,heatwave_extreme,2027,16704,83eb83d36bde149a73f0e4b476be97c2571af1f88ae362f827add814d1fa0573,0.03463722514893396,0.031153352539053523,0.060936274309367745,0.0800373206950909,0.002327644506571147,0.03230958064236281,0.0023597949475275275,0.028793557591525992,50.496886973180075,45.97102490421456,69.28879310344827,81.6271551724138,31.13026819923372,40.72833069564286,21.845067049808428,14.074473180076627,41.900143678160916,51.45474137931034,29.609674329501917,13.915179867334956,8.159722222222223,6.190134099616858,30.90277777777778,42.007902298850574,33.84818007662835,9.265319050653831,2.610153256704981,1.4727011494252873,25.209530651340994,37.70354406130268,35.0933908045977,6.715880070654583,0.011973180076628351,0.0,7.740660919540229,15.493295019157088,15.481321839080458,1.147502369916739,0.0,0.0,0.3113026819923371,0.5866858237547893,0.5866858237547893,0.041174296945336135
ahmedabad_ssp585_baseline_2020s_hot_2027,Ahmedabad,ssp585,baseline_2020s,hot,2027,16704,83eb83d36bde149a73f0e4b476be97c2571af1f88ae362f827add814d1fa0573,0.03463722514893396,0.031153352539053523,0.060936274309367745,0.0800373206950909,0.002327644506571147,0.03230958064236281,0.0023597949475275275,0.028793557591525992,50.496886973180075,45.97102490421456,69.28879310344827,81.6271551724138,31.13026819923372,40.72833069564286,21.845067049808428,14.074473180076627,41.900143678160916,51.45474137931034,29.609674329501917,13.915179867334956,8.159722222222223,6.190134099616858,30.90277777777778,42.007902298850574,33.84818007662835,9.265319050653831,2.610153256704981,1.4727011494252873,25.209530651340994,37.70354406130268,35.0933908045977,6.715880070654583,0.011973180076628351,0.0,7.740660919540229,15.493295019157088,15.481321839080458,1.147502369916739,0.0,0.0,0.3113026819923371,0.5866858237547893,0.5866858237547893,0.041174296945336135
ahmedabad_ssp585_baseline_2020s_typical_2025,Ahmedabad,ssp585,baseline_2020s,typical,2025,16704,f513690e57359d0b270e71b27386db42c7255f624bce2eeea381419bfe19e4db,0.029396744208391733,0.02634884251094671,0.05289817455582045,0.06933070684226639,0.002442954641348389,0.02695378956704334,0.002464870747508919,0.02388397176343779,39.46360153256705,35.656130268199234,55.4477969348659,69.37859195402298,29.91499042145594,28.90202881591432,15.056273946360152,7.902298850574713,31.591235632183906,39.47557471264368,24.419300766283524,8.8558208226592,4.489942528735632,3.322557471264368,24.676724137931032,33.32734674329502,28.83740421455939,5.983706311017777,1.4008620689655173,0.7602969348659003,19.85153256704981,29.837164750957857,28.436302681992338,4.507007757128977,0.0,0.0,7.273706896551724,14.242097701149426,14.242097701149426,1.067008586885336,0.0,0.0,0.0,0.19755747126436785,0.19755747126436785,0.007947345802068807
ahmedabad_ssp585_late_2080s_heatwave_extreme_2088,Ahmedabad,ssp585,late_2080s,heatwave_extreme,2088,16704,3fd68b62d6bfcf8503b28b2b0fd3b2395cfac091b12d6381de4bd04f1e914a26,0.039181164205121126,0.03597034270795032,0.06749962486908252,0.08811175646223834,0.002186978508239671,0.036994185696881454,0.002214399331412305,0.03375594337653801,53.34650383141762,48.8625478927203,64.5294540229885,78.30459770114942,24.9580938697318,37.614966527052886,26.81992337164751,21.396072796934863,47.8448275862069,55.92073754789272,29.10081417624521,21.661887288594766,13.840996168582375,12.703544061302683,37.13481800766284,47.22222222222222,33.38122605363984,14.526395835663951,6.555316091954023,5.022749042145594,31.80675287356322,43.7919061302682,37.236590038314176,10.999740871043961,0.1257183908045977,0.017959770114942528,7.78256704980843,19.32471264367816,19.198994252873565,1.3295632870914549,0.0,0.0,0.3771551724137931,0.9099616858237548,0.9099616858237548,0.05542081651547794
ahmedabad_ssp585_late_2080s_hot_2088,Ahmedabad,ssp585,late_2080s,hot,2088,16704,3fd68b62d6bfcf8503b28b2b0fd3b2395cfac091b12d6381de4bd04f1e914a26,0.039181164205121126,0.03597034270795032,0.06749962486908252,0.08811175646223834,0.002186978508239671,0.036994185696881454,0.002214399331412305,0.03375594337653801,53.34650383141762,48.8625478927203,64.5294540229885,78.30459770114942,24.9580938697318,37.614966527052886,26.81992337164751,21.396072796934863,47.8448275862069,55.92073754789272,29.10081417624521,21.661887288594766,13.840996168582375,12.703544061302683,37.13481800766284,47.22222222222222,33.38122605363984,14.526395835663951,6.555316091954023,5.022749042145594,31.80675287356322,43.7919061302682,37.236590038314176,10.999740871043961,0.1257183908045977,0.017959770114942528,7.78256704980843,19.32471264367816,19.198994252873565,1.3295632870914549,0.0,0.0,0.3771551724137931,0.9099616858237548,0.9099616858237548,0.05542081651547794
ahmedabad_ssp585_late_2080s_typical_2087,Ahmedabad,ssp585,late_2080s,typical,2087,16704,f0343596362a2e7923658e0e721f851162aae15f56f059752eb96bf73f6ffa54,0.031476730330042633,0.028033605650491067,0.05842350346692694,0.07605422851957465,0.002387437901280172,0.029089292428762466,0.0024189284207994633,0.02561467722969161,43.684147509578544,39.91858237547893,58.004070881226056,73.16211685823755,29.477969348659006,30.128240223188403,17.462883141762454,10.015565134099617,36.95522030651341,44.8874521072797,27.424568965517242,10.783681324410116,5.765086206896552,3.921216475095785,28.208812260536398,36.637931034482754,30.872844827586203,6.671522187606967,2.029454022988506,1.2392241379310345,23.72485632183908,33.309386973180075,31.27993295019157,5.385304485227722,0.0,0.0,8.291427203065133,16.88817049808429,16.88817049808429,1.243794067841298,0.0,0.0,0.38912835249042144,0.6585249042145593,0.6585249042145593,0.056803771816820704
ahmedabad_ssp585_mid_2050s_heatwave_extreme_2051,Ahmedabad,ssp585,mid_2050s,heatwave_extreme,2051,16704,dbbe5f0ba62c446cf425567226cf5cd7ee19febc10f2152e48063a50b82495a7,0.03149583015508441,0.028010703614776585,0.05818000108490119,0.07637140913807469,0.002416297492613153,0.02907953266247126,0.002440224904909662,0.02557047870986693,45.935105363984675,41.88817049808429,63.439894636015325,77.35871647509579,31.42361111111111,33.91899974529196,17.983716475095786,9.141522988505747,37.8412356321839,46.74928160919541,28.765565134099617,10.031042198268084,4.627634099616858,3.19683908045977,27.93941570881226,37.28448275862069,32.65684865900383,6.300521348326263,1.2033045977011494,0.5567528735632185,22.35991379310345,33.9499521072797,32.746647509578544,4.872757096025084,0.0,0.0,8.435105363984674,16.331417624521073,16.331417624521073,1.216702716916738,0.0,0.0,0.2334770114942529,0.5328065134099617,0.5328065134099617,0.0358760664106236
ahmedabad_ssp585_mid_2050s_hot_2050,Ahmedabad,ssp585,mid_2050s,hot,2050,16704,4dce1d20cdd882a0cd2cdf2b025f9695dabcf61cb26e754bf6fa79422ecef01d,0.0304639908360023,0.027159804327714136,0.05599115953155011,0.07281343936582942,0.002423367734205031,0.02804062310179727,0.0024482312130197667,0.024711573114694376,43.51053639846743,40.152059386973185,61.51819923371647,75.90996168582376,32.39942528735632,32.60531059046115,16.834291187739463,8.548850574712644,35.61422413793103,44.63002873563218,27.795737547892717,9.639107921958244,3.9092432950191567,2.3706896551724137,26.209291187739463,35.08141762452107,31.172174329501917,5.450023375985567,0.814176245210728,0.3172892720306513,21.54573754789272,31.68103448275862,30.866858237547895,4.345912071269125,0.0,0.0,7.399425287356322,14.655172413793101,14.655172413793101,1.0776213296090174,0.0,0.0,0.15565134099616856,0.33524904214559387,0.33524904214559387,0.024166516957156176
ahmedabad_ssp585_mid_2050s_typical_2055,Ahmedabad,ssp585,mid_2050s,typical,2055,16704,6dbebbcb2b5f7d9f293064c11e6eb2f025e97ea293d30fa4e42fec0a1d4a749c,0.025359852545518098,0.02263419455940583,0.04742798339404215,0.06298583246934183,0.002545551682027746,0.022814300863490355,0.0025533564337837534,0.020080838125622072,32.68678160919541,29.561781609195403,50.21551724137932,65.86446360153256,33.17768199233716,23.328067493077,10.009578544061302,2.5981800766283527,26.245210727969347,33.6985153256705,23.688936781609197,4.910019458179767,0.4968869731800767,0.13170498084291188,19.061302681992338,26.927681992337167,26.430795019157088,2.942959017337764,0.017959770114942528,0.0,15.858477011494255,24.551005747126435,24.533045977011493,2.5051837254453613,0.0,0.0,7.064176245210728,14.080459770114942,14.080459770114942,1.0547944022777718,0.0,0.0,0.0,0.101772030651341,0.101772030651341,0.00448450830132795
ahmedabad_ssp585_near_2030s_heatwave_extreme_2037,Ahmedabad,ssp585,near_2030s,heatwave_extreme,2037,16704,468b3e53a7f6a6177a4fa444d418ec938c50b48d71f0566cd58a3900cf0619e1,0.02794096320475042,0.02497689931454407,0.05199069673574147,0.06842242633240282,0.002480029968600704,0.025460933236149712,0.0024982669056022424,0.022478632408941827,38.44588122605364,34.82399425287356,57.24377394636016,71.25838122605363,32.8125,29.232946241100837,13.655411877394636,5.040708812260537,29.711446360153253,38.655411877394634,25.0,6.400220754430731,2.2629310344827585,1.2631704980842913,22.413793103448278,30.711206896551722,28.448275862068968,4.088178915615429,0.5926724137931034,0.13170498084291188,18.324952107279692,27.795737547892717,27.203065134099617,3.2711875303278557,0.005986590038314176,0.0,8.327346743295019,14.625239463601533,14.619252873563218,1.1626869651076444,0.0,0.0,0.1736111111111111,0.5747126436781609,0.5747126436781609,0.03321784302966861
ahmedabad_ssp585_near_2030s_hot_2037,Ahmedabad,ssp585,near_2030s,hot,2037,16704,468b3e53a7f6a6177a4fa444d418ec938c50b48d71f0566cd58a3900cf0619e1,0.02794096320475042,0.02497689931454407,0.05199069673574147,0.06842242633240282,0.002480029968600704,0.025460933236149712,0.0024982669056022424,0.022478632408941827,38.44588122605364,34.82399425287356,57.24377394636016,71.25838122605363,32.8125,29.232946241100837,13.655411877394636,5.040708812260537,29.711446360153253,38.655411877394634,25.0,6.400220754430731,2.2629310344827585,1.2631704980842913,22.413793103448278,30.711206896551722,28.448275862068968,4.088178915615429,0.5926724137931034,0.13170498084291188,18.324952107279692,27.795737547892717,27.203065134099617,3.2711875303278557,0.005986590038314176,0.0,8.327346743295019,14.625239463601533,14.619252873563218,1.1626869651076444,0.0,0.0,0.1736111111111111,0.5747126436781609,0.5747126436781609,0.03321784302966861
ahmedabad_ssp585_near_2030s_typical_2031,Ahmedabad,ssp585,near_2030s,typical,2031,16704,0a6fae5b8c3feb580e078949424689e87e4b5cd03cf31a91e41a0ab2ddd61e09,0.028120761721194053,0.02545994577586896,0.049489591085423425,0.06466885655070476,0.0024695289840227807,0.02565123273717127,0.0024856646425454104,0.022974281133323556,37.28448275862069,34.117576628352495,56.866618773946364,70.41427203065133,33.12978927203065,31.243325891576745,14.128352490421456,6.704980842911877,28.95713601532567,37.547892720306514,23.419540229885058,7.573610738327316,3.071120689655172,1.7959770114942528,20.761494252873565,30.31609195402299,27.244971264367816,4.5901247609886795,0.6704980842911877,0.38912835249042144,16.58884099616858,26.418821839080458,25.748323754789272,3.37731989613286,0.0,0.0,6.220067049808429,11.679837164750957,11.679837164750957,0.9135883972733865,0.0,0.0,0.07183908045977011,0.16163793103448276,0.16163793103448276,0.011709549453467426
beijing_ssp245_baseline_2020s_heatwave_extreme_2025,Beijing,ssp245,baseline_2020s,heatwave_extreme,2025,16704,f41638845eb57abe1b03f2c9249b7264602f55f6ba371a3f2b4d46a7723fec53,0.018753164384324783,0.018859473706760943,0.02780484737276753,0.03437370330188239,0.0027335187031118364,0.016019645681212943,0.002667030559437544,0.016192443147323397,17.612547892720308,13.3022030651341,51.03568007662835,62.06896551724138,44.45641762452107,23.019982282253366,2.616139846743295,2.071360153256705,5.63338122605364,9.812021072796934,7.19588122605364,1.7320234305823394,0.7423371647509579,0.4489942528735632,3.2866379310344827,6.25,5.507662835249042,1.0894864619844853,0.011973180076628351,0.023946360153256702,2.1910919540229887,4.112787356321839,4.100814176245211,0.6059235535290881,0.0,0.0,0.011973180076628351,0.2813697318007663,0.2813697318007663,0.019502489899673976,0.0,0.0,0.0,0.0,0.0,0.0
beijing_ssp245_baseline_2020s_hot_2025,Beijing,ssp245,baseline_2020s,hot,2025,16704,f41638845eb57abe1b03f2c9249b7264602f55f6ba371a3f2b4d46a7723fec53,0.018753164384324783,0.018859473706760943,0.02780484737276753,0.03437370330188239,0.0027335187031118364,0.016019645681212943,0.002667030559437544,0.016192443147323397,17.612547892720308,13.3022030651341,51.03568007662835,62.06896551724138,44.45641762452107,23.019982282253366,2.616139846743295,2.071360153256705,5.63338122605364,9.812021072796934,7.19588122605364,1.7320234305823394,0.7423371647509579,0.4489942528735632,3.2866379310344827,6.25,5.507662835249042,1.0894864619844853,0.011973180076628351,0.023946360153256702,2.1910919540229887,4.112787356321839,4.100814176245211,0.6059235535290881,0.0,0.0,0.011973180076628351,0.2813697318007663,0.2813697318007663,0.019502489899673976,0.0,0.0,0.0,0.0,0.0,0.0
beijing_ssp245_baseline_2020s_typical_2026,Beijing,ssp245,baseline_2020s,typical,2026,16704,54cffa022e03e1253d0a64acfde9cb2ad01163e0a6efbb9a5a4b071dd9ec70d6,0.016532936833951142,0.01696010333092329,0.02503166962254019,0.031907808111610966,0.0028014201427148553,0.013731516691236286,0.0027087977811335903,0.0142513055497897,9.297174329501916,6.746886973180076,41.36733716475096,55.36997126436781,46.0727969348659,15.037975265501077,0.5747126436781609,0.26939655172413796,4.190613026819923,7.38146551724138,6.806752873563219,0.6948119892713015,0.0,0.0,1.8857758620689655,4.639607279693487,4.639607279693487,0.36296747107065097,0.0,0.0,0.5866858237547893,3.1309865900383143,3.1309865900383143,0.22298952335652544,0.0,0.0,0.0,0.4370210727969348,0.4370210727969348,0.020678566056123327,0.0,0.0,0.0,0.04190613026819923,0.04190613026819923,0.0017439754505164252
beijing_ssp245_late_2080s_heatwave_extreme_2084,Beijing,ssp245,late_2080s,heatwave_extreme,2084,16704,55f30099243d212003ebe7a5c04fff9306df81159d60e512cd78ea7a2a5a6558,0.024677032093632634,0.02401505668134896,0.03707659014402291,0.044124794174842115,0.002537791717371438,0.022139240376261193,0.002513266732380812,0.021501789948968147,23.26388888888889,17.97772988505747,52.083333333333336,62.09291187739464,38.82902298850575,25.299506593443706,8.836206896551724,8.339319923371647,12.619731800766285,16.894157088122604,8.057950191570882,7.584170394446935,6.327825670498084,5.609434865900384,9.398946360153257,12.332375478927203,6.004549808429119,5.7399553233522,3.4183429118773945,2.8436302681992336,8.195641762452107,9.997605363984674,6.579262452107279,4.354067629989978,0.7363505747126436,0.5208333333333333,2.3227969348659006,3.59794061302682,2.861590038314176,0.4642463177977889,0.3172892720306513,0.0,0.8022030651340997,0.9398946360153256,0.6226053639846743,0.15277012503979787
beijing_ssp245_late_2080s_hot_2084,Beijing,ssp245,late_2080s,hot,2084,16704,55f30099243d212003ebe7a5c04fff9306df81159d60e512cd78ea7a2a5a6558,0.024677032093632634,0.02401505668134896,0.03707659014402291,0.044124794174842115,0.002537791717371438,0.022139240376261193,0.002513266732380812,0.021501789948968147,23.26388888888889,17.97772988505747,52.083333333333336,62.09291187739464,38.82902298850575,25.299506593443706,8.836206896551724,8.339319923371647,12.619731800766285,16.894157088122604,8.057950191570882,7.584170394446935,6.327825670498084,5.609434865900384,9.398946360153257,12.332375478927203,6.004549808429119,5.7399553233522,3.4183429118773945,2.8436302681992336,8.195641762452107,9.997605363984674,6.579262452107279,4.354067629989978,0.7363505747126436,0.5208333333333333,2.3227969348659006,3.59794061302682,2.861590038314176,0.4642463177977889,0.3172892720306513,0.0,0.8022030651340997,0.9398946360153256,0.6226053639846743,0.15277012503979787
beijing_ssp245_late_2080s_typical_2083,Beijing,ssp245,late_2080s,typical,2083,16704,f5c8c4568aa865e644f6e3976364a74ea604558cc4b44d33ab5b322ba97ef3ec,0.02263243024166596,0.022151167418491116,0.03429265613731898,0.041758498118726464,0.0026519776839458746,0.019980452557720085,0.002598144366832401,0.019553023051658715,21.222461685823752,17.995689655172413,54.59171455938697,65.02634099616859,43.803879310344826,26.304970022569048,8.201628352490422,7.315613026819924,12.248563218390805,16.45713601532567,8.25550766283525,5.801818147601911,4.2444923371647505,3.125,8.746408045977011,11.727729885057471,7.483237547892721,3.8071610838342576,1.628352490421456,0.9339080459770116,7.219827586206897,9.67432950191571,8.045977011494253,2.4531295224547693,0.011973180076628351,0.0,1.5026340996168583,2.6700191570881224,2.658045977011494,0.23784397946942948,0.0,0.0,0.02993295019157088,0.101772030651341,0.101772030651341,0.005481065701623051
beijing_ssp245_mid_2050s_heatwave_extreme_2050,Beijing,ssp245,mid_2050s,heatwave_extreme,2050,16704,b393995a38e165e399eee3579acd4bb70ad4eacaf3d784d63c4f12dd1252b11f,0.02267141019916551,0.022170024017273936,0.03393316213042003,0.04111570104422886,0.002628572731966546,0.020042837467198964,0.002580483814676242,0.019589540202597695,20.977011494252874,16.289511494252874,51.11350574712644,62.24856321839081,41.271551724137936,24.51843293397288,6.4894636015325675,5.759099616858237,10.225095785440613,15.12212643678161,8.632662835249043,5.328304672680869,3.8433908045977008,3.484195402298851,7.094109195402298,10.440613026819925,6.597222222222222,3.8043630064504312,2.119252873563218,1.8318965517241377,5.693247126436781,7.962164750957855,5.842911877394636,2.7243647956396164,0.5627394636015326,0.38314176245210724,1.6463122605363985,2.484434865900383,1.9216954022988504,0.35453919764499997,0.26340996168582376,0.101772030651341,0.6585249042145593,0.7363505747126436,0.47294061302681994,0.12935168701181807
beijing_ssp245_mid_2050s_hot_2050,Beijing,ssp245,mid_2050s,hot,2050,16704,b393995a38e165e399eee3579acd4bb70ad4eacaf3d784d63c4f12dd1252b11f,0.02267141019916551,0.022170024017273936,0.03393316213042003,0.04111570104422886,0.002628572731966546,0.020042837467198964,0.002580483814676242,0.019589540202597695,20.977011494252874,16.289511494252874,51.11350574712644,62.24856321839081,41.271551724137936,24.51843293397288,6.4894636015325675,5.759099616858237,10.225095785440613,15.12212643678161,8.632662835249043,5.328304672680869,3.8433908045977008,3.484195402298851,7.094109195402298,10.440613026819925,6.597222222222222,3.8043630064504312,2.119252873563218,1.8318965517241377,5.693247126436781,7.962164750957855,5.842911877394636,2.7243647956396164,0.5627394636015326,0.38314176245210724,1.6463122605363985,2.484434865900383,1.9216954022988504,0.35453919764499997,0.26340996168582376,0.101772030651341,0.6585249042145593,0.7363505747126436,0.47294061302681994,0.12935168701181807
beijing_ssp245_mid_2050s_typical_2056,Beijing,ssp245,mid_2050s,typical,2056,16704,2cb806956e74805c11ec3ff09283a73fe7afa607e7976ec3036dd46a2fcd01a7,0.018454263567320276,0.018539870610875066,0.028106472438947296,0.035166603257783764,0.0027240594755124554,0.015730204091807823,0.002660170528184325,0.01587970008269074,14.493534482758621,11.673850574712644,45.28256704980843,57.69875478927203,43.20522030651341,18.44470523641225,2.6999521072796933,2.2988505747126435,6.770833333333333,10.542385057471265,7.84243295019157,2.1081727812744857,0.951867816091954,0.7782567049808429,3.5380747126436782,6.202107279693487,5.250239463601533,1.1183922981360757,0.26939655172413796,0.09578544061302681,2.5742337164750957,4.519875478927203,4.250478927203065,0.718918282131681,0.0,0.0,0.3951149425287357,1.2452107279693485,1.2452107279693485,0.07173883113027917,0.0,0.0,0.0,0.005986590038314176,0.005986590038314176,0.00024913935007377504
beijing_ssp245_near_2030s_heatwave_extreme_2039,Beijing,ssp245,near_2030s,heatwave_extreme,2039,16704,d04f212755242b6a78c5565d142d684c87b263be6ce0094b814f2f49b68bc710,0.01708962514200821,0.017403993015015228,0.025610017464766023,0.033817332794686884,0.0028352942603373198,0.014254330881670892,0.0027287079376669236,0.014675285077348305,12.835249042145595,10.368773946360154,40.53520114942529,56.525383141762454,43.690134099616856,17.60079649160501,0.43103448275862066,0.06585249042145594,4.531848659003831,8.339319923371647,7.908285440613026,0.693683111888224,0.0,0.0,1.9456417624521074,5.148467432950191,5.148467432950191,0.36739710238674755,0.0,0.0,0.8441091954022989,3.729645593869732,3.729645593869732,0.24154690828655043,0.0,0.0,0.2514367816091954,1.3050766283524906,1.3050766283524906,0.07416811402522297,0.0,0.0,0.035919540229885055,0.6046455938697318,0.6046455938697318,0.034879509010328505
beijing_ssp245_near_2030s_hot_2034,Beijing,ssp245,near_2030s,hot,2034,16704,ad1141d1413227533fd44aa8c3312c7131ff62d58571a016015c68c60950b7c3,0.017523296835792564,0.017740981485405833,0.026362830555081766,0.03291414461993608,0.002757196728963655,0.014766100106828906,0.0026844402204457794,0.015056541264960057,13.643438697318008,9.985632183908045,45.372365900383144,58.099856321839084,44.45641762452107,17.93529553226447,1.2691570881226053,0.9997605363984674,4.54382183908046,8.243534482758621,6.974377394636015,1.10198251747437,0.26939655172413796,0.2274904214559387,2.286877394636015,4.346264367816092,4.076867816091954,0.5218164328349073,0.047892720306513405,0.05986590038314176,1.2631704980842913,3.2447318007662838,3.19683908045977,0.3752629918536109,0.0,0.0,0.08979885057471264,0.54477969348659,0.54477969348659,0.03326899506078967,0.0,0.0,0.0,0.035919540229885055,0.035919540229885055,0.0014948361004426503
beijing_ssp245_near_2030s_typical_2035,Beijing,ssp245,near_2030s,typical,2035,16704,8fe7934ec102258594e94bbfefff8d5650e9cdf066a9477a48575c1097b36bcb,0.017502419554771245,0.017837893486266163,0.026523401092425892,0.03562172408373945,0.002808095818964661,0.014694323735806585,0.002707153978373345,0.015130739507892824,13.392001915708812,10.931513409961687,46.38409961685824,62.5,49.10799808429119,20.234245094628594,1.3110632183908046,0.9698275862068966,5.717193486590038,10.422653256704981,9.111590038314176,1.2195919955963603,0.047892720306513405,0.011973180076628351,2.5562739463601534,6.86661877394636,6.818726053639847,0.5413328252245995,0.0,0.0,1.293103448275862,4.813218390804598,4.813218390804598,0.370337821481035,0.0,0.0,0.2274904214559387,1.215277777777778,1.215277777777778,0.06481742180205279,0.0,0.0,0.0,0.44300766283524906,0.44300766283524906,0.027405328508115254
beijing_ssp585_baseline_2020s_heatwave_extreme_2029,Beijing,ssp585,baseline_2020s,heatwave_extreme,2029,16704,58f8a9567baf58e59925e26cba77c89cb785f88a864fd780e00073be06b4adcc,0.018171512144163834,0.018385891103652595,0.02779441469213081,0.036570929092052264,0.0027682240643547417,0.015403288079809088,0.00267694435972629,0.0157089467439263,14.529454022988505,12.033045977011495,45.599856321839084,61.667863984674334,47.138409961685824,19.797179033998795,2.077346743295019,1.658285440613027,6.615181992337164,11.530172413793103,9.452825670498084,1.750828717216395,0.3113026819923371,0.2274904214559387,3.9691091954022992,7.0102969348659006,6.698994252873564,0.9164541246302471,0.0,0.017959770114942528,2.2210249042145596,5.549568965517242,5.549568965517242,0.6241598474148058,0.0,0.0,0.2813697318007663,1.4786877394636015,1.4786877394636015,0.08128573230721392,0.0,0.0,0.017959770114942528,0.6525383141762453,0.6525383141762453,0.038118320561287576
beijing_ssp585_baseline_2020s_hot_2029,Beijing,ssp585,baseline_2020s,hot,2029,16704,58f8a9567baf58e59925e26cba77c89cb785f88a864fd780e00073be06b4adcc,0.018171512144163834,0.018385891103652595,0.02779441469213081,0.036570929092052264,0.0027682240643547417,0.015403288079809088,0.00267694435972629,0.0157089467439263,14.529454022988505,12.033045977011495,45.599856321839084,61.667863984674334,47.138409961685824,19.797179033998795,2.077346743295019,1.658285440613027,6.615181992337164,11.530172413793103,9.452825670498084,1.750828717216395,0.3113026819923371,0.2274904214559387,3.9691091954022992,7.0102969348659006,6.698994252873564,0.9164541246302471,0.0,0.017959770114942528,2.2210249042145596,5.549568965517242,5.549568965517242,0.6241598474148058,0.0,0.0,0.2813697318007663,1.4786877394636015,1.4786877394636015,0.08128573230721392,0.0,0.0,0.017959770114942528,0.6525383141762453,0.6525383141762453,0.038118320561287576
beijing_ssp585_baseline_2020s_typical_2026,Beijing,ssp585,baseline_2020s,typical,2026,16704,0939cce69c6d5b0d4971a5b6657ac75d6d882f002b8629dd389b7b59b340db93,0.017287147417704,0.01763597245502297,0.026825657532385853,0.0361129409876355,0.002852821209518522,0.014434326208185475,0.0027220734568253195,0.014913898998197646,12.422174329501916,9.716235632183908,40.87643678160919,57.15996168582376,44.73778735632184,16.96044625130961,1.1494252873563218,0.7423371647509579,3.8374042145593865,7.5730363984674325,6.423611111111111,0.8873065990368036,0.13769157088122605,0.07782567049808428,2.5742337164750957,4.489942528735632,4.352250957854406,0.4977663627496314,0.005986590038314176,0.017959770114942528,1.658285440613027,3.5500478927203067,3.5440613026819925,0.3915093311417414,0.0,0.0,0.9339080459770116,2.3946360153256707,2.3946360153256707,0.1888326073796703,0.0,0.0,0.5806992337164751,1.700191570881226,1.700191570881226,0.11958051956548152
beijing_ssp585_late_2080s_heatwave_extreme_2089,Beijing,ssp585,late_2080s,heatwave_extreme,2089,16704,61a3c8e04f2499057d092e367281edcab4ae3400a9e703a52630fb76273f2fd6,0.02459242374832435,0.02400241036350559,0.03646087020353418,0.044216539729561424,0.002519838140039432,0.02207258560828492,0.0024985031900900453,0.02150390717341555,25.55675287356322,21.384099616858236,54.54980842911878,65.05627394636015,39.49952107279693,28.169088929344866,8.90205938697318,8.159722222222223,13.94875478927203,19.36661877394636,10.46455938697318,7.715514403204598,5.501676245210728,4.855124521072797,9.979645593869732,13.58955938697318,8.087883141762452,5.26723293255634,3.0172413793103448,2.4964080459770113,7.8125,10.811781609195402,7.794540229885058,3.8960135437293535,0.3532088122605364,0.32926245210727967,1.628352490421456,2.861590038314176,2.50838122605364,0.32882990082320734,0.26340996168582376,0.07183908045977011,0.38912835249042144,0.47294061302681994,0.20953065134099616,0.09152345626385551
beijing_ssp585_late_2080s_hot_2089,Beijing,ssp585,late_2080s,hot,2089,16704,61a3c8e04f2499057d092e367281edcab4ae3400a9e703a52630fb76273f2fd6,0.02459242374832435,0.02400241036350559,0.03646087020353418,0.044216539729561424,0.002519838140039432,0.02207258560828492,0.0024985031900900453,0.02150390717341555,25.55675287356322,21.384099616858236,54.54980842911878,65.05627394636015,39.49952107279693,28.169088929344866,8.90205938697318,8.159722222222223,13.94875478927203,19.36661877394636,10.46455938697318,7.715514403204598,5.501676245210728,4.855124521072797,9.979645593869732,13.58955938697318,8.087883141762452,5.26723293255634,3.0172413793103448,2.4964080459770113,7.8125,10.811781609195402,7.794540229885058,3.8960135437293535,0.3532088122605364,0.32926245210727967,1.628352490421456,2.861590038314176,2.50838122605364,0.32882990082320734,0.26340996168582376,0.07183908045977011,0.38912835249042144,0.47294061302681994,0.20953065134099616,0.09152345626385551
beijing_ssp585_late_2080s_typical_2084,Beijing,ssp585,late_2080s,typical,2084,16704,9c93ef095f0db77ee081e760098184fea71d19d2b1ef09aef7508e6103bde1d9,0.024438461642402192,0.02371415784802827,0.036129826662473455,0.043537878277845214,0.002587779257990141,0.02185068238441205,0.002541007166929569,0.0211731506810987,20.845306513409962,18.23515325670498,52.2808908045977,62.679597701149426,41.83429118773947,26.42944288484701,8.045977011494253,7.393438697318008,12.55387931034483,17.007902298850574,8.961925287356323,6.82409153762022,5.040708812260537,4.418103448275862,8.560823754789272,11.895354406130268,6.854645593869732,4.973429604334932,2.861590038314176,2.6999521072796933,6.992337164750957,9.129549808429118,6.267959770114942,3.6948806932861906,1.155411877394636,0.9039750957854407,1.8917624521072798,2.7777777777777777,1.6223659003831419,0.5344166668800704,0.748323754789272,0.28735632183908044,1.2033045977011494,1.3409961685823755,0.5926724137931034,0.3057332627824141
beijing_ssp585_mid_2050s_heatwave_extreme_2052,Beijing,ssp585,mid_2050s,heatwave_extreme,2052,16704,204f80e6a8df47f44a0c247f08bceee9df2e50e5268535262466eb452e1e3d9e,0.022707283163355983,0.022443727704770884,0.03414932752758976,0.04342805011096277,0.0026836466979712056,0.02002363646538478,0.002598180936240247,0.019845546768530637,20.947078544061306,18.672174329501914,48.41355363984675,62.17672413793104,41.229645593869726,25.11848406129914,7.465277777777778,6.746886973180076,13.164511494252872,18.031609195402297,10.566331417624522,6.355910262412183,4.040948275862069,3.556034482758621,8.548850574712644,12.535919540229884,8.494971264367816,3.9648077866194633,2.023467432950192,1.6223659003831419,6.273946360153257,9.895833333333332,7.8723659003831425,2.8622736154573394,0.2753831417624521,0.20953065134099616,1.4128352490421456,2.855603448275862,2.58022030651341,0.29099128826766,0.18558429118773948,0.0,0.43103448275862066,0.9877873563218391,0.8022030651340997,0.10395963612041262
beijing_ssp585_mid_2050s_hot_2052,Beijing,ssp585,mid_2050s,hot,2052,16704,204f80e6a8df47f44a0c247f08bceee9df2e50e5268535262466eb452e1e3d9e,0.022707283163355983,0.022443727704770884,0.03414932752758976,0.04342805011096277,0.0026836466979712056,0.02002363646538478,0.002598180936240247,0.019845546768530637,20.947078544061306,18.672174329501914,48.41355363984675,62.17672413793104,41.229645593869726,25.11848406129914,7.465277777777778,6.746886973180076,13.164511494252872,18.031609195402297,10.566331417624522,6.355910262412183,4.040948275862069,3.556034482758621,8.548850574712644,12.535919540229884,8.494971264367816,3.9648077866194633,2.023467432950192,1.6223659003831419,6.273946360153257,9.895833333333332,7.8723659003831425,2.8622736154573394,0.2753831417624521,0.20953065134099616,1.4128352490421456,2.855603448275862,2.58022030651341,0.29099128826766,0.18558429118773948,0.0,0.43103448275862066,0.9877873563218391,0.8022030651340997,0.10395963612041262
beijing_ssp585_mid_2050s_typical_2053,Beijing,ssp585,mid_2050s,typical,2053,16704,0c7d7c60b501fa25cbf91227b2fdc9c621da5a5ee23fb8dd3b134f7056eefbc3,0.017427764161999915,0.017620914483428587,0.02600446201116527,0.031962044634500746,0.0027407087587856087,0.01468705540321431,0.0026706091395869466,0.014950305343841643,11.835488505747128,8.914032567049809,44.43247126436782,56.441570881226056,44.60608237547893,17.361001393188587,1.0296934865900382,0.610632183908046,3.747605363984674,7.8723659003831425,6.842672413793103,0.8673759076381796,0.035919540229885055,0.005986590038314176,1.4128352490421456,3.5261015325670497,3.490181992337165,0.33876313982128475,0.0,0.0,0.9698275862068966,2.280890804597701,2.280890804597701,0.20507665161542962,0.0,0.0,0.023946360153256702,0.22150383141762453,0.22150383141762453,0.010255880103934044,0.0,0.0,0.0,0.0,0.0,0.0
beijing_ssp585_near_2030s_heatwave_extreme_2030,Beijing,ssp585,near_2030s,heatwave_extreme,2030,16704,e36ac931bb17e3c18269c1148acb960f6fd0e2e89592aead766563921d6eaa53,0.019398119133712872,0.019525819602901315,0.030403363657558316,0.041084048198643336,0.0028173883282660442,0.016580730805446826,0.002699526922307121,0.016826292680594192,18.17528735632184,15.51125478927203,46.97078544061303,63.87691570881226,45.70162835249042,21.86625341122165,3.532088122605364,2.8376436781609193,9.734195402298852,14.996408045977011,11.464319923371647,2.600131520006831,0.8800287356321839,0.4789272030651341,5.597461685823755,9.782088122605364,8.90205938697318,1.4524353323165466,0.011973180076628351,0.0,3.514128352490421,7.746647509578544,7.734674329501916,1.0029089156764133,0.0,0.0,0.7543103448275862,2.3168103448275863,2.3168103448275863,0.14667691720206222,0.0,0.0,0.2514367816091954,1.155411877394636,1.155411877394636,0.07025729672080455
beijing_ssp585_near_2030s_hot_2037,Beijing,ssp585,near_2030s,hot,2037,16704,efcdb6ebcbd3e1d095186785e5688e0c61c84315b888e1b0409f46597f49bc70,0.019989848838897192,0.020448930876536094,0.031021364132151445,0.04220409077343137,0.0028983151364739544,0.017091533702423237,0.0027384778090129864,0.01771045306752311,20.833333333333336,17.552681992337167,50.275383141762454,64.36781609195403,43.53448275862069,22.93031804671381,3.8852969348659006,3.8134578544061304,8.680555555555555,14.97844827586207,11.093151340996169,3.08015959120333,0.7602969348659003,0.8381226053639846,5.184386973180077,9.692289272030653,8.93199233716475,1.7161206402070073,0.06585249042145594,0.08381226053639847,4.106800766283525,8.06992337164751,8.004070881226054,1.351373626382077,0.0,0.0,1.2751436781609196,3.3285440613026824,3.3285440613026824,0.5112974267790145,0.0,0.0,0.26340996168582376,1.1494252873563218,1.1494252873563218,0.06676934581977172
beijing_ssp585_near_2030s_typical_2032,Beijing,ssp585,near_2030s,typical,2032,16704,f28931732478f78b2961cf836058a68d97508d71445ae52a600249d93e66b240,0.017814652973175332,0.017899490861616924,0.02713437250689871,0.033526198530992514,0.0027129934900634685,0.015101659483111863,0.0026660207250571166,0.015233470136559802,12.505986590038315,9.494731800766283,45.935105363984675,57.12404214559387,44.61805555555556,17.439992782067502,2.041427203065134,1.4727011494252873,5.298132183908046,9.285201149425287,7.243773946360153,1.4684776522632619,0.610632183908046,0.3532088122605364,2.6999521072796933,5.220306513409962,4.609674329501916,0.7132846975832129,0.0,0.0,2.0114942528735633,3.6877394636015324,3.6877394636015324,0.5192165350257311,0.0,0.0,0.16163793103448276,0.6405651340996169,0.6405651340996169,0.034463563811999484,0.0,0.0,0.0,0.0,0.0,0.0
guangzhou_ssp245_baseline_2020s_heatwave_extreme_2028,Guangzhou,ssp245,baseline_2020s,heatwave_extreme,2028,16704,9c553c0c0eb09f2143c1c94ed6604305f7782f6cad7710174ec18a6c25651446,0.021028474834522057,0.02016197034179727,0.031474808946373105,0.03929116175460594,0.0026338869193360988,0.018394587915185952,0.002606372041540798,0.017555598300256475,21.18654214559387,17.85799808429119,42.223419540229884,56.908524904214566,35.72198275862069,22.249630218278117,5.573515325670498,3.8852969348659006,11.47030651340996,15.33764367816092,9.764128352490422,2.87236475646175,0.748323754789272,0.4250478927203065,7.908285440613026,11.218869731800767,10.470545977011495,1.5175047052082276,0.203544061302682,0.08979885057471264,5.729166666666666,9.66235632183908,9.458812260536398,1.1435126676970493,0.0,0.0,1.1613984674329503,3.095067049808429,3.095067049808429,0.21290025684515065,0.0,0.0,0.0,0.04190613026819923,0.04190613026819923,0.0017439754505164252
guangzhou_ssp245_baseline_2020s_hot_2027,Guangzhou,ssp245,baseline_2020s,hot,2027,16704,99de4fae1e68e1e3c39f4d2ea5f8467499c115b8cf6e9645bcb957b4408a730d,0.020071258110341345,0.01931697662046659,0.02960046753693385,0.03747139451004192,0.0026239953986870947,0.017447262711654248,0.00260696939827557,0.01671000722219102,19.677921455938694,15.79861111111111,39.571360153256705,54.59770114942529,34.91977969348659,19.341686887063368,2.9633620689655173,1.5385536398467432,10.003591954022989,14.34985632183908,11.386494252873563,2.001166733490901,0.16762452107279693,0.011973180076628351,5.729166666666666,9.925766283524904,9.758141762452107,0.9532755243141587,0.005986590038314176,0.0,3.484195402298851,7.201867816091954,7.19588122605364,0.6733354899808288,0.0,0.0,0.6585249042145593,1.861829501915709,1.861829501915709,0.12094000765592941,0.0,0.0,0.0,0.011973180076628351,0.011973180076628351,0.0004982787001475501
guangzhou_ssp245_baseline_2020s_typical_2025,Guangzhou,ssp245,baseline_2020s,typical,2025,16704,2cd5200d476b5b5a613e84e866cda2cbcef1d13949a5ce85a2ec03d437970af0,0.0219009959295198,0.021010339948472935,0.03195981292860135,0.04019114202598872,0.002594110836138509,0.01930688509338129,0.0025833542069118465,0.01842698574156109,24.562978927203066,20.06704980842912,46.64152298850575,61.015325670498086,36.45234674329502,25.64986569565005,5.292145593869732,3.939176245210728,12.667624521072796,17.780172413793103,12.488026819923371,3.525010373348334,0.7303639846743295,0.37116858237547895,8.321360153256704,13.134578544061304,12.404214559386974,1.995451644543304,0.0,0.0,4.9030172413793105,9.967672413793103,9.967672413793103,1.1319289015327,0.0,0.0,0.3771551724137931,1.5205938697318007,1.5205938697318007,0.084474281009646,0.0,0.0,0.0,0.0,0.0,0.0
guangzhou_ssp245_late_2080s_heatwave_extreme_2088,Guangzhou,ssp245,late_2080s,heatwave_extreme,2088,16704,ff1b7160ac7fec1df402839ac95fbcd585ec085df863f19f848a0fd6eda3678e,0.029016972626994268,0.027349306290947607,0.0438096214862486,0.05537855692515304,0.002427823444657603,0.026589149182336666,0.0024373187282289016,0.02491198756271871,38.6374521072797,35.60225095785441,59.33908045977011,71.18654214559386,32.549090038314176,37.68483376099843,14.523467432950191,11.721743295019158,27.22102490421456,34.57255747126437,20.049090038314176,10.195069951715904,6.124281609195402,4.094827586206897,18.714080459770116,26.688218390804597,20.563936781609197,6.2842552187174245,1.1613984674329503,0.49090038314176243,13.463840996168583,22.018678160919542,20.857279693486593,4.139008930461645,0.0,0.0,0.8740421455938696,3.7535919540229883,3.7535919540229883,0.21818373175519398,0.0,0.0,0.0,0.005986590038314176,0.005986590038314176,0.00024913935007377504
guangzhou_ssp245_late_2080s_hot_2083,Guangzhou,ssp245,late_2080s,hot,2083,16704,ea7e8ffffb5f046d4e4157ebb17450248249b2a3a65ad812f96f047eee2734db,0.027324042681252193,0.025599559120589234,0.041766612919285205,0.05356316794459085,0.002458187471337543,0.02486585520991465,0.002465532316895599,0.02313402680369363,37.12883141762452,32.70474137931034,59.24329501915708,71.26436781609196,34.13553639846743,34.65610395031701,11.356561302681992,8.794300766283525,24.49712643678161,32.83045977011494,21.47389846743295,7.607542582964043,3.915229885057471,2.310823754789272,16.13984674329502,25.155651340996172,21.240421455938694,4.7588990792674775,0.712404214559387,0.3951149425287357,10.566331417624522,19.977250957854405,19.26484674329502,2.9884539966994614,0.017959770114942528,0.0,1.3110632183908046,3.5021551724137927,3.484195402298851,0.2575091777678374,0.0,0.0,0.06585249042145594,0.19755747126436785,0.19755747126436785,0.012331244294475772
guangzhou_ssp245_late_2080s_typical_2084,Guangzhou,ssp245,late_2080s,typical,2084,16704,b4c4081e07459d2c526eaec675765586a4481bdfcaa3510b770e25bf55473d44,0.02287961191546685,0.021776231341877565,0.03488690458410744,0.04472399628432282,0.0025706869645494477,0.020308924950917403,0.0025547245475354865,0.019221506794342078,26.089559386973182,22.395833333333336,50.30531609195402,63.97270114942529,37.883141762452105,26.285860851775478,6.675047892720307,4.537835249042145,15.517241379310345,21.863026819923373,15.187978927203066,4.160824436624097,1.3888888888888888,0.7842432950191571,10.49449233716475,16.00814176245211,14.619252873563218,2.267570176443588,0.19755747126436785,0.04190613026819923,6.387691570881227,13.272270114942527,13.07471264367816,1.4971448149842304,0.0,0.0,1.257183908045977,3.292624521072797,3.292624521072797,0.22397289922566252,0.0,0.0,0.035919540229885055,0.11374521072796935,0.11374521072796935,0.006477623101918152
guangzhou_ssp245_mid_2050s_heatwave_extreme_2055,Guangzhou,ssp245,mid_2050s,heatwave_extreme,2055,16704,814dbb88edd6e8df74122c70abbba78bb29d71defd49b6d59b82388acdd6d516,0.025665412553788864,0.024039755826069036,0.03914658932731095,0.049290735882742215,0.0025253834415130023,0.02314002911227586,0.002528553337452525,0.021511202488616512,32.165948275862064,27.92145593869732,53.62787356321839,67.07375478927203,34.90780651340996,30.47595069076664,9.853927203065133,7.393438697318008,19.558189655172413,25.83213601532567,15.978208812260537,6.049509932444501,2.9394157088122608,1.7540708812260535,14.00263409961686,20.186781609195403,17.24736590038314,3.7386493847214033,0.8081896551724138,0.35919540229885055,9.758141762452107,16.014128352490424,15.205938697318008,2.5899808758645038,0.0,0.0,1.8558429118773947,4.034961685823755,4.034961685823755,0.3154771179039355,0.0,0.0,0.02993295019157088,0.11374521072796935,0.11374521072796935,0.0059793444017706004
guangzhou_ssp245_mid_2050s_hot_2051,Guangzhou,ssp245,mid_2050s,hot,2051,16704,734e1a85d1bc907a2c1a472f8b4008c184d1e4b6233be292e45479a0c8a06b52,0.024031370307786813,0.022906295283176305,0.035464750667974096,0.04394848878456271,0.0025354802889838257,0.021495890018802987,0.002528257310013754,0.020378037973162556,27.083333333333332,23.91044061302682,51.04765325670498,65.14008620689656,38.05675287356322,28.121723253997022,8.303400383141762,6.65110153256705,15.966235632183908,21.180555555555554,12.877155172413794,5.353599778637561,2.244971264367816,1.3529693486590038,10.925526819923371,15.481321839080458,13.236350574712644,3.309639979272836,0.4250478927203065,0.11374521072796935,7.662835249042145,12.535919540229884,12.110871647509578,2.0398850840794522,0.0,0.0,0.7602969348659003,2.1132662835249043,2.1132662835249043,0.13957130288509126,0.0,0.0,0.0,0.023946360153256702,0.023946360153256702,0.0009965574002951001
guangzhou_ssp245_mid_2050s_typical_2054,Guangzhou,ssp245,mid_2050s,typical,2054,16704,8ff5ffceea572cd3eddb1b57a6867499ceb35c18760694510d7a2bc5438932b5,0.022729607940224474,0.021635610733293013,0.03479782683666469,0.044197155548260834,0.002573571966770841,0.020156035973453633,0.002562782139114526,0.019072828594178484,25.73036398467433,22.16235632183908,49.820402298850574,63.24832375478927,37.51795977011494,25.496363016328523,6.698994252873564,4.962883141762452,15.265804597701148,21.665469348659002,14.966475095785443,3.932218283268296,1.0057471264367817,0.3771551724137931,10.027538314176246,15.666906130268199,14.661159003831417,2.1874047300930357,0.08381226053639847,0.005986590038314176,6.190134099616858,12.164750957854405,12.080938697318008,1.3556876279130015,0.0,0.0,1.4008620689655173,2.951388888888889,2.951388888888889,0.22106256854732648,0.0,0.0,0.101772030651341,0.203544061302682,0.203544061302682,0.015695779054647828
guangzhou_ssp245_near_2030s_heatwave_extreme_2034,Guangzhou,ssp245,near_2030s,heatwave_extreme,2034,16704,8878132b585c77202c9ad0cef0f5d98b3ea8605fad648e67a69a137b51e4fa6c,0.02078009863953077,0.02001366701578722,0.029964342895182326,0.037419883945454875,0.0026011661959958327,0.018178932443534933,0.002586094193517411,0.017427572822269814,20.36637931034483,17.283285440613028,43.7080938697318,57.49521072796935,37.12883141762452,23.005362257929793,4.064894636015326,2.478448275862069,10.243055555555555,14.76293103448276,10.698036398467432,2.5467943346768234,0.8381226053639846,0.5747126436781609,6.088362068965517,9.542624521072797,8.704501915708812,1.3554479811879183,0.06585249042145594,0.0,4.346264367816092,7.656848659003831,7.590996168582375,0.9867797201870612,0.0,0.0,0.5028735632183908,1.9157088122605364,1.9157088122605364,0.10750731846300123,0.0,0.0,0.0,0.0,0.0,0.0
guangzhou_ssp245_near_2030s_hot_2038,Guangzhou,ssp245,near_2030s,hot,2038,16704,5bdb46fa0b1a2034ca47effeb9c04bee5752b8bc75218e1219ee27a4785db683,0.023460408194185753,0.02243514932443066,0.03476932991461338,0.042937122690284255,0.002558247595069823,0.02090216059911593,0.002555353748388927,0.019879795576041734,27.424568965517242,24.77250957854406,49.389367816091955,63.38002873563219,35.95545977011494,27.764892272327668,7.435344827586207,5.405890804597701,15.732758620689655,21.20450191570881,13.769157088122604,4.724449057466066,1.694204980842912,1.215277777777778,10.27897509578544,14.738984674329503,13.044779693486591,2.750261697972777,0.3232758620689655,0.14966475095785442,6.567289272030652,11.260775862068966,10.9375,1.6401263734372025,0.0,0.0,0.7782567049808429,2.143199233716475,2.143199233716475,0.16377855401784064,0.0,0.0,0.0,0.023946360153256702,0.023946360153256702,0.0007222806179673298
guangzhou_ssp245_near_2030s_typical_2031,Guangzhou,ssp245,near_2030s,typical,2031,16704,4b8eaaf49e55af805cb15c622ff7ee932bf753ba56bcbf353ced197db6cc0186,0.020116793333307622,0.019535563120577526,0.029468394192793883,0.03718401115791599,0.002623215753725212,0.017493577579582413,0.0026016211175577653,0.016933942003019765,18.684147509578544,16.145833333333336,39.924568965517246,55.62140804597702,36.93726053639847,21.01511531152509,4.022988505747127,2.813697318007663,9.925766283524904,14.661159003831417,10.63817049808429,2.4414810382167484,0.2274904214559387,0.07782567049808428,6.878591954022989,10.674090038314176,10.446599616858238,1.359107147802234,0.0,0.0,4.262452107279693,8.578783524904214,8.578783524904214,0.8599962688744819,0.0,0.0,0.5866858237547893,1.6882183908045978,1.6882183908045978,0.10778592099848934,0.0,0.0,0.0,0.005986590038314176,0.005986590038314176,0.00024913935007377504
guangzhou_ssp585_baseline_2020s_heatwave_extreme_2026,Guangzhou,ssp585,baseline_2020s,heatwave_extreme,2026,16704,f79cde6490e472796c9f94a820bc3addd0cfcd0189aa8d6a7011295ca14ed164,0.02206242021722148,0.021311139956579524,0.03255503411795113,0.039582195053852784,0.0026086312067048877,0.019453789010516594,0.002589619690182703,0.01872152026639682,24.862308429118773,21.120689655172413,47.832854406130274,61.24281609195402,36.38050766283525,26.081053189910737,5.914750957854406,4.6515804597701145,13.553639846743296,17.618534482758623,11.703783524904214,4.032015847921561,1.2332375478927202,0.9698275862068966,8.512931034482758,12.308429118773946,11.075191570881227,2.1825799532417225,0.035919540229885055,0.0,5.435823754789272,9.141522988505747,9.105603448275861,1.3242503009320732,0.0,0.0,0.38912835249042144,1.2811302681992338,1.2811302681992338,0.0818233152812156,0.0,0.0,0.0,0.005986590038314176,0.005986590038314176,0.00024913935007377504
guangzhou_ssp585_baseline_2020s_hot_2028,Guangzhou,ssp585,baseline_2020s,hot,2028,16704,03fc7a26479d5f883176694bb214b37f7910a1ae373e3737c2ba024246896975,0.021212771621138896,0.02046378146475609,0.031200031232135307,0.03910028736046168,0.002618727064980481,0.01859404455615841,0.002595280779252015,0.01786850068550408,21.426005747126435,18.27705938697318,43.30699233716475,57.956178160919535,36.5301724137931,22.15853855629153,5.262212643678161,3.7954980842911876,11.907327586206897,17.175526819923373,11.913314176245212,3.2256429489965863,0.5747126436781609,0.2334770114942529,7.770593869731801,12.637691570881227,12.062978927203066,1.782536884409085,0.0,0.0,4.436063218390805,9.428879310344827,9.428879310344827,1.0260212465883938,0.0,0.0,0.6166187739463601,1.6403256704980842,1.6403256704980842,0.10869589123969156,0.0,0.0,0.0,0.0,0.0,0.0
guangzhou_ssp585_baseline_2020s_typical_2025,Guangzhou,ssp585,baseline_2020s,typical,2025,16704,605b7f297317456119025d97f2317012fcdb0384c3a0d521acacd031bcda85b7,0.020654430833079683,0.01979950250315299,0.03144686561735178,0.039973656190497864,0.002646812728333382,0.0180076181047463,0.002623341341418163,0.017176161161734826,21.521791187739463,18.29501915708812,40.14607279693487,54.55579501915708,33.03400383141762,21.584467133423505,4.693486590038314,2.5263409961685825,12.308429118773946,16.96000957854406,12.266522988505747,2.5969033786470006,0.40110153256704983,0.005986590038314176,8.249521072796934,12.368295019157088,11.96719348659004,1.4718082899410303,0.0,0.0,5.280172413793103,10.081417624521073,10.081417624521073,0.9959784823464551,0.0,0.0,1.1853448275862069,3.1609195402298855,3.1609195402298855,0.20617082684537652,0.0,0.0,0.0,0.005986590038314176,0.005986590038314176,0.00024913935007377504
guangzhou_ssp585_late_2080s_heatwave_extreme_2086,Guangzhou,ssp585,late_2080s,heatwave_extreme,2086,16704,313a0feb003c90b5a00ec6354356ea1890cf9ec43500ecfac0719f74b7d0b9be,0.04501093725465252,0.04195600113490745,0.06964214810054017,0.08719595570967967,0.0020617783540306375,0.042949158900621884,0.0020841445009478743,0.03987185663395959,52.316810344827594,50.287356321839084,68.04956896551724,78.16091954022988,25.844109195402297,49.0432059801611,32.99808429118774,30.052681992337167,45.42624521072797,50.79621647509579,17.79813218390805,27.75306241887242,20.79741379310345,19.32471264367816,37.434147509578544,45.42624521072797,24.62883141762452,19.65823607079221,12.547892720306514,9.746168582375478,31.902538314176244,41.93606321839081,29.388170498084293,14.617076106509005,1.4547413793103448,0.6704980842911877,9.782088122605364,17.792145593869733,16.33740421455939,1.7204000477286299,0.28735632183908044,0.0,2.274904214559387,3.939176245210728,3.6518199233716477,0.40675288875141835
guangzhou_ssp585_late_2080s_hot_2086,Guangzhou,ssp585,late_2080s,hot,2086,16704,313a0feb003c90b5a00ec6354356ea1890cf9ec43500ecfac0719f74b7d0b9be,0.04501093725465252,0.04195600113490745,0.06964214810054017,0.08719595570967967,0.0020617783540306375,0.042949158900621884,0.0020841445009478743,0.03987185663395959,52.316810344827594,50.287356321839084,68.04956896551724,78.16091954022988,25.844109195402297,49.0432059801611,32.99808429118774,30.052681992337167,45.42624521072797,50.79621647509579,17.79813218390805,27.75306241887242,20.79741379310345,19.32471264367816,37.434147509578544,45.42624521072797,24.62883141762452,19.65823607079221,12.547892720306514,9.746168582375478,31.902538314176244,41.93606321839081,29.388170498084293,14.617076106509005,1.4547413793103448,0.6704980842911877,9.782088122605364,17.792145593869733,16.33740421455939,1.7204000477286299,0.28735632183908044,0.0,2.274904214559387,3.939176245210728,3.6518199233716477,0.40675288875141835
guangzhou_ssp585_late_2080s_typical_2087,Guangzhou,ssp585,late_2080s,typical,2087,16704,4b2a940257667b0ecd917354226e45fde55e957c254dd59e3f220f3765daf614,0.02893829036414833,0.02688536490059597,0.04764809370879757,0.06142430916310069,0.0024175042681480637,0.026520786096000268,0.002435390918549988,0.024449973982045983,43.21719348659004,39.9485153256705,65.73874521072797,77.94540229885058,34.72820881226053,40.76935205318201,13.870929118773947,9.410919540229886,30.387931034482758,39.439655172413794,25.568726053639846,8.543536591226838,2.861590038314176,1.3829022988505748,20.605842911877396,30.381944444444443,27.52035440613027,4.595247305865177,0.22150383141762453,0.05387931034482758,13.535680076628353,24.28759578544061,24.06609195402299,2.886166985134382,0.0,0.0,3.065134099616858,6.202107279693487,6.202107279693487,0.4769171697632946,0.0,0.0,0.18558429118773948,0.3951149425287357,0.3951149425287357,0.027405328508115254
guangzhou_ssp585_mid_2050s_heatwave_extreme_2059,Guangzhou,ssp585,mid_2050s,heatwave_extreme,2059,16704,95be191c078c5d563953e053d8d123c8e9ee2dde0cbc497fa2da8ebc1a41d573,0.025930801760446365,0.024423306174826805,0.04028143384894776,0.05019067785156067,0.002511057079494206,0.02341974468095216,0.0025048938668059857,0.021918412308020822,33.68654214559387,30.842911877394634,57.50718390804598,69.76772030651341,36.08117816091954,34.081101709480734,10.961446360153257,7.507183908045977,21.713362068965516,28.430316091954023,17.468869731800766,6.294339654804435,2.3227969348659006,1.4547413793103448,15.301724137931034,21.060823754789272,18.738026819923373,3.8294530717073214,0.5328065134099617,0.14367816091954022,10.213122605363985,16.91810344827586,16.3852969348659,2.4238378291212763,0.0,0.0,2.029454022988506,3.8134578544061304,3.8134578544061304,0.31590286814276125,0.0,0.0,0.0,0.08979885057471264,0.08979885057471264,0.003737090251106625
guangzhou_ssp585_mid_2050s_hot_2057,Guangzhou,ssp585,mid_2050s,hot,2057,16704,254f7d1de622747dbedf9c3fb6517ed1024f4fc1f3f69cddf681f9758e064c2b,0.023737460551743115,0.022575320426191706,0.036119098444505865,0.046615513443845936,0.0025410399268512344,0.02119642062489188,0.0025298351325994412,0.020045485293592263,28.89727011494253,25.490900383141764,52.32878352490421,65.4573754789272,36.560105363984675,28.381394491258323,7.261733716475096,4.986829501915708,17.678400383141764,24.353448275862068,17.091714559386972,4.5659525604725095,1.4727011494252873,0.8800287356321839,11.069204980842912,18.13338122605364,16.660680076628353,2.6735045245532403,0.15565134099616856,0.005986590038314176,7.327586206896551,14.87667624521073,14.721024904214557,1.7720439890799067,0.0,0.0,0.7842432950191571,2.885536398467433,2.885536398467433,0.17437299640245757,0.0,0.0,0.0,0.06585249042145594,0.06585249042145594,0.0027405328508115253
guangzhou_ssp585_mid_2050s_typical_2050,Guangzhou,ssp585,mid_2050s,typical,2050,16704,c230f3f718999ad57b2d2016437262084710f839a769a26151502e1b52f0c2c3,0.024025986370182727,0.02292427030582174,0.03616264805072427,0.04540685109802086,0.0025433587123653177,0.02148262765781741,0.00253913576861472,0.02038513453720702,27.64008620689655,24.92816091954023,50.46695402298851,63.799090038314176,36.15900383141762,29.064131597189803,8.866139846743296,6.501436781609195,17.69037356321839,23.359674329501914,14.493534482758621,5.441588289498687,2.274904214559387,1.5864463601532566,12.092911877394636,16.983955938697317,14.70905172413793,3.3855475146917766,0.4789272030651341,0.34123563218390807,8.512931034482758,14.34985632183908,13.870929118773947,2.3021884700429367,0.0,0.0,0.951867816091954,2.8735632183908044,2.8735632183908044,0.18011534961094633,0.0,0.0,0.0,0.0,0.0,0.0
guangzhou_ssp585_near_2030s_heatwave_extreme_2033,Guangzhou,ssp585,near_2030s,heatwave_extreme,2033,16704,af9bf2f793d00dca36a271e21bfc405a982920d2dc893297255af9347cf0cd7b,0.022594061888536757,0.021650083613566712,0.03371674999572167,0.04263664769298733,0.002601136747977702,0.01999292514055906,0.0025805601365638687,0.01906952347700284,24.580938697318008,22.14439655172414,46.42600574712644,58.83620689655172,34.25526819923372,25.45599574871516,6.76484674329502,5.172413793103448,15.858477011494255,21.25838122605364,14.493534482758621,4.540437249647996,1.8977490421455938,1.1973180076628354,9.841954022988505,15.211925287356323,13.31417624521073,2.5837816630423776,0.05986590038314176,0.011973180076628351,6.387691570881227,12.140804597701148,12.080938697318008,1.635402663002088,0.0,0.0,0.8081896551724138,2.6760057471264367,2.6760057471264367,0.16664569926045922,0.0,0.0,0.0,0.04190613026819923,0.04190613026819923,0.0017439754505164252
guangzhou_ssp585_near_2030s_hot_2033,Guangzhou,ssp585,near_2030s,hot,2033,16704,af9bf2f793d00dca36a271e21bfc405a982920d2dc893297255af9347cf0cd7b,0.022594061888536757,0.021650083613566712,0.03371674999572167,0.04263664769298733,0.002601136747977702,0.01999292514055906,0.0025805601365638687,0.01906952347700284,24.580938697318008,22.14439655172414,46.42600574712644,58.83620689655172,34.25526819923372,25.45599574871516,6.76484674329502,5.172413793103448,15.858477011494255,21.25838122605364,14.493534482758621,4.540437249647996,1.8977490421455938,1.1973180076628354,9.841954022988505,15.211925287356323,13.31417624521073,2.5837816630423776,0.05986590038314176,0.011973180076628351,6.387691570881227,12.140804597701148,12.080938697318008,1.635402663002088,0.0,0.0,0.8081896551724138,2.6760057471264367,2.6760057471264367,0.16664569926045922,0.0,0.0,0.0,0.04190613026819923,0.04190613026819923,0.0017439754505164252
guangzhou_ssp585_near_2030s_typical_2039,Guangzhou,ssp585,near_2030s,typical,2039,16704,4950b4582b126b607bddff18c337fb971d50be3870ac3761c7362507c6c67f61,0.020262380835043066,0.0197273931550029,0.029131716482532974,0.03628102492119703,0.0026344455549883817,0.017627935280054685,0.002613975098620641,0.01711341805638226,19.384578544061306,16.331417624521073,41.73251915708812,55.84889846743295,36.46431992337165,20.46230180523715,3.484195402298851,2.6999521072796933,10.099377394636015,14.792863984674328,11.308668582375478,2.699459716410236,0.38912835249042144,0.26939655172413796,5.268199233716475,9.081657088122604,8.692528735632184,1.277831929478396,0.0,0.0,2.9154693486590038,6.339798850574713,6.339798850574713,0.7090436090250021,0.0,0.0,0.21551724137931033,1.1314655172413792,1.1314655172413792,0.05934121055675411,0.0,0.0,0.0,0.0,0.0,0.0
houston_ssp245_baseline_2020s_heatwave_extreme_2026,Houston,ssp245,baseline_2020s,heatwave_extreme,2026,16704,a0092958bbba7621fc0a726c0115d447147ebb3d3e4444687414df702b0dc3eb,0.02202831862512091,0.02071997472732837,0.03427792306282256,0.04386413476012743,0.002658801336113892,0.019369517289007016,0.00263579800463581,0.018084176722692562,28.089080459770116,23.102250957854405,49.29358237547893,61.877394636015325,33.78831417624521,26.342364692690534,5.729166666666666,3.436302681992337,15.732758620689655,22.000718390804597,16.271551724137932,3.207321341645762,0.4250478927203065,0.011973180076628351,10.039511494252872,16.09794061302682,15.672892720306514,1.8337520595103054,0.0,0.0,5.836925287356322,12.643678160919542,12.643678160919542,1.130305422339661,0.0,0.0,1.0476532567049808,2.9154693486590038,2.9154693486590038,0.17313721283641448,0.0,0.0,0.0,0.04190613026819923,0.04190613026819923,0.0017439754505164252
houston_ssp245_baseline_2020s_hot_2026,Houston,ssp245,baseline_2020s,hot,2026,16704,a0092958bbba7621fc0a726c0115d447147ebb3d3e4444687414df702b0dc3eb,0.02202831862512091,0.02071997472732837,0.03427792306282256,0.04386413476012743,0.002658801336113892,0.019369517289007016,0.00263579800463581,0.018084176722692562,28.089080459770116,23.102250957854405,49.29358237547893,61.877394636015325,33.78831417624521,26.342364692690534,5.729166666666666,3.436302681992337,15.732758620689655,22.000718390804597,16.271551724137932,3.207321341645762,0.4250478927203065,0.011973180076628351,10.039511494252872,16.09794061302682,15.672892720306514,1.8337520595103054,0.0,0.0,5.836925287356322,12.643678160919542,12.643678160919542,1.130305422339661,0.0,0.0,1.0476532567049808,2.9154693486590038,2.9154693486590038,0.17313721283641448,0.0,0.0,0.0,0.04190613026819923,0.04190613026819923,0.0017439754505164252
houston_ssp245_baseline_2020s_typical_2027,Houston,ssp245,baseline_2020s,typical,2027,16704,edf1fabea3379e150c3998a611126278cfcbccb1a38707bac759487b2f3b1d00,0.020357260778715136,0.01933563434457361,0.030432150831951516,0.03820365440878302,0.002681040982169837,0.017676219796545302,0.0026482173097888088,0.016687417034784807,20.701628352490424,16.97198275862069,46.46192528735632,61.16499042145593,40.463362068965516,21.34899507255572,3.2626915708812256,1.8797892720306513,10.302921455938698,14.427681992337165,11.16499042145594,1.9503092861600604,0.14966475095785442,0.005986590038314176,6.303879310344827,10.560344827586206,10.410680076628353,1.0260687217293285,0.0,0.0,3.5919540229885056,7.806513409961687,7.806513409961687,0.6917830848924482,0.0,0.0,0.6405651340996169,1.7361111111111112,1.7361111111111112,0.11521484931625299,0.0,0.0,0.0,0.02993295019157088,0.02993295019157088,0.0012456967503688752
houston_ssp245_late_2080s_heatwave_extreme_2081,Houston,ssp245,late_2080s,heatwave_extreme,2081,16704,c4d735e7ebe9319e93399e29711588aa545c0391f830bc973e4534fabef55876,0.025747934576535503,0.024307641280262384,0.0387492422001057,0.04787574218469725,0.0025148214127932536,0.02323311316374224,0.0025184298975534803,0.021789211382708902,34.440852490421456,30.148467432950195,54.32830459770115,66.62476053639847,32.18390804597701,34.44860621070568,11.290708812260537,8.566810344827585,21.521791187739463,26.634339080459768,15.343630268199234,7.339232191810523,3.7835249042145596,2.807710727969349,15.553160919540229,21.50383141762452,17.720306513409962,4.6754927185692905,0.46096743295019155,0.13170498084291188,10.620210727969347,18.025622605363985,17.564655172413794,2.885903318463278,0.0,0.0,0.7962164750957854,2.1132662835249043,2.1132662835249043,0.11517281741471165,0.0,0.0,0.0,0.011973180076628351,0.011973180076628351,0.0004982787001475501
houston_ssp245_late_2080s_hot_2085,Houston,ssp245,late_2080s,hot,2085,16704,7be7aecd5f4b67062dc2002d416b75365030696084ec4dcab73f8a46c0341c72,0.024790702519404708,0.02319522863719827,0.038242897466477896,0.048345476221390675,0.00253801686605642,0.022252685653348293,0.0025343959811557184,0.020660832656042554,30.771072796934867,27.095306513409962,52.63409961685823,66.32543103448276,35.554358237547895,29.986690320807767,9.243295019157088,6.381704980842912,20.821360153256705,26.927681992337167,17.68438697318008,5.700784595110927,2.310823754789272,1.5445402298850575,14.882662835249041,21.677442528735632,19.36661877394636,3.5833129345233465,0.11374521072796935,0.0,9.554597701149426,17.77418582375479,17.66044061302682,2.3216806502309115,0.0,0.0,1.0296934865900382,2.861590038314176,2.861590038314176,0.16821877141319908,0.0,0.0,0.0,0.04190613026819923,0.04190613026819923,0.0017439754505164252
houston_ssp245_late_2080s_typical_2086,Houston,ssp245,late_2080s,typical,2086,16704,0becd6ec4147d3c1382875a85dcc13af38c6280965385a327b27c6a1e550ba7c,0.022253698881217244,0.021061992002753008,0.033374398951875585,0.04160466237238108,0.0026098127599111327,0.01964388612130611,0.0025867039084050553,0.018475288094347956,26.430795019157088,22.03065134099617,51.11350574712644,64.85871647509579,38.427921455938694,27.267613169623605,5.549568965517242,3.6159003831417627,14.080459770114942,19.001436781609197,13.451867816091953,3.4677230544240727,1.0775862068965518,0.6226053639846743,9.428879310344827,14.194204980842912,13.116618773946358,1.8917218380914962,0.10775862068965517,0.0,5.465756704980843,10.775862068965516,10.668103448275861,1.2111419972770594,0.0,0.0,0.7543103448275862,1.873802681992337,1.873802681992337,0.12457752147248115,0.0,0.0,0.0,0.005986590038314176,0.005986590038314176,0.00024913935007377504
houston_ssp245_mid_2050s_heatwave_extreme_2058,Houston,ssp245,mid_2050s,heatwave_extreme,2058,16704,ea3a0ba8cb1036c723c99fd1f46632265e8c29b78c3ede1b4745d4de7e2d9401,0.023254379314044848,0.022026759317611704,0.034410795202241794,0.04292885831769685,0.002577536883063777,0.020676842430981078,0.0025669407597051527,0.019459818557906555,30.28615900383142,25.646551724137932,50.71240421455939,65.33165708812261,35.04549808429119,31.068704212431502,7.423371647509579,5.262212643678161,16.564894636015325,20.92911877394636,13.505747126436782,4.8809691418726215,2.3647030651340994,1.7181513409961684,11.566091954022989,17.097701149425287,14.732998084291188,3.1175433988779906,0.1736111111111111,0.0,7.064176245210728,13.793103448275861,13.61949233716475,2.048619644860818,0.0,0.0,0.4190613026819923,1.3050766283524906,1.3050766283524906,0.059548342037248556,0.0,0.0,0.0,0.0,0.0,0.0
houston_ssp245_mid_2050s_hot_2056,Houston,ssp245,mid_2050s,hot,2056,16704,5b1adc01d790d3cff03dd76d9bc2c017714bbd437ef442581b18c550c0a89630,0.02273291348210187,0.021214212291916404,0.03482407706208342,0.04466499022391461,0.002597341512055806,0.020135571970046066,0.0025807541984015844,0.018633458093514826,28.735632183908045,23.245929118773947,56.11230842911878,70.04310344827587,41.30747126436782,28.723973329878422,4.938936781609195,2.1132662835249043,15.373563218390803,21.904932950191572,16.965996168582375,2.7754408256808456,0.16762452107279693,0.02993295019157088,9.566570881226054,16.41522988505747,16.247605363984675,1.6235982834265614,0.0,0.0,5.256226053639847,12.35632183908046,12.35632183908046,1.0994321615548606,0.0,0.0,0.9099616858237548,2.3946360153256707,2.3946360153256707,0.1543411905237106,0.0,0.0,0.0,0.04190613026819923,0.04190613026819923,0.0017439754505164252
houston_ssp245_mid_2050s_typical_2052,Houston,ssp245,mid_2050s,typical,2052,16704,27b9a0ab448fb7ceeb3325322f5c0decd349fc2cbcf908392ad8abf7238c2291,0.022465513387138945,0.021378744577710322,0.0328576831172546,0.04067357121226314,0.002568247533257501,0.019897265853881446,0.0025628643163497487,0.018815880261360576,25.778256704980844,21.62954980842912,49.98802681992337,64.1882183908046,38.40996168582376,26.731977325263234,6.471503831417625,4.621647509578544,13.745210727969347,18.917624521072796,12.446120689655173,3.8513323466809455,1.323036398467433,0.7902298850574714,8.908045977011495,13.94875478927203,12.625718390804597,2.2787725073070426,0.05986590038314176,0.0,5.884818007662835,10.973419540229886,10.913553639846743,1.4117363154837224,0.0,0.0,0.4370210727969348,1.3529693486590038,1.3529693486590038,0.06959121484597869,0.0,0.0,0.0,0.0,0.0,0.0
houston_ssp245_near_2030s_heatwave_extreme_2039,Houston,ssp245,near_2030s,heatwave_extreme,2039,16704,b0ad24d20ecfc428a317e77c652f59910cc0144ddf32d50945206ea8fe801632,0.02285713512088882,0.02159650930291331,0.03455192854009047,0.04333951998773375,0.002612384473958802,0.02024475064693002,0.002594300584139306,0.019002208718774005,28.46024904214559,23.874521072796934,51.50263409961686,65.5411877394636,37.080938697318004,29.124231472754996,6.998323754789272,4.561781609195402,15.032327586206899,20.408285440613028,13.409961685823754,3.983986878406477,1.430795019157088,0.6645114942528735,10.43462643678161,15.900383141762454,14.469588122605364,2.273786331798925,0.11973180076628352,0.011973180076628351,6.321839080459771,12.67361111111111,12.55387931034483,1.3287954779214746,0.0,0.0,1.0775862068965518,2.693965517241379,2.693965517241379,0.18232121937113943,0.0,0.0,0.023946360153256702,0.203544061302682,0.203544061302682,0.00946729530280345
houston_ssp245_near_2030s_hot_2038,Houston,ssp245,near_2030s,hot,2038,16704,6fbf1be7b195d5cfe7dc969cad1131a7bb3efd2dc840eb3d7d9690371fba3d48,0.02453964850199352,0.022786418941857133,0.037980687988379634,0.048543740593037434,0.0025529298934862978,0.02198671860850722,0.0025452929633316334,0.020241125978525502,34.74616858237548,28.987068965517242,60.08740421455939,72.38984674329501,37.64367816091954,33.37859812254699,6.812739463601533,4.082854406130268,19.061302681992338,25.909961685823756,19.09722222222222,4.102065039867409,0.7662835249042145,0.26939655172413796,12.571839080459771,20.438218390804597,19.671934865900383,2.4878525954084467,0.011973180076628351,0.0,7.387452107279693,15.792624521072796,15.780651340996169,1.5115320416918934,0.0,0.0,1.1434386973180075,3.0292145593869733,3.0292145593869733,0.1816627916762112,0.0,0.0,0.0,0.023946360153256702,0.023946360153256702,0.0009965574002951001
houston_ssp245_near_2030s_typical_2033,Houston,ssp245,near_2030s,typical,2033,16704,c35b6ef4a940e665534683731affbed1764921a7d9ddf1394fd62e2c1486b270,0.02181146967860819,0.02070121051783153,0.03267887692909388,0.0407672964587329,0.002651390757832506,0.01916007892077569,0.0026181645514374136,0.018083045966394113,26.5625,22.13242337164751,47.65924329501915,60.68606321839081,34.12356321839081,26.43022088356887,6.13625478927203,3.915229885057471,14.12236590038314,19.198994252873565,13.062739463601533,3.420554164797076,0.9339080459770116,0.5507662835249042,9.440852490421456,14.703065134099615,13.769157088122604,2.0865750407357133,0.02993295019157088,0.0,5.818965517241379,11.464319923371647,11.434386973180075,1.239031113212235,0.0,0.0,0.6226053639846743,1.6882183908045978,1.6882183908045978,0.10211198678581997,0.0,0.0,0.0,0.08381226053639847,0.08381226053639847,0.0034879509010328504
houston_ssp585_baseline_2020s_heatwave_extreme_2025,Houston,ssp585,baseline_2020s,heatwave_extreme,2025,16704,53fbfe963d868d13331fde11a084b2730398f466b26106db3097ab9685bccaa1,0.022383754162668745,0.02121755993883747,0.03406192576862869,0.04248438222910384,0.002610899723226465,0.01977285443944228,0.002593882596765015,0.018623677342072455,27.981321839080458,23.389607279693486,48.401580459770116,62.58979885057471,34.60847701149425,27.548028315845713,6.854645593869732,4.609674329501916,15.85249042145594,21.066810344827587,14.212164750957854,3.992285427301242,1.0955459770114944,0.44300766283524906,10.416666666666668,15.625,14.529454022988505,2.242169594205672,0.0,0.0,6.453544061302682,12.338362068965516,12.338362068965516,1.3170254280036677,0.0,0.0,0.7662835249042145,2.0114942528735633,2.0114942528735633,0.12426269075427514,0.0,0.0,0.0,0.05387931034482758,0.05387931034482758,0.002242254150663975
houston_ssp585_baseline_2020s_hot_2026,Houston,ssp585,baseline_2020s,hot,2026,16704,328d81cbee8e0a514dd69f7b33e99c77410e9e35647af85c5183ab9e3ca56fa9,0.021501688225217,0.020366266994337016,0.03329075646871521,0.04239007203240774,0.0026246925571789983,0.018876995668038,0.002610206014963292,0.017756060979373725,25.0,21.342193486590038,47.162356321839084,60.39272030651341,35.39272030651341,24.293143503788848,5.501676245210728,2.885536398467433,15.074233716475097,20.707614942528735,15.205938697318008,3.2837296430729164,0.8381226053639846,0.4250478927203065,9.434865900383143,15.15205938697318,14.313936781609197,1.7875090132354128,0.06585249042145594,0.0,5.549568965517242,11.350574712643677,11.284722222222223,1.108908745210978,0.0,0.0,0.9877873563218391,2.747844827586207,2.747844827586207,0.17509116755492257,0.0,0.0,0.0,0.035919540229885055,0.035919540229885055,0.001403418516987394
houston_ssp585_baseline_2020s_typical_2025,Houston,ssp585,baseline_2020s,typical,2025,16704,53fbfe963d868d13331fde11a084b2730398f466b26106db3097ab9685bccaa1,0.022383754162668745,0.02121755993883747,0.03406192576862869,0.04248438222910384,0.002610899723226465,0.01977285443944228,0.002593882596765015,0.018623677342072455,27.981321839080458,23.389607279693486,48.401580459770116,62.58979885057471,34.60847701149425,27.548028315845713,6.854645593869732,4.609674329501916,15.85249042145594,21.066810344827587,14.212164750957854,3.992285427301242,1.0955459770114944,0.44300766283524906,10.416666666666668,15.625,14.529454022988505,2.242169594205672,0.0,0.0,6.453544061302682,12.338362068965516,12.338362068965516,1.3170254280036677,0.0,0.0,0.7662835249042145,2.0114942528735633,2.0114942528735633,0.12426269075427514,0.0,0.0,0.0,0.05387931034482758,0.05387931034482758,0.002242254150663975
houston_ssp585_late_2080s_heatwave_extreme_2086,Houston,ssp585,late_2080s,heatwave_extreme,2086,16704,22f1a3d8323ed4683849ae397a730ef520c85fc4e803c0c252d171b7fa24dff6,0.030973342768070646,0.02919759003984003,0.047031931636726566,0.05806113621840536,0.0024010798802597253,0.028572262887810923,0.002407273535159149,0.026790316504680882,40.349616858237546,36.91930076628353,60.73994252873563,72.38984674329501,32.04022988505747,40.67261592016816,17.935823754789272,15.433429118773947,29.87308429118774,35.63817049808429,17.70234674329502,13.807854170424783,8.776340996168583,6.9145114942528725,22.10249042145594,28.891283524904214,20.114942528735632,8.00712658124254,2.3287835249042144,0.9937739463601534,16.187739463601535,24.407327586206897,22.078544061302683,5.156923391196069,0.0,0.0,2.03544061302682,5.034722222222222,5.034722222222222,0.3294968118007223,0.0,0.0,0.101772030651341,0.21551724137931033,0.21551724137931033,0.015736969837519092
houston_ssp585_late_2080s_hot_2080,Houston,ssp585,late_2080s,hot,2080,16704,9e0952d446a257fdf5f17e022b3a9c0717a89b2bf5991d6b5f36f3c338c0ba21,0.03032890497637354,0.028500524775848614,0.04568432142048808,0.05614651755300184,0.0023905437236186222,0.02793836125275492,0.002402893355933779,0.026097631419914835,36.446360153256705,33.4051724137931,58.752394636015325,70.71958812260536,34.27322796934866,36.38460797216005,17.091714559386972,14.858716475095784,27.035440613026818,32.0941091954023,15.002394636015326,12.96051462272215,8.35727969348659,6.830699233716475,20.3544061302682,26.011733716475092,17.654454022988507,7.7836143627124725,2.3347701149425286,1.2452107279693485,15.445402298850574,22.078544061302683,19.74377394636015,5.057223336228627,0.035919540229885055,0.0,2.2509578544061304,5.363984674329502,5.328065134099616,0.3522601625764921,0.0,0.0,0.14367816091954022,0.3113026819923371,0.3113026819923371,0.019092312372225417
houston_ssp585_late_2080s_typical_2088,Houston,ssp585,late_2080s,typical,2088,16704,67f027cdc7d4015cd6bb7ed6ac4527a7daeca33aa8ac93454d11a4d6af143639,0.030799916436133744,0.029213869092717816,0.04564812544448844,0.056368392444698594,0.0023900236080700373,0.02840989282806371,0.0023817083493710006,0.026832160743346815,38.326149425287355,34.89583333333333,60.302921455938694,71.92887931034483,33.60272988505747,39.766046682228456,17.355124521072796,15.56513409961686,27.358716475095786,32.83644636015325,15.481321839080458,14.079133241860378,9.542624521072797,7.878352490421456,20.38433908045977,26.658285440613028,17.11566091954023,8.647760338609652,3.400383141762452,1.7540708812260535,15.846503831417625,23.05435823754789,19.65397509578544,5.855697385850853,0.0,0.0,2.406609195402299,5.8788314176245215,5.8788314176245215,0.3707116506659557,0.0,0.0,0.0,0.11374521072796935,0.11374521072796935,0.00308807106930211
houston_ssp585_mid_2050s_heatwave_extreme_2059,Houston,ssp585,mid_2050s,heatwave_extreme,2059,16704,acd8b47b1f28991ce947464a7e067b5d5bf2e9bcb84473523242476a436dd105,0.024439690735803,0.023002346330623574,0.037242186326443646,0.04618919044375733,0.0025515569995930502,0.02188813373620995,0.002545491505806744,0.02045685482481683,29.801245210727966,26.676245210727966,52.975335249042146,65.23587164750958,35.434626436781606,31.986990978436065,9.764128352490422,6.716954022988506,18.157327586206897,23.18007662835249,13.41594827586207,5.5491841056617615,2.7777777777777777,1.6822318007662835,13.601532567049809,18.384818007662833,15.607040229885058,3.4411462518379365,0.4669540229885058,0.023946360153256702,9.327107279693486,15.481321839080458,15.014367816091953,2.274106858092125,0.0,0.0,1.5086206896551724,3.274664750957854,3.274664750957854,0.23437569872929517,0.0,0.0,0.023946360153256702,0.06585249042145594,0.06585249042145594,0.003737090251106625
houston_ssp585_mid_2050s_hot_2058,Houston,ssp585,mid_2050s,hot,2058,16704,44e90d9fca09bad28b3bef7af9b0023d0b1b7cdd2d4db19abe0517fcd22e9742,0.024843949325831633,0.023252447070932655,0.038286169078004265,0.04841770339175509,0.0025382141963264417,0.02230573512950519,0.0025328031971645587,0.0207196438737681,31.154214559386972,27.424568965517242,54.79525862068966,68.27705938697318,37.122844827586206,31.15675867901234,9.686302681992338,6.693007662835249,20.001197318007662,26.329022988505745,16.642720306513407,5.607659144228061,2.197078544061303,1.2751436781609196,14.140325670498086,20.228687739463602,18.031609195402297,3.385358539358574,0.16762452107279693,0.0,9.297174329501916,16.5110153256705,16.343390804597703,2.14473131935802,0.0,0.0,1.4487547892720307,3.442289272030651,3.442289272030651,0.223815598018379,0.0,0.0,0.0,0.101772030651341,0.101772030651341,0.004235368951254176
houston_ssp585_mid_2050s_typical_2055,Houston,ssp585,mid_2050s,typical,2055,16704,067ed726cd32b1dc593eb33d53f6ba27798862a5fd51f304c2f6015f6d559054,0.024072902738392417,0.0226734435072841,0.03705233763574848,0.046462332562888536,0.0025837287399902405,0.02148917399840218,0.0025718567176714426,0.02010158678961266,32.537116858237546,28.56800766283525,51.80795019157088,65.72677203065133,33.189655172413794,30.909751925246614,8.518917624521073,5.681273946360153,19.175047892720308,25.17361111111111,16.654693486590038,5.012183041588005,1.7540708812260535,1.2452107279693485,13.266283524904216,19.71384099616858,17.95977011494253,3.083590790626095,0.10775862068965517,0.023946360153256702,7.962164750957855,15.33764367816092,15.229885057471265,1.7801386988729715,0.0,0.0,1.3350095785440612,2.8795498084291187,2.8795498084291187,0.19520617208612015,0.0,0.0,0.005986590038314176,0.15565134099616856,0.15565134099616856,0.006726762451991926
houston_ssp585_near_2030s_heatwave_extreme_2037,Houston,ssp585,near_2030s,heatwave_extreme,2037,16704,109d4e4728a3e93da0367d2ac6147d94865e3a153a77241ee2208031c232ff0e,0.023466127387442474,0.022017826562260347,0.03565108025164701,0.04501029454816544,0.002572727859103552,0.02089339952833892,0.002558939708035523,0.019458886854224828,31.752873563218394,25.99976053639847,53.47222222222222,66.35536398467433,34.60249042145594,29.162155410791623,6.8486590038314175,4.190613026819923,17.277298850574713,23.79669540229885,16.948036398467433,4.133165210437432,1.0835727969348659,0.5687260536398467,10.53639846743295,17.64248084291188,16.55890804597701,2.362216586169591,0.023946360153256702,0.005986590038314176,6.405651340996169,13.421934865900385,13.397988505747128,1.4419504876946394,0.0,0.0,0.8740421455938696,2.2689176245210727,2.2689176245210727,0.14335705785925174,0.0,0.0,0.0,0.047892720306513405,0.047892720306513405,0.0019931148005902003
houston_ssp585_near_2030s_hot_2035,Houston,ssp585,near_2030s,hot,2035,16704,898f8e3bcb5e21391dfc68cd6e889e20f8ca6d3d5cbc2ef7f9c154f142c3b95d,0.022765307954469065,0.021312147362932035,0.0344954501847132,0.043547325183733776,0.002606239092777487,0.020159068861691578,0.0025878704187968877,0.018724276944135147,29.88505747126437,23.557231800766285,55.20234674329502,69.29477969348659,39.40972222222222,29.727766898124063,5.112547892720307,2.8017241379310347,15.39750957854406,21.324233716475096,16.21168582375479,3.1983778590027323,0.3172892720306513,0.1736111111111111,9.686302681992338,16.169779693486593,15.85249042145594,1.7762971056350996,0.0,0.0,5.076628352490421,11.727729885057471,11.727729885057471,1.0427471076303294,0.0,0.0,0.6704980842911877,1.8498563218390804,1.8498563218390804,0.11890677149477703,0.0,0.0,0.0,0.04190613026819923,0.04190613026819923,0.0017439754505164252
houston_ssp585_near_2030s_typical_2038,Houston,ssp585,near_2030s,typical,2038,16704,0a723a403629f779fbd853286da52b2f35d7d4590765a11e7bc2c7d9205bd794,0.021280150924736625,0.020202802621545064,0.03306846210073761,0.04183786351584209,0.002658291474172838,0.018621859450563792,0.0026283199142473853,0.01757448270729768,25.85009578544061,21.725335249042146,45.06704980842912,58.459051724137936,32.60895593869732,24.163253633003972,5.603448275862069,3.1070402298850572,14.93654214559387,19.785680076628353,14.182231800766285,3.302699080023426,0.5986590038314177,0.18558429118773948,9.997605363984674,14.882662835249041,14.284003831417625,1.6617260725808776,0.023946360153256702,0.0,5.609434865900384,11.81154214559387,11.787595785440613,1.0715952790890961,0.0,0.0,1.0955459770114944,2.658045977011494,2.658045977011494,0.17403282398032058,0.0,0.0,0.0,0.05387931034482758,0.05387931034482758,0.002242254150663975
kolkata_ssp245_baseline_2020s_heatwave_extreme_2027,Kolkata,ssp245,baseline_2020s,heatwave_extreme,2027,16704,40ce2ea294097090c5c103ea92d7a994c1f3b236e047f5ca7013960a88ce921c,0.030639568042745674,0.02872009531422433,0.04753238233190484,0.06054812603939341,0.002393257777711488,0.02824631026503419,0.0024032080271831975,0.026316887287041135,35.06944444444444,31.273946360153253,54.45402298850575,66.63074712643679,31.561302681992338,31.64027610697965,11.524185823754788,9.392959770114942,25.341235632183906,33.770354406130274,22.24616858237548,9.332954376208361,5.01676245210728,4.477969348659004,17.64248084291188,26.29310344827586,21.27634099616858,6.644485941971279,2.9274425287356323,2.9693486590038316,12.051005747126437,21.497844827586206,18.570402298850574,4.965456219902034,1.5086206896551724,1.394875478927203,3.436302681992337,6.567289272030652,5.0586685823754785,1.3503951770651506,1.2392241379310345,0.9638409961685823,1.5505268199233717,1.700191570881226,0.46096743295019155,0.6953321851207949
kolkata_ssp245_baseline_2020s_hot_2028,Kolkata,ssp245,baseline_2020s,hot,2028,16704,f36f5db5e4cdaf6c8c09d5d4fbfe502579eed57babc6307a6874d7fd44925ba9,0.026423242629488718,0.024841426991996506,0.04243493962238756,0.055662118571228734,0.002445493034694926,0.023977749594793794,0.002454833472069047,0.022386593519927462,34.88984674329502,31.788793103448278,56.55531609195402,68.73802681992338,33.84818007662835,31.539776941211716,9.895833333333332,6.974377394636015,24.820402298850574,32.764607279693486,22.86877394636015,7.159965386745903,2.58022030651341,1.8977490421455938,16.81633141762452,25.245450191570885,22.66522988505747,4.430654488894806,0.9279214559386973,0.8081896551724138,11.506226053639846,21.366139846743295,20.438218390804597,3.084753529043633,0.0,0.0,1.903735632183908,5.507662835249042,5.507662835249042,0.33848962004576,0.0,0.0,0.0,0.3232758620689655,0.3232758620689655,0.013453524903983853
kolkata_ssp245_baseline_2020s_typical_2026,Kolkata,ssp245,baseline_2020s,typical,2026,16704,c6b6a51146ad3ba552b44aecc58d2466cd724d94e1a73547000f3f22fbebe472,0.02567025667881088,0.02422819207378488,0.04032486949223543,0.05144422780649637,0.0024716813679993505,0.023198575310811532,0.0024811306877898878,0.021747061385994998,33.27945402298851,30.232279693486593,55.633381226053636,66.977969348659,33.6985153256705,31.96628683035639,9.08764367816092,6.477490421455939,22.743055555555554,29.507902298850574,20.420258620689655,6.709080335149972,2.2509578544061304,1.5445402298850575,15.367576628352491,23.227969348659002,20.977011494252874,3.902889544665377,0.203544061302682,0.07183908045977011,9.997605363984674,19.001436781609197,18.797892720306514,2.497498496252848,0.0,0.0,1.0416666666666665,3.4482758620689653,3.4482758620689653,0.21716078726062077,0.0,0.0,0.005986590038314176,0.04190613026819923,0.04190613026819923,0.0019931148005902003
kolkata_ssp245_late_2080s_heatwave_extreme_2086,Kolkata,ssp245,late_2080s,heatwave_extreme,2086,16704,2a449d6c0125872b95fe8bdf3c63e96a48ef055a21150a6da50b0c045833f1c0,0.03538462626884351,0.03311998663326011,0.05717611780402989,0.07189737005625364,0.0022545907176589855,0.033130035551184524,0.0022777923749593637,0.03084219425830075,48.5213122605364,45.30651340996169,65.78065134099617,76.33500957854406,27.813697318007662,43.629297536272475,20.71360153256705,17.55866858237548,39.224137931034484,45.276580459770116,24.562978927203066,16.7749052657174,9.542624521072797,7.998084291187739,28.83740421455939,37.47605363984675,27.933429118773944,10.559073861227795,3.532088122605364,3.0292145593869733,22.108477011494255,33.05196360153257,29.519875478927204,7.603485122627488,0.6046455938697318,0.5028735632183908,4.112787356321839,9.979645593869732,9.375,0.8383669623536202,0.35919540229885055,0.19157088122605362,0.6166187739463601,0.9578544061302682,0.5986590038314177,0.1621664179108667
kolkata_ssp245_late_2080s_hot_2087,Kolkata,ssp245,late_2080s,hot,2087,16704,b6e4b7c55cbfe727df0675916d6cc3853857dc1bb907a22e71780327924ee11d,0.03222780323072074,0.030224797088514988,0.052815223229733,0.06778977677595537,0.0023089466203565817,0.029918856610364156,0.002329491402878509,0.027895305685636477,45.08500957854406,42.76819923371647,64.9125957854406,75.55675287356321,30.471743295019156,41.21165133788931,17.9477969348659,14.17624521072797,36.224856321839084,44.52825670498085,26.580459770114945,13.8104228627313,6.615181992337164,5.729166666666666,26.37691570881226,35.48850574712644,28.873323754789272,8.212634125936662,2.0114942528735633,1.3888888888888888,19.01939655172414,30.531609195402297,28.520114942528735,5.574515391737245,0.0,0.0,3.5021551724137927,8.698515325670499,8.698515325670499,0.6136750508568224,0.0,0.0,0.06585249042145594,0.23946360153256704,0.23946360153256704,0.013951803604131402
kolkata_ssp245_late_2080s_typical_2084,Kolkata,ssp245,late_2080s,typical,2084,16704,a3a2d6008cc10e005e7adbec5dead2fce5f4d1aa97cb61523b662ae2073a45a4,0.034885520877388145,0.03318042928137718,0.05406009262084587,0.06855482260710118,0.002245839944039405,0.032639680933348736,0.002251105354250688,0.030929323927126492,42.911877394636015,39.40972222222222,60.09937739463601,70.67768199233716,27.76580459770115,38.678132751677566,19.86949233716475,18.097461685823752,35.27897509578544,41.75646551724138,21.886973180076627,17.89483857736891,11.709770114942529,11.260775862068966,26.77801724137931,34.92576628352491,23.215996168582375,12.681646449942049,6.022509578544062,5.369971264367816,20.420258620689655,30.824952107279696,24.802442528735632,9.107667817843787,0.6046455938697318,0.5028735632183908,3.699712643678161,9.375,8.770354406130268,0.7294638915695101,0.34123563218390807,0.101772030651341,0.6345785440613027,0.9997605363984674,0.6585249042145593,0.13768499813961851
kolkata_ssp245_mid_2050s_heatwave_extreme_2053,Kolkata,ssp245,mid_2050s,heatwave_extreme,2053,16704,063aad9387e82a49bfdc232aea47e15772b749e4a5497fdfe5de5d4a1da52d0a,0.03126937476268669,0.029493400410860435,0.04983572204707946,0.063488782130865,0.0023348144008508618,0.028934560361835827,0.0023498952988189725,0.027143505112041465,43.16930076628353,39.565373563218394,62.90708812260536,74.52107279693486,31.351772030651343,38.967943397716,16.894157088122604,13.41594827586207,33.5727969348659,40.0323275862069,23.13817049808429,12.88866725123549,6.423611111111111,5.669300766283525,24.263649425287355,32.83045977011494,26.406848659003828,8.291723036517377,2.2210249042145596,1.7540708812260535,16.63074712643678,28.119013409961685,25.897988505747126,5.496582190225183,0.005986590038314176,0.0,2.4964080459770113,7.363505747126436,7.357519157088123,0.47096818974551324,0.0,0.0,0.017959770114942528,0.10775862068965517,0.10775862068965517,0.00548106570162305
kolkata_ssp245_mid_2050s_hot_2053,Kolkata,ssp245,mid_2050s,hot,2053,16704,063aad9387e82a49bfdc232aea47e15772b749e4a5497fdfe5de5d4a1da52d0a,0.03126937476268669,0.029493400410860435,0.04983572204707946,0.063488782130865,0.0023348144008508618,0.028934560361835827,0.0023498952988189725,0.027143505112041465,43.16930076628353,39.565373563218394,62.90708812260536,74.52107279693486,31.351772030651343,38.967943397716,16.894157088122604,13.41594827586207,33.5727969348659,40.0323275862069,23.13817049808429,12.88866725123549,6.423611111111111,5.669300766283525,24.263649425287355,32.83045977011494,26.406848659003828,8.291723036517377,2.2210249042145596,1.7540708812260535,16.63074712643678,28.119013409961685,25.897988505747126,5.496582190225183,0.005986590038314176,0.0,2.4964080459770113,7.363505747126436,7.357519157088123,0.47096818974551324,0.0,0.0,0.017959770114942528,0.10775862068965517,0.10775862068965517,0.00548106570162305
kolkata_ssp245_mid_2050s_typical_2058,Kolkata,ssp245,mid_2050s,typical,2058,16704,38a765392334814262b9f70662df3ffd26bc24b3f965862942c85f1c44c1c052,0.02824826207034144,0.026452521412808485,0.04553697218739788,0.05775016258894411,0.002427100165744165,0.025821161904597274,0.002438255607234748,0.024014265805573743,37.122844827586206,33.91403256704981,55.753113026819925,66.98395593869732,29.86111111111111,32.30009730724058,12.392241379310345,9.321120689655173,28.077107279693486,34.12954980842912,21.737308429118773,9.312375506746601,4.825191570881226,3.9930555555555554,20.635775862068968,28.011254789272034,23.186063218390803,6.076050074272605,1.215277777777778,0.8920019157088124,13.954741379310345,24.28759578544061,23.072318007662833,4.119341232839189,0.035919540229885055,0.0,2.238984674329502,5.693247126436781,5.657327586206897,0.38177439187812273,0.0,0.0,0.047892720306513405,0.10775862068965517,0.10775862068965517,0.006726762451991925
kolkata_ssp245_near_2030s_heatwave_extreme_2039,Kolkata,ssp245,near_2030s,heatwave_extreme,2039,16704,ec1efcc7c9955d7e6fa6fba780ac617804826782d74491f56dcd57c3460c7854,0.027102764343084552,0.025666147539019475,0.04188844431715813,0.0539147955209732,0.002426195785149655,0.024676568557934896,0.0024369502543028216,0.023229197284716663,34.85392720306513,31.770833333333332,56.30986590038314,68.48060344827587,33.62667624521073,32.70238702807291,11.709770114942529,9.309147509578544,24.808429118773947,32.650862068965516,20.94109195402299,8.767578642423162,3.915229885057471,2.9633620689655173,16.534961685823752,25.478927203065133,21.563697318007662,5.131672191633957,0.4849137931034483,0.3472222222222222,10.955459770114942,20.731561302681992,20.246647509578544,3.1831281131628404,0.0,0.0,1.1434386973180075,3.915229885057471,3.915229885057471,0.23211347401820762,0.0,0.0,0.0,0.0,0.0,0.0
kolkata_ssp245_near_2030s_hot_2031,Kolkata,ssp245,near_2030s,hot,2031,16704,2301279384357375b901d0849ef17854fefe8f47c43d95f4497188f1afeca2f5,0.02920711726884503,0.02764756341139365,0.045993604544939434,0.059988407069959414,0.002358848001976884,0.02684826926686815,0.002374635229304404,0.02527292818208925,40.205938697318004,38.104645593869726,61.18893678160919,73.12619731800766,32.92025862068966,39.15664809497791,13.655411877394636,10.859674329501916,29.24449233716475,37.709530651341,24.05411877394636,9.897493737635987,4.4959291187739465,3.705699233716475,20.68366858237548,30.27418582375479,25.778256704980844,6.2360263633583894,1.1075191570881227,0.8441091954022989,13.894875478927204,25.33524904214559,24.22772988505747,4.156430961394833,0.0,0.0,1.6822318007662835,5.274185823754789,5.274185823754789,0.34898579573775124,0.0,0.0,0.05387931034482758,0.2514367816091954,0.2514367816091954,0.013702664254057627
kolkata_ssp245_near_2030s_typical_2036,Kolkata,ssp245,near_2030s,typical,2036,16704,015b0c29f178a2c8c091e80d60f8c7c1e5217a3e7da74109b1925beb0daae1bb,0.02411358582256965,0.02283461426122988,0.03715427472627794,0.04797002903266266,0.0025002129538872963,0.02161337286868235,0.002507902546991433,0.020326711714238447,30.190373563218394,26.209291187739463,50.92193486590039,61.883381226053636,31.69300766283525,27.37764021527055,6.926484674329501,4.711446360153257,19.558189655172413,26.221264367816094,19.294779693486593,5.290161875566284,1.6463122605363985,1.3469827586206895,12.482040229885058,19.833572796934863,18.187260536398465,3.1004783987882845,0.5387931034482759,0.44300766283524906,7.52514367816092,15.984195402298852,15.445402298850574,2.1156514076896693,0.005986590038314176,0.0,1.08955938697318,3.5021551724137927,3.4961685823754785,0.22512424649321194,0.0,0.0,0.0,0.02993295019157088,0.02993295019157088,0.0011542671509326182
kolkata_ssp585_baseline_2020s_heatwave_extreme_2027,Kolkata,ssp585,baseline_2020s,heatwave_extreme,2027,16704,5c148c4f21eb2a5e51790f1b2c560911585e5ee6de20c5d75d86a3c286768e7a,0.02393086685893149,0.02268866854153295,0.03684842986872801,0.047271310855452046,0.00250095455855207,0.02142991230037942,0.0025067220997837796,0.020181946441749168,28.292624521072796,24.706657088122604,47.75502873563218,59.309147509578544,31.016522988505745,25.32384197098186,7.058189655172415,5.328065134099616,18.92361111111111,25.652538314176244,18.59434865900383,5.529078557707612,2.0653735632183907,1.6822318007662835,12.104885057471265,19.707854406130267,17.64248084291188,3.396922202786709,0.508860153256705,0.40110153256704983,7.806513409961687,15.702825670498086,15.193965517241379,2.2094429524633408,0.0,0.0,1.215277777777778,3.298611111111111,3.298611111111111,0.21694592950434274,0.0,0.0,0.0,0.023946360153256702,0.023946360153256702,0.0009965574002951001
kolkata_ssp585_baseline_2020s_hot_2026,Kolkata,ssp585,baseline_2020s,hot,2026,16704,c117554ef28fa885c7b78e97f1ad619d272d1ad35b8a4c76861aa1c14939baee,0.02455624342633987,0.02320190841493288,0.03823999407196811,0.04920911124294299,0.002481049588370964,0.022075193837968906,0.0024902183621468717,0.02071169005278601,31.094348659003828,27.64008620689655,53.274664750957854,65.78663793103449,34.69228927203065,29.498092067450006,7.6867816091954015,5.064655172413793,20.522030651340998,27.783764367816094,20.09698275862069,5.625144463333182,1.63433908045977,1.2691570881226053,13.284243295019158,20.893199233716476,19.258860153256705,3.1910027622798536,0.08381226053639847,0.05387931034482758,8.045977011494253,16.798371647509576,16.71455938697318,1.9593385629074362,0.0,0.0,0.814176245210728,2.951388888888889,2.951388888888889,0.1740318506858595,0.0,0.0,0.0,0.005986590038314176,0.005986590038314176,0.00024913935007377504
kolkata_ssp585_baseline_2020s_typical_2029,Kolkata,ssp585,baseline_2020s,typical,2029,16704,752455ce3bc9becdb9981b1152edc621a8cce8b9ec5eade37ec14448bb69d8e6,0.02167577418357181,0.02060978987321772,0.03292594104292271,0.0425070008550127,0.00254296218878534,0.019132811994786465,0.0025433063781599144,0.018066483495057805,23.77873563218391,20.94109195402299,45.593869731800766,59.00981800766284,35.23108237547893,22.535486392953153,4.17265325670498,1.9456417624521074,14.541427203065135,21.066810344827587,16.894157088122604,2.840422770294763,0.28735632183908044,0.21551724137931033,8.985871647509578,15.391522988505745,15.104166666666666,1.727405785211521,0.0,0.0,4.843151340996169,12.062978927203066,12.062978927203066,1.1245449249998607,0.0,0.0,0.4190613026819923,2.227011494252874,2.227011494252874,0.12363942181975568,0.0,0.0,0.0,0.005986590038314176,0.005986590038314176,0.00024913935007377504
kolkata_ssp585_late_2080s_heatwave_extreme_2080,Kolkata,ssp585,late_2080s,heatwave_extreme,2080,16704,0a68c6267eae3ab29ccee52386c9303d6463656b868f4f66b7ac0207633bdb01,0.045829209657999186,0.04321310690350271,0.07506929938883275,0.09728704499579154,0.001980303540095378,0.043848906117903805,0.0020056333317880447,0.041207473571714656,60.871647509578544,58.93199233716475,75.54477969348659,84.8838601532567,24.01221264367816,54.799811692178565,32.992097701149426,28.963122605363985,52.640086206896555,60.50646551724138,27.514367816091955,27.206463133366874,19.24688697318008,18.24712643678161,41.84027777777778,52.78975095785441,33.542863984674334,20.001680552699597,10.985392720306514,10.009578544061302,34.440852490421456,47.479645593869726,36.49425287356322,14.865629473237307,1.0955459770114944,0.2813697318007663,9.87787356321839,19.198994252873565,18.103448275862068,1.623388844877715,0.10775862068965517,0.0,2.256944444444444,4.262452107279693,4.154693486590038,0.34447279754546994
kolkata_ssp585_late_2080s_hot_2080,Kolkata,ssp585,late_2080s,hot,2080,16704,0a68c6267eae3ab29ccee52386c9303d6463656b868f4f66b7ac0207633bdb01,0.045829209657999186,0.04321310690350271,0.07506929938883275,0.09728704499579154,0.001980303540095378,0.043848906117903805,0.0020056333317880447,0.041207473571714656,60.871647509578544,58.93199233716475,75.54477969348659,84.8838601532567,24.01221264367816,54.799811692178565,32.992097701149426,28.963122605363985,52.640086206896555,60.50646551724138,27.514367816091955,27.206463133366874,19.24688697318008,18.24712643678161,41.84027777777778,52.78975095785441,33.542863984674334,20.001680552699597,10.985392720306514,10.009578544061302,34.440852490421456,47.479645593869726,36.49425287356322,14.865629473237307,1.0955459770114944,0.2813697318007663,9.87787356321839,19.198994252873565,18.103448275862068,1.623388844877715,0.10775862068965517,0.0,2.256944444444444,4.262452107279693,4.154693486590038,0.34447279754546994
kolkata_ssp585_late_2080s_typical_2088,Kolkata,ssp585,late_2080s,typical,2088,16704,6645038f9bacc05cc9898a21cd01dcfdab6f881d0ea5a97794e1fe065069e961,0.0360885046648867,0.033627506708523464,0.05938020178753892,0.07620131884799045,0.002226844023917581,0.03386166064096913,0.002250572652219815,0.031376934056303644,50.51484674329502,47.32998084291188,67.11566091954023,77.69396551724138,27.17911877394636,43.98638181482132,21.132662835249043,16.912116858237546,40.52921455938697,49.5749521072797,28.442289272030653,16.429612557708335,9.63242337164751,8.698515325670499,30.28615900383142,40.116139846743295,30.483716475095786,10.946870951167138,4.136733716475096,3.5201149425287355,22.58740421455939,34.78807471264368,30.65134099616858,7.817237937356618,0.6405651340996169,0.49090038314176243,5.298132183908046,11.793582375478927,11.153017241379311,0.9934136712018016,0.4190613026819923,0.11973180076628352,0.7363505747126436,1.155411877394636,0.7363505747126436,0.16944959237908877
kolkata_ssp585_mid_2050s_heatwave_extreme_2059,Kolkata,ssp585,mid_2050s,heatwave_extreme,2059,16704,1408c8d41099b2cbe2b233fb8e8a84f22c90d2ae021ebdd1b51f19f97215264d,0.04179627045469076,0.039825490405916444,0.06675460671738659,0.08570155631245341,0.0020469805968935124,0.03974928985779725,0.002074843696522156,0.037750646709394285,59.31513409961686,57.13002873563219,74.8742816091954,84.45282567049809,25.137691570881227,54.16523416947565,30.016762452107283,27.472461685823756,51.19133141762452,59.321120689655174,29.304358237547895,26.14426725928793,16.594827586206897,15.529214559386972,38.14056513409962,50.10775862068966,33.512931034482754,16.57321116081767,6.130268199233716,4.190613026819923,30.10057471264368,44.252873563218394,38.122605363984675,11.304273833452225,0.005986590038314176,0.0,5.501676245210728,13.852969348659002,13.84698275862069,0.9350347244355659,0.0,0.0,0.16163793103448276,0.814176245210728,0.814176245210728,0.04359938626291063
kolkata_ssp585_mid_2050s_hot_2059,Kolkata,ssp585,mid_2050s,hot,2059,16704,1408c8d41099b2cbe2b233fb8e8a84f22c90d2ae021ebdd1b51f19f97215264d,0.04179627045469076,0.039825490405916444,0.06675460671738659,0.08570155631245341,0.0020469805968935124,0.03974928985779725,0.002074843696522156,0.037750646709394285,59.31513409961686,57.13002873563219,74.8742816091954,84.45282567049809,25.137691570881227,54.16523416947565,30.016762452107283,27.472461685823756,51.19133141762452,59.321120689655174,29.304358237547895,26.14426725928793,16.594827586206897,15.529214559386972,38.14056513409962,50.10775862068966,33.512931034482754,16.57321116081767,6.130268199233716,4.190613026819923,30.10057471264368,44.252873563218394,38.122605363984675,11.304273833452225,0.005986590038314176,0.0,5.501676245210728,13.852969348659002,13.84698275862069,0.9350347244355659,0.0,0.0,0.16163793103448276,0.814176245210728,0.814176245210728,0.04359938626291063
kolkata_ssp585_mid_2050s_typical_2057,Kolkata,ssp585,mid_2050s,typical,2057,16704,c973adf6ede6c6b1e77914e126c0ec1aff9adcb1c719a279e5ae694a531a5a4c,0.027611645645091363,0.025961897712228336,0.04365114124431368,0.05549709203798371,0.002426205937078285,0.02518543970801308,0.00243674590573643,0.023525151806491913,33.9499521072797,31.19612068965517,53.81944444444444,65.80459770114942,31.85464559386973,31.398521838908966,11.865421455938698,9.08764367816092,25.67049808429119,32.19588122605364,20.330459770114942,9.225712130286242,4.579741379310344,3.699712643678161,18.64822796934866,25.263409961685824,20.68366858237548,5.686720550228266,1.6762452107279693,1.323036398467433,13.206417624521071,22.042624521072796,20.36637931034483,4.1353953404632655,0.035919540229885055,0.0,1.7840038314176248,5.136494252873564,5.100574712643678,0.3327847086340702,0.0,0.0,0.06585249042145594,0.26340996168582376,0.26340996168582376,0.0149483610044265
kolkata_ssp585_near_2030s_heatwave_extreme_2032,Kolkata,ssp585,near_2030s,heatwave_extreme,2032,16704,a118ca5433c562392eab8747151db535326695bd3bd0dd310fc2cc4cccc2462b,0.02210103456378455,0.02118571549233413,0.03288352418774801,0.041525638887253885,0.0025333016050017067,0.019567732958782842,0.002536360957438073,0.018649354534896054,25.21551724137931,22.036637931034484,45.569923371647505,58.189655172413794,32.974137931034484,24.95345990665878,4.920977011494252,3.436302681992337,15.116139846743296,20.432231800766285,15.51125478927203,3.740476342536713,0.49090038314176243,0.29334291187739464,8.908045977011495,15.708812260536398,15.217911877394636,1.983943639139165,0.02993295019157088,0.005986590038314176,4.711446360153257,11.871408045977011,11.84147509578544,1.2120252920404397,0.0,0.0,0.36518199233716475,1.3888888888888888,1.3888888888888888,0.08676258039950563,0.0,0.0,0.0,0.0,0.0,0.0
kolkata_ssp585_near_2030s_hot_2030,Kolkata,ssp585,near_2030s,hot,2030,16704,dff24493c23186a676e53331d53bf5786b75b5a98aee2f6aa5b6a8595d429dc3,0.024233498438514,0.02294111987048959,0.03792812115337785,0.04888772807584353,0.0024927009024982984,0.021740797536015703,0.0024997107661873423,0.02044140910430225,30.501676245210728,27.664032567049805,52.78376436781609,64.09841954022988,33.59674329501915,28.75869928666754,7.764607279693486,5.208333333333334,20.378352490421456,28.62188697318008,20.857279693486593,5.227698372426336,0.9758141762452108,0.4669540229885058,13.07471264367816,20.701628352490424,19.72581417624521,2.784791049280756,0.02993295019157088,0.011973180076628351,7.908285440613026,15.888409961685824,15.858477011494255,1.7379098794349914,0.0,0.0,1.0656130268199233,3.1369731800766285,3.1369731800766285,0.20707421232899018,0.0,0.0,0.011973180076628351,0.05986590038314176,0.05986590038314176,0.0029896722008853002
kolkata_ssp585_near_2030s_typical_2038,Kolkata,ssp585,near_2030s,typical,2038,16704,bcad77c3fdb34b0677fee3a8f686ce37dc84fd5c2b5e13ad31a6a755dac22184,0.02308426066153725,0.022107290380569678,0.034426119159952695,0.04356964293897342,0.002511028913189508,0.020573231748347746,0.0025099934541765196,0.01959729692639316,24.06609195402299,21.557710727969347,43.23515325670498,56.63912835249042,32.57303639846743,23.77926532065839,6.603208812260536,4.771312260536399,16.175766283524904,20.965038314176248,14.36182950191571,5.300410365841901,2.3647030651340994,2.2509578544061304,10.65014367816092,16.88817049808429,14.523467432950191,3.488930515899934,1.0356800766283525,0.8201628352490421,7.399425287356322,13.906848659003831,12.871168582375478,2.396164448108991,0.0,0.0,0.8381226053639846,2.8795498084291187,2.8795498084291187,0.18411919464027415,0.0,0.0,0.0,0.017959770114942528,0.017959770114942528,0.0007474180502213251
phoenix_ssp245_baseline_2020s_heatwave_extreme_2025,Phoenix,ssp245,baseline_2020s,heatwave_extreme,2025,16704,0d0ddb81e56c9f74cbca1a5fc9816bf7122a7cad0dcb054c568812e458022920,0.02363556496181169,0.021175598054229635,0.04272426015043807,0.05691925232902626,0.00260853207657191,0.021027032885239785,0.002627555595949842,0.0185480424582798,31.782806513409962,24.449233716475096,59.38697318007663,76.45474137931035,44.67193486590038,23.106895891518075,5.052681992337165,1.3050766283524906,24.455220306513407,32.37547892720307,27.3227969348659,3.548373597943614,0.4250478927203065,0.0,14.517480842911878,24.562978927203066,24.137931034482758,2.162018639128207,0.0,0.0,9.434865900383143,18.342911877394634,18.342911877394634,1.520535964719357,0.0,0.0,2.5562739463601534,7.495210727969348,7.495210727969348,0.48504483939224463,0.0,0.0,0.0,0.02993295019157088,0.02993295019157088,0.001245696750368875
phoenix_ssp245_baseline_2020s_hot_2028,Phoenix,ssp245,baseline_2020s,hot,2028,16704,8858cdf9ea6645c73236c6359087dcf2ca28966677852f3c0ba8e68a994bf92c,0.024515662264087915,0.021657234037100858,0.0448859620741118,0.06063733921007706,0.0026087553291998435,0.02190690693488807,0.0026288855945267625,0.019028348442574096,33.36925287356322,25.8860153256705,59.099616858237546,78.23874521072797,44.86949233716475,23.428048145232783,6.53735632183908,1.7600574712643677,25.317289272030653,32.79454022988506,26.257183908045977,3.7377838495779434,1.059626436781609,0.15565134099616856,15.92432950191571,25.814176245210728,24.75454980842912,2.409802502433207,0.17959770114942528,0.0,10.76388888888889,20.48611111111111,20.306513409961685,1.7954341655205726,0.0,0.0,4.076867816091954,10.039511494252872,10.039511494252872,0.6766534868465842,0.0,0.0,0.13170498084291188,0.5148467432950191,0.5148467432950191,0.027702411622382832
phoenix_ssp245_baseline_2020s_typical_2026,Phoenix,ssp245,baseline_2020s,typical,2026,16704,caff98e2da820bd4346dd96dddc9e29f4a10db0b6858ee6a0db1c01a0af1c012,0.0246373925875569,0.021852099607700955,0.04531307134567112,0.060363928295805294,0.0026036378504898294,0.022033754737067073,0.0026267359889830056,0.01922536361871795,34.375,26.754070881226056,59.15349616858238,75.99976053639847,41.62476053639847,23.605254353747508,6.387691570881227,1.8558429118773947,25.820162835249043,33.075909961685824,26.688218390804597,3.632901650468239,0.6226053639846743,0.1736111111111111,16.73251915708812,26.57447318007663,25.951867816091955,2.4651530254598297,0.16163793103448276,0.0,11.141044061302683,20.779454022988507,20.617816091954023,1.7835593482644185,0.0,0.0,3.8314176245210727,9.40493295019157,9.40493295019157,0.6645852122963143,0.0,0.0,0.20953065134099616,0.6704980842911877,0.6704980842911877,0.03611603756719365
phoenix_ssp245_late_2080s_heatwave_extreme_2086,Phoenix,ssp245,late_2080s,heatwave_extreme,2086,16704,6744cc58750d2edf21cd83d41f785a37ea7e5149389e07c41a881c82dc413a90,0.030587179647707578,0.025606650981160318,0.06021515017429724,0.08045511748748181,0.002542954707377402,0.028044224940330178,0.0025944924334879325,0.023012158547672384,42.696360153256705,35.61422413793103,66.44516283524904,82.11805555555556,39.42169540229885,28.538227099314728,14.93654214559387,6.597222222222222,35.27298850574713,43.85177203065134,28.91522988505747,6.6769614376947075,5.124521072796935,1.8438697318007662,26.957614942528735,36.96719348659004,31.842672413793103,4.490264052355256,2.1551724137931036,0.305316091954023,21.30028735632184,32.51915708812261,30.3639846743295,3.7044093782359275,0.13170498084291188,0.0,10.775862068965516,19.228927203065137,19.09722222222222,1.6217902387653482,0.0,0.0,1.4128352490421456,3.05316091954023,3.05316091954023,0.19628060505928246
phoenix_ssp245_late_2080s_hot_2086,Phoenix,ssp245,late_2080s,hot,2086,16704,6744cc58750d2edf21cd83d41f785a37ea7e5149389e07c41a881c82dc413a90,0.030587179647707578,0.025606650981160318,0.06021515017429724,0.08045511748748181,0.002542954707377402,0.028044224940330178,0.0025944924334879325,0.023012158547672384,42.696360153256705,35.61422413793103,66.44516283524904,82.11805555555556,39.42169540229885,28.538227099314728,14.93654214559387,6.597222222222222,35.27298850574713,43.85177203065134,28.91522988505747,6.6769614376947075,5.124521072796935,1.8438697318007662,26.957614942528735,36.96719348659004,31.842672413793103,4.490264052355256,2.1551724137931036,0.305316091954023,21.30028735632184,32.51915708812261,30.3639846743295,3.7044093782359275,0.13170498084291188,0.0,10.775862068965516,19.228927203065137,19.09722222222222,1.6217902387653482,0.0,0.0,1.4128352490421456,3.05316091954023,3.05316091954023,0.19628060505928246
phoenix_ssp245_late_2080s_typical_2081,Phoenix,ssp245,late_2080s,typical,2081,16704,0fbefa867e9928c0bb1cc49fe72c0f4128fa48b989b19ec606cfda1c01f433a6,0.02805470333153505,0.024213871035761426,0.05254948625014576,0.07061899758376129,0.0025790014685779295,0.025475701862957126,0.002615459873828254,0.021598411161933166,39.63721264367816,30.789032567049805,64.93654214559386,80.14846743295018,40.51125478927203,27.80385548457706,11.093151340996169,4.61566091954023,30.310105363984675,40.343630268199234,29.250478927203066,5.598928152193054,3.532088122605364,1.4906609195402298,21.270354406130267,31.100335249042143,27.56824712643678,3.8620470089554777,1.5505268199233717,0.6226053639846743,15.930316091954023,26.849856321839084,25.299329501915707,3.1872181968878124,0.13170498084291188,0.0,6.86661877394636,12.464080459770114,12.332375478927203,0.9633400859685954,0.0,0.0,0.6704980842911877,2.227011494252874,2.227011494252874,0.10690192930821116
phoenix_ssp245_mid_2050s_heatwave_extreme_2051,Phoenix,ssp245,mid_2050s,heatwave_extreme,2051,16704,be8dc0133e083cd8c1d24c56ba4db934a34890a8b37021ddfafebed6e4a1b58c,0.028109663547299317,0.024233344352650118,0.05247460816344254,0.07106401886260415,0.0025644098767900166,0.025545253670509298,0.002599379133010709,0.021633965219639412,38.685344827586206,31.74688697318008,64.24808429118774,80.3639846743295,41.678639846743295,27.97077419894184,11.7397030651341,5.627394636015326,29.208572796934867,38.48180076628353,26.742097701149426,5.348935691500172,4.040948275862069,1.1853448275862069,20.13888888888889,31.070402298850574,27.02945402298851,3.550096521395416,1.4188218390804597,0.33524904214559387,15.289750957854405,26.155411877394634,24.736590038314176,2.8787802929898363,0.07183908045977011,0.0,8.034003831417625,13.703304597701148,13.631465517241379,1.157784709210837,0.0,0.0,1.0356800766283525,2.86757662835249,2.86757662835249,0.1717554230852288
phoenix_ssp245_mid_2050s_hot_2058,Phoenix,ssp245,mid_2050s,hot,2058,16704,c9010d03aa6182e68d33f78aa09802804f1d72a4b4dcadc7fd5cfc96dc58bab4,0.029536014357678782,0.025216596892461755,0.05643748605581173,0.07619794203446788,0.002554095792763006,0.026981918564915774,0.002591175783799369,0.02262542110866238,46.725335249042146,38.19444444444444,70.46216475095785,85.56633141762453,38.84099616858238,32.35367245705832,11.85344827586207,4.873084291187739,34.66834291187739,43.696120689655174,31.842672413793103,6.177879733568827,3.675766283524904,1.0656130268199233,23.790708812260537,33.89607279693487,30.220306513409962,3.6366306299321702,1.1494252873563218,0.011973180076628351,18.546455938697317,30.501676245210728,29.35225095785441,3.0434443406955802,0.0,0.0,7.519157088122605,16.3852969348659,16.3852969348659,1.1808216999219419,0.0,0.0,0.407088122605364,1.5684865900383143,1.5684865900383143,0.07730849065982222
phoenix_ssp245_mid_2050s_typical_2054,Phoenix,ssp245,mid_2050s,typical,2054,16704,0af2fcca7500742402d81c2431842e213d2102d850590f7a81ec76d97c5c59f4,0.02721970942081559,0.023799451507349977,0.050929300977738554,0.06864316123212666,0.002595807025980852,0.024623902394834737,0.00263023992071823,0.021169211586631747,40.84650383141762,33.26149425287356,64.64319923371647,80.70522030651341,39.85871647509578,28.7436989445293,10.093390804597702,3.3704501915708813,30.26221264367816,38.912835249042146,28.819444444444443,4.768529827959836,1.7840038314176248,0.5268199233716475,20.408285440613028,31.19612068965517,29.412116858237546,3.30242493541689,0.54477969348659,0.08979885057471264,14.643199233716475,26.269157088122608,25.724377394636015,2.532565550694639,0.0,0.0,5.980603448275862,12.266522988505747,12.266522988505747,0.8880774842979197,0.0,0.0,0.34123563218390807,1.3529693486590038,1.3529693486590038,0.0648266741074235
phoenix_ssp245_near_2030s_heatwave_extreme_2039,Phoenix,ssp245,near_2030s,heatwave_extreme,2039,16704,e6d2cd6c870e122cd81b10c961364c010a953a3e9ea53dbeff88bf262460b6dc,0.028161166782694293,0.024305358892698782,0.05394157086089826,0.0721596197756257,0.0026098345569862836,0.02555133222570801,0.002664033503291077,0.0216413253894077,41.10392720306513,34.21934865900383,65.4992816091954,81.97437739463601,40.87045019157088,29.25459900281662,12.619731800766285,4.4959291187739465,31.232040229885055,40.13409961685824,27.514367816091955,5.2974106723128624,2.771791187739464,0.5268199233716475,21.952825670498086,32.25574712643678,29.48395593869732,3.332972166589191,0.5806992337164751,0.017959770114942528,16.94204980842912,27.849616858237546,27.268917624521073,2.7223728824371256,0.0,0.0,8.273467432950191,15.630986590038315,15.630986590038315,1.193307818195539,0.0,0.0,0.17959770114942528,1.059626436781609,1.059626436781609,0.04876035824664928
phoenix_ssp245_near_2030s_hot_2039,Phoenix,ssp245,near_2030s,hot,2039,16704,e6d2cd6c870e122cd81b10c961364c010a953a3e9ea53dbeff88bf262460b6dc,0.028161166782694293,0.024305358892698782,0.05394157086089826,0.0721596197756257,0.0026098345569862836,0.02555133222570801,0.002664033503291077,0.0216413253894077,41.10392720306513,34.21934865900383,65.4992816091954,81.97437739463601,40.87045019157088,29.25459900281662,12.619731800766285,4.4959291187739465,31.232040229885055,40.13409961685824,27.514367816091955,5.2974106723128624,2.771791187739464,0.5268199233716475,21.952825670498086,32.25574712643678,29.48395593869732,3.332972166589191,0.5806992337164751,0.017959770114942528,16.94204980842912,27.849616858237546,27.268917624521073,2.7223728824371256,0.0,0.0,8.273467432950191,15.630986590038315,15.630986590038315,1.193307818195539,0.0,0.0,0.17959770114942528,1.059626436781609,1.059626436781609,0.04876035824664928
phoenix_ssp245_near_2030s_typical_2034,Phoenix,ssp245,near_2030s,typical,2034,16704,99573b64473bcfa412e21129eca9e77153220b1b191f8f5172c204d83241638b,0.02670104950346522,0.02326113402487873,0.05054356934196364,0.06726863390542873,0.0025936089923623974,0.02410744051110282,0.0026242772557258536,0.020636856769152872,38.18247126436782,31.47749042145594,63.27825670498084,79.39415708812261,41.21168582375479,27.431999155513008,10.231082375478927,3.0292145593869733,29.166666666666668,37.116858237547895,26.885775862068968,4.381017648946004,1.5684865900383143,0.407088122605364,20.749521072796934,29.6875,28.119013409961685,2.966628673480531,0.4250478927203065,0.0,14.81082375478927,25.143678160919542,24.718630268199234,2.3777490440104736,0.0,0.0,6.255986590038313,12.631704980842912,12.631704980842912,0.9552372774043363,0.0,0.0,0.18558429118773948,0.8740421455938696,0.8740421455938696,0.041295309889996745
phoenix_ssp585_baseline_2020s_heatwave_extreme_2025,Phoenix,ssp585,baseline_2020s,heatwave_extreme,2025,16704,68d7edcc2b44bec60cbfaa2089a0e0221290e80ed42adb39e8ec44e721974099,0.02559656852569005,0.022467340310795662,0.04691428495691935,0.06366119843437414,0.0026055846621529017,0.022990983863537148,0.002637304548710392,0.019830035762085273,35.973419540229884,27.831657088122608,61.434386973180075,77.80771072796935,41.83429118773947,25.24840781715043,7.884339080459771,2.987308429118774,26.538553639846747,35.428639846743295,27.544300766283524,4.258271891681233,1.8857758620689655,0.5507662835249042,16.97198275862069,28.256704980842912,26.370929118773944,2.784473514966825,0.5687260536398467,0.05986590038314176,12.302442528735632,22.76700191570881,22.198275862068968,2.126265844666672,0.0,0.0,4.6515804597701145,10.548371647509578,10.548371647509578,0.7227133735230792,0.0,0.0,0.24545019157088122,0.7423371647509579,0.7423371647509579,0.0353959198258065
phoenix_ssp585_baseline_2020s_hot_2025,Phoenix,ssp585,baseline_2020s,hot,2025,16704,68d7edcc2b44bec60cbfaa2089a0e0221290e80ed42adb39e8ec44e721974099,0.02559656852569005,0.022467340310795662,0.04691428495691935,0.06366119843437414,0.0026055846621529017,0.022990983863537148,0.002637304548710392,0.019830035762085273,35.973419540229884,27.831657088122608,61.434386973180075,77.80771072796935,41.83429118773947,25.24840781715043,7.884339080459771,2.987308429118774,26.538553639846747,35.428639846743295,27.544300766283524,4.258271891681233,1.8857758620689655,0.5507662835249042,16.97198275862069,28.256704980842912,26.370929118773944,2.784473514966825,0.5687260536398467,0.05986590038314176,12.302442528735632,22.76700191570881,22.198275862068968,2.126265844666672,0.0,0.0,4.6515804597701145,10.548371647509578,10.548371647509578,0.7227133735230792,0.0,0.0,0.24545019157088122,0.7423371647509579,0.7423371647509579,0.0353959198258065
phoenix_ssp585_baseline_2020s_typical_2029,Phoenix,ssp585,baseline_2020s,typical,2029,16704,9930595e7b5a2779e36842ddfb438c0b2644f2bb185b73fcddc0d63faf936230,0.026349000903477214,0.0229968873741315,0.049433344630664136,0.06552134608083071,0.0025783986934320284,0.023770602210045188,0.002601438962095632,0.020395448412035867,38.36805555555556,29.819204980842912,62.20665708812261,77.96934865900383,39.60129310344828,26.581100330046116,9.650383141762452,3.579980842911877,29.879070881226056,37.94899425287356,28.29861111111111,4.794420902542211,1.700191570881226,0.4130747126436782,19.115181992337167,30.082614942528735,28.38242337164751,3.019217731817438,0.4130747126436782,0.0,13.58955938697318,23.485392720306514,23.072318007662833,2.1946792049910133,0.0,0.0,5.8309386973180075,11.763649425287356,11.763649425287356,0.8647635732886673,0.0,0.0,0.08979885057471264,0.508860153256705,0.508860153256705,0.022095634727527805
phoenix_ssp585_late_2080s_heatwave_extreme_2085,Phoenix,ssp585,late_2080s,heatwave_extreme,2085,16704,026041473fc7f9b78d895b89c8aaf33f4feedac65d166d31c546ff3c757ee8dd,0.0351748493459983,0.02977275866674826,0.06547752127317716,0.09038188726480263,0.0024563502094816104,0.032718499136516685,0.002537466523050085,0.027235292143698173,49.137931034482754,42.5287356321839,71.01891762452107,84.794061302682,35.656130268199234,35.396664360021276,20.168821839080458,12.547892720306514,39.41570881226053,49.06609195402299,28.89727011494253,10.627342080517623,9.626436781609195,5.214319923371648,30.63338122605364,42.20545977011494,32.57902298850575,7.6417960833961835,4.489942528735632,1.670258620689655,24.299568965517242,38.90684865900383,34.4169061302682,5.525377731687165,0.4190613026819923,0.0,11.925287356321839,20.534003831417625,20.114942528735632,1.6702485032336523,0.0,0.0,1.903735632183908,5.615421455938698,5.615421455938698,0.3138662194430046
phoenix_ssp585_late_2080s_hot_2089,Phoenix,ssp585,late_2080s,hot,2089,16704,029bb088f6e6182948f1209f1955a32e9cf3644aa9d495003d33e6e5cf65d5e8,0.0396033457185462,0.032991312632164434,0.0730031703608899,0.09925800235076702,0.002350595801006761,0.03725274991753945,0.0024247352740272353,0.030566577358137198,51.67025862068966,44.480363984674334,70.78544061302682,84.30914750957854,32.63888888888889,36.93000278774604,24.568965517241377,17.019875478927204,42.82806513409962,51.01173371647509,26.44276819923372,13.628627162289241,14.158285440613028,9.159482758620689,33.74640804597701,44.68390804597701,30.525622605363985,10.584843898833544,8.692528735632184,3.945162835249042,27.64008620689655,40.94827586206897,32.25574712643678,7.536832836494628,1.2990900383141764,0.08381226053639847,16.403256704980844,24.347461685823752,23.048371647509576,2.2517270454139253,0.023946360153256702,0.0,3.7775383141762453,8.548850574712644,8.524904214559387,0.5256134347672847
phoenix_ssp585_late_2080s_typical_2081,Phoenix,ssp585,late_2080s,typical,2081,16704,81ac0048ad2f5de4a2dbb2cae8f7eb472df825f61e01ea02deaae83f80b5ed94,0.03368867619695731,0.028429747097887093,0.06527176383393381,0.08881440075290095,0.00247460094310241,0.0312140752538549,0.0025367730662983487,0.02589297403158874,49.24568965517241,42.582614942528735,70.79741379310344,85.85967432950191,36.6139846743295,34.50953341059474,20.108955938697317,10.314894636015326,39.128352490421456,49.23371647509578,29.12476053639847,8.850623802732459,7.375478927203065,2.9633620689655173,31.08836206896552,41.918103448275865,34.542624521072796,6.344761366616241,2.406609195402299,0.5208333333333333,25.748323754789272,38.15852490421456,35.75191570881226,4.87266257831853,0.09578544061302681,0.0,12.110871647509578,21.54573754789272,21.449952107279692,1.6921082161902072,0.0,0.0,1.0356800766283525,4.489942528735632,4.489942528735632,0.22464878614098516
phoenix_ssp585_mid_2050s_heatwave_extreme_2057,Phoenix,ssp585,mid_2050s,heatwave_extreme,2057,16704,08f215412b8c4e4d8c55e6db29f5a8e755f9abb21feaaa6bdec3564cf53d8cdb,0.02827062517041252,0.02408339366178133,0.054499467804662215,0.07261680405853434,0.0025965118847730865,0.025674113285639434,0.002660173264337579,0.021423220397443748,40.03831417624521,31.51939655172414,62.08093869731801,79.13673371647509,39.098419540229884,26.030522541215177,11.715756704980842,5.070641762452107,32.11805555555556,40.690852490421456,28.97509578544061,5.996969550846629,3.945162835249042,1.4068486590038316,22.970545977011493,33.2375478927203,29.292385057471265,3.8535910507096,1.4846743295019158,0.13769157088122605,17.696360153256705,28.48419540229885,26.999521072796934,3.1251251224101626,0.05387931034482758,0.0,8.530890804597702,15.176005747126437,15.12212643678161,1.2213862579273653,0.0,0.0,0.610632183908046,2.2629310344827585,2.2629310344827585,0.11676179872629679
phoenix_ssp585_mid_2050s_hot_2057,Phoenix,ssp585,mid_2050s,hot,2057,16704,08f215412b8c4e4d8c55e6db29f5a8e755f9abb21feaaa6bdec3564cf53d8cdb,0.02827062517041252,0.02408339366178133,0.054499467804662215,0.07261680405853434,0.0025965118847730865,0.025674113285639434,0.002660173264337579,0.021423220397443748,40.03831417624521,31.51939655172414,62.08093869731801,79.13673371647509,39.098419540229884,26.030522541215177,11.715756704980842,5.070641762452107,32.11805555555556,40.690852490421456,28.97509578544061,5.996969550846629,3.945162835249042,1.4068486590038316,22.970545977011493,33.2375478927203,29.292385057471265,3.8535910507096,1.4846743295019158,0.13769157088122605,17.696360153256705,28.48419540229885,26.999521072796934,3.1251251224101626,0.05387931034482758,0.0,8.530890804597702,15.176005747126437,15.12212643678161,1.2213862579273653,0.0,0.0,0.610632183908046,2.2629310344827585,2.2629310344827585,0.11676179872629679
phoenix_ssp585_mid_2050s_typical_2050,Phoenix,ssp585,mid_2050s,typical,2050,16704,a7184762904e298e96317de990de6ecb47fb5aba8de0395518d35c9bd65b6f44,0.029156872242183166,0.024996337823664925,0.054454470249340636,0.07300943244644666,0.002559473788860363,0.026597398453322804,0.002588897220353246,0.02240744060331168,37.94300766283525,31.31585249042146,64.9485153256705,80.91475095785441,42.97174329501915,28.45822476990626,12.290469348659004,6.411637931034483,28.765565134099617,36.9073275862069,24.61685823754789,6.032006997911234,5.501676245210728,2.6221264367816093,20.180795019157088,29.555795019157088,24.05411877394636,3.8827216578017945,2.8436302681992336,0.6884578544061303,15.792624521072796,26.28113026819923,23.4375,3.2853953344072115,0.4549808429118774,0.0,9.123563218390805,14.744971264367814,14.28999042145594,1.4045964315889363,0.0,0.0,2.083333333333333,4.232519157088123,4.232519157088123,0.3000463513102637
phoenix_ssp585_near_2030s_heatwave_extreme_2033,Phoenix,ssp585,near_2030s,heatwave_extreme,2033,16704,ea54b2e4dd6eb589b23c327a2b82ad7b287c49fcc98ded734b6ebde1f2e27f24,0.02838506854668549,0.02437478613563171,0.054011847642191566,0.07248400927104472,0.0025827094952813926,0.025802359051404093,0.0026197190767113395,0.02175506705892037,39.99640804597701,32.429358237547895,63.07471264367817,79.66355363984674,39.667145593869726,27.756030558435345,11.093151340996169,5.501676245210728,31.05244252873563,39.319923371647505,28.226772030651343,5.559813730838749,3.771551724137931,1.4906609195402298,21.521791187739463,32.088122605363985,28.316570881226056,3.594347390116237,1.6103927203065134,0.36518199233716475,16.61278735632184,27.729885057471265,26.11949233716475,2.9808633332774255,0.2274904214559387,0.005986590038314176,8.034003831417625,15.098180076628353,14.870689655172415,1.2783614617451267,0.017959770114942528,0.0,1.1075191570881227,2.687978927203065,2.6700191570881224,0.17287525243461271
phoenix_ssp585_near_2030s_hot_2033,Phoenix,ssp585,near_2030s,hot,2033,16704,ea54b2e4dd6eb589b23c327a2b82ad7b287c49fcc98ded734b6ebde1f2e27f24,0.02838506854668549,0.02437478613563171,0.054011847642191566,0.07248400927104472,0.0025827094952813926,0.025802359051404093,0.0026197190767113395,0.02175506705892037,39.99640804597701,32.429358237547895,63.07471264367817,79.66355363984674,39.667145593869726,27.756030558435345,11.093151340996169,5.501676245210728,31.05244252873563,39.319923371647505,28.226772030651343,5.559813730838749,3.771551724137931,1.4906609195402298,21.521791187739463,32.088122605363985,28.316570881226056,3.594347390116237,1.6103927203065134,0.36518199233716475,16.61278735632184,27.729885057471265,26.11949233716475,2.9808633332774255,0.2274904214559387,0.005986590038314176,8.034003831417625,15.098180076628353,14.870689655172415,1.2783614617451267,0.017959770114942528,0.0,1.1075191570881227,2.687978927203065,2.6700191570881224,0.17287525243461271
phoenix_ssp585_near_2030s_typical_2034,Phoenix,ssp585,near_2030s,typical,2034,16704,23ed4991b8e0e87f17ebee62951ae28902d1bd48190b55555a1e4347f6ef095f,0.02579891836363186,0.022649533182822795,0.04837343381107556,0.06479389165512918,0.002620273586983298,0.023178644776648563,0.0026594543512178845,0.019990078831604915,36.117097701149426,28.933189655172413,62.673611111111114,79.08285440613027,42.96575670498085,25.68600486398067,9.009818007662835,2.6999521072796933,25.94588122605364,34.57854406130268,25.568726053639846,4.046534036806153,1.1733716475095786,0.13769157088122605,18.28903256704981,28.346503831417625,27.173132183908045,2.6765947224511795,0.16163793103448276,0.0,13.062739463601533,23.89248084291188,23.730842911877396,2.1216040766136177,0.0,0.0,5.842911877394636,11.709770114942529,11.709770114942529,0.8767972057657112,0.0,0.0,0.10775862068965517,0.6944444444444444,0.6944444444444444,0.03129777337758321
