weather,city,scenario,time_slice,severity,weather_year,n_steps,corrected_mean_pmv_mean,corrected_mean_pmv_sd,corrected_mean_pmv_p05,corrected_mean_pmv_p50,corrected_mean_pmv_p95,corrected_mean_pmv_min,corrected_mean_pmv_max,corrected_mean_abs_pmv,corrected_area_pmv_mean,corrected_abs_pmv_ge_0p5_pct,corrected_abs_pmv_ge_1p0_pct,corrected_abs_pmv_ge_2p0_pct,stored_mean_pmv_mean,stored_mean_pmv_sd,stored_mean_pmv_p05,stored_mean_pmv_p50,stored_mean_pmv_p95,stored_mean_pmv_min,stored_mean_pmv_max,stored_mean_abs_pmv,stored_abs_pmv_ge_0p5_pct,stored_abs_pmv_ge_1p0_pct,stored_abs_pmv_ge_2p0_pct,corrected_minus_stored_pmv_mean,corrected_vs_stored_pmv_mae,corrected_vs_stored_pmv_mse,corrected_vs_stored_pmv_rmse,corrected_vs_stored_pmv_max_abs,corrected_vs_stored_pmv_pearson_r,corrected_pmv_vs_expected_tsv_pearson_r,corrected_abs_pmv_vs_p_tail_pearson_r,stored_abs_pmv_vs_stored_p_tail_pearson_r,corrected_abs_pmv_vs_no_pmv_p_tail_pearson_r,no_pmv_abs_expected_tsv_vs_p_tail_pearson_r,corrected_pmv_central_but_tail_020_pct,stored_pmv_central_but_tail_020_pct,corrected_pmv_central_but_no_pmv_tail_020_pct
ahmedabad_ssp245_baseline_2020s_heatwave_extreme_2029,Ahmedabad,ssp245,baseline_2020s,heatwave_extreme,2029,16704,0.4844221344189017,0.3847553411068914,-0.024,0.39400000000000013,1.198,-0.29666666666666675,1.8573333333333333,0.4950044300766285,0.4456310727914844,40.94228927203065,12.35632183908046,0.0,0.4912046216475096,0.38586629992052646,-0.02,0.4006666666666667,1.2033333333333334,-0.2966666666666667,1.8573333333333333,0.5014701069604087,41.64870689655172,12.709530651340998,0.0,-0.0067824872286079045,0.02790493295019157,0.0022602728288633462,0.04754232670855883,0.43133333333333346,0.9925468979688709,0.9173180827023611,0.9232165400174974,0.9219969829252674,0.9310221175790208,0.9874908365763644,0.0,0.005986590038314176,0.005986590038314176
ahmedabad_ssp245_baseline_2020s_hot_2029,Ahmedabad,ssp245,baseline_2020s,hot,2029,16704,0.4844221344189017,0.3847553411068914,-0.024,0.39400000000000013,1.198,-0.29666666666666675,1.8573333333333333,0.4950044300766285,0.4456310727914844,40.94228927203065,12.35632183908046,0.0,0.4912046216475096,0.38586629992052646,-0.02,0.4006666666666667,1.2033333333333334,-0.2966666666666667,1.8573333333333333,0.5014701069604087,41.64870689655172,12.709530651340998,0.0,-0.0067824872286079045,0.02790493295019157,0.0022602728288633462,0.04754232670855883,0.43133333333333346,0.9925468979688709,0.9173180827023611,0.9232165400174974,0.9219969829252674,0.9310221175790208,0.9874908365763644,0.0,0.005986590038314176,0.005986590038314176
ahmedabad_ssp245_baseline_2020s_typical_2025,Ahmedabad,ssp245,baseline_2020s,typical,2025,16704,0.39442241379310344,0.3077195063479428,0.008766666666666726,0.33,1.0213333333333334,-0.2546666666666667,1.7,0.40045474137931036,0.35370896923394773,29.166666666666668,5.597461685823755,0.0,0.40103017241379313,0.30898108910662003,0.0126666666666666,0.3353333333333333,1.0278999999999991,-0.2546666666666667,1.7,0.4068769955300127,29.831178160919542,5.812978927203065,0.0,-0.006607758620689637,0.026625478927203065,0.00219774175180928,0.04688007841086958,0.43599999999999994,0.9886805909744926,0.9014496984235896,0.9045973563243037,0.9030957032359853,0.9127033116494666,0.9826357290972303,0.0,0.0,0.005986590038314176
ahmedabad_ssp245_late_2080s_heatwave_extreme_2081,Ahmedabad,ssp245,late_2080s,heatwave_extreme,2081,16704,0.5166739703065133,0.384518078782629,0.032,0.4193333333333334,1.243899999999999,-0.32599999999999996,1.8306666666666664,0.5216450750319285,0.47477962648548,42.60057471264368,13.942768199233715,0.0,0.5236878591954023,0.3852459176538663,0.0366666666666666,0.4253333333333333,1.251899999999999,-0.3259999999999999,1.8306666666666664,0.5285432231800766,43.265086206896555,14.313936781609197,0.0,-0.007013888888888875,0.028611111111111108,0.0023777476053639846,0.04876215341188271,0.4246666666666665,0.9921421722816046,0.9337624134121395,0.9351459823515954,0.9337728859174084,0.9419371572870938,0.9879771798741585,0.011973180076628351,0.011973180076628351,0.023946360153256702
ahmedabad_ssp245_late_2080s_hot_2081,Ahmedabad,ssp245,late_2080s,hot,2081,16704,0.5166739703065133,0.384518078782629,0.032,0.4193333333333334,1.243899999999999,-0.32599999999999996,1.8306666666666664,0.5216450750319285,0.47477962648548,42.60057471264368,13.942768199233715,0.0,0.5236878591954023,0.3852459176538663,0.0366666666666666,0.4253333333333333,1.251899999999999,-0.3259999999999999,1.8306666666666664,0.5285432231800766,43.265086206896555,14.313936781609197,0.0,-0.007013888888888875,0.028611111111111108,0.0023777476053639846,0.04876215341188271,0.4246666666666665,0.9921421722816046,0.9337624134121395,0.9351459823515954,0.9337728859174084,0.9419371572870938,0.9879771798741585,0.011973180076628351,0.011973180076628351,0.023946360153256702
ahmedabad_ssp245_late_2080s_typical_2086,Ahmedabad,ssp245,late_2080s,typical,2086,16704,0.4232707535121328,0.37384832507026167,0.017333333333333333,0.332,1.1852333333333323,-0.3626666666666667,2.4006666666666665,0.4298009259259259,0.3824966334597726,29.867097701149426,9.692289272030653,0.203544061302682,0.4294307551085568,0.37459264245760326,0.020100000000000052,0.33766666666666667,1.192,-0.3626666666666667,2.4006666666666665,0.43584047733077896,30.34602490421456,9.961685823754788,0.20953065134099616,-0.006160001596423992,0.026443047573435505,0.0021486309865900383,0.04635332767547588,0.4273333333333331,0.9924660139156589,0.9326219761819552,0.9355177557109953,0.9344785621637622,0.9431899949583561,0.9868813655978256,0.0,0.0,0.0
ahmedabad_ssp245_mid_2050s_heatwave_extreme_2059,Ahmedabad,ssp245,mid_2050s,heatwave_extreme,2059,16704,0.49238717273307786,0.4355058987576433,0.002666666666666664,0.3606666666666667,1.3872333333333324,-0.4633333333333333,2.150666666666667,0.5017157167943805,0.45059600290848073,35.668103448275865,14.930555555555555,0.07782567049808428,0.49875937899106004,0.4361172477404568,0.0046666666666666,0.3666666666666666,1.3924666666666647,-0.4633333333333333,2.150666666666667,0.5078942768199234,36.17696360153257,15.247844827586206,0.07782567049808428,-0.006372206257982104,0.027234833971902937,0.002203310504469987,0.046939434428527015,0.4173333333333332,0.9943076050591713,0.9458573554122399,0.9416210418850681,0.9402250494645515,0.9472455194332198,0.9881137832999075,0.017959770114942528,0.017959770114942528,0.023946360153256702
ahmedabad_ssp245_mid_2050s_hot_2059,Ahmedabad,ssp245,mid_2050s,hot,2059,16704,0.49238717273307786,0.4355058987576433,0.002666666666666664,0.3606666666666667,1.3872333333333324,-0.4633333333333333,2.150666666666667,0.5017157167943805,0.45059600290848073,35.668103448275865,14.930555555555555,0.07782567049808428,0.49875937899106004,0.4361172477404568,0.0046666666666666,0.3666666666666666,1.3924666666666647,-0.4633333333333333,2.150666666666667,0.5078942768199234,36.17696360153257,15.247844827586206,0.07782567049808428,-0.006372206257982104,0.027234833971902937,0.002203310504469987,0.046939434428527015,0.4173333333333332,0.9943076050591713,0.9458573554122399,0.9416210418850681,0.9402250494645515,0.9472455194332198,0.9881137832999075,0.017959770114942528,0.017959770114942528,0.023946360153256702
ahmedabad_ssp245_mid_2050s_typical_2058,Ahmedabad,ssp245,mid_2050s,typical,2058,16704,0.3784952107279693,0.3131874790085233,-0.015333333333333336,0.31666666666666665,1.0032333333333325,-0.376,1.754,0.388492816091954,0.339884120527549,27.35272988505747,5.0826149425287355,0.0,0.38491295498084294,0.31471667174229484,-0.012,0.322,1.0126666666666668,-0.376,1.754,0.3946620769476373,28.00526819923372,5.274185823754789,0.0,-0.0064177442528735446,0.026289950510855684,0.002145258594082588,0.04631693636330654,0.4479999999999996,0.9893383763147342,0.8663512463975385,0.883604803509842,0.8822506943143572,0.8966410245187666,0.980945843654586,0.0,0.005986590038314176,0.023946360153256702
ahmedabad_ssp245_near_2030s_heatwave_extreme_2034,Ahmedabad,ssp245,near_2030s,heatwave_extreme,2034,16704,0.4135037116858238,0.333659937216368,0.001433333333333394,0.3346666666666666,1.0959999999999999,-0.402,1.648666666666667,0.42135284961685826,0.3761129591305379,31.42361111111111,7.962164750957855,0.0,0.4201301484674329,0.33486680365696414,0.004766666666666666,0.3399999999999999,1.102666666666667,-0.402,1.648666666666667,0.42781517401021707,32.076149425287355,8.25550766283525,0.0,-0.006626436781609179,0.02667808109833972,0.0022210132503192844,0.047127627251107015,0.43666666666666676,0.9902639613816555,0.913586833079575,0.917512820557168,0.9163001945403998,0.925203579927498,0.9838567529756994,0.0,0.0,0.005986590038314176
ahmedabad_ssp245_near_2030s_hot_2034,Ahmedabad,ssp245,near_2030s,hot,2034,16704,0.4135037116858238,0.333659937216368,0.001433333333333394,0.3346666666666666,1.0959999999999999,-0.402,1.648666666666667,0.42135284961685826,0.3761129591305379,31.42361111111111,7.962164750957855,0.0,0.4201301484674329,0.33486680365696414,0.004766666666666666,0.3399999999999999,1.102666666666667,-0.402,1.648666666666667,0.42781517401021707,32.076149425287355,8.25550766283525,0.0,-0.006626436781609179,0.02667808109833972,0.0022210132503192844,0.047127627251107015,0.43666666666666676,0.9902639613816555,0.913586833079575,0.917512820557168,0.9163001945403998,0.925203579927498,0.9838567529756994,0.0,0.0,0.005986590038314176
ahmedabad_ssp245_near_2030s_typical_2032,Ahmedabad,ssp245,near_2030s,typical,2032,16704,0.3681535360791826,0.3202163990584315,-0.05733333333333333,0.3026666666666666,0.9966666666666666,-0.5066666666666666,1.5599999999999998,0.38456693007662834,0.33477134622130356,27.807710727969347,4.897030651340996,0.0,0.3745454182630906,0.3219779979089866,-0.054,0.3073333333333333,1.0032333333333323,-0.5066666666666666,1.5599999999999998,0.3906060823754789,28.508141762452105,5.0826149425287355,0.0,-0.006391882183908029,0.025949592911877394,0.0020508124999999997,0.045285897363307265,0.43066666666666664,0.9902676924292813,0.8546705918344126,0.8747691969884264,0.8736405097486313,0.8901065325433416,0.9780606752717697,0.011973180076628351,0.017959770114942528,0.011973180076628351
ahmedabad_ssp585_baseline_2020s_heatwave_extreme_2027,Ahmedabad,ssp585,baseline_2020s,heatwave_extreme,2027,16704,0.5368313777139209,0.4696004927607003,-0.05266666666666667,0.394,1.4765666666666655,-0.3606666666666667,1.9853333333333332,0.5517599377394636,0.4954710227002433,42.74425287356322,18.642241379310345,0.0,0.5434147908684546,0.4704474473903681,-0.05,0.4006666666666667,1.4773333333333336,-0.3606666666666667,1.9853333333333332,0.5579788074712643,43.31896551724138,19.085249042145595,0.0,-0.006583413154533834,0.0282117656449553,0.0022078672307364834,0.046987947717861474,0.430666666666667,0.9951027848940069,0.9322626245436217,0.9424564632126858,0.9409045937322741,0.9509229014211967,0.9887600048352424,0.011973180076628351,0.017959770114942528,0.035919540229885055
ahmedabad_ssp585_baseline_2020s_hot_2027,Ahmedabad,ssp585,baseline_2020s,hot,2027,16704,0.5368313777139209,0.4696004927607003,-0.05266666666666667,0.394,1.4765666666666655,-0.3606666666666667,1.9853333333333332,0.5517599377394636,0.4954710227002433,42.74425287356322,18.642241379310345,0.0,0.5434147908684546,0.4704474473903681,-0.05,0.4006666666666667,1.4773333333333336,-0.3606666666666667,1.9853333333333332,0.5579788074712643,43.31896551724138,19.085249042145595,0.0,-0.006583413154533834,0.0282117656449553,0.0022078672307364834,0.046987947717861474,0.430666666666667,0.9951027848940069,0.9322626245436217,0.9424564632126858,0.9409045937322741,0.9509229014211967,0.9887600048352424,0.011973180076628351,0.017959770114942528,0.035919540229885055
ahmedabad_ssp585_baseline_2020s_typical_2025,Ahmedabad,ssp585,baseline_2020s,typical,2025,16704,0.41822968550446993,0.39277759922120764,-0.016000000000000004,0.308,1.263799999999998,-0.4506666666666667,2.0033333333333334,0.42804745370370373,0.378104793261865,28.85536398467433,10.368773946360154,0.005986590038314176,0.4244644396551724,0.39382186742264536,-0.011899999999999935,0.3126666666666667,1.2738999999999991,-0.4506666666666667,2.0033333333333334,0.4340472940613026,29.454022988505745,10.584291187739463,0.005986590038314176,-0.0062347541507024075,0.026780252234993616,0.002213573861217539,0.04704863293675533,0.42266666666666663,0.9929740455439351,0.9339506978840084,0.9365079298579913,0.9346426428623124,0.9431670814179516,0.9855001958668224,0.0,0.0,0.005986590038314176
ahmedabad_ssp585_late_2080s_heatwave_extreme_2088,Ahmedabad,ssp585,late_2080s,heatwave_extreme,2088,16704,0.6209940932311622,0.5007504766604924,0.07200000000000001,0.43333333333333346,1.609899999999999,-0.16866666666666663,2.2273333333333336,0.6221015325670497,0.5767466884956092,44.45641762452107,24.706657088122604,0.3472222222222222,0.6276764846743296,0.5004364272509533,0.076,0.4386666666666666,1.61,-0.1686666666666666,2.2273333333333336,0.6287625319284802,45.00119731800766,25.0,0.3472222222222222,-0.0066823914431672895,0.029562100893997443,0.002687426990208599,0.05184039920957977,0.43933333333333313,0.9947271755643398,0.9770530092555204,0.9648811190283864,0.9636399750194758,0.9732539458488899,0.9925111181607661,0.0,0.0,0.0
ahmedabad_ssp585_late_2080s_hot_2088,Ahmedabad,ssp585,late_2080s,hot,2088,16704,0.6209940932311622,0.5007504766604924,0.07200000000000001,0.43333333333333346,1.609899999999999,-0.16866666666666663,2.2273333333333336,0.6221015325670497,0.5767466884956092,44.45641762452107,24.706657088122604,0.3472222222222222,0.6276764846743296,0.5004364272509533,0.076,0.4386666666666666,1.61,-0.1686666666666666,2.2273333333333336,0.6287625319284802,45.00119731800766,25.0,0.3472222222222222,-0.0066823914431672895,0.029562100893997443,0.002687426990208599,0.05184039920957977,0.43933333333333313,0.9947271755643398,0.9770530092555204,0.9648811190283864,0.9636399750194758,0.9732539458488899,0.9925111181607661,0.0,0.0,0.0
ahmedabad_ssp585_late_2080s_typical_2087,Ahmedabad,ssp585,late_2080s,typical,2087,16704,0.4817313617496808,0.392556024068012,0.034666666666666665,0.3686666666666667,1.2840000000000003,-0.38266666666666665,1.936666666666667,0.48663030810983393,0.43952770492031884,37.440134099616856,12.763409961685824,0.0,0.48861478288633464,0.3932608622256705,0.038,0.37533333333333324,1.2912333333333323,-0.3826666666666666,1.936666666666667,0.49339551404853127,38.110632183908045,13.062739463601533,0.0,-0.00688342113665388,0.02783696519795658,0.0023712995157513833,0.04869599075644096,0.4633333333333337,0.9924748426613884,0.95111501295471,0.950338640228132,0.9492075542501651,0.9539587140630256,0.989880133763948,0.0,0.0,0.0
ahmedabad_ssp585_mid_2050s_heatwave_extreme_2051,Ahmedabad,ssp585,mid_2050s,heatwave_extreme,2051,16704,0.48113577586206896,0.3916735453981351,-0.005333333333333332,0.3866666666666666,1.2486666666666666,-0.5713333333333334,1.8493333333333335,0.4911749680715198,0.4398161129048471,38.3860153256705,12.146791187739463,0.0,0.487812978927203,0.3925323371148485,-0.0013333333333333,0.392,1.2572333333333323,-0.5713333333333334,1.8493333333333335,0.4976656289910601,39.03855363984675,12.47006704980843,0.0,-0.006677203065134085,0.02826508620689655,0.002336396126011069,0.04833628167340832,0.42666666666666675,0.9925490892917634,0.9249849338393078,0.9300161541802711,0.9286538633216543,0.9348618600744847,0.9866690158417192,0.0,0.0,0.047892720306513405
ahmedabad_ssp585_mid_2050s_hot_2050,Ahmedabad,ssp585,mid_2050s,hot,2050,16704,0.469670617816092,0.37958851021241724,0.009333333333333334,0.368,1.2413333333333334,-0.28733333333333333,1.7853333333333332,0.47654042943805874,0.4306440412228241,36.2787356321839,12.045019157088124,0.0,0.4762722302043423,0.38054713437268733,0.0133333333333333,0.3733333333333333,1.2493333333333332,-0.2873333333333333,1.7853333333333332,0.4829612468071519,36.87140804597701,12.392241379310345,0.0,-0.006601612388250303,0.027524185823754786,0.0023121148893146017,0.048084455797217894,0.45399999999999985,0.9921509383022062,0.935683724991747,0.9358546426614724,0.9347751026788116,0.9415421817384426,0.9881166695399969,0.0,0.0,0.005986590038314176
ahmedabad_ssp585_mid_2050s_typical_2055,Ahmedabad,ssp585,mid_2050s,typical,2055,16704,0.3524032966155811,0.2911136500554456,-0.017333333333333333,0.29000000000000004,0.9465666666666657,-0.3206666666666667,1.4840000000000004,0.36241151819923373,0.31596964529175914,24.88625478927203,3.807471264367816,0.0,0.35874580938697315,0.2928469964592351,-0.013999999999999985,0.2966666666666666,0.9566666666666668,-0.3206666666666667,1.4840000000000004,0.36850810185185184,25.538793103448278,4.011015325670498,0.0,-0.006342512771392061,0.025504869093231162,0.0020773970306513403,0.04557847113113098,0.42333333333333345,0.9880696590941933,0.8682007289141354,0.8844437718252653,0.8832855480418786,0.8998436546928495,0.9792450493259242,0.005986590038314176,0.005986590038314176,0.011973180076628351
ahmedabad_ssp585_near_2030s_heatwave_extreme_2037,Ahmedabad,ssp585,near_2030s,heatwave_extreme,2037,16704,0.4160098978288634,0.3477719438568348,-0.024,0.3360000000000001,1.1099999999999999,-0.38333333333333336,1.7553333333333332,0.4270817369093231,0.378990541779887,32.29166666666667,7.650862068965517,0.0,0.4225261015325671,0.34884956176887877,-0.02,0.3426666666666667,1.1172333333333324,-0.3833333333333333,1.7553333333333332,0.43332774584929756,33.04597701149425,7.902298850574713,0.0,-0.006516203703703686,0.026877394636015326,0.0021080939229459346,0.04591398395854943,0.42200000000000004,0.9914916328025289,0.8930689619629635,0.8946440323942505,0.8933956523393436,0.9043078640657193,0.982586289866729,0.005986590038314176,0.005986590038314176,0.005986590038314176
ahmedabad_ssp585_near_2030s_hot_2037,Ahmedabad,ssp585,near_2030s,hot,2037,16704,0.4160098978288634,0.3477719438568348,-0.024,0.3360000000000001,1.1099999999999999,-0.38333333333333336,1.7553333333333332,0.4270817369093231,0.378990541779887,32.29166666666667,7.650862068965517,0.0,0.4225261015325671,0.34884956176887877,-0.02,0.3426666666666667,1.1172333333333324,-0.3833333333333333,1.7553333333333332,0.43332774584929756,33.04597701149425,7.902298850574713,0.0,-0.006516203703703686,0.026877394636015326,0.0021080939229459346,0.04591398395854943,0.42200000000000004,0.9914916328025289,0.8930689619629635,0.8946440323942505,0.8933956523393436,0.9043078640657193,0.982586289866729,0.005986590038314176,0.005986590038314176,0.005986590038314176
ahmedabad_ssp585_near_2030s_typical_2031,Ahmedabad,ssp585,near_2030s,typical,2031,16704,0.3899586925287356,0.40261662045020385,-0.09266666666666669,0.27866666666666673,1.2225666666666657,-0.568,1.9880000000000002,0.4155361190932311,0.35764510084586043,29.669540229885055,10.428639846743296,0.0,0.3956891762452107,0.40418521744358415,-0.09,0.2833333333333333,1.2312333333333323,-0.568,1.988,0.42090812579821196,30.17241379310345,10.715996168582375,0.0,-0.005730483716475081,0.025482798531289912,0.0020057596583652614,0.0447857081931866,0.42200000000000004,0.99394567596754,0.9170832124886815,0.9262718256734783,0.9247919571600777,0.9376590498093794,0.9854100629103072,0.005986590038314176,0.005986590038314176,0.02993295019157088
beijing_ssp245_baseline_2020s_heatwave_extreme_2025,Beijing,ssp245,baseline_2020s,heatwave_extreme,2025,16704,-0.1398562021072797,0.5231162227247059,-1.004,-0.06999999999999999,0.7466666666666666,-2.189333333333333,1.6073333333333335,0.4067561861430396,-0.1072159916356737,34.15948275862069,7.6209291187739465,0.017959770114942528,-0.14085500478927201,0.5296388232011968,-1.0205666666666666,-0.0693333333333333,0.7573333333333334,-2.349333333333333,1.6073333333333335,0.41110316890166027,34.46479885057471,8.016044061302683,0.02993295019157088,0.0009988026819923396,0.021376037675606644,0.0011758325351213282,0.03429041462451757,0.30266666666666675,0.9979566163681349,0.8330507611766179,0.5148907577584773,0.5055820663220042,0.49563126322361595,0.8867463854312132,0.0,0.0,0.0
beijing_ssp245_baseline_2020s_hot_2025,Beijing,ssp245,baseline_2020s,hot,2025,16704,-0.1398562021072797,0.5231162227247059,-1.004,-0.06999999999999999,0.7466666666666666,-2.189333333333333,1.6073333333333335,0.4067561861430396,-0.1072159916356737,34.15948275862069,7.6209291187739465,0.017959770114942528,-0.14085500478927201,0.5296388232011968,-1.0205666666666666,-0.0693333333333333,0.7573333333333334,-2.349333333333333,1.6073333333333335,0.41110316890166027,34.46479885057471,8.016044061302683,0.02993295019157088,0.0009988026819923396,0.021376037675606644,0.0011758325351213282,0.03429041462451757,0.30266666666666675,0.9979566163681349,0.8330507611766179,0.5148907577584773,0.5055820663220042,0.49563126322361595,0.8867463854312132,0.0,0.0,0.0
beijing_ssp245_baseline_2020s_typical_2026,Beijing,ssp245,baseline_2020s,typical,2026,16704,-0.23430854885057467,0.46342179815859724,-1.0500000000000003,-0.12333333333333332,0.34856666666666564,-2.0446666666666666,1.1833333333333336,0.3802545098978289,-0.19264575691241514,30.771072796934867,6.459530651340996,0.005986590038314176,-0.23616614782886333,0.47079509625276283,-1.0718999999999999,-0.1226666666666666,0.3546666666666667,-2.194666666666667,1.1833333333333336,0.3846955220306513,30.998563218390807,6.752873563218391,0.02993295019157088,0.001857598978288636,0.019886254789272036,0.0010405999361430395,0.03225833126717871,0.3033333333333334,0.997747734538028,0.7174594297147602,0.42608924599754305,0.41194441534759024,0.40674846265273656,0.6408104726474357,0.0,0.0,0.0
beijing_ssp245_late_2080s_heatwave_extreme_2084,Beijing,ssp245,late_2080s,heatwave_extreme,2084,16704,0.012431912515964271,0.6441349656302895,-0.8873333333333332,-0.03333333333333333,1.4185666666666656,-1.8959999999999997,2.4306666666666668,0.4654313537675606,0.03153938206122969,34.95569923371647,11.637931034482758,0.8201628352490421,0.012423491379310328,0.6485732594667828,-0.896,-0.032,1.4213333333333331,-2.033333333333333,2.4306666666666668,0.46941064016602807,35.18917624521073,11.991139846743296,0.8261494252873564,8.421136653895969e-06,0.022639407726692214,0.0013479823063005535,0.0367148785412747,0.3646666666666668,0.9984102641748024,0.8890645343691824,0.8011224591785655,0.7946943538553034,0.7984375571427804,0.9750599467866242,0.0,0.0,0.0
beijing_ssp245_late_2080s_hot_2084,Beijing,ssp245,late_2080s,hot,2084,16704,0.012431912515964271,0.6441349656302895,-0.8873333333333332,-0.03333333333333333,1.4185666666666656,-1.8959999999999997,2.4306666666666668,0.4654313537675606,0.03153938206122969,34.95569923371647,11.637931034482758,0.8201628352490421,0.012423491379310328,0.6485732594667828,-0.896,-0.032,1.4213333333333331,-2.033333333333333,2.4306666666666668,0.46941064016602807,35.18917624521073,11.991139846743296,0.8261494252873564,8.421136653895969e-06,0.022639407726692214,0.0013479823063005535,0.0367148785412747,0.3646666666666668,0.9984102641748024,0.8890645343691824,0.8011224591785655,0.7946943538553034,0.7984375571427804,0.9750599467866242,0.0,0.0,0.0
beijing_ssp245_late_2080s_typical_2083,Beijing,ssp245,late_2080s,typical,2083,16704,-0.04589395753512131,0.6421972415059605,-0.9699,-0.08133333333333334,1.2793333333333334,-2.1653333333333333,1.9873333333333334,0.48887735472541516,-0.017953904427301846,40.31968390804598,13.685344827586206,0.011973180076628351,-0.0464666746487867,0.6482193933882769,-0.9865666666666664,-0.0806666666666666,1.2826666666666668,-2.3186666666666667,1.9873333333333336,0.49357690772669216,40.63098659003831,14.194204980842912,0.017959770114942528,0.0005727171136653892,0.023045098978288638,0.0013903349829714772,0.03728719596552518,0.5013333333333339,0.9983740206591567,0.8979646194396202,0.7196348926083582,0.7118945083016822,0.7087250525876897,0.9667111727252256,0.0,0.0,0.0
beijing_ssp245_mid_2050s_heatwave_extreme_2050,Beijing,ssp245,mid_2050s,heatwave_extreme,2050,16704,-0.020777458492975742,0.5998447464512983,-0.9125666666666665,-0.04733333333333333,1.183899999999999,-1.704,2.655333333333333,0.4361425606641124,-0.00034391975360872895,34.309147509578544,9.410919540229886,0.5148467432950191,-0.020787436143039597,0.6047185143381307,-0.9192333333333332,-0.0466666666666666,1.1905666666666659,-1.8413333333333337,2.655333333333333,0.4402559067688379,34.62643678160919,9.710249042145595,0.5148467432950191,9.97765006385666e-06,0.022068486590038315,0.0012833263622818222,0.03582354480340858,0.4786666666666669,0.9982637946062657,0.8805736927821517,0.7420181267347632,0.7353169379140292,0.730210735798747,0.967506498904987,0.0,0.0,0.0
beijing_ssp245_mid_2050s_hot_2050,Beijing,ssp245,mid_2050s,hot,2050,16704,-0.020777458492975742,0.5998447464512983,-0.9125666666666665,-0.04733333333333333,1.183899999999999,-1.704,2.655333333333333,0.4361425606641124,-0.00034391975360872895,34.309147509578544,9.410919540229886,0.5148467432950191,-0.020787436143039597,0.6047185143381307,-0.9192333333333332,-0.0466666666666666,1.1905666666666659,-1.8413333333333337,2.655333333333333,0.4402559067688379,34.62643678160919,9.710249042145595,0.5148467432950191,9.97765006385666e-06,0.022068486590038315,0.0012833263622818222,0.03582354480340858,0.4786666666666669,0.9982637946062657,0.8805736927821517,0.7420181267347632,0.7353169379140292,0.730210735798747,0.967506498904987,0.0,0.0,0.0
beijing_ssp245_mid_2050s_typical_2056,Beijing,ssp245,mid_2050s,typical,2056,16704,-0.15215952266922098,0.5386127668426965,-1.0313333333333334,-0.09399999999999997,0.7466666666666667,-2.0959999999999996,1.6199999999999999,0.42714291985951464,-0.11744116065251052,35.662116858237546,8.399185823754788,0.017959770114942528,-0.15323463441890162,0.5456898200987221,-1.0452333333333332,-0.0933333333333333,0.754,-2.2473333333333327,1.62,0.43195390325670496,35.985392720306514,8.782327586206897,0.04190613026819923,0.0010751117496807178,0.021744891443167307,0.0012018710089399746,0.03466801132081237,0.30333333333333334,0.998042582909307,0.8065490447445867,0.5217447971164832,0.5105649257725355,0.5125239747215425,0.8971300093366084,0.0,0.0,0.0
beijing_ssp245_near_2030s_heatwave_extreme_2039,Beijing,ssp245,near_2030s,heatwave_extreme,2039,16704,-0.24432758620689654,0.504860040256645,-1.1520000000000004,-0.08866666666666667,0.32866666666666666,-2.4739999999999998,1.0546666666666666,0.4065459770114943,-0.2031464004934042,31.74688697318008,8.740421455938698,0.14966475095785442,-0.24639742975734358,0.513214656733944,-1.1840000000000002,-0.0886666666666666,0.3366666666666667,-2.6359999999999997,1.0633333333333332,0.4115348020434228,31.92049808429119,9.021791187739463,0.203544061302682,0.002069843550447005,0.020900143678160923,0.0011802996487867176,0.03435548935449352,0.32266666666666666,0.9978652854740782,0.7826647908336586,0.4200319086000069,0.40348103134089386,0.4579688431308839,0.5032523008820806,0.0,0.0,0.0
beijing_ssp245_near_2030s_hot_2034,Beijing,ssp245,near_2030s,hot,2034,16704,-0.17896364144316732,0.5058603562121893,-1.0273333333333334,-0.10066666666666665,0.5992333333333324,-2.4486666666666665,1.462,0.4139999600893997,-0.142784422018077,34.327107279693486,6.68103448275862,0.05986590038314176,-0.18005719189016603,0.512757685896761,-1.0432333333333335,-0.1006666666666666,0.6033333333333334,-2.6153333333333335,1.462,0.4186004549808429,34.584530651341,7.064176245210728,0.07782567049808428,0.0010935504469987258,0.021590996168582375,0.0012038530225627925,0.03469658517149479,0.42200000000000015,0.9977734074426384,0.8002363078218796,0.422918178364782,0.41134577503628833,0.4067834017121583,0.8089990231529302,0.0,0.0,0.0
beijing_ssp245_near_2030s_typical_2035,Beijing,ssp245,near_2030s,typical,2035,16704,-0.22729940932311624,0.556441043284579,-1.1959000000000002,-0.09666666666666669,0.6212333333333322,-2.4906666666666673,1.25,0.44788034802043425,-0.18247024502571263,38.03280651340996,10.470545977011495,0.11973180076628352,-0.22932718710089398,0.5650302093877454,-1.2263666666666662,-0.0966666666666666,0.625899999999999,-2.6533333333333333,1.25,0.4531797573435504,38.26628352490422,10.733955938697317,0.18558429118773948,0.002027777777777781,0.021407966155810986,0.0011766125478927202,0.03430178636591279,0.28266666666666673,0.9982526941381077,0.8412216606021679,0.41628722854078354,0.4026492096269637,0.4448215266118563,0.707076201579202,0.0,0.0,0.0
beijing_ssp585_baseline_2020s_heatwave_extreme_2029,Beijing,ssp585,baseline_2020s,heatwave_extreme,2029,16704,-0.19362256545338444,0.5507887785712375,-1.1099999999999999,-0.10733333333333332,0.7065666666666657,-2.3440000000000003,1.4853333333333334,0.4392231401660281,-0.15341704253400226,35.60225095785441,10.255028735632184,0.14367816091954022,-0.19522497605363984,0.5586317003078508,-1.1266666666666667,-0.1066666666666666,0.7233333333333334,-2.506666666666667,1.4853333333333334,0.4442833253512133,35.877634099616856,10.596264367816092,0.19755747126436785,0.001602410600255429,0.02194300766283525,0.0012176262771392081,0.03489450210476155,0.298,0.9981254600983098,0.8190316199578432,0.458508493777356,0.4473795166053306,0.46686864433089614,0.8434208162630464,0.0,0.0,0.0
beijing_ssp585_baseline_2020s_hot_2029,Beijing,ssp585,baseline_2020s,hot,2029,16704,-0.19362256545338444,0.5507887785712375,-1.1099999999999999,-0.10733333333333332,0.7065666666666657,-2.3440000000000003,1.4853333333333334,0.4392231401660281,-0.15341704253400226,35.60225095785441,10.255028735632184,0.14367816091954022,-0.19522497605363984,0.5586317003078508,-1.1266666666666667,-0.1066666666666666,0.7233333333333334,-2.506666666666667,1.4853333333333334,0.4442833253512133,35.877634099616856,10.596264367816092,0.19755747126436785,0.001602410600255429,0.02194300766283525,0.0012176262771392081,0.03489450210476155,0.298,0.9981254600983098,0.8190316199578432,0.458508493777356,0.4473795166053306,0.46686864433089614,0.8434208162630464,0.0,0.0,0.0
beijing_ssp585_baseline_2020s_typical_2026,Beijing,ssp585,baseline_2020s,typical,2026,16704,-0.2497412196679438,0.47662460526491496,-1.120666666666667,-0.09366666666666668,0.2745666666666657,-2.766,0.906,0.3882032247765006,-0.20813800290278606,30.322078544061306,7.764607279693486,0.14966475095785442,-0.2518342512771392,0.4844998101663207,-1.1425666666666665,-0.0933333333333333,0.28,-2.9313333333333333,0.906,0.3928643438697318,30.513649425287355,8.117816091954024,0.18558429118773948,0.002093031609195409,0.02031070402298851,0.0010946385429970202,0.03308532216855414,0.3226666666666667,0.9977736472907275,0.7262088705095862,0.4344764475047113,0.4188778747462084,0.4461826855466,0.470858291977026,0.0,0.0,0.0
beijing_ssp585_late_2080s_heatwave_extreme_2089,Beijing,ssp585,late_2080s,heatwave_extreme,2089,16704,0.06326360951468706,0.6666593703761159,-0.9058999999999999,0.02266666666666667,1.3631333333333313,-1.7033333333333336,2.5966666666666667,0.506814216155811,0.08224093990274203,40.94228927203065,12.97294061302682,0.5208333333333333,0.06397006704980843,0.6715811408333362,-0.9113333333333336,0.024,1.3676999999999973,-1.833333333333333,2.5966666666666667,0.5112641283524904,41.271551724137936,13.36206896551724,0.5208333333333333,-0.0007064575351213282,0.023519755747126433,0.0014768795498084288,0.03843019060333202,0.3919999999999999,0.9983782608890719,0.891829125802675,0.7848492941430133,0.7786831564982333,0.7855596094774795,0.9770835978748401,0.0,0.0,0.0
beijing_ssp585_late_2080s_hot_2089,Beijing,ssp585,late_2080s,hot,2089,16704,0.06326360951468706,0.6666593703761159,-0.9058999999999999,0.02266666666666667,1.3631333333333313,-1.7033333333333336,2.5966666666666667,0.506814216155811,0.08224093990274203,40.94228927203065,12.97294061302682,0.5208333333333333,0.06397006704980843,0.6715811408333362,-0.9113333333333336,0.024,1.3676999999999973,-1.833333333333333,2.5966666666666667,0.5112641283524904,41.271551724137936,13.36206896551724,0.5208333333333333,-0.0007064575351213282,0.023519755747126433,0.0014768795498084288,0.03843019060333202,0.3919999999999999,0.9983782608890719,0.891829125802675,0.7848492941430133,0.7786831564982333,0.7855596094774795,0.9770835978748401,0.0,0.0,0.0
beijing_ssp585_late_2080s_typical_2084,Beijing,ssp585,late_2080s,typical,2084,16704,0.019708173690932317,0.6683011179793825,-0.9452333333333333,-0.03866666666666667,1.34,-1.9813333333333334,2.792,0.4758393997445722,0.042103265781468335,36.72772988505747,12.883141762452107,1.3769157088122606,0.019731042464878674,0.6728498205936226,-0.9591333333333331,-0.0386666666666666,1.340666666666667,-2.1326666666666667,2.792,0.4798308987867177,37.03903256704981,13.266283524904216,1.3829022988505748,-2.2868773946361994e-05,0.022682511174968077,0.0013884380853554704,0.03726175097006943,0.4206666666666663,0.9984791534239671,0.8987611626111156,0.7809208390264168,0.7746594391469003,0.7849682593542137,0.9728862222080742,0.0,0.0,0.0
beijing_ssp585_mid_2050s_heatwave_extreme_2052,Beijing,ssp585,mid_2050s,heatwave_extreme,2052,16704,-0.041630627394635994,0.6766961770452768,-1.0633333333333335,-0.03900000000000001,1.2213333333333334,-2.5886666666666667,2.482666666666667,0.5080724377394635,-0.012845790852130261,41.678639846743295,14.721024904214557,0.7303639846743295,-0.04213250319284801,0.6831484266485808,-1.0792333333333337,-0.0383333333333333,1.2244666666666646,-2.7540000000000004,2.482666666666667,0.5130775862068965,41.98395593869732,15.098180076628353,0.7722701149425287,0.0005018757982120062,0.023328583971902937,0.0014239782088122605,0.037735635794461715,0.3833333333333335,0.9985051450863367,0.8772850331762228,0.6712306180168907,0.6620959720316696,0.6708553485644475,0.9654221840246181,0.0,0.0,0.0
beijing_ssp585_mid_2050s_hot_2052,Beijing,ssp585,mid_2050s,hot,2052,16704,-0.041630627394635994,0.6766961770452768,-1.0633333333333335,-0.03900000000000001,1.2213333333333334,-2.5886666666666667,2.482666666666667,0.5080724377394635,-0.012845790852130261,41.678639846743295,14.721024904214557,0.7303639846743295,-0.04213250319284801,0.6831484266485808,-1.0792333333333337,-0.0383333333333333,1.2244666666666646,-2.7540000000000004,2.482666666666667,0.5130775862068965,41.98395593869732,15.098180076628353,0.7722701149425287,0.0005018757982120062,0.023328583971902937,0.0014239782088122605,0.037735635794461715,0.3833333333333335,0.9985051450863367,0.8772850331762228,0.6712306180168907,0.6620959720316696,0.6708553485644475,0.9654221840246181,0.0,0.0,0.0
beijing_ssp585_mid_2050s_typical_2053,Beijing,ssp585,mid_2050s,typical,2053,16704,-0.1250047493614304,0.49143712180497584,-0.9646666666666667,-0.07466666666666667,0.6793333333333335,-1.9406666666666665,1.4200000000000002,0.3918831816730524,-0.09477733079385864,31.22006704980843,5.369971264367816,0.0,-0.12538645434227333,0.49784246506599455,-0.978,-0.0746666666666666,0.689899999999999,-2.0853333333333333,1.4200000000000002,0.39631078384418905,31.591235632183906,5.723180076628352,0.011973180076628351,0.0003817049808429136,0.021383461047254144,0.0011776659216687954,0.03431713743406922,0.28800000000000003,0.9976773893453408,0.7602519502923257,0.4423218333957062,0.43382351415131926,0.422743081487864,0.865838094393605,0.0,0.0,0.0
beijing_ssp585_near_2030s_heatwave_extreme_2030,Beijing,ssp585,near_2030s,heatwave_extreme,2030,16704,-0.19730196360153254,0.6061002972908801,-1.1765666666666665,-0.08933333333333335,0.767899999999999,-2.4926666666666666,1.6573333333333335,0.48774616858237546,-0.1548995794836341,41.40325670498085,12.38625478927203,0.2334770114942529,-0.19915549169859514,0.6148467742480028,-1.2006666666666668,-0.0886666666666666,0.7746666666666667,-2.664,1.6573333333333335,0.4935460568326947,41.690613026819925,12.78735632183908,0.3113026819923371,0.0018535280970625844,0.02343486590038314,0.0014221719348659003,0.03771169493493895,0.4006666666666666,0.9981991093948409,0.8354652603028759,0.4702113676090185,0.4578208527944716,0.47667291154737185,0.8716216969039099,0.0,0.0,0.0
beijing_ssp585_near_2030s_hot_2037,Beijing,ssp585,near_2030s,hot,2037,16704,-0.1748979086845466,0.622710314477437,-1.2186666666666668,-0.026000000000000002,0.7973333333333333,-2.9879999999999995,1.4579999999999997,0.48677362707535116,-0.13581806613548264,41.39128352490422,12.697557471264368,0.4849137931034483,-0.17635576309067683,0.6314489708315739,-1.2373333333333334,-0.0253333333333333,0.8032333333333322,-3.1579999999999995,1.4579999999999995,0.4924316730523627,41.66666666666667,13.07471264367816,0.610632183908046,0.0014578544061302733,0.023175686462324395,0.001431472115793955,0.037834800327132094,0.34,0.9982795663975299,0.861067637464876,0.45927787734798264,0.4466650666493536,0.4555363536263773,0.8709297581407393,0.0,0.0,0.0
beijing_ssp585_near_2030s_typical_2032,Beijing,ssp585,near_2030s,typical,2032,16704,-0.1378016443167305,0.4882901517304949,-0.9480000000000002,-0.10533333333333332,0.6646666666666667,-1.6806666666666668,1.3366666666666667,0.3973269476372924,-0.10592196935416906,32.95019157088122,4.9928160919540225,0.0,-0.13852554278416346,0.4946966779757769,-0.9578999999999999,-0.1046666666666666,0.6705666666666655,-1.8120000000000005,1.336666666666667,0.40178935185185183,33.27346743295019,5.352011494252873,0.0,0.0007238984674329516,0.02138202426564496,0.0011612639953171562,0.03407732376987894,0.4106666666666665,0.9976823208044041,0.784195895807214,0.45750047188183335,0.4479983315381361,0.4410070161993574,0.8463973959456336,0.0,0.0,0.0
guangzhou_ssp245_baseline_2020s_heatwave_extreme_2028,Guangzhou,ssp245,baseline_2020s,heatwave_extreme,2028,16704,0.23173188058748403,0.36019217065625053,-0.25400000000000006,0.1486666666666667,0.9720000000000001,-0.8973333333333335,1.4793333333333332,0.3086522190293742,0.22366777690942607,22.138409961685824,4.352250957854406,0.0,0.23630503671775227,0.3627404044921842,-0.2546666666666667,0.152,0.9772333333333323,-0.902,1.5240000000000002,0.31296180555555553,22.653256704980844,4.483955938697318,0.0,-0.0045731561302681896,0.02088597541507024,0.0013569902352064706,0.03683734837371537,0.40000000000000024,0.9949119045392157,0.916161658893645,0.8994412515861255,0.8982051817778134,0.9110663695945093,0.9661389197175303,0.0,0.0,0.0
guangzhou_ssp245_baseline_2020s_hot_2027,Guangzhou,ssp245,baseline_2020s,hot,2027,16704,0.2193413553639847,0.3214003708737103,-0.28589999999999993,0.18199999999999997,0.8666666666666666,-1.2226666666666663,1.2766666666666668,0.2949982040229885,0.2078684995001525,18.755986590038315,2.17911877394636,0.0,0.22432594987228607,0.3243191475714273,-0.2852333333333333,0.186,0.876,-1.3293333333333333,1.2766666666666668,0.30006333812260527,19.312739463601535,2.346743295019157,0.0,-0.004984594508301387,0.021025702426564496,0.001397712750106428,0.03738599671142162,0.42666666666666686,0.993455507415614,0.8732643468172968,0.8623011149688327,0.8604403568821641,0.8799851903512299,0.9570198948903493,0.0,0.0,0.0
guangzhou_ssp245_baseline_2020s_typical_2025,Guangzhou,ssp245,baseline_2020s,typical,2025,16704,0.25827697956577267,0.36538019129561133,-0.19466666666666665,0.16,1.025899999999999,-0.8033333333333331,1.5133333333333332,0.31524824393358875,0.24635254060163453,21.557710727969347,5.621408045977012,0.0,0.262952187100894,0.36756093563208053,-0.19389999999999985,0.164,1.0311333333333312,-0.8033333333333331,1.5133333333333332,0.31963721264367817,22.024664750957854,5.771072796934866,0.0,-0.004675207535121315,0.021042225415070247,0.0013911462324393358,0.03729807277111427,0.3913333333333331,0.9949198129041763,0.9243247374620456,0.9300488064452122,0.9288048154636759,0.9354915462785427,0.9722982435890705,0.0,0.0,0.0
guangzhou_ssp245_late_2080s_heatwave_extreme_2088,Guangzhou,ssp245,late_2080s,heatwave_extreme,2088,16704,0.43979705459770113,0.49528255018603584,-0.20733333333333334,0.296,1.3692333333333324,-0.888,1.8146666666666669,0.49765824553001275,0.4231231008561788,40.55316091954023,16.409243295019156,0.0,0.4454285999361431,0.4971268998265215,-0.20723333333333324,0.3026666666666667,1.3713333333333333,-0.888,1.8146666666666669,0.5032770992975735,41.07998084291188,16.798371647509576,0.0,-0.005631545338441881,0.025771072796934868,0.0018955762026394208,0.043538215427821804,0.42200000000000015,0.9962219290056866,0.955869015711339,0.952836555230615,0.9517356032347217,0.9567478054270665,0.9884784131461293,0.0,0.0,0.0
guangzhou_ssp245_late_2080s_hot_2083,Guangzhou,ssp245,late_2080s,hot,2083,16704,0.4227382662835249,0.4276719686567375,-0.1166666666666667,0.30133333333333334,1.2585666666666657,-0.5173333333333333,1.842666666666667,0.4527786558109834,0.4019916129964223,36.03927203065134,12.308429118773946,0.0,0.4288295817369093,0.42899741719869344,-0.1153333333333333,0.308,1.2645666666666657,-0.5173333333333333,1.842666666666667,0.45854007024265636,36.6977969348659,12.607758620689655,0.0,-0.006091315453384407,0.025297972541507025,0.0018122314282673479,0.042570311582925346,0.41733333333333344,0.9951671421821747,0.9513712808597728,0.9479769151154067,0.9468391287069907,0.9558335989653172,0.9874688912839134,0.0,0.0,0.0
guangzhou_ssp245_late_2080s_typical_2084,Guangzhou,ssp245,late_2080s,typical,2084,16704,0.3232440932311622,0.3913441420450839,-0.1993333333333334,0.21733333333333332,1.0993333333333335,-0.7666666666666667,1.5293333333333332,0.3796713761174968,0.3101052991176025,30.747126436781606,7.507183908045977,0.0,0.328863745210728,0.3937842338581224,-0.19989999999999986,0.2233333333333333,1.104,-0.7666666666666667,1.5293333333333332,0.38517640485312904,31.47749042145594,7.710727969348659,0.0,-0.005619651979565762,0.023504070881226052,0.0016901409110259681,0.041111323391809805,0.42533333333333356,0.9946380560908664,0.9287867827099228,0.9228675632304625,0.9215438317133507,0.9323730699604973,0.977788936366827,0.0,0.0,0.0
guangzhou_ssp245_mid_2050s_heatwave_extreme_2055,Guangzhou,ssp245,mid_2050s,heatwave_extreme,2055,16704,0.3415737148786718,0.39476433278549045,-0.11733333333333335,0.22266666666666668,1.1773333333333333,-0.6913333333333332,1.7486666666666664,0.3750738745210728,0.32157659771606456,26.969588122605366,9.069683908045976,0.0,0.34710392720306515,0.3965429767088109,-0.1166666666666666,0.2266666666666666,1.182,-0.6913333333333332,1.7486666666666664,0.3804398148148148,27.502394636015325,9.315134099616857,0.0,-0.0055302123243933425,0.023199513090676884,0.0016561532833120475,0.04069586322111926,0.398,0.9948179511567558,0.941799807836266,0.9441344747145487,0.9432307545840207,0.950108666107794,0.983571754035365,0.0,0.0,0.0
guangzhou_ssp245_mid_2050s_hot_2051,Guangzhou,ssp245,mid_2050s,hot,2051,16704,0.33892844029374203,0.41910550632837545,-0.214,0.22533333333333336,1.178,-0.8153333333333332,1.7333333333333336,0.3962987308429119,0.32422378949882696,30.112547892720304,9.500718390804598,0.0,0.34437416187739467,0.4212233180730863,-0.21466666666666667,0.2313333333333333,1.1833333333333331,-0.8153333333333332,1.7333333333333336,0.4016761254789272,30.717193486590038,9.734195402298852,0.0,-0.005445721583652605,0.02314583333333333,0.0016379767986377178,0.04047192605544883,0.4173333333333332,0.9954575083991448,0.9416946398151734,0.9422761837773729,0.940992792845565,0.9468936780451532,0.9805576441976723,0.0,0.0,0.0
guangzhou_ssp245_mid_2050s_typical_2054,Guangzhou,ssp245,mid_2050s,typical,2054,16704,0.3114230922733078,0.39802371127761127,-0.2846666666666667,0.23533333333333334,1.0733333333333335,-0.8686666666666667,1.4533333333333334,0.38844161079182626,0.29890030933143624,31.226053639846747,6.7588601532567045,0.0,0.3168105443805875,0.40060432766789317,-0.2846666666666667,0.2439999999999999,1.0812333333333324,-0.8686666666666667,1.6046666666666665,0.39391678639846744,31.932471264367816,6.926484674329501,0.0,-0.005387452107279683,0.023622605363984674,0.0016334550872711792,0.04041602512953468,0.4126666666666664,0.9949897439537451,0.9179869784163499,0.910732483526245,0.9095487299176825,0.9183034323917174,0.9778030603846848,0.0,0.0,0.0
guangzhou_ssp245_near_2030s_heatwave_extreme_2034,Guangzhou,ssp245,near_2030s,heatwave_extreme,2034,16704,0.2537403017241379,0.3403684371454975,-0.1793333333333334,0.16599999999999998,0.9552333333333323,-0.75,1.5579999999999998,0.3043863745210728,0.24316447966512078,21.156609195402297,4.028975095785441,0.0,0.258698754789272,0.3427037123117447,-0.1793333333333333,0.1693333333333333,0.9612333333333323,-0.75,1.5579999999999998,0.3089616060025543,21.677442528735632,4.160680076628352,0.0,-0.0049584530651340854,0.02117277298850575,0.0014017024531715622,0.03743931694317569,0.372,0.9941203802581325,0.9175424788747291,0.9164226482318352,0.9149589638327374,0.9228785429600056,0.9687803960577098,0.0,0.0,0.0
guangzhou_ssp245_near_2030s_hot_2038,Guangzhou,ssp245,near_2030s,hot,2038,16704,0.31713848978288633,0.3916142845994218,-0.20333333333333334,0.22866666666666668,1.0986666666666667,-1.2,1.6053333333333335,0.3735738346104725,0.30312706642430065,27.586206896551722,7.579022988505748,0.0,0.32259562579821205,0.39378785006375616,-0.2033333333333333,0.2333333333333333,1.104,-1.2993333333333332,1.6053333333333335,0.37895657726692206,28.15493295019157,7.788553639846743,0.0,-0.005457136015325656,0.023153336526181352,0.0016334004363558962,0.04041534901935026,0.4146666666666664,0.9948159485140278,0.9284067437428778,0.9266648218676306,0.9253707195650479,0.9344574738979293,0.9779475674468567,0.0,0.0,0.0
guangzhou_ssp245_near_2030s_typical_2031,Guangzhou,ssp245,near_2030s,typical,2031,16704,0.23318386813537678,0.3488623300444663,-0.23733333333333334,0.158,0.9559999999999998,-0.8400000000000001,1.512666666666667,0.3029494332694764,0.22527514474349775,20.38433908045977,4.238505747126436,0.0,0.23794655970625797,0.35142206640220347,-0.2373333333333333,0.16066666666666665,0.9633333333333334,-0.8400000000000001,1.512666666666667,0.30740752713920816,20.92313218390805,4.376197318007663,0.0,-0.004762691570881213,0.02075446998722861,0.0013097093976160066,0.03618990739993688,0.41600000000000026,0.9947777502797427,0.9080055393890808,0.9050652073332105,0.9038614171751878,0.9131495109528113,0.9679755014210566,0.0,0.0,0.0
guangzhou_ssp585_baseline_2020s_heatwave_extreme_2026,Guangzhou,ssp585,baseline_2020s,heatwave_extreme,2026,16704,0.2595893997445721,0.4004723456203486,-0.2973333333333334,0.166,1.0658999999999992,-1.0006666666666668,1.6006666666666665,0.3465921934865901,0.25303161962287063,25.748323754789272,6.17816091954023,0.0,0.26424109993614303,0.4028943417100499,-0.298,0.1706666666666666,1.0726666666666669,-1.0666666666666669,1.6006666666666665,0.35110947477650056,26.299090038314176,6.333812260536398,0.0,-0.004651700191570871,0.021812619731800768,0.0014396446094082586,0.0379426489508608,0.3713333333333333,0.9956239313113681,0.9282318269986637,0.910201479315075,0.9091025347660436,0.9170702891521946,0.9711219511783273,0.0,0.0,0.0
guangzhou_ssp585_baseline_2020s_hot_2028,Guangzhou,ssp585,baseline_2020s,hot,2028,16704,0.25841275542784164,0.3703799327242807,-0.2486666666666667,0.18666666666666668,1.0186666666666668,-0.7953333333333332,1.5059999999999998,0.3319875478927203,0.24939725307772337,23.814655172413794,5.405890804597701,0.0,0.2632647270114942,0.37299638178154093,-0.25056666666666666,0.192,1.0232333333333323,-0.8740000000000001,1.5059999999999998,0.33682738665389533,24.395354406130267,5.549568965517242,0.0,-0.004851971583652606,0.021860592273307788,0.0014199453224776502,0.0376821618604566,0.37333333333333374,0.9949708500948129,0.912474078251961,0.9056480838569321,0.9044018602590717,0.916482168592273,0.9715198461579454,0.0,0.0,0.0
guangzhou_ssp585_baseline_2020s_typical_2025,Guangzhou,ssp585,baseline_2020s,typical,2025,16704,0.21648004469987223,0.36819513860942427,-0.37466666666666665,0.17866666666666664,0.8966666666666667,-1.0993333333333333,1.3306666666666664,0.324676883780332,0.2106228299270488,23.132183908045977,3.011254789272031,0.0,0.22100510855683267,0.37127206454073924,-0.3773333333333334,0.1826666666666666,0.9032333333333324,-1.1906666666666668,1.396,0.3294746168582375,23.65301724137931,3.1309865900383143,0.0,-0.004525063856960397,0.02143095466155811,0.0013814861111111111,0.03716834824297565,0.41066666666666685,0.9950565588633696,0.8942428845894954,0.8482782580508601,0.8464956483202255,0.8584319237524249,0.9600358054807308,0.0,0.0,0.0
guangzhou_ssp585_late_2080s_heatwave_extreme_2086,Guangzhou,ssp585,late_2080s,heatwave_extreme,2086,16704,0.6772854406130269,0.6471431859761907,-0.15123333333333325,0.5213333333333334,1.8126666666666666,-0.9426666666666665,2.3573333333333335,0.7204910600255429,0.6476398404872946,51.6463122605364,33.16570881226053,1.7720306513409962,0.6828336925287356,0.6471808689799694,-0.1513333333333333,0.5366666666666667,1.8126666666666664,-0.9693333333333332,2.3573333333333335,0.7260708413154533,52.10129310344828,33.5308908045977,1.7720306513409962,-0.005548251915708804,0.030395234674329502,0.002539334158152405,0.05039180645851471,0.4339999999999996,0.9970052080984124,0.9750901715866862,0.9543548474219329,0.9517395764246891,0.9660541115945639,0.9929138342041578,0.0,0.0,0.0
guangzhou_ssp585_late_2080s_hot_2086,Guangzhou,ssp585,late_2080s,hot,2086,16704,0.6772854406130269,0.6471431859761907,-0.15123333333333325,0.5213333333333334,1.8126666666666666,-0.9426666666666665,2.3573333333333335,0.7204910600255429,0.6476398404872946,51.6463122605364,33.16570881226053,1.7720306513409962,0.6828336925287356,0.6471808689799694,-0.1513333333333333,0.5366666666666667,1.8126666666666664,-0.9693333333333332,2.3573333333333335,0.7260708413154533,52.10129310344828,33.5308908045977,1.7720306513409962,-0.005548251915708804,0.030395234674329502,0.002539334158152405,0.05039180645851471,0.4339999999999996,0.9970052080984124,0.9750901715866862,0.9543548474219329,0.9517395764246891,0.9660541115945639,0.9929138342041578,0.0,0.0,0.0
guangzhou_ssp585_late_2080s_typical_2087,Guangzhou,ssp585,late_2080s,typical,2087,16704,0.48072489623243936,0.41763857087488054,-0.0585666666666666,0.3846666666666667,1.2432333333333325,-0.6039999999999999,1.662,0.49905870849297573,0.45915044988549014,43.330938697318004,14.451628352490422,0.0,0.487424848339719,0.4188762471235047,-0.056,0.3926666666666666,1.2485666666666655,-0.6039999999999999,1.662,0.5055480922733078,43.97749042145594,14.840756704980842,0.0,-0.006699952107279681,0.027598978288633464,0.002244038899531716,0.04737128771240778,0.4606666666666672,0.993718898469877,0.9482859351066438,0.9504118195779622,0.949376191063053,0.9557516736299115,0.9881505559407243,0.0,0.0,0.0
guangzhou_ssp585_mid_2050s_heatwave_extreme_2059,Guangzhou,ssp585,mid_2050s,heatwave_extreme,2059,16704,0.37340054278416346,0.4341037211484179,-0.16933333333333336,0.252,1.2173333333333332,-0.9553333333333333,1.6506666666666663,0.4236835089399745,0.35803321933205007,34.165469348659,10.82375478927203,0.0,0.37902857598978285,0.4360133593900014,-0.16923333333333326,0.2593333333333333,1.2213333333333334,-1.024,1.6506666666666665,0.42909810025542783,34.74616858237548,11.117097701149426,0.0,-0.005628033205619401,0.024370370370370372,0.001751148148148148,0.04184672207172442,0.4086666666666666,0.9954673716161273,0.9417363279831392,0.9367224440222396,0.9353992628495565,0.9443066999366843,0.984023669038554,0.0,0.0,0.0
guangzhou_ssp585_mid_2050s_hot_2057,Guangzhou,ssp585,mid_2050s,hot,2057,16704,0.3593195641762452,0.3953356908742148,-0.18533333333333335,0.27366666666666667,1.0933333333333333,-0.8906666666666666,1.5906666666666667,0.41029625638569606,0.3444911875898406,33.13577586206897,7.8005268199233715,0.0,0.3654136334610472,0.39741529541521836,-0.18523333333333325,0.2813333333333333,1.0985666666666658,-0.8906666666666666,1.6566666666666667,0.41626181353767555,33.83022030651341,8.034003831417625,0.0,-0.0060940692848020315,0.024419899425287356,0.0017488185664112387,0.04181887811038501,0.42333333333333334,0.994566451841277,0.9320826009442427,0.9332235172305847,0.9319499508608802,0.9368871607465322,0.9808911516751148,0.0,0.0,0.0
guangzhou_ssp585_mid_2050s_typical_2050,Guangzhou,ssp585,mid_2050s,typical,2050,16704,0.32087276500638573,0.4463873178607213,-0.3052333333333333,0.21400000000000002,1.16,-1.1706666666666667,1.7173333333333332,0.4105134897828864,0.31103864274171034,32.525143678160916,9.740181992337165,0.0,0.32595214719029375,0.4488899633008201,-0.30723333333333325,0.2206666666666666,1.165333333333333,-1.2779999999999998,1.7173333333333332,0.41565138090676884,33.099856321839084,9.99161877394636,0.0,-0.005079382183908037,0.023501556513409964,0.0015940795817369093,0.03992592618508567,0.4053333333333332,0.9961023413465085,0.9327912329334985,0.9196013915179002,0.9183041240239905,0.924617063129454,0.9811417534504346,0.0,0.0,0.0
guangzhou_ssp585_near_2030s_heatwave_extreme_2033,Guangzhou,ssp585,near_2030s,heatwave_extreme,2033,16704,0.29932998084291185,0.40641446854419455,-0.25133333333333335,0.192,1.0845666666666656,-0.9846666666666668,1.544,0.37218757982120054,0.29005638827962094,28.83740421455939,7.0522030651340994,0.0,0.30439786877394637,0.40866122946128197,-0.2513333333333333,0.197,1.0892333333333324,-1.06,1.544,0.37703188856960407,29.394157088122608,7.225814176245211,0.0,-0.0050678879310344736,0.022653935185185183,0.0014971468444018728,0.038692981849450074,0.32266666666666644,0.9955853688261158,0.9334821443064536,0.926607554558526,0.9253492556541297,0.9316336527675984,0.9774691969139256,0.0,0.0,0.0
guangzhou_ssp585_near_2030s_hot_2033,Guangzhou,ssp585,near_2030s,hot,2033,16704,0.29932998084291185,0.40641446854419455,-0.25133333333333335,0.192,1.0845666666666656,-0.9846666666666668,1.544,0.37218757982120054,0.29005638827962094,28.83740421455939,7.0522030651340994,0.0,0.30439786877394637,0.40866122946128197,-0.2513333333333333,0.197,1.0892333333333324,-1.06,1.544,0.37703188856960407,29.394157088122608,7.225814176245211,0.0,-0.0050678879310344736,0.022653935185185183,0.0014971468444018728,0.038692981849450074,0.32266666666666644,0.9955853688261158,0.9334821443064536,0.926607554558526,0.9253492556541297,0.9316336527675984,0.9774691969139256,0.0,0.0,0.0
guangzhou_ssp585_near_2030s_typical_2039,Guangzhou,ssp585,near_2030s,typical,2039,16704,0.24515349616858242,0.3523822703170772,-0.272,0.18533333333333335,0.9200000000000002,-0.9146666666666667,1.37,0.32374377394636017,0.23719007487212554,22.689176245210728,3.466235632183908,0.0,0.2501694204980842,0.3551570374329633,-0.272,0.192,0.9266666666666667,-0.9653333333333334,1.474,0.32877454501915704,23.299808429118773,3.6099137931034484,0.0,-0.005015924329501903,0.022068925606641122,0.0014774932684120902,0.03843817462383054,0.38333333333333325,0.9942284362862783,0.9062094173281854,0.890605124964569,0.8894048259170025,0.9010276884881949,0.9640756670200787,0.0,0.0,0.0
houston_ssp245_baseline_2020s_heatwave_extreme_2026,Houston,ssp245,baseline_2020s,heatwave_extreme,2026,16704,0.2413255108556833,0.44436054044280665,-0.4899,0.18600000000000003,1.0285666666666657,-1.5333333333333334,1.43,0.3868463441890166,0.23324310156138237,31.393678160919542,6.148227969348659,0.0,0.2449564974457216,0.4476668951606885,-0.4933333333333333,0.1893333333333333,1.032,-1.65,1.5146666666666666,0.39144300766283524,31.956417624521073,6.303879310344827,0.0,-0.003630986590038306,0.02183037994891443,0.001393371062154108,0.03732788585165396,0.404,0.9965583723727769,0.9243403448327594,0.8587190241602977,0.8570787374461751,0.8642998411919393,0.966655457194817,0.0,0.0,0.0
houston_ssp245_baseline_2020s_hot_2026,Houston,ssp245,baseline_2020s,hot,2026,16704,0.2413255108556833,0.44436054044280665,-0.4899,0.18600000000000003,1.0285666666666657,-1.5333333333333334,1.43,0.3868463441890166,0.23324310156138237,31.393678160919542,6.148227969348659,0.0,0.2449564974457216,0.4476668951606885,-0.4933333333333333,0.1893333333333333,1.032,-1.65,1.5146666666666666,0.39144300766283524,31.956417624521073,6.303879310344827,0.0,-0.003630986590038306,0.02183037994891443,0.001393371062154108,0.03732788585165396,0.404,0.9965583723727769,0.9243403448327594,0.8587190241602977,0.8570787374461751,0.8642998411919393,0.966655457194817,0.0,0.0,0.0
houston_ssp245_baseline_2020s_typical_2027,Houston,ssp245,baseline_2020s,typical,2027,16704,0.20018602330779056,0.33774922764256515,-0.32056666666666667,0.15933333333333335,0.8633333333333333,-0.8926666666666667,1.4086666666666665,0.29187224616858237,0.18920478308870295,19.157088122605366,2.5383141762452106,0.0,0.20370781449553,0.34015007128819297,-0.324,0.1633333333333333,0.868,-0.8926666666666667,1.4086666666666663,0.295608596743295,19.588122605363985,2.616139846743295,0.0,-0.0035217911877394514,0.020222541507024263,0.001260594827586207,0.0355048563943893,0.3819999999999999,0.994592752838176,0.9104995783880291,0.8750043631126825,0.8739623616452895,0.8858627912134788,0.9509850405281599,0.0,0.0,0.0
houston_ssp245_late_2080s_heatwave_extreme_2081,Houston,ssp245,late_2080s,heatwave_extreme,2081,16704,0.3136320641762452,0.5213473475582986,-0.43523333333333325,0.17533333333333337,1.3192333333333324,-1.042,1.8193333333333332,0.43823104246487876,0.3056456119374415,33.12380268199234,14.523467432950191,0.0,0.3171207295657727,0.5240401207070137,-0.43723333333333325,0.1786666666666666,1.3212333333333321,-1.1246666666666667,1.8193333333333332,0.4424203783524904,33.459051724137936,14.768917624521071,0.0,-0.003488665389527451,0.02167161558109834,0.0013525591209025114,0.03677715487775681,0.3880000000000001,0.997560205880611,0.9527765499205391,0.9390660841994667,0.9381224116110594,0.9429932626706509,0.9833016178784232,0.0,0.0,0.0
houston_ssp245_late_2080s_hot_2085,Houston,ssp245,late_2080s,hot,2085,16704,0.33997517560664103,0.4489131426613363,-0.2626666666666667,0.21733333333333332,1.2150333333333305,-1.2033333333333334,1.615333333333333,0.41242385057471265,0.32389916367253413,31.956417624521073,11.296695402298852,0.0,0.3443447876756066,0.45095403513166993,-0.2646666666666666,0.2206666666666666,1.2178999999999987,-1.2986666666666666,1.615333333333333,0.4169839160280971,32.45330459770115,11.524185823754788,0.0,-0.004369612068965505,0.02203635855683269,0.0014463280385270327,0.03803061974944706,0.43666666666666654,0.9964851932449961,0.9506801213242381,0.9408565417956161,0.9396765430273838,0.9445516404723484,0.9833154420142171,0.0,0.0,0.0
houston_ssp245_late_2080s_typical_2086,Houston,ssp245,late_2080s,typical,2086,16704,0.2660051085568327,0.4123486377810714,-0.32589999999999997,0.1786666666666667,1.064,-1.1673333333333331,1.5933333333333335,0.359422493614304,0.25435023983350147,27.418582375478927,6.68103448275862,0.0,0.2698779533844189,0.41488222131225155,-0.3266666666666667,0.1826666666666666,1.0693333333333332,-1.2686666666666668,1.5933333333333335,0.3637158365261813,27.93941570881226,6.830699233716475,0.0,-0.003872844827586197,0.021279134738186465,0.001345175127713921,0.03667662917600145,0.36333333333333334,0.9961310872480357,0.9315844271415065,0.904958114849351,0.9038591126318722,0.9128114690710156,0.9716453565905087,0.0,0.0,0.0
houston_ssp245_mid_2050s_heatwave_extreme_2058,Houston,ssp245,mid_2050s,heatwave_extreme,2058,16704,0.2389183429118774,0.48426548274106407,-0.5006666666666667,0.162,1.2032333333333323,-1.53,1.620666666666667,0.38360049489144316,0.23301103592418607,28.448275862068968,10.06345785440613,0.0,0.24202079342273305,0.48726418914828884,-0.504,0.1646666666666666,1.2079999999999995,-1.6373333333333335,1.620666666666667,0.38754250478927205,28.825431034482758,10.296934865900383,0.0,-0.0031024505108556734,0.02066822318007663,0.0012609461739037887,0.035509803912494205,0.39133333333333375,0.9973675597326331,0.936761153244445,0.8948241302510496,0.8930343386402286,0.9030095160393371,0.9779396920407648,0.0,0.0,0.0
houston_ssp245_mid_2050s_hot_2056,Houston,ssp245,mid_2050s,hot,2056,16704,0.29765597062579824,0.3296931462138582,-0.13000000000000003,0.21333333333333337,0.9478999999999991,-0.592,1.3813333333333335,0.3318731641123882,0.27716209578653256,24.934147509578544,3.579980842911877,0.0,0.3024533844189016,0.3312773627151529,-0.1293333333333333,0.2173333333333333,0.9525666666666658,-0.592,1.4906666666666666,0.33638801085568326,25.508860153256705,3.6877394636015324,0.0,-0.004797413793103433,0.02194476372924649,0.0014838251915708812,0.03852045160133615,0.3646666666666665,0.9933240160848893,0.9265287461739498,0.9133655542040787,0.9122720802321386,0.9245540874808875,0.9699761917159335,0.0,0.0,0.0
houston_ssp245_mid_2050s_typical_2052,Houston,ssp245,mid_2050s,typical,2052,16704,0.2706140245849298,0.4252442647180525,-0.2960000000000001,0.16466666666666668,1.1420000000000001,-0.8733333333333333,1.603333333333333,0.3545139287994892,0.25978411936892004,26.209291187739463,8.441091954022989,0.0,0.2744987627713921,0.42748989397018344,-0.2973333333333333,0.1666666666666666,1.147333333333333,-0.8733333333333333,1.603333333333333,0.3584107998084291,26.640325670498083,8.608716475095786,0.0,-0.003884738186462313,0.020367736270753514,0.0013090795551298424,0.03618120444553833,0.40800000000000014,0.9964548040354594,0.9468963833496867,0.9361056776439958,0.9352085356058958,0.9406064611046459,0.979646611171391,0.0,0.0,0.0
houston_ssp245_near_2030s_heatwave_extreme_2039,Houston,ssp245,near_2030s,heatwave_extreme,2039,16704,0.2566289511494253,0.4431718024373634,-0.37000000000000005,0.15999999999999998,1.1413333333333333,-0.9133333333333333,1.5246666666666668,0.3673310584291188,0.24738552146476592,28.160919540229884,8.638649425287356,0.0,0.2601271551724138,0.4458849851414619,-0.374,0.162,1.1446666666666667,-0.97,1.5246666666666668,0.3714180236270754,28.615900383141764,8.782327586206897,0.0,-0.0034982040229884974,0.02091191730523627,0.0013060113080034055,0.03613877845200921,0.4306666666666664,0.9967449677683993,0.9402097235563989,0.917266726492491,0.9161173811934116,0.9242659458215505,0.9737277779869803,0.0,0.0,0.0
houston_ssp245_near_2030s_hot_2038,Houston,ssp245,near_2030s,hot,2038,16704,0.3321212883141763,0.3730134856909637,-0.11800000000000002,0.21666666666666665,1.097333333333333,-0.5726666666666667,1.5366666666666666,0.3644147110472542,0.30955665768728746,28.358477011494255,7.1240421455938705,0.0,0.3369111190932311,0.3744869708750714,-0.11789999999999994,0.2193333333333333,1.102,-0.5726666666666667,1.5366666666666666,0.3690280571519795,28.891283524904214,7.273706896551724,0.0,-0.004789830779054902,0.021835727969348653,0.001481875478927203,0.03849513578268302,0.42933333333333334,0.9947856843751018,0.9459064659533387,0.9363657930946515,0.9354655916248985,0.9450154874585602,0.9771508514989609,0.0,0.0,0.005986590038314176
houston_ssp245_near_2030s_typical_2033,Houston,ssp245,near_2030s,typical,2033,16704,0.22869316730523628,0.4549589906857124,-0.466,0.152,1.114,-1.2459999999999998,1.5433333333333332,0.3741525383141763,0.22433810549869246,29.13074712643678,7.656848659003831,0.0,0.23196224457215836,0.45786737502305225,-0.4686666666666667,0.1546666666666666,1.1166666666666667,-1.342,1.5433333333333332,0.3780743135376756,29.603687739463602,7.8125,0.0,-0.003269077266922087,0.02073219987228608,0.0012327673478075777,0.03511078677283632,0.4239999999999997,0.9970869937539528,0.9359462530512359,0.8926784374113265,0.8913180431152444,0.8979910826384715,0.9697016921231582,0.0,0.0,0.0
houston_ssp585_baseline_2020s_heatwave_extreme_2025,Houston,ssp585,baseline_2020s,heatwave_extreme,2025,16704,0.24601464719029376,0.4677424440421375,-0.4365666666666666,0.14333333333333337,1.1332333333333324,-1.2446666666666668,1.4766666666666668,0.3842156369731801,0.2411288752730713,31.01053639846743,8.908045977011495,0.0,0.2491722541507024,0.47090822302574736,-0.4393333333333333,0.146,1.1386666666666667,-1.3313333333333333,1.4766666666666668,0.3883331736909323,31.495450191570885,9.111590038314176,0.0,-0.003157606960408679,0.02100682471264368,0.0012526855842911876,0.03539329857884382,0.3866666666666665,0.9972017799743136,0.9358468042657316,0.9049952222934101,0.903725603662622,0.9093794430074159,0.9764802055102215,0.0,0.0,0.0
houston_ssp585_baseline_2020s_hot_2026,Houston,ssp585,baseline_2020s,hot,2026,16704,0.22422880747126434,0.45699507927800037,-0.5425666666666665,0.18,1.0506666666666666,-1.1833333333333336,1.613333333333333,0.3909146312260537,0.2191129694645219,31.992337164750957,6.2619731800766285,0.0,0.22770206736909324,0.46034330778014954,-0.5452333333333332,0.184,1.0533333333333337,-1.284,1.613333333333333,0.39556150223499353,32.531130268199234,6.447557471264368,0.0,-0.003473259897828856,0.022116459131545335,0.0013960700830140489,0.037364021237201554,0.41333333333333333,0.9967372588180828,0.9141326580796626,0.8560529080013797,0.854464908459551,0.8634997532099435,0.9753119592806765,0.0,0.0,0.0
houston_ssp585_baseline_2020s_typical_2025,Houston,ssp585,baseline_2020s,typical,2025,16704,0.24601464719029376,0.4677424440421375,-0.4365666666666666,0.14333333333333337,1.1332333333333324,-1.2446666666666668,1.4766666666666668,0.3842156369731801,0.2411288752730713,31.01053639846743,8.908045977011495,0.0,0.2491722541507024,0.47090822302574736,-0.4393333333333333,0.146,1.1386666666666667,-1.3313333333333333,1.4766666666666668,0.3883331736909323,31.495450191570885,9.111590038314176,0.0,-0.003157606960408679,0.02100682471264368,0.0012526855842911876,0.03539329857884382,0.3866666666666665,0.9972017799743136,0.9358468042657316,0.9049952222934101,0.903725603662622,0.9093794430074159,0.9764802055102215,0.0,0.0,0.0
houston_ssp585_late_2080s_heatwave_extreme_2086,Houston,ssp585,late_2080s,heatwave_extreme,2086,16704,0.43439746966794385,0.5610913223768469,-0.28200000000000003,0.22866666666666668,1.4593333333333334,-0.7466666666666667,1.7906666666666666,0.5153093470625799,0.4208458848377691,39.13433908045977,21.53376436781609,0.0,0.4386176165389527,0.5631314360579738,-0.2845666666666666,0.2323333333333333,1.46,-0.7466666666666667,1.7906666666666666,0.5198247525542784,39.49952107279693,21.93486590038314,0.0,-0.0042201468710089335,0.02364256066411239,0.0016179151766709235,0.0402233163310899,0.31599999999999995,0.9974745185361892,0.9686653079758349,0.9647223974804408,0.9638852191949275,0.9678395503734729,0.988852260443378,0.0,0.0,0.0
houston_ssp585_late_2080s_hot_2080,Houston,ssp585,late_2080s,hot,2080,16704,0.43214838761174973,0.5181566920385358,-0.1645666666666666,0.24133333333333334,1.4684666666666644,-1.016,1.8999999999999997,0.4785163633461047,0.41149312859950243,33.447078544061306,18.7080938697318,0.0,0.436992656449553,0.5196003732088658,-0.164,0.2453333333333333,1.4686666666666668,-1.0733333333333333,1.8999999999999997,0.4833140166028097,33.80028735632184,19.055316091954023,0.0,-0.004844268837803307,0.02342712324393359,0.0016741852916134523,0.04091680940168053,0.41400000000000037,0.9969382923002567,0.9703845204092819,0.9683876224090544,0.9675611872660794,0.9713150151175235,0.989483292506475,0.0,0.0,0.0
houston_ssp585_late_2080s_typical_2088,Houston,ssp585,late_2080s,typical,2088,16704,0.4372688378033206,0.5571015786126344,-0.2626666666666667,0.238,1.5033333333333334,-0.7680000000000001,1.9746666666666666,0.5120561143039593,0.42375025056564697,39.0205938697318,19.665948275862068,0.0,0.44171048850574707,0.5588492951511798,-0.26389999999999986,0.2413333333333333,1.5038999999999993,-0.7680000000000001,1.9746666666666663,0.516580938697318,39.481561302681996,19.977250957854405,0.0,-0.00444165070242656,0.02359913793103448,0.0015885207535121326,0.03985625112215313,0.3886666666666666,0.9974854516312291,0.9691960159533786,0.960620127696558,0.9596311340346921,0.9655219276030462,0.9888154140610432,0.0,0.0,0.0
houston_ssp585_mid_2050s_heatwave_extreme_2059,Houston,ssp585,mid_2050s,heatwave_extreme,2059,16704,0.30228368454661564,0.4969861776602215,-0.42189999999999994,0.18133333333333335,1.249899999999999,-1.4400000000000002,1.654,0.42391131864623244,0.29363689954638533,33.44109195402299,12.589798850574713,0.0,0.30613932790549164,0.4998571952679788,-0.42389999999999994,0.18599999999999994,1.2526666666666668,-1.5406666666666666,1.654,0.42847689176245213,33.89607279693487,12.859195402298852,0.0,-0.0038556433588761083,0.02132116060025543,0.0013600987920391657,0.03687951724249066,0.366,0.9973090357630682,0.9449862012762164,0.9147136682977969,0.9130809065743317,0.9214876251204638,0.9822303429666905,0.0,0.0,0.0
houston_ssp585_mid_2050s_hot_2058,Houston,ssp585,mid_2050s,hot,2058,16704,0.31756744891443167,0.4819380295932958,-0.4085666666666665,0.21066666666666667,1.232,-1.5053333333333332,1.6486666666666667,0.4282250957854406,0.303997879985145,33.20162835249042,12.20067049808429,0.0,0.32162998882503196,0.4847561939988525,-0.4086666666666667,0.215,1.2345666666666655,-1.618,1.6486666666666667,0.43291215676883776,33.60272988505747,12.452107279693486,0.0,-0.004062539910600246,0.02240146072796935,0.0014666636068539803,0.03829704436185618,0.42733333333333334,0.9969133588044078,0.9345085369151528,0.9083183313755981,0.9064834257343597,0.9142785637827506,0.9827544977219203,0.0,0.0,0.0
houston_ssp585_mid_2050s_typical_2055,Houston,ssp585,mid_2050s,typical,2055,16704,0.2912163553639847,0.4763032815384751,-0.4045666666666666,0.18600000000000003,1.1945666666666657,-1.0426666666666669,1.5326666666666666,0.4112390245849298,0.2815348954933892,32.405411877394634,10.362787356321839,0.0,0.2950577107279694,0.4791498777897652,-0.4053333333333333,0.1893333333333333,1.1998999999999986,-1.1146666666666667,1.5813333333333333,0.4157613346104725,32.890325670498086,10.560344827586206,0.0,-0.0038413553639846665,0.021796735312899107,0.0013716176830566196,0.03703535720168795,0.3493333333333333,0.9970450559408414,0.9479386899520938,0.9176932093914928,0.9165402159876119,0.9243587760161474,0.9796422898511131,0.0,0.0,0.0
houston_ssp585_near_2030s_heatwave_extreme_2037,Houston,ssp585,near_2030s,heatwave_extreme,2037,16704,0.29901660280970627,0.41228658009732555,-0.2593333333333333,0.20133333333333334,1.11,-0.9766666666666668,1.5793333333333335,0.37018534482758614,0.28344120546659224,28.125,7.884339080459771,0.0,0.30329905012771385,0.41447986861161806,-0.26056666666666667,0.204,1.1152333333333322,-1.06,1.5793333333333337,0.3746639926564495,28.57998084291188,8.057950191570882,0.0,-0.0042824473180076515,0.020968271072796935,0.0013648034003831417,0.03694324566660517,0.3993333333333333,0.9960743846615697,0.9492691816411141,0.9329922435121932,0.9318178635941321,0.9383541801687282,0.9768632544173892,0.0,0.0,0.0
houston_ssp585_near_2030s_hot_2035,Houston,ssp585,near_2030s,hot,2035,16704,0.28531337803320567,0.3775481196030971,-0.18323333333333328,0.19733333333333333,1.027899999999999,-1.502,1.4793333333333334,0.34490421455938697,0.267125638698175,26.209291187739463,6.094348659003831,0.0,0.2896388090676884,0.379761274426853,-0.1833333333333333,0.2006666666666667,1.0326666666666666,-1.618,1.5199999999999998,0.34939503512132825,26.700191570881227,6.25,0.0,-0.004325431034482745,0.02107391443167305,0.0013475951468710089,0.036709605648535766,0.3746666666666668,0.9953828819375299,0.9286478679810776,0.899636224904436,0.8982220653513134,0.9081310420306192,0.9690859293598619,0.0,0.0,0.0
houston_ssp585_near_2030s_typical_2038,Houston,ssp585,near_2030s,typical,2038,16704,0.20258265485312899,0.474976843829957,-0.5985666666666666,0.16266666666666665,1.042,-1.5586666666666669,1.4706666666666666,0.3965721982758621,0.20178105454252568,32.758620689655174,6.98036398467433,0.0,0.2056882183908046,0.478734508115864,-0.6025666666666666,0.1666666666666666,1.0472333333333324,-1.6773333333333331,1.4826666666666668,0.40108516922094506,33.35129310344828,7.159961685823754,0.0,-0.0031055635376756015,0.021791467113665388,0.0013261746753937844,0.036416681279240484,0.3920000000000001,0.997136147856242,0.9230631124898755,0.829070651835176,0.8268104417435257,0.8379232827789177,0.9722331923190586,0.0,0.0,0.0
kolkata_ssp245_baseline_2020s_heatwave_extreme_2027,Kolkata,ssp245,baseline_2020s,heatwave_extreme,2027,16704,0.4538059546615581,0.4970309621350201,-0.052000000000000005,0.29266666666666663,1.3358999999999988,-0.4059999999999999,3.3126666666666673,0.4688904853128991,0.435739967019708,33.82423371647509,11.889367816091955,1.9576149425287355,0.4595493295019157,0.4964994646575714,-0.0493333333333333,0.2983333333333333,1.3385666666666656,-0.4059999999999999,3.3126666666666673,0.47431561302681985,34.4169061302682,12.086925287356323,1.933668582375479,-0.005743374840357583,0.02458876117496807,0.0017604329501915705,0.04195751363214425,0.39466666666666683,0.9965005372092185,0.9700079177690882,0.959449391025174,0.9580316417592122,0.9665155287698179,0.9862443373593582,0.0,0.0,0.0
kolkata_ssp245_baseline_2020s_hot_2028,Kolkata,ssp245,baseline_2020s,hot,2028,16704,0.4377255348020434,0.37988442246213716,-0.008566666666666608,0.32866666666666666,1.1860000000000002,-0.3326666666666667,1.934,0.4460512851213283,0.418810434580716,35.24305555555556,9.81800766283525,0.0,0.44434119572158365,0.38022618530586294,-0.0039999999999999,0.3353333333333333,1.1926666666666668,-0.3326666666666667,1.934,0.45239810823754795,35.9375,9.99161877394636,0.0,-0.006615660919540215,0.025110233077905487,0.0018606041400595998,0.04313472081814834,0.3939999999999998,0.9937112463538326,0.9575806625616278,0.9480604793743899,0.946609523023965,0.954412148407624,0.9876955031725271,0.0,0.0,0.0
kolkata_ssp245_baseline_2020s_typical_2026,Kolkata,ssp245,baseline_2020s,typical,2026,16704,0.3937348738825032,0.37589841115025946,-0.04133333333333334,0.28200000000000003,1.1826666666666668,-0.39399999999999996,1.7413333333333334,0.40653811462324396,0.37672038392468526,30.256226053639846,9.315134099616857,0.0,0.399573275862069,0.3766371438222673,-0.0386666666666666,0.2866666666666665,1.188,-0.3939999999999999,1.7413333333333334,0.4120094987228608,30.789032567049805,9.506704980842912,0.0,-0.005838401979565755,0.023801524584929755,0.0016671329022988504,0.040830538844091324,0.40200000000000014,0.9942345976607913,0.9517244972828258,0.9455359618053152,0.9446398282151947,0.9505758144329762,0.9846251664917134,0.0,0.0,0.0
kolkata_ssp245_late_2080s_heatwave_extreme_2086,Kolkata,ssp245,late_2080s,heatwave_extreme,2086,16704,0.5733267879948913,0.5018980010506602,0.015333333333333334,0.4046666666666667,1.523899999999999,-0.3146666666666667,2.664,0.5775395114942529,0.5519549393440392,44.019396551724135,21.539750957854405,1.0476532567049808,0.5798710887611749,0.5013451797269495,0.0193333333333333,0.4126666666666666,1.5232333333333323,-0.3146666666666667,2.664,0.5838901660280972,44.588122605363985,21.898946360153257,1.0476532567049808,-0.006544300766283511,0.026256465517241378,0.001969714399744572,0.044381464596659856,0.4053333333333332,0.9961717089451465,0.9749676533213856,0.9625031013730367,0.9610769035606421,0.972400187076676,0.9916993827588527,0.0,0.0,0.0
kolkata_ssp245_late_2080s_hot_2087,Kolkata,ssp245,late_2080s,hot,2087,16704,0.5472254948914431,0.44877570082881646,0.02333333333333333,0.419,1.4160000000000001,-0.25400000000000006,2.016,0.5513010057471265,0.5263068982642897,44.803639846743295,18.69612068965517,0.02993295019157088,0.5541763250319285,0.4485727561357258,0.0266666666666666,0.43,1.4184666666666648,-0.254,2.016,0.5580649744572159,45.492097701149426,19.04932950191571,0.02993295019157088,-0.006950830140485298,0.026967432950191567,0.002083964772243508,0.04565046300141443,0.398,0.9949440559885775,0.9687415442428455,0.9578375433326611,0.9566350481882989,0.9657758136908657,0.9921413513982988,0.0,0.0,0.0
kolkata_ssp245_late_2080s_typical_2084,Kolkata,ssp245,late_2080s,typical,2084,16704,0.5355392321200511,0.5350540167219052,-0.007333333333333333,0.3253333333333333,1.6785666666666654,-0.4133333333333334,2.561333333333333,0.543822517560664,0.5149739179338028,37.81130268199234,19.6360153256705,1.221264367816092,0.5414964878671776,0.5346093539021779,-0.0033333333333333,0.33333333333333326,1.678,-0.4133333333333334,2.561333333333333,0.549536558109834,38.29022988505747,19.86949233716475,1.221264367816092,-0.005957255747126421,0.025307112068965514,0.0018948715676883777,0.04353012253243009,0.41133333333333344,0.9967501866622412,0.9765278720627207,0.9614262477527694,0.9593369548953525,0.9724968999520702,0.9919993782781655,0.0,0.0,0.0
kolkata_ssp245_mid_2050s_heatwave_extreme_2053,Kolkata,ssp245,mid_2050s,heatwave_extreme,2053,16704,0.5065640166028096,0.45344690444001695,0.007333333333333332,0.352,1.4066666666666667,-0.4120000000000001,2.1020000000000003,0.5131007343550448,0.4860096960211834,38.82303639846743,17.181513409961685,0.10775862068965517,0.5129326708173692,0.45345372597342054,0.0106666666666666,0.3593333333333334,1.4086666666666663,-0.4120000000000001,2.1020000000000003,0.5192775782247765,39.37978927203065,17.44492337164751,0.10775862068965517,-0.006368654214559371,0.025560145274584924,0.001920014500851426,0.0438179700676723,0.3893333333333332,0.9954297237675013,0.9681200278217846,0.9554851700722734,0.9540858128743963,0.9647728166606404,0.9904573370723826,0.0,0.0,0.0
kolkata_ssp245_mid_2050s_hot_2053,Kolkata,ssp245,mid_2050s,hot,2053,16704,0.5065640166028096,0.45344690444001695,0.007333333333333332,0.352,1.4066666666666667,-0.4120000000000001,2.1020000000000003,0.5131007343550448,0.4860096960211834,38.82303639846743,17.181513409961685,0.10775862068965517,0.5129326708173692,0.45345372597342054,0.0106666666666666,0.3593333333333334,1.4086666666666663,-0.4120000000000001,2.1020000000000003,0.5192775782247765,39.37978927203065,17.44492337164751,0.10775862068965517,-0.006368654214559371,0.025560145274584924,0.001920014500851426,0.0438179700676723,0.3893333333333332,0.9954297237675013,0.9681200278217846,0.9554851700722734,0.9540858128743963,0.9647728166606404,0.9904573370723826,0.0,0.0,0.0
kolkata_ssp245_mid_2050s_typical_2058,Kolkata,ssp245,mid_2050s,typical,2058,16704,0.4293237148786718,0.4022435087005027,0.005333333333333333,0.2993333333333334,1.28,-0.29466666666666674,2.018,0.4342738266283525,0.40763883638746307,30.842911877394634,11.446360153256704,0.035919540229885055,0.43545158844189014,0.4024157535869732,0.0093333333333333,0.304,1.2832333333333321,-0.2946666666666667,2.018,0.44016159802043414,31.405651340996172,11.613984674329501,0.035919540229885055,-0.006127873563218372,0.0242302043422733,0.001724931247339293,0.04153229162157192,0.4113333333333331,0.9947879166333429,0.9621986066493216,0.9514356854028337,0.9503105455918548,0.9575523900657382,0.9879334133653985,0.0,0.0,0.0
kolkata_ssp245_near_2030s_heatwave_extreme_2039,Kolkata,ssp245,near_2030s,heatwave_extreme,2039,16704,0.42625454980842914,0.4146693665497331,-0.05200000000000002,0.29033333333333333,1.2826666666666668,-0.44933333333333336,1.8553333333333335,0.4406041666666667,0.40960123782512925,32.99808429118774,12.523946360153257,0.0,0.43216163793103446,0.4154675907538832,-0.04799999999999999,0.2966666666666667,1.2873333333333334,-0.4493333333333333,1.8553333333333335,0.44611853448275857,33.51891762452107,12.769396551724139,0.0,-0.005907088122605348,0.024321839080459765,0.0017495163367390377,0.04182722004555213,0.4346666666666663,0.9950256305310301,0.9637080815335124,0.9540754832554843,0.9533328944490655,0.9601147789505139,0.9884114681649356,0.0,0.0,0.0
kolkata_ssp245_near_2030s_hot_2031,Kolkata,ssp245,near_2030s,hot,2031,16704,0.4937088122605363,0.44338786584139617,-0.019333333333333334,0.3466666666666667,1.357899999999999,-0.422,1.9086666666666667,0.5041379310344827,0.4764178941392593,39.888649425287355,16.696599616858236,0.0,0.5000693247126436,0.44382183078965914,-0.016,0.3543333333333333,1.36,-0.422,1.9086666666666667,0.5102156369731801,40.46934865900383,17.025862068965516,0.0,-0.006360512452107264,0.025891004150702425,0.0019892772722435075,0.044601314691873235,0.40666666666666673,0.9950488332310036,0.9661164726120152,0.9572950051575384,0.9560226472196455,0.9660573158784499,0.9908440298237816,0.0,0.0,0.0
kolkata_ssp245_near_2030s_typical_2036,Kolkata,ssp245,near_2030s,typical,2036,16704,0.35386430395913154,0.3479642031653522,-0.037333333333333336,0.24933333333333332,1.064,-0.3706666666666667,1.9733333333333334,0.36577849616858243,0.3369086006577651,26.20330459770115,6.549329501915708,0.0,0.3597074553001277,0.34863920485901323,-0.034,0.2539999999999999,1.0693333333333337,-0.3706666666666667,1.9733333333333336,0.3712440932311622,26.76005747126437,6.675047892720307,0.0,-0.00584315134099615,0.022098020434227324,0.0014410373563218388,0.037960997830955905,0.41066666666666674,0.994203308195631,0.9465849660032302,0.9345082046082342,0.9331365180646624,0.9418336423468953,0.9829847060226036,0.0,0.0,0.0
kolkata_ssp585_baseline_2020s_heatwave_extreme_2027,Kolkata,ssp585,baseline_2020s,heatwave_extreme,2027,16704,0.342856401660281,0.3541368330534268,-0.04800000000000001,0.23599999999999996,1.0931333333333313,-0.44933333333333336,1.924666666666667,0.3572461685823755,0.3265531333841988,24.664750957854405,6.663074712643678,0.0,0.34847884738186463,0.3550176024311526,-0.0446666666666666,0.2413333333333333,1.0993333333333333,-0.4493333333333333,1.924666666666667,0.3625166028097062,25.167624521072796,6.806752873563219,0.0,-0.0056224457215836325,0.022021312260536396,0.0014583899531715623,0.03818887211180192,0.4240000000000004,0.9943288746693993,0.946575246041655,0.9368909641186204,0.9354275655481491,0.9426070709289235,0.9808858424347037,0.0,0.0,0.0
kolkata_ssp585_baseline_2020s_hot_2026,Kolkata,ssp585,baseline_2020s,hot,2026,16704,0.38214663154533846,0.3547678905573889,-0.029333333333333333,0.2786666666666667,1.1179999999999999,-0.32599999999999996,1.6546666666666665,0.39247749042145597,0.36478120930619806,28.945162835249043,7.602969348659004,0.0,0.3882378272669221,0.3555680321079714,-0.0253333333333333,0.284,1.122666666666667,-0.3259999999999999,1.6546666666666665,0.3982027857598978,29.573754789272034,7.794540229885058,0.0,-0.006091195721583635,0.02357283684546615,0.0016712755161770966,0.04088123672514197,0.3919999999999999,0.9935251337308267,0.9505935769939996,0.9416060139362284,0.9403293527461556,0.9494470992198529,0.9851640243569229,0.0,0.0,0.0
kolkata_ssp585_baseline_2020s_typical_2029,Kolkata,ssp585,baseline_2020s,typical,2029,16704,0.31069967273307797,0.30099340031679966,-0.06333333333333334,0.23866666666666667,0.9333333333333332,-0.5033333333333334,1.4993333333333332,0.3276838681353767,0.2950645768846928,22.17432950191571,3.436302681992337,0.0,0.31634299169859514,0.3022549982796764,-0.06,0.244,0.9386666666666666,-0.5033333333333334,1.4993333333333332,0.3329471583652618,22.701149425287355,3.5500478927203067,0.0,-0.005643318965517222,0.021910081417624516,0.0014936684493401446,0.03864800705521754,0.382,0.9919747099376264,0.9246193675452743,0.9176849374672602,0.9164706359163546,0.9263812079899302,0.9759684893757149,0.0,0.0,0.0
kolkata_ssp585_late_2080s_heatwave_extreme_2080,Kolkata,ssp585,late_2080s,heatwave_extreme,2080,16704,0.7939284802043423,0.5591803919797789,0.058666666666666666,0.723,1.8286666666666667,-0.20800000000000005,2.398,0.7954253671775223,0.7688109643124479,62.15876436781609,35.06345785440613,2.209051724137931,0.8009053719667945,0.5571232545499314,0.0633333333333333,0.7333333333333333,1.8286666666666669,-0.208,2.398,0.8023265086206897,62.81728927203065,35.5124521072797,2.209051724137931,-0.006976891762452098,0.030728408365261806,0.002503304198595147,0.05003303107543203,0.40866666666666673,0.9960671901756869,0.9762651459067204,0.9522705306780598,0.9492126917520508,0.9682618694216121,0.9942086909507512,0.0,0.0,0.0
kolkata_ssp585_late_2080s_hot_2080,Kolkata,ssp585,late_2080s,hot,2080,16704,0.7939284802043423,0.5591803919797789,0.058666666666666666,0.723,1.8286666666666667,-0.20800000000000005,2.398,0.7954253671775223,0.7688109643124479,62.15876436781609,35.06345785440613,2.209051724137931,0.8009053719667945,0.5571232545499314,0.0633333333333333,0.7333333333333333,1.8286666666666669,-0.208,2.398,0.8023265086206897,62.81728927203065,35.5124521072797,2.209051724137931,-0.006976891762452098,0.030728408365261806,0.002503304198595147,0.05003303107543203,0.40866666666666673,0.9960671901756869,0.9762651459067204,0.9522705306780598,0.9492126917520508,0.9682618694216121,0.9942086909507512,0.0,0.0,0.0
kolkata_ssp585_late_2080s_typical_2088,Kolkata,ssp585,late_2080s,typical,2088,16704,0.6221724537037037,0.491812656725812,0.04476666666666673,0.4946666666666667,1.5460000000000003,-0.21,2.6820000000000004,0.623284682311622,0.5991254016851126,49.68271072796935,22.353927203065137,1.1793582375478928,0.6293188058748403,0.4907147986607167,0.0493333333333333,0.5053333333333333,1.546566666666666,-0.21,2.6820000000000004,0.6303671775223498,50.38314176245211,22.737068965517242,1.1793582375478928,-0.00714635217113664,0.028252354725415065,0.002244311435717326,0.04737416422183431,0.4073333333333332,0.995458610103156,0.9746570824953824,0.9598532188851479,0.9579805043320441,0.9704044885824086,0.9931038375801502,0.0,0.0,0.0
kolkata_ssp585_mid_2050s_heatwave_extreme_2059,Kolkata,ssp585,mid_2050s,heatwave_extreme,2059,16704,0.7387525542784165,0.5222036114610636,0.04210000000000007,0.6876666666666666,1.6233333333333333,-0.22400000000000003,2.0866666666666664,0.7413145753512133,0.7175697039043205,59.00981800766284,33.55483716475096,0.19157088122605362,0.7459916586845466,0.521180927750077,0.046,0.702,1.6233333333333335,-0.224,2.0866666666666664,0.7484231720945083,59.61446360153256,34.12356321839081,0.19157088122605362,-0.007239104406130258,0.02992229406130268,0.0024677919061302685,0.04967687496340997,0.41000000000000036,0.9955645233355368,0.9778220255951025,0.9622687201606052,0.9605529172267822,0.9734033670086133,0.9941322813722108,0.0,0.0,0.0
kolkata_ssp585_mid_2050s_hot_2059,Kolkata,ssp585,mid_2050s,hot,2059,16704,0.7387525542784165,0.5222036114610636,0.04210000000000007,0.6876666666666666,1.6233333333333333,-0.22400000000000003,2.0866666666666664,0.7413145753512133,0.7175697039043205,59.00981800766284,33.55483716475096,0.19157088122605362,0.7459916586845466,0.521180927750077,0.046,0.702,1.6233333333333335,-0.224,2.0866666666666664,0.7484231720945083,59.61446360153256,34.12356321839081,0.19157088122605362,-0.007239104406130258,0.02992229406130268,0.0024677919061302685,0.04967687496340997,0.41000000000000036,0.9955645233355368,0.9778220255951025,0.9622687201606052,0.9605529172267822,0.9734033670086133,0.9941322813722108,0.0,0.0,0.0
kolkata_ssp585_mid_2050s_typical_2057,Kolkata,ssp585,mid_2050s,typical,2057,16704,0.41965433429118776,0.41069915242521127,-0.0026666666666666666,0.28933333333333333,1.2892333333333321,-0.40133333333333326,2.179333333333333,0.4275272589399744,0.40014266450958474,29.879070881226056,11.458333333333332,0.29334291187739464,0.42561542145593867,0.41107521929963964,0.0013333333333333,0.2953333333333334,1.2925666666666658,-0.4013333333333332,2.179333333333333,0.4332539910600256,30.369971264367816,11.679837164750957,0.29932950191570884,-0.005961087164750938,0.023669340676883775,0.0016775115208599403,0.04095743547708939,0.3820000000000001,0.9951375566847466,0.9642025618338166,0.9537032128279408,0.9525116877439174,0.959366417184222,0.9883992551081636,0.0,0.0,0.0
kolkata_ssp585_near_2030s_heatwave_extreme_2032,Kolkata,ssp585,near_2030s,heatwave_extreme,2032,16704,0.3040587084929757,0.3294257382710599,-0.05600000000000002,0.20066666666666666,1.0393333333333334,-0.37400000000000005,1.5033333333333332,0.3197690373563219,0.29169092780346617,21.695402298850574,5.980603448275862,0.0,0.30931968390804593,0.3308223333063976,-0.05456666666666655,0.20466666666666666,1.0433333333333334,-0.374,1.5919999999999996,0.3246250798212005,22.186302681992338,6.088362068965517,0.0,-0.005260975415070222,0.020948555236270743,0.001410998217326522,0.03756325621304045,0.4026666666666666,0.9936623589598748,0.9459721425517735,0.9395539871653261,0.9390559826991702,0.9443554123150991,0.9802015072268787,0.0,0.0,0.0
kolkata_ssp585_near_2030s_hot_2030,Kolkata,ssp585,near_2030s,hot,2030,16704,0.3760282567049808,0.36189436496871497,-0.062000000000000006,0.27266666666666667,1.127899999999999,-0.5886666666666668,1.5746666666666667,0.39546799169859514,0.36109237024815927,30.609434865900383,8.267480842911876,0.0,0.3819373004469987,0.3628365465256938,-0.059999999999999984,0.279,1.1313333333333333,-0.5886666666666668,1.5946666666666665,0.4011312659642401,31.166187739463602,8.42911877394636,0.0,-0.005909043742017863,0.022671016922094504,0.0014968779533844187,0.03868950701914434,0.3899999999999999,0.9944364857125207,0.9388281767315005,0.9380674101798345,0.9370686210558172,0.9444398069123138,0.9836019838113484,0.0,0.0,0.0
kolkata_ssp585_near_2030s_typical_2038,Kolkata,ssp585,near_2030s,typical,2038,16704,0.304135616219668,0.3529168718745352,-0.07800000000000001,0.21300000000000002,1.04,-0.4013333333333333,1.9826666666666668,0.3235455779054917,0.2899285419859505,19.37859195402299,5.597461685823755,0.0,0.30922916666666667,0.3538568232293748,-0.07589999999999993,0.2173333333333333,1.0438999999999992,-0.4013333333333333,1.9826666666666668,0.3281992337164751,19.803639846743295,5.693247126436781,0.0,-0.0050935504469987024,0.020821998722860786,0.0013235270327799063,0.036380311059416554,0.41200000000000003,0.9948083037584393,0.945496713472215,0.9373282750765731,0.9361404056826852,0.9425684392910668,0.9802039110266837,0.0,0.0,0.0
phoenix_ssp245_baseline_2020s_heatwave_extreme_2025,Phoenix,ssp245,baseline_2020s,heatwave_extreme,2025,16704,0.1255690453384419,0.34218332917285477,-0.40066666666666667,0.10200000000000002,0.7465666666666657,-1.0626666666666666,1.2373333333333332,0.27896056832694766,0.0905580294201432,17.313218390804597,1.0237068965517242,0.0,0.12902713920817369,0.3459340947211459,-0.404,0.1046666666666666,0.7553333333333335,-1.134,1.3666666666666665,0.2825007183908046,17.822078544061306,1.119492337164751,0.0,-0.0034580938697317968,0.02389272030651341,0.0018910032992762878,0.04348566774554908,0.47799999999999976,0.9921224496665989,0.6244457483986484,0.7098545934228141,0.7147001386914192,0.7082645321077914,0.9411924322246187,0.0,0.005986590038314176,0.08381226053639847
phoenix_ssp245_baseline_2020s_hot_2028,Phoenix,ssp245,baseline_2020s,hot,2028,16704,0.15894288793103448,0.326931224541603,-0.30199999999999994,0.11466666666666667,0.8220000000000003,-0.7740000000000001,1.3473333333333335,0.2648882902298851,0.11936505376331524,15.601053639846743,1.9636015325670497,0.0,0.16281693007662837,0.33012363126506183,-0.30389999999999995,0.1166666666666666,0.8325666666666656,-0.7740000000000001,1.4106666666666663,0.2682589798850574,16.020114942528735,2.071360153256705,0.0,-0.003874042145593863,0.023609115581098343,0.0019234407194550875,0.043857048686101616,0.48599999999999965,0.9912059617162663,0.7002445587439923,0.8125353398008538,0.8154789354669778,0.8175177453054597,0.9512235957500943,0.05387931034482758,0.05986590038314176,0.06585249042145594
phoenix_ssp245_baseline_2020s_typical_2026,Phoenix,ssp245,baseline_2020s,typical,2026,16704,0.1403350494891443,0.3020217986778074,-0.3298999999999999,0.128,0.6946666666666667,-0.7626666666666666,1.4053333333333335,0.2520555954661558,0.09990164965451767,12.140804597701148,1.0715996168582376,0.0,0.143996567688378,0.3052646028361483,-0.3313333333333333,0.1313333333333333,0.7052333333333324,-0.7626666666666666,1.4053333333333335,0.2554760536398467,12.565852490421456,1.1673850574712643,0.0,-0.0036615181992337067,0.023329621647509582,0.001803422972541507,0.04246672782946088,0.43800000000000006,0.9903494208847176,0.6200633334667094,0.702248614702289,0.7087797839350054,0.7000753765247559,0.9405750340525102,0.047892720306513405,0.07183908045977011,0.07183908045977011
phoenix_ssp245_late_2080s_heatwave_extreme_2086,Phoenix,ssp245,late_2080s,heatwave_extreme,2086,16704,0.29011370530012776,0.4090696808047935,-0.26256666666666656,0.21066666666666664,1.098,-0.7053333333333335,1.6979999999999997,0.3703095067049808,0.2376849696749611,26.49664750957854,6.998323754789272,0.0,0.29473235951468707,0.41147244100341596,-0.2626666666666666,0.2133333333333333,1.1072333333333324,-0.7053333333333335,1.6979999999999995,0.37438202426564493,26.903735632183906,7.26772030651341,0.0,-0.004618654214559379,0.026780691251596433,0.002236601984887186,0.04729272655374382,0.45933333333333326,0.9934366535580773,0.8312364396323102,0.9119964287391897,0.9126181374887294,0.9122150579951174,0.9749896344408562,0.0,0.005986590038314176,0.08381226053639847
phoenix_ssp245_late_2080s_hot_2086,Phoenix,ssp245,late_2080s,hot,2086,16704,0.29011370530012776,0.4090696808047935,-0.26256666666666656,0.21066666666666664,1.098,-0.7053333333333335,1.6979999999999997,0.3703095067049808,0.2376849696749611,26.49664750957854,6.998323754789272,0.0,0.29473235951468707,0.41147244100341596,-0.2626666666666666,0.2133333333333333,1.1072333333333324,-0.7053333333333335,1.6979999999999995,0.37438202426564493,26.903735632183906,7.26772030651341,0.0,-0.004618654214559379,0.026780691251596433,0.002236601984887186,0.04729272655374382,0.45933333333333326,0.9934366535580773,0.8312364396323102,0.9119964287391897,0.9126181374887294,0.9122150579951174,0.9749896344408562,0.0,0.005986590038314176,0.08381226053639847
phoenix_ssp245_late_2080s_typical_2081,Phoenix,ssp245,late_2080s,typical,2081,16704,0.21318710089399742,0.41674507302863056,-0.32323333333333326,0.12066666666666667,1.071333333333333,-0.8793333333333334,1.7806666666666664,0.3275079022988506,0.174195472103289,21.713362068965516,6.369731800766283,0.0,0.2170646152618135,0.41937509249683935,-0.3253333333333333,0.1226666666666666,1.079899999999999,-0.8793333333333334,1.7806666666666664,0.3307463681353767,22.054597701149426,6.567289272030652,0.0,-0.0038775143678160874,0.02379306353767561,0.0019372877554278414,0.044014631151786804,0.46133333333333304,0.9945204892175294,0.8347100162358818,0.8976912882898951,0.8981184801534556,0.8954147444101995,0.9728802450437626,0.005986590038314176,0.04190613026819923,0.017959770114942528
phoenix_ssp245_mid_2050s_heatwave_extreme_2051,Phoenix,ssp245,mid_2050s,heatwave_extreme,2051,16704,0.21758844189016602,0.4089623006682891,-0.2973333333333334,0.12000000000000001,1.091899999999999,-0.8466666666666666,1.6699999999999997,0.32188737228607917,0.17771135902584045,22.168342911877396,6.728927203065134,0.0,0.22161598020434228,0.4117815353697827,-0.3,0.1226666666666666,1.102666666666667,-0.8466666666666666,1.6699999999999997,0.32535536398467435,22.54549808429119,6.974377394636015,0.0,-0.004027538314176239,0.024316491060025546,0.0019799164538101322,0.04449625213217549,0.4460000000000002,0.9941932570569909,0.8242057487839772,0.8969790321660154,0.8976291299552327,0.8971200598662966,0.973039732281165,0.005986590038314176,0.011973180076628351,0.023946360153256702
phoenix_ssp245_mid_2050s_hot_2058,Phoenix,ssp245,mid_2050s,hot,2058,16704,0.24082383461047252,0.39971368323536943,-0.2498999999999999,0.12199999999999997,1.0332333333333323,-0.7120000000000001,1.4746666666666666,0.3296669061302682,0.19686134750486983,24.562978927203066,5.860871647509579,0.0,0.2449747765006386,0.40237716317064376,-0.2506666666666666,0.1239999999999999,1.044,-0.7120000000000001,1.4746666666666666,0.33295777458492976,24.922174329501914,6.094348659003831,0.0,-0.004150941890166024,0.02439615261813538,0.0019314401340996166,0.043948152795079076,0.4233333333333331,0.9940712286237506,0.8002139672305152,0.9059712002662085,0.906842061349772,0.9102866031436573,0.9696715002784667,0.0,0.005986590038314176,0.017959770114942528
phoenix_ssp245_mid_2050s_typical_2054,Phoenix,ssp245,mid_2050s,typical,2054,16704,0.1876447158365262,0.36135290224797034,-0.29600000000000004,0.126,0.9333333333333335,-0.8646666666666668,1.7013333333333334,0.28967672413793105,0.1470821726172054,17.77418582375479,3.723659003831418,0.0,0.19157151979565773,0.36419326474064523,-0.2966666666666667,0.1293333333333333,0.942,-0.8646666666666668,1.7013333333333334,0.2929588920817369,18.13936781609195,3.897270114942529,0.0,-0.003926803959131538,0.02386510217113666,0.0019518963388676035,0.0441802709234292,0.46266666666666656,0.9926733461718132,0.747030327132279,0.8668836065946794,0.8682903831129732,0.8639027668491905,0.9577452064811454,0.0,0.017959770114942528,0.047892720306513405
phoenix_ssp245_near_2030s_heatwave_extreme_2039,Phoenix,ssp245,near_2030s,heatwave_extreme,2039,16704,0.21267221424010216,0.38119040370703805,-0.2913333333333334,0.13466666666666666,0.971899999999999,-0.7933333333333334,1.4586666666666668,0.3159495929118774,0.17053039025223363,22.796934865900383,4.304358237547893,0.0,0.21683329342273305,0.38414524162613856,-0.2926666666666667,0.1366666666666667,0.981899999999999,-0.7933333333333334,1.4586666666666668,0.3194366618773946,23.21000957854406,4.507902298850574,0.0,-0.004161079182630902,0.023979406130268208,0.0018989778629203914,0.04357726314169341,0.4546666666666668,0.9936047923958385,0.7706975615638825,0.8703773370423751,0.8719430381488013,0.8744252613596725,0.9621111596541189,0.005986590038314176,0.02993295019157088,0.07183908045977011
phoenix_ssp245_near_2030s_hot_2039,Phoenix,ssp245,near_2030s,hot,2039,16704,0.21267221424010216,0.38119040370703805,-0.2913333333333334,0.13466666666666666,0.971899999999999,-0.7933333333333334,1.4586666666666668,0.3159495929118774,0.17053039025223363,22.796934865900383,4.304358237547893,0.0,0.21683329342273305,0.38414524162613856,-0.2926666666666667,0.1366666666666667,0.981899999999999,-0.7933333333333334,1.4586666666666668,0.3194366618773946,23.21000957854406,4.507902298850574,0.0,-0.004161079182630902,0.023979406130268208,0.0018989778629203914,0.04357726314169341,0.4546666666666668,0.9936047923958385,0.7706975615638825,0.8703773370423751,0.8719430381488013,0.8744252613596725,0.9621111596541189,0.005986590038314176,0.02993295019157088,0.07183908045977011
phoenix_ssp245_near_2030s_typical_2034,Phoenix,ssp245,near_2030s,typical,2034,16704,0.16958860153256705,0.3453240568047513,-0.3273333333333333,0.12666666666666665,0.8366666666666667,-0.9906666666666667,1.4673333333333332,0.2828208014048531,0.12791303861423353,17.70234674329502,2.2689176245210727,0.0,0.1734769715836526,0.34841868579044716,-0.328,0.1293333333333333,0.8466666666666669,-1.058,1.4673333333333332,0.2862327187100893,18.13338122605364,2.3946360153256707,0.0,-0.00388837005108556,0.0242937021072797,0.0018766531236696464,0.04332035461154082,0.41200000000000014,0.9923038659378131,0.6881617759708298,0.7923202504144965,0.7946348172918871,0.7865741093384567,0.9468853637605946,0.0,0.005986590038314176,0.05986590038314176
phoenix_ssp585_baseline_2020s_heatwave_extreme_2025,Phoenix,ssp585,baseline_2020s,heatwave_extreme,2025,16704,0.18314707056194124,0.3768733010910041,-0.35,0.12666666666666665,0.9158999999999989,-0.9453333333333335,1.4366666666666668,0.3099752953384419,0.14498174098389421,21.234434865900383,3.2387452107279695,0.0,0.1870999361430396,0.3800961062482697,-0.352,0.1293333333333333,0.9226666666666666,-0.9660000000000004,1.4366666666666668,0.3136343390804598,21.665469348659002,3.4063697318007664,0.0,-0.003952865581098335,0.023749401340996172,0.0018612343284376328,0.04314202508503319,0.4586666666666669,0.9935942499817053,0.7311087310127334,0.8322125814195944,0.8345733121960184,0.8365516726439224,0.9627788715173347,0.09578544061302681,0.10775862068965517,0.06585249042145594
phoenix_ssp585_baseline_2020s_hot_2025,Phoenix,ssp585,baseline_2020s,hot,2025,16704,0.18314707056194124,0.3768733010910041,-0.35,0.12666666666666665,0.9158999999999989,-0.9453333333333335,1.4366666666666668,0.3099752953384419,0.14498174098389421,21.234434865900383,3.2387452107279695,0.0,0.1870999361430396,0.3800961062482697,-0.352,0.1293333333333333,0.9226666666666666,-0.9660000000000004,1.4366666666666668,0.3136343390804598,21.665469348659002,3.4063697318007664,0.0,-0.003952865581098335,0.023749401340996172,0.0018612343284376328,0.04314202508503319,0.4586666666666669,0.9935942499817053,0.7311087310127334,0.8322125814195944,0.8345733121960184,0.8365516726439224,0.9627788715173347,0.09578544061302681,0.10775862068965517,0.06585249042145594
phoenix_ssp585_baseline_2020s_typical_2029,Phoenix,ssp585,baseline_2020s,typical,2029,16704,0.1734041347381865,0.36359782850844763,-0.33533333333333337,0.12133333333333332,0.9026666666666666,-0.8440000000000001,1.464,0.29335272988505745,0.13432572766243167,18.857758620689655,3.2387452107279695,0.0,0.17720865261813537,0.3667619346712113,-0.34046666666666653,0.1233333333333333,0.9133333333333334,-0.8440000000000001,1.464,0.2967998882503193,19.26484674329502,3.4183429118773945,0.0,-0.003804517879948908,0.024176245210727976,0.001930642613878246,0.04393907843683395,0.4813333333333336,0.9928530117823517,0.7534977539826988,0.8268165610766589,0.8293671084670295,0.8204680698049627,0.9567169179843217,0.0,0.023946360153256702,0.05387931034482758
phoenix_ssp585_late_2080s_heatwave_extreme_2085,Phoenix,ssp585,late_2080s,heatwave_extreme,2085,16704,0.37290257822477646,0.5150308977640192,-0.23256666666666664,0.20133333333333334,1.4086666666666667,-0.6553333333333332,2.009333333333333,0.44811186941251596,0.3234468785092192,32.83045977011494,15.51125478927203,0.023946360153256702,0.3771481082375479,0.5166347599002342,-0.2313333333333334,0.2053333333333333,1.4105666666666656,-0.6553333333333332,2.009333333333333,0.45156477490421454,33.087883141762454,15.762691570881227,0.023946360153256702,-0.004245530012771389,0.025251117496807154,0.0020515782247765004,0.04529435091461738,0.44599999999999973,0.9961835548260799,0.9076862340745198,0.9594537562784937,0.9592784183368062,0.956947432734738,0.9856163526715859,0.0,0.005986590038314176,0.02993295019157088
phoenix_ssp585_late_2080s_hot_2089,Phoenix,ssp585,late_2080s,hot,2089,16704,0.4204153496168583,0.5800243705791607,-0.24933333333333332,0.20033333333333336,1.5706666666666667,-0.7973333333333336,2.0793333333333335,0.5001698196040868,0.36865001799484476,34.60249042145594,20.48611111111111,0.17959770114942528,0.4243762771392082,0.5811892147384046,-0.2486666666666666,0.2026666666666667,1.5726666666666664,-0.7973333333333336,2.0793333333333335,0.5034602490421457,34.871886973180075,20.71360153256705,0.17959770114942528,-0.003960927522349932,0.026246847062579827,0.0022638976426138783,0.04758043340086215,0.45799999999999985,0.9966674194848624,0.9495219748141887,0.970413056967992,0.9701359631141668,0.9656596268930597,0.9903296213320589,0.0,0.005986590038314176,0.0
phoenix_ssp585_late_2080s_typical_2081,Phoenix,ssp585,late_2080s,typical,2081,16704,0.37082854406130267,0.46332217652486307,-0.17066666666666666,0.21333333333333335,1.2986666666666666,-0.5993333333333335,1.8566666666666667,0.4201367337164751,0.3196193216458289,30.483716475095786,13.751197318007662,0.0,0.37552330779054915,0.4648876711823254,-0.1686666666666667,0.2166666666666666,1.3053333333333337,-0.5993333333333335,1.856666666666667,0.4238366060025542,30.78304597701149,14.086446360153257,0.0,-0.0046947637292464785,0.026069923371647517,0.0022926706577266922,0.04788184058415771,0.44066666666666665,0.99473478357129,0.9097240570614589,0.9612764720790773,0.9609227426577042,0.9590606528341973,0.9848077810281936,0.0,0.0,0.023946360153256702
phoenix_ssp585_mid_2050s_heatwave_extreme_2057,Phoenix,ssp585,mid_2050s,heatwave_extreme,2057,16704,0.25356246008939964,0.3963128944125376,-0.26266666666666666,0.172,1.0513333333333335,-0.8706666666666668,1.6366666666666665,0.3397581018518519,0.20851870980933124,23.82064176245211,5.962643678160919,0.0,0.2581069604086845,0.3990696462218481,-0.26389999999999997,0.175,1.0606666666666669,-0.8706666666666668,1.6366666666666665,0.3438010855683269,24.251676245210728,6.196120689655173,0.0,-0.004544500319284795,0.025363864942528742,0.0021651600415070246,0.04653128024788298,0.47266666666666646,0.993244322554629,0.7938215232717644,0.904528205141545,0.9049454432065062,0.9045646500318408,0.9709773203497786,0.005986590038314176,0.017959770114942528,0.023946360153256702
phoenix_ssp585_mid_2050s_hot_2057,Phoenix,ssp585,mid_2050s,hot,2057,16704,0.25356246008939964,0.3963128944125376,-0.26266666666666666,0.172,1.0513333333333335,-0.8706666666666668,1.6366666666666665,0.3397581018518519,0.20851870980933124,23.82064176245211,5.962643678160919,0.0,0.2581069604086845,0.3990696462218481,-0.26389999999999997,0.175,1.0606666666666669,-0.8706666666666668,1.6366666666666665,0.3438010855683269,24.251676245210728,6.196120689655173,0.0,-0.004544500319284795,0.025363864942528742,0.0021651600415070246,0.04653128024788298,0.47266666666666646,0.993244322554629,0.7938215232717644,0.904528205141545,0.9049454432065062,0.9045646500318408,0.9709773203497786,0.005986590038314176,0.017959770114942528,0.023946360153256702
phoenix_ssp585_mid_2050s_typical_2050,Phoenix,ssp585,mid_2050s,typical,2050,16704,0.20395645753512137,0.44179140000348355,-0.32399999999999995,0.08800000000000002,1.139899999999999,-0.7759999999999998,1.7886666666666668,0.3300098579182631,0.1667433494767846,22.60536398467433,7.728687739463602,0.0,0.2075711206896552,0.4444956471012922,-0.32523333333333326,0.0913333333333333,1.1545666666666656,-0.7759999999999998,1.7886666666666668,0.333032966155811,22.94061302681992,7.974137931034483,0.0,-0.0036146631545338425,0.023754509897828863,0.0019437519423158788,0.04408800224909129,0.45200000000000007,0.9951027892420398,0.8482056036452913,0.9103759348569023,0.9106193568746286,0.9108384946006467,0.9786195433149478,0.0,0.011973180076628351,0.0
phoenix_ssp585_near_2030s_heatwave_extreme_2033,Phoenix,ssp585,near_2030s,heatwave_extreme,2033,16704,0.22666091954022985,0.38495010073286345,-0.272,0.156,1.0166666666666666,-0.7119999999999999,1.889333333333333,0.31936478288633463,0.18197111422068354,21.012931034482758,5.268199233716475,0.0,0.23083824233716474,0.38761210399293755,-0.2733333333333333,0.1586666666666666,1.0273333333333334,-0.7119999999999999,1.889333333333333,0.3228865341634738,21.42001915708812,5.471743295019157,0.0,-0.004177322796934858,0.0250547174329502,0.002045746674116645,0.04522993117523666,0.43333333333333335,0.9932270205516723,0.7872088818448428,0.8891068556224356,0.8900447416883498,0.8910277103888493,0.9693797934254147,0.005986590038314176,0.017959770114942528,0.13170498084291188
phoenix_ssp585_near_2030s_hot_2033,Phoenix,ssp585,near_2030s,hot,2033,16704,0.22666091954022985,0.38495010073286345,-0.272,0.156,1.0166666666666666,-0.7119999999999999,1.889333333333333,0.31936478288633463,0.18197111422068354,21.012931034482758,5.268199233716475,0.0,0.23083824233716474,0.38761210399293755,-0.2733333333333333,0.1586666666666666,1.0273333333333334,-0.7119999999999999,1.889333333333333,0.3228865341634738,21.42001915708812,5.471743295019157,0.0,-0.004177322796934858,0.0250547174329502,0.002045746674116645,0.04522993117523666,0.43333333333333335,0.9932270205516723,0.7872088818448428,0.8891068556224356,0.8900447416883498,0.8910277103888493,0.9693797934254147,0.005986590038314176,0.017959770114942528,0.13170498084291188
phoenix_ssp585_near_2030s_typical_2034,Phoenix,ssp585,near_2030s,typical,2034,16704,0.17023299808429115,0.34382708244602317,-0.3186666666666666,0.128,0.8366666666666668,-0.8720000000000001,1.288,0.28434027777777776,0.13017487373958028,18.0735153256705,2.0653735632183907,0.0,0.17418079501915706,0.3470808439185992,-0.32056666666666656,0.1313333333333333,0.8473333333333334,-0.8720000000000001,1.4206666666666663,0.28779126756066414,18.53448275862069,2.2150383141762453,0.0,-0.003947796934865895,0.024357040229885062,0.0020079881332481907,0.04481058059485718,0.48733333333333284,0.9916964726026468,0.6951110936189888,0.8038841900936374,0.8066772691106215,0.802226210729372,0.9500046560356853,0.02993295019157088,0.04190613026819923,0.05986590038314176
