case_id,condition,left,right,spearman_rho,n_hours
ahmedabad_ssp245_baseline_2020s_heatwave_extreme_2029,all_occupied_hours,outdoor_temp_c,mean_operative_temp_c,0.5749823250204434,4437
ahmedabad_ssp245_baseline_2020s_heatwave_extreme_2029,all_occupied_hours,mean_operative_temp_c,discomfort_probability,0.915189322532366,4437
ahmedabad_ssp245_baseline_2020s_heatwave_extreme_2029,all_occupied_hours,mean_operative_temp_c,warm_discomfort_probability,0.9281558965462534,4437
ahmedabad_ssp245_baseline_2020s_heatwave_extreme_2029,all_occupied_hours,mean_operative_temp_c,cold_discomfort_probability,-0.9293087242800804,4437
ahmedabad_ssp245_baseline_2020s_heatwave_extreme_2029,all_occupied_hours,zone_cooling_rate_w,discomfort_probability,0.39244134057898633,4437
ahmedabad_ssp245_baseline_2020s_heatwave_extreme_2029,outdoor_temp_ge_20_c,outdoor_temp_c,mean_operative_temp_c,0.4688040298971516,4035
ahmedabad_ssp245_baseline_2020s_heatwave_extreme_2029,outdoor_temp_ge_20_c,mean_operative_temp_c,discomfort_probability,0.9302163473521772,4035
ahmedabad_ssp245_baseline_2020s_heatwave_extreme_2029,outdoor_temp_ge_20_c,mean_operative_temp_c,warm_discomfort_probability,0.9427363390447226,4035
ahmedabad_ssp245_baseline_2020s_heatwave_extreme_2029,outdoor_temp_ge_20_c,mean_operative_temp_c,cold_discomfort_probability,-0.9461714789574768,4035
ahmedabad_ssp245_baseline_2020s_heatwave_extreme_2029,outdoor_temp_ge_20_c,zone_cooling_rate_w,discomfort_probability,0.3155292220048957,4035
ahmedabad_ssp245_baseline_2020s_heatwave_extreme_2029,outdoor_temp_ge_25_c,outdoor_temp_c,mean_operative_temp_c,0.3267082578226472,3492
ahmedabad_ssp245_baseline_2020s_heatwave_extreme_2029,outdoor_temp_ge_25_c,mean_operative_temp_c,discomfort_probability,0.9449032697305237,3492
ahmedabad_ssp245_baseline_2020s_heatwave_extreme_2029,outdoor_temp_ge_25_c,mean_operative_temp_c,warm_discomfort_probability,0.9572951586423699,3492
ahmedabad_ssp245_baseline_2020s_heatwave_extreme_2029,outdoor_temp_ge_25_c,mean_operative_temp_c,cold_discomfort_probability,-0.9636339661138319,3492
ahmedabad_ssp245_baseline_2020s_heatwave_extreme_2029,outdoor_temp_ge_25_c,zone_cooling_rate_w,discomfort_probability,0.24549018345129087,3492
ahmedabad_ssp245_baseline_2020s_heatwave_extreme_2029,may_through_september,outdoor_temp_c,mean_operative_temp_c,0.24195957298179424,1853
ahmedabad_ssp245_baseline_2020s_heatwave_extreme_2029,may_through_september,mean_operative_temp_c,discomfort_probability,0.9893929948045015,1853
ahmedabad_ssp245_baseline_2020s_heatwave_extreme_2029,may_through_september,mean_operative_temp_c,warm_discomfort_probability,0.9935060994427788,1853
ahmedabad_ssp245_baseline_2020s_heatwave_extreme_2029,may_through_september,mean_operative_temp_c,cold_discomfort_probability,-0.9790119462322162,1853
ahmedabad_ssp245_baseline_2020s_heatwave_extreme_2029,may_through_september,zone_cooling_rate_w,discomfort_probability,0.07467521010340612,1853
ahmedabad_ssp245_baseline_2020s_hot_2029,all_occupied_hours,outdoor_temp_c,mean_operative_temp_c,0.5749823250204434,4437
ahmedabad_ssp245_baseline_2020s_hot_2029,all_occupied_hours,mean_operative_temp_c,discomfort_probability,0.915189322532366,4437
ahmedabad_ssp245_baseline_2020s_hot_2029,all_occupied_hours,mean_operative_temp_c,warm_discomfort_probability,0.9281558965462534,4437
ahmedabad_ssp245_baseline_2020s_hot_2029,all_occupied_hours,mean_operative_temp_c,cold_discomfort_probability,-0.9293087242800804,4437
ahmedabad_ssp245_baseline_2020s_hot_2029,all_occupied_hours,zone_cooling_rate_w,discomfort_probability,0.39244134057898633,4437
ahmedabad_ssp245_baseline_2020s_hot_2029,outdoor_temp_ge_20_c,outdoor_temp_c,mean_operative_temp_c,0.4688040298971516,4035
ahmedabad_ssp245_baseline_2020s_hot_2029,outdoor_temp_ge_20_c,mean_operative_temp_c,discomfort_probability,0.9302163473521772,4035
ahmedabad_ssp245_baseline_2020s_hot_2029,outdoor_temp_ge_20_c,mean_operative_temp_c,warm_discomfort_probability,0.9427363390447226,4035
ahmedabad_ssp245_baseline_2020s_hot_2029,outdoor_temp_ge_20_c,mean_operative_temp_c,cold_discomfort_probability,-0.9461714789574768,4035
ahmedabad_ssp245_baseline_2020s_hot_2029,outdoor_temp_ge_20_c,zone_cooling_rate_w,discomfort_probability,0.3155292220048957,4035
ahmedabad_ssp245_baseline_2020s_hot_2029,outdoor_temp_ge_25_c,outdoor_temp_c,mean_operative_temp_c,0.3267082578226472,3492
ahmedabad_ssp245_baseline_2020s_hot_2029,outdoor_temp_ge_25_c,mean_operative_temp_c,discomfort_probability,0.9449032697305237,3492
ahmedabad_ssp245_baseline_2020s_hot_2029,outdoor_temp_ge_25_c,mean_operative_temp_c,warm_discomfort_probability,0.9572951586423699,3492
ahmedabad_ssp245_baseline_2020s_hot_2029,outdoor_temp_ge_25_c,mean_operative_temp_c,cold_discomfort_probability,-0.9636339661138319,3492
ahmedabad_ssp245_baseline_2020s_hot_2029,outdoor_temp_ge_25_c,zone_cooling_rate_w,discomfort_probability,0.24549018345129087,3492
ahmedabad_ssp245_baseline_2020s_hot_2029,may_through_september,outdoor_temp_c,mean_operative_temp_c,0.24195957298179424,1853
ahmedabad_ssp245_baseline_2020s_hot_2029,may_through_september,mean_operative_temp_c,discomfort_probability,0.9893929948045015,1853
ahmedabad_ssp245_baseline_2020s_hot_2029,may_through_september,mean_operative_temp_c,warm_discomfort_probability,0.9935060994427788,1853
ahmedabad_ssp245_baseline_2020s_hot_2029,may_through_september,mean_operative_temp_c,cold_discomfort_probability,-0.9790119462322162,1853
ahmedabad_ssp245_baseline_2020s_hot_2029,may_through_september,zone_cooling_rate_w,discomfort_probability,0.07467521010340612,1853
ahmedabad_ssp245_baseline_2020s_typical_2025,all_occupied_hours,outdoor_temp_c,mean_operative_temp_c,0.549334408762797,4437
ahmedabad_ssp245_baseline_2020s_typical_2025,all_occupied_hours,mean_operative_temp_c,discomfort_probability,0.9164233395409167,4437
ahmedabad_ssp245_baseline_2020s_typical_2025,all_occupied_hours,mean_operative_temp_c,warm_discomfort_probability,0.9274871012078221,4437
ahmedabad_ssp245_baseline_2020s_typical_2025,all_occupied_hours,mean_operative_temp_c,cold_discomfort_probability,-0.8745424188537301,4437
ahmedabad_ssp245_baseline_2020s_typical_2025,all_occupied_hours,zone_cooling_rate_w,discomfort_probability,0.5507170710956756,4437
ahmedabad_ssp245_baseline_2020s_typical_2025,outdoor_temp_ge_20_c,outdoor_temp_c,mean_operative_temp_c,0.45788732886258005,4053
ahmedabad_ssp245_baseline_2020s_typical_2025,outdoor_temp_ge_20_c,mean_operative_temp_c,discomfort_probability,0.9240059553162384,4053
ahmedabad_ssp245_baseline_2020s_typical_2025,outdoor_temp_ge_20_c,mean_operative_temp_c,warm_discomfort_probability,0.9381605451568006,4053
ahmedabad_ssp245_baseline_2020s_typical_2025,outdoor_temp_ge_20_c,mean_operative_temp_c,cold_discomfort_probability,-0.900650784246625,4053
ahmedabad_ssp245_baseline_2020s_typical_2025,outdoor_temp_ge_20_c,zone_cooling_rate_w,discomfort_probability,0.49905710865786557,4053
ahmedabad_ssp245_baseline_2020s_typical_2025,outdoor_temp_ge_25_c,outdoor_temp_c,mean_operative_temp_c,0.3681016854381585,3488
ahmedabad_ssp245_baseline_2020s_typical_2025,outdoor_temp_ge_25_c,mean_operative_temp_c,discomfort_probability,0.9269455141657921,3488
ahmedabad_ssp245_baseline_2020s_typical_2025,outdoor_temp_ge_25_c,mean_operative_temp_c,warm_discomfort_probability,0.94389896949664,3488
ahmedabad_ssp245_baseline_2020s_typical_2025,outdoor_temp_ge_25_c,mean_operative_temp_c,cold_discomfort_probability,-0.9243465550850085,3488
ahmedabad_ssp245_baseline_2020s_typical_2025,outdoor_temp_ge_25_c,zone_cooling_rate_w,discomfort_probability,0.4583559337792276,3488
ahmedabad_ssp245_baseline_2020s_typical_2025,may_through_september,outdoor_temp_c,mean_operative_temp_c,0.37389763151095184,1853
ahmedabad_ssp245_baseline_2020s_typical_2025,may_through_september,mean_operative_temp_c,discomfort_probability,0.9835930958059417,1853
ahmedabad_ssp245_baseline_2020s_typical_2025,may_through_september,mean_operative_temp_c,warm_discomfort_probability,0.9914639358624598,1853
ahmedabad_ssp245_baseline_2020s_typical_2025,may_through_september,mean_operative_temp_c,cold_discomfort_probability,-0.9434905049693946,1853
ahmedabad_ssp245_baseline_2020s_typical_2025,may_through_september,zone_cooling_rate_w,discomfort_probability,0.2979860658087765,1853
ahmedabad_ssp245_late_2080s_heatwave_extreme_2081,all_occupied_hours,outdoor_temp_c,mean_operative_temp_c,0.5752520683691621,4437
ahmedabad_ssp245_late_2080s_heatwave_extreme_2081,all_occupied_hours,mean_operative_temp_c,discomfort_probability,0.9435974902259445,4437
ahmedabad_ssp245_late_2080s_heatwave_extreme_2081,all_occupied_hours,mean_operative_temp_c,warm_discomfort_probability,0.9548130113803814,4437
ahmedabad_ssp245_late_2080s_heatwave_extreme_2081,all_occupied_hours,mean_operative_temp_c,cold_discomfort_probability,-0.9414776056681429,4437
ahmedabad_ssp245_late_2080s_heatwave_extreme_2081,all_occupied_hours,zone_cooling_rate_w,discomfort_probability,0.41072393221506115,4437
ahmedabad_ssp245_late_2080s_heatwave_extreme_2081,outdoor_temp_ge_20_c,outdoor_temp_c,mean_operative_temp_c,0.4885066811286518,4088
ahmedabad_ssp245_late_2080s_heatwave_extreme_2081,outdoor_temp_ge_20_c,mean_operative_temp_c,discomfort_probability,0.9475282769205933,4088
ahmedabad_ssp245_late_2080s_heatwave_extreme_2081,outdoor_temp_ge_20_c,mean_operative_temp_c,warm_discomfort_probability,0.9598117830351981,4088
ahmedabad_ssp245_late_2080s_heatwave_extreme_2081,outdoor_temp_ge_20_c,mean_operative_temp_c,cold_discomfort_probability,-0.9495728576255051,4088
ahmedabad_ssp245_late_2080s_heatwave_extreme_2081,outdoor_temp_ge_20_c,zone_cooling_rate_w,discomfort_probability,0.3335107566041345,4088
ahmedabad_ssp245_late_2080s_heatwave_extreme_2081,outdoor_temp_ge_25_c,outdoor_temp_c,mean_operative_temp_c,0.3851777633871599,3614
ahmedabad_ssp245_late_2080s_heatwave_extreme_2081,outdoor_temp_ge_25_c,mean_operative_temp_c,discomfort_probability,0.9536755530926054,3614
ahmedabad_ssp245_late_2080s_heatwave_extreme_2081,outdoor_temp_ge_25_c,mean_operative_temp_c,warm_discomfort_probability,0.9658644987983435,3614
ahmedabad_ssp245_late_2080s_heatwave_extreme_2081,outdoor_temp_ge_25_c,mean_operative_temp_c,cold_discomfort_probability,-0.9590071976291866,3614
ahmedabad_ssp245_late_2080s_heatwave_extreme_2081,outdoor_temp_ge_25_c,zone_cooling_rate_w,discomfort_probability,0.267909565929127,3614
ahmedabad_ssp245_late_2080s_heatwave_extreme_2081,may_through_september,outdoor_temp_c,mean_operative_temp_c,0.3897487379530373,1853
ahmedabad_ssp245_late_2080s_heatwave_extreme_2081,may_through_september,mean_operative_temp_c,discomfort_probability,0.9891765186902665,1853
ahmedabad_ssp245_late_2080s_heatwave_extreme_2081,may_through_september,mean_operative_temp_c,warm_discomfort_probability,0.9924748951776889,1853
ahmedabad_ssp245_late_2080s_heatwave_extreme_2081,may_through_september,mean_operative_temp_c,cold_discomfort_probability,-0.9746281085596282,1853
ahmedabad_ssp245_late_2080s_heatwave_extreme_2081,may_through_september,zone_cooling_rate_w,discomfort_probability,0.1508556682526946,1853
ahmedabad_ssp245_late_2080s_hot_2081,all_occupied_hours,outdoor_temp_c,mean_operative_temp_c,0.5752520683691621,4437
ahmedabad_ssp245_late_2080s_hot_2081,all_occupied_hours,mean_operative_temp_c,discomfort_probability,0.9435974902259445,4437
ahmedabad_ssp245_late_2080s_hot_2081,all_occupied_hours,mean_operative_temp_c,warm_discomfort_probability,0.9548130113803814,4437
ahmedabad_ssp245_late_2080s_hot_2081,all_occupied_hours,mean_operative_temp_c,cold_discomfort_probability,-0.9414776056681429,4437
ahmedabad_ssp245_late_2080s_hot_2081,all_occupied_hours,zone_cooling_rate_w,discomfort_probability,0.41072393221506115,4437
ahmedabad_ssp245_late_2080s_hot_2081,outdoor_temp_ge_20_c,outdoor_temp_c,mean_operative_temp_c,0.4885066811286518,4088
ahmedabad_ssp245_late_2080s_hot_2081,outdoor_temp_ge_20_c,mean_operative_temp_c,discomfort_probability,0.9475282769205933,4088
ahmedabad_ssp245_late_2080s_hot_2081,outdoor_temp_ge_20_c,mean_operative_temp_c,warm_discomfort_probability,0.9598117830351981,4088
ahmedabad_ssp245_late_2080s_hot_2081,outdoor_temp_ge_20_c,mean_operative_temp_c,cold_discomfort_probability,-0.9495728576255051,4088
ahmedabad_ssp245_late_2080s_hot_2081,outdoor_temp_ge_20_c,zone_cooling_rate_w,discomfort_probability,0.3335107566041345,4088
ahmedabad_ssp245_late_2080s_hot_2081,outdoor_temp_ge_25_c,outdoor_temp_c,mean_operative_temp_c,0.3851777633871599,3614
ahmedabad_ssp245_late_2080s_hot_2081,outdoor_temp_ge_25_c,mean_operative_temp_c,discomfort_probability,0.9536755530926054,3614
ahmedabad_ssp245_late_2080s_hot_2081,outdoor_temp_ge_25_c,mean_operative_temp_c,warm_discomfort_probability,0.9658644987983435,3614
ahmedabad_ssp245_late_2080s_hot_2081,outdoor_temp_ge_25_c,mean_operative_temp_c,cold_discomfort_probability,-0.9590071976291866,3614
ahmedabad_ssp245_late_2080s_hot_2081,outdoor_temp_ge_25_c,zone_cooling_rate_w,discomfort_probability,0.267909565929127,3614
ahmedabad_ssp245_late_2080s_hot_2081,may_through_september,outdoor_temp_c,mean_operative_temp_c,0.3897487379530373,1853
ahmedabad_ssp245_late_2080s_hot_2081,may_through_september,mean_operative_temp_c,discomfort_probability,0.9891765186902665,1853
ahmedabad_ssp245_late_2080s_hot_2081,may_through_september,mean_operative_temp_c,warm_discomfort_probability,0.9924748951776889,1853
ahmedabad_ssp245_late_2080s_hot_2081,may_through_september,mean_operative_temp_c,cold_discomfort_probability,-0.9746281085596282,1853
ahmedabad_ssp245_late_2080s_hot_2081,may_through_september,zone_cooling_rate_w,discomfort_probability,0.1508556682526946,1853
ahmedabad_ssp245_late_2080s_typical_2086,all_occupied_hours,outdoor_temp_c,mean_operative_temp_c,0.6285357729901123,4437
ahmedabad_ssp245_late_2080s_typical_2086,all_occupied_hours,mean_operative_temp_c,discomfort_probability,0.9326129823387491,4437
ahmedabad_ssp245_late_2080s_typical_2086,all_occupied_hours,mean_operative_temp_c,warm_discomfort_probability,0.9392746218634074,4437
ahmedabad_ssp245_late_2080s_typical_2086,all_occupied_hours,mean_operative_temp_c,cold_discomfort_probability,-0.8875018239201545,4437
ahmedabad_ssp245_late_2080s_typical_2086,all_occupied_hours,zone_cooling_rate_w,discomfort_probability,0.5468376622325118,4437
ahmedabad_ssp245_late_2080s_typical_2086,outdoor_temp_ge_20_c,outdoor_temp_c,mean_operative_temp_c,0.5660059474896181,4020
ahmedabad_ssp245_late_2080s_typical_2086,outdoor_temp_ge_20_c,mean_operative_temp_c,discomfort_probability,0.9416764526420895,4020
ahmedabad_ssp245_late_2080s_typical_2086,outdoor_temp_ge_20_c,mean_operative_temp_c,warm_discomfort_probability,0.9492489587231899,4020
ahmedabad_ssp245_late_2080s_typical_2086,outdoor_temp_ge_20_c,mean_operative_temp_c,cold_discomfort_probability,-0.908733643136557,4020
ahmedabad_ssp245_late_2080s_typical_2086,outdoor_temp_ge_20_c,zone_cooling_rate_w,discomfort_probability,0.49301734016310594,4020
ahmedabad_ssp245_late_2080s_typical_2086,outdoor_temp_ge_25_c,outdoor_temp_c,mean_operative_temp_c,0.5244644324300448,3361
ahmedabad_ssp245_late_2080s_typical_2086,outdoor_temp_ge_25_c,mean_operative_temp_c,discomfort_probability,0.9481177166917139,3361
ahmedabad_ssp245_late_2080s_typical_2086,outdoor_temp_ge_25_c,mean_operative_temp_c,warm_discomfort_probability,0.9564261527130492,3361
ahmedabad_ssp245_late_2080s_typical_2086,outdoor_temp_ge_25_c,mean_operative_temp_c,cold_discomfort_probability,-0.9316378147410366,3361
ahmedabad_ssp245_late_2080s_typical_2086,outdoor_temp_ge_25_c,zone_cooling_rate_w,discomfort_probability,0.4296644657541969,3361
ahmedabad_ssp245_late_2080s_typical_2086,may_through_september,outdoor_temp_c,mean_operative_temp_c,0.6713011424927966,1853
ahmedabad_ssp245_late_2080s_typical_2086,may_through_september,mean_operative_temp_c,discomfort_probability,0.9926501472336096,1853
ahmedabad_ssp245_late_2080s_typical_2086,may_through_september,mean_operative_temp_c,warm_discomfort_probability,0.9942911796624005,1853
ahmedabad_ssp245_late_2080s_typical_2086,may_through_september,mean_operative_temp_c,cold_discomfort_probability,-0.948454489873382,1853
ahmedabad_ssp245_late_2080s_typical_2086,may_through_september,zone_cooling_rate_w,discomfort_probability,0.414952296834854,1853
ahmedabad_ssp245_mid_2050s_heatwave_extreme_2059,all_occupied_hours,outdoor_temp_c,mean_operative_temp_c,0.6072367558630131,4437
ahmedabad_ssp245_mid_2050s_heatwave_extreme_2059,all_occupied_hours,mean_operative_temp_c,discomfort_probability,0.9297611422179909,4437
ahmedabad_ssp245_mid_2050s_heatwave_extreme_2059,all_occupied_hours,mean_operative_temp_c,warm_discomfort_probability,0.9401358661378385,4437
ahmedabad_ssp245_mid_2050s_heatwave_extreme_2059,all_occupied_hours,mean_operative_temp_c,cold_discomfort_probability,-0.9193342157674248,4437
ahmedabad_ssp245_mid_2050s_heatwave_extreme_2059,all_occupied_hours,zone_cooling_rate_w,discomfort_probability,0.4233495723817641,4437
ahmedabad_ssp245_mid_2050s_heatwave_extreme_2059,outdoor_temp_ge_20_c,outdoor_temp_c,mean_operative_temp_c,0.5288867033741956,4069
ahmedabad_ssp245_mid_2050s_heatwave_extreme_2059,outdoor_temp_ge_20_c,mean_operative_temp_c,discomfort_probability,0.9493204213070531,4069
ahmedabad_ssp245_mid_2050s_heatwave_extreme_2059,outdoor_temp_ge_20_c,mean_operative_temp_c,warm_discomfort_probability,0.9586659847817524,4069
ahmedabad_ssp245_mid_2050s_heatwave_extreme_2059,outdoor_temp_ge_20_c,mean_operative_temp_c,cold_discomfort_probability,-0.9348463037366204,4069
ahmedabad_ssp245_mid_2050s_heatwave_extreme_2059,outdoor_temp_ge_20_c,zone_cooling_rate_w,discomfort_probability,0.3613362497701638,4069
ahmedabad_ssp245_mid_2050s_heatwave_extreme_2059,outdoor_temp_ge_25_c,outdoor_temp_c,mean_operative_temp_c,0.43200601881749195,3463
ahmedabad_ssp245_mid_2050s_heatwave_extreme_2059,outdoor_temp_ge_25_c,mean_operative_temp_c,discomfort_probability,0.960233771988271,3463
ahmedabad_ssp245_mid_2050s_heatwave_extreme_2059,outdoor_temp_ge_25_c,mean_operative_temp_c,warm_discomfort_probability,0.9685718792229209,3463
ahmedabad_ssp245_mid_2050s_heatwave_extreme_2059,outdoor_temp_ge_25_c,mean_operative_temp_c,cold_discomfort_probability,-0.9502244596733112,3463
ahmedabad_ssp245_mid_2050s_heatwave_extreme_2059,outdoor_temp_ge_25_c,zone_cooling_rate_w,discomfort_probability,0.2775292927969478,3463
ahmedabad_ssp245_mid_2050s_heatwave_extreme_2059,may_through_september,outdoor_temp_c,mean_operative_temp_c,0.5359521155942892,1853
ahmedabad_ssp245_mid_2050s_heatwave_extreme_2059,may_through_september,mean_operative_temp_c,discomfort_probability,0.9853737706044845,1853
ahmedabad_ssp245_mid_2050s_heatwave_extreme_2059,may_through_september,mean_operative_temp_c,warm_discomfort_probability,0.9877986323781933,1853
ahmedabad_ssp245_mid_2050s_heatwave_extreme_2059,may_through_september,mean_operative_temp_c,cold_discomfort_probability,-0.97130840685215,1853
ahmedabad_ssp245_mid_2050s_heatwave_extreme_2059,may_through_september,zone_cooling_rate_w,discomfort_probability,0.20171378498628256,1853
ahmedabad_ssp245_mid_2050s_hot_2059,all_occupied_hours,outdoor_temp_c,mean_operative_temp_c,0.6072367558630131,4437
ahmedabad_ssp245_mid_2050s_hot_2059,all_occupied_hours,mean_operative_temp_c,discomfort_probability,0.9297611422179909,4437
ahmedabad_ssp245_mid_2050s_hot_2059,all_occupied_hours,mean_operative_temp_c,warm_discomfort_probability,0.9401358661378385,4437
ahmedabad_ssp245_mid_2050s_hot_2059,all_occupied_hours,mean_operative_temp_c,cold_discomfort_probability,-0.9193342157674248,4437
ahmedabad_ssp245_mid_2050s_hot_2059,all_occupied_hours,zone_cooling_rate_w,discomfort_probability,0.4233495723817641,4437
ahmedabad_ssp245_mid_2050s_hot_2059,outdoor_temp_ge_20_c,outdoor_temp_c,mean_operative_temp_c,0.5288867033741956,4069
ahmedabad_ssp245_mid_2050s_hot_2059,outdoor_temp_ge_20_c,mean_operative_temp_c,discomfort_probability,0.9493204213070531,4069
ahmedabad_ssp245_mid_2050s_hot_2059,outdoor_temp_ge_20_c,mean_operative_temp_c,warm_discomfort_probability,0.9586659847817524,4069
ahmedabad_ssp245_mid_2050s_hot_2059,outdoor_temp_ge_20_c,mean_operative_temp_c,cold_discomfort_probability,-0.9348463037366204,4069
ahmedabad_ssp245_mid_2050s_hot_2059,outdoor_temp_ge_20_c,zone_cooling_rate_w,discomfort_probability,0.3613362497701638,4069
ahmedabad_ssp245_mid_2050s_hot_2059,outdoor_temp_ge_25_c,outdoor_temp_c,mean_operative_temp_c,0.43200601881749195,3463
ahmedabad_ssp245_mid_2050s_hot_2059,outdoor_temp_ge_25_c,mean_operative_temp_c,discomfort_probability,0.960233771988271,3463
ahmedabad_ssp245_mid_2050s_hot_2059,outdoor_temp_ge_25_c,mean_operative_temp_c,warm_discomfort_probability,0.9685718792229209,3463
ahmedabad_ssp245_mid_2050s_hot_2059,outdoor_temp_ge_25_c,mean_operative_temp_c,cold_discomfort_probability,-0.9502244596733112,3463
ahmedabad_ssp245_mid_2050s_hot_2059,outdoor_temp_ge_25_c,zone_cooling_rate_w,discomfort_probability,0.2775292927969478,3463
ahmedabad_ssp245_mid_2050s_hot_2059,may_through_september,outdoor_temp_c,mean_operative_temp_c,0.5359521155942892,1853
ahmedabad_ssp245_mid_2050s_hot_2059,may_through_september,mean_operative_temp_c,discomfort_probability,0.9853737706044845,1853
ahmedabad_ssp245_mid_2050s_hot_2059,may_through_september,mean_operative_temp_c,warm_discomfort_probability,0.9877986323781933,1853
ahmedabad_ssp245_mid_2050s_hot_2059,may_through_september,mean_operative_temp_c,cold_discomfort_probability,-0.97130840685215,1853
ahmedabad_ssp245_mid_2050s_hot_2059,may_through_september,zone_cooling_rate_w,discomfort_probability,0.20171378498628256,1853
ahmedabad_ssp245_mid_2050s_typical_2058,all_occupied_hours,outdoor_temp_c,mean_operative_temp_c,0.5553100593641969,4437
ahmedabad_ssp245_mid_2050s_typical_2058,all_occupied_hours,mean_operative_temp_c,discomfort_probability,0.8725650138750978,4437
ahmedabad_ssp245_mid_2050s_typical_2058,all_occupied_hours,mean_operative_temp_c,warm_discomfort_probability,0.8949269713504681,4437
ahmedabad_ssp245_mid_2050s_typical_2058,all_occupied_hours,mean_operative_temp_c,cold_discomfort_probability,-0.9114876783511547,4437
ahmedabad_ssp245_mid_2050s_typical_2058,all_occupied_hours,zone_cooling_rate_w,discomfort_probability,0.5207879941070085,4437
ahmedabad_ssp245_mid_2050s_typical_2058,outdoor_temp_ge_20_c,outdoor_temp_c,mean_operative_temp_c,0.4489047655098905,3965
ahmedabad_ssp245_mid_2050s_typical_2058,outdoor_temp_ge_20_c,mean_operative_temp_c,discomfort_probability,0.900940722244187,3965
ahmedabad_ssp245_mid_2050s_typical_2058,outdoor_temp_ge_20_c,mean_operative_temp_c,warm_discomfort_probability,0.9199904861464615,3965
ahmedabad_ssp245_mid_2050s_typical_2058,outdoor_temp_ge_20_c,mean_operative_temp_c,cold_discomfort_probability,-0.9260138720245767,3965
ahmedabad_ssp245_mid_2050s_typical_2058,outdoor_temp_ge_20_c,zone_cooling_rate_w,discomfort_probability,0.48108422178590676,3965
ahmedabad_ssp245_mid_2050s_typical_2058,outdoor_temp_ge_25_c,outdoor_temp_c,mean_operative_temp_c,0.33371784569340385,3315
ahmedabad_ssp245_mid_2050s_typical_2058,outdoor_temp_ge_25_c,mean_operative_temp_c,discomfort_probability,0.9191497257009411,3315
ahmedabad_ssp245_mid_2050s_typical_2058,outdoor_temp_ge_25_c,mean_operative_temp_c,warm_discomfort_probability,0.9377982513048488,3315
ahmedabad_ssp245_mid_2050s_typical_2058,outdoor_temp_ge_25_c,mean_operative_temp_c,cold_discomfort_probability,-0.9423409095057155,3315
ahmedabad_ssp245_mid_2050s_typical_2058,outdoor_temp_ge_25_c,zone_cooling_rate_w,discomfort_probability,0.43538891561005655,3315
ahmedabad_ssp245_mid_2050s_typical_2058,may_through_september,outdoor_temp_c,mean_operative_temp_c,0.4100450605098326,1853
ahmedabad_ssp245_mid_2050s_typical_2058,may_through_september,mean_operative_temp_c,discomfort_probability,0.9832540108133231,1853
ahmedabad_ssp245_mid_2050s_typical_2058,may_through_september,mean_operative_temp_c,warm_discomfort_probability,0.9908663571486558,1853
ahmedabad_ssp245_mid_2050s_typical_2058,may_through_september,mean_operative_temp_c,cold_discomfort_probability,-0.9565173670798807,1853
ahmedabad_ssp245_mid_2050s_typical_2058,may_through_september,zone_cooling_rate_w,discomfort_probability,0.30726270582879645,1853
ahmedabad_ssp245_near_2030s_heatwave_extreme_2034,all_occupied_hours,outdoor_temp_c,mean_operative_temp_c,0.5696258701440919,4437
ahmedabad_ssp245_near_2030s_heatwave_extreme_2034,all_occupied_hours,mean_operative_temp_c,discomfort_probability,0.9145808848741122,4437
ahmedabad_ssp245_near_2030s_heatwave_extreme_2034,all_occupied_hours,mean_operative_temp_c,warm_discomfort_probability,0.9293638774438985,4437
ahmedabad_ssp245_near_2030s_heatwave_extreme_2034,all_occupied_hours,mean_operative_temp_c,cold_discomfort_probability,-0.9018770386034474,4437
ahmedabad_ssp245_near_2030s_heatwave_extreme_2034,all_occupied_hours,zone_cooling_rate_w,discomfort_probability,0.49642543722794846,4437
ahmedabad_ssp245_near_2030s_heatwave_extreme_2034,outdoor_temp_ge_20_c,outdoor_temp_c,mean_operative_temp_c,0.4846016168033111,4085
ahmedabad_ssp245_near_2030s_heatwave_extreme_2034,outdoor_temp_ge_20_c,mean_operative_temp_c,discomfort_probability,0.9257286756800416,4085
ahmedabad_ssp245_near_2030s_heatwave_extreme_2034,outdoor_temp_ge_20_c,mean_operative_temp_c,warm_discomfort_probability,0.9413099389842345,4085
ahmedabad_ssp245_near_2030s_heatwave_extreme_2034,outdoor_temp_ge_20_c,mean_operative_temp_c,cold_discomfort_probability,-0.9167054413611875,4085
ahmedabad_ssp245_near_2030s_heatwave_extreme_2034,outdoor_temp_ge_20_c,zone_cooling_rate_w,discomfort_probability,0.4434391137667371,4085
ahmedabad_ssp245_near_2030s_heatwave_extreme_2034,outdoor_temp_ge_25_c,outdoor_temp_c,mean_operative_temp_c,0.3915310501932288,3526
ahmedabad_ssp245_near_2030s_heatwave_extreme_2034,outdoor_temp_ge_25_c,mean_operative_temp_c,discomfort_probability,0.9341687272402421,3526
ahmedabad_ssp245_near_2030s_heatwave_extreme_2034,outdoor_temp_ge_25_c,mean_operative_temp_c,warm_discomfort_probability,0.950390624455813,3526
ahmedabad_ssp245_near_2030s_heatwave_extreme_2034,outdoor_temp_ge_25_c,mean_operative_temp_c,cold_discomfort_probability,-0.9345343986237966,3526
ahmedabad_ssp245_near_2030s_heatwave_extreme_2034,outdoor_temp_ge_25_c,zone_cooling_rate_w,discomfort_probability,0.3823506004588587,3526
ahmedabad_ssp245_near_2030s_heatwave_extreme_2034,may_through_september,outdoor_temp_c,mean_operative_temp_c,0.4878212864121664,1853
ahmedabad_ssp245_near_2030s_heatwave_extreme_2034,may_through_september,mean_operative_temp_c,discomfort_probability,0.985467654814861,1853
ahmedabad_ssp245_near_2030s_heatwave_extreme_2034,may_through_september,mean_operative_temp_c,warm_discomfort_probability,0.9926576523415219,1853
ahmedabad_ssp245_near_2030s_heatwave_extreme_2034,may_through_september,mean_operative_temp_c,cold_discomfort_probability,-0.954150560218686,1853
ahmedabad_ssp245_near_2030s_heatwave_extreme_2034,may_through_september,zone_cooling_rate_w,discomfort_probability,0.23631121419601683,1853
ahmedabad_ssp245_near_2030s_hot_2034,all_occupied_hours,outdoor_temp_c,mean_operative_temp_c,0.5696258701440919,4437
ahmedabad_ssp245_near_2030s_hot_2034,all_occupied_hours,mean_operative_temp_c,discomfort_probability,0.9145808848741122,4437
ahmedabad_ssp245_near_2030s_hot_2034,all_occupied_hours,mean_operative_temp_c,warm_discomfort_probability,0.9293638774438985,4437
ahmedabad_ssp245_near_2030s_hot_2034,all_occupied_hours,mean_operative_temp_c,cold_discomfort_probability,-0.9018770386034474,4437
ahmedabad_ssp245_near_2030s_hot_2034,all_occupied_hours,zone_cooling_rate_w,discomfort_probability,0.49642543722794846,4437
ahmedabad_ssp245_near_2030s_hot_2034,outdoor_temp_ge_20_c,outdoor_temp_c,mean_operative_temp_c,0.4846016168033111,4085
ahmedabad_ssp245_near_2030s_hot_2034,outdoor_temp_ge_20_c,mean_operative_temp_c,discomfort_probability,0.9257286756800416,4085
ahmedabad_ssp245_near_2030s_hot_2034,outdoor_temp_ge_20_c,mean_operative_temp_c,warm_discomfort_probability,0.9413099389842345,4085
ahmedabad_ssp245_near_2030s_hot_2034,outdoor_temp_ge_20_c,mean_operative_temp_c,cold_discomfort_probability,-0.9167054413611875,4085
ahmedabad_ssp245_near_2030s_hot_2034,outdoor_temp_ge_20_c,zone_cooling_rate_w,discomfort_probability,0.4434391137667371,4085
ahmedabad_ssp245_near_2030s_hot_2034,outdoor_temp_ge_25_c,outdoor_temp_c,mean_operative_temp_c,0.3915310501932288,3526
ahmedabad_ssp245_near_2030s_hot_2034,outdoor_temp_ge_25_c,mean_operative_temp_c,discomfort_probability,0.9341687272402421,3526
ahmedabad_ssp245_near_2030s_hot_2034,outdoor_temp_ge_25_c,mean_operative_temp_c,warm_discomfort_probability,0.950390624455813,3526
ahmedabad_ssp245_near_2030s_hot_2034,outdoor_temp_ge_25_c,mean_operative_temp_c,cold_discomfort_probability,-0.9345343986237966,3526
ahmedabad_ssp245_near_2030s_hot_2034,outdoor_temp_ge_25_c,zone_cooling_rate_w,discomfort_probability,0.3823506004588587,3526
ahmedabad_ssp245_near_2030s_hot_2034,may_through_september,outdoor_temp_c,mean_operative_temp_c,0.4878212864121664,1853
ahmedabad_ssp245_near_2030s_hot_2034,may_through_september,mean_operative_temp_c,discomfort_probability,0.985467654814861,1853
ahmedabad_ssp245_near_2030s_hot_2034,may_through_september,mean_operative_temp_c,warm_discomfort_probability,0.9926576523415219,1853
ahmedabad_ssp245_near_2030s_hot_2034,may_through_september,mean_operative_temp_c,cold_discomfort_probability,-0.954150560218686,1853
ahmedabad_ssp245_near_2030s_hot_2034,may_through_september,zone_cooling_rate_w,discomfort_probability,0.23631121419601683,1853
ahmedabad_ssp245_near_2030s_typical_2032,all_occupied_hours,outdoor_temp_c,mean_operative_temp_c,0.5472180850171984,4437
ahmedabad_ssp245_near_2030s_typical_2032,all_occupied_hours,mean_operative_temp_c,discomfort_probability,0.8433157202351017,4437
ahmedabad_ssp245_near_2030s_typical_2032,all_occupied_hours,mean_operative_temp_c,warm_discomfort_probability,0.8680069783445253,4437
ahmedabad_ssp245_near_2030s_typical_2032,all_occupied_hours,mean_operative_temp_c,cold_discomfort_probability,-0.8841287866943477,4437
ahmedabad_ssp245_near_2030s_typical_2032,all_occupied_hours,zone_cooling_rate_w,discomfort_probability,0.468353761560564,4437
ahmedabad_ssp245_near_2030s_typical_2032,outdoor_temp_ge_20_c,outdoor_temp_c,mean_operative_temp_c,0.4063481697628821,3921
ahmedabad_ssp245_near_2030s_typical_2032,outdoor_temp_ge_20_c,mean_operative_temp_c,discomfort_probability,0.8792061505988897,3921
ahmedabad_ssp245_near_2030s_typical_2032,outdoor_temp_ge_20_c,mean_operative_temp_c,warm_discomfort_probability,0.9019238326611327,3921
ahmedabad_ssp245_near_2030s_typical_2032,outdoor_temp_ge_20_c,mean_operative_temp_c,cold_discomfort_probability,-0.9188089753356038,3921
ahmedabad_ssp245_near_2030s_typical_2032,outdoor_temp_ge_20_c,zone_cooling_rate_w,discomfort_probability,0.41756363865930435,3921
ahmedabad_ssp245_near_2030s_typical_2032,outdoor_temp_ge_25_c,outdoor_temp_c,mean_operative_temp_c,0.24285171828980856,3326
ahmedabad_ssp245_near_2030s_typical_2032,outdoor_temp_ge_25_c,mean_operative_temp_c,discomfort_probability,0.9043654481046935,3326
ahmedabad_ssp245_near_2030s_typical_2032,outdoor_temp_ge_25_c,mean_operative_temp_c,warm_discomfort_probability,0.9270498348245785,3326
ahmedabad_ssp245_near_2030s_typical_2032,outdoor_temp_ge_25_c,mean_operative_temp_c,cold_discomfort_probability,-0.9439626716708102,3326
ahmedabad_ssp245_near_2030s_typical_2032,outdoor_temp_ge_25_c,zone_cooling_rate_w,discomfort_probability,0.35254161619341473,3326
ahmedabad_ssp245_near_2030s_typical_2032,may_through_september,outdoor_temp_c,mean_operative_temp_c,0.1923736733054759,1853
ahmedabad_ssp245_near_2030s_typical_2032,may_through_september,mean_operative_temp_c,discomfort_probability,0.9828614654980092,1853
ahmedabad_ssp245_near_2030s_typical_2032,may_through_september,mean_operative_temp_c,warm_discomfort_probability,0.9909771140281325,1853
ahmedabad_ssp245_near_2030s_typical_2032,may_through_september,mean_operative_temp_c,cold_discomfort_probability,-0.9705103926797469,1853
ahmedabad_ssp245_near_2030s_typical_2032,may_through_september,zone_cooling_rate_w,discomfort_probability,0.1978061267932647,1853
ahmedabad_ssp585_baseline_2020s_heatwave_extreme_2027,all_occupied_hours,outdoor_temp_c,mean_operative_temp_c,0.5509532468693843,4437
ahmedabad_ssp585_baseline_2020s_heatwave_extreme_2027,all_occupied_hours,mean_operative_temp_c,discomfort_probability,0.9074103125277284,4437
ahmedabad_ssp585_baseline_2020s_heatwave_extreme_2027,all_occupied_hours,mean_operative_temp_c,warm_discomfort_probability,0.9194389292178311,4437
ahmedabad_ssp585_baseline_2020s_heatwave_extreme_2027,all_occupied_hours,mean_operative_temp_c,cold_discomfort_probability,-0.9296829468374413,4437
ahmedabad_ssp585_baseline_2020s_heatwave_extreme_2027,all_occupied_hours,zone_cooling_rate_w,discomfort_probability,0.33066881462378883,4437
ahmedabad_ssp585_baseline_2020s_heatwave_extreme_2027,outdoor_temp_ge_20_c,outdoor_temp_c,mean_operative_temp_c,0.4079699194331291,3977
ahmedabad_ssp585_baseline_2020s_heatwave_extreme_2027,outdoor_temp_ge_20_c,mean_operative_temp_c,discomfort_probability,0.9281230971476498,3977
ahmedabad_ssp585_baseline_2020s_heatwave_extreme_2027,outdoor_temp_ge_20_c,mean_operative_temp_c,warm_discomfort_probability,0.9404054067890497,3977
ahmedabad_ssp585_baseline_2020s_heatwave_extreme_2027,outdoor_temp_ge_20_c,mean_operative_temp_c,cold_discomfort_probability,-0.9475623745595871,3977
ahmedabad_ssp585_baseline_2020s_heatwave_extreme_2027,outdoor_temp_ge_20_c,zone_cooling_rate_w,discomfort_probability,0.22662293348096704,3977
ahmedabad_ssp585_baseline_2020s_heatwave_extreme_2027,outdoor_temp_ge_25_c,outdoor_temp_c,mean_operative_temp_c,0.2160540277473368,3455
ahmedabad_ssp585_baseline_2020s_heatwave_extreme_2027,outdoor_temp_ge_25_c,mean_operative_temp_c,discomfort_probability,0.9461544390460414,3455
ahmedabad_ssp585_baseline_2020s_heatwave_extreme_2027,outdoor_temp_ge_25_c,mean_operative_temp_c,warm_discomfort_probability,0.958324728103136,3455
ahmedabad_ssp585_baseline_2020s_heatwave_extreme_2027,outdoor_temp_ge_25_c,mean_operative_temp_c,cold_discomfort_probability,-0.965955365825833,3455
ahmedabad_ssp585_baseline_2020s_heatwave_extreme_2027,outdoor_temp_ge_25_c,zone_cooling_rate_w,discomfort_probability,0.12917726032295634,3455
ahmedabad_ssp585_baseline_2020s_heatwave_extreme_2027,may_through_september,outdoor_temp_c,mean_operative_temp_c,-0.04716832880320576,1853
ahmedabad_ssp585_baseline_2020s_heatwave_extreme_2027,may_through_september,mean_operative_temp_c,discomfort_probability,0.9819812571748724,1853
ahmedabad_ssp585_baseline_2020s_heatwave_extreme_2027,may_through_september,mean_operative_temp_c,warm_discomfort_probability,0.9869746135156273,1853
ahmedabad_ssp585_baseline_2020s_heatwave_extreme_2027,may_through_september,mean_operative_temp_c,cold_discomfort_probability,-0.9893026744953928,1853
ahmedabad_ssp585_baseline_2020s_heatwave_extreme_2027,may_through_september,zone_cooling_rate_w,discomfort_probability,-0.05615151100184396,1853
ahmedabad_ssp585_baseline_2020s_hot_2027,all_occupied_hours,outdoor_temp_c,mean_operative_temp_c,0.5509532468693843,4437
ahmedabad_ssp585_baseline_2020s_hot_2027,all_occupied_hours,mean_operative_temp_c,discomfort_probability,0.9074103125277284,4437
ahmedabad_ssp585_baseline_2020s_hot_2027,all_occupied_hours,mean_operative_temp_c,warm_discomfort_probability,0.9194389292178311,4437
ahmedabad_ssp585_baseline_2020s_hot_2027,all_occupied_hours,mean_operative_temp_c,cold_discomfort_probability,-0.9296829468374413,4437
ahmedabad_ssp585_baseline_2020s_hot_2027,all_occupied_hours,zone_cooling_rate_w,discomfort_probability,0.33066881462378883,4437
ahmedabad_ssp585_baseline_2020s_hot_2027,outdoor_temp_ge_20_c,outdoor_temp_c,mean_operative_temp_c,0.4079699194331291,3977
ahmedabad_ssp585_baseline_2020s_hot_2027,outdoor_temp_ge_20_c,mean_operative_temp_c,discomfort_probability,0.9281230971476498,3977
ahmedabad_ssp585_baseline_2020s_hot_2027,outdoor_temp_ge_20_c,mean_operative_temp_c,warm_discomfort_probability,0.9404054067890497,3977
ahmedabad_ssp585_baseline_2020s_hot_2027,outdoor_temp_ge_20_c,mean_operative_temp_c,cold_discomfort_probability,-0.9475623745595871,3977
ahmedabad_ssp585_baseline_2020s_hot_2027,outdoor_temp_ge_20_c,zone_cooling_rate_w,discomfort_probability,0.22662293348096704,3977
ahmedabad_ssp585_baseline_2020s_hot_2027,outdoor_temp_ge_25_c,outdoor_temp_c,mean_operative_temp_c,0.2160540277473368,3455
ahmedabad_ssp585_baseline_2020s_hot_2027,outdoor_temp_ge_25_c,mean_operative_temp_c,discomfort_probability,0.9461544390460414,3455
ahmedabad_ssp585_baseline_2020s_hot_2027,outdoor_temp_ge_25_c,mean_operative_temp_c,warm_discomfort_probability,0.958324728103136,3455
ahmedabad_ssp585_baseline_2020s_hot_2027,outdoor_temp_ge_25_c,mean_operative_temp_c,cold_discomfort_probability,-0.965955365825833,3455
ahmedabad_ssp585_baseline_2020s_hot_2027,outdoor_temp_ge_25_c,zone_cooling_rate_w,discomfort_probability,0.12917726032295634,3455
ahmedabad_ssp585_baseline_2020s_hot_2027,may_through_september,outdoor_temp_c,mean_operative_temp_c,-0.04716832880320576,1853
ahmedabad_ssp585_baseline_2020s_hot_2027,may_through_september,mean_operative_temp_c,discomfort_probability,0.9819812571748724,1853
ahmedabad_ssp585_baseline_2020s_hot_2027,may_through_september,mean_operative_temp_c,warm_discomfort_probability,0.9869746135156273,1853
ahmedabad_ssp585_baseline_2020s_hot_2027,may_through_september,mean_operative_temp_c,cold_discomfort_probability,-0.9893026744953928,1853
ahmedabad_ssp585_baseline_2020s_hot_2027,may_through_september,zone_cooling_rate_w,discomfort_probability,-0.05615151100184396,1853
ahmedabad_ssp585_baseline_2020s_typical_2025,all_occupied_hours,outdoor_temp_c,mean_operative_temp_c,0.5657644510029495,4437
ahmedabad_ssp585_baseline_2020s_typical_2025,all_occupied_hours,mean_operative_temp_c,discomfort_probability,0.9114083643161357,4437
ahmedabad_ssp585_baseline_2020s_typical_2025,all_occupied_hours,mean_operative_temp_c,warm_discomfort_probability,0.9275697784046136,4437
ahmedabad_ssp585_baseline_2020s_typical_2025,all_occupied_hours,mean_operative_temp_c,cold_discomfort_probability,-0.9079408255895778,4437
ahmedabad_ssp585_baseline_2020s_typical_2025,all_occupied_hours,zone_cooling_rate_w,discomfort_probability,0.48826537899442884,4437
ahmedabad_ssp585_baseline_2020s_typical_2025,outdoor_temp_ge_20_c,outdoor_temp_c,mean_operative_temp_c,0.46242489815566196,3999
ahmedabad_ssp585_baseline_2020s_typical_2025,outdoor_temp_ge_20_c,mean_operative_temp_c,discomfort_probability,0.925948480047033,3999
ahmedabad_ssp585_baseline_2020s_typical_2025,outdoor_temp_ge_20_c,mean_operative_temp_c,warm_discomfort_probability,0.9414802942219466,3999
ahmedabad_ssp585_baseline_2020s_typical_2025,outdoor_temp_ge_20_c,mean_operative_temp_c,cold_discomfort_probability,-0.9205677877466062,3999
ahmedabad_ssp585_baseline_2020s_typical_2025,outdoor_temp_ge_20_c,zone_cooling_rate_w,discomfort_probability,0.42010815304690124,3999
ahmedabad_ssp585_baseline_2020s_typical_2025,outdoor_temp_ge_25_c,outdoor_temp_c,mean_operative_temp_c,0.35024084496565405,3361
ahmedabad_ssp585_baseline_2020s_typical_2025,outdoor_temp_ge_25_c,mean_operative_temp_c,discomfort_probability,0.9383661176005986,3361
ahmedabad_ssp585_baseline_2020s_typical_2025,outdoor_temp_ge_25_c,mean_operative_temp_c,warm_discomfort_probability,0.9539261438052492,3361
ahmedabad_ssp585_baseline_2020s_typical_2025,outdoor_temp_ge_25_c,mean_operative_temp_c,cold_discomfort_probability,-0.9377423147706733,3361
ahmedabad_ssp585_baseline_2020s_typical_2025,outdoor_temp_ge_25_c,zone_cooling_rate_w,discomfort_probability,0.35280074417024687,3361
ahmedabad_ssp585_baseline_2020s_typical_2025,may_through_september,outdoor_temp_c,mean_operative_temp_c,0.34695230143579975,1853
ahmedabad_ssp585_baseline_2020s_typical_2025,may_through_september,mean_operative_temp_c,discomfort_probability,0.9832684731084165,1853
ahmedabad_ssp585_baseline_2020s_typical_2025,may_through_september,mean_operative_temp_c,warm_discomfort_probability,0.990499544251927,1853
ahmedabad_ssp585_baseline_2020s_typical_2025,may_through_september,mean_operative_temp_c,cold_discomfort_probability,-0.9567671394417216,1853
ahmedabad_ssp585_baseline_2020s_typical_2025,may_through_september,zone_cooling_rate_w,discomfort_probability,0.18725606547015355,1853
ahmedabad_ssp585_late_2080s_heatwave_extreme_2088,all_occupied_hours,outdoor_temp_c,mean_operative_temp_c,0.6485240540816282,4437
ahmedabad_ssp585_late_2080s_heatwave_extreme_2088,all_occupied_hours,mean_operative_temp_c,discomfort_probability,0.977049617994172,4437
ahmedabad_ssp585_late_2080s_heatwave_extreme_2088,all_occupied_hours,mean_operative_temp_c,warm_discomfort_probability,0.9821578919025028,4437
ahmedabad_ssp585_late_2080s_heatwave_extreme_2088,all_occupied_hours,mean_operative_temp_c,cold_discomfort_probability,-0.9466819631116046,4437
ahmedabad_ssp585_late_2080s_heatwave_extreme_2088,all_occupied_hours,zone_cooling_rate_w,discomfort_probability,0.26766986753149363,4437
ahmedabad_ssp585_late_2080s_heatwave_extreme_2088,outdoor_temp_ge_20_c,outdoor_temp_c,mean_operative_temp_c,0.6186093436812858,4265
ahmedabad_ssp585_late_2080s_heatwave_extreme_2088,outdoor_temp_ge_20_c,mean_operative_temp_c,discomfort_probability,0.9764348964269428,4265
ahmedabad_ssp585_late_2080s_heatwave_extreme_2088,outdoor_temp_ge_20_c,mean_operative_temp_c,warm_discomfort_probability,0.9820532495962612,4265
ahmedabad_ssp585_late_2080s_heatwave_extreme_2088,outdoor_temp_ge_20_c,mean_operative_temp_c,cold_discomfort_probability,-0.9509832497124151,4265
ahmedabad_ssp585_late_2080s_heatwave_extreme_2088,outdoor_temp_ge_20_c,zone_cooling_rate_w,discomfort_probability,0.21358922418731446,4265
ahmedabad_ssp585_late_2080s_heatwave_extreme_2088,outdoor_temp_ge_25_c,outdoor_temp_c,mean_operative_temp_c,0.5517175180186704,3742
ahmedabad_ssp585_late_2080s_heatwave_extreme_2088,outdoor_temp_ge_25_c,mean_operative_temp_c,discomfort_probability,0.9758780517166962,3742
ahmedabad_ssp585_late_2080s_heatwave_extreme_2088,outdoor_temp_ge_25_c,mean_operative_temp_c,warm_discomfort_probability,0.9812644469763978,3742
ahmedabad_ssp585_late_2080s_heatwave_extreme_2088,outdoor_temp_ge_25_c,mean_operative_temp_c,cold_discomfort_probability,-0.9634702113345314,3742
ahmedabad_ssp585_late_2080s_heatwave_extreme_2088,outdoor_temp_ge_25_c,zone_cooling_rate_w,discomfort_probability,0.13414938512877128,3742
ahmedabad_ssp585_late_2080s_heatwave_extreme_2088,may_through_september,outdoor_temp_c,mean_operative_temp_c,0.6741383445316503,1853
ahmedabad_ssp585_late_2080s_heatwave_extreme_2088,may_through_september,mean_operative_temp_c,discomfort_probability,0.9526807585927185,1853
ahmedabad_ssp585_late_2080s_heatwave_extreme_2088,may_through_september,mean_operative_temp_c,warm_discomfort_probability,0.9601005327167914,1853
ahmedabad_ssp585_late_2080s_heatwave_extreme_2088,may_through_september,mean_operative_temp_c,cold_discomfort_probability,-0.986242581990153,1853
ahmedabad_ssp585_late_2080s_heatwave_extreme_2088,may_through_september,zone_cooling_rate_w,discomfort_probability,0.06359288049352534,1853
ahmedabad_ssp585_late_2080s_hot_2088,all_occupied_hours,outdoor_temp_c,mean_operative_temp_c,0.6485240540816282,4437
ahmedabad_ssp585_late_2080s_hot_2088,all_occupied_hours,mean_operative_temp_c,discomfort_probability,0.977049617994172,4437
ahmedabad_ssp585_late_2080s_hot_2088,all_occupied_hours,mean_operative_temp_c,warm_discomfort_probability,0.9821578919025028,4437
ahmedabad_ssp585_late_2080s_hot_2088,all_occupied_hours,mean_operative_temp_c,cold_discomfort_probability,-0.9466819631116046,4437
ahmedabad_ssp585_late_2080s_hot_2088,all_occupied_hours,zone_cooling_rate_w,discomfort_probability,0.26766986753149363,4437
ahmedabad_ssp585_late_2080s_hot_2088,outdoor_temp_ge_20_c,outdoor_temp_c,mean_operative_temp_c,0.6186093436812858,4265
ahmedabad_ssp585_late_2080s_hot_2088,outdoor_temp_ge_20_c,mean_operative_temp_c,discomfort_probability,0.9764348964269428,4265
ahmedabad_ssp585_late_2080s_hot_2088,outdoor_temp_ge_20_c,mean_operative_temp_c,warm_discomfort_probability,0.9820532495962612,4265
ahmedabad_ssp585_late_2080s_hot_2088,outdoor_temp_ge_20_c,mean_operative_temp_c,cold_discomfort_probability,-0.9509832497124151,4265
ahmedabad_ssp585_late_2080s_hot_2088,outdoor_temp_ge_20_c,zone_cooling_rate_w,discomfort_probability,0.21358922418731446,4265
ahmedabad_ssp585_late_2080s_hot_2088,outdoor_temp_ge_25_c,outdoor_temp_c,mean_operative_temp_c,0.5517175180186704,3742
ahmedabad_ssp585_late_2080s_hot_2088,outdoor_temp_ge_25_c,mean_operative_temp_c,discomfort_probability,0.9758780517166962,3742
ahmedabad_ssp585_late_2080s_hot_2088,outdoor_temp_ge_25_c,mean_operative_temp_c,warm_discomfort_probability,0.9812644469763978,3742
ahmedabad_ssp585_late_2080s_hot_2088,outdoor_temp_ge_25_c,mean_operative_temp_c,cold_discomfort_probability,-0.9634702113345314,3742
ahmedabad_ssp585_late_2080s_hot_2088,outdoor_temp_ge_25_c,zone_cooling_rate_w,discomfort_probability,0.13414938512877128,3742
ahmedabad_ssp585_late_2080s_hot_2088,may_through_september,outdoor_temp_c,mean_operative_temp_c,0.6741383445316503,1853
ahmedabad_ssp585_late_2080s_hot_2088,may_through_september,mean_operative_temp_c,discomfort_probability,0.9526807585927185,1853
ahmedabad_ssp585_late_2080s_hot_2088,may_through_september,mean_operative_temp_c,warm_discomfort_probability,0.9601005327167914,1853
ahmedabad_ssp585_late_2080s_hot_2088,may_through_september,mean_operative_temp_c,cold_discomfort_probability,-0.986242581990153,1853
ahmedabad_ssp585_late_2080s_hot_2088,may_through_september,zone_cooling_rate_w,discomfort_probability,0.06359288049352534,1853
ahmedabad_ssp585_late_2080s_typical_2087,all_occupied_hours,outdoor_temp_c,mean_operative_temp_c,0.6009284486084471,4437
ahmedabad_ssp585_late_2080s_typical_2087,all_occupied_hours,mean_operative_temp_c,discomfort_probability,0.9514304092756305,4437
ahmedabad_ssp585_late_2080s_typical_2087,all_occupied_hours,mean_operative_temp_c,warm_discomfort_probability,0.9557936811317894,4437
ahmedabad_ssp585_late_2080s_typical_2087,all_occupied_hours,mean_operative_temp_c,cold_discomfort_probability,-0.9107655404577859,4437
ahmedabad_ssp585_late_2080s_typical_2087,all_occupied_hours,zone_cooling_rate_w,discomfort_probability,0.47622825285119663,4437
ahmedabad_ssp585_late_2080s_typical_2087,outdoor_temp_ge_20_c,outdoor_temp_c,mean_operative_temp_c,0.5480672309738648,4165
ahmedabad_ssp585_late_2080s_typical_2087,outdoor_temp_ge_20_c,mean_operative_temp_c,discomfort_probability,0.9592612453427127,4165
ahmedabad_ssp585_late_2080s_typical_2087,outdoor_temp_ge_20_c,mean_operative_temp_c,warm_discomfort_probability,0.9642545238577013,4165
ahmedabad_ssp585_late_2080s_typical_2087,outdoor_temp_ge_20_c,mean_operative_temp_c,cold_discomfort_probability,-0.9240085253516401,4165
ahmedabad_ssp585_late_2080s_typical_2087,outdoor_temp_ge_20_c,zone_cooling_rate_w,discomfort_probability,0.4325846636778263,4165
ahmedabad_ssp585_late_2080s_typical_2087,outdoor_temp_ge_25_c,outdoor_temp_c,mean_operative_temp_c,0.496533139482976,3648
ahmedabad_ssp585_late_2080s_typical_2087,outdoor_temp_ge_25_c,mean_operative_temp_c,discomfort_probability,0.9640486437882655,3648
ahmedabad_ssp585_late_2080s_typical_2087,outdoor_temp_ge_25_c,mean_operative_temp_c,warm_discomfort_probability,0.9698666813735327,3648
ahmedabad_ssp585_late_2080s_typical_2087,outdoor_temp_ge_25_c,mean_operative_temp_c,cold_discomfort_probability,-0.9423920791344287,3648
ahmedabad_ssp585_late_2080s_typical_2087,outdoor_temp_ge_25_c,zone_cooling_rate_w,discomfort_probability,0.3761007294925271,3648
ahmedabad_ssp585_late_2080s_typical_2087,may_through_september,outdoor_temp_c,mean_operative_temp_c,0.6134250678457432,1853
ahmedabad_ssp585_late_2080s_typical_2087,may_through_september,mean_operative_temp_c,discomfort_probability,0.9919845143598462,1853
ahmedabad_ssp585_late_2080s_typical_2087,may_through_september,mean_operative_temp_c,warm_discomfort_probability,0.9942760058867972,1853
ahmedabad_ssp585_late_2080s_typical_2087,may_through_september,mean_operative_temp_c,cold_discomfort_probability,-0.9527023124255477,1853
ahmedabad_ssp585_late_2080s_typical_2087,may_through_september,zone_cooling_rate_w,discomfort_probability,0.2920267552761001,1853
ahmedabad_ssp585_mid_2050s_heatwave_extreme_2051,all_occupied_hours,outdoor_temp_c,mean_operative_temp_c,0.5966576362860414,4437
ahmedabad_ssp585_mid_2050s_heatwave_extreme_2051,all_occupied_hours,mean_operative_temp_c,discomfort_probability,0.9211634202816505,4437
ahmedabad_ssp585_mid_2050s_heatwave_extreme_2051,all_occupied_hours,mean_operative_temp_c,warm_discomfort_probability,0.9319830651529519,4437
ahmedabad_ssp585_mid_2050s_heatwave_extreme_2051,all_occupied_hours,mean_operative_temp_c,cold_discomfort_probability,-0.9119744545575792,4437
ahmedabad_ssp585_mid_2050s_heatwave_extreme_2051,all_occupied_hours,zone_cooling_rate_w,discomfort_probability,0.4384206519192901,4437
ahmedabad_ssp585_mid_2050s_heatwave_extreme_2051,outdoor_temp_ge_20_c,outdoor_temp_c,mean_operative_temp_c,0.5005824449965419,4017
ahmedabad_ssp585_mid_2050s_heatwave_extreme_2051,outdoor_temp_ge_20_c,mean_operative_temp_c,discomfort_probability,0.9374842100478409,4017
ahmedabad_ssp585_mid_2050s_heatwave_extreme_2051,outdoor_temp_ge_20_c,mean_operative_temp_c,warm_discomfort_probability,0.9496392812995906,4017
ahmedabad_ssp585_mid_2050s_heatwave_extreme_2051,outdoor_temp_ge_20_c,mean_operative_temp_c,cold_discomfort_probability,-0.9361341683180922,4017
ahmedabad_ssp585_mid_2050s_heatwave_extreme_2051,outdoor_temp_ge_20_c,zone_cooling_rate_w,discomfort_probability,0.36699930657986274,4017
ahmedabad_ssp585_mid_2050s_heatwave_extreme_2051,outdoor_temp_ge_25_c,outdoor_temp_c,mean_operative_temp_c,0.37478705777074733,3448
ahmedabad_ssp585_mid_2050s_heatwave_extreme_2051,outdoor_temp_ge_25_c,mean_operative_temp_c,discomfort_probability,0.9462862740093279,3448
ahmedabad_ssp585_mid_2050s_heatwave_extreme_2051,outdoor_temp_ge_25_c,mean_operative_temp_c,warm_discomfort_probability,0.9593513102464667,3448
ahmedabad_ssp585_mid_2050s_heatwave_extreme_2051,outdoor_temp_ge_25_c,mean_operative_temp_c,cold_discomfort_probability,-0.9546581691727333,3448
ahmedabad_ssp585_mid_2050s_heatwave_extreme_2051,outdoor_temp_ge_25_c,zone_cooling_rate_w,discomfort_probability,0.2956112270053693,3448
ahmedabad_ssp585_mid_2050s_heatwave_extreme_2051,may_through_september,outdoor_temp_c,mean_operative_temp_c,0.4163648767316646,1853
ahmedabad_ssp585_mid_2050s_heatwave_extreme_2051,may_through_september,mean_operative_temp_c,discomfort_probability,0.9894965695824567,1853
ahmedabad_ssp585_mid_2050s_heatwave_extreme_2051,may_through_september,mean_operative_temp_c,warm_discomfort_probability,0.9928958332147474,1853
ahmedabad_ssp585_mid_2050s_heatwave_extreme_2051,may_through_september,mean_operative_temp_c,cold_discomfort_probability,-0.9733048953793145,1853
ahmedabad_ssp585_mid_2050s_heatwave_extreme_2051,may_through_september,zone_cooling_rate_w,discomfort_probability,0.1466946068098602,1853
ahmedabad_ssp585_mid_2050s_hot_2050,all_occupied_hours,outdoor_temp_c,mean_operative_temp_c,0.6141316383889021,4437
ahmedabad_ssp585_mid_2050s_hot_2050,all_occupied_hours,mean_operative_temp_c,discomfort_probability,0.9353349056869976,4437
ahmedabad_ssp585_mid_2050s_hot_2050,all_occupied_hours,mean_operative_temp_c,warm_discomfort_probability,0.9487830142641854,4437
ahmedabad_ssp585_mid_2050s_hot_2050,all_occupied_hours,mean_operative_temp_c,cold_discomfort_probability,-0.9375503660538369,4437
ahmedabad_ssp585_mid_2050s_hot_2050,all_occupied_hours,zone_cooling_rate_w,discomfort_probability,0.453703650578047,4437
ahmedabad_ssp585_mid_2050s_hot_2050,outdoor_temp_ge_20_c,outdoor_temp_c,mean_operative_temp_c,0.5348058469220337,4062
ahmedabad_ssp585_mid_2050s_hot_2050,outdoor_temp_ge_20_c,mean_operative_temp_c,discomfort_probability,0.94189608631082,4062
ahmedabad_ssp585_mid_2050s_hot_2050,outdoor_temp_ge_20_c,mean_operative_temp_c,warm_discomfort_probability,0.9552272532984588,4062
ahmedabad_ssp585_mid_2050s_hot_2050,outdoor_temp_ge_20_c,mean_operative_temp_c,cold_discomfort_probability,-0.9451481132114113,4062
ahmedabad_ssp585_mid_2050s_hot_2050,outdoor_temp_ge_20_c,zone_cooling_rate_w,discomfort_probability,0.37872694399417006,4062
ahmedabad_ssp585_mid_2050s_hot_2050,outdoor_temp_ge_25_c,outdoor_temp_c,mean_operative_temp_c,0.43403940237198696,3447
ahmedabad_ssp585_mid_2050s_hot_2050,outdoor_temp_ge_25_c,mean_operative_temp_c,discomfort_probability,0.9495191549563788,3447
ahmedabad_ssp585_mid_2050s_hot_2050,outdoor_temp_ge_25_c,mean_operative_temp_c,warm_discomfort_probability,0.96226049050978,3447
ahmedabad_ssp585_mid_2050s_hot_2050,outdoor_temp_ge_25_c,mean_operative_temp_c,cold_discomfort_probability,-0.9575996799868983,3447
ahmedabad_ssp585_mid_2050s_hot_2050,outdoor_temp_ge_25_c,zone_cooling_rate_w,discomfort_probability,0.30258867108992277,3447
ahmedabad_ssp585_mid_2050s_hot_2050,may_through_september,outdoor_temp_c,mean_operative_temp_c,0.5357035917967334,1853
ahmedabad_ssp585_mid_2050s_hot_2050,may_through_september,mean_operative_temp_c,discomfort_probability,0.9879082444402932,1853
ahmedabad_ssp585_mid_2050s_hot_2050,may_through_september,mean_operative_temp_c,warm_discomfort_probability,0.9932524132842162,1853
ahmedabad_ssp585_mid_2050s_hot_2050,may_through_september,mean_operative_temp_c,cold_discomfort_probability,-0.9710196481476763,1853
ahmedabad_ssp585_mid_2050s_hot_2050,may_through_september,zone_cooling_rate_w,discomfort_probability,0.2050692034211242,1853
ahmedabad_ssp585_mid_2050s_typical_2055,all_occupied_hours,outdoor_temp_c,mean_operative_temp_c,0.5577029350188556,4437
ahmedabad_ssp585_mid_2050s_typical_2055,all_occupied_hours,mean_operative_temp_c,discomfort_probability,0.8801326510710094,4437
ahmedabad_ssp585_mid_2050s_typical_2055,all_occupied_hours,mean_operative_temp_c,warm_discomfort_probability,0.8989130463679493,4437
ahmedabad_ssp585_mid_2050s_typical_2055,all_occupied_hours,mean_operative_temp_c,cold_discomfort_probability,-0.8671382362621326,4437
ahmedabad_ssp585_mid_2050s_typical_2055,all_occupied_hours,zone_cooling_rate_w,discomfort_probability,0.5763702732912849,4437
ahmedabad_ssp585_mid_2050s_typical_2055,outdoor_temp_ge_20_c,outdoor_temp_c,mean_operative_temp_c,0.47596525012192004,4028
ahmedabad_ssp585_mid_2050s_typical_2055,outdoor_temp_ge_20_c,mean_operative_temp_c,discomfort_probability,0.9117543387747313,4028
ahmedabad_ssp585_mid_2050s_typical_2055,outdoor_temp_ge_20_c,mean_operative_temp_c,warm_discomfort_probability,0.9282904473386623,4028
ahmedabad_ssp585_mid_2050s_typical_2055,outdoor_temp_ge_20_c,mean_operative_temp_c,cold_discomfort_probability,-0.8838413725182394,4028
ahmedabad_ssp585_mid_2050s_typical_2055,outdoor_temp_ge_20_c,zone_cooling_rate_w,discomfort_probability,0.5611879797495282,4028
ahmedabad_ssp585_mid_2050s_typical_2055,outdoor_temp_ge_25_c,outdoor_temp_c,mean_operative_temp_c,0.4351070146303272,3361
ahmedabad_ssp585_mid_2050s_typical_2055,outdoor_temp_ge_25_c,mean_operative_temp_c,discomfort_probability,0.9304310570737427,3361
ahmedabad_ssp585_mid_2050s_typical_2055,outdoor_temp_ge_25_c,mean_operative_temp_c,warm_discomfort_probability,0.9467262403196124,3361
ahmedabad_ssp585_mid_2050s_typical_2055,outdoor_temp_ge_25_c,mean_operative_temp_c,cold_discomfort_probability,-0.9032448090620868,3361
ahmedabad_ssp585_mid_2050s_typical_2055,outdoor_temp_ge_25_c,zone_cooling_rate_w,discomfort_probability,0.5408217587766756,3361
ahmedabad_ssp585_mid_2050s_typical_2055,may_through_september,outdoor_temp_c,mean_operative_temp_c,0.5035094190397709,1853
ahmedabad_ssp585_mid_2050s_typical_2055,may_through_september,mean_operative_temp_c,discomfort_probability,0.9788967710157471,1853
ahmedabad_ssp585_mid_2050s_typical_2055,may_through_september,mean_operative_temp_c,warm_discomfort_probability,0.9873913922809898,1853
ahmedabad_ssp585_mid_2050s_typical_2055,may_through_september,mean_operative_temp_c,cold_discomfort_probability,-0.8782338793642459,1853
ahmedabad_ssp585_mid_2050s_typical_2055,may_through_september,zone_cooling_rate_w,discomfort_probability,0.43927073126339417,1853
ahmedabad_ssp585_near_2030s_heatwave_extreme_2037,all_occupied_hours,outdoor_temp_c,mean_operative_temp_c,0.5565944028156287,4437
ahmedabad_ssp585_near_2030s_heatwave_extreme_2037,all_occupied_hours,mean_operative_temp_c,discomfort_probability,0.8814968173142732,4437
ahmedabad_ssp585_near_2030s_heatwave_extreme_2037,all_occupied_hours,mean_operative_temp_c,warm_discomfort_probability,0.9027791447734207,4437
ahmedabad_ssp585_near_2030s_heatwave_extreme_2037,all_occupied_hours,mean_operative_temp_c,cold_discomfort_probability,-0.9193006077678063,4437
ahmedabad_ssp585_near_2030s_heatwave_extreme_2037,all_occupied_hours,zone_cooling_rate_w,discomfort_probability,0.4774468375483248,4437
ahmedabad_ssp585_near_2030s_heatwave_extreme_2037,outdoor_temp_ge_20_c,outdoor_temp_c,mean_operative_temp_c,0.4292914960742975,3963
ahmedabad_ssp585_near_2030s_heatwave_extreme_2037,outdoor_temp_ge_20_c,mean_operative_temp_c,discomfort_probability,0.9056158971140948,3963
ahmedabad_ssp585_near_2030s_heatwave_extreme_2037,outdoor_temp_ge_20_c,mean_operative_temp_c,warm_discomfort_probability,0.9239586429705242,3963
ahmedabad_ssp585_near_2030s_heatwave_extreme_2037,outdoor_temp_ge_20_c,mean_operative_temp_c,cold_discomfort_probability,-0.9346046908715272,3963
ahmedabad_ssp585_near_2030s_heatwave_extreme_2037,outdoor_temp_ge_20_c,zone_cooling_rate_w,discomfort_probability,0.41611305191255754,3963
ahmedabad_ssp585_near_2030s_heatwave_extreme_2037,outdoor_temp_ge_25_c,outdoor_temp_c,mean_operative_temp_c,0.30670463207733284,3382
ahmedabad_ssp585_near_2030s_heatwave_extreme_2037,outdoor_temp_ge_25_c,mean_operative_temp_c,discomfort_probability,0.9286077899957963,3382
ahmedabad_ssp585_near_2030s_heatwave_extreme_2037,outdoor_temp_ge_25_c,mean_operative_temp_c,warm_discomfort_probability,0.9444019629115037,3382
ahmedabad_ssp585_near_2030s_heatwave_extreme_2037,outdoor_temp_ge_25_c,mean_operative_temp_c,cold_discomfort_probability,-0.9443488664394996,3382
ahmedabad_ssp585_near_2030s_heatwave_extreme_2037,outdoor_temp_ge_25_c,zone_cooling_rate_w,discomfort_probability,0.36565654330365754,3382
ahmedabad_ssp585_near_2030s_heatwave_extreme_2037,may_through_september,outdoor_temp_c,mean_operative_temp_c,0.3048609380095831,1853
ahmedabad_ssp585_near_2030s_heatwave_extreme_2037,may_through_september,mean_operative_temp_c,discomfort_probability,0.9853927537813384,1853
ahmedabad_ssp585_near_2030s_heatwave_extreme_2037,may_through_september,mean_operative_temp_c,warm_discomfort_probability,0.992460265023406,1853
ahmedabad_ssp585_near_2030s_heatwave_extreme_2037,may_through_september,mean_operative_temp_c,cold_discomfort_probability,-0.9564754297494169,1853
ahmedabad_ssp585_near_2030s_heatwave_extreme_2037,may_through_september,zone_cooling_rate_w,discomfort_probability,0.21387401955097846,1853
ahmedabad_ssp585_near_2030s_hot_2037,all_occupied_hours,outdoor_temp_c,mean_operative_temp_c,0.5565944028156287,4437
ahmedabad_ssp585_near_2030s_hot_2037,all_occupied_hours,mean_operative_temp_c,discomfort_probability,0.8814968173142732,4437
ahmedabad_ssp585_near_2030s_hot_2037,all_occupied_hours,mean_operative_temp_c,warm_discomfort_probability,0.9027791447734207,4437
ahmedabad_ssp585_near_2030s_hot_2037,all_occupied_hours,mean_operative_temp_c,cold_discomfort_probability,-0.9193006077678063,4437
ahmedabad_ssp585_near_2030s_hot_2037,all_occupied_hours,zone_cooling_rate_w,discomfort_probability,0.4774468375483248,4437
ahmedabad_ssp585_near_2030s_hot_2037,outdoor_temp_ge_20_c,outdoor_temp_c,mean_operative_temp_c,0.4292914960742975,3963
ahmedabad_ssp585_near_2030s_hot_2037,outdoor_temp_ge_20_c,mean_operative_temp_c,discomfort_probability,0.9056158971140948,3963
ahmedabad_ssp585_near_2030s_hot_2037,outdoor_temp_ge_20_c,mean_operative_temp_c,warm_discomfort_probability,0.9239586429705242,3963
ahmedabad_ssp585_near_2030s_hot_2037,outdoor_temp_ge_20_c,mean_operative_temp_c,cold_discomfort_probability,-0.9346046908715272,3963
ahmedabad_ssp585_near_2030s_hot_2037,outdoor_temp_ge_20_c,zone_cooling_rate_w,discomfort_probability,0.41611305191255754,3963
ahmedabad_ssp585_near_2030s_hot_2037,outdoor_temp_ge_25_c,outdoor_temp_c,mean_operative_temp_c,0.30670463207733284,3382
ahmedabad_ssp585_near_2030s_hot_2037,outdoor_temp_ge_25_c,mean_operative_temp_c,discomfort_probability,0.9286077899957963,3382
ahmedabad_ssp585_near_2030s_hot_2037,outdoor_temp_ge_25_c,mean_operative_temp_c,warm_discomfort_probability,0.9444019629115037,3382
ahmedabad_ssp585_near_2030s_hot_2037,outdoor_temp_ge_25_c,mean_operative_temp_c,cold_discomfort_probability,-0.9443488664394996,3382
ahmedabad_ssp585_near_2030s_hot_2037,outdoor_temp_ge_25_c,zone_cooling_rate_w,discomfort_probability,0.36565654330365754,3382
ahmedabad_ssp585_near_2030s_hot_2037,may_through_september,outdoor_temp_c,mean_operative_temp_c,0.3048609380095831,1853
ahmedabad_ssp585_near_2030s_hot_2037,may_through_september,mean_operative_temp_c,discomfort_probability,0.9853927537813384,1853
ahmedabad_ssp585_near_2030s_hot_2037,may_through_september,mean_operative_temp_c,warm_discomfort_probability,0.992460265023406,1853
ahmedabad_ssp585_near_2030s_hot_2037,may_through_september,mean_operative_temp_c,cold_discomfort_probability,-0.9564754297494169,1853
ahmedabad_ssp585_near_2030s_hot_2037,may_through_september,zone_cooling_rate_w,discomfort_probability,0.21387401955097846,1853
ahmedabad_ssp585_near_2030s_typical_2031,all_occupied_hours,outdoor_temp_c,mean_operative_temp_c,0.6488602060383708,4437
ahmedabad_ssp585_near_2030s_typical_2031,all_occupied_hours,mean_operative_temp_c,discomfort_probability,0.8559153553425403,4437
ahmedabad_ssp585_near_2030s_typical_2031,all_occupied_hours,mean_operative_temp_c,warm_discomfort_probability,0.8769824408722259,4437
ahmedabad_ssp585_near_2030s_typical_2031,all_occupied_hours,mean_operative_temp_c,cold_discomfort_probability,-0.8980482830875206,4437
ahmedabad_ssp585_near_2030s_typical_2031,all_occupied_hours,zone_cooling_rate_w,discomfort_probability,0.44584629046850877,4437
ahmedabad_ssp585_near_2030s_typical_2031,outdoor_temp_ge_20_c,outdoor_temp_c,mean_operative_temp_c,0.5237199137821381,3838
ahmedabad_ssp585_near_2030s_typical_2031,outdoor_temp_ge_20_c,mean_operative_temp_c,discomfort_probability,0.9070562054444874,3838
ahmedabad_ssp585_near_2030s_typical_2031,outdoor_temp_ge_20_c,mean_operative_temp_c,warm_discomfort_probability,0.9201836056140362,3838
ahmedabad_ssp585_near_2030s_typical_2031,outdoor_temp_ge_20_c,mean_operative_temp_c,cold_discomfort_probability,-0.9171857332277873,3838
ahmedabad_ssp585_near_2030s_typical_2031,outdoor_temp_ge_20_c,zone_cooling_rate_w,discomfort_probability,0.37953801892845734,3838
ahmedabad_ssp585_near_2030s_typical_2031,outdoor_temp_ge_25_c,outdoor_temp_c,mean_operative_temp_c,0.36811945352837383,3145
ahmedabad_ssp585_near_2030s_typical_2031,outdoor_temp_ge_25_c,mean_operative_temp_c,discomfort_probability,0.9391389019361309,3145
ahmedabad_ssp585_near_2030s_typical_2031,outdoor_temp_ge_25_c,mean_operative_temp_c,warm_discomfort_probability,0.9498813528350731,3145
ahmedabad_ssp585_near_2030s_typical_2031,outdoor_temp_ge_25_c,mean_operative_temp_c,cold_discomfort_probability,-0.9449337112388262,3145
ahmedabad_ssp585_near_2030s_typical_2031,outdoor_temp_ge_25_c,zone_cooling_rate_w,discomfort_probability,0.29378223212341925,3145
ahmedabad_ssp585_near_2030s_typical_2031,may_through_september,outdoor_temp_c,mean_operative_temp_c,0.356222492674206,1853
ahmedabad_ssp585_near_2030s_typical_2031,may_through_september,mean_operative_temp_c,discomfort_probability,0.9901093555843854,1853
ahmedabad_ssp585_near_2030s_typical_2031,may_through_september,mean_operative_temp_c,warm_discomfort_probability,0.9925539285579387,1853
ahmedabad_ssp585_near_2030s_typical_2031,may_through_september,mean_operative_temp_c,cold_discomfort_probability,-0.9655001453644306,1853
ahmedabad_ssp585_near_2030s_typical_2031,may_through_september,zone_cooling_rate_w,discomfort_probability,0.17781721689154875,1853
beijing_ssp245_baseline_2020s_heatwave_extreme_2025,all_occupied_hours,outdoor_temp_c,mean_operative_temp_c,0.9264288928981489,4437
beijing_ssp245_baseline_2020s_heatwave_extreme_2025,all_occupied_hours,mean_operative_temp_c,discomfort_probability,0.05295815855400721,4437
beijing_ssp245_baseline_2020s_heatwave_extreme_2025,all_occupied_hours,mean_operative_temp_c,warm_discomfort_probability,0.04095230258765711,4437
beijing_ssp245_baseline_2020s_heatwave_extreme_2025,all_occupied_hours,mean_operative_temp_c,cold_discomfort_probability,-0.046660601347428186,4437
beijing_ssp245_baseline_2020s_heatwave_extreme_2025,all_occupied_hours,zone_cooling_rate_w,discomfort_probability,0.042219651964960456,4437
beijing_ssp245_baseline_2020s_heatwave_extreme_2025,outdoor_temp_ge_20_c,outdoor_temp_c,mean_operative_temp_c,0.6496628584209567,1673
beijing_ssp245_baseline_2020s_heatwave_extreme_2025,outdoor_temp_ge_20_c,mean_operative_temp_c,discomfort_probability,0.8034288167219912,1673
beijing_ssp245_baseline_2020s_heatwave_extreme_2025,outdoor_temp_ge_20_c,mean_operative_temp_c,warm_discomfort_probability,0.8465546497543354,1673
beijing_ssp245_baseline_2020s_heatwave_extreme_2025,outdoor_temp_ge_20_c,mean_operative_temp_c,cold_discomfort_probability,-0.791997798268938,1673
beijing_ssp245_baseline_2020s_heatwave_extreme_2025,outdoor_temp_ge_20_c,zone_cooling_rate_w,discomfort_probability,0.48636586600178705,1673
beijing_ssp245_baseline_2020s_heatwave_extreme_2025,outdoor_temp_ge_25_c,outdoor_temp_c,mean_operative_temp_c,0.5533505840137792,999
beijing_ssp245_baseline_2020s_heatwave_extreme_2025,outdoor_temp_ge_25_c,mean_operative_temp_c,discomfort_probability,0.9247771727382007,999
beijing_ssp245_baseline_2020s_heatwave_extreme_2025,outdoor_temp_ge_25_c,mean_operative_temp_c,warm_discomfort_probability,0.9574099814856437,999
beijing_ssp245_baseline_2020s_heatwave_extreme_2025,outdoor_temp_ge_25_c,mean_operative_temp_c,cold_discomfort_probability,-0.9003536816535748,999
beijing_ssp245_baseline_2020s_heatwave_extreme_2025,outdoor_temp_ge_25_c,zone_cooling_rate_w,discomfort_probability,0.3889258829639034,999
beijing_ssp245_baseline_2020s_heatwave_extreme_2025,may_through_september,outdoor_temp_c,mean_operative_temp_c,0.7198904711192589,1853
beijing_ssp245_baseline_2020s_heatwave_extreme_2025,may_through_september,mean_operative_temp_c,discomfort_probability,0.8402460301577536,1853
beijing_ssp245_baseline_2020s_heatwave_extreme_2025,may_through_september,mean_operative_temp_c,warm_discomfort_probability,0.8785677111569956,1853
beijing_ssp245_baseline_2020s_heatwave_extreme_2025,may_through_september,mean_operative_temp_c,cold_discomfort_probability,-0.7954192018105171,1853
beijing_ssp245_baseline_2020s_heatwave_extreme_2025,may_through_september,zone_cooling_rate_w,discomfort_probability,0.5639145784464049,1853
beijing_ssp245_baseline_2020s_hot_2025,all_occupied_hours,outdoor_temp_c,mean_operative_temp_c,0.9264288928981489,4437
beijing_ssp245_baseline_2020s_hot_2025,all_occupied_hours,mean_operative_temp_c,discomfort_probability,0.05295815855400721,4437
beijing_ssp245_baseline_2020s_hot_2025,all_occupied_hours,mean_operative_temp_c,warm_discomfort_probability,0.04095230258765711,4437
beijing_ssp245_baseline_2020s_hot_2025,all_occupied_hours,mean_operative_temp_c,cold_discomfort_probability,-0.046660601347428186,4437
beijing_ssp245_baseline_2020s_hot_2025,all_occupied_hours,zone_cooling_rate_w,discomfort_probability,0.042219651964960456,4437
beijing_ssp245_baseline_2020s_hot_2025,outdoor_temp_ge_20_c,outdoor_temp_c,mean_operative_temp_c,0.6496628584209567,1673
beijing_ssp245_baseline_2020s_hot_2025,outdoor_temp_ge_20_c,mean_operative_temp_c,discomfort_probability,0.8034288167219912,1673
beijing_ssp245_baseline_2020s_hot_2025,outdoor_temp_ge_20_c,mean_operative_temp_c,warm_discomfort_probability,0.8465546497543354,1673
beijing_ssp245_baseline_2020s_hot_2025,outdoor_temp_ge_20_c,mean_operative_temp_c,cold_discomfort_probability,-0.791997798268938,1673
beijing_ssp245_baseline_2020s_hot_2025,outdoor_temp_ge_20_c,zone_cooling_rate_w,discomfort_probability,0.48636586600178705,1673
beijing_ssp245_baseline_2020s_hot_2025,outdoor_temp_ge_25_c,outdoor_temp_c,mean_operative_temp_c,0.5533505840137792,999
beijing_ssp245_baseline_2020s_hot_2025,outdoor_temp_ge_25_c,mean_operative_temp_c,discomfort_probability,0.9247771727382007,999
beijing_ssp245_baseline_2020s_hot_2025,outdoor_temp_ge_25_c,mean_operative_temp_c,warm_discomfort_probability,0.9574099814856437,999
beijing_ssp245_baseline_2020s_hot_2025,outdoor_temp_ge_25_c,mean_operative_temp_c,cold_discomfort_probability,-0.9003536816535748,999
beijing_ssp245_baseline_2020s_hot_2025,outdoor_temp_ge_25_c,zone_cooling_rate_w,discomfort_probability,0.3889258829639034,999
beijing_ssp245_baseline_2020s_hot_2025,may_through_september,outdoor_temp_c,mean_operative_temp_c,0.7198904711192589,1853
beijing_ssp245_baseline_2020s_hot_2025,may_through_september,mean_operative_temp_c,discomfort_probability,0.8402460301577536,1853
beijing_ssp245_baseline_2020s_hot_2025,may_through_september,mean_operative_temp_c,warm_discomfort_probability,0.8785677111569956,1853
beijing_ssp245_baseline_2020s_hot_2025,may_through_september,mean_operative_temp_c,cold_discomfort_probability,-0.7954192018105171,1853
beijing_ssp245_baseline_2020s_hot_2025,may_through_september,zone_cooling_rate_w,discomfort_probability,0.5639145784464049,1853
beijing_ssp245_baseline_2020s_typical_2026,all_occupied_hours,outdoor_temp_c,mean_operative_temp_c,0.9154251821738031,4437
beijing_ssp245_baseline_2020s_typical_2026,all_occupied_hours,mean_operative_temp_c,discomfort_probability,-0.3341430591366492,4437
beijing_ssp245_baseline_2020s_typical_2026,all_occupied_hours,mean_operative_temp_c,warm_discomfort_probability,-0.2879894632584926,4437
beijing_ssp245_baseline_2020s_typical_2026,all_occupied_hours,mean_operative_temp_c,cold_discomfort_probability,0.09243891559788762,4437
beijing_ssp245_baseline_2020s_typical_2026,all_occupied_hours,zone_cooling_rate_w,discomfort_probability,-0.26785034194970536,4437
beijing_ssp245_baseline_2020s_typical_2026,outdoor_temp_ge_20_c,outdoor_temp_c,mean_operative_temp_c,0.4670920327304798,1593
beijing_ssp245_baseline_2020s_typical_2026,outdoor_temp_ge_20_c,mean_operative_temp_c,discomfort_probability,0.7721050961043537,1593
beijing_ssp245_baseline_2020s_typical_2026,outdoor_temp_ge_20_c,mean_operative_temp_c,warm_discomfort_probability,0.8047764597804022,1593
beijing_ssp245_baseline_2020s_typical_2026,outdoor_temp_ge_20_c,mean_operative_temp_c,cold_discomfort_probability,-0.5972247053900301,1593
beijing_ssp245_baseline_2020s_typical_2026,outdoor_temp_ge_20_c,zone_cooling_rate_w,discomfort_probability,0.5822817493840079,1593
beijing_ssp245_baseline_2020s_typical_2026,outdoor_temp_ge_25_c,outdoor_temp_c,mean_operative_temp_c,0.41752413961892887,976
beijing_ssp245_baseline_2020s_typical_2026,outdoor_temp_ge_25_c,mean_operative_temp_c,discomfort_probability,0.8959212066688955,976
beijing_ssp245_baseline_2020s_typical_2026,outdoor_temp_ge_25_c,mean_operative_temp_c,warm_discomfort_probability,0.9372076993706151,976
beijing_ssp245_baseline_2020s_typical_2026,outdoor_temp_ge_25_c,mean_operative_temp_c,cold_discomfort_probability,-0.6449383975653188,976
beijing_ssp245_baseline_2020s_typical_2026,outdoor_temp_ge_25_c,zone_cooling_rate_w,discomfort_probability,0.6611663725974849,976
beijing_ssp245_baseline_2020s_typical_2026,may_through_september,outdoor_temp_c,mean_operative_temp_c,0.6030150327083679,1853
beijing_ssp245_baseline_2020s_typical_2026,may_through_september,mean_operative_temp_c,discomfort_probability,0.6267180040296069,1853
beijing_ssp245_baseline_2020s_typical_2026,may_through_september,mean_operative_temp_c,warm_discomfort_probability,0.6838973718465127,1853
beijing_ssp245_baseline_2020s_typical_2026,may_through_september,mean_operative_temp_c,cold_discomfort_probability,-0.6077955428442515,1853
beijing_ssp245_baseline_2020s_typical_2026,may_through_september,zone_cooling_rate_w,discomfort_probability,0.4791048998877279,1853
beijing_ssp245_late_2080s_heatwave_extreme_2084,all_occupied_hours,outdoor_temp_c,mean_operative_temp_c,0.9346177635744473,4437
beijing_ssp245_late_2080s_heatwave_extreme_2084,all_occupied_hours,mean_operative_temp_c,discomfort_probability,0.2670967707304598,4437
beijing_ssp245_late_2080s_heatwave_extreme_2084,all_occupied_hours,mean_operative_temp_c,warm_discomfort_probability,0.23297592022586752,4437
beijing_ssp245_late_2080s_heatwave_extreme_2084,all_occupied_hours,mean_operative_temp_c,cold_discomfort_probability,-0.1732306873799377,4437
beijing_ssp245_late_2080s_heatwave_extreme_2084,all_occupied_hours,zone_cooling_rate_w,discomfort_probability,0.16498617181165584,4437
beijing_ssp245_late_2080s_heatwave_extreme_2084,outdoor_temp_ge_20_c,outdoor_temp_c,mean_operative_temp_c,0.728741523905782,1932
beijing_ssp245_late_2080s_heatwave_extreme_2084,outdoor_temp_ge_20_c,mean_operative_temp_c,discomfort_probability,0.8942832975940368,1932
beijing_ssp245_late_2080s_heatwave_extreme_2084,outdoor_temp_ge_20_c,mean_operative_temp_c,warm_discomfort_probability,0.9107629478991869,1932
beijing_ssp245_late_2080s_heatwave_extreme_2084,outdoor_temp_ge_20_c,mean_operative_temp_c,cold_discomfort_probability,-0.868795798014005,1932
beijing_ssp245_late_2080s_heatwave_extreme_2084,outdoor_temp_ge_20_c,zone_cooling_rate_w,discomfort_probability,0.3449319297911618,1932
beijing_ssp245_late_2080s_heatwave_extreme_2084,outdoor_temp_ge_25_c,outdoor_temp_c,mean_operative_temp_c,0.6764955413733165,1325
beijing_ssp245_late_2080s_heatwave_extreme_2084,outdoor_temp_ge_25_c,mean_operative_temp_c,discomfort_probability,0.9601356099028037,1325
beijing_ssp245_late_2080s_heatwave_extreme_2084,outdoor_temp_ge_25_c,mean_operative_temp_c,warm_discomfort_probability,0.9771184854750874,1325
beijing_ssp245_late_2080s_heatwave_extreme_2084,outdoor_temp_ge_25_c,mean_operative_temp_c,cold_discomfort_probability,-0.9521519034442428,1325
beijing_ssp245_late_2080s_heatwave_extreme_2084,outdoor_temp_ge_25_c,zone_cooling_rate_w,discomfort_probability,0.1611243788049687,1325
beijing_ssp245_late_2080s_heatwave_extreme_2084,may_through_september,outdoor_temp_c,mean_operative_temp_c,0.735746269259939,1853
beijing_ssp245_late_2080s_heatwave_extreme_2084,may_through_september,mean_operative_temp_c,discomfort_probability,0.9240150412244628,1853
beijing_ssp245_late_2080s_heatwave_extreme_2084,may_through_september,mean_operative_temp_c,warm_discomfort_probability,0.9399222506909897,1853
beijing_ssp245_late_2080s_heatwave_extreme_2084,may_through_september,mean_operative_temp_c,cold_discomfort_probability,-0.8910471132012698,1853
beijing_ssp245_late_2080s_heatwave_extreme_2084,may_through_september,zone_cooling_rate_w,discomfort_probability,0.3735124860888583,1853
beijing_ssp245_late_2080s_hot_2084,all_occupied_hours,outdoor_temp_c,mean_operative_temp_c,0.9346177635744473,4437
beijing_ssp245_late_2080s_hot_2084,all_occupied_hours,mean_operative_temp_c,discomfort_probability,0.2670967707304598,4437
beijing_ssp245_late_2080s_hot_2084,all_occupied_hours,mean_operative_temp_c,warm_discomfort_probability,0.23297592022586752,4437
beijing_ssp245_late_2080s_hot_2084,all_occupied_hours,mean_operative_temp_c,cold_discomfort_probability,-0.1732306873799377,4437
beijing_ssp245_late_2080s_hot_2084,all_occupied_hours,zone_cooling_rate_w,discomfort_probability,0.16498617181165584,4437
beijing_ssp245_late_2080s_hot_2084,outdoor_temp_ge_20_c,outdoor_temp_c,mean_operative_temp_c,0.728741523905782,1932
beijing_ssp245_late_2080s_hot_2084,outdoor_temp_ge_20_c,mean_operative_temp_c,discomfort_probability,0.8942832975940368,1932
beijing_ssp245_late_2080s_hot_2084,outdoor_temp_ge_20_c,mean_operative_temp_c,warm_discomfort_probability,0.9107629478991869,1932
beijing_ssp245_late_2080s_hot_2084,outdoor_temp_ge_20_c,mean_operative_temp_c,cold_discomfort_probability,-0.868795798014005,1932
beijing_ssp245_late_2080s_hot_2084,outdoor_temp_ge_20_c,zone_cooling_rate_w,discomfort_probability,0.3449319297911618,1932
beijing_ssp245_late_2080s_hot_2084,outdoor_temp_ge_25_c,outdoor_temp_c,mean_operative_temp_c,0.6764955413733165,1325
beijing_ssp245_late_2080s_hot_2084,outdoor_temp_ge_25_c,mean_operative_temp_c,discomfort_probability,0.9601356099028037,1325
beijing_ssp245_late_2080s_hot_2084,outdoor_temp_ge_25_c,mean_operative_temp_c,warm_discomfort_probability,0.9771184854750874,1325
beijing_ssp245_late_2080s_hot_2084,outdoor_temp_ge_25_c,mean_operative_temp_c,cold_discomfort_probability,-0.9521519034442428,1325
beijing_ssp245_late_2080s_hot_2084,outdoor_temp_ge_25_c,zone_cooling_rate_w,discomfort_probability,0.1611243788049687,1325
beijing_ssp245_late_2080s_hot_2084,may_through_september,outdoor_temp_c,mean_operative_temp_c,0.735746269259939,1853
beijing_ssp245_late_2080s_hot_2084,may_through_september,mean_operative_temp_c,discomfort_probability,0.9240150412244628,1853
beijing_ssp245_late_2080s_hot_2084,may_through_september,mean_operative_temp_c,warm_discomfort_probability,0.9399222506909897,1853
beijing_ssp245_late_2080s_hot_2084,may_through_september,mean_operative_temp_c,cold_discomfort_probability,-0.8910471132012698,1853
beijing_ssp245_late_2080s_hot_2084,may_through_september,zone_cooling_rate_w,discomfort_probability,0.3735124860888583,1853
beijing_ssp245_late_2080s_typical_2083,all_occupied_hours,outdoor_temp_c,mean_operative_temp_c,0.9441282372032017,4437
beijing_ssp245_late_2080s_typical_2083,all_occupied_hours,mean_operative_temp_c,discomfort_probability,0.2645725508863566,4437
beijing_ssp245_late_2080s_typical_2083,all_occupied_hours,mean_operative_temp_c,warm_discomfort_probability,0.2567736388835041,4437
beijing_ssp245_late_2080s_typical_2083,all_occupied_hours,mean_operative_temp_c,cold_discomfort_probability,-0.2511413204222336,4437
beijing_ssp245_late_2080s_typical_2083,all_occupied_hours,zone_cooling_rate_w,discomfort_probability,0.19328953594341186,4437
beijing_ssp245_late_2080s_typical_2083,outdoor_temp_ge_20_c,outdoor_temp_c,mean_operative_temp_c,0.7338677642486208,1814
beijing_ssp245_late_2080s_typical_2083,outdoor_temp_ge_20_c,mean_operative_temp_c,discomfort_probability,0.9105208322774335,1814
beijing_ssp245_late_2080s_typical_2083,outdoor_temp_ge_20_c,mean_operative_temp_c,warm_discomfort_probability,0.9222777351786432,1814
beijing_ssp245_late_2080s_typical_2083,outdoor_temp_ge_20_c,mean_operative_temp_c,cold_discomfort_probability,-0.8824988269304473,1814
beijing_ssp245_late_2080s_typical_2083,outdoor_temp_ge_20_c,zone_cooling_rate_w,discomfort_probability,0.40215810630214827,1814
beijing_ssp245_late_2080s_typical_2083,outdoor_temp_ge_25_c,outdoor_temp_c,mean_operative_temp_c,0.6333826641587799,1298
beijing_ssp245_late_2080s_typical_2083,outdoor_temp_ge_25_c,mean_operative_temp_c,discomfort_probability,0.9712691469407341,1298
beijing_ssp245_late_2080s_typical_2083,outdoor_temp_ge_25_c,mean_operative_temp_c,warm_discomfort_probability,0.9840473999152245,1298
beijing_ssp245_late_2080s_typical_2083,outdoor_temp_ge_25_c,mean_operative_temp_c,cold_discomfort_probability,-0.9595317306116162,1298
beijing_ssp245_late_2080s_typical_2083,outdoor_temp_ge_25_c,zone_cooling_rate_w,discomfort_probability,0.27095659207561196,1298
beijing_ssp245_late_2080s_typical_2083,may_through_september,outdoor_temp_c,mean_operative_temp_c,0.7691652220272618,1853
beijing_ssp245_late_2080s_typical_2083,may_through_september,mean_operative_temp_c,discomfort_probability,0.9138686694230714,1853
beijing_ssp245_late_2080s_typical_2083,may_through_september,mean_operative_temp_c,warm_discomfort_probability,0.9309130986596756,1853
beijing_ssp245_late_2080s_typical_2083,may_through_september,mean_operative_temp_c,cold_discomfort_probability,-0.8983968122443158,1853
beijing_ssp245_late_2080s_typical_2083,may_through_september,zone_cooling_rate_w,discomfort_probability,0.4531793251172914,1853
beijing_ssp245_mid_2050s_heatwave_extreme_2050,all_occupied_hours,outdoor_temp_c,mean_operative_temp_c,0.9283329191872617,4437
beijing_ssp245_mid_2050s_heatwave_extreme_2050,all_occupied_hours,mean_operative_temp_c,discomfort_probability,0.27828037875689104,4437
beijing_ssp245_mid_2050s_heatwave_extreme_2050,all_occupied_hours,mean_operative_temp_c,warm_discomfort_probability,0.2587290822001503,4437
beijing_ssp245_mid_2050s_heatwave_extreme_2050,all_occupied_hours,mean_operative_temp_c,cold_discomfort_probability,-0.2044957581332684,4437
beijing_ssp245_mid_2050s_heatwave_extreme_2050,all_occupied_hours,zone_cooling_rate_w,discomfort_probability,0.1985144992249988,4437
beijing_ssp245_mid_2050s_heatwave_extreme_2050,outdoor_temp_ge_20_c,outdoor_temp_c,mean_operative_temp_c,0.6896587356846978,1871
beijing_ssp245_mid_2050s_heatwave_extreme_2050,outdoor_temp_ge_20_c,mean_operative_temp_c,discomfort_probability,0.8634235273301831,1871
beijing_ssp245_mid_2050s_heatwave_extreme_2050,outdoor_temp_ge_20_c,mean_operative_temp_c,warm_discomfort_probability,0.8884397397871387,1871
beijing_ssp245_mid_2050s_heatwave_extreme_2050,outdoor_temp_ge_20_c,mean_operative_temp_c,cold_discomfort_probability,-0.8694490127931118,1871
beijing_ssp245_mid_2050s_heatwave_extreme_2050,outdoor_temp_ge_20_c,zone_cooling_rate_w,discomfort_probability,0.3749062822548821,1871
beijing_ssp245_mid_2050s_heatwave_extreme_2050,outdoor_temp_ge_25_c,outdoor_temp_c,mean_operative_temp_c,0.6161292053803118,1305
beijing_ssp245_mid_2050s_heatwave_extreme_2050,outdoor_temp_ge_25_c,mean_operative_temp_c,discomfort_probability,0.9572237209310863,1305
beijing_ssp245_mid_2050s_heatwave_extreme_2050,outdoor_temp_ge_25_c,mean_operative_temp_c,warm_discomfort_probability,0.9777285822584523,1305
beijing_ssp245_mid_2050s_heatwave_extreme_2050,outdoor_temp_ge_25_c,mean_operative_temp_c,cold_discomfort_probability,-0.9531065859026662,1305
beijing_ssp245_mid_2050s_heatwave_extreme_2050,outdoor_temp_ge_25_c,zone_cooling_rate_w,discomfort_probability,0.2690250732355146,1305
beijing_ssp245_mid_2050s_heatwave_extreme_2050,may_through_september,outdoor_temp_c,mean_operative_temp_c,0.7213204302915365,1853
beijing_ssp245_mid_2050s_heatwave_extreme_2050,may_through_september,mean_operative_temp_c,discomfort_probability,0.862489469647274,1853
beijing_ssp245_mid_2050s_heatwave_extreme_2050,may_through_september,mean_operative_temp_c,warm_discomfort_probability,0.891676900038075,1853
beijing_ssp245_mid_2050s_heatwave_extreme_2050,may_through_september,mean_operative_temp_c,cold_discomfort_probability,-0.9011735514899558,1853
beijing_ssp245_mid_2050s_heatwave_extreme_2050,may_through_september,zone_cooling_rate_w,discomfort_probability,0.39059759911652164,1853
beijing_ssp245_mid_2050s_hot_2050,all_occupied_hours,outdoor_temp_c,mean_operative_temp_c,0.9283329191872617,4437
beijing_ssp245_mid_2050s_hot_2050,all_occupied_hours,mean_operative_temp_c,discomfort_probability,0.27828037875689104,4437
beijing_ssp245_mid_2050s_hot_2050,all_occupied_hours,mean_operative_temp_c,warm_discomfort_probability,0.2587290822001503,4437
beijing_ssp245_mid_2050s_hot_2050,all_occupied_hours,mean_operative_temp_c,cold_discomfort_probability,-0.2044957581332684,4437
beijing_ssp245_mid_2050s_hot_2050,all_occupied_hours,zone_cooling_rate_w,discomfort_probability,0.1985144992249988,4437
beijing_ssp245_mid_2050s_hot_2050,outdoor_temp_ge_20_c,outdoor_temp_c,mean_operative_temp_c,0.6896587356846978,1871
beijing_ssp245_mid_2050s_hot_2050,outdoor_temp_ge_20_c,mean_operative_temp_c,discomfort_probability,0.8634235273301831,1871
beijing_ssp245_mid_2050s_hot_2050,outdoor_temp_ge_20_c,mean_operative_temp_c,warm_discomfort_probability,0.8884397397871387,1871
beijing_ssp245_mid_2050s_hot_2050,outdoor_temp_ge_20_c,mean_operative_temp_c,cold_discomfort_probability,-0.8694490127931118,1871
beijing_ssp245_mid_2050s_hot_2050,outdoor_temp_ge_20_c,zone_cooling_rate_w,discomfort_probability,0.3749062822548821,1871
beijing_ssp245_mid_2050s_hot_2050,outdoor_temp_ge_25_c,outdoor_temp_c,mean_operative_temp_c,0.6161292053803118,1305
beijing_ssp245_mid_2050s_hot_2050,outdoor_temp_ge_25_c,mean_operative_temp_c,discomfort_probability,0.9572237209310863,1305
beijing_ssp245_mid_2050s_hot_2050,outdoor_temp_ge_25_c,mean_operative_temp_c,warm_discomfort_probability,0.9777285822584523,1305
beijing_ssp245_mid_2050s_hot_2050,outdoor_temp_ge_25_c,mean_operative_temp_c,cold_discomfort_probability,-0.9531065859026662,1305
beijing_ssp245_mid_2050s_hot_2050,outdoor_temp_ge_25_c,zone_cooling_rate_w,discomfort_probability,0.2690250732355146,1305
beijing_ssp245_mid_2050s_hot_2050,may_through_september,outdoor_temp_c,mean_operative_temp_c,0.7213204302915365,1853
beijing_ssp245_mid_2050s_hot_2050,may_through_september,mean_operative_temp_c,discomfort_probability,0.862489469647274,1853
beijing_ssp245_mid_2050s_hot_2050,may_through_september,mean_operative_temp_c,warm_discomfort_probability,0.891676900038075,1853
beijing_ssp245_mid_2050s_hot_2050,may_through_september,mean_operative_temp_c,cold_discomfort_probability,-0.9011735514899558,1853
beijing_ssp245_mid_2050s_hot_2050,may_through_september,zone_cooling_rate_w,discomfort_probability,0.39059759911652164,1853
beijing_ssp245_mid_2050s_typical_2056,all_occupied_hours,outdoor_temp_c,mean_operative_temp_c,0.9247591802482802,4437
beijing_ssp245_mid_2050s_typical_2056,all_occupied_hours,mean_operative_temp_c,discomfort_probability,-0.029538225495543892,4437
beijing_ssp245_mid_2050s_typical_2056,all_occupied_hours,mean_operative_temp_c,warm_discomfort_probability,-0.006756067637774777,4437
beijing_ssp245_mid_2050s_typical_2056,all_occupied_hours,mean_operative_temp_c,cold_discomfort_probability,-0.07441448044245139,4437
beijing_ssp245_mid_2050s_typical_2056,all_occupied_hours,zone_cooling_rate_w,discomfort_probability,-0.027712456043591488,4437
beijing_ssp245_mid_2050s_typical_2056,outdoor_temp_ge_20_c,outdoor_temp_c,mean_operative_temp_c,0.48828488706183903,1740
beijing_ssp245_mid_2050s_typical_2056,outdoor_temp_ge_20_c,mean_operative_temp_c,discomfort_probability,0.8796120233701655,1740
beijing_ssp245_mid_2050s_typical_2056,outdoor_temp_ge_20_c,mean_operative_temp_c,warm_discomfort_probability,0.9018090337348958,1740
beijing_ssp245_mid_2050s_typical_2056,outdoor_temp_ge_20_c,mean_operative_temp_c,cold_discomfort_probability,-0.7627216125864342,1740
beijing_ssp245_mid_2050s_typical_2056,outdoor_temp_ge_20_c,zone_cooling_rate_w,discomfort_probability,0.5599772961779139,1740
beijing_ssp245_mid_2050s_typical_2056,outdoor_temp_ge_25_c,outdoor_temp_c,mean_operative_temp_c,0.3393230774055555,1206
beijing_ssp245_mid_2050s_typical_2056,outdoor_temp_ge_25_c,mean_operative_temp_c,discomfort_probability,0.93123515818282,1206
beijing_ssp245_mid_2050s_typical_2056,outdoor_temp_ge_25_c,mean_operative_temp_c,warm_discomfort_probability,0.9650331002262783,1206
beijing_ssp245_mid_2050s_typical_2056,outdoor_temp_ge_25_c,mean_operative_temp_c,cold_discomfort_probability,-0.8265626456744947,1206
beijing_ssp245_mid_2050s_typical_2056,outdoor_temp_ge_25_c,zone_cooling_rate_w,discomfort_probability,0.5335490443452688,1206
beijing_ssp245_mid_2050s_typical_2056,may_through_september,outdoor_temp_c,mean_operative_temp_c,0.5610087491138958,1853
beijing_ssp245_mid_2050s_typical_2056,may_through_september,mean_operative_temp_c,discomfort_probability,0.9080524607325642,1853
beijing_ssp245_mid_2050s_typical_2056,may_through_september,mean_operative_temp_c,warm_discomfort_probability,0.9256747624188306,1853
beijing_ssp245_mid_2050s_typical_2056,may_through_september,mean_operative_temp_c,cold_discomfort_probability,-0.7802704303042318,1853
beijing_ssp245_mid_2050s_typical_2056,may_through_september,zone_cooling_rate_w,discomfort_probability,0.613005806281894,1853
beijing_ssp245_near_2030s_heatwave_extreme_2039,all_occupied_hours,outdoor_temp_c,mean_operative_temp_c,0.9170042461136845,4437
beijing_ssp245_near_2030s_heatwave_extreme_2039,all_occupied_hours,mean_operative_temp_c,discomfort_probability,-0.3081850978983037,4437
beijing_ssp245_near_2030s_heatwave_extreme_2039,all_occupied_hours,mean_operative_temp_c,warm_discomfort_probability,-0.2465924186348271,4437
beijing_ssp245_near_2030s_heatwave_extreme_2039,all_occupied_hours,mean_operative_temp_c,cold_discomfort_probability,0.04875823716033135,4437
beijing_ssp245_near_2030s_heatwave_extreme_2039,all_occupied_hours,zone_cooling_rate_w,discomfort_probability,-0.2546053522268716,4437
beijing_ssp245_near_2030s_heatwave_extreme_2039,outdoor_temp_ge_20_c,outdoor_temp_c,mean_operative_temp_c,0.4193148236406827,1724
beijing_ssp245_near_2030s_heatwave_extreme_2039,outdoor_temp_ge_20_c,mean_operative_temp_c,discomfort_probability,0.6722521694335664,1724
beijing_ssp245_near_2030s_heatwave_extreme_2039,outdoor_temp_ge_20_c,mean_operative_temp_c,warm_discomfort_probability,0.7204693069940133,1724
beijing_ssp245_near_2030s_heatwave_extreme_2039,outdoor_temp_ge_20_c,mean_operative_temp_c,cold_discomfort_probability,-0.5242942541089601,1724
beijing_ssp245_near_2030s_heatwave_extreme_2039,outdoor_temp_ge_20_c,zone_cooling_rate_w,discomfort_probability,0.5278849297720931,1724
beijing_ssp245_near_2030s_heatwave_extreme_2039,outdoor_temp_ge_25_c,outdoor_temp_c,mean_operative_temp_c,0.3068801994544664,1025
beijing_ssp245_near_2030s_heatwave_extreme_2039,outdoor_temp_ge_25_c,mean_operative_temp_c,discomfort_probability,0.8485819015670183,1025
beijing_ssp245_near_2030s_heatwave_extreme_2039,outdoor_temp_ge_25_c,mean_operative_temp_c,warm_discomfort_probability,0.9173571511759493,1025
beijing_ssp245_near_2030s_heatwave_extreme_2039,outdoor_temp_ge_25_c,mean_operative_temp_c,cold_discomfort_probability,-0.5492917406886508,1025
beijing_ssp245_near_2030s_heatwave_extreme_2039,outdoor_temp_ge_25_c,zone_cooling_rate_w,discomfort_probability,0.6321959538810551,1025
beijing_ssp245_near_2030s_heatwave_extreme_2039,may_through_september,outdoor_temp_c,mean_operative_temp_c,0.5028796153508366,1853
beijing_ssp245_near_2030s_heatwave_extreme_2039,may_through_september,mean_operative_temp_c,discomfort_probability,0.7437362339079407,1853
beijing_ssp245_near_2030s_heatwave_extreme_2039,may_through_september,mean_operative_temp_c,warm_discomfort_probability,0.8028288114420559,1853
beijing_ssp245_near_2030s_heatwave_extreme_2039,may_through_september,mean_operative_temp_c,cold_discomfort_probability,-0.5544727552862491,1853
beijing_ssp245_near_2030s_heatwave_extreme_2039,may_through_september,zone_cooling_rate_w,discomfort_probability,0.5975493027948757,1853
beijing_ssp245_near_2030s_hot_2034,all_occupied_hours,outdoor_temp_c,mean_operative_temp_c,0.9278047724684766,4437
beijing_ssp245_near_2030s_hot_2034,all_occupied_hours,mean_operative_temp_c,discomfort_probability,-0.0748915645682432,4437
beijing_ssp245_near_2030s_hot_2034,all_occupied_hours,mean_operative_temp_c,warm_discomfort_probability,-0.06717063048606482,4437
beijing_ssp245_near_2030s_hot_2034,all_occupied_hours,mean_operative_temp_c,cold_discomfort_probability,0.012882026588427147,4437
beijing_ssp245_near_2030s_hot_2034,all_occupied_hours,zone_cooling_rate_w,discomfort_probability,-0.05664258357608544,4437
beijing_ssp245_near_2030s_hot_2034,outdoor_temp_ge_20_c,outdoor_temp_c,mean_operative_temp_c,0.5477167949249954,1737
beijing_ssp245_near_2030s_hot_2034,outdoor_temp_ge_20_c,mean_operative_temp_c,discomfort_probability,0.7892561851646731,1737
beijing_ssp245_near_2030s_hot_2034,outdoor_temp_ge_20_c,mean_operative_temp_c,warm_discomfort_probability,0.8291654716748557,1737
beijing_ssp245_near_2030s_hot_2034,outdoor_temp_ge_20_c,mean_operative_temp_c,cold_discomfort_probability,-0.7477018591940299,1737
beijing_ssp245_near_2030s_hot_2034,outdoor_temp_ge_20_c,zone_cooling_rate_w,discomfort_probability,0.5329591385898047,1737
beijing_ssp245_near_2030s_hot_2034,outdoor_temp_ge_25_c,outdoor_temp_c,mean_operative_temp_c,0.40506695011235927,1073
beijing_ssp245_near_2030s_hot_2034,outdoor_temp_ge_25_c,mean_operative_temp_c,discomfort_probability,0.8870691908739247,1073
beijing_ssp245_near_2030s_hot_2034,outdoor_temp_ge_25_c,mean_operative_temp_c,warm_discomfort_probability,0.9425016747425712,1073
beijing_ssp245_near_2030s_hot_2034,outdoor_temp_ge_25_c,mean_operative_temp_c,cold_discomfort_probability,-0.8495891961643147,1073
beijing_ssp245_near_2030s_hot_2034,outdoor_temp_ge_25_c,zone_cooling_rate_w,discomfort_probability,0.49535424283301627,1073
beijing_ssp245_near_2030s_hot_2034,may_through_september,outdoor_temp_c,mean_operative_temp_c,0.6079610232294026,1853
beijing_ssp245_near_2030s_hot_2034,may_through_september,mean_operative_temp_c,discomfort_probability,0.8186032790860748,1853
beijing_ssp245_near_2030s_hot_2034,may_through_september,mean_operative_temp_c,warm_discomfort_probability,0.8683276758284822,1853
beijing_ssp245_near_2030s_hot_2034,may_through_september,mean_operative_temp_c,cold_discomfort_probability,-0.7949542522574952,1853
beijing_ssp245_near_2030s_hot_2034,may_through_september,zone_cooling_rate_w,discomfort_probability,0.5820917784772877,1853
beijing_ssp245_near_2030s_typical_2035,all_occupied_hours,outdoor_temp_c,mean_operative_temp_c,0.9380453481733468,4437
beijing_ssp245_near_2030s_typical_2035,all_occupied_hours,mean_operative_temp_c,discomfort_probability,-0.16171077043386378,4437
beijing_ssp245_near_2030s_typical_2035,all_occupied_hours,mean_operative_temp_c,warm_discomfort_probability,-0.08036598879763877,4437
beijing_ssp245_near_2030s_typical_2035,all_occupied_hours,mean_operative_temp_c,cold_discomfort_probability,-0.13504313092630707,4437
beijing_ssp245_near_2030s_typical_2035,all_occupied_hours,zone_cooling_rate_w,discomfort_probability,-0.1406142178896319,4437
beijing_ssp245_near_2030s_typical_2035,outdoor_temp_ge_20_c,outdoor_temp_c,mean_operative_temp_c,0.6380405485249647,1717
beijing_ssp245_near_2030s_typical_2035,outdoor_temp_ge_20_c,mean_operative_temp_c,discomfort_probability,0.6991973690492171,1717
beijing_ssp245_near_2030s_typical_2035,outdoor_temp_ge_20_c,mean_operative_temp_c,warm_discomfort_probability,0.7600552526360519,1717
beijing_ssp245_near_2030s_typical_2035,outdoor_temp_ge_20_c,mean_operative_temp_c,cold_discomfort_probability,-0.7331114801934132,1717
beijing_ssp245_near_2030s_typical_2035,outdoor_temp_ge_20_c,zone_cooling_rate_w,discomfort_probability,0.4863081454558996,1717
beijing_ssp245_near_2030s_typical_2035,outdoor_temp_ge_25_c,outdoor_temp_c,mean_operative_temp_c,0.4384569121415614,1051
beijing_ssp245_near_2030s_typical_2035,outdoor_temp_ge_25_c,mean_operative_temp_c,discomfort_probability,0.8882648376575216,1051
beijing_ssp245_near_2030s_typical_2035,outdoor_temp_ge_25_c,mean_operative_temp_c,warm_discomfort_probability,0.9415816209407787,1051
beijing_ssp245_near_2030s_typical_2035,outdoor_temp_ge_25_c,mean_operative_temp_c,cold_discomfort_probability,-0.857512981373214,1051
beijing_ssp245_near_2030s_typical_2035,outdoor_temp_ge_25_c,zone_cooling_rate_w,discomfort_probability,0.5138656906254667,1051
beijing_ssp245_near_2030s_typical_2035,may_through_september,outdoor_temp_c,mean_operative_temp_c,0.7160326878159321,1853
beijing_ssp245_near_2030s_typical_2035,may_through_september,mean_operative_temp_c,discomfort_probability,0.7112457463774167,1853
beijing_ssp245_near_2030s_typical_2035,may_through_september,mean_operative_temp_c,warm_discomfort_probability,0.7764025915393243,1853
beijing_ssp245_near_2030s_typical_2035,may_through_september,mean_operative_temp_c,cold_discomfort_probability,-0.7647624109712245,1853
beijing_ssp245_near_2030s_typical_2035,may_through_september,zone_cooling_rate_w,discomfort_probability,0.5204653697231988,1853
beijing_ssp585_baseline_2020s_heatwave_extreme_2029,all_occupied_hours,outdoor_temp_c,mean_operative_temp_c,0.9359953127118553,4437
beijing_ssp585_baseline_2020s_heatwave_extreme_2029,all_occupied_hours,mean_operative_temp_c,discomfort_probability,-0.11554105073245076,4437
beijing_ssp585_baseline_2020s_heatwave_extreme_2029,all_occupied_hours,mean_operative_temp_c,warm_discomfort_probability,-0.053945542842502706,4437
beijing_ssp585_baseline_2020s_heatwave_extreme_2029,all_occupied_hours,mean_operative_temp_c,cold_discomfort_probability,-0.10639330822429062,4437
beijing_ssp585_baseline_2020s_heatwave_extreme_2029,all_occupied_hours,zone_cooling_rate_w,discomfort_probability,-0.11561527706396445,4437
beijing_ssp585_baseline_2020s_heatwave_extreme_2029,outdoor_temp_ge_20_c,outdoor_temp_c,mean_operative_temp_c,0.6055508964116819,1661
beijing_ssp585_baseline_2020s_heatwave_extreme_2029,outdoor_temp_ge_20_c,mean_operative_temp_c,discomfort_probability,0.7481801747018852,1661
beijing_ssp585_baseline_2020s_heatwave_extreme_2029,outdoor_temp_ge_20_c,mean_operative_temp_c,warm_discomfort_probability,0.8090212878821098,1661
beijing_ssp585_baseline_2020s_heatwave_extreme_2029,outdoor_temp_ge_20_c,mean_operative_temp_c,cold_discomfort_probability,-0.8050136738394313,1661
beijing_ssp585_baseline_2020s_heatwave_extreme_2029,outdoor_temp_ge_20_c,zone_cooling_rate_w,discomfort_probability,0.4509887375837724,1661
beijing_ssp585_baseline_2020s_heatwave_extreme_2029,outdoor_temp_ge_25_c,outdoor_temp_c,mean_operative_temp_c,0.4798146901221831,1011
beijing_ssp585_baseline_2020s_heatwave_extreme_2029,outdoor_temp_ge_25_c,mean_operative_temp_c,discomfort_probability,0.9172829010420072,1011
beijing_ssp585_baseline_2020s_heatwave_extreme_2029,outdoor_temp_ge_25_c,mean_operative_temp_c,warm_discomfort_probability,0.9606014066940586,1011
beijing_ssp585_baseline_2020s_heatwave_extreme_2029,outdoor_temp_ge_25_c,mean_operative_temp_c,cold_discomfort_probability,-0.883844408761439,1011
beijing_ssp585_baseline_2020s_heatwave_extreme_2029,outdoor_temp_ge_25_c,zone_cooling_rate_w,discomfort_probability,0.4240946233702199,1011
beijing_ssp585_baseline_2020s_heatwave_extreme_2029,may_through_september,outdoor_temp_c,mean_operative_temp_c,0.7145033185433358,1853
beijing_ssp585_baseline_2020s_heatwave_extreme_2029,may_through_september,mean_operative_temp_c,discomfort_probability,0.6525127012282407,1853
beijing_ssp585_baseline_2020s_heatwave_extreme_2029,may_through_september,mean_operative_temp_c,warm_discomfort_probability,0.728219578686954,1853
beijing_ssp585_baseline_2020s_heatwave_extreme_2029,may_through_september,mean_operative_temp_c,cold_discomfort_probability,-0.7969754769651967,1853
beijing_ssp585_baseline_2020s_heatwave_extreme_2029,may_through_september,zone_cooling_rate_w,discomfort_probability,0.4148195266215636,1853
beijing_ssp585_baseline_2020s_hot_2029,all_occupied_hours,outdoor_temp_c,mean_operative_temp_c,0.9359953127118553,4437
beijing_ssp585_baseline_2020s_hot_2029,all_occupied_hours,mean_operative_temp_c,discomfort_probability,-0.11554105073245076,4437
beijing_ssp585_baseline_2020s_hot_2029,all_occupied_hours,mean_operative_temp_c,warm_discomfort_probability,-0.053945542842502706,4437
beijing_ssp585_baseline_2020s_hot_2029,all_occupied_hours,mean_operative_temp_c,cold_discomfort_probability,-0.10639330822429062,4437
beijing_ssp585_baseline_2020s_hot_2029,all_occupied_hours,zone_cooling_rate_w,discomfort_probability,-0.11561527706396445,4437
beijing_ssp585_baseline_2020s_hot_2029,outdoor_temp_ge_20_c,outdoor_temp_c,mean_operative_temp_c,0.6055508964116819,1661
beijing_ssp585_baseline_2020s_hot_2029,outdoor_temp_ge_20_c,mean_operative_temp_c,discomfort_probability,0.7481801747018852,1661
beijing_ssp585_baseline_2020s_hot_2029,outdoor_temp_ge_20_c,mean_operative_temp_c,warm_discomfort_probability,0.8090212878821098,1661
beijing_ssp585_baseline_2020s_hot_2029,outdoor_temp_ge_20_c,mean_operative_temp_c,cold_discomfort_probability,-0.8050136738394313,1661
beijing_ssp585_baseline_2020s_hot_2029,outdoor_temp_ge_20_c,zone_cooling_rate_w,discomfort_probability,0.4509887375837724,1661
beijing_ssp585_baseline_2020s_hot_2029,outdoor_temp_ge_25_c,outdoor_temp_c,mean_operative_temp_c,0.4798146901221831,1011
beijing_ssp585_baseline_2020s_hot_2029,outdoor_temp_ge_25_c,mean_operative_temp_c,discomfort_probability,0.9172829010420072,1011
beijing_ssp585_baseline_2020s_hot_2029,outdoor_temp_ge_25_c,mean_operative_temp_c,warm_discomfort_probability,0.9606014066940586,1011
beijing_ssp585_baseline_2020s_hot_2029,outdoor_temp_ge_25_c,mean_operative_temp_c,cold_discomfort_probability,-0.883844408761439,1011
beijing_ssp585_baseline_2020s_hot_2029,outdoor_temp_ge_25_c,zone_cooling_rate_w,discomfort_probability,0.4240946233702199,1011
beijing_ssp585_baseline_2020s_hot_2029,may_through_september,outdoor_temp_c,mean_operative_temp_c,0.7145033185433358,1853
beijing_ssp585_baseline_2020s_hot_2029,may_through_september,mean_operative_temp_c,discomfort_probability,0.6525127012282407,1853
beijing_ssp585_baseline_2020s_hot_2029,may_through_september,mean_operative_temp_c,warm_discomfort_probability,0.728219578686954,1853
beijing_ssp585_baseline_2020s_hot_2029,may_through_september,mean_operative_temp_c,cold_discomfort_probability,-0.7969754769651967,1853
beijing_ssp585_baseline_2020s_hot_2029,may_through_september,zone_cooling_rate_w,discomfort_probability,0.4148195266215636,1853
beijing_ssp585_baseline_2020s_typical_2026,all_occupied_hours,outdoor_temp_c,mean_operative_temp_c,0.90341384119473,4437
beijing_ssp585_baseline_2020s_typical_2026,all_occupied_hours,mean_operative_temp_c,discomfort_probability,-0.3341409485731453,4437
beijing_ssp585_baseline_2020s_typical_2026,all_occupied_hours,mean_operative_temp_c,warm_discomfort_probability,-0.3028138261449889,4437
beijing_ssp585_baseline_2020s_typical_2026,all_occupied_hours,mean_operative_temp_c,cold_discomfort_probability,0.11860581709581161,4437
beijing_ssp585_baseline_2020s_typical_2026,all_occupied_hours,zone_cooling_rate_w,discomfort_probability,-0.2709304203739705,4437
beijing_ssp585_baseline_2020s_typical_2026,outdoor_temp_ge_20_c,outdoor_temp_c,mean_operative_temp_c,0.3720371472426993,1706
beijing_ssp585_baseline_2020s_typical_2026,outdoor_temp_ge_20_c,mean_operative_temp_c,discomfort_probability,0.7626216628348539,1706
beijing_ssp585_baseline_2020s_typical_2026,outdoor_temp_ge_20_c,mean_operative_temp_c,warm_discomfort_probability,0.7924845448676271,1706
beijing_ssp585_baseline_2020s_typical_2026,outdoor_temp_ge_20_c,mean_operative_temp_c,cold_discomfort_probability,-0.5133700708810063,1706
beijing_ssp585_baseline_2020s_typical_2026,outdoor_temp_ge_20_c,zone_cooling_rate_w,discomfort_probability,0.5910834318215198,1706
beijing_ssp585_baseline_2020s_typical_2026,outdoor_temp_ge_25_c,outdoor_temp_c,mean_operative_temp_c,0.3116577055808349,946
beijing_ssp585_baseline_2020s_typical_2026,outdoor_temp_ge_25_c,mean_operative_temp_c,discomfort_probability,0.8804798910886678,946
beijing_ssp585_baseline_2020s_typical_2026,outdoor_temp_ge_25_c,mean_operative_temp_c,warm_discomfort_probability,0.9262053881578605,946
beijing_ssp585_baseline_2020s_typical_2026,outdoor_temp_ge_25_c,mean_operative_temp_c,cold_discomfort_probability,-0.4783876726568666,946
beijing_ssp585_baseline_2020s_typical_2026,outdoor_temp_ge_25_c,zone_cooling_rate_w,discomfort_probability,0.708999015685983,946
beijing_ssp585_baseline_2020s_typical_2026,may_through_september,outdoor_temp_c,mean_operative_temp_c,0.4834312647954517,1853
beijing_ssp585_baseline_2020s_typical_2026,may_through_september,mean_operative_temp_c,discomfort_probability,0.7743109548477013,1853
beijing_ssp585_baseline_2020s_typical_2026,may_through_september,mean_operative_temp_c,warm_discomfort_probability,0.8098758329389115,1853
beijing_ssp585_baseline_2020s_typical_2026,may_through_september,mean_operative_temp_c,cold_discomfort_probability,-0.5215342978775228,1853
beijing_ssp585_baseline_2020s_typical_2026,may_through_september,zone_cooling_rate_w,discomfort_probability,0.6223948131759353,1853
beijing_ssp585_late_2080s_heatwave_extreme_2089,all_occupied_hours,outdoor_temp_c,mean_operative_temp_c,0.9355444435733318,4437
beijing_ssp585_late_2080s_heatwave_extreme_2089,all_occupied_hours,mean_operative_temp_c,discomfort_probability,0.4518525335530443,4437
beijing_ssp585_late_2080s_heatwave_extreme_2089,all_occupied_hours,mean_operative_temp_c,warm_discomfort_probability,0.42206166688641483,4437
beijing_ssp585_late_2080s_heatwave_extreme_2089,all_occupied_hours,mean_operative_temp_c,cold_discomfort_probability,-0.3110396950157962,4437
beijing_ssp585_late_2080s_heatwave_extreme_2089,all_occupied_hours,zone_cooling_rate_w,discomfort_probability,0.31159264513970275,4437
beijing_ssp585_late_2080s_heatwave_extreme_2089,outdoor_temp_ge_20_c,outdoor_temp_c,mean_operative_temp_c,0.7100150363798446,2177
beijing_ssp585_late_2080s_heatwave_extreme_2089,outdoor_temp_ge_20_c,mean_operative_temp_c,discomfort_probability,0.9352412560589385,2177
beijing_ssp585_late_2080s_heatwave_extreme_2089,outdoor_temp_ge_20_c,mean_operative_temp_c,warm_discomfort_probability,0.947029260776924,2177
beijing_ssp585_late_2080s_heatwave_extreme_2089,outdoor_temp_ge_20_c,mean_operative_temp_c,cold_discomfort_probability,-0.9303662057445232,2177
beijing_ssp585_late_2080s_heatwave_extreme_2089,outdoor_temp_ge_20_c,zone_cooling_rate_w,discomfort_probability,0.3186695144452489,2177
beijing_ssp585_late_2080s_heatwave_extreme_2089,outdoor_temp_ge_25_c,outdoor_temp_c,mean_operative_temp_c,0.6134358640793361,1722
beijing_ssp585_late_2080s_heatwave_extreme_2089,outdoor_temp_ge_25_c,mean_operative_temp_c,discomfort_probability,0.9700530254400371,1722
beijing_ssp585_late_2080s_heatwave_extreme_2089,outdoor_temp_ge_25_c,mean_operative_temp_c,warm_discomfort_probability,0.9803455514406901,1722
beijing_ssp585_late_2080s_heatwave_extreme_2089,outdoor_temp_ge_25_c,mean_operative_temp_c,cold_discomfort_probability,-0.9690659744587967,1722
beijing_ssp585_late_2080s_heatwave_extreme_2089,outdoor_temp_ge_25_c,zone_cooling_rate_w,discomfort_probability,0.17166430727433002,1722
beijing_ssp585_late_2080s_heatwave_extreme_2089,may_through_september,outdoor_temp_c,mean_operative_temp_c,0.6572213380804827,1853
beijing_ssp585_late_2080s_heatwave_extreme_2089,may_through_september,mean_operative_temp_c,discomfort_probability,0.9802700750446288,1853
beijing_ssp585_late_2080s_heatwave_extreme_2089,may_through_september,mean_operative_temp_c,warm_discomfort_probability,0.9872403462256331,1853
beijing_ssp585_late_2080s_heatwave_extreme_2089,may_through_september,mean_operative_temp_c,cold_discomfort_probability,-0.9665010505188132,1853
beijing_ssp585_late_2080s_heatwave_extreme_2089,may_through_september,zone_cooling_rate_w,discomfort_probability,0.27536704229595826,1853
beijing_ssp585_late_2080s_hot_2089,all_occupied_hours,outdoor_temp_c,mean_operative_temp_c,0.9355444435733318,4437
beijing_ssp585_late_2080s_hot_2089,all_occupied_hours,mean_operative_temp_c,discomfort_probability,0.4518525335530443,4437
beijing_ssp585_late_2080s_hot_2089,all_occupied_hours,mean_operative_temp_c,warm_discomfort_probability,0.42206166688641483,4437
beijing_ssp585_late_2080s_hot_2089,all_occupied_hours,mean_operative_temp_c,cold_discomfort_probability,-0.3110396950157962,4437
beijing_ssp585_late_2080s_hot_2089,all_occupied_hours,zone_cooling_rate_w,discomfort_probability,0.31159264513970275,4437
beijing_ssp585_late_2080s_hot_2089,outdoor_temp_ge_20_c,outdoor_temp_c,mean_operative_temp_c,0.7100150363798446,2177
beijing_ssp585_late_2080s_hot_2089,outdoor_temp_ge_20_c,mean_operative_temp_c,discomfort_probability,0.9352412560589385,2177
beijing_ssp585_late_2080s_hot_2089,outdoor_temp_ge_20_c,mean_operative_temp_c,warm_discomfort_probability,0.947029260776924,2177
beijing_ssp585_late_2080s_hot_2089,outdoor_temp_ge_20_c,mean_operative_temp_c,cold_discomfort_probability,-0.9303662057445232,2177
beijing_ssp585_late_2080s_hot_2089,outdoor_temp_ge_20_c,zone_cooling_rate_w,discomfort_probability,0.3186695144452489,2177
beijing_ssp585_late_2080s_hot_2089,outdoor_temp_ge_25_c,outdoor_temp_c,mean_operative_temp_c,0.6134358640793361,1722
beijing_ssp585_late_2080s_hot_2089,outdoor_temp_ge_25_c,mean_operative_temp_c,discomfort_probability,0.9700530254400371,1722
beijing_ssp585_late_2080s_hot_2089,outdoor_temp_ge_25_c,mean_operative_temp_c,warm_discomfort_probability,0.9803455514406901,1722
beijing_ssp585_late_2080s_hot_2089,outdoor_temp_ge_25_c,mean_operative_temp_c,cold_discomfort_probability,-0.9690659744587967,1722
beijing_ssp585_late_2080s_hot_2089,outdoor_temp_ge_25_c,zone_cooling_rate_w,discomfort_probability,0.17166430727433002,1722
beijing_ssp585_late_2080s_hot_2089,may_through_september,outdoor_temp_c,mean_operative_temp_c,0.6572213380804827,1853
beijing_ssp585_late_2080s_hot_2089,may_through_september,mean_operative_temp_c,discomfort_probability,0.9802700750446288,1853
beijing_ssp585_late_2080s_hot_2089,may_through_september,mean_operative_temp_c,warm_discomfort_probability,0.9872403462256331,1853
beijing_ssp585_late_2080s_hot_2089,may_through_september,mean_operative_temp_c,cold_discomfort_probability,-0.9665010505188132,1853
beijing_ssp585_late_2080s_hot_2089,may_through_september,zone_cooling_rate_w,discomfort_probability,0.27536704229595826,1853
beijing_ssp585_late_2080s_typical_2084,all_occupied_hours,outdoor_temp_c,mean_operative_temp_c,0.9342678341036856,4437
beijing_ssp585_late_2080s_typical_2084,all_occupied_hours,mean_operative_temp_c,discomfort_probability,0.32823034307489724,4437
beijing_ssp585_late_2080s_typical_2084,all_occupied_hours,mean_operative_temp_c,warm_discomfort_probability,0.317450323225805,4437
beijing_ssp585_late_2080s_typical_2084,all_occupied_hours,mean_operative_temp_c,cold_discomfort_probability,-0.29553575487061284,4437
beijing_ssp585_late_2080s_typical_2084,all_occupied_hours,zone_cooling_rate_w,discomfort_probability,0.2333950318868605,4437
beijing_ssp585_late_2080s_typical_2084,outdoor_temp_ge_20_c,outdoor_temp_c,mean_operative_temp_c,0.7565523008076904,1982
beijing_ssp585_late_2080s_typical_2084,outdoor_temp_ge_20_c,mean_operative_temp_c,discomfort_probability,0.8856425792037228,1982
beijing_ssp585_late_2080s_typical_2084,outdoor_temp_ge_20_c,mean_operative_temp_c,warm_discomfort_probability,0.8971930826144644,1982
beijing_ssp585_late_2080s_typical_2084,outdoor_temp_ge_20_c,mean_operative_temp_c,cold_discomfort_probability,-0.8750039834379896,1982
beijing_ssp585_late_2080s_typical_2084,outdoor_temp_ge_20_c,zone_cooling_rate_w,discomfort_probability,0.3538653271089088,1982
beijing_ssp585_late_2080s_typical_2084,outdoor_temp_ge_25_c,outdoor_temp_c,mean_operative_temp_c,0.6164813396390315,1377
beijing_ssp585_late_2080s_typical_2084,outdoor_temp_ge_25_c,mean_operative_temp_c,discomfort_probability,0.9724862242513064,1377
beijing_ssp585_late_2080s_typical_2084,outdoor_temp_ge_25_c,mean_operative_temp_c,warm_discomfort_probability,0.982149955289575,1377
beijing_ssp585_late_2080s_typical_2084,outdoor_temp_ge_25_c,mean_operative_temp_c,cold_discomfort_probability,-0.9653775498950103,1377
beijing_ssp585_late_2080s_typical_2084,outdoor_temp_ge_25_c,zone_cooling_rate_w,discomfort_probability,0.17143196570303149,1377
beijing_ssp585_late_2080s_typical_2084,may_through_september,outdoor_temp_c,mean_operative_temp_c,0.756288026063426,1853
beijing_ssp585_late_2080s_typical_2084,may_through_september,mean_operative_temp_c,discomfort_probability,0.9310718324201281,1853
beijing_ssp585_late_2080s_typical_2084,may_through_september,mean_operative_temp_c,warm_discomfort_probability,0.9452803022286284,1853
beijing_ssp585_late_2080s_typical_2084,may_through_september,mean_operative_temp_c,cold_discomfort_probability,-0.9223668145627446,1853
beijing_ssp585_late_2080s_typical_2084,may_through_september,zone_cooling_rate_w,discomfort_probability,0.37920386595858463,1853
beijing_ssp585_mid_2050s_heatwave_extreme_2052,all_occupied_hours,outdoor_temp_c,mean_operative_temp_c,0.9390696697682139,4437
beijing_ssp585_mid_2050s_heatwave_extreme_2052,all_occupied_hours,mean_operative_temp_c,discomfort_probability,0.23734941604571697,4437
beijing_ssp585_mid_2050s_heatwave_extreme_2052,all_occupied_hours,mean_operative_temp_c,warm_discomfort_probability,0.2914146702406631,4437
beijing_ssp585_mid_2050s_heatwave_extreme_2052,all_occupied_hours,mean_operative_temp_c,cold_discomfort_probability,-0.3568389812827658,4437
beijing_ssp585_mid_2050s_heatwave_extreme_2052,all_occupied_hours,zone_cooling_rate_w,discomfort_probability,0.1403595898900631,4437
beijing_ssp585_mid_2050s_heatwave_extreme_2052,outdoor_temp_ge_20_c,outdoor_temp_c,mean_operative_temp_c,0.683322832404877,1918
beijing_ssp585_mid_2050s_heatwave_extreme_2052,outdoor_temp_ge_20_c,mean_operative_temp_c,discomfort_probability,0.9106148406560922,1918
beijing_ssp585_mid_2050s_heatwave_extreme_2052,outdoor_temp_ge_20_c,mean_operative_temp_c,warm_discomfort_probability,0.9294887891989191,1918
beijing_ssp585_mid_2050s_heatwave_extreme_2052,outdoor_temp_ge_20_c,mean_operative_temp_c,cold_discomfort_probability,-0.9114453584671918,1918
beijing_ssp585_mid_2050s_heatwave_extreme_2052,outdoor_temp_ge_20_c,zone_cooling_rate_w,discomfort_probability,0.3625806312553479,1918
beijing_ssp585_mid_2050s_heatwave_extreme_2052,outdoor_temp_ge_25_c,outdoor_temp_c,mean_operative_temp_c,0.5767747304015607,1451
beijing_ssp585_mid_2050s_heatwave_extreme_2052,outdoor_temp_ge_25_c,mean_operative_temp_c,discomfort_probability,0.9794264507197107,1451
beijing_ssp585_mid_2050s_heatwave_extreme_2052,outdoor_temp_ge_25_c,mean_operative_temp_c,warm_discomfort_probability,0.9878405749116943,1451
beijing_ssp585_mid_2050s_heatwave_extreme_2052,outdoor_temp_ge_25_c,mean_operative_temp_c,cold_discomfort_probability,-0.9612117412724508,1451
beijing_ssp585_mid_2050s_heatwave_extreme_2052,outdoor_temp_ge_25_c,zone_cooling_rate_w,discomfort_probability,0.24985098670171546,1451
beijing_ssp585_mid_2050s_heatwave_extreme_2052,may_through_september,outdoor_temp_c,mean_operative_temp_c,0.6908971537025991,1853
beijing_ssp585_mid_2050s_heatwave_extreme_2052,may_through_september,mean_operative_temp_c,discomfort_probability,0.9534344590614816,1853
beijing_ssp585_mid_2050s_heatwave_extreme_2052,may_through_september,mean_operative_temp_c,warm_discomfort_probability,0.9681220537301333,1853
beijing_ssp585_mid_2050s_heatwave_extreme_2052,may_through_september,mean_operative_temp_c,cold_discomfort_probability,-0.9491253545705852,1853
beijing_ssp585_mid_2050s_heatwave_extreme_2052,may_through_september,zone_cooling_rate_w,discomfort_probability,0.4164570682604113,1853
beijing_ssp585_mid_2050s_hot_2052,all_occupied_hours,outdoor_temp_c,mean_operative_temp_c,0.9390696697682139,4437
beijing_ssp585_mid_2050s_hot_2052,all_occupied_hours,mean_operative_temp_c,discomfort_probability,0.23734941604571697,4437
beijing_ssp585_mid_2050s_hot_2052,all_occupied_hours,mean_operative_temp_c,warm_discomfort_probability,0.2914146702406631,4437
beijing_ssp585_mid_2050s_hot_2052,all_occupied_hours,mean_operative_temp_c,cold_discomfort_probability,-0.3568389812827658,4437
beijing_ssp585_mid_2050s_hot_2052,all_occupied_hours,zone_cooling_rate_w,discomfort_probability,0.1403595898900631,4437
beijing_ssp585_mid_2050s_hot_2052,outdoor_temp_ge_20_c,outdoor_temp_c,mean_operative_temp_c,0.683322832404877,1918
beijing_ssp585_mid_2050s_hot_2052,outdoor_temp_ge_20_c,mean_operative_temp_c,discomfort_probability,0.9106148406560922,1918
beijing_ssp585_mid_2050s_hot_2052,outdoor_temp_ge_20_c,mean_operative_temp_c,warm_discomfort_probability,0.9294887891989191,1918
beijing_ssp585_mid_2050s_hot_2052,outdoor_temp_ge_20_c,mean_operative_temp_c,cold_discomfort_probability,-0.9114453584671918,1918
beijing_ssp585_mid_2050s_hot_2052,outdoor_temp_ge_20_c,zone_cooling_rate_w,discomfort_probability,0.3625806312553479,1918
beijing_ssp585_mid_2050s_hot_2052,outdoor_temp_ge_25_c,outdoor_temp_c,mean_operative_temp_c,0.5767747304015607,1451
beijing_ssp585_mid_2050s_hot_2052,outdoor_temp_ge_25_c,mean_operative_temp_c,discomfort_probability,0.9794264507197107,1451
beijing_ssp585_mid_2050s_hot_2052,outdoor_temp_ge_25_c,mean_operative_temp_c,warm_discomfort_probability,0.9878405749116943,1451
beijing_ssp585_mid_2050s_hot_2052,outdoor_temp_ge_25_c,mean_operative_temp_c,cold_discomfort_probability,-0.9612117412724508,1451
beijing_ssp585_mid_2050s_hot_2052,outdoor_temp_ge_25_c,zone_cooling_rate_w,discomfort_probability,0.24985098670171546,1451
beijing_ssp585_mid_2050s_hot_2052,may_through_september,outdoor_temp_c,mean_operative_temp_c,0.6908971537025991,1853
beijing_ssp585_mid_2050s_hot_2052,may_through_september,mean_operative_temp_c,discomfort_probability,0.9534344590614816,1853
beijing_ssp585_mid_2050s_hot_2052,may_through_september,mean_operative_temp_c,warm_discomfort_probability,0.9681220537301333,1853
beijing_ssp585_mid_2050s_hot_2052,may_through_september,mean_operative_temp_c,cold_discomfort_probability,-0.9491253545705852,1853
beijing_ssp585_mid_2050s_hot_2052,may_through_september,zone_cooling_rate_w,discomfort_probability,0.4164570682604113,1853
beijing_ssp585_mid_2050s_typical_2053,all_occupied_hours,outdoor_temp_c,mean_operative_temp_c,0.9265027043477277,4437
beijing_ssp585_mid_2050s_typical_2053,all_occupied_hours,mean_operative_temp_c,discomfort_probability,-0.021797488355142235,4437
beijing_ssp585_mid_2050s_typical_2053,all_occupied_hours,mean_operative_temp_c,warm_discomfort_probability,-0.03259779649770899,4437
beijing_ssp585_mid_2050s_typical_2053,all_occupied_hours,mean_operative_temp_c,cold_discomfort_probability,0.03312569700056937,4437
beijing_ssp585_mid_2050s_typical_2053,all_occupied_hours,zone_cooling_rate_w,discomfort_probability,-0.02283891739981937,4437
beijing_ssp585_mid_2050s_typical_2053,outdoor_temp_ge_20_c,outdoor_temp_c,mean_operative_temp_c,0.5639236208216967,1854
beijing_ssp585_mid_2050s_typical_2053,outdoor_temp_ge_20_c,mean_operative_temp_c,discomfort_probability,0.8163752285636395,1854
beijing_ssp585_mid_2050s_typical_2053,outdoor_temp_ge_20_c,mean_operative_temp_c,warm_discomfort_probability,0.8549030006774012,1854
beijing_ssp585_mid_2050s_typical_2053,outdoor_temp_ge_20_c,mean_operative_temp_c,cold_discomfort_probability,-0.7641699175715966,1854
beijing_ssp585_mid_2050s_typical_2053,outdoor_temp_ge_20_c,zone_cooling_rate_w,discomfort_probability,0.4898853218423519,1854
beijing_ssp585_mid_2050s_typical_2053,outdoor_temp_ge_25_c,outdoor_temp_c,mean_operative_temp_c,0.43214945180993114,1322
beijing_ssp585_mid_2050s_typical_2053,outdoor_temp_ge_25_c,mean_operative_temp_c,discomfort_probability,0.922991755369824,1322
beijing_ssp585_mid_2050s_typical_2053,outdoor_temp_ge_25_c,mean_operative_temp_c,warm_discomfort_probability,0.9584827863967169,1322
beijing_ssp585_mid_2050s_typical_2053,outdoor_temp_ge_25_c,mean_operative_temp_c,cold_discomfort_probability,-0.8500454280193716,1322
beijing_ssp585_mid_2050s_typical_2053,outdoor_temp_ge_25_c,zone_cooling_rate_w,discomfort_probability,0.44946782416513364,1322
beijing_ssp585_mid_2050s_typical_2053,may_through_september,outdoor_temp_c,mean_operative_temp_c,0.5823288893970356,1853
beijing_ssp585_mid_2050s_typical_2053,may_through_september,mean_operative_temp_c,discomfort_probability,0.8987994586769357,1853
beijing_ssp585_mid_2050s_typical_2053,may_through_september,mean_operative_temp_c,warm_discomfort_probability,0.9303471182862967,1853
beijing_ssp585_mid_2050s_typical_2053,may_through_september,mean_operative_temp_c,cold_discomfort_probability,-0.8004719067644406,1853
beijing_ssp585_mid_2050s_typical_2053,may_through_september,zone_cooling_rate_w,discomfort_probability,0.5645942126903436,1853
beijing_ssp585_near_2030s_heatwave_extreme_2030,all_occupied_hours,outdoor_temp_c,mean_operative_temp_c,0.9400629087151245,4437
beijing_ssp585_near_2030s_heatwave_extreme_2030,all_occupied_hours,mean_operative_temp_c,discomfort_probability,-0.093143463244384,4437
beijing_ssp585_near_2030s_heatwave_extreme_2030,all_occupied_hours,mean_operative_temp_c,warm_discomfort_probability,0.00048233666159438224,4437
beijing_ssp585_near_2030s_heatwave_extreme_2030,all_occupied_hours,mean_operative_temp_c,cold_discomfort_probability,-0.166765108139664,4437
beijing_ssp585_near_2030s_heatwave_extreme_2030,all_occupied_hours,zone_cooling_rate_w,discomfort_probability,-0.11037972480206834,4437
beijing_ssp585_near_2030s_heatwave_extreme_2030,outdoor_temp_ge_20_c,outdoor_temp_c,mean_operative_temp_c,0.6002622554707133,1805
beijing_ssp585_near_2030s_heatwave_extreme_2030,outdoor_temp_ge_20_c,mean_operative_temp_c,discomfort_probability,0.7906651313248108,1805
beijing_ssp585_near_2030s_heatwave_extreme_2030,outdoor_temp_ge_20_c,mean_operative_temp_c,warm_discomfort_probability,0.8328059157506753,1805
beijing_ssp585_near_2030s_heatwave_extreme_2030,outdoor_temp_ge_20_c,mean_operative_temp_c,cold_discomfort_probability,-0.7909327819554746,1805
beijing_ssp585_near_2030s_heatwave_extreme_2030,outdoor_temp_ge_20_c,zone_cooling_rate_w,discomfort_probability,0.44936767829767965,1805
beijing_ssp585_near_2030s_heatwave_extreme_2030,outdoor_temp_ge_25_c,outdoor_temp_c,mean_operative_temp_c,0.4749251281317951,1163
beijing_ssp585_near_2030s_heatwave_extreme_2030,outdoor_temp_ge_25_c,mean_operative_temp_c,discomfort_probability,0.931062091297409,1163
beijing_ssp585_near_2030s_heatwave_extreme_2030,outdoor_temp_ge_25_c,mean_operative_temp_c,warm_discomfort_probability,0.9677182920000571,1163
beijing_ssp585_near_2030s_heatwave_extreme_2030,outdoor_temp_ge_25_c,mean_operative_temp_c,cold_discomfort_probability,-0.9119155066748299,1163
beijing_ssp585_near_2030s_heatwave_extreme_2030,outdoor_temp_ge_25_c,zone_cooling_rate_w,discomfort_probability,0.3866376195608084,1163
beijing_ssp585_near_2030s_heatwave_extreme_2030,may_through_september,outdoor_temp_c,mean_operative_temp_c,0.659176671734533,1853
beijing_ssp585_near_2030s_heatwave_extreme_2030,may_through_september,mean_operative_temp_c,discomfort_probability,0.8012194023310754,1853
beijing_ssp585_near_2030s_heatwave_extreme_2030,may_through_september,mean_operative_temp_c,warm_discomfort_probability,0.8415026236260456,1853
beijing_ssp585_near_2030s_heatwave_extreme_2030,may_through_september,mean_operative_temp_c,cold_discomfort_probability,-0.7993726400236526,1853
beijing_ssp585_near_2030s_heatwave_extreme_2030,may_through_september,zone_cooling_rate_w,discomfort_probability,0.47852147038278836,1853
beijing_ssp585_near_2030s_hot_2037,all_occupied_hours,outdoor_temp_c,mean_operative_temp_c,0.9315407252634678,4437
beijing_ssp585_near_2030s_hot_2037,all_occupied_hours,mean_operative_temp_c,discomfort_probability,0.009261536431144052,4437
beijing_ssp585_near_2030s_hot_2037,all_occupied_hours,mean_operative_temp_c,warm_discomfort_probability,0.09956922634297762,4437
beijing_ssp585_near_2030s_hot_2037,all_occupied_hours,mean_operative_temp_c,cold_discomfort_probability,-0.2537557091735463,4437
beijing_ssp585_near_2030s_hot_2037,all_occupied_hours,zone_cooling_rate_w,discomfort_probability,-0.03620766028855225,4437
beijing_ssp585_near_2030s_hot_2037,outdoor_temp_ge_20_c,outdoor_temp_c,mean_operative_temp_c,0.6016057881013759,1956
beijing_ssp585_near_2030s_hot_2037,outdoor_temp_ge_20_c,mean_operative_temp_c,discomfort_probability,0.8106197637396243,1956
beijing_ssp585_near_2030s_hot_2037,outdoor_temp_ge_20_c,mean_operative_temp_c,warm_discomfort_probability,0.8542139166200838,1956
beijing_ssp585_near_2030s_hot_2037,outdoor_temp_ge_20_c,mean_operative_temp_c,cold_discomfort_probability,-0.8293753107542787,1956
beijing_ssp585_near_2030s_hot_2037,outdoor_temp_ge_20_c,zone_cooling_rate_w,discomfort_probability,0.4756430526315801,1956
beijing_ssp585_near_2030s_hot_2037,outdoor_temp_ge_25_c,outdoor_temp_c,mean_operative_temp_c,0.42782399860667236,1241
beijing_ssp585_near_2030s_hot_2037,outdoor_temp_ge_25_c,mean_operative_temp_c,discomfort_probability,0.944218281240013,1241
beijing_ssp585_near_2030s_hot_2037,outdoor_temp_ge_25_c,mean_operative_temp_c,warm_discomfort_probability,0.9690133552729413,1241
beijing_ssp585_near_2030s_hot_2037,outdoor_temp_ge_25_c,mean_operative_temp_c,cold_discomfort_probability,-0.9094107866533935,1241
beijing_ssp585_near_2030s_hot_2037,outdoor_temp_ge_25_c,zone_cooling_rate_w,discomfort_probability,0.44254640266706946,1241
beijing_ssp585_near_2030s_hot_2037,may_through_september,outdoor_temp_c,mean_operative_temp_c,0.6381042434224876,1853
beijing_ssp585_near_2030s_hot_2037,may_through_september,mean_operative_temp_c,discomfort_probability,0.8969400173674945,1853
beijing_ssp585_near_2030s_hot_2037,may_through_september,mean_operative_temp_c,warm_discomfort_probability,0.9218108824818051,1853
beijing_ssp585_near_2030s_hot_2037,may_through_september,mean_operative_temp_c,cold_discomfort_probability,-0.8492661893376882,1853
beijing_ssp585_near_2030s_hot_2037,may_through_september,zone_cooling_rate_w,discomfort_probability,0.5508783779746917,1853
beijing_ssp585_near_2030s_typical_2032,all_occupied_hours,outdoor_temp_c,mean_operative_temp_c,0.9296142474405925,4437
beijing_ssp585_near_2030s_typical_2032,all_occupied_hours,mean_operative_temp_c,discomfort_probability,0.047736433511626035,4437
beijing_ssp585_near_2030s_typical_2032,all_occupied_hours,mean_operative_temp_c,warm_discomfort_probability,0.014669816906728268,4437
beijing_ssp585_near_2030s_typical_2032,all_occupied_hours,mean_operative_temp_c,cold_discomfort_probability,0.014300089979758249,4437
beijing_ssp585_near_2030s_typical_2032,all_occupied_hours,zone_cooling_rate_w,discomfort_probability,0.06016052469757085,4437
beijing_ssp585_near_2030s_typical_2032,outdoor_temp_ge_20_c,outdoor_temp_c,mean_operative_temp_c,0.5561815643390142,1777
beijing_ssp585_near_2030s_typical_2032,outdoor_temp_ge_20_c,mean_operative_temp_c,discomfort_probability,0.7912154407785369,1777
beijing_ssp585_near_2030s_typical_2032,outdoor_temp_ge_20_c,mean_operative_temp_c,warm_discomfort_probability,0.8260131886627585,1777
beijing_ssp585_near_2030s_typical_2032,outdoor_temp_ge_20_c,mean_operative_temp_c,cold_discomfort_probability,-0.7803124742787407,1777
beijing_ssp585_near_2030s_typical_2032,outdoor_temp_ge_20_c,zone_cooling_rate_w,discomfort_probability,0.5253575884023334,1777
beijing_ssp585_near_2030s_typical_2032,outdoor_temp_ge_25_c,outdoor_temp_c,mean_operative_temp_c,0.4010369857216294,1148
beijing_ssp585_near_2030s_typical_2032,outdoor_temp_ge_25_c,mean_operative_temp_c,discomfort_probability,0.9183373884899997,1148
beijing_ssp585_near_2030s_typical_2032,outdoor_temp_ge_25_c,mean_operative_temp_c,warm_discomfort_probability,0.9592045921003908,1148
beijing_ssp585_near_2030s_typical_2032,outdoor_temp_ge_25_c,mean_operative_temp_c,cold_discomfort_probability,-0.904480817511173,1148
beijing_ssp585_near_2030s_typical_2032,outdoor_temp_ge_25_c,zone_cooling_rate_w,discomfort_probability,0.5192119390618549,1148
beijing_ssp585_near_2030s_typical_2032,may_through_september,outdoor_temp_c,mean_operative_temp_c,0.6169608841325821,1853
beijing_ssp585_near_2030s_typical_2032,may_through_september,mean_operative_temp_c,discomfort_probability,0.8192694194057644,1853
beijing_ssp585_near_2030s_typical_2032,may_through_september,mean_operative_temp_c,warm_discomfort_probability,0.8687413698007169,1853
beijing_ssp585_near_2030s_typical_2032,may_through_september,mean_operative_temp_c,cold_discomfort_probability,-0.8275140985781917,1853
beijing_ssp585_near_2030s_typical_2032,may_through_september,zone_cooling_rate_w,discomfort_probability,0.5504681659510283,1853
guangzhou_ssp245_baseline_2020s_heatwave_extreme_2028,all_occupied_hours,outdoor_temp_c,mean_operative_temp_c,0.8437968094113856,4437
guangzhou_ssp245_baseline_2020s_heatwave_extreme_2028,all_occupied_hours,mean_operative_temp_c,discomfort_probability,0.7988212239529876,4437
guangzhou_ssp245_baseline_2020s_heatwave_extreme_2028,all_occupied_hours,mean_operative_temp_c,warm_discomfort_probability,0.8729050943671509,4437
guangzhou_ssp245_baseline_2020s_heatwave_extreme_2028,all_occupied_hours,mean_operative_temp_c,cold_discomfort_probability,-0.8781412243887312,4437
guangzhou_ssp245_baseline_2020s_heatwave_extreme_2028,all_occupied_hours,zone_cooling_rate_w,discomfort_probability,0.6443967044628645,4437
guangzhou_ssp245_baseline_2020s_heatwave_extreme_2028,outdoor_temp_ge_20_c,outdoor_temp_c,mean_operative_temp_c,0.6964920169777331,3183
guangzhou_ssp245_baseline_2020s_heatwave_extreme_2028,outdoor_temp_ge_20_c,mean_operative_temp_c,discomfort_probability,0.9548062986383722,3183
guangzhou_ssp245_baseline_2020s_heatwave_extreme_2028,outdoor_temp_ge_20_c,mean_operative_temp_c,warm_discomfort_probability,0.9683975591769286,3183
guangzhou_ssp245_baseline_2020s_heatwave_extreme_2028,outdoor_temp_ge_20_c,mean_operative_temp_c,cold_discomfort_probability,-0.887309360059865,3183
guangzhou_ssp245_baseline_2020s_heatwave_extreme_2028,outdoor_temp_ge_20_c,zone_cooling_rate_w,discomfort_probability,0.6599929769609351,3183
guangzhou_ssp245_baseline_2020s_heatwave_extreme_2028,outdoor_temp_ge_25_c,outdoor_temp_c,mean_operative_temp_c,0.4485301400335866,2127
guangzhou_ssp245_baseline_2020s_heatwave_extreme_2028,outdoor_temp_ge_25_c,mean_operative_temp_c,discomfort_probability,0.973404737364763,2127
guangzhou_ssp245_baseline_2020s_heatwave_extreme_2028,outdoor_temp_ge_25_c,mean_operative_temp_c,warm_discomfort_probability,0.9815428206657636,2127
guangzhou_ssp245_baseline_2020s_heatwave_extreme_2028,outdoor_temp_ge_25_c,mean_operative_temp_c,cold_discomfort_probability,-0.9395010719881747,2127
guangzhou_ssp245_baseline_2020s_heatwave_extreme_2028,outdoor_temp_ge_25_c,zone_cooling_rate_w,discomfort_probability,0.4835880081100416,2127
guangzhou_ssp245_baseline_2020s_heatwave_extreme_2028,may_through_september,outdoor_temp_c,mean_operative_temp_c,0.43441295345773784,1853
guangzhou_ssp245_baseline_2020s_heatwave_extreme_2028,may_through_september,mean_operative_temp_c,discomfort_probability,0.9867625677523538,1853
guangzhou_ssp245_baseline_2020s_heatwave_extreme_2028,may_through_september,mean_operative_temp_c,warm_discomfort_probability,0.9913931916852117,1853
guangzhou_ssp245_baseline_2020s_heatwave_extreme_2028,may_through_september,mean_operative_temp_c,cold_discomfort_probability,-0.9516054087479525,1853
guangzhou_ssp245_baseline_2020s_heatwave_extreme_2028,may_through_september,zone_cooling_rate_w,discomfort_probability,0.4451854949849314,1853
guangzhou_ssp245_baseline_2020s_hot_2027,all_occupied_hours,outdoor_temp_c,mean_operative_temp_c,0.7548702909087632,4437
guangzhou_ssp245_baseline_2020s_hot_2027,all_occupied_hours,mean_operative_temp_c,discomfort_probability,0.766882934388203,4437
guangzhou_ssp245_baseline_2020s_hot_2027,all_occupied_hours,mean_operative_temp_c,warm_discomfort_probability,0.8155560618161337,4437
guangzhou_ssp245_baseline_2020s_hot_2027,all_occupied_hours,mean_operative_temp_c,cold_discomfort_probability,-0.7421249001452499,4437
guangzhou_ssp245_baseline_2020s_hot_2027,all_occupied_hours,zone_cooling_rate_w,discomfort_probability,0.5758646961019859,4437
guangzhou_ssp245_baseline_2020s_hot_2027,outdoor_temp_ge_20_c,outdoor_temp_c,mean_operative_temp_c,0.596403124263856,3503
guangzhou_ssp245_baseline_2020s_hot_2027,outdoor_temp_ge_20_c,mean_operative_temp_c,discomfort_probability,0.9523822270746398,3503
guangzhou_ssp245_baseline_2020s_hot_2027,outdoor_temp_ge_20_c,mean_operative_temp_c,warm_discomfort_probability,0.9644647593203433,3503
guangzhou_ssp245_baseline_2020s_hot_2027,outdoor_temp_ge_20_c,mean_operative_temp_c,cold_discomfort_probability,-0.828464867015287,3503
guangzhou_ssp245_baseline_2020s_hot_2027,outdoor_temp_ge_20_c,zone_cooling_rate_w,discomfort_probability,0.646944449096573,3503
guangzhou_ssp245_baseline_2020s_hot_2027,outdoor_temp_ge_25_c,outdoor_temp_c,mean_operative_temp_c,0.4268199393569259,2434
guangzhou_ssp245_baseline_2020s_hot_2027,outdoor_temp_ge_25_c,mean_operative_temp_c,discomfort_probability,0.9688126618379012,2434
guangzhou_ssp245_baseline_2020s_hot_2027,outdoor_temp_ge_25_c,mean_operative_temp_c,warm_discomfort_probability,0.976605306914909,2434
guangzhou_ssp245_baseline_2020s_hot_2027,outdoor_temp_ge_25_c,mean_operative_temp_c,cold_discomfort_probability,-0.8775665176738823,2434
guangzhou_ssp245_baseline_2020s_hot_2027,outdoor_temp_ge_25_c,zone_cooling_rate_w,discomfort_probability,0.5308293509267723,2434
guangzhou_ssp245_baseline_2020s_hot_2027,may_through_september,outdoor_temp_c,mean_operative_temp_c,0.4202685723161034,1853
guangzhou_ssp245_baseline_2020s_hot_2027,may_through_september,mean_operative_temp_c,discomfort_probability,0.9856757624883908,1853
guangzhou_ssp245_baseline_2020s_hot_2027,may_through_september,mean_operative_temp_c,warm_discomfort_probability,0.9912838573441679,1853
guangzhou_ssp245_baseline_2020s_hot_2027,may_through_september,mean_operative_temp_c,cold_discomfort_probability,-0.9066386778311996,1853
guangzhou_ssp245_baseline_2020s_hot_2027,may_through_september,zone_cooling_rate_w,discomfort_probability,0.4336520579493225,1853
guangzhou_ssp245_baseline_2020s_typical_2025,all_occupied_hours,outdoor_temp_c,mean_operative_temp_c,0.8216622547647153,4437
guangzhou_ssp245_baseline_2020s_typical_2025,all_occupied_hours,mean_operative_temp_c,discomfort_probability,0.8145425070585819,4437
guangzhou_ssp245_baseline_2020s_typical_2025,all_occupied_hours,mean_operative_temp_c,warm_discomfort_probability,0.8674401966104359,4437
guangzhou_ssp245_baseline_2020s_typical_2025,all_occupied_hours,mean_operative_temp_c,cold_discomfort_probability,-0.8408052302862947,4437
guangzhou_ssp245_baseline_2020s_typical_2025,all_occupied_hours,zone_cooling_rate_w,discomfort_probability,0.6247176508953656,4437
guangzhou_ssp245_baseline_2020s_typical_2025,outdoor_temp_ge_20_c,outdoor_temp_c,mean_operative_temp_c,0.715643548320482,3330
guangzhou_ssp245_baseline_2020s_typical_2025,outdoor_temp_ge_20_c,mean_operative_temp_c,discomfort_probability,0.9519072972468456,3330
guangzhou_ssp245_baseline_2020s_typical_2025,outdoor_temp_ge_20_c,mean_operative_temp_c,warm_discomfort_probability,0.9672953237607353,3330
guangzhou_ssp245_baseline_2020s_typical_2025,outdoor_temp_ge_20_c,mean_operative_temp_c,cold_discomfort_probability,-0.8760831493911428,3330
guangzhou_ssp245_baseline_2020s_typical_2025,outdoor_temp_ge_20_c,zone_cooling_rate_w,discomfort_probability,0.6257483454728499,3330
guangzhou_ssp245_baseline_2020s_typical_2025,outdoor_temp_ge_25_c,outdoor_temp_c,mean_operative_temp_c,0.541069240825051,2237
guangzhou_ssp245_baseline_2020s_typical_2025,outdoor_temp_ge_25_c,mean_operative_temp_c,discomfort_probability,0.9769237809941872,2237
guangzhou_ssp245_baseline_2020s_typical_2025,outdoor_temp_ge_25_c,mean_operative_temp_c,warm_discomfort_probability,0.9841150676880409,2237
guangzhou_ssp245_baseline_2020s_typical_2025,outdoor_temp_ge_25_c,mean_operative_temp_c,cold_discomfort_probability,-0.9256447364285936,2237
guangzhou_ssp245_baseline_2020s_typical_2025,outdoor_temp_ge_25_c,zone_cooling_rate_w,discomfort_probability,0.425057860591729,2237
guangzhou_ssp245_baseline_2020s_typical_2025,may_through_september,outdoor_temp_c,mean_operative_temp_c,0.5541835424521716,1853
guangzhou_ssp245_baseline_2020s_typical_2025,may_through_september,mean_operative_temp_c,discomfort_probability,0.9912257474450011,1853
guangzhou_ssp245_baseline_2020s_typical_2025,may_through_september,mean_operative_temp_c,warm_discomfort_probability,0.9947851638274051,1853
guangzhou_ssp245_baseline_2020s_typical_2025,may_through_september,mean_operative_temp_c,cold_discomfort_probability,-0.9505776521389672,1853
guangzhou_ssp245_baseline_2020s_typical_2025,may_through_september,zone_cooling_rate_w,discomfort_probability,0.39048279173415035,1853
guangzhou_ssp245_late_2080s_heatwave_extreme_2088,all_occupied_hours,outdoor_temp_c,mean_operative_temp_c,0.8565113849787126,4437
guangzhou_ssp245_late_2080s_heatwave_extreme_2088,all_occupied_hours,mean_operative_temp_c,discomfort_probability,0.9056074426545926,4437
guangzhou_ssp245_late_2080s_heatwave_extreme_2088,all_occupied_hours,mean_operative_temp_c,warm_discomfort_probability,0.9313907819156744,4437
guangzhou_ssp245_late_2080s_heatwave_extreme_2088,all_occupied_hours,mean_operative_temp_c,cold_discomfort_probability,-0.9316369270484367,4437
guangzhou_ssp245_late_2080s_heatwave_extreme_2088,all_occupied_hours,zone_cooling_rate_w,discomfort_probability,0.563999284604539,4437
guangzhou_ssp245_late_2080s_heatwave_extreme_2088,outdoor_temp_ge_20_c,outdoor_temp_c,mean_operative_temp_c,0.7519090441127838,3453
guangzhou_ssp245_late_2080s_heatwave_extreme_2088,outdoor_temp_ge_20_c,mean_operative_temp_c,discomfort_probability,0.9800405926022594,3453
guangzhou_ssp245_late_2080s_heatwave_extreme_2088,outdoor_temp_ge_20_c,mean_operative_temp_c,warm_discomfort_probability,0.9869207939054223,3453
guangzhou_ssp245_late_2080s_heatwave_extreme_2088,outdoor_temp_ge_20_c,mean_operative_temp_c,cold_discomfort_probability,-0.9654728587991432,3453
guangzhou_ssp245_late_2080s_heatwave_extreme_2088,outdoor_temp_ge_20_c,zone_cooling_rate_w,discomfort_probability,0.4017885879076183,3453
guangzhou_ssp245_late_2080s_heatwave_extreme_2088,outdoor_temp_ge_25_c,outdoor_temp_c,mean_operative_temp_c,0.605674493117488,2698
guangzhou_ssp245_late_2080s_heatwave_extreme_2088,outdoor_temp_ge_25_c,mean_operative_temp_c,discomfort_probability,0.9889597760724389,2698
guangzhou_ssp245_late_2080s_heatwave_extreme_2088,outdoor_temp_ge_25_c,mean_operative_temp_c,warm_discomfort_probability,0.9920492653475668,2698
guangzhou_ssp245_late_2080s_heatwave_extreme_2088,outdoor_temp_ge_25_c,mean_operative_temp_c,cold_discomfort_probability,-0.9812669280787014,2698
guangzhou_ssp245_late_2080s_heatwave_extreme_2088,outdoor_temp_ge_25_c,zone_cooling_rate_w,discomfort_probability,0.1878955261364352,2698
guangzhou_ssp245_late_2080s_heatwave_extreme_2088,may_through_september,outdoor_temp_c,mean_operative_temp_c,0.5543307912321707,1853
guangzhou_ssp245_late_2080s_heatwave_extreme_2088,may_through_september,mean_operative_temp_c,discomfort_probability,0.9911607331291208,1853
guangzhou_ssp245_late_2080s_heatwave_extreme_2088,may_through_september,mean_operative_temp_c,warm_discomfort_probability,0.99272271380886,1853
guangzhou_ssp245_late_2080s_heatwave_extreme_2088,may_through_september,mean_operative_temp_c,cold_discomfort_probability,-0.9893138386953529,1853
guangzhou_ssp245_late_2080s_heatwave_extreme_2088,may_through_september,zone_cooling_rate_w,discomfort_probability,0.156750379402318,1853
guangzhou_ssp245_late_2080s_hot_2083,all_occupied_hours,outdoor_temp_c,mean_operative_temp_c,0.7932370681788342,4437
guangzhou_ssp245_late_2080s_hot_2083,all_occupied_hours,mean_operative_temp_c,discomfort_probability,0.9194522744726864,4437
guangzhou_ssp245_late_2080s_hot_2083,all_occupied_hours,mean_operative_temp_c,warm_discomfort_probability,0.9469214214347509,4437
guangzhou_ssp245_late_2080s_hot_2083,all_occupied_hours,mean_operative_temp_c,cold_discomfort_probability,-0.9584864207885604,4437
guangzhou_ssp245_late_2080s_hot_2083,all_occupied_hours,zone_cooling_rate_w,discomfort_probability,0.557436545711749,4437
guangzhou_ssp245_late_2080s_hot_2083,outdoor_temp_ge_20_c,outdoor_temp_c,mean_operative_temp_c,0.6917978353237098,3536
guangzhou_ssp245_late_2080s_hot_2083,outdoor_temp_ge_20_c,mean_operative_temp_c,discomfort_probability,0.9730359454623326,3536
guangzhou_ssp245_late_2080s_hot_2083,outdoor_temp_ge_20_c,mean_operative_temp_c,warm_discomfort_probability,0.9809367690695733,3536
guangzhou_ssp245_late_2080s_hot_2083,outdoor_temp_ge_20_c,mean_operative_temp_c,cold_discomfort_probability,-0.9595139470535531,3536
guangzhou_ssp245_late_2080s_hot_2083,outdoor_temp_ge_20_c,zone_cooling_rate_w,discomfort_probability,0.4400541870556586,3536
guangzhou_ssp245_late_2080s_hot_2083,outdoor_temp_ge_25_c,outdoor_temp_c,mean_operative_temp_c,0.5350473558846494,2779
guangzhou_ssp245_late_2080s_hot_2083,outdoor_temp_ge_25_c,mean_operative_temp_c,discomfort_probability,0.9832236750087306,2779
guangzhou_ssp245_late_2080s_hot_2083,outdoor_temp_ge_25_c,mean_operative_temp_c,warm_discomfort_probability,0.9876130546639923,2779
guangzhou_ssp245_late_2080s_hot_2083,outdoor_temp_ge_25_c,mean_operative_temp_c,cold_discomfort_probability,-0.9742945981321952,2779
guangzhou_ssp245_late_2080s_hot_2083,outdoor_temp_ge_25_c,zone_cooling_rate_w,discomfort_probability,0.2655036128619156,2779
guangzhou_ssp245_late_2080s_hot_2083,may_through_september,outdoor_temp_c,mean_operative_temp_c,0.4070272729932739,1853
guangzhou_ssp245_late_2080s_hot_2083,may_through_september,mean_operative_temp_c,discomfort_probability,0.9942033223890273,1853
guangzhou_ssp245_late_2080s_hot_2083,may_through_september,mean_operative_temp_c,warm_discomfort_probability,0.9956120910083035,1853
guangzhou_ssp245_late_2080s_hot_2083,may_through_september,mean_operative_temp_c,cold_discomfort_probability,-0.9889758587891853,1853
guangzhou_ssp245_late_2080s_hot_2083,may_through_september,zone_cooling_rate_w,discomfort_probability,0.2004277233204218,1853
guangzhou_ssp245_late_2080s_typical_2084,all_occupied_hours,outdoor_temp_c,mean_operative_temp_c,0.8271482780238628,4437
guangzhou_ssp245_late_2080s_typical_2084,all_occupied_hours,mean_operative_temp_c,discomfort_probability,0.8438181458523393,4437
guangzhou_ssp245_late_2080s_typical_2084,all_occupied_hours,mean_operative_temp_c,warm_discomfort_probability,0.8955249710097437,4437
guangzhou_ssp245_late_2080s_typical_2084,all_occupied_hours,mean_operative_temp_c,cold_discomfort_probability,-0.9236345056724338,4437
guangzhou_ssp245_late_2080s_typical_2084,all_occupied_hours,zone_cooling_rate_w,discomfort_probability,0.6242274325548598,4437
guangzhou_ssp245_late_2080s_typical_2084,outdoor_temp_ge_20_c,outdoor_temp_c,mean_operative_temp_c,0.6961396370430417,3443
guangzhou_ssp245_late_2080s_typical_2084,outdoor_temp_ge_20_c,mean_operative_temp_c,discomfort_probability,0.9594241650312438,3443
guangzhou_ssp245_late_2080s_typical_2084,outdoor_temp_ge_20_c,mean_operative_temp_c,warm_discomfort_probability,0.9720324568714485,3443
guangzhou_ssp245_late_2080s_typical_2084,outdoor_temp_ge_20_c,mean_operative_temp_c,cold_discomfort_probability,-0.935976695777821,3443
guangzhou_ssp245_late_2080s_typical_2084,outdoor_temp_ge_20_c,zone_cooling_rate_w,discomfort_probability,0.5875264545198403,3443
guangzhou_ssp245_late_2080s_typical_2084,outdoor_temp_ge_25_c,outdoor_temp_c,mean_operative_temp_c,0.47222260104097863,2640
guangzhou_ssp245_late_2080s_typical_2084,outdoor_temp_ge_25_c,mean_operative_temp_c,discomfort_probability,0.977261201241146,2640
guangzhou_ssp245_late_2080s_typical_2084,outdoor_temp_ge_25_c,mean_operative_temp_c,warm_discomfort_probability,0.9837770146733552,2640
guangzhou_ssp245_late_2080s_typical_2084,outdoor_temp_ge_25_c,mean_operative_temp_c,cold_discomfort_probability,-0.9571778541976977,2640
guangzhou_ssp245_late_2080s_typical_2084,outdoor_temp_ge_25_c,zone_cooling_rate_w,discomfort_probability,0.41606476016247645,2640
guangzhou_ssp245_late_2080s_typical_2084,may_through_september,outdoor_temp_c,mean_operative_temp_c,0.3652586574860909,1853
guangzhou_ssp245_late_2080s_typical_2084,may_through_september,mean_operative_temp_c,discomfort_probability,0.9933444981949685,1853
guangzhou_ssp245_late_2080s_typical_2084,may_through_september,mean_operative_temp_c,warm_discomfort_probability,0.9960422372516624,1853
guangzhou_ssp245_late_2080s_typical_2084,may_through_september,mean_operative_temp_c,cold_discomfort_probability,-0.9817147018036326,1853
guangzhou_ssp245_late_2080s_typical_2084,may_through_september,zone_cooling_rate_w,discomfort_probability,0.34227335909711615,1853
guangzhou_ssp245_mid_2050s_heatwave_extreme_2055,all_occupied_hours,outdoor_temp_c,mean_operative_temp_c,0.7872877671541093,4437
guangzhou_ssp245_mid_2050s_heatwave_extreme_2055,all_occupied_hours,mean_operative_temp_c,discomfort_probability,0.8926295087020778,4437
guangzhou_ssp245_mid_2050s_heatwave_extreme_2055,all_occupied_hours,mean_operative_temp_c,warm_discomfort_probability,0.9116977666672753,4437
guangzhou_ssp245_mid_2050s_heatwave_extreme_2055,all_occupied_hours,mean_operative_temp_c,cold_discomfort_probability,-0.854207815661895,4437
guangzhou_ssp245_mid_2050s_heatwave_extreme_2055,all_occupied_hours,zone_cooling_rate_w,discomfort_probability,0.6167878662261166,4437
guangzhou_ssp245_mid_2050s_heatwave_extreme_2055,outdoor_temp_ge_20_c,outdoor_temp_c,mean_operative_temp_c,0.7081711079471879,3589
guangzhou_ssp245_mid_2050s_heatwave_extreme_2055,outdoor_temp_ge_20_c,mean_operative_temp_c,discomfort_probability,0.9629689601951812,3589
guangzhou_ssp245_mid_2050s_heatwave_extreme_2055,outdoor_temp_ge_20_c,mean_operative_temp_c,warm_discomfort_probability,0.9737286552837383,3589
guangzhou_ssp245_mid_2050s_heatwave_extreme_2055,outdoor_temp_ge_20_c,mean_operative_temp_c,cold_discomfort_probability,-0.9046072805837357,3589
guangzhou_ssp245_mid_2050s_heatwave_extreme_2055,outdoor_temp_ge_20_c,zone_cooling_rate_w,discomfort_probability,0.5663546374651854,3589
guangzhou_ssp245_mid_2050s_heatwave_extreme_2055,outdoor_temp_ge_25_c,outdoor_temp_c,mean_operative_temp_c,0.5819886383851398,2459
guangzhou_ssp245_mid_2050s_heatwave_extreme_2055,outdoor_temp_ge_25_c,mean_operative_temp_c,discomfort_probability,0.980165196430978,2459
guangzhou_ssp245_mid_2050s_heatwave_extreme_2055,outdoor_temp_ge_25_c,mean_operative_temp_c,warm_discomfort_probability,0.9854872675054042,2459
guangzhou_ssp245_mid_2050s_heatwave_extreme_2055,outdoor_temp_ge_25_c,mean_operative_temp_c,cold_discomfort_probability,-0.9513879959892003,2459
guangzhou_ssp245_mid_2050s_heatwave_extreme_2055,outdoor_temp_ge_25_c,zone_cooling_rate_w,discomfort_probability,0.3721802578460924,2459
guangzhou_ssp245_mid_2050s_heatwave_extreme_2055,may_through_september,outdoor_temp_c,mean_operative_temp_c,0.6277930606771548,1853
guangzhou_ssp245_mid_2050s_heatwave_extreme_2055,may_through_september,mean_operative_temp_c,discomfort_probability,0.993507325380678,1853
guangzhou_ssp245_mid_2050s_heatwave_extreme_2055,may_through_september,mean_operative_temp_c,warm_discomfort_probability,0.9951539947706713,1853
guangzhou_ssp245_mid_2050s_heatwave_extreme_2055,may_through_september,mean_operative_temp_c,cold_discomfort_probability,-0.9702351536264865,1853
guangzhou_ssp245_mid_2050s_heatwave_extreme_2055,may_through_september,zone_cooling_rate_w,discomfort_probability,0.37886446698628645,1853
guangzhou_ssp245_mid_2050s_hot_2051,all_occupied_hours,outdoor_temp_c,mean_operative_temp_c,0.8264855008712059,4437
guangzhou_ssp245_mid_2050s_hot_2051,all_occupied_hours,mean_operative_temp_c,discomfort_probability,0.8529319737640954,4437
guangzhou_ssp245_mid_2050s_hot_2051,all_occupied_hours,mean_operative_temp_c,warm_discomfort_probability,0.8950422208724562,4437
guangzhou_ssp245_mid_2050s_hot_2051,all_occupied_hours,mean_operative_temp_c,cold_discomfort_probability,-0.8956051022802429,4437
guangzhou_ssp245_mid_2050s_hot_2051,all_occupied_hours,zone_cooling_rate_w,discomfort_probability,0.5954158034918343,4437
guangzhou_ssp245_mid_2050s_hot_2051,outdoor_temp_ge_20_c,outdoor_temp_c,mean_operative_temp_c,0.7138822950748146,3582
guangzhou_ssp245_mid_2050s_hot_2051,outdoor_temp_ge_20_c,mean_operative_temp_c,discomfort_probability,0.968018801600189,3582
guangzhou_ssp245_mid_2050s_hot_2051,outdoor_temp_ge_20_c,mean_operative_temp_c,warm_discomfort_probability,0.9787510894449892,3582
guangzhou_ssp245_mid_2050s_hot_2051,outdoor_temp_ge_20_c,mean_operative_temp_c,cold_discomfort_probability,-0.9254538618201292,3582
guangzhou_ssp245_mid_2050s_hot_2051,outdoor_temp_ge_20_c,zone_cooling_rate_w,discomfort_probability,0.559063751377437,3582
guangzhou_ssp245_mid_2050s_hot_2051,outdoor_temp_ge_25_c,outdoor_temp_c,mean_operative_temp_c,0.5425506194588844,2657
guangzhou_ssp245_mid_2050s_hot_2051,outdoor_temp_ge_25_c,mean_operative_temp_c,discomfort_probability,0.9796378415669473,2657
guangzhou_ssp245_mid_2050s_hot_2051,outdoor_temp_ge_25_c,mean_operative_temp_c,warm_discomfort_probability,0.9858891776258072,2657
guangzhou_ssp245_mid_2050s_hot_2051,outdoor_temp_ge_25_c,mean_operative_temp_c,cold_discomfort_probability,-0.9549365016845426,2657
guangzhou_ssp245_mid_2050s_hot_2051,outdoor_temp_ge_25_c,zone_cooling_rate_w,discomfort_probability,0.3622234381435991,2657
guangzhou_ssp245_mid_2050s_hot_2051,may_through_september,outdoor_temp_c,mean_operative_temp_c,0.46723493826364715,1853
guangzhou_ssp245_mid_2050s_hot_2051,may_through_september,mean_operative_temp_c,discomfort_probability,0.9941332873859352,1853
guangzhou_ssp245_mid_2050s_hot_2051,may_through_september,mean_operative_temp_c,warm_discomfort_probability,0.9961257368213898,1853
guangzhou_ssp245_mid_2050s_hot_2051,may_through_september,mean_operative_temp_c,cold_discomfort_probability,-0.9839181063517826,1853
guangzhou_ssp245_mid_2050s_hot_2051,may_through_september,zone_cooling_rate_w,discomfort_probability,0.286726756031655,1853
guangzhou_ssp245_mid_2050s_typical_2054,all_occupied_hours,outdoor_temp_c,mean_operative_temp_c,0.8296202047519399,4437
guangzhou_ssp245_mid_2050s_typical_2054,all_occupied_hours,mean_operative_temp_c,discomfort_probability,0.8680776058243721,4437
guangzhou_ssp245_mid_2050s_typical_2054,all_occupied_hours,mean_operative_temp_c,warm_discomfort_probability,0.8897281688531862,4437
guangzhou_ssp245_mid_2050s_typical_2054,all_occupied_hours,mean_operative_temp_c,cold_discomfort_probability,-0.8340320167896508,4437
guangzhou_ssp245_mid_2050s_typical_2054,all_occupied_hours,zone_cooling_rate_w,discomfort_probability,0.6368261410810554,4437
guangzhou_ssp245_mid_2050s_typical_2054,outdoor_temp_ge_20_c,outdoor_temp_c,mean_operative_temp_c,0.6789676629573627,3424
guangzhou_ssp245_mid_2050s_typical_2054,outdoor_temp_ge_20_c,mean_operative_temp_c,discomfort_probability,0.9678693669986085,3424
guangzhou_ssp245_mid_2050s_typical_2054,outdoor_temp_ge_20_c,mean_operative_temp_c,warm_discomfort_probability,0.9789220998102004,3424
guangzhou_ssp245_mid_2050s_typical_2054,outdoor_temp_ge_20_c,mean_operative_temp_c,cold_discomfort_probability,-0.9341864227237675,3424
guangzhou_ssp245_mid_2050s_typical_2054,outdoor_temp_ge_20_c,zone_cooling_rate_w,discomfort_probability,0.556357384906623,3424
guangzhou_ssp245_mid_2050s_typical_2054,outdoor_temp_ge_25_c,outdoor_temp_c,mean_operative_temp_c,0.5015088065961842,2608
guangzhou_ssp245_mid_2050s_typical_2054,outdoor_temp_ge_25_c,mean_operative_temp_c,discomfort_probability,0.9790882502048944,2608
guangzhou_ssp245_mid_2050s_typical_2054,outdoor_temp_ge_25_c,mean_operative_temp_c,warm_discomfort_probability,0.9860437975535671,2608
guangzhou_ssp245_mid_2050s_typical_2054,outdoor_temp_ge_25_c,mean_operative_temp_c,cold_discomfort_probability,-0.9610212369717852,2608
guangzhou_ssp245_mid_2050s_typical_2054,outdoor_temp_ge_25_c,zone_cooling_rate_w,discomfort_probability,0.39302257963042414,2608
guangzhou_ssp245_mid_2050s_typical_2054,may_through_september,outdoor_temp_c,mean_operative_temp_c,0.46941395682403286,1853
guangzhou_ssp245_mid_2050s_typical_2054,may_through_september,mean_operative_temp_c,discomfort_probability,0.9913156256675352,1853
guangzhou_ssp245_mid_2050s_typical_2054,may_through_september,mean_operative_temp_c,warm_discomfort_probability,0.9949014732711545,1853
guangzhou_ssp245_mid_2050s_typical_2054,may_through_september,mean_operative_temp_c,cold_discomfort_probability,-0.9806478755483364,1853
guangzhou_ssp245_mid_2050s_typical_2054,may_through_september,zone_cooling_rate_w,discomfort_probability,0.29069685218490665,1853
guangzhou_ssp245_near_2030s_heatwave_extreme_2034,all_occupied_hours,outdoor_temp_c,mean_operative_temp_c,0.8143146125955613,4437
guangzhou_ssp245_near_2030s_heatwave_extreme_2034,all_occupied_hours,mean_operative_temp_c,discomfort_probability,0.8108263876134479,4437
guangzhou_ssp245_near_2030s_heatwave_extreme_2034,all_occupied_hours,mean_operative_temp_c,warm_discomfort_probability,0.8769440663565162,4437
guangzhou_ssp245_near_2030s_heatwave_extreme_2034,all_occupied_hours,mean_operative_temp_c,cold_discomfort_probability,-0.8919324582781633,4437
guangzhou_ssp245_near_2030s_heatwave_extreme_2034,all_occupied_hours,zone_cooling_rate_w,discomfort_probability,0.6262668392644013,4437
guangzhou_ssp245_near_2030s_heatwave_extreme_2034,outdoor_temp_ge_20_c,outdoor_temp_c,mean_operative_temp_c,0.6713049606434573,3332
guangzhou_ssp245_near_2030s_heatwave_extreme_2034,outdoor_temp_ge_20_c,mean_operative_temp_c,discomfort_probability,0.9411970249336712,3332
guangzhou_ssp245_near_2030s_heatwave_extreme_2034,outdoor_temp_ge_20_c,mean_operative_temp_c,warm_discomfort_probability,0.9589173628207784,3332
guangzhou_ssp245_near_2030s_heatwave_extreme_2034,outdoor_temp_ge_20_c,mean_operative_temp_c,cold_discomfort_probability,-0.8781044553081953,3332
guangzhou_ssp245_near_2030s_heatwave_extreme_2034,outdoor_temp_ge_20_c,zone_cooling_rate_w,discomfort_probability,0.6180251751276996,3332
guangzhou_ssp245_near_2030s_heatwave_extreme_2034,outdoor_temp_ge_25_c,outdoor_temp_c,mean_operative_temp_c,0.45509225149777355,2349
guangzhou_ssp245_near_2030s_heatwave_extreme_2034,outdoor_temp_ge_25_c,mean_operative_temp_c,discomfort_probability,0.9693556934767761,2349
guangzhou_ssp245_near_2030s_heatwave_extreme_2034,outdoor_temp_ge_25_c,mean_operative_temp_c,warm_discomfort_probability,0.97735807347165,2349
guangzhou_ssp245_near_2030s_heatwave_extreme_2034,outdoor_temp_ge_25_c,mean_operative_temp_c,cold_discomfort_probability,-0.9141180079582297,2349
guangzhou_ssp245_near_2030s_heatwave_extreme_2034,outdoor_temp_ge_25_c,zone_cooling_rate_w,discomfort_probability,0.4727364058092821,2349
guangzhou_ssp245_near_2030s_heatwave_extreme_2034,may_through_september,outdoor_temp_c,mean_operative_temp_c,0.3557353703200294,1853
guangzhou_ssp245_near_2030s_heatwave_extreme_2034,may_through_september,mean_operative_temp_c,discomfort_probability,0.9910501327839744,1853
guangzhou_ssp245_near_2030s_heatwave_extreme_2034,may_through_september,mean_operative_temp_c,warm_discomfort_probability,0.9950022085884241,1853
guangzhou_ssp245_near_2030s_heatwave_extreme_2034,may_through_september,mean_operative_temp_c,cold_discomfort_probability,-0.9503409435962609,1853
guangzhou_ssp245_near_2030s_heatwave_extreme_2034,may_through_september,zone_cooling_rate_w,discomfort_probability,0.39537941403042776,1853
guangzhou_ssp245_near_2030s_hot_2038,all_occupied_hours,outdoor_temp_c,mean_operative_temp_c,0.7845042819470068,4437
guangzhou_ssp245_near_2030s_hot_2038,all_occupied_hours,mean_operative_temp_c,discomfort_probability,0.855602540748414,4437
guangzhou_ssp245_near_2030s_hot_2038,all_occupied_hours,mean_operative_temp_c,warm_discomfort_probability,0.8999718620501147,4437
guangzhou_ssp245_near_2030s_hot_2038,all_occupied_hours,mean_operative_temp_c,cold_discomfort_probability,-0.8650933579751058,4437
guangzhou_ssp245_near_2030s_hot_2038,all_occupied_hours,zone_cooling_rate_w,discomfort_probability,0.571054462946058,4437
guangzhou_ssp245_near_2030s_hot_2038,outdoor_temp_ge_20_c,outdoor_temp_c,mean_operative_temp_c,0.6620734101379284,3522
guangzhou_ssp245_near_2030s_hot_2038,outdoor_temp_ge_20_c,mean_operative_temp_c,discomfort_probability,0.9587182038129339,3522
guangzhou_ssp245_near_2030s_hot_2038,outdoor_temp_ge_20_c,mean_operative_temp_c,warm_discomfort_probability,0.9720350847642547,3522
guangzhou_ssp245_near_2030s_hot_2038,outdoor_temp_ge_20_c,mean_operative_temp_c,cold_discomfort_probability,-0.905605508908727,3522
guangzhou_ssp245_near_2030s_hot_2038,outdoor_temp_ge_20_c,zone_cooling_rate_w,discomfort_probability,0.5164792241956732,3522
guangzhou_ssp245_near_2030s_hot_2038,outdoor_temp_ge_25_c,outdoor_temp_c,mean_operative_temp_c,0.4962578497066603,2574
guangzhou_ssp245_near_2030s_hot_2038,outdoor_temp_ge_25_c,mean_operative_temp_c,discomfort_probability,0.9731481992261788,2574
guangzhou_ssp245_near_2030s_hot_2038,outdoor_temp_ge_25_c,mean_operative_temp_c,warm_discomfort_probability,0.9809130544623116,2574
guangzhou_ssp245_near_2030s_hot_2038,outdoor_temp_ge_25_c,mean_operative_temp_c,cold_discomfort_probability,-0.9443691907941534,2574
guangzhou_ssp245_near_2030s_hot_2038,outdoor_temp_ge_25_c,zone_cooling_rate_w,discomfort_probability,0.334718270936127,2574
guangzhou_ssp245_near_2030s_hot_2038,may_through_september,outdoor_temp_c,mean_operative_temp_c,0.38895532574478864,1853
guangzhou_ssp245_near_2030s_hot_2038,may_through_september,mean_operative_temp_c,discomfort_probability,0.9924125873554781,1853
guangzhou_ssp245_near_2030s_hot_2038,may_through_september,mean_operative_temp_c,warm_discomfort_probability,0.9955434705489412,1853
guangzhou_ssp245_near_2030s_hot_2038,may_through_september,mean_operative_temp_c,cold_discomfort_probability,-0.9792874647056858,1853
guangzhou_ssp245_near_2030s_hot_2038,may_through_september,zone_cooling_rate_w,discomfort_probability,0.25664066324130563,1853
guangzhou_ssp245_near_2030s_typical_2031,all_occupied_hours,outdoor_temp_c,mean_operative_temp_c,0.8128045638757032,4437
guangzhou_ssp245_near_2030s_typical_2031,all_occupied_hours,mean_operative_temp_c,discomfort_probability,0.7587367832366998,4437
guangzhou_ssp245_near_2030s_typical_2031,all_occupied_hours,mean_operative_temp_c,warm_discomfort_probability,0.8384717252606789,4437
guangzhou_ssp245_near_2030s_typical_2031,all_occupied_hours,mean_operative_temp_c,cold_discomfort_probability,-0.8767383483273256,4437
guangzhou_ssp245_near_2030s_typical_2031,all_occupied_hours,zone_cooling_rate_w,discomfort_probability,0.5974808159652402,4437
guangzhou_ssp245_near_2030s_typical_2031,outdoor_temp_ge_20_c,outdoor_temp_c,mean_operative_temp_c,0.6587894863732461,3267
guangzhou_ssp245_near_2030s_typical_2031,outdoor_temp_ge_20_c,mean_operative_temp_c,discomfort_probability,0.9437214253645748,3267
guangzhou_ssp245_near_2030s_typical_2031,outdoor_temp_ge_20_c,mean_operative_temp_c,warm_discomfort_probability,0.9606673556309895,3267
guangzhou_ssp245_near_2030s_typical_2031,outdoor_temp_ge_20_c,mean_operative_temp_c,cold_discomfort_probability,-0.8822961850539905,3267
guangzhou_ssp245_near_2030s_typical_2031,outdoor_temp_ge_20_c,zone_cooling_rate_w,discomfort_probability,0.6258824422055679,3267
guangzhou_ssp245_near_2030s_typical_2031,outdoor_temp_ge_25_c,outdoor_temp_c,mean_operative_temp_c,0.47745125917998427,2381
guangzhou_ssp245_near_2030s_typical_2031,outdoor_temp_ge_25_c,mean_operative_temp_c,discomfort_probability,0.9736309054320391,2381
guangzhou_ssp245_near_2030s_typical_2031,outdoor_temp_ge_25_c,mean_operative_temp_c,warm_discomfort_probability,0.9801439273604544,2381
guangzhou_ssp245_near_2030s_typical_2031,outdoor_temp_ge_25_c,mean_operative_temp_c,cold_discomfort_probability,-0.9066920320923453,2381
guangzhou_ssp245_near_2030s_typical_2031,outdoor_temp_ge_25_c,zone_cooling_rate_w,discomfort_probability,0.4953449084438103,2381
guangzhou_ssp245_near_2030s_typical_2031,may_through_september,outdoor_temp_c,mean_operative_temp_c,0.5005345104096582,1853
guangzhou_ssp245_near_2030s_typical_2031,may_through_september,mean_operative_temp_c,discomfort_probability,0.9885953510359233,1853
guangzhou_ssp245_near_2030s_typical_2031,may_through_september,mean_operative_temp_c,warm_discomfort_probability,0.9923610140053035,1853
guangzhou_ssp245_near_2030s_typical_2031,may_through_september,mean_operative_temp_c,cold_discomfort_probability,-0.936183589426986,1853
guangzhou_ssp245_near_2030s_typical_2031,may_through_september,zone_cooling_rate_w,discomfort_probability,0.4776758974083619,1853
guangzhou_ssp585_baseline_2020s_heatwave_extreme_2026,all_occupied_hours,outdoor_temp_c,mean_operative_temp_c,0.8632105141883939,4437
guangzhou_ssp585_baseline_2020s_heatwave_extreme_2026,all_occupied_hours,mean_operative_temp_c,discomfort_probability,0.8383111947602016,4437
guangzhou_ssp585_baseline_2020s_heatwave_extreme_2026,all_occupied_hours,mean_operative_temp_c,warm_discomfort_probability,0.892830175005654,4437
guangzhou_ssp585_baseline_2020s_heatwave_extreme_2026,all_occupied_hours,mean_operative_temp_c,cold_discomfort_probability,-0.8751840125228961,4437
guangzhou_ssp585_baseline_2020s_heatwave_extreme_2026,all_occupied_hours,zone_cooling_rate_w,discomfort_probability,0.6548122626192504,4437
guangzhou_ssp585_baseline_2020s_heatwave_extreme_2026,outdoor_temp_ge_20_c,outdoor_temp_c,mean_operative_temp_c,0.7215431019707974,3167
guangzhou_ssp585_baseline_2020s_heatwave_extreme_2026,outdoor_temp_ge_20_c,mean_operative_temp_c,discomfort_probability,0.9540784808017834,3167
guangzhou_ssp585_baseline_2020s_heatwave_extreme_2026,outdoor_temp_ge_20_c,mean_operative_temp_c,warm_discomfort_probability,0.9697541451899555,3167
guangzhou_ssp585_baseline_2020s_heatwave_extreme_2026,outdoor_temp_ge_20_c,mean_operative_temp_c,cold_discomfort_probability,-0.9183775089405944,3167
guangzhou_ssp585_baseline_2020s_heatwave_extreme_2026,outdoor_temp_ge_20_c,zone_cooling_rate_w,discomfort_probability,0.5786019383095402,3167
guangzhou_ssp585_baseline_2020s_heatwave_extreme_2026,outdoor_temp_ge_25_c,outdoor_temp_c,mean_operative_temp_c,0.5063163097237197,2226
guangzhou_ssp585_baseline_2020s_heatwave_extreme_2026,outdoor_temp_ge_25_c,mean_operative_temp_c,discomfort_probability,0.9692331077208501,2226
guangzhou_ssp585_baseline_2020s_heatwave_extreme_2026,outdoor_temp_ge_25_c,mean_operative_temp_c,warm_discomfort_probability,0.9788860896112918,2226
guangzhou_ssp585_baseline_2020s_heatwave_extreme_2026,outdoor_temp_ge_25_c,mean_operative_temp_c,cold_discomfort_probability,-0.9561898909623344,2226
guangzhou_ssp585_baseline_2020s_heatwave_extreme_2026,outdoor_temp_ge_25_c,zone_cooling_rate_w,discomfort_probability,0.3500823573663816,2226
guangzhou_ssp585_baseline_2020s_heatwave_extreme_2026,may_through_september,outdoor_temp_c,mean_operative_temp_c,0.4331269926700308,1853
guangzhou_ssp585_baseline_2020s_heatwave_extreme_2026,may_through_september,mean_operative_temp_c,discomfort_probability,0.991433672170875,1853
guangzhou_ssp585_baseline_2020s_heatwave_extreme_2026,may_through_september,mean_operative_temp_c,warm_discomfort_probability,0.9951810436941778,1853
guangzhou_ssp585_baseline_2020s_heatwave_extreme_2026,may_through_september,mean_operative_temp_c,cold_discomfort_probability,-0.97748557172284,1853
guangzhou_ssp585_baseline_2020s_heatwave_extreme_2026,may_through_september,zone_cooling_rate_w,discomfort_probability,0.2888272987747324,1853
guangzhou_ssp585_baseline_2020s_hot_2028,all_occupied_hours,outdoor_temp_c,mean_operative_temp_c,0.818707638242913,4437
guangzhou_ssp585_baseline_2020s_hot_2028,all_occupied_hours,mean_operative_temp_c,discomfort_probability,0.7826620224559035,4437
guangzhou_ssp585_baseline_2020s_hot_2028,all_occupied_hours,mean_operative_temp_c,warm_discomfort_probability,0.8548003788798835,4437
guangzhou_ssp585_baseline_2020s_hot_2028,all_occupied_hours,mean_operative_temp_c,cold_discomfort_probability,-0.8960998193705085,4437
guangzhou_ssp585_baseline_2020s_hot_2028,all_occupied_hours,zone_cooling_rate_w,discomfort_probability,0.5665615073301737,4437
guangzhou_ssp585_baseline_2020s_hot_2028,outdoor_temp_ge_20_c,outdoor_temp_c,mean_operative_temp_c,0.6802680210128603,3212
guangzhou_ssp585_baseline_2020s_hot_2028,outdoor_temp_ge_20_c,mean_operative_temp_c,discomfort_probability,0.9542198593276625,3212
guangzhou_ssp585_baseline_2020s_hot_2028,outdoor_temp_ge_20_c,mean_operative_temp_c,warm_discomfort_probability,0.9698941725382165,3212
guangzhou_ssp585_baseline_2020s_hot_2028,outdoor_temp_ge_20_c,mean_operative_temp_c,cold_discomfort_probability,-0.9234593036739897,3212
guangzhou_ssp585_baseline_2020s_hot_2028,outdoor_temp_ge_20_c,zone_cooling_rate_w,discomfort_probability,0.562227316740302,3212
guangzhou_ssp585_baseline_2020s_hot_2028,outdoor_temp_ge_25_c,outdoor_temp_c,mean_operative_temp_c,0.49293564054122696,2383
guangzhou_ssp585_baseline_2020s_hot_2028,outdoor_temp_ge_25_c,mean_operative_temp_c,discomfort_probability,0.9722492462291094,2383
guangzhou_ssp585_baseline_2020s_hot_2028,outdoor_temp_ge_25_c,mean_operative_temp_c,warm_discomfort_probability,0.9814419934113415,2383
guangzhou_ssp585_baseline_2020s_hot_2028,outdoor_temp_ge_25_c,mean_operative_temp_c,cold_discomfort_probability,-0.9450626762290084,2383
guangzhou_ssp585_baseline_2020s_hot_2028,outdoor_temp_ge_25_c,zone_cooling_rate_w,discomfort_probability,0.3873143582175171,2383
guangzhou_ssp585_baseline_2020s_hot_2028,may_through_september,outdoor_temp_c,mean_operative_temp_c,0.49838477049893487,1853
guangzhou_ssp585_baseline_2020s_hot_2028,may_through_september,mean_operative_temp_c,discomfort_probability,0.9892573136559965,1853
guangzhou_ssp585_baseline_2020s_hot_2028,may_through_september,mean_operative_temp_c,warm_discomfort_probability,0.9940988696453655,1853
guangzhou_ssp585_baseline_2020s_hot_2028,may_through_september,mean_operative_temp_c,cold_discomfort_probability,-0.9623468193436386,1853
guangzhou_ssp585_baseline_2020s_hot_2028,may_through_september,zone_cooling_rate_w,discomfort_probability,0.3543486474817495,1853
guangzhou_ssp585_baseline_2020s_typical_2025,all_occupied_hours,outdoor_temp_c,mean_operative_temp_c,0.804716671755113,4437
guangzhou_ssp585_baseline_2020s_typical_2025,all_occupied_hours,mean_operative_temp_c,discomfort_probability,0.7759134781159122,4437
guangzhou_ssp585_baseline_2020s_typical_2025,all_occupied_hours,mean_operative_temp_c,warm_discomfort_probability,0.8611729040086433,4437
guangzhou_ssp585_baseline_2020s_typical_2025,all_occupied_hours,mean_operative_temp_c,cold_discomfort_probability,-0.8381436022417436,4437
guangzhou_ssp585_baseline_2020s_typical_2025,all_occupied_hours,zone_cooling_rate_w,discomfort_probability,0.610481313629312,4437
guangzhou_ssp585_baseline_2020s_typical_2025,outdoor_temp_ge_20_c,outdoor_temp_c,mean_operative_temp_c,0.587548127985864,3179
guangzhou_ssp585_baseline_2020s_typical_2025,outdoor_temp_ge_20_c,mean_operative_temp_c,discomfort_probability,0.9486445767722026,3179
guangzhou_ssp585_baseline_2020s_typical_2025,outdoor_temp_ge_20_c,mean_operative_temp_c,warm_discomfort_probability,0.966114153971984,3179
guangzhou_ssp585_baseline_2020s_typical_2025,outdoor_temp_ge_20_c,mean_operative_temp_c,cold_discomfort_probability,-0.8935123062914135,3179
guangzhou_ssp585_baseline_2020s_typical_2025,outdoor_temp_ge_20_c,zone_cooling_rate_w,discomfort_probability,0.6117641542557178,3179
guangzhou_ssp585_baseline_2020s_typical_2025,outdoor_temp_ge_25_c,outdoor_temp_c,mean_operative_temp_c,0.4291510041560293,2342
guangzhou_ssp585_baseline_2020s_typical_2025,outdoor_temp_ge_25_c,mean_operative_temp_c,discomfort_probability,0.9686528136779304,2342
guangzhou_ssp585_baseline_2020s_typical_2025,outdoor_temp_ge_25_c,mean_operative_temp_c,warm_discomfort_probability,0.9787005311712911,2342
guangzhou_ssp585_baseline_2020s_typical_2025,outdoor_temp_ge_25_c,mean_operative_temp_c,cold_discomfort_probability,-0.9203919172583437,2342
guangzhou_ssp585_baseline_2020s_typical_2025,outdoor_temp_ge_25_c,zone_cooling_rate_w,discomfort_probability,0.47772977363119856,2342
guangzhou_ssp585_baseline_2020s_typical_2025,may_through_september,outdoor_temp_c,mean_operative_temp_c,0.4673093569501991,1853
guangzhou_ssp585_baseline_2020s_typical_2025,may_through_september,mean_operative_temp_c,discomfort_probability,0.9874393118775113,1853
guangzhou_ssp585_baseline_2020s_typical_2025,may_through_september,mean_operative_temp_c,warm_discomfort_probability,0.9923204887164883,1853
guangzhou_ssp585_baseline_2020s_typical_2025,may_through_september,mean_operative_temp_c,cold_discomfort_probability,-0.931162113395966,1853
guangzhou_ssp585_baseline_2020s_typical_2025,may_through_september,zone_cooling_rate_w,discomfort_probability,0.44227939976465985,1853
guangzhou_ssp585_late_2080s_heatwave_extreme_2086,all_occupied_hours,outdoor_temp_c,mean_operative_temp_c,0.902203412180331,4437
guangzhou_ssp585_late_2080s_heatwave_extreme_2086,all_occupied_hours,mean_operative_temp_c,discomfort_probability,0.9549879740171963,4437
guangzhou_ssp585_late_2080s_heatwave_extreme_2086,all_occupied_hours,mean_operative_temp_c,warm_discomfort_probability,0.9649636993198895,4437
guangzhou_ssp585_late_2080s_heatwave_extreme_2086,all_occupied_hours,mean_operative_temp_c,cold_discomfort_probability,-0.9581278445268728,4437
guangzhou_ssp585_late_2080s_heatwave_extreme_2086,all_occupied_hours,zone_cooling_rate_w,discomfort_probability,0.4192923076816452,4437
guangzhou_ssp585_late_2080s_heatwave_extreme_2086,outdoor_temp_ge_20_c,outdoor_temp_c,mean_operative_temp_c,0.8642551909804502,3774
guangzhou_ssp585_late_2080s_heatwave_extreme_2086,outdoor_temp_ge_20_c,mean_operative_temp_c,discomfort_probability,0.9739875069444041,3774
guangzhou_ssp585_late_2080s_heatwave_extreme_2086,outdoor_temp_ge_20_c,mean_operative_temp_c,warm_discomfort_probability,0.9792246671612034,3774
guangzhou_ssp585_late_2080s_heatwave_extreme_2086,outdoor_temp_ge_20_c,mean_operative_temp_c,cold_discomfort_probability,-0.9792748621524995,3774
guangzhou_ssp585_late_2080s_heatwave_extreme_2086,outdoor_temp_ge_20_c,zone_cooling_rate_w,discomfort_probability,0.21566960166797983,3774
guangzhou_ssp585_late_2080s_heatwave_extreme_2086,outdoor_temp_ge_25_c,outdoor_temp_c,mean_operative_temp_c,0.8216503949339399,3153
guangzhou_ssp585_late_2080s_heatwave_extreme_2086,outdoor_temp_ge_25_c,mean_operative_temp_c,discomfort_probability,0.9627594469642123,3153
guangzhou_ssp585_late_2080s_heatwave_extreme_2086,outdoor_temp_ge_25_c,mean_operative_temp_c,warm_discomfort_probability,0.9689440020572619,3153
guangzhou_ssp585_late_2080s_heatwave_extreme_2086,outdoor_temp_ge_25_c,mean_operative_temp_c,cold_discomfort_probability,-0.9879147172250982,3153
guangzhou_ssp585_late_2080s_heatwave_extreme_2086,outdoor_temp_ge_25_c,zone_cooling_rate_w,discomfort_probability,0.012788185625705287,3153
guangzhou_ssp585_late_2080s_heatwave_extreme_2086,may_through_september,outdoor_temp_c,mean_operative_temp_c,0.8297622125071535,1853
guangzhou_ssp585_late_2080s_heatwave_extreme_2086,may_through_september,mean_operative_temp_c,discomfort_probability,0.8516825437506776,1853
guangzhou_ssp585_late_2080s_heatwave_extreme_2086,may_through_september,mean_operative_temp_c,warm_discomfort_probability,0.8743545281361065,1853
guangzhou_ssp585_late_2080s_heatwave_extreme_2086,may_through_september,mean_operative_temp_c,cold_discomfort_probability,-0.9918319920366281,1853
guangzhou_ssp585_late_2080s_heatwave_extreme_2086,may_through_september,zone_cooling_rate_w,discomfort_probability,-0.06641480281763984,1853
guangzhou_ssp585_late_2080s_hot_2086,all_occupied_hours,outdoor_temp_c,mean_operative_temp_c,0.902203412180331,4437
guangzhou_ssp585_late_2080s_hot_2086,all_occupied_hours,mean_operative_temp_c,discomfort_probability,0.9549879740171963,4437
guangzhou_ssp585_late_2080s_hot_2086,all_occupied_hours,mean_operative_temp_c,warm_discomfort_probability,0.9649636993198895,4437
guangzhou_ssp585_late_2080s_hot_2086,all_occupied_hours,mean_operative_temp_c,cold_discomfort_probability,-0.9581278445268728,4437
guangzhou_ssp585_late_2080s_hot_2086,all_occupied_hours,zone_cooling_rate_w,discomfort_probability,0.4192923076816452,4437
guangzhou_ssp585_late_2080s_hot_2086,outdoor_temp_ge_20_c,outdoor_temp_c,mean_operative_temp_c,0.8642551909804502,3774
guangzhou_ssp585_late_2080s_hot_2086,outdoor_temp_ge_20_c,mean_operative_temp_c,discomfort_probability,0.9739875069444041,3774
guangzhou_ssp585_late_2080s_hot_2086,outdoor_temp_ge_20_c,mean_operative_temp_c,warm_discomfort_probability,0.9792246671612034,3774
guangzhou_ssp585_late_2080s_hot_2086,outdoor_temp_ge_20_c,mean_operative_temp_c,cold_discomfort_probability,-0.9792748621524995,3774
guangzhou_ssp585_late_2080s_hot_2086,outdoor_temp_ge_20_c,zone_cooling_rate_w,discomfort_probability,0.21566960166797983,3774
guangzhou_ssp585_late_2080s_hot_2086,outdoor_temp_ge_25_c,outdoor_temp_c,mean_operative_temp_c,0.8216503949339399,3153
guangzhou_ssp585_late_2080s_hot_2086,outdoor_temp_ge_25_c,mean_operative_temp_c,discomfort_probability,0.9627594469642123,3153
guangzhou_ssp585_late_2080s_hot_2086,outdoor_temp_ge_25_c,mean_operative_temp_c,warm_discomfort_probability,0.9689440020572619,3153
guangzhou_ssp585_late_2080s_hot_2086,outdoor_temp_ge_25_c,mean_operative_temp_c,cold_discomfort_probability,-0.9879147172250982,3153
guangzhou_ssp585_late_2080s_hot_2086,outdoor_temp_ge_25_c,zone_cooling_rate_w,discomfort_probability,0.012788185625705287,3153
guangzhou_ssp585_late_2080s_hot_2086,may_through_september,outdoor_temp_c,mean_operative_temp_c,0.8297622125071535,1853
guangzhou_ssp585_late_2080s_hot_2086,may_through_september,mean_operative_temp_c,discomfort_probability,0.8516825437506776,1853
guangzhou_ssp585_late_2080s_hot_2086,may_through_september,mean_operative_temp_c,warm_discomfort_probability,0.8743545281361065,1853
guangzhou_ssp585_late_2080s_hot_2086,may_through_september,mean_operative_temp_c,cold_discomfort_probability,-0.9918319920366281,1853
guangzhou_ssp585_late_2080s_hot_2086,may_through_september,zone_cooling_rate_w,discomfort_probability,-0.06641480281763984,1853
guangzhou_ssp585_late_2080s_typical_2087,all_occupied_hours,outdoor_temp_c,mean_operative_temp_c,0.8162166624089642,4437
guangzhou_ssp585_late_2080s_typical_2087,all_occupied_hours,mean_operative_temp_c,discomfort_probability,0.9485081740493584,4437
guangzhou_ssp585_late_2080s_typical_2087,all_occupied_hours,mean_operative_temp_c,warm_discomfort_probability,0.9609371480251424,4437
guangzhou_ssp585_late_2080s_typical_2087,all_occupied_hours,mean_operative_temp_c,cold_discomfort_probability,-0.9485657097525514,4437
guangzhou_ssp585_late_2080s_typical_2087,all_occupied_hours,zone_cooling_rate_w,discomfort_probability,0.4951825714415425,4437
guangzhou_ssp585_late_2080s_typical_2087,outdoor_temp_ge_20_c,outdoor_temp_c,mean_operative_temp_c,0.7475558032509646,3810
guangzhou_ssp585_late_2080s_typical_2087,outdoor_temp_ge_20_c,mean_operative_temp_c,discomfort_probability,0.9732799603972472,3810
guangzhou_ssp585_late_2080s_typical_2087,outdoor_temp_ge_20_c,mean_operative_temp_c,warm_discomfort_probability,0.9802404455279444,3810
guangzhou_ssp585_late_2080s_typical_2087,outdoor_temp_ge_20_c,mean_operative_temp_c,cold_discomfort_probability,-0.9622337265148118,3810
guangzhou_ssp585_late_2080s_typical_2087,outdoor_temp_ge_20_c,zone_cooling_rate_w,discomfort_probability,0.3618350581643354,3810
guangzhou_ssp585_late_2080s_typical_2087,outdoor_temp_ge_25_c,outdoor_temp_c,mean_operative_temp_c,0.6347405659918763,3049
guangzhou_ssp585_late_2080s_typical_2087,outdoor_temp_ge_25_c,mean_operative_temp_c,discomfort_probability,0.9822672846243594,3049
guangzhou_ssp585_late_2080s_typical_2087,outdoor_temp_ge_25_c,mean_operative_temp_c,warm_discomfort_probability,0.9863413757896019,3049
guangzhou_ssp585_late_2080s_typical_2087,outdoor_temp_ge_25_c,mean_operative_temp_c,cold_discomfort_probability,-0.9772986930085864,3049
guangzhou_ssp585_late_2080s_typical_2087,outdoor_temp_ge_25_c,zone_cooling_rate_w,discomfort_probability,0.19543544379455507,3049
guangzhou_ssp585_late_2080s_typical_2087,may_through_september,outdoor_temp_c,mean_operative_temp_c,0.5595255746500706,1853
guangzhou_ssp585_late_2080s_typical_2087,may_through_september,mean_operative_temp_c,discomfort_probability,0.9954286265726054,1853
guangzhou_ssp585_late_2080s_typical_2087,may_through_september,mean_operative_temp_c,warm_discomfort_probability,0.9964403893486729,1853
guangzhou_ssp585_late_2080s_typical_2087,may_through_september,mean_operative_temp_c,cold_discomfort_probability,-0.989211794113816,1853
guangzhou_ssp585_late_2080s_typical_2087,may_through_september,zone_cooling_rate_w,discomfort_probability,0.09237570888020112,1853
guangzhou_ssp585_mid_2050s_heatwave_extreme_2059,all_occupied_hours,outdoor_temp_c,mean_operative_temp_c,0.8245792026509347,4437
guangzhou_ssp585_mid_2050s_heatwave_extreme_2059,all_occupied_hours,mean_operative_temp_c,discomfort_probability,0.8893290105602093,4437
guangzhou_ssp585_mid_2050s_heatwave_extreme_2059,all_occupied_hours,mean_operative_temp_c,warm_discomfort_probability,0.9245868552618478,4437
guangzhou_ssp585_mid_2050s_heatwave_extreme_2059,all_occupied_hours,mean_operative_temp_c,cold_discomfort_probability,-0.9365103080901658,4437
guangzhou_ssp585_mid_2050s_heatwave_extreme_2059,all_occupied_hours,zone_cooling_rate_w,discomfort_probability,0.6053672316737518,4437
guangzhou_ssp585_mid_2050s_heatwave_extreme_2059,outdoor_temp_ge_20_c,outdoor_temp_c,mean_operative_temp_c,0.7413187569589066,3524
guangzhou_ssp585_mid_2050s_heatwave_extreme_2059,outdoor_temp_ge_20_c,mean_operative_temp_c,discomfort_probability,0.9661166597170084,3524
guangzhou_ssp585_mid_2050s_heatwave_extreme_2059,outdoor_temp_ge_20_c,mean_operative_temp_c,warm_discomfort_probability,0.9755245715078155,3524
guangzhou_ssp585_mid_2050s_heatwave_extreme_2059,outdoor_temp_ge_20_c,mean_operative_temp_c,cold_discomfort_probability,-0.9499836087814235,3524
guangzhou_ssp585_mid_2050s_heatwave_extreme_2059,outdoor_temp_ge_20_c,zone_cooling_rate_w,discomfort_probability,0.522518060286822,3524
guangzhou_ssp585_mid_2050s_heatwave_extreme_2059,outdoor_temp_ge_25_c,outdoor_temp_c,mean_operative_temp_c,0.5732061866019855,2600
guangzhou_ssp585_mid_2050s_heatwave_extreme_2059,outdoor_temp_ge_25_c,mean_operative_temp_c,discomfort_probability,0.9775474450172597,2600
guangzhou_ssp585_mid_2050s_heatwave_extreme_2059,outdoor_temp_ge_25_c,mean_operative_temp_c,warm_discomfort_probability,0.9832957674367758,2600
guangzhou_ssp585_mid_2050s_heatwave_extreme_2059,outdoor_temp_ge_25_c,mean_operative_temp_c,cold_discomfort_probability,-0.971301859822786,2600
guangzhou_ssp585_mid_2050s_heatwave_extreme_2059,outdoor_temp_ge_25_c,zone_cooling_rate_w,discomfort_probability,0.298527675703912,2600
guangzhou_ssp585_mid_2050s_heatwave_extreme_2059,may_through_september,outdoor_temp_c,mean_operative_temp_c,0.42195178114017295,1853
guangzhou_ssp585_mid_2050s_heatwave_extreme_2059,may_through_september,mean_operative_temp_c,discomfort_probability,0.9947482574433829,1853
guangzhou_ssp585_mid_2050s_heatwave_extreme_2059,may_through_september,mean_operative_temp_c,warm_discomfort_probability,0.9963111637044966,1853
guangzhou_ssp585_mid_2050s_heatwave_extreme_2059,may_through_september,mean_operative_temp_c,cold_discomfort_probability,-0.9900176909257461,1853
guangzhou_ssp585_mid_2050s_heatwave_extreme_2059,may_through_september,zone_cooling_rate_w,discomfort_probability,0.20072087147692938,1853
guangzhou_ssp585_mid_2050s_hot_2057,all_occupied_hours,outdoor_temp_c,mean_operative_temp_c,0.8032605130351614,4437
guangzhou_ssp585_mid_2050s_hot_2057,all_occupied_hours,mean_operative_temp_c,discomfort_probability,0.8883921310067348,4437
guangzhou_ssp585_mid_2050s_hot_2057,all_occupied_hours,mean_operative_temp_c,warm_discomfort_probability,0.9184574259599528,4437
guangzhou_ssp585_mid_2050s_hot_2057,all_occupied_hours,mean_operative_temp_c,cold_discomfort_probability,-0.9028644562950954,4437
guangzhou_ssp585_mid_2050s_hot_2057,all_occupied_hours,zone_cooling_rate_w,discomfort_probability,0.59301986450834,4437
guangzhou_ssp585_mid_2050s_hot_2057,outdoor_temp_ge_20_c,outdoor_temp_c,mean_operative_temp_c,0.6954927763891348,3697
guangzhou_ssp585_mid_2050s_hot_2057,outdoor_temp_ge_20_c,mean_operative_temp_c,discomfort_probability,0.9717964281912294,3697
guangzhou_ssp585_mid_2050s_hot_2057,outdoor_temp_ge_20_c,mean_operative_temp_c,warm_discomfort_probability,0.9814176079365095,3697
guangzhou_ssp585_mid_2050s_hot_2057,outdoor_temp_ge_20_c,mean_operative_temp_c,cold_discomfort_probability,-0.9347158126646933,3697
guangzhou_ssp585_mid_2050s_hot_2057,outdoor_temp_ge_20_c,zone_cooling_rate_w,discomfort_probability,0.5408240152309545,3697
guangzhou_ssp585_mid_2050s_hot_2057,outdoor_temp_ge_25_c,outdoor_temp_c,mean_operative_temp_c,0.5279241186727149,2846
guangzhou_ssp585_mid_2050s_hot_2057,outdoor_temp_ge_25_c,mean_operative_temp_c,discomfort_probability,0.9798256736507879,2846
guangzhou_ssp585_mid_2050s_hot_2057,outdoor_temp_ge_25_c,mean_operative_temp_c,warm_discomfort_probability,0.9863766412056907,2846
guangzhou_ssp585_mid_2050s_hot_2057,outdoor_temp_ge_25_c,mean_operative_temp_c,cold_discomfort_probability,-0.9594135232055719,2846
guangzhou_ssp585_mid_2050s_hot_2057,outdoor_temp_ge_25_c,zone_cooling_rate_w,discomfort_probability,0.3722852102694231,2846
guangzhou_ssp585_mid_2050s_hot_2057,may_through_september,outdoor_temp_c,mean_operative_temp_c,0.5485136040432432,1853
guangzhou_ssp585_mid_2050s_hot_2057,may_through_september,mean_operative_temp_c,discomfort_probability,0.9932925259722771,1853
guangzhou_ssp585_mid_2050s_hot_2057,may_through_september,mean_operative_temp_c,warm_discomfort_probability,0.9959095403169211,1853
guangzhou_ssp585_mid_2050s_hot_2057,may_through_september,mean_operative_temp_c,cold_discomfort_probability,-0.9846059663157769,1853
guangzhou_ssp585_mid_2050s_hot_2057,may_through_september,zone_cooling_rate_w,discomfort_probability,0.2989772573468959,1853
guangzhou_ssp585_mid_2050s_typical_2050,all_occupied_hours,outdoor_temp_c,mean_operative_temp_c,0.8528986217404383,4437
guangzhou_ssp585_mid_2050s_typical_2050,all_occupied_hours,mean_operative_temp_c,discomfort_probability,0.8566795143399685,4437
guangzhou_ssp585_mid_2050s_typical_2050,all_occupied_hours,mean_operative_temp_c,warm_discomfort_probability,0.8927095272046501,4437
guangzhou_ssp585_mid_2050s_typical_2050,all_occupied_hours,mean_operative_temp_c,cold_discomfort_probability,-0.8638460027333145,4437
guangzhou_ssp585_mid_2050s_typical_2050,all_occupied_hours,zone_cooling_rate_w,discomfort_probability,0.6148866242353387,4437
guangzhou_ssp585_mid_2050s_typical_2050,outdoor_temp_ge_20_c,outdoor_temp_c,mean_operative_temp_c,0.7096940838602795,3314
guangzhou_ssp585_mid_2050s_typical_2050,outdoor_temp_ge_20_c,mean_operative_temp_c,discomfort_probability,0.9682762734970725,3314
guangzhou_ssp585_mid_2050s_typical_2050,outdoor_temp_ge_20_c,mean_operative_temp_c,warm_discomfort_probability,0.9790186928776606,3314
guangzhou_ssp585_mid_2050s_typical_2050,outdoor_temp_ge_20_c,mean_operative_temp_c,cold_discomfort_probability,-0.9462213516650829,3314
guangzhou_ssp585_mid_2050s_typical_2050,outdoor_temp_ge_20_c,zone_cooling_rate_w,discomfort_probability,0.5175482167972806,3314
guangzhou_ssp585_mid_2050s_typical_2050,outdoor_temp_ge_25_c,outdoor_temp_c,mean_operative_temp_c,0.5356332044985586,2554
guangzhou_ssp585_mid_2050s_typical_2050,outdoor_temp_ge_25_c,mean_operative_temp_c,discomfort_probability,0.9812435760510533,2554
guangzhou_ssp585_mid_2050s_typical_2050,outdoor_temp_ge_25_c,mean_operative_temp_c,warm_discomfort_probability,0.9876382315732505,2554
guangzhou_ssp585_mid_2050s_typical_2050,outdoor_temp_ge_25_c,mean_operative_temp_c,cold_discomfort_probability,-0.9683550982997726,2554
guangzhou_ssp585_mid_2050s_typical_2050,outdoor_temp_ge_25_c,zone_cooling_rate_w,discomfort_probability,0.33355598482069804,2554
guangzhou_ssp585_mid_2050s_typical_2050,may_through_september,outdoor_temp_c,mean_operative_temp_c,0.518254422792573,1853
guangzhou_ssp585_mid_2050s_typical_2050,may_through_september,mean_operative_temp_c,discomfort_probability,0.99393760317847,1853
guangzhou_ssp585_mid_2050s_typical_2050,may_through_september,mean_operative_temp_c,warm_discomfort_probability,0.9961253190631284,1853
guangzhou_ssp585_mid_2050s_typical_2050,may_through_september,mean_operative_temp_c,cold_discomfort_probability,-0.9829022471757746,1853
guangzhou_ssp585_mid_2050s_typical_2050,may_through_september,zone_cooling_rate_w,discomfort_probability,0.26395856003989937,1853
guangzhou_ssp585_near_2030s_heatwave_extreme_2033,all_occupied_hours,outdoor_temp_c,mean_operative_temp_c,0.830621679031049,4437
guangzhou_ssp585_near_2030s_heatwave_extreme_2033,all_occupied_hours,mean_operative_temp_c,discomfort_probability,0.8325604785520636,4437
guangzhou_ssp585_near_2030s_heatwave_extreme_2033,all_occupied_hours,mean_operative_temp_c,warm_discomfort_probability,0.8904545361872404,4437
guangzhou_ssp585_near_2030s_heatwave_extreme_2033,all_occupied_hours,mean_operative_temp_c,cold_discomfort_probability,-0.925291550724763,4437
guangzhou_ssp585_near_2030s_heatwave_extreme_2033,all_occupied_hours,zone_cooling_rate_w,discomfort_probability,0.6221470891176718,4437
guangzhou_ssp585_near_2030s_heatwave_extreme_2033,outdoor_temp_ge_20_c,outdoor_temp_c,mean_operative_temp_c,0.675102422078802,3315
guangzhou_ssp585_near_2030s_heatwave_extreme_2033,outdoor_temp_ge_20_c,mean_operative_temp_c,discomfort_probability,0.9666112494353523,3315
guangzhou_ssp585_near_2030s_heatwave_extreme_2033,outdoor_temp_ge_20_c,mean_operative_temp_c,warm_discomfort_probability,0.9774552681825396,3315
guangzhou_ssp585_near_2030s_heatwave_extreme_2033,outdoor_temp_ge_20_c,mean_operative_temp_c,cold_discomfort_probability,-0.9400650033318364,3315
guangzhou_ssp585_near_2030s_heatwave_extreme_2033,outdoor_temp_ge_20_c,zone_cooling_rate_w,discomfort_probability,0.578289153976406,3315
guangzhou_ssp585_near_2030s_heatwave_extreme_2033,outdoor_temp_ge_25_c,outdoor_temp_c,mean_operative_temp_c,0.4711932816970084,2505
guangzhou_ssp585_near_2030s_heatwave_extreme_2033,outdoor_temp_ge_25_c,mean_operative_temp_c,discomfort_probability,0.9849592735007103,2505
guangzhou_ssp585_near_2030s_heatwave_extreme_2033,outdoor_temp_ge_25_c,mean_operative_temp_c,warm_discomfort_probability,0.9896751433375724,2505
guangzhou_ssp585_near_2030s_heatwave_extreme_2033,outdoor_temp_ge_25_c,mean_operative_temp_c,cold_discomfort_probability,-0.9592721619708428,2505
guangzhou_ssp585_near_2030s_heatwave_extreme_2033,outdoor_temp_ge_25_c,zone_cooling_rate_w,discomfort_probability,0.4043693952214748,2505
guangzhou_ssp585_near_2030s_heatwave_extreme_2033,may_through_september,outdoor_temp_c,mean_operative_temp_c,0.42944938316997616,1853
guangzhou_ssp585_near_2030s_heatwave_extreme_2033,may_through_september,mean_operative_temp_c,discomfort_probability,0.9946667910408958,1853
guangzhou_ssp585_near_2030s_heatwave_extreme_2033,may_through_september,mean_operative_temp_c,warm_discomfort_probability,0.9967051825046018,1853
guangzhou_ssp585_near_2030s_heatwave_extreme_2033,may_through_september,mean_operative_temp_c,cold_discomfort_probability,-0.9800058771114236,1853
guangzhou_ssp585_near_2030s_heatwave_extreme_2033,may_through_september,zone_cooling_rate_w,discomfort_probability,0.33016620198527935,1853
guangzhou_ssp585_near_2030s_hot_2033,all_occupied_hours,outdoor_temp_c,mean_operative_temp_c,0.830621679031049,4437
guangzhou_ssp585_near_2030s_hot_2033,all_occupied_hours,mean_operative_temp_c,discomfort_probability,0.8325604785520636,4437
guangzhou_ssp585_near_2030s_hot_2033,all_occupied_hours,mean_operative_temp_c,warm_discomfort_probability,0.8904545361872404,4437
guangzhou_ssp585_near_2030s_hot_2033,all_occupied_hours,mean_operative_temp_c,cold_discomfort_probability,-0.925291550724763,4437
guangzhou_ssp585_near_2030s_hot_2033,all_occupied_hours,zone_cooling_rate_w,discomfort_probability,0.6221470891176718,4437
guangzhou_ssp585_near_2030s_hot_2033,outdoor_temp_ge_20_c,outdoor_temp_c,mean_operative_temp_c,0.675102422078802,3315
guangzhou_ssp585_near_2030s_hot_2033,outdoor_temp_ge_20_c,mean_operative_temp_c,discomfort_probability,0.9666112494353523,3315
guangzhou_ssp585_near_2030s_hot_2033,outdoor_temp_ge_20_c,mean_operative_temp_c,warm_discomfort_probability,0.9774552681825396,3315
guangzhou_ssp585_near_2030s_hot_2033,outdoor_temp_ge_20_c,mean_operative_temp_c,cold_discomfort_probability,-0.9400650033318364,3315
guangzhou_ssp585_near_2030s_hot_2033,outdoor_temp_ge_20_c,zone_cooling_rate_w,discomfort_probability,0.578289153976406,3315
guangzhou_ssp585_near_2030s_hot_2033,outdoor_temp_ge_25_c,outdoor_temp_c,mean_operative_temp_c,0.4711932816970084,2505
guangzhou_ssp585_near_2030s_hot_2033,outdoor_temp_ge_25_c,mean_operative_temp_c,discomfort_probability,0.9849592735007103,2505
guangzhou_ssp585_near_2030s_hot_2033,outdoor_temp_ge_25_c,mean_operative_temp_c,warm_discomfort_probability,0.9896751433375724,2505
guangzhou_ssp585_near_2030s_hot_2033,outdoor_temp_ge_25_c,mean_operative_temp_c,cold_discomfort_probability,-0.9592721619708428,2505
guangzhou_ssp585_near_2030s_hot_2033,outdoor_temp_ge_25_c,zone_cooling_rate_w,discomfort_probability,0.4043693952214748,2505
guangzhou_ssp585_near_2030s_hot_2033,may_through_september,outdoor_temp_c,mean_operative_temp_c,0.42944938316997616,1853
guangzhou_ssp585_near_2030s_hot_2033,may_through_september,mean_operative_temp_c,discomfort_probability,0.9946667910408958,1853
guangzhou_ssp585_near_2030s_hot_2033,may_through_september,mean_operative_temp_c,warm_discomfort_probability,0.9967051825046018,1853
guangzhou_ssp585_near_2030s_hot_2033,may_through_september,mean_operative_temp_c,cold_discomfort_probability,-0.9800058771114236,1853
guangzhou_ssp585_near_2030s_hot_2033,may_through_september,zone_cooling_rate_w,discomfort_probability,0.33016620198527935,1853
guangzhou_ssp585_near_2030s_typical_2039,all_occupied_hours,outdoor_temp_c,mean_operative_temp_c,0.8088027513901015,4437
guangzhou_ssp585_near_2030s_typical_2039,all_occupied_hours,mean_operative_temp_c,discomfort_probability,0.7777458307188923,4437
guangzhou_ssp585_near_2030s_typical_2039,all_occupied_hours,mean_operative_temp_c,warm_discomfort_probability,0.8593629158804981,4437
guangzhou_ssp585_near_2030s_typical_2039,all_occupied_hours,mean_operative_temp_c,cold_discomfort_probability,-0.8732037412917074,4437
guangzhou_ssp585_near_2030s_typical_2039,all_occupied_hours,zone_cooling_rate_w,discomfort_probability,0.5806711816567698,4437
guangzhou_ssp585_near_2030s_typical_2039,outdoor_temp_ge_20_c,outdoor_temp_c,mean_operative_temp_c,0.589097205398464,3225
guangzhou_ssp585_near_2030s_typical_2039,outdoor_temp_ge_20_c,mean_operative_temp_c,discomfort_probability,0.9463590534251629,3225
guangzhou_ssp585_near_2030s_typical_2039,outdoor_temp_ge_20_c,mean_operative_temp_c,warm_discomfort_probability,0.9639519211023693,3225
guangzhou_ssp585_near_2030s_typical_2039,outdoor_temp_ge_20_c,mean_operative_temp_c,cold_discomfort_probability,-0.8974137609622744,3225
guangzhou_ssp585_near_2030s_typical_2039,outdoor_temp_ge_20_c,zone_cooling_rate_w,discomfort_probability,0.5587534079403137,3225
guangzhou_ssp585_near_2030s_typical_2039,outdoor_temp_ge_25_c,outdoor_temp_c,mean_operative_temp_c,0.3952420127110002,2469
guangzhou_ssp585_near_2030s_typical_2039,outdoor_temp_ge_25_c,mean_operative_temp_c,discomfort_probability,0.9685469555890238,2469
guangzhou_ssp585_near_2030s_typical_2039,outdoor_temp_ge_25_c,mean_operative_temp_c,warm_discomfort_probability,0.9777771028513845,2469
guangzhou_ssp585_near_2030s_typical_2039,outdoor_temp_ge_25_c,mean_operative_temp_c,cold_discomfort_probability,-0.924945018831676,2469
guangzhou_ssp585_near_2030s_typical_2039,outdoor_temp_ge_25_c,zone_cooling_rate_w,discomfort_probability,0.4266172252942504,2469
guangzhou_ssp585_near_2030s_typical_2039,may_through_september,outdoor_temp_c,mean_operative_temp_c,0.33095539456531653,1853
guangzhou_ssp585_near_2030s_typical_2039,may_through_september,mean_operative_temp_c,discomfort_probability,0.9904466356192048,1853
guangzhou_ssp585_near_2030s_typical_2039,may_through_september,mean_operative_temp_c,warm_discomfort_probability,0.9941277466098394,1853
guangzhou_ssp585_near_2030s_typical_2039,may_through_september,mean_operative_temp_c,cold_discomfort_probability,-0.9595514098188647,1853
guangzhou_ssp585_near_2030s_typical_2039,may_through_september,zone_cooling_rate_w,discomfort_probability,0.34951139830095795,1853
houston_ssp245_baseline_2020s_heatwave_extreme_2026,all_occupied_hours,outdoor_temp_c,mean_operative_temp_c,0.8952812741605759,4437
houston_ssp245_baseline_2020s_heatwave_extreme_2026,all_occupied_hours,mean_operative_temp_c,discomfort_probability,0.8200453178925295,4437
houston_ssp245_baseline_2020s_heatwave_extreme_2026,all_occupied_hours,mean_operative_temp_c,warm_discomfort_probability,0.8938327843272363,4437
houston_ssp245_baseline_2020s_heatwave_extreme_2026,all_occupied_hours,mean_operative_temp_c,cold_discomfort_probability,-0.8437216534126739,4437
houston_ssp245_baseline_2020s_heatwave_extreme_2026,all_occupied_hours,zone_cooling_rate_w,discomfort_probability,0.6610698242147114,4437
houston_ssp245_baseline_2020s_heatwave_extreme_2026,outdoor_temp_ge_20_c,outdoor_temp_c,mean_operative_temp_c,0.759410407595299,3052
houston_ssp245_baseline_2020s_heatwave_extreme_2026,outdoor_temp_ge_20_c,mean_operative_temp_c,discomfort_probability,0.9592393270486477,3052
houston_ssp245_baseline_2020s_heatwave_extreme_2026,outdoor_temp_ge_20_c,mean_operative_temp_c,warm_discomfort_probability,0.9757241723933651,3052
houston_ssp245_baseline_2020s_heatwave_extreme_2026,outdoor_temp_ge_20_c,mean_operative_temp_c,cold_discomfort_probability,-0.9365389934926732,3052
houston_ssp245_baseline_2020s_heatwave_extreme_2026,outdoor_temp_ge_20_c,zone_cooling_rate_w,discomfort_probability,0.5871255687676071,3052
houston_ssp245_baseline_2020s_heatwave_extreme_2026,outdoor_temp_ge_25_c,outdoor_temp_c,mean_operative_temp_c,0.6169428812849718,2209
houston_ssp245_baseline_2020s_heatwave_extreme_2026,outdoor_temp_ge_25_c,mean_operative_temp_c,discomfort_probability,0.9647835493296519,2209
houston_ssp245_baseline_2020s_heatwave_extreme_2026,outdoor_temp_ge_25_c,mean_operative_temp_c,warm_discomfort_probability,0.9769106120664269,2209
houston_ssp245_baseline_2020s_heatwave_extreme_2026,outdoor_temp_ge_25_c,mean_operative_temp_c,cold_discomfort_probability,-0.9625460052935614,2209
houston_ssp245_baseline_2020s_heatwave_extreme_2026,outdoor_temp_ge_25_c,zone_cooling_rate_w,discomfort_probability,0.3795034512814708,2209
houston_ssp245_baseline_2020s_heatwave_extreme_2026,may_through_september,outdoor_temp_c,mean_operative_temp_c,0.5824858692949506,1853
houston_ssp245_baseline_2020s_heatwave_extreme_2026,may_through_september,mean_operative_temp_c,discomfort_probability,0.9913692844937976,1853
houston_ssp245_baseline_2020s_heatwave_extreme_2026,may_through_september,mean_operative_temp_c,warm_discomfort_probability,0.9947837568229881,1853
houston_ssp245_baseline_2020s_heatwave_extreme_2026,may_through_september,mean_operative_temp_c,cold_discomfort_probability,-0.972593323177692,1853
houston_ssp245_baseline_2020s_heatwave_extreme_2026,may_through_september,zone_cooling_rate_w,discomfort_probability,0.4196953964250011,1853
houston_ssp245_baseline_2020s_hot_2026,all_occupied_hours,outdoor_temp_c,mean_operative_temp_c,0.8952812741605759,4437
houston_ssp245_baseline_2020s_hot_2026,all_occupied_hours,mean_operative_temp_c,discomfort_probability,0.8200453178925295,4437
houston_ssp245_baseline_2020s_hot_2026,all_occupied_hours,mean_operative_temp_c,warm_discomfort_probability,0.8938327843272363,4437
houston_ssp245_baseline_2020s_hot_2026,all_occupied_hours,mean_operative_temp_c,cold_discomfort_probability,-0.8437216534126739,4437
houston_ssp245_baseline_2020s_hot_2026,all_occupied_hours,zone_cooling_rate_w,discomfort_probability,0.6610698242147114,4437
houston_ssp245_baseline_2020s_hot_2026,outdoor_temp_ge_20_c,outdoor_temp_c,mean_operative_temp_c,0.759410407595299,3052
houston_ssp245_baseline_2020s_hot_2026,outdoor_temp_ge_20_c,mean_operative_temp_c,discomfort_probability,0.9592393270486477,3052
houston_ssp245_baseline_2020s_hot_2026,outdoor_temp_ge_20_c,mean_operative_temp_c,warm_discomfort_probability,0.9757241723933651,3052
houston_ssp245_baseline_2020s_hot_2026,outdoor_temp_ge_20_c,mean_operative_temp_c,cold_discomfort_probability,-0.9365389934926732,3052
houston_ssp245_baseline_2020s_hot_2026,outdoor_temp_ge_20_c,zone_cooling_rate_w,discomfort_probability,0.5871255687676071,3052
houston_ssp245_baseline_2020s_hot_2026,outdoor_temp_ge_25_c,outdoor_temp_c,mean_operative_temp_c,0.6169428812849718,2209
houston_ssp245_baseline_2020s_hot_2026,outdoor_temp_ge_25_c,mean_operative_temp_c,discomfort_probability,0.9647835493296519,2209
houston_ssp245_baseline_2020s_hot_2026,outdoor_temp_ge_25_c,mean_operative_temp_c,warm_discomfort_probability,0.9769106120664269,2209
houston_ssp245_baseline_2020s_hot_2026,outdoor_temp_ge_25_c,mean_operative_temp_c,cold_discomfort_probability,-0.9625460052935614,2209
houston_ssp245_baseline_2020s_hot_2026,outdoor_temp_ge_25_c,zone_cooling_rate_w,discomfort_probability,0.3795034512814708,2209
houston_ssp245_baseline_2020s_hot_2026,may_through_september,outdoor_temp_c,mean_operative_temp_c,0.5824858692949506,1853
houston_ssp245_baseline_2020s_hot_2026,may_through_september,mean_operative_temp_c,discomfort_probability,0.9913692844937976,1853
houston_ssp245_baseline_2020s_hot_2026,may_through_september,mean_operative_temp_c,warm_discomfort_probability,0.9947837568229881,1853
houston_ssp245_baseline_2020s_hot_2026,may_through_september,mean_operative_temp_c,cold_discomfort_probability,-0.972593323177692,1853
houston_ssp245_baseline_2020s_hot_2026,may_through_september,zone_cooling_rate_w,discomfort_probability,0.4196953964250011,1853
houston_ssp245_baseline_2020s_typical_2027,all_occupied_hours,outdoor_temp_c,mean_operative_temp_c,0.8633258627211301,4437
houston_ssp245_baseline_2020s_typical_2027,all_occupied_hours,mean_operative_temp_c,discomfort_probability,0.7640652336627389,4437
houston_ssp245_baseline_2020s_typical_2027,all_occupied_hours,mean_operative_temp_c,warm_discomfort_probability,0.8739664199313207,4437
houston_ssp245_baseline_2020s_typical_2027,all_occupied_hours,mean_operative_temp_c,cold_discomfort_probability,-0.8617426239380985,4437
houston_ssp245_baseline_2020s_typical_2027,all_occupied_hours,zone_cooling_rate_w,discomfort_probability,0.6364697930731933,4437
houston_ssp245_baseline_2020s_typical_2027,outdoor_temp_ge_20_c,outdoor_temp_c,mean_operative_temp_c,0.7009574095218555,3036
houston_ssp245_baseline_2020s_typical_2027,outdoor_temp_ge_20_c,mean_operative_temp_c,discomfort_probability,0.9352391852927743,3036
houston_ssp245_baseline_2020s_typical_2027,outdoor_temp_ge_20_c,mean_operative_temp_c,warm_discomfort_probability,0.9644894843218832,3036
houston_ssp245_baseline_2020s_typical_2027,outdoor_temp_ge_20_c,mean_operative_temp_c,cold_discomfort_probability,-0.8913469169852423,3036
houston_ssp245_baseline_2020s_typical_2027,outdoor_temp_ge_20_c,zone_cooling_rate_w,discomfort_probability,0.6444499597012299,3036
houston_ssp245_baseline_2020s_typical_2027,outdoor_temp_ge_25_c,outdoor_temp_c,mean_operative_temp_c,0.5759047458255047,2007
houston_ssp245_baseline_2020s_typical_2027,outdoor_temp_ge_25_c,mean_operative_temp_c,discomfort_probability,0.9484693226462266,2007
houston_ssp245_baseline_2020s_typical_2027,outdoor_temp_ge_25_c,mean_operative_temp_c,warm_discomfort_probability,0.9678290561143665,2007
houston_ssp245_baseline_2020s_typical_2027,outdoor_temp_ge_25_c,mean_operative_temp_c,cold_discomfort_probability,-0.918703952905494,2007
houston_ssp245_baseline_2020s_typical_2027,outdoor_temp_ge_25_c,zone_cooling_rate_w,discomfort_probability,0.4886661278202446,2007
houston_ssp245_baseline_2020s_typical_2027,may_through_september,outdoor_temp_c,mean_operative_temp_c,0.599526804625278,1853
houston_ssp245_baseline_2020s_typical_2027,may_through_september,mean_operative_temp_c,discomfort_probability,0.9827414706964386,1853
houston_ssp245_baseline_2020s_typical_2027,may_through_september,mean_operative_temp_c,warm_discomfort_probability,0.9914117726480185,1853
houston_ssp245_baseline_2020s_typical_2027,may_through_september,mean_operative_temp_c,cold_discomfort_probability,-0.932447979454855,1853
houston_ssp245_baseline_2020s_typical_2027,may_through_september,zone_cooling_rate_w,discomfort_probability,0.5465721359909449,1853
houston_ssp245_late_2080s_heatwave_extreme_2081,all_occupied_hours,outdoor_temp_c,mean_operative_temp_c,0.9139468291319041,4437
houston_ssp245_late_2080s_heatwave_extreme_2081,all_occupied_hours,mean_operative_temp_c,discomfort_probability,0.833762838444052,4437
houston_ssp245_late_2080s_heatwave_extreme_2081,all_occupied_hours,mean_operative_temp_c,warm_discomfort_probability,0.887096817276646,4437
houston_ssp245_late_2080s_heatwave_extreme_2081,all_occupied_hours,mean_operative_temp_c,cold_discomfort_probability,-0.8427981956400113,4437
houston_ssp245_late_2080s_heatwave_extreme_2081,all_occupied_hours,zone_cooling_rate_w,discomfort_probability,0.6281213154989207,4437
houston_ssp245_late_2080s_heatwave_extreme_2081,outdoor_temp_ge_20_c,outdoor_temp_c,mean_operative_temp_c,0.8190258986970885,2955
houston_ssp245_late_2080s_heatwave_extreme_2081,outdoor_temp_ge_20_c,mean_operative_temp_c,discomfort_probability,0.9717347714794294,2955
houston_ssp245_late_2080s_heatwave_extreme_2081,outdoor_temp_ge_20_c,mean_operative_temp_c,warm_discomfort_probability,0.9807780758899473,2955
houston_ssp245_late_2080s_heatwave_extreme_2081,outdoor_temp_ge_20_c,mean_operative_temp_c,cold_discomfort_probability,-0.9387544910047523,2955
houston_ssp245_late_2080s_heatwave_extreme_2081,outdoor_temp_ge_20_c,zone_cooling_rate_w,discomfort_probability,0.45465904135326535,2955
houston_ssp245_late_2080s_heatwave_extreme_2081,outdoor_temp_ge_25_c,outdoor_temp_c,mean_operative_temp_c,0.7039053065432952,2160
houston_ssp245_late_2080s_heatwave_extreme_2081,outdoor_temp_ge_25_c,mean_operative_temp_c,discomfort_probability,0.9795761404079328,2160
houston_ssp245_late_2080s_heatwave_extreme_2081,outdoor_temp_ge_25_c,mean_operative_temp_c,warm_discomfort_probability,0.9853334233614701,2160
houston_ssp245_late_2080s_heatwave_extreme_2081,outdoor_temp_ge_25_c,mean_operative_temp_c,cold_discomfort_probability,-0.9763795910433105,2160
houston_ssp245_late_2080s_heatwave_extreme_2081,outdoor_temp_ge_25_c,zone_cooling_rate_w,discomfort_probability,0.15674578262441044,2160
houston_ssp245_late_2080s_heatwave_extreme_2081,may_through_september,outdoor_temp_c,mean_operative_temp_c,0.6587503339684972,1853
houston_ssp245_late_2080s_heatwave_extreme_2081,may_through_september,mean_operative_temp_c,discomfort_probability,0.9932444654345132,1853
houston_ssp245_late_2080s_heatwave_extreme_2081,may_through_september,mean_operative_temp_c,warm_discomfort_probability,0.9947366199896359,1853
houston_ssp245_late_2080s_heatwave_extreme_2081,may_through_september,mean_operative_temp_c,cold_discomfort_probability,-0.984364151066971,1853
houston_ssp245_late_2080s_heatwave_extreme_2081,may_through_september,zone_cooling_rate_w,discomfort_probability,0.24779116073199747,1853
houston_ssp245_late_2080s_hot_2085,all_occupied_hours,outdoor_temp_c,mean_operative_temp_c,0.8728455579265568,4437
houston_ssp245_late_2080s_hot_2085,all_occupied_hours,mean_operative_temp_c,discomfort_probability,0.8794592145661656,4437
houston_ssp245_late_2080s_hot_2085,all_occupied_hours,mean_operative_temp_c,warm_discomfort_probability,0.9319861515990879,4437
houston_ssp245_late_2080s_hot_2085,all_occupied_hours,mean_operative_temp_c,cold_discomfort_probability,-0.9224191738691443,4437
houston_ssp245_late_2080s_hot_2085,all_occupied_hours,zone_cooling_rate_w,discomfort_probability,0.6331658027052071,4437
houston_ssp245_late_2080s_hot_2085,outdoor_temp_ge_20_c,outdoor_temp_c,mean_operative_temp_c,0.765394472504635,3250
houston_ssp245_late_2080s_hot_2085,outdoor_temp_ge_20_c,mean_operative_temp_c,discomfort_probability,0.9717944793178206,3250
houston_ssp245_late_2080s_hot_2085,outdoor_temp_ge_20_c,mean_operative_temp_c,warm_discomfort_probability,0.9819904405863361,3250
houston_ssp245_late_2080s_hot_2085,outdoor_temp_ge_20_c,mean_operative_temp_c,cold_discomfort_probability,-0.9520007952706854,3250
houston_ssp245_late_2080s_hot_2085,outdoor_temp_ge_20_c,zone_cooling_rate_w,discomfort_probability,0.49561087337963666,3250
houston_ssp245_late_2080s_hot_2085,outdoor_temp_ge_25_c,outdoor_temp_c,mean_operative_temp_c,0.6517403018867214,2454
houston_ssp245_late_2080s_hot_2085,outdoor_temp_ge_25_c,mean_operative_temp_c,discomfort_probability,0.9773637732125348,2454
houston_ssp245_late_2080s_hot_2085,outdoor_temp_ge_25_c,mean_operative_temp_c,warm_discomfort_probability,0.9840458118071097,2454
houston_ssp245_late_2080s_hot_2085,outdoor_temp_ge_25_c,mean_operative_temp_c,cold_discomfort_probability,-0.9736829898292811,2454
houston_ssp245_late_2080s_hot_2085,outdoor_temp_ge_25_c,zone_cooling_rate_w,discomfort_probability,0.25080008372644313,2454
houston_ssp245_late_2080s_hot_2085,may_through_september,outdoor_temp_c,mean_operative_temp_c,0.5795662753233091,1853
houston_ssp245_late_2080s_hot_2085,may_through_september,mean_operative_temp_c,discomfort_probability,0.9947433536917862,1853
houston_ssp245_late_2080s_hot_2085,may_through_september,mean_operative_temp_c,warm_discomfort_probability,0.9961987763190521,1853
houston_ssp245_late_2080s_hot_2085,may_through_september,mean_operative_temp_c,cold_discomfort_probability,-0.983044524718457,1853
houston_ssp245_late_2080s_hot_2085,may_through_september,zone_cooling_rate_w,discomfort_probability,0.2945897746043765,1853
houston_ssp245_late_2080s_typical_2086,all_occupied_hours,outdoor_temp_c,mean_operative_temp_c,0.8854603177956039,4437
houston_ssp245_late_2080s_typical_2086,all_occupied_hours,mean_operative_temp_c,discomfort_probability,0.8467063629217483,4437
houston_ssp245_late_2080s_typical_2086,all_occupied_hours,mean_operative_temp_c,warm_discomfort_probability,0.9086033827036194,4437
houston_ssp245_late_2080s_typical_2086,all_occupied_hours,mean_operative_temp_c,cold_discomfort_probability,-0.8661379223099787,4437
houston_ssp245_late_2080s_typical_2086,all_occupied_hours,zone_cooling_rate_w,discomfort_probability,0.6799047407519178,4437
houston_ssp245_late_2080s_typical_2086,outdoor_temp_ge_20_c,outdoor_temp_c,mean_operative_temp_c,0.7634384059264522,3049
houston_ssp245_late_2080s_typical_2086,outdoor_temp_ge_20_c,mean_operative_temp_c,discomfort_probability,0.9573241102269913,3049
houston_ssp245_late_2080s_typical_2086,outdoor_temp_ge_20_c,mean_operative_temp_c,warm_discomfort_probability,0.9738403598056328,3049
houston_ssp245_late_2080s_typical_2086,outdoor_temp_ge_20_c,mean_operative_temp_c,cold_discomfort_probability,-0.9256721032788207,3049
houston_ssp245_late_2080s_typical_2086,outdoor_temp_ge_20_c,zone_cooling_rate_w,discomfort_probability,0.5760280281582988,3049
houston_ssp245_late_2080s_typical_2086,outdoor_temp_ge_25_c,outdoor_temp_c,mean_operative_temp_c,0.6243227489411235,2153
houston_ssp245_late_2080s_typical_2086,outdoor_temp_ge_25_c,mean_operative_temp_c,discomfort_probability,0.9674381739826124,2153
houston_ssp245_late_2080s_typical_2086,outdoor_temp_ge_25_c,mean_operative_temp_c,warm_discomfort_probability,0.9782132640284351,2153
houston_ssp245_late_2080s_typical_2086,outdoor_temp_ge_25_c,mean_operative_temp_c,cold_discomfort_probability,-0.9596243258247075,2153
houston_ssp245_late_2080s_typical_2086,outdoor_temp_ge_25_c,zone_cooling_rate_w,discomfort_probability,0.3601600927864788,2153
houston_ssp245_late_2080s_typical_2086,may_through_september,outdoor_temp_c,mean_operative_temp_c,0.5504463878940331,1853
houston_ssp245_late_2080s_typical_2086,may_through_september,mean_operative_temp_c,discomfort_probability,0.9918317587254931,1853
houston_ssp245_late_2080s_typical_2086,may_through_september,mean_operative_temp_c,warm_discomfort_probability,0.9950050640807031,1853
houston_ssp245_late_2080s_typical_2086,may_through_september,mean_operative_temp_c,cold_discomfort_probability,-0.9709482865083092,1853
houston_ssp245_late_2080s_typical_2086,may_through_september,zone_cooling_rate_w,discomfort_probability,0.3777791950877264,1853
houston_ssp245_mid_2050s_heatwave_extreme_2058,all_occupied_hours,outdoor_temp_c,mean_operative_temp_c,0.9018135805574328,4437
houston_ssp245_mid_2050s_heatwave_extreme_2058,all_occupied_hours,mean_operative_temp_c,discomfort_probability,0.8273401787095845,4437
houston_ssp245_mid_2050s_heatwave_extreme_2058,all_occupied_hours,mean_operative_temp_c,warm_discomfort_probability,0.8818534387118225,4437
houston_ssp245_mid_2050s_heatwave_extreme_2058,all_occupied_hours,mean_operative_temp_c,cold_discomfort_probability,-0.7693373234481475,4437
houston_ssp245_mid_2050s_heatwave_extreme_2058,all_occupied_hours,zone_cooling_rate_w,discomfort_probability,0.650407291982225,4437
houston_ssp245_mid_2050s_heatwave_extreme_2058,outdoor_temp_ge_20_c,outdoor_temp_c,mean_operative_temp_c,0.7730380084836445,2852
houston_ssp245_mid_2050s_heatwave_extreme_2058,outdoor_temp_ge_20_c,mean_operative_temp_c,discomfort_probability,0.9486553470367052,2852
houston_ssp245_mid_2050s_heatwave_extreme_2058,outdoor_temp_ge_20_c,mean_operative_temp_c,warm_discomfort_probability,0.965888302406631,2852
houston_ssp245_mid_2050s_heatwave_extreme_2058,outdoor_temp_ge_20_c,mean_operative_temp_c,cold_discomfort_probability,-0.9072575875573419,2852
houston_ssp245_mid_2050s_heatwave_extreme_2058,outdoor_temp_ge_20_c,zone_cooling_rate_w,discomfort_probability,0.4938802398744038,2852
houston_ssp245_mid_2050s_heatwave_extreme_2058,outdoor_temp_ge_25_c,outdoor_temp_c,mean_operative_temp_c,0.6657739973675204,2040
houston_ssp245_mid_2050s_heatwave_extreme_2058,outdoor_temp_ge_25_c,mean_operative_temp_c,discomfort_probability,0.9651658190281465,2040
houston_ssp245_mid_2050s_heatwave_extreme_2058,outdoor_temp_ge_25_c,mean_operative_temp_c,warm_discomfort_probability,0.9757314962546749,2040
houston_ssp245_mid_2050s_heatwave_extreme_2058,outdoor_temp_ge_25_c,mean_operative_temp_c,cold_discomfort_probability,-0.9553530520227247,2040
houston_ssp245_mid_2050s_heatwave_extreme_2058,outdoor_temp_ge_25_c,zone_cooling_rate_w,discomfort_probability,0.2471134540604654,2040
houston_ssp245_mid_2050s_heatwave_extreme_2058,may_through_september,outdoor_temp_c,mean_operative_temp_c,0.6423315056452621,1853
houston_ssp245_mid_2050s_heatwave_extreme_2058,may_through_september,mean_operative_temp_c,discomfort_probability,0.9931176030198889,1853
houston_ssp245_mid_2050s_heatwave_extreme_2058,may_through_september,mean_operative_temp_c,warm_discomfort_probability,0.995298884147976,1853
houston_ssp245_mid_2050s_heatwave_extreme_2058,may_through_september,mean_operative_temp_c,cold_discomfort_probability,-0.9729691671105102,1853
houston_ssp245_mid_2050s_heatwave_extreme_2058,may_through_september,zone_cooling_rate_w,discomfort_probability,0.33047752152636495,1853
houston_ssp245_mid_2050s_hot_2056,all_occupied_hours,outdoor_temp_c,mean_operative_temp_c,0.8355913879741258,4437
houston_ssp245_mid_2050s_hot_2056,all_occupied_hours,mean_operative_temp_c,discomfort_probability,0.9047100510188857,4437
houston_ssp245_mid_2050s_hot_2056,all_occupied_hours,mean_operative_temp_c,warm_discomfort_probability,0.9443157887594186,4437
houston_ssp245_mid_2050s_hot_2056,all_occupied_hours,mean_operative_temp_c,cold_discomfort_probability,-0.9230865614009035,4437
houston_ssp245_mid_2050s_hot_2056,all_occupied_hours,zone_cooling_rate_w,discomfort_probability,0.70632816897776,4437
houston_ssp245_mid_2050s_hot_2056,outdoor_temp_ge_20_c,outdoor_temp_c,mean_operative_temp_c,0.7307123792756319,3385
houston_ssp245_mid_2050s_hot_2056,outdoor_temp_ge_20_c,mean_operative_temp_c,discomfort_probability,0.9357645068875345,3385
houston_ssp245_mid_2050s_hot_2056,outdoor_temp_ge_20_c,mean_operative_temp_c,warm_discomfort_probability,0.9595468306248849,3385
houston_ssp245_mid_2050s_hot_2056,outdoor_temp_ge_20_c,mean_operative_temp_c,cold_discomfort_probability,-0.9194458302035345,3385
houston_ssp245_mid_2050s_hot_2056,outdoor_temp_ge_20_c,zone_cooling_rate_w,discomfort_probability,0.5969043783106702,3385
houston_ssp245_mid_2050s_hot_2056,outdoor_temp_ge_25_c,outdoor_temp_c,mean_operative_temp_c,0.6013029826195001,2358
houston_ssp245_mid_2050s_hot_2056,outdoor_temp_ge_25_c,mean_operative_temp_c,discomfort_probability,0.9464901915649855,2358
houston_ssp245_mid_2050s_hot_2056,outdoor_temp_ge_25_c,mean_operative_temp_c,warm_discomfort_probability,0.9653127306617805,2358
houston_ssp245_mid_2050s_hot_2056,outdoor_temp_ge_25_c,mean_operative_temp_c,cold_discomfort_probability,-0.9529021225381674,2358
houston_ssp245_mid_2050s_hot_2056,outdoor_temp_ge_25_c,zone_cooling_rate_w,discomfort_probability,0.4063750842159007,2358
houston_ssp245_mid_2050s_hot_2056,may_through_september,outdoor_temp_c,mean_operative_temp_c,0.552971794128065,1853
houston_ssp245_mid_2050s_hot_2056,may_through_september,mean_operative_temp_c,discomfort_probability,0.9887269012506003,1853
houston_ssp245_mid_2050s_hot_2056,may_through_september,mean_operative_temp_c,warm_discomfort_probability,0.9940944496677204,1853
houston_ssp245_mid_2050s_hot_2056,may_through_september,mean_operative_temp_c,cold_discomfort_probability,-0.9634727756760256,1853
houston_ssp245_mid_2050s_hot_2056,may_through_september,zone_cooling_rate_w,discomfort_probability,0.4210651875654243,1853
houston_ssp245_mid_2050s_typical_2052,all_occupied_hours,outdoor_temp_c,mean_operative_temp_c,0.8816809784066083,4437
houston_ssp245_mid_2050s_typical_2052,all_occupied_hours,mean_operative_temp_c,discomfort_probability,0.8119206765268399,4437
houston_ssp245_mid_2050s_typical_2052,all_occupied_hours,mean_operative_temp_c,warm_discomfort_probability,0.8903841227372215,4437
houston_ssp245_mid_2050s_typical_2052,all_occupied_hours,mean_operative_temp_c,cold_discomfort_probability,-0.8816928416075349,4437
houston_ssp245_mid_2050s_typical_2052,all_occupied_hours,zone_cooling_rate_w,discomfort_probability,0.6192290313647852,4437
houston_ssp245_mid_2050s_typical_2052,outdoor_temp_ge_20_c,outdoor_temp_c,mean_operative_temp_c,0.7817637021289187,3089
houston_ssp245_mid_2050s_typical_2052,outdoor_temp_ge_20_c,mean_operative_temp_c,discomfort_probability,0.9647715130656662,3089
houston_ssp245_mid_2050s_typical_2052,outdoor_temp_ge_20_c,mean_operative_temp_c,warm_discomfort_probability,0.9761182000524886,3089
houston_ssp245_mid_2050s_typical_2052,outdoor_temp_ge_20_c,mean_operative_temp_c,cold_discomfort_probability,-0.9129774713753248,3089
houston_ssp245_mid_2050s_typical_2052,outdoor_temp_ge_20_c,zone_cooling_rate_w,discomfort_probability,0.5571123045474319,3089
houston_ssp245_mid_2050s_typical_2052,outdoor_temp_ge_25_c,outdoor_temp_c,mean_operative_temp_c,0.668689109772304,2148
houston_ssp245_mid_2050s_typical_2052,outdoor_temp_ge_25_c,mean_operative_temp_c,discomfort_probability,0.9759703970839354,2148
houston_ssp245_mid_2050s_typical_2052,outdoor_temp_ge_25_c,mean_operative_temp_c,warm_discomfort_probability,0.9828129842643665,2148
houston_ssp245_mid_2050s_typical_2052,outdoor_temp_ge_25_c,mean_operative_temp_c,cold_discomfort_probability,-0.9524248225940061,2148
houston_ssp245_mid_2050s_typical_2052,outdoor_temp_ge_25_c,zone_cooling_rate_w,discomfort_probability,0.2974938012132985,2148
houston_ssp245_mid_2050s_typical_2052,may_through_september,outdoor_temp_c,mean_operative_temp_c,0.6664879091913425,1853
houston_ssp245_mid_2050s_typical_2052,may_through_september,mean_operative_temp_c,discomfort_probability,0.9932865264208045,1853
houston_ssp245_mid_2050s_typical_2052,may_through_september,mean_operative_temp_c,warm_discomfort_probability,0.995242204323725,1853
houston_ssp245_mid_2050s_typical_2052,may_through_september,mean_operative_temp_c,cold_discomfort_probability,-0.9738463168466152,1853
houston_ssp245_mid_2050s_typical_2052,may_through_september,zone_cooling_rate_w,discomfort_probability,0.35433948501049695,1853
houston_ssp245_near_2030s_heatwave_extreme_2039,all_occupied_hours,outdoor_temp_c,mean_operative_temp_c,0.8944846751258179,4437
houston_ssp245_near_2030s_heatwave_extreme_2039,all_occupied_hours,mean_operative_temp_c,discomfort_probability,0.81448157226074,4437
houston_ssp245_near_2030s_heatwave_extreme_2039,all_occupied_hours,mean_operative_temp_c,warm_discomfort_probability,0.8848149285743822,4437
houston_ssp245_near_2030s_heatwave_extreme_2039,all_occupied_hours,mean_operative_temp_c,cold_discomfort_probability,-0.8546685777714087,4437
houston_ssp245_near_2030s_heatwave_extreme_2039,all_occupied_hours,zone_cooling_rate_w,discomfort_probability,0.6548222124989901,4437
houston_ssp245_near_2030s_heatwave_extreme_2039,outdoor_temp_ge_20_c,outdoor_temp_c,mean_operative_temp_c,0.7783658379553232,2884
houston_ssp245_near_2030s_heatwave_extreme_2039,outdoor_temp_ge_20_c,mean_operative_temp_c,discomfort_probability,0.9600093600593451,2884
houston_ssp245_near_2030s_heatwave_extreme_2039,outdoor_temp_ge_20_c,mean_operative_temp_c,warm_discomfort_probability,0.9755801475980044,2884
houston_ssp245_near_2030s_heatwave_extreme_2039,outdoor_temp_ge_20_c,mean_operative_temp_c,cold_discomfort_probability,-0.9314867685975678,2884
houston_ssp245_near_2030s_heatwave_extreme_2039,outdoor_temp_ge_20_c,zone_cooling_rate_w,discomfort_probability,0.5770214295027872,2884
houston_ssp245_near_2030s_heatwave_extreme_2039,outdoor_temp_ge_25_c,outdoor_temp_c,mean_operative_temp_c,0.6294199705373165,2026
houston_ssp245_near_2030s_heatwave_extreme_2039,outdoor_temp_ge_25_c,mean_operative_temp_c,discomfort_probability,0.9689676176487442,2026
houston_ssp245_near_2030s_heatwave_extreme_2039,outdoor_temp_ge_25_c,mean_operative_temp_c,warm_discomfort_probability,0.9801103457316933,2026
houston_ssp245_near_2030s_heatwave_extreme_2039,outdoor_temp_ge_25_c,mean_operative_temp_c,cold_discomfort_probability,-0.9654520481875901,2026
houston_ssp245_near_2030s_heatwave_extreme_2039,outdoor_temp_ge_25_c,zone_cooling_rate_w,discomfort_probability,0.3441013171657956,2026
houston_ssp245_near_2030s_heatwave_extreme_2039,may_through_september,outdoor_temp_c,mean_operative_temp_c,0.6487594987000981,1853
houston_ssp245_near_2030s_heatwave_extreme_2039,may_through_september,mean_operative_temp_c,discomfort_probability,0.9900016126175731,1853
houston_ssp245_near_2030s_heatwave_extreme_2039,may_through_september,mean_operative_temp_c,warm_discomfort_probability,0.9936352826459026,1853
houston_ssp245_near_2030s_heatwave_extreme_2039,may_through_september,mean_operative_temp_c,cold_discomfort_probability,-0.9727617091705689,1853
houston_ssp245_near_2030s_heatwave_extreme_2039,may_through_september,zone_cooling_rate_w,discomfort_probability,0.44976406938293995,1853
houston_ssp245_near_2030s_hot_2038,all_occupied_hours,outdoor_temp_c,mean_operative_temp_c,0.8551605794422633,4437
houston_ssp245_near_2030s_hot_2038,all_occupied_hours,mean_operative_temp_c,discomfort_probability,0.91670929425499,4437
houston_ssp245_near_2030s_hot_2038,all_occupied_hours,mean_operative_temp_c,warm_discomfort_probability,0.9515622095679929,4437
houston_ssp245_near_2030s_hot_2038,all_occupied_hours,mean_operative_temp_c,cold_discomfort_probability,-0.936132850908937,4437
houston_ssp245_near_2030s_hot_2038,all_occupied_hours,zone_cooling_rate_w,discomfort_probability,0.6919728756785453,4437
houston_ssp245_near_2030s_hot_2038,outdoor_temp_ge_20_c,outdoor_temp_c,mean_operative_temp_c,0.7706071120210066,3375
houston_ssp245_near_2030s_hot_2038,outdoor_temp_ge_20_c,mean_operative_temp_c,discomfort_probability,0.9473642902560326,3375
houston_ssp245_near_2030s_hot_2038,outdoor_temp_ge_20_c,mean_operative_temp_c,warm_discomfort_probability,0.9666282282040392,3375
houston_ssp245_near_2030s_hot_2038,outdoor_temp_ge_20_c,mean_operative_temp_c,cold_discomfort_probability,-0.9316175114941747,3375
houston_ssp245_near_2030s_hot_2038,outdoor_temp_ge_20_c,zone_cooling_rate_w,discomfort_probability,0.5644429904610825,3375
houston_ssp245_near_2030s_hot_2038,outdoor_temp_ge_25_c,outdoor_temp_c,mean_operative_temp_c,0.6339319372476129,2338
houston_ssp245_near_2030s_hot_2038,outdoor_temp_ge_25_c,mean_operative_temp_c,discomfort_probability,0.9563756429809701,2338
houston_ssp245_near_2030s_hot_2038,outdoor_temp_ge_25_c,mean_operative_temp_c,warm_discomfort_probability,0.9707805118551527,2338
houston_ssp245_near_2030s_hot_2038,outdoor_temp_ge_25_c,mean_operative_temp_c,cold_discomfort_probability,-0.9628803712617416,2338
houston_ssp245_near_2030s_hot_2038,outdoor_temp_ge_25_c,zone_cooling_rate_w,discomfort_probability,0.3344600399232645,2338
houston_ssp245_near_2030s_hot_2038,may_through_september,outdoor_temp_c,mean_operative_temp_c,0.5687249203959802,1853
houston_ssp245_near_2030s_hot_2038,may_through_september,mean_operative_temp_c,discomfort_probability,0.9924470362104447,1853
houston_ssp245_near_2030s_hot_2038,may_through_september,mean_operative_temp_c,warm_discomfort_probability,0.9952044345938386,1853
houston_ssp245_near_2030s_hot_2038,may_through_september,mean_operative_temp_c,cold_discomfort_probability,-0.9751222971063833,1853
houston_ssp245_near_2030s_hot_2038,may_through_september,zone_cooling_rate_w,discomfort_probability,0.38708048400375294,1853
houston_ssp245_near_2030s_typical_2033,all_occupied_hours,outdoor_temp_c,mean_operative_temp_c,0.9091121191996766,4437
houston_ssp245_near_2030s_typical_2033,all_occupied_hours,mean_operative_temp_c,discomfort_probability,0.7755516054734434,4437
houston_ssp245_near_2030s_typical_2033,all_occupied_hours,mean_operative_temp_c,warm_discomfort_probability,0.8744795566092091,4437
houston_ssp245_near_2030s_typical_2033,all_occupied_hours,mean_operative_temp_c,cold_discomfort_probability,-0.882900960637222,4437
houston_ssp245_near_2030s_typical_2033,all_occupied_hours,zone_cooling_rate_w,discomfort_probability,0.6373785703275924,4437
houston_ssp245_near_2030s_typical_2033,outdoor_temp_ge_20_c,outdoor_temp_c,mean_operative_temp_c,0.7758246862401589,2803
houston_ssp245_near_2030s_typical_2033,outdoor_temp_ge_20_c,mean_operative_temp_c,discomfort_probability,0.9582840488082417,2803
houston_ssp245_near_2030s_typical_2033,outdoor_temp_ge_20_c,mean_operative_temp_c,warm_discomfort_probability,0.9740168603274356,2803
houston_ssp245_near_2030s_typical_2033,outdoor_temp_ge_20_c,mean_operative_temp_c,cold_discomfort_probability,-0.934965943594767,2803
houston_ssp245_near_2030s_typical_2033,outdoor_temp_ge_20_c,zone_cooling_rate_w,discomfort_probability,0.5614031983735535,2803
houston_ssp245_near_2030s_typical_2033,outdoor_temp_ge_25_c,outdoor_temp_c,mean_operative_temp_c,0.6214080905469989,1995
houston_ssp245_near_2030s_typical_2033,outdoor_temp_ge_25_c,mean_operative_temp_c,discomfort_probability,0.9692889780284545,1995
houston_ssp245_near_2030s_typical_2033,outdoor_temp_ge_25_c,mean_operative_temp_c,warm_discomfort_probability,0.9800619258668247,1995
houston_ssp245_near_2030s_typical_2033,outdoor_temp_ge_25_c,mean_operative_temp_c,cold_discomfort_probability,-0.9690864897795345,1995
houston_ssp245_near_2030s_typical_2033,outdoor_temp_ge_25_c,zone_cooling_rate_w,discomfort_probability,0.3267287948798253,1995
houston_ssp245_near_2030s_typical_2033,may_through_september,outdoor_temp_c,mean_operative_temp_c,0.613629876988298,1853
houston_ssp245_near_2030s_typical_2033,may_through_september,mean_operative_temp_c,discomfort_probability,0.993081860803684,1853
houston_ssp245_near_2030s_typical_2033,may_through_september,mean_operative_temp_c,warm_discomfort_probability,0.9954541208921043,1853
houston_ssp245_near_2030s_typical_2033,may_through_september,mean_operative_temp_c,cold_discomfort_probability,-0.9759876318303452,1853
houston_ssp245_near_2030s_typical_2033,may_through_september,zone_cooling_rate_w,discomfort_probability,0.3916106149941613,1853
houston_ssp585_baseline_2020s_heatwave_extreme_2025,all_occupied_hours,outdoor_temp_c,mean_operative_temp_c,0.9097102271152202,4437
houston_ssp585_baseline_2020s_heatwave_extreme_2025,all_occupied_hours,mean_operative_temp_c,discomfort_probability,0.8123912856528102,4437
houston_ssp585_baseline_2020s_heatwave_extreme_2025,all_occupied_hours,mean_operative_temp_c,warm_discomfort_probability,0.8719738151760791,4437
houston_ssp585_baseline_2020s_heatwave_extreme_2025,all_occupied_hours,mean_operative_temp_c,cold_discomfort_probability,-0.8112035688358532,4437
houston_ssp585_baseline_2020s_heatwave_extreme_2025,all_occupied_hours,zone_cooling_rate_w,discomfort_probability,0.6652438269460004,4437
houston_ssp585_baseline_2020s_heatwave_extreme_2025,outdoor_temp_ge_20_c,outdoor_temp_c,mean_operative_temp_c,0.7946160015857658,2723
houston_ssp585_baseline_2020s_heatwave_extreme_2025,outdoor_temp_ge_20_c,mean_operative_temp_c,discomfort_probability,0.9710221984754843,2723
houston_ssp585_baseline_2020s_heatwave_extreme_2025,outdoor_temp_ge_20_c,mean_operative_temp_c,warm_discomfort_probability,0.9815621691048197,2723
houston_ssp585_baseline_2020s_heatwave_extreme_2025,outdoor_temp_ge_20_c,mean_operative_temp_c,cold_discomfort_probability,-0.9350774087103558,2723
houston_ssp585_baseline_2020s_heatwave_extreme_2025,outdoor_temp_ge_20_c,zone_cooling_rate_w,discomfort_probability,0.5692386763558338,2723
houston_ssp585_baseline_2020s_heatwave_extreme_2025,outdoor_temp_ge_25_c,outdoor_temp_c,mean_operative_temp_c,0.640544249606769,1994
houston_ssp585_baseline_2020s_heatwave_extreme_2025,outdoor_temp_ge_25_c,mean_operative_temp_c,discomfort_probability,0.9770159517860325,1994
houston_ssp585_baseline_2020s_heatwave_extreme_2025,outdoor_temp_ge_25_c,mean_operative_temp_c,warm_discomfort_probability,0.9838722063522958,1994
houston_ssp585_baseline_2020s_heatwave_extreme_2025,outdoor_temp_ge_25_c,mean_operative_temp_c,cold_discomfort_probability,-0.9683664373451448,1994
houston_ssp585_baseline_2020s_heatwave_extreme_2025,outdoor_temp_ge_25_c,zone_cooling_rate_w,discomfort_probability,0.33439610941672143,1994
houston_ssp585_baseline_2020s_heatwave_extreme_2025,may_through_september,outdoor_temp_c,mean_operative_temp_c,0.6089208389013155,1853
houston_ssp585_baseline_2020s_heatwave_extreme_2025,may_through_september,mean_operative_temp_c,discomfort_probability,0.9935863606540084,1853
houston_ssp585_baseline_2020s_heatwave_extreme_2025,may_through_september,mean_operative_temp_c,warm_discomfort_probability,0.9952569943192198,1853
houston_ssp585_baseline_2020s_heatwave_extreme_2025,may_through_september,mean_operative_temp_c,cold_discomfort_probability,-0.976847793911679,1853
houston_ssp585_baseline_2020s_heatwave_extreme_2025,may_through_september,zone_cooling_rate_w,discomfort_probability,0.3970158147988215,1853
houston_ssp585_baseline_2020s_hot_2026,all_occupied_hours,outdoor_temp_c,mean_operative_temp_c,0.8957283569356963,4437
houston_ssp585_baseline_2020s_hot_2026,all_occupied_hours,mean_operative_temp_c,discomfort_probability,0.8180274231973089,4437
houston_ssp585_baseline_2020s_hot_2026,all_occupied_hours,mean_operative_temp_c,warm_discomfort_probability,0.8669957995060659,4437
houston_ssp585_baseline_2020s_hot_2026,all_occupied_hours,mean_operative_temp_c,cold_discomfort_probability,-0.767752644026412,4437
houston_ssp585_baseline_2020s_hot_2026,all_occupied_hours,zone_cooling_rate_w,discomfort_probability,0.665061338457789,4437
houston_ssp585_baseline_2020s_hot_2026,outdoor_temp_ge_20_c,outdoor_temp_c,mean_operative_temp_c,0.7079622073126929,2880
houston_ssp585_baseline_2020s_hot_2026,outdoor_temp_ge_20_c,mean_operative_temp_c,discomfort_probability,0.9612869650551735,2880
houston_ssp585_baseline_2020s_hot_2026,outdoor_temp_ge_20_c,mean_operative_temp_c,warm_discomfort_probability,0.9759583920888304,2880
houston_ssp585_baseline_2020s_hot_2026,outdoor_temp_ge_20_c,mean_operative_temp_c,cold_discomfort_probability,-0.9352660908097155,2880
houston_ssp585_baseline_2020s_hot_2026,outdoor_temp_ge_20_c,zone_cooling_rate_w,discomfort_probability,0.5477346886937398,2880
houston_ssp585_baseline_2020s_hot_2026,outdoor_temp_ge_25_c,outdoor_temp_c,mean_operative_temp_c,0.5631610432774546,2187
houston_ssp585_baseline_2020s_hot_2026,outdoor_temp_ge_25_c,mean_operative_temp_c,discomfort_probability,0.9699236563363142,2187
houston_ssp585_baseline_2020s_hot_2026,outdoor_temp_ge_25_c,mean_operative_temp_c,warm_discomfort_probability,0.9797497875742891,2187
houston_ssp585_baseline_2020s_hot_2026,outdoor_temp_ge_25_c,mean_operative_temp_c,cold_discomfort_probability,-0.9620153321406439,2187
houston_ssp585_baseline_2020s_hot_2026,outdoor_temp_ge_25_c,zone_cooling_rate_w,discomfort_probability,0.37452546037963663,2187
houston_ssp585_baseline_2020s_hot_2026,may_through_september,outdoor_temp_c,mean_operative_temp_c,0.5489540538675894,1853
houston_ssp585_baseline_2020s_hot_2026,may_through_september,mean_operative_temp_c,discomfort_probability,0.99213268121434,1853
houston_ssp585_baseline_2020s_hot_2026,may_through_september,mean_operative_temp_c,warm_discomfort_probability,0.99511061827695,1853
houston_ssp585_baseline_2020s_hot_2026,may_through_september,mean_operative_temp_c,cold_discomfort_probability,-0.9723986203561819,1853
houston_ssp585_baseline_2020s_hot_2026,may_through_september,zone_cooling_rate_w,discomfort_probability,0.44606278368980984,1853
houston_ssp585_baseline_2020s_typical_2025,all_occupied_hours,outdoor_temp_c,mean_operative_temp_c,0.9097102271152202,4437
houston_ssp585_baseline_2020s_typical_2025,all_occupied_hours,mean_operative_temp_c,discomfort_probability,0.8123912856528102,4437
houston_ssp585_baseline_2020s_typical_2025,all_occupied_hours,mean_operative_temp_c,warm_discomfort_probability,0.8719738151760791,4437
houston_ssp585_baseline_2020s_typical_2025,all_occupied_hours,mean_operative_temp_c,cold_discomfort_probability,-0.8112035688358532,4437
houston_ssp585_baseline_2020s_typical_2025,all_occupied_hours,zone_cooling_rate_w,discomfort_probability,0.6652438269460004,4437
houston_ssp585_baseline_2020s_typical_2025,outdoor_temp_ge_20_c,outdoor_temp_c,mean_operative_temp_c,0.7946160015857658,2723
houston_ssp585_baseline_2020s_typical_2025,outdoor_temp_ge_20_c,mean_operative_temp_c,discomfort_probability,0.9710221984754843,2723
houston_ssp585_baseline_2020s_typical_2025,outdoor_temp_ge_20_c,mean_operative_temp_c,warm_discomfort_probability,0.9815621691048197,2723
houston_ssp585_baseline_2020s_typical_2025,outdoor_temp_ge_20_c,mean_operative_temp_c,cold_discomfort_probability,-0.9350774087103558,2723
houston_ssp585_baseline_2020s_typical_2025,outdoor_temp_ge_20_c,zone_cooling_rate_w,discomfort_probability,0.5692386763558338,2723
houston_ssp585_baseline_2020s_typical_2025,outdoor_temp_ge_25_c,outdoor_temp_c,mean_operative_temp_c,0.640544249606769,1994
houston_ssp585_baseline_2020s_typical_2025,outdoor_temp_ge_25_c,mean_operative_temp_c,discomfort_probability,0.9770159517860325,1994
houston_ssp585_baseline_2020s_typical_2025,outdoor_temp_ge_25_c,mean_operative_temp_c,warm_discomfort_probability,0.9838722063522958,1994
houston_ssp585_baseline_2020s_typical_2025,outdoor_temp_ge_25_c,mean_operative_temp_c,cold_discomfort_probability,-0.9683664373451448,1994
houston_ssp585_baseline_2020s_typical_2025,outdoor_temp_ge_25_c,zone_cooling_rate_w,discomfort_probability,0.33439610941672143,1994
houston_ssp585_baseline_2020s_typical_2025,may_through_september,outdoor_temp_c,mean_operative_temp_c,0.6089208389013155,1853
houston_ssp585_baseline_2020s_typical_2025,may_through_september,mean_operative_temp_c,discomfort_probability,0.9935863606540084,1853
houston_ssp585_baseline_2020s_typical_2025,may_through_september,mean_operative_temp_c,warm_discomfort_probability,0.9952569943192198,1853
houston_ssp585_baseline_2020s_typical_2025,may_through_september,mean_operative_temp_c,cold_discomfort_probability,-0.976847793911679,1853
houston_ssp585_baseline_2020s_typical_2025,may_through_september,zone_cooling_rate_w,discomfort_probability,0.3970158147988215,1853
houston_ssp585_late_2080s_heatwave_extreme_2086,all_occupied_hours,outdoor_temp_c,mean_operative_temp_c,0.9169925148144412,4437
houston_ssp585_late_2080s_heatwave_extreme_2086,all_occupied_hours,mean_operative_temp_c,discomfort_probability,0.8871502662727175,4437
houston_ssp585_late_2080s_heatwave_extreme_2086,all_occupied_hours,mean_operative_temp_c,warm_discomfort_probability,0.928591501113394,4437
houston_ssp585_late_2080s_heatwave_extreme_2086,all_occupied_hours,mean_operative_temp_c,cold_discomfort_probability,-0.9302173845372894,4437
houston_ssp585_late_2080s_heatwave_extreme_2086,all_occupied_hours,zone_cooling_rate_w,discomfort_probability,0.6092843417912538,4437
houston_ssp585_late_2080s_heatwave_extreme_2086,outdoor_temp_ge_20_c,outdoor_temp_c,mean_operative_temp_c,0.8396587487332812,3103
houston_ssp585_late_2080s_heatwave_extreme_2086,outdoor_temp_ge_20_c,mean_operative_temp_c,discomfort_probability,0.9820488782455032,3103
houston_ssp585_late_2080s_heatwave_extreme_2086,outdoor_temp_ge_20_c,mean_operative_temp_c,warm_discomfort_probability,0.9878357154051526,3103
houston_ssp585_late_2080s_heatwave_extreme_2086,outdoor_temp_ge_20_c,mean_operative_temp_c,cold_discomfort_probability,-0.9709451190089756,3103
houston_ssp585_late_2080s_heatwave_extreme_2086,outdoor_temp_ge_20_c,zone_cooling_rate_w,discomfort_probability,0.3542704527488426,3103
houston_ssp585_late_2080s_heatwave_extreme_2086,outdoor_temp_ge_25_c,outdoor_temp_c,mean_operative_temp_c,0.7372443482040135,2402
houston_ssp585_late_2080s_heatwave_extreme_2086,outdoor_temp_ge_25_c,mean_operative_temp_c,discomfort_probability,0.9830591838790748,2402
houston_ssp585_late_2080s_heatwave_extreme_2086,outdoor_temp_ge_25_c,mean_operative_temp_c,warm_discomfort_probability,0.9876500685577932,2402
houston_ssp585_late_2080s_heatwave_extreme_2086,outdoor_temp_ge_25_c,mean_operative_temp_c,cold_discomfort_probability,-0.9869829520593016,2402
houston_ssp585_late_2080s_heatwave_extreme_2086,outdoor_temp_ge_25_c,zone_cooling_rate_w,discomfort_probability,0.05769795436378795,2402
houston_ssp585_late_2080s_heatwave_extreme_2086,may_through_september,outdoor_temp_c,mean_operative_temp_c,0.6285293631356029,1853
houston_ssp585_late_2080s_heatwave_extreme_2086,may_through_september,mean_operative_temp_c,discomfort_probability,0.9842937494922497,1853
houston_ssp585_late_2080s_heatwave_extreme_2086,may_through_september,mean_operative_temp_c,warm_discomfort_probability,0.987117333433732,1853
houston_ssp585_late_2080s_heatwave_extreme_2086,may_through_september,mean_operative_temp_c,cold_discomfort_probability,-0.9882403727296454,1853
houston_ssp585_late_2080s_heatwave_extreme_2086,may_through_september,zone_cooling_rate_w,discomfort_probability,0.14650067286450322,1853
houston_ssp585_late_2080s_hot_2080,all_occupied_hours,outdoor_temp_c,mean_operative_temp_c,0.876883596995458,4437
houston_ssp585_late_2080s_hot_2080,all_occupied_hours,mean_operative_temp_c,discomfort_probability,0.9039382032015022,4437
houston_ssp585_late_2080s_hot_2080,all_occupied_hours,mean_operative_temp_c,warm_discomfort_probability,0.9377504370945455,4437
houston_ssp585_late_2080s_hot_2080,all_occupied_hours,mean_operative_temp_c,cold_discomfort_probability,-0.9326996151561657,4437
houston_ssp585_late_2080s_hot_2080,all_occupied_hours,zone_cooling_rate_w,discomfort_probability,0.5698882361053215,4437
houston_ssp585_late_2080s_hot_2080,outdoor_temp_ge_20_c,outdoor_temp_c,mean_operative_temp_c,0.816230562061814,3558
houston_ssp585_late_2080s_hot_2080,outdoor_temp_ge_20_c,mean_operative_temp_c,discomfort_probability,0.9743969628779086,3558
houston_ssp585_late_2080s_hot_2080,outdoor_temp_ge_20_c,mean_operative_temp_c,warm_discomfort_probability,0.982911037040262,3558
houston_ssp585_late_2080s_hot_2080,outdoor_temp_ge_20_c,mean_operative_temp_c,cold_discomfort_probability,-0.9509143239163682,3558
houston_ssp585_late_2080s_hot_2080,outdoor_temp_ge_20_c,zone_cooling_rate_w,discomfort_probability,0.43442355146588635,3558
houston_ssp585_late_2080s_hot_2080,outdoor_temp_ge_25_c,outdoor_temp_c,mean_operative_temp_c,0.7582137435717455,2641
houston_ssp585_late_2080s_hot_2080,outdoor_temp_ge_25_c,mean_operative_temp_c,discomfort_probability,0.9790606405957458,2641
houston_ssp585_late_2080s_hot_2080,outdoor_temp_ge_25_c,mean_operative_temp_c,warm_discomfort_probability,0.9852333288578906,2641
houston_ssp585_late_2080s_hot_2080,outdoor_temp_ge_25_c,mean_operative_temp_c,cold_discomfort_probability,-0.973760536760221,2641
houston_ssp585_late_2080s_hot_2080,outdoor_temp_ge_25_c,zone_cooling_rate_w,discomfort_probability,0.11458070905141084,2641
houston_ssp585_late_2080s_hot_2080,may_through_september,outdoor_temp_c,mean_operative_temp_c,0.7156331872059578,1853
houston_ssp585_late_2080s_hot_2080,may_through_september,mean_operative_temp_c,discomfort_probability,0.984465079028804,1853
houston_ssp585_late_2080s_hot_2080,may_through_september,mean_operative_temp_c,warm_discomfort_probability,0.9884019051135307,1853
houston_ssp585_late_2080s_hot_2080,may_through_september,mean_operative_temp_c,cold_discomfort_probability,-0.9902763198650519,1853
houston_ssp585_late_2080s_hot_2080,may_through_september,zone_cooling_rate_w,discomfort_probability,0.1273518208766972,1853
houston_ssp585_late_2080s_typical_2088,all_occupied_hours,outdoor_temp_c,mean_operative_temp_c,0.919847852448089,4437
houston_ssp585_late_2080s_typical_2088,all_occupied_hours,mean_operative_temp_c,discomfort_probability,0.8969121518657008,4437
houston_ssp585_late_2080s_typical_2088,all_occupied_hours,mean_operative_temp_c,warm_discomfort_probability,0.9403753231411305,4437
houston_ssp585_late_2080s_typical_2088,all_occupied_hours,mean_operative_temp_c,cold_discomfort_probability,-0.9482879419784205,4437
houston_ssp585_late_2080s_typical_2088,all_occupied_hours,zone_cooling_rate_w,discomfort_probability,0.6066095888500964,4437
houston_ssp585_late_2080s_typical_2088,outdoor_temp_ge_20_c,outdoor_temp_c,mean_operative_temp_c,0.8357381448958823,3116
houston_ssp585_late_2080s_typical_2088,outdoor_temp_ge_20_c,mean_operative_temp_c,discomfort_probability,0.9751211061133864,3116
houston_ssp585_late_2080s_typical_2088,outdoor_temp_ge_20_c,mean_operative_temp_c,warm_discomfort_probability,0.9839473490506667,3116
houston_ssp585_late_2080s_typical_2088,outdoor_temp_ge_20_c,mean_operative_temp_c,cold_discomfort_probability,-0.9757378647463602,3116
houston_ssp585_late_2080s_typical_2088,outdoor_temp_ge_20_c,zone_cooling_rate_w,discomfort_probability,0.318321440908205,3116
houston_ssp585_late_2080s_typical_2088,outdoor_temp_ge_25_c,outdoor_temp_c,mean_operative_temp_c,0.7330295065158318,2400
houston_ssp585_late_2080s_typical_2088,outdoor_temp_ge_25_c,mean_operative_temp_c,discomfort_probability,0.9809792128436133,2400
houston_ssp585_late_2080s_typical_2088,outdoor_temp_ge_25_c,mean_operative_temp_c,warm_discomfort_probability,0.986296975051558,2400
houston_ssp585_late_2080s_typical_2088,outdoor_temp_ge_25_c,mean_operative_temp_c,cold_discomfort_probability,-0.9875196366222889,2400
houston_ssp585_late_2080s_typical_2088,outdoor_temp_ge_25_c,zone_cooling_rate_w,discomfort_probability,0.025728156376416036,2400
houston_ssp585_late_2080s_typical_2088,may_through_september,outdoor_temp_c,mean_operative_temp_c,0.6521549076839536,1853
houston_ssp585_late_2080s_typical_2088,may_through_september,mean_operative_temp_c,discomfort_probability,0.9829373453957928,1853
houston_ssp585_late_2080s_typical_2088,may_through_september,mean_operative_temp_c,warm_discomfort_probability,0.9862565552832679,1853
houston_ssp585_late_2080s_typical_2088,may_through_september,mean_operative_temp_c,cold_discomfort_probability,-0.988689889673469,1853
houston_ssp585_late_2080s_typical_2088,may_through_september,zone_cooling_rate_w,discomfort_probability,0.04980098293890139,1853
houston_ssp585_mid_2050s_heatwave_extreme_2059,all_occupied_hours,outdoor_temp_c,mean_operative_temp_c,0.911981627638005,4437
houston_ssp585_mid_2050s_heatwave_extreme_2059,all_occupied_hours,mean_operative_temp_c,discomfort_probability,0.846574694053144,4437
houston_ssp585_mid_2050s_heatwave_extreme_2059,all_occupied_hours,mean_operative_temp_c,warm_discomfort_probability,0.911804637054093,4437
houston_ssp585_mid_2050s_heatwave_extreme_2059,all_occupied_hours,mean_operative_temp_c,cold_discomfort_probability,-0.8814553557548794,4437
houston_ssp585_mid_2050s_heatwave_extreme_2059,all_occupied_hours,zone_cooling_rate_w,discomfort_probability,0.6503144449646509,4437
houston_ssp585_mid_2050s_heatwave_extreme_2059,outdoor_temp_ge_20_c,outdoor_temp_c,mean_operative_temp_c,0.8031639708844481,3080
houston_ssp585_mid_2050s_heatwave_extreme_2059,outdoor_temp_ge_20_c,mean_operative_temp_c,discomfort_probability,0.9640888906645914,3080
houston_ssp585_mid_2050s_heatwave_extreme_2059,outdoor_temp_ge_20_c,mean_operative_temp_c,warm_discomfort_probability,0.9776969890948776,3080
houston_ssp585_mid_2050s_heatwave_extreme_2059,outdoor_temp_ge_20_c,mean_operative_temp_c,cold_discomfort_probability,-0.9395773389910115,3080
houston_ssp585_mid_2050s_heatwave_extreme_2059,outdoor_temp_ge_20_c,zone_cooling_rate_w,discomfort_probability,0.5156215592614062,3080
houston_ssp585_mid_2050s_heatwave_extreme_2059,outdoor_temp_ge_25_c,outdoor_temp_c,mean_operative_temp_c,0.658562968200461,2282
houston_ssp585_mid_2050s_heatwave_extreme_2059,outdoor_temp_ge_25_c,mean_operative_temp_c,discomfort_probability,0.9722187011275076,2282
houston_ssp585_mid_2050s_heatwave_extreme_2059,outdoor_temp_ge_25_c,mean_operative_temp_c,warm_discomfort_probability,0.9817521607623121,2282
houston_ssp585_mid_2050s_heatwave_extreme_2059,outdoor_temp_ge_25_c,mean_operative_temp_c,cold_discomfort_probability,-0.9685493071926401,2282
houston_ssp585_mid_2050s_heatwave_extreme_2059,outdoor_temp_ge_25_c,zone_cooling_rate_w,discomfort_probability,0.24416120777016306,2282
houston_ssp585_mid_2050s_heatwave_extreme_2059,may_through_september,outdoor_temp_c,mean_operative_temp_c,0.5802777054119428,1853
houston_ssp585_mid_2050s_heatwave_extreme_2059,may_through_september,mean_operative_temp_c,discomfort_probability,0.9943888558306877,1853
houston_ssp585_mid_2050s_heatwave_extreme_2059,may_through_september,mean_operative_temp_c,warm_discomfort_probability,0.9959686842763786,1853
houston_ssp585_mid_2050s_heatwave_extreme_2059,may_through_september,mean_operative_temp_c,cold_discomfort_probability,-0.9824851432822933,1853
houston_ssp585_mid_2050s_heatwave_extreme_2059,may_through_september,zone_cooling_rate_w,discomfort_probability,0.2900984907569054,1853
houston_ssp585_mid_2050s_hot_2058,all_occupied_hours,outdoor_temp_c,mean_operative_temp_c,0.8850691882359271,4437
houston_ssp585_mid_2050s_hot_2058,all_occupied_hours,mean_operative_temp_c,discomfort_probability,0.8755479195770407,4437
houston_ssp585_mid_2050s_hot_2058,all_occupied_hours,mean_operative_temp_c,warm_discomfort_probability,0.8996060421545328,4437
houston_ssp585_mid_2050s_hot_2058,all_occupied_hours,mean_operative_temp_c,cold_discomfort_probability,-0.8298470473366416,4437
houston_ssp585_mid_2050s_hot_2058,all_occupied_hours,zone_cooling_rate_w,discomfort_probability,0.6566803964263005,4437
houston_ssp585_mid_2050s_hot_2058,outdoor_temp_ge_20_c,outdoor_temp_c,mean_operative_temp_c,0.7635400533004638,3197
houston_ssp585_mid_2050s_hot_2058,outdoor_temp_ge_20_c,mean_operative_temp_c,discomfort_probability,0.9675869868651439,3197
houston_ssp585_mid_2050s_hot_2058,outdoor_temp_ge_20_c,mean_operative_temp_c,warm_discomfort_probability,0.9801035663223564,3197
houston_ssp585_mid_2050s_hot_2058,outdoor_temp_ge_20_c,mean_operative_temp_c,cold_discomfort_probability,-0.9464242254853268,3197
houston_ssp585_mid_2050s_hot_2058,outdoor_temp_ge_20_c,zone_cooling_rate_w,discomfort_probability,0.5133217320653909,3197
houston_ssp585_mid_2050s_hot_2058,outdoor_temp_ge_25_c,outdoor_temp_c,mean_operative_temp_c,0.6418050751106,2379
houston_ssp585_mid_2050s_hot_2058,outdoor_temp_ge_25_c,mean_operative_temp_c,discomfort_probability,0.9737559787399483,2379
houston_ssp585_mid_2050s_hot_2058,outdoor_temp_ge_25_c,mean_operative_temp_c,warm_discomfort_probability,0.9824136315047247,2379
houston_ssp585_mid_2050s_hot_2058,outdoor_temp_ge_25_c,mean_operative_temp_c,cold_discomfort_probability,-0.9722767179652905,2379
houston_ssp585_mid_2050s_hot_2058,outdoor_temp_ge_25_c,zone_cooling_rate_w,discomfort_probability,0.2747186643475592,2379
houston_ssp585_mid_2050s_hot_2058,may_through_september,outdoor_temp_c,mean_operative_temp_c,0.5965799617779053,1853
houston_ssp585_mid_2050s_hot_2058,may_through_september,mean_operative_temp_c,discomfort_probability,0.9943332774645142,1853
houston_ssp585_mid_2050s_hot_2058,may_through_september,mean_operative_temp_c,warm_discomfort_probability,0.9960310364210185,1853
houston_ssp585_mid_2050s_hot_2058,may_through_september,mean_operative_temp_c,cold_discomfort_probability,-0.9828884784093258,1853
houston_ssp585_mid_2050s_hot_2058,may_through_september,zone_cooling_rate_w,discomfort_probability,0.32101050168204154,1853
houston_ssp585_mid_2050s_typical_2055,all_occupied_hours,outdoor_temp_c,mean_operative_temp_c,0.9040318900528539,4437
houston_ssp585_mid_2050s_typical_2055,all_occupied_hours,mean_operative_temp_c,discomfort_probability,0.854467866227819,4437
houston_ssp585_mid_2050s_typical_2055,all_occupied_hours,mean_operative_temp_c,warm_discomfort_probability,0.9195159581114991,4437
houston_ssp585_mid_2050s_typical_2055,all_occupied_hours,mean_operative_temp_c,cold_discomfort_probability,-0.8896482837696622,4437
houston_ssp585_mid_2050s_typical_2055,all_occupied_hours,zone_cooling_rate_w,discomfort_probability,0.6731172183400723,4437
houston_ssp585_mid_2050s_typical_2055,outdoor_temp_ge_20_c,outdoor_temp_c,mean_operative_temp_c,0.7823302323483994,2896
houston_ssp585_mid_2050s_typical_2055,outdoor_temp_ge_20_c,mean_operative_temp_c,discomfort_probability,0.9715574680223893,2896
houston_ssp585_mid_2050s_typical_2055,outdoor_temp_ge_20_c,mean_operative_temp_c,warm_discomfort_probability,0.9809693068968881,2896
houston_ssp585_mid_2050s_typical_2055,outdoor_temp_ge_20_c,mean_operative_temp_c,cold_discomfort_probability,-0.9514965993205089,2896
houston_ssp585_mid_2050s_typical_2055,outdoor_temp_ge_20_c,zone_cooling_rate_w,discomfort_probability,0.5202127410555629,2896
houston_ssp585_mid_2050s_typical_2055,outdoor_temp_ge_25_c,outdoor_temp_c,mean_operative_temp_c,0.637833959707423,2157
houston_ssp585_mid_2050s_typical_2055,outdoor_temp_ge_25_c,mean_operative_temp_c,discomfort_probability,0.9734307773526041,2157
houston_ssp585_mid_2050s_typical_2055,outdoor_temp_ge_25_c,mean_operative_temp_c,warm_discomfort_probability,0.98118449160745,2157
houston_ssp585_mid_2050s_typical_2055,outdoor_temp_ge_25_c,mean_operative_temp_c,cold_discomfort_probability,-0.973638791984634,2157
houston_ssp585_mid_2050s_typical_2055,outdoor_temp_ge_25_c,zone_cooling_rate_w,discomfort_probability,0.27859575880229925,2157
houston_ssp585_mid_2050s_typical_2055,may_through_september,outdoor_temp_c,mean_operative_temp_c,0.5950377127253955,1853
houston_ssp585_mid_2050s_typical_2055,may_through_september,mean_operative_temp_c,discomfort_probability,0.993957521840244,1853
houston_ssp585_mid_2050s_typical_2055,may_through_september,mean_operative_temp_c,warm_discomfort_probability,0.9952601355493319,1853
houston_ssp585_mid_2050s_typical_2055,may_through_september,mean_operative_temp_c,cold_discomfort_probability,-0.9818150233898036,1853
houston_ssp585_mid_2050s_typical_2055,may_through_september,zone_cooling_rate_w,discomfort_probability,0.35820102907792295,1853
houston_ssp585_near_2030s_heatwave_extreme_2037,all_occupied_hours,outdoor_temp_c,mean_operative_temp_c,0.8837204232790954,4437
houston_ssp585_near_2030s_heatwave_extreme_2037,all_occupied_hours,mean_operative_temp_c,discomfort_probability,0.8673453961732437,4437
houston_ssp585_near_2030s_heatwave_extreme_2037,all_occupied_hours,mean_operative_temp_c,warm_discomfort_probability,0.935394996917829,4437
houston_ssp585_near_2030s_heatwave_extreme_2037,all_occupied_hours,mean_operative_temp_c,cold_discomfort_probability,-0.9154391906142367,4437
houston_ssp585_near_2030s_heatwave_extreme_2037,all_occupied_hours,zone_cooling_rate_w,discomfort_probability,0.6459692241413624,4437
houston_ssp585_near_2030s_heatwave_extreme_2037,outdoor_temp_ge_20_c,outdoor_temp_c,mean_operative_temp_c,0.7828678222034375,3181
houston_ssp585_near_2030s_heatwave_extreme_2037,outdoor_temp_ge_20_c,mean_operative_temp_c,discomfort_probability,0.966458277118669,3181
houston_ssp585_near_2030s_heatwave_extreme_2037,outdoor_temp_ge_20_c,mean_operative_temp_c,warm_discomfort_probability,0.9777780843247975,3181
houston_ssp585_near_2030s_heatwave_extreme_2037,outdoor_temp_ge_20_c,mean_operative_temp_c,cold_discomfort_probability,-0.9284654203450712,3181
houston_ssp585_near_2030s_heatwave_extreme_2037,outdoor_temp_ge_20_c,zone_cooling_rate_w,discomfort_probability,0.5218083581045077,3181
houston_ssp585_near_2030s_heatwave_extreme_2037,outdoor_temp_ge_25_c,outdoor_temp_c,mean_operative_temp_c,0.6579125696621398,2269
houston_ssp585_near_2030s_heatwave_extreme_2037,outdoor_temp_ge_25_c,mean_operative_temp_c,discomfort_probability,0.971121337219271,2269
houston_ssp585_near_2030s_heatwave_extreme_2037,outdoor_temp_ge_25_c,mean_operative_temp_c,warm_discomfort_probability,0.9795159624331979,2269
houston_ssp585_near_2030s_heatwave_extreme_2037,outdoor_temp_ge_25_c,mean_operative_temp_c,cold_discomfort_probability,-0.9599620951858078,2269
houston_ssp585_near_2030s_heatwave_extreme_2037,outdoor_temp_ge_25_c,zone_cooling_rate_w,discomfort_probability,0.2433506798526224,2269
houston_ssp585_near_2030s_heatwave_extreme_2037,may_through_september,outdoor_temp_c,mean_operative_temp_c,0.6335046052179515,1853
houston_ssp585_near_2030s_heatwave_extreme_2037,may_through_september,mean_operative_temp_c,discomfort_probability,0.9939867368834103,1853
houston_ssp585_near_2030s_heatwave_extreme_2037,may_through_september,mean_operative_temp_c,warm_discomfort_probability,0.9958220545632065,1853
houston_ssp585_near_2030s_heatwave_extreme_2037,may_through_september,mean_operative_temp_c,cold_discomfort_probability,-0.9755865113453143,1853
houston_ssp585_near_2030s_heatwave_extreme_2037,may_through_september,zone_cooling_rate_w,discomfort_probability,0.3510328796506836,1853
houston_ssp585_near_2030s_hot_2035,all_occupied_hours,outdoor_temp_c,mean_operative_temp_c,0.8547895609352656,4437
houston_ssp585_near_2030s_hot_2035,all_occupied_hours,mean_operative_temp_c,discomfort_probability,0.8776446315655062,4437
houston_ssp585_near_2030s_hot_2035,all_occupied_hours,mean_operative_temp_c,warm_discomfort_probability,0.9260831016785933,4437
houston_ssp585_near_2030s_hot_2035,all_occupied_hours,mean_operative_temp_c,cold_discomfort_probability,-0.8974944233635216,4437
houston_ssp585_near_2030s_hot_2035,all_occupied_hours,zone_cooling_rate_w,discomfort_probability,0.6883949454737109,4437
houston_ssp585_near_2030s_hot_2035,outdoor_temp_ge_20_c,outdoor_temp_c,mean_operative_temp_c,0.7726091331696338,3350
houston_ssp585_near_2030s_hot_2035,outdoor_temp_ge_20_c,mean_operative_temp_c,discomfort_probability,0.942576791386174,3350
houston_ssp585_near_2030s_hot_2035,outdoor_temp_ge_20_c,mean_operative_temp_c,warm_discomfort_probability,0.9647364078739556,3350
houston_ssp585_near_2030s_hot_2035,outdoor_temp_ge_20_c,mean_operative_temp_c,cold_discomfort_probability,-0.9068789979962629,3350
houston_ssp585_near_2030s_hot_2035,outdoor_temp_ge_20_c,zone_cooling_rate_w,discomfort_probability,0.6128808171481035,3350
houston_ssp585_near_2030s_hot_2035,outdoor_temp_ge_25_c,outdoor_temp_c,mean_operative_temp_c,0.627579352706103,2323
houston_ssp585_near_2030s_hot_2035,outdoor_temp_ge_25_c,mean_operative_temp_c,discomfort_probability,0.9455044219374189,2323
houston_ssp585_near_2030s_hot_2035,outdoor_temp_ge_25_c,mean_operative_temp_c,warm_discomfort_probability,0.964067676069966,2323
houston_ssp585_near_2030s_hot_2035,outdoor_temp_ge_25_c,mean_operative_temp_c,cold_discomfort_probability,-0.9529482841498663,2323
houston_ssp585_near_2030s_hot_2035,outdoor_temp_ge_25_c,zone_cooling_rate_w,discomfort_probability,0.3804273604285955,2323
houston_ssp585_near_2030s_hot_2035,may_through_september,outdoor_temp_c,mean_operative_temp_c,0.5736565487560746,1853
houston_ssp585_near_2030s_hot_2035,may_through_september,mean_operative_temp_c,discomfort_probability,0.9903902184240684,1853
houston_ssp585_near_2030s_hot_2035,may_through_september,mean_operative_temp_c,warm_discomfort_probability,0.9940874373029306,1853
houston_ssp585_near_2030s_hot_2035,may_through_september,mean_operative_temp_c,cold_discomfort_probability,-0.9738945608466573,1853
houston_ssp585_near_2030s_hot_2035,may_through_september,zone_cooling_rate_w,discomfort_probability,0.40175177152164054,1853
houston_ssp585_near_2030s_typical_2038,all_occupied_hours,outdoor_temp_c,mean_operative_temp_c,0.9069564708693556,4437
houston_ssp585_near_2030s_typical_2038,all_occupied_hours,mean_operative_temp_c,discomfort_probability,0.7968310313064737,4437
houston_ssp585_near_2030s_typical_2038,all_occupied_hours,mean_operative_temp_c,warm_discomfort_probability,0.8777708527022932,4437
houston_ssp585_near_2030s_typical_2038,all_occupied_hours,mean_operative_temp_c,cold_discomfort_probability,-0.8004181773051546,4437
houston_ssp585_near_2030s_typical_2038,all_occupied_hours,zone_cooling_rate_w,discomfort_probability,0.6622313440896783,4437
houston_ssp585_near_2030s_typical_2038,outdoor_temp_ge_20_c,outdoor_temp_c,mean_operative_temp_c,0.728362921793244,2824
houston_ssp585_near_2030s_typical_2038,outdoor_temp_ge_20_c,mean_operative_temp_c,discomfort_probability,0.9651184374577819,2824
houston_ssp585_near_2030s_typical_2038,outdoor_temp_ge_20_c,mean_operative_temp_c,warm_discomfort_probability,0.9773153708054055,2824
houston_ssp585_near_2030s_typical_2038,outdoor_temp_ge_20_c,mean_operative_temp_c,cold_discomfort_probability,-0.9090545588549339,2824
houston_ssp585_near_2030s_typical_2038,outdoor_temp_ge_20_c,zone_cooling_rate_w,discomfort_probability,0.5812720783702938,2824
houston_ssp585_near_2030s_typical_2038,outdoor_temp_ge_25_c,outdoor_temp_c,mean_operative_temp_c,0.5768291669615516,2104
houston_ssp585_near_2030s_typical_2038,outdoor_temp_ge_25_c,mean_operative_temp_c,discomfort_probability,0.9679108432459288,2104
houston_ssp585_near_2030s_typical_2038,outdoor_temp_ge_25_c,mean_operative_temp_c,warm_discomfort_probability,0.9788416236501225,2104
houston_ssp585_near_2030s_typical_2038,outdoor_temp_ge_25_c,mean_operative_temp_c,cold_discomfort_probability,-0.958670426298033,2104
houston_ssp585_near_2030s_typical_2038,outdoor_temp_ge_25_c,zone_cooling_rate_w,discomfort_probability,0.400978776211956,2104
houston_ssp585_near_2030s_typical_2038,may_through_september,outdoor_temp_c,mean_operative_temp_c,0.5280269035449722,1853
houston_ssp585_near_2030s_typical_2038,may_through_september,mean_operative_temp_c,discomfort_probability,0.9912217037359924,1853
houston_ssp585_near_2030s_typical_2038,may_through_september,mean_operative_temp_c,warm_discomfort_probability,0.9947756420571096,1853
houston_ssp585_near_2030s_typical_2038,may_through_september,mean_operative_temp_c,cold_discomfort_probability,-0.9727153513489816,1853
houston_ssp585_near_2030s_typical_2038,may_through_september,zone_cooling_rate_w,discomfort_probability,0.427432612824734,1853
kolkata_ssp245_baseline_2020s_heatwave_extreme_2027,all_occupied_hours,outdoor_temp_c,mean_operative_temp_c,0.7689122710061645,4437
kolkata_ssp245_baseline_2020s_heatwave_extreme_2027,all_occupied_hours,mean_operative_temp_c,discomfort_probability,0.9417461897852532,4437
kolkata_ssp245_baseline_2020s_heatwave_extreme_2027,all_occupied_hours,mean_operative_temp_c,warm_discomfort_probability,0.9634061035030848,4437
kolkata_ssp245_baseline_2020s_heatwave_extreme_2027,all_occupied_hours,mean_operative_temp_c,cold_discomfort_probability,-0.9357723005543244,4437
kolkata_ssp245_baseline_2020s_heatwave_extreme_2027,all_occupied_hours,zone_cooling_rate_w,discomfort_probability,0.5075199089928362,4437
kolkata_ssp245_baseline_2020s_heatwave_extreme_2027,outdoor_temp_ge_20_c,outdoor_temp_c,mean_operative_temp_c,0.6873194187742027,3809
kolkata_ssp245_baseline_2020s_heatwave_extreme_2027,outdoor_temp_ge_20_c,mean_operative_temp_c,discomfort_probability,0.9567353590090382,3809
kolkata_ssp245_baseline_2020s_heatwave_extreme_2027,outdoor_temp_ge_20_c,mean_operative_temp_c,warm_discomfort_probability,0.9676977787670572,3809
kolkata_ssp245_baseline_2020s_heatwave_extreme_2027,outdoor_temp_ge_20_c,mean_operative_temp_c,cold_discomfort_probability,-0.9287028639027336,3809
kolkata_ssp245_baseline_2020s_heatwave_extreme_2027,outdoor_temp_ge_20_c,zone_cooling_rate_w,discomfort_probability,0.3696301589806949,3809
kolkata_ssp245_baseline_2020s_heatwave_extreme_2027,outdoor_temp_ge_25_c,outdoor_temp_c,mean_operative_temp_c,0.6326700718404249,3133
kolkata_ssp245_baseline_2020s_heatwave_extreme_2027,outdoor_temp_ge_25_c,mean_operative_temp_c,discomfort_probability,0.9777758300759116,3133
kolkata_ssp245_baseline_2020s_heatwave_extreme_2027,outdoor_temp_ge_25_c,mean_operative_temp_c,warm_discomfort_probability,0.9832574500823376,3133
kolkata_ssp245_baseline_2020s_heatwave_extreme_2027,outdoor_temp_ge_25_c,mean_operative_temp_c,cold_discomfort_probability,-0.9501130517617228,3133
kolkata_ssp245_baseline_2020s_heatwave_extreme_2027,outdoor_temp_ge_25_c,zone_cooling_rate_w,discomfort_probability,0.24656959867487158,3133
kolkata_ssp245_baseline_2020s_heatwave_extreme_2027,may_through_september,outdoor_temp_c,mean_operative_temp_c,0.6552804337934562,1853
kolkata_ssp245_baseline_2020s_heatwave_extreme_2027,may_through_september,mean_operative_temp_c,discomfort_probability,0.9918251820401788,1853
kolkata_ssp245_baseline_2020s_heatwave_extreme_2027,may_through_september,mean_operative_temp_c,warm_discomfort_probability,0.9948021256188344,1853
kolkata_ssp245_baseline_2020s_heatwave_extreme_2027,may_through_september,mean_operative_temp_c,cold_discomfort_probability,-0.9554163846515092,1853
kolkata_ssp245_baseline_2020s_heatwave_extreme_2027,may_through_september,zone_cooling_rate_w,discomfort_probability,0.149079574689778,1853
kolkata_ssp245_baseline_2020s_hot_2028,all_occupied_hours,outdoor_temp_c,mean_operative_temp_c,0.7330148530732885,4437
kolkata_ssp245_baseline_2020s_hot_2028,all_occupied_hours,mean_operative_temp_c,discomfort_probability,0.9549462137325475,4437
kolkata_ssp245_baseline_2020s_hot_2028,all_occupied_hours,mean_operative_temp_c,warm_discomfort_probability,0.969147447508087,4437
kolkata_ssp245_baseline_2020s_hot_2028,all_occupied_hours,mean_operative_temp_c,cold_discomfort_probability,-0.9360414625331794,4437
kolkata_ssp245_baseline_2020s_hot_2028,all_occupied_hours,zone_cooling_rate_w,discomfort_probability,0.5481777091855304,4437
kolkata_ssp245_baseline_2020s_hot_2028,outdoor_temp_ge_20_c,outdoor_temp_c,mean_operative_temp_c,0.6632897806931014,3993
kolkata_ssp245_baseline_2020s_hot_2028,outdoor_temp_ge_20_c,mean_operative_temp_c,discomfort_probability,0.9593154873411252,3993
kolkata_ssp245_baseline_2020s_hot_2028,outdoor_temp_ge_20_c,mean_operative_temp_c,warm_discomfort_probability,0.9697549532637887,3993
kolkata_ssp245_baseline_2020s_hot_2028,outdoor_temp_ge_20_c,mean_operative_temp_c,cold_discomfort_probability,-0.9302899607213504,3993
kolkata_ssp245_baseline_2020s_hot_2028,outdoor_temp_ge_20_c,zone_cooling_rate_w,discomfort_probability,0.45015803265522164,3993
kolkata_ssp245_baseline_2020s_hot_2028,outdoor_temp_ge_25_c,outdoor_temp_c,mean_operative_temp_c,0.5961080545961707,3294
kolkata_ssp245_baseline_2020s_hot_2028,outdoor_temp_ge_25_c,mean_operative_temp_c,discomfort_probability,0.9762417731142427,3294
kolkata_ssp245_baseline_2020s_hot_2028,outdoor_temp_ge_25_c,mean_operative_temp_c,warm_discomfort_probability,0.9822777486912903,3294
kolkata_ssp245_baseline_2020s_hot_2028,outdoor_temp_ge_25_c,mean_operative_temp_c,cold_discomfort_probability,-0.9491652150116299,3294
kolkata_ssp245_baseline_2020s_hot_2028,outdoor_temp_ge_25_c,zone_cooling_rate_w,discomfort_probability,0.33200144310566587,3294
kolkata_ssp245_baseline_2020s_hot_2028,may_through_september,outdoor_temp_c,mean_operative_temp_c,0.5791037882857116,1853
kolkata_ssp245_baseline_2020s_hot_2028,may_through_september,mean_operative_temp_c,discomfort_probability,0.9899092410259582,1853
kolkata_ssp245_baseline_2020s_hot_2028,may_through_september,mean_operative_temp_c,warm_discomfort_probability,0.9935511686920688,1853
kolkata_ssp245_baseline_2020s_hot_2028,may_through_september,mean_operative_temp_c,cold_discomfort_probability,-0.9594220549450366,1853
kolkata_ssp245_baseline_2020s_hot_2028,may_through_september,zone_cooling_rate_w,discomfort_probability,0.30382501564457076,1853
kolkata_ssp245_baseline_2020s_typical_2026,all_occupied_hours,outdoor_temp_c,mean_operative_temp_c,0.7541450705417604,4437
kolkata_ssp245_baseline_2020s_typical_2026,all_occupied_hours,mean_operative_temp_c,discomfort_probability,0.9403064818348974,4437
kolkata_ssp245_baseline_2020s_typical_2026,all_occupied_hours,mean_operative_temp_c,warm_discomfort_probability,0.9614638597716512,4437
kolkata_ssp245_baseline_2020s_typical_2026,all_occupied_hours,mean_operative_temp_c,cold_discomfort_probability,-0.9223559576235536,4437
kolkata_ssp245_baseline_2020s_typical_2026,all_occupied_hours,zone_cooling_rate_w,discomfort_probability,0.5831465595168649,4437
kolkata_ssp245_baseline_2020s_typical_2026,outdoor_temp_ge_20_c,outdoor_temp_c,mean_operative_temp_c,0.6729678343356144,3858
kolkata_ssp245_baseline_2020s_typical_2026,outdoor_temp_ge_20_c,mean_operative_temp_c,discomfort_probability,0.9497881197441614,3858
kolkata_ssp245_baseline_2020s_typical_2026,outdoor_temp_ge_20_c,mean_operative_temp_c,warm_discomfort_probability,0.9628484656124792,3858
kolkata_ssp245_baseline_2020s_typical_2026,outdoor_temp_ge_20_c,mean_operative_temp_c,cold_discomfort_probability,-0.9143226497408831,3858
kolkata_ssp245_baseline_2020s_typical_2026,outdoor_temp_ge_20_c,zone_cooling_rate_w,discomfort_probability,0.466491461443501,3858
kolkata_ssp245_baseline_2020s_typical_2026,outdoor_temp_ge_25_c,outdoor_temp_c,mean_operative_temp_c,0.604688028856444,3023
kolkata_ssp245_baseline_2020s_typical_2026,outdoor_temp_ge_25_c,mean_operative_temp_c,discomfort_probability,0.9720792470226381,3023
kolkata_ssp245_baseline_2020s_typical_2026,outdoor_temp_ge_25_c,mean_operative_temp_c,warm_discomfort_probability,0.9787219880105973,3023
kolkata_ssp245_baseline_2020s_typical_2026,outdoor_temp_ge_25_c,mean_operative_temp_c,cold_discomfort_probability,-0.9437299296518296,3023
kolkata_ssp245_baseline_2020s_typical_2026,outdoor_temp_ge_25_c,zone_cooling_rate_w,discomfort_probability,0.3153929356026426,3023
kolkata_ssp245_baseline_2020s_typical_2026,may_through_september,outdoor_temp_c,mean_operative_temp_c,0.6267906848135203,1853
kolkata_ssp245_baseline_2020s_typical_2026,may_through_september,mean_operative_temp_c,discomfort_probability,0.9912367205322279,1853
kolkata_ssp245_baseline_2020s_typical_2026,may_through_september,mean_operative_temp_c,warm_discomfort_probability,0.9938451504805436,1853
kolkata_ssp245_baseline_2020s_typical_2026,may_through_september,mean_operative_temp_c,cold_discomfort_probability,-0.9595339960406657,1853
kolkata_ssp245_baseline_2020s_typical_2026,may_through_september,zone_cooling_rate_w,discomfort_probability,0.2652221266883395,1853
kolkata_ssp245_late_2080s_heatwave_extreme_2086,all_occupied_hours,outdoor_temp_c,mean_operative_temp_c,0.7971331654848649,4437
kolkata_ssp245_late_2080s_heatwave_extreme_2086,all_occupied_hours,mean_operative_temp_c,discomfort_probability,0.9749876182605609,4437
kolkata_ssp245_late_2080s_heatwave_extreme_2086,all_occupied_hours,mean_operative_temp_c,warm_discomfort_probability,0.981064961827611,4437
kolkata_ssp245_late_2080s_heatwave_extreme_2086,all_occupied_hours,mean_operative_temp_c,cold_discomfort_probability,-0.951010607583061,4437
kolkata_ssp245_late_2080s_heatwave_extreme_2086,all_occupied_hours,zone_cooling_rate_w,discomfort_probability,0.42676072919735575,4437
kolkata_ssp245_late_2080s_heatwave_extreme_2086,outdoor_temp_ge_20_c,outdoor_temp_c,mean_operative_temp_c,0.757005178860747,4059
kolkata_ssp245_late_2080s_heatwave_extreme_2086,outdoor_temp_ge_20_c,mean_operative_temp_c,discomfort_probability,0.975038079028338,4059
kolkata_ssp245_late_2080s_heatwave_extreme_2086,outdoor_temp_ge_20_c,mean_operative_temp_c,warm_discomfort_probability,0.9802906587405786,4059
kolkata_ssp245_late_2080s_heatwave_extreme_2086,outdoor_temp_ge_20_c,mean_operative_temp_c,cold_discomfort_probability,-0.9526683987081478,4059
kolkata_ssp245_late_2080s_heatwave_extreme_2086,outdoor_temp_ge_20_c,zone_cooling_rate_w,discomfort_probability,0.3159801713565648,4059
kolkata_ssp245_late_2080s_heatwave_extreme_2086,outdoor_temp_ge_25_c,outdoor_temp_c,mean_operative_temp_c,0.711883309497641,3408
kolkata_ssp245_late_2080s_heatwave_extreme_2086,outdoor_temp_ge_25_c,mean_operative_temp_c,discomfort_probability,0.9817171272459336,3408
kolkata_ssp245_late_2080s_heatwave_extreme_2086,outdoor_temp_ge_25_c,mean_operative_temp_c,warm_discomfort_probability,0.9855787879978168,3408
kolkata_ssp245_late_2080s_heatwave_extreme_2086,outdoor_temp_ge_25_c,mean_operative_temp_c,cold_discomfort_probability,-0.9724319436661348,3408
kolkata_ssp245_late_2080s_heatwave_extreme_2086,outdoor_temp_ge_25_c,zone_cooling_rate_w,discomfort_probability,0.15409208142508687,3408
kolkata_ssp245_late_2080s_heatwave_extreme_2086,may_through_september,outdoor_temp_c,mean_operative_temp_c,0.7587596985388472,1853
kolkata_ssp245_late_2080s_heatwave_extreme_2086,may_through_september,mean_operative_temp_c,discomfort_probability,0.985650792962472,1853
kolkata_ssp245_late_2080s_heatwave_extreme_2086,may_through_september,mean_operative_temp_c,warm_discomfort_probability,0.988860658142866,1853
kolkata_ssp245_late_2080s_heatwave_extreme_2086,may_through_september,mean_operative_temp_c,cold_discomfort_probability,-0.9806861354190962,1853
kolkata_ssp245_late_2080s_heatwave_extreme_2086,may_through_september,zone_cooling_rate_w,discomfort_probability,0.07998667469629586,1853
kolkata_ssp245_late_2080s_hot_2087,all_occupied_hours,outdoor_temp_c,mean_operative_temp_c,0.7737025893711476,4437
kolkata_ssp245_late_2080s_hot_2087,all_occupied_hours,mean_operative_temp_c,discomfort_probability,0.9715741869220881,4437
kolkata_ssp245_late_2080s_hot_2087,all_occupied_hours,mean_operative_temp_c,warm_discomfort_probability,0.9785570822389228,4437
kolkata_ssp245_late_2080s_hot_2087,all_occupied_hours,mean_operative_temp_c,cold_discomfort_probability,-0.9529920560354246,4437
kolkata_ssp245_late_2080s_hot_2087,all_occupied_hours,zone_cooling_rate_w,discomfort_probability,0.42682203474594244,4437
kolkata_ssp245_late_2080s_hot_2087,outdoor_temp_ge_20_c,outdoor_temp_c,mean_operative_temp_c,0.7349991243650063,4108
kolkata_ssp245_late_2080s_hot_2087,outdoor_temp_ge_20_c,mean_operative_temp_c,discomfort_probability,0.9721137479176898,4108
kolkata_ssp245_late_2080s_hot_2087,outdoor_temp_ge_20_c,mean_operative_temp_c,warm_discomfort_probability,0.9783649050820269,4108
kolkata_ssp245_late_2080s_hot_2087,outdoor_temp_ge_20_c,mean_operative_temp_c,cold_discomfort_probability,-0.9535601299318532,4108
kolkata_ssp245_late_2080s_hot_2087,outdoor_temp_ge_20_c,zone_cooling_rate_w,discomfort_probability,0.3331260440055309,4108
kolkata_ssp245_late_2080s_hot_2087,outdoor_temp_ge_25_c,outdoor_temp_c,mean_operative_temp_c,0.6875797366072308,3499
kolkata_ssp245_late_2080s_hot_2087,outdoor_temp_ge_25_c,mean_operative_temp_c,discomfort_probability,0.9780741972049475,3499
kolkata_ssp245_late_2080s_hot_2087,outdoor_temp_ge_25_c,mean_operative_temp_c,warm_discomfort_probability,0.9833222911111822,3499
kolkata_ssp245_late_2080s_hot_2087,outdoor_temp_ge_25_c,mean_operative_temp_c,cold_discomfort_probability,-0.9718445448354479,3499
kolkata_ssp245_late_2080s_hot_2087,outdoor_temp_ge_25_c,zone_cooling_rate_w,discomfort_probability,0.1927562159351691,3499
kolkata_ssp245_late_2080s_hot_2087,may_through_september,outdoor_temp_c,mean_operative_temp_c,0.7040411630532162,1853
kolkata_ssp245_late_2080s_hot_2087,may_through_september,mean_operative_temp_c,discomfort_probability,0.9923094308073263,1853
kolkata_ssp245_late_2080s_hot_2087,may_through_september,mean_operative_temp_c,warm_discomfort_probability,0.9942901428368395,1853
kolkata_ssp245_late_2080s_hot_2087,may_through_september,mean_operative_temp_c,cold_discomfort_probability,-0.981196571148897,1853
kolkata_ssp245_late_2080s_hot_2087,may_through_september,zone_cooling_rate_w,discomfort_probability,0.1637590843666354,1853
kolkata_ssp245_late_2080s_typical_2084,all_occupied_hours,outdoor_temp_c,mean_operative_temp_c,0.7894290471695496,4437
kolkata_ssp245_late_2080s_typical_2084,all_occupied_hours,mean_operative_temp_c,discomfort_probability,0.9652356190655677,4437
kolkata_ssp245_late_2080s_typical_2084,all_occupied_hours,mean_operative_temp_c,warm_discomfort_probability,0.9759138717001861,4437
kolkata_ssp245_late_2080s_typical_2084,all_occupied_hours,mean_operative_temp_c,cold_discomfort_probability,-0.9381590342734465,4437
kolkata_ssp245_late_2080s_typical_2084,all_occupied_hours,zone_cooling_rate_w,discomfort_probability,0.4559409502664316,4437
kolkata_ssp245_late_2080s_typical_2084,outdoor_temp_ge_20_c,outdoor_temp_c,mean_operative_temp_c,0.7436433131620928,3985
kolkata_ssp245_late_2080s_typical_2084,outdoor_temp_ge_20_c,mean_operative_temp_c,discomfort_probability,0.9704708011127292,3985
kolkata_ssp245_late_2080s_typical_2084,outdoor_temp_ge_20_c,mean_operative_temp_c,warm_discomfort_probability,0.976681420374226,3985
kolkata_ssp245_late_2080s_typical_2084,outdoor_temp_ge_20_c,mean_operative_temp_c,cold_discomfort_probability,-0.9377323961430258,3985
kolkata_ssp245_late_2080s_typical_2084,outdoor_temp_ge_20_c,zone_cooling_rate_w,discomfort_probability,0.339694223178982,3985
kolkata_ssp245_late_2080s_typical_2084,outdoor_temp_ge_25_c,outdoor_temp_c,mean_operative_temp_c,0.721838803806715,3345
kolkata_ssp245_late_2080s_typical_2084,outdoor_temp_ge_25_c,mean_operative_temp_c,discomfort_probability,0.9794151606178153,3345
kolkata_ssp245_late_2080s_typical_2084,outdoor_temp_ge_25_c,mean_operative_temp_c,warm_discomfort_probability,0.9834832358098361,3345
kolkata_ssp245_late_2080s_typical_2084,outdoor_temp_ge_25_c,mean_operative_temp_c,cold_discomfort_probability,-0.9594966134136726,3345
kolkata_ssp245_late_2080s_typical_2084,outdoor_temp_ge_25_c,zone_cooling_rate_w,discomfort_probability,0.2045266571361651,3345
kolkata_ssp245_late_2080s_typical_2084,may_through_september,outdoor_temp_c,mean_operative_temp_c,0.7984512761040493,1853
kolkata_ssp245_late_2080s_typical_2084,may_through_september,mean_operative_temp_c,discomfort_probability,0.9801719124040137,1853
kolkata_ssp245_late_2080s_typical_2084,may_through_september,mean_operative_temp_c,warm_discomfort_probability,0.9835873767979031,1853
kolkata_ssp245_late_2080s_typical_2084,may_through_september,mean_operative_temp_c,cold_discomfort_probability,-0.9687113884494418,1853
kolkata_ssp245_late_2080s_typical_2084,may_through_september,zone_cooling_rate_w,discomfort_probability,0.1513232843467787,1853
kolkata_ssp245_mid_2050s_heatwave_extreme_2053,all_occupied_hours,outdoor_temp_c,mean_operative_temp_c,0.7847671868601529,4437
kolkata_ssp245_mid_2050s_heatwave_extreme_2053,all_occupied_hours,mean_operative_temp_c,discomfort_probability,0.9644386869772525,4437
kolkata_ssp245_mid_2050s_heatwave_extreme_2053,all_occupied_hours,mean_operative_temp_c,warm_discomfort_probability,0.9741135991546725,4437
kolkata_ssp245_mid_2050s_heatwave_extreme_2053,all_occupied_hours,mean_operative_temp_c,cold_discomfort_probability,-0.942503466057883,4437
kolkata_ssp245_mid_2050s_heatwave_extreme_2053,all_occupied_hours,zone_cooling_rate_w,discomfort_probability,0.48658394990336723,4437
kolkata_ssp245_mid_2050s_heatwave_extreme_2053,outdoor_temp_ge_20_c,outdoor_temp_c,mean_operative_temp_c,0.7377628364408964,4008
kolkata_ssp245_mid_2050s_heatwave_extreme_2053,outdoor_temp_ge_20_c,mean_operative_temp_c,discomfort_probability,0.9661022043907161,4008
kolkata_ssp245_mid_2050s_heatwave_extreme_2053,outdoor_temp_ge_20_c,mean_operative_temp_c,warm_discomfort_probability,0.973586072360163,4008
kolkata_ssp245_mid_2050s_heatwave_extreme_2053,outdoor_temp_ge_20_c,mean_operative_temp_c,cold_discomfort_probability,-0.9413612478917923,4008
kolkata_ssp245_mid_2050s_heatwave_extreme_2053,outdoor_temp_ge_20_c,zone_cooling_rate_w,discomfort_probability,0.37521097501455214,4008
kolkata_ssp245_mid_2050s_heatwave_extreme_2053,outdoor_temp_ge_25_c,outdoor_temp_c,mean_operative_temp_c,0.6900786226517643,3295
kolkata_ssp245_mid_2050s_heatwave_extreme_2053,outdoor_temp_ge_25_c,mean_operative_temp_c,discomfort_probability,0.9736326147417411,3295
kolkata_ssp245_mid_2050s_heatwave_extreme_2053,outdoor_temp_ge_25_c,mean_operative_temp_c,warm_discomfort_probability,0.9791515347050529,3295
kolkata_ssp245_mid_2050s_heatwave_extreme_2053,outdoor_temp_ge_25_c,mean_operative_temp_c,cold_discomfort_probability,-0.9638043089984861,3295
kolkata_ssp245_mid_2050s_heatwave_extreme_2053,outdoor_temp_ge_25_c,zone_cooling_rate_w,discomfort_probability,0.2161460743957732,3295
kolkata_ssp245_mid_2050s_heatwave_extreme_2053,may_through_september,outdoor_temp_c,mean_operative_temp_c,0.7668262169021804,1853
kolkata_ssp245_mid_2050s_heatwave_extreme_2053,may_through_september,mean_operative_temp_c,discomfort_probability,0.9868156037119302,1853
kolkata_ssp245_mid_2050s_heatwave_extreme_2053,may_through_september,mean_operative_temp_c,warm_discomfort_probability,0.9898209852610848,1853
kolkata_ssp245_mid_2050s_heatwave_extreme_2053,may_through_september,mean_operative_temp_c,cold_discomfort_probability,-0.9818429169955767,1853
kolkata_ssp245_mid_2050s_heatwave_extreme_2053,may_through_september,zone_cooling_rate_w,discomfort_probability,0.13649616522287206,1853
kolkata_ssp245_mid_2050s_hot_2053,all_occupied_hours,outdoor_temp_c,mean_operative_temp_c,0.7847671868601529,4437
kolkata_ssp245_mid_2050s_hot_2053,all_occupied_hours,mean_operative_temp_c,discomfort_probability,0.9644386869772525,4437
kolkata_ssp245_mid_2050s_hot_2053,all_occupied_hours,mean_operative_temp_c,warm_discomfort_probability,0.9741135991546725,4437
kolkata_ssp245_mid_2050s_hot_2053,all_occupied_hours,mean_operative_temp_c,cold_discomfort_probability,-0.942503466057883,4437
kolkata_ssp245_mid_2050s_hot_2053,all_occupied_hours,zone_cooling_rate_w,discomfort_probability,0.48658394990336723,4437
kolkata_ssp245_mid_2050s_hot_2053,outdoor_temp_ge_20_c,outdoor_temp_c,mean_operative_temp_c,0.7377628364408964,4008
kolkata_ssp245_mid_2050s_hot_2053,outdoor_temp_ge_20_c,mean_operative_temp_c,discomfort_probability,0.9661022043907161,4008
kolkata_ssp245_mid_2050s_hot_2053,outdoor_temp_ge_20_c,mean_operative_temp_c,warm_discomfort_probability,0.973586072360163,4008
kolkata_ssp245_mid_2050s_hot_2053,outdoor_temp_ge_20_c,mean_operative_temp_c,cold_discomfort_probability,-0.9413612478917923,4008
kolkata_ssp245_mid_2050s_hot_2053,outdoor_temp_ge_20_c,zone_cooling_rate_w,discomfort_probability,0.37521097501455214,4008
kolkata_ssp245_mid_2050s_hot_2053,outdoor_temp_ge_25_c,outdoor_temp_c,mean_operative_temp_c,0.6900786226517643,3295
kolkata_ssp245_mid_2050s_hot_2053,outdoor_temp_ge_25_c,mean_operative_temp_c,discomfort_probability,0.9736326147417411,3295
kolkata_ssp245_mid_2050s_hot_2053,outdoor_temp_ge_25_c,mean_operative_temp_c,warm_discomfort_probability,0.9791515347050529,3295
kolkata_ssp245_mid_2050s_hot_2053,outdoor_temp_ge_25_c,mean_operative_temp_c,cold_discomfort_probability,-0.9638043089984861,3295
kolkata_ssp245_mid_2050s_hot_2053,outdoor_temp_ge_25_c,zone_cooling_rate_w,discomfort_probability,0.2161460743957732,3295
kolkata_ssp245_mid_2050s_hot_2053,may_through_september,outdoor_temp_c,mean_operative_temp_c,0.7668262169021804,1853
kolkata_ssp245_mid_2050s_hot_2053,may_through_september,mean_operative_temp_c,discomfort_probability,0.9868156037119302,1853
kolkata_ssp245_mid_2050s_hot_2053,may_through_september,mean_operative_temp_c,warm_discomfort_probability,0.9898209852610848,1853
kolkata_ssp245_mid_2050s_hot_2053,may_through_september,mean_operative_temp_c,cold_discomfort_probability,-0.9818429169955767,1853
kolkata_ssp245_mid_2050s_hot_2053,may_through_september,zone_cooling_rate_w,discomfort_probability,0.13649616522287206,1853
kolkata_ssp245_mid_2050s_typical_2058,all_occupied_hours,outdoor_temp_c,mean_operative_temp_c,0.7019183869785591,4437
kolkata_ssp245_mid_2050s_typical_2058,all_occupied_hours,mean_operative_temp_c,discomfort_probability,0.9577074112123543,4437
kolkata_ssp245_mid_2050s_typical_2058,all_occupied_hours,mean_operative_temp_c,warm_discomfort_probability,0.9693319850933555,4437
kolkata_ssp245_mid_2050s_typical_2058,all_occupied_hours,mean_operative_temp_c,cold_discomfort_probability,-0.9121229150921758,4437
kolkata_ssp245_mid_2050s_typical_2058,all_occupied_hours,zone_cooling_rate_w,discomfort_probability,0.5654886957102235,4437
kolkata_ssp245_mid_2050s_typical_2058,outdoor_temp_ge_20_c,outdoor_temp_c,mean_operative_temp_c,0.6412581111400517,4004
kolkata_ssp245_mid_2050s_typical_2058,outdoor_temp_ge_20_c,mean_operative_temp_c,discomfort_probability,0.960526467926776,4004
kolkata_ssp245_mid_2050s_typical_2058,outdoor_temp_ge_20_c,mean_operative_temp_c,warm_discomfort_probability,0.9695396512872043,4004
kolkata_ssp245_mid_2050s_typical_2058,outdoor_temp_ge_20_c,mean_operative_temp_c,cold_discomfort_probability,-0.908716488690267,4004
kolkata_ssp245_mid_2050s_typical_2058,outdoor_temp_ge_20_c,zone_cooling_rate_w,discomfort_probability,0.48010949918195783,4004
kolkata_ssp245_mid_2050s_typical_2058,outdoor_temp_ge_25_c,outdoor_temp_c,mean_operative_temp_c,0.5985723296194432,3252
kolkata_ssp245_mid_2050s_typical_2058,outdoor_temp_ge_25_c,mean_operative_temp_c,discomfort_probability,0.9726563300413833,3252
kolkata_ssp245_mid_2050s_typical_2058,outdoor_temp_ge_25_c,mean_operative_temp_c,warm_discomfort_probability,0.9786318113756451,3252
kolkata_ssp245_mid_2050s_typical_2058,outdoor_temp_ge_25_c,mean_operative_temp_c,cold_discomfort_probability,-0.9344994238288044,3252
kolkata_ssp245_mid_2050s_typical_2058,outdoor_temp_ge_25_c,zone_cooling_rate_w,discomfort_probability,0.35235073708341,3252
kolkata_ssp245_mid_2050s_typical_2058,may_through_september,outdoor_temp_c,mean_operative_temp_c,0.6380116873648566,1853
kolkata_ssp245_mid_2050s_typical_2058,may_through_september,mean_operative_temp_c,discomfort_probability,0.990436186380163,1853
kolkata_ssp245_mid_2050s_typical_2058,may_through_september,mean_operative_temp_c,warm_discomfort_probability,0.9936812038654457,1853
kolkata_ssp245_mid_2050s_typical_2058,may_through_september,mean_operative_temp_c,cold_discomfort_probability,-0.9373784901669556,1853
kolkata_ssp245_mid_2050s_typical_2058,may_through_september,zone_cooling_rate_w,discomfort_probability,0.29253884004784,1853
kolkata_ssp245_near_2030s_heatwave_extreme_2039,all_occupied_hours,outdoor_temp_c,mean_operative_temp_c,0.7957279327091453,4437
kolkata_ssp245_near_2030s_heatwave_extreme_2039,all_occupied_hours,mean_operative_temp_c,discomfort_probability,0.9456505022842417,4437
kolkata_ssp245_near_2030s_heatwave_extreme_2039,all_occupied_hours,mean_operative_temp_c,warm_discomfort_probability,0.9660817655126103,4437
kolkata_ssp245_near_2030s_heatwave_extreme_2039,all_occupied_hours,mean_operative_temp_c,cold_discomfort_probability,-0.9378202239767487,4437
kolkata_ssp245_near_2030s_heatwave_extreme_2039,all_occupied_hours,zone_cooling_rate_w,discomfort_probability,0.5462145252650906,4437
kolkata_ssp245_near_2030s_heatwave_extreme_2039,outdoor_temp_ge_20_c,outdoor_temp_c,mean_operative_temp_c,0.729777331549872,3852
kolkata_ssp245_near_2030s_heatwave_extreme_2039,outdoor_temp_ge_20_c,mean_operative_temp_c,discomfort_probability,0.9590632218093598,3852
kolkata_ssp245_near_2030s_heatwave_extreme_2039,outdoor_temp_ge_20_c,mean_operative_temp_c,warm_discomfort_probability,0.9702267354285915,3852
kolkata_ssp245_near_2030s_heatwave_extreme_2039,outdoor_temp_ge_20_c,mean_operative_temp_c,cold_discomfort_probability,-0.9305427709040565,3852
kolkata_ssp245_near_2030s_heatwave_extreme_2039,outdoor_temp_ge_20_c,zone_cooling_rate_w,discomfort_probability,0.41837991430930516,3852
kolkata_ssp245_near_2030s_heatwave_extreme_2039,outdoor_temp_ge_25_c,outdoor_temp_c,mean_operative_temp_c,0.6763691186317435,3050
kolkata_ssp245_near_2030s_heatwave_extreme_2039,outdoor_temp_ge_25_c,mean_operative_temp_c,discomfort_probability,0.9774608067901882,3050
kolkata_ssp245_near_2030s_heatwave_extreme_2039,outdoor_temp_ge_25_c,mean_operative_temp_c,warm_discomfort_probability,0.9826934353240603,3050
kolkata_ssp245_near_2030s_heatwave_extreme_2039,outdoor_temp_ge_25_c,mean_operative_temp_c,cold_discomfort_probability,-0.9549968382051017,3050
kolkata_ssp245_near_2030s_heatwave_extreme_2039,outdoor_temp_ge_25_c,zone_cooling_rate_w,discomfort_probability,0.24751284003204366,3050
kolkata_ssp245_near_2030s_heatwave_extreme_2039,may_through_september,outdoor_temp_c,mean_operative_temp_c,0.7108315410618714,1853
kolkata_ssp245_near_2030s_heatwave_extreme_2039,may_through_september,mean_operative_temp_c,discomfort_probability,0.9917048647226377,1853
kolkata_ssp245_near_2030s_heatwave_extreme_2039,may_through_september,mean_operative_temp_c,warm_discomfort_probability,0.9936835605548875,1853
kolkata_ssp245_near_2030s_heatwave_extreme_2039,may_through_september,mean_operative_temp_c,cold_discomfort_probability,-0.9748284794120127,1853
kolkata_ssp245_near_2030s_heatwave_extreme_2039,may_through_september,zone_cooling_rate_w,discomfort_probability,0.1828505237193503,1853
kolkata_ssp245_near_2030s_hot_2031,all_occupied_hours,outdoor_temp_c,mean_operative_temp_c,0.8039427304182936,4437
kolkata_ssp245_near_2030s_hot_2031,all_occupied_hours,mean_operative_temp_c,discomfort_probability,0.9583054057683666,4437
kolkata_ssp245_near_2030s_hot_2031,all_occupied_hours,mean_operative_temp_c,warm_discomfort_probability,0.9723430062109115,4437
kolkata_ssp245_near_2030s_hot_2031,all_occupied_hours,mean_operative_temp_c,cold_discomfort_probability,-0.9481057301177364,4437
kolkata_ssp245_near_2030s_hot_2031,all_occupied_hours,zone_cooling_rate_w,discomfort_probability,0.4406272003091999,4437
kolkata_ssp245_near_2030s_hot_2031,outdoor_temp_ge_20_c,outdoor_temp_c,mean_operative_temp_c,0.7522911523770967,3961
kolkata_ssp245_near_2030s_hot_2031,outdoor_temp_ge_20_c,mean_operative_temp_c,discomfort_probability,0.9648362590511974,3961
kolkata_ssp245_near_2030s_hot_2031,outdoor_temp_ge_20_c,mean_operative_temp_c,warm_discomfort_probability,0.9745123547310004,3961
kolkata_ssp245_near_2030s_hot_2031,outdoor_temp_ge_20_c,mean_operative_temp_c,cold_discomfort_probability,-0.9467153562252515,3961
kolkata_ssp245_near_2030s_hot_2031,outdoor_temp_ge_20_c,zone_cooling_rate_w,discomfort_probability,0.3065715974113837,3961
kolkata_ssp245_near_2030s_hot_2031,outdoor_temp_ge_25_c,outdoor_temp_c,mean_operative_temp_c,0.6873851500595606,3240
kolkata_ssp245_near_2030s_hot_2031,outdoor_temp_ge_25_c,mean_operative_temp_c,discomfort_probability,0.9776387129075226,3240
kolkata_ssp245_near_2030s_hot_2031,outdoor_temp_ge_25_c,mean_operative_temp_c,warm_discomfort_probability,0.9837967101183512,3240
kolkata_ssp245_near_2030s_hot_2031,outdoor_temp_ge_25_c,mean_operative_temp_c,cold_discomfort_probability,-0.9663305453860609,3240
kolkata_ssp245_near_2030s_hot_2031,outdoor_temp_ge_25_c,zone_cooling_rate_w,discomfort_probability,0.126124013031908,3240
kolkata_ssp245_near_2030s_hot_2031,may_through_september,outdoor_temp_c,mean_operative_temp_c,0.6451029512784456,1853
kolkata_ssp245_near_2030s_hot_2031,may_through_september,mean_operative_temp_c,discomfort_probability,0.9920205097826243,1853
kolkata_ssp245_near_2030s_hot_2031,may_through_september,mean_operative_temp_c,warm_discomfort_probability,0.9942883765432349,1853
kolkata_ssp245_near_2030s_hot_2031,may_through_september,mean_operative_temp_c,cold_discomfort_probability,-0.9870475905194745,1853
kolkata_ssp245_near_2030s_hot_2031,may_through_september,zone_cooling_rate_w,discomfort_probability,0.059584044702659905,1853
kolkata_ssp245_near_2030s_typical_2036,all_occupied_hours,outdoor_temp_c,mean_operative_temp_c,0.7101649308296196,4437
kolkata_ssp245_near_2030s_typical_2036,all_occupied_hours,mean_operative_temp_c,discomfort_probability,0.9326347122222214,4437
kolkata_ssp245_near_2030s_typical_2036,all_occupied_hours,mean_operative_temp_c,warm_discomfort_probability,0.9551266669430855,4437
kolkata_ssp245_near_2030s_typical_2036,all_occupied_hours,mean_operative_temp_c,cold_discomfort_probability,-0.9027396446247143,4437
kolkata_ssp245_near_2030s_typical_2036,all_occupied_hours,zone_cooling_rate_w,discomfort_probability,0.6173569333135188,4437
kolkata_ssp245_near_2030s_typical_2036,outdoor_temp_ge_20_c,outdoor_temp_c,mean_operative_temp_c,0.6165686277599274,3844
kolkata_ssp245_near_2030s_typical_2036,outdoor_temp_ge_20_c,mean_operative_temp_c,discomfort_probability,0.9432836454068259,3844
kolkata_ssp245_near_2030s_typical_2036,outdoor_temp_ge_20_c,mean_operative_temp_c,warm_discomfort_probability,0.95823997603472,3844
kolkata_ssp245_near_2030s_typical_2036,outdoor_temp_ge_20_c,mean_operative_temp_c,cold_discomfort_probability,-0.8897521009536633,3844
kolkata_ssp245_near_2030s_typical_2036,outdoor_temp_ge_20_c,zone_cooling_rate_w,discomfort_probability,0.5237578598502836,3844
kolkata_ssp245_near_2030s_typical_2036,outdoor_temp_ge_25_c,outdoor_temp_c,mean_operative_temp_c,0.5396193902412577,3052
kolkata_ssp245_near_2030s_typical_2036,outdoor_temp_ge_25_c,mean_operative_temp_c,discomfort_probability,0.9673522077339233,3052
kolkata_ssp245_near_2030s_typical_2036,outdoor_temp_ge_25_c,mean_operative_temp_c,warm_discomfort_probability,0.97611896873766,3052
kolkata_ssp245_near_2030s_typical_2036,outdoor_temp_ge_25_c,mean_operative_temp_c,cold_discomfort_probability,-0.9247734482264096,3052
kolkata_ssp245_near_2030s_typical_2036,outdoor_temp_ge_25_c,zone_cooling_rate_w,discomfort_probability,0.4209658149140091,3052
kolkata_ssp245_near_2030s_typical_2036,may_through_september,outdoor_temp_c,mean_operative_temp_c,0.5778992547831093,1853
kolkata_ssp245_near_2030s_typical_2036,may_through_september,mean_operative_temp_c,discomfort_probability,0.9881782992218086,1853
kolkata_ssp245_near_2030s_typical_2036,may_through_september,mean_operative_temp_c,warm_discomfort_probability,0.9925135140510913,1853
kolkata_ssp245_near_2030s_typical_2036,may_through_september,mean_operative_temp_c,cold_discomfort_probability,-0.9370828340165683,1853
kolkata_ssp245_near_2030s_typical_2036,may_through_september,zone_cooling_rate_w,discomfort_probability,0.34953733931171627,1853
kolkata_ssp585_baseline_2020s_heatwave_extreme_2027,all_occupied_hours,outdoor_temp_c,mean_operative_temp_c,0.7014100056360496,4437
kolkata_ssp585_baseline_2020s_heatwave_extreme_2027,all_occupied_hours,mean_operative_temp_c,discomfort_probability,0.9276078466781412,4437
kolkata_ssp585_baseline_2020s_heatwave_extreme_2027,all_occupied_hours,mean_operative_temp_c,warm_discomfort_probability,0.9552797207611985,4437
kolkata_ssp585_baseline_2020s_heatwave_extreme_2027,all_occupied_hours,mean_operative_temp_c,cold_discomfort_probability,-0.8941237231358564,4437
kolkata_ssp585_baseline_2020s_heatwave_extreme_2027,all_occupied_hours,zone_cooling_rate_w,discomfort_probability,0.617770222714584,4437
kolkata_ssp585_baseline_2020s_heatwave_extreme_2027,outdoor_temp_ge_20_c,outdoor_temp_c,mean_operative_temp_c,0.6070703659309424,3838
kolkata_ssp585_baseline_2020s_heatwave_extreme_2027,outdoor_temp_ge_20_c,mean_operative_temp_c,discomfort_probability,0.9481240505248484,3838
kolkata_ssp585_baseline_2020s_heatwave_extreme_2027,outdoor_temp_ge_20_c,mean_operative_temp_c,warm_discomfort_probability,0.961612920208779,3838
kolkata_ssp585_baseline_2020s_heatwave_extreme_2027,outdoor_temp_ge_20_c,mean_operative_temp_c,cold_discomfort_probability,-0.8828846556781265,3838
kolkata_ssp585_baseline_2020s_heatwave_extreme_2027,outdoor_temp_ge_20_c,zone_cooling_rate_w,discomfort_probability,0.5392800751318461,3838
kolkata_ssp585_baseline_2020s_heatwave_extreme_2027,outdoor_temp_ge_25_c,outdoor_temp_c,mean_operative_temp_c,0.5544339469534093,3005
kolkata_ssp585_baseline_2020s_heatwave_extreme_2027,outdoor_temp_ge_25_c,mean_operative_temp_c,discomfort_probability,0.9713942118267062,3005
kolkata_ssp585_baseline_2020s_heatwave_extreme_2027,outdoor_temp_ge_25_c,mean_operative_temp_c,warm_discomfort_probability,0.9784495031370646,3005
kolkata_ssp585_baseline_2020s_heatwave_extreme_2027,outdoor_temp_ge_25_c,mean_operative_temp_c,cold_discomfort_probability,-0.9154552744002216,3005
kolkata_ssp585_baseline_2020s_heatwave_extreme_2027,outdoor_temp_ge_25_c,zone_cooling_rate_w,discomfort_probability,0.4313919902417958,3005
kolkata_ssp585_baseline_2020s_heatwave_extreme_2027,may_through_september,outdoor_temp_c,mean_operative_temp_c,0.5726073943919174,1853
kolkata_ssp585_baseline_2020s_heatwave_extreme_2027,may_through_september,mean_operative_temp_c,discomfort_probability,0.9885416431734529,1853
kolkata_ssp585_baseline_2020s_heatwave_extreme_2027,may_through_september,mean_operative_temp_c,warm_discomfort_probability,0.9917029191361286,1853
kolkata_ssp585_baseline_2020s_heatwave_extreme_2027,may_through_september,mean_operative_temp_c,cold_discomfort_probability,-0.9071536957506504,1853
kolkata_ssp585_baseline_2020s_heatwave_extreme_2027,may_through_september,zone_cooling_rate_w,discomfort_probability,0.4098244724371458,1853
kolkata_ssp585_baseline_2020s_hot_2026,all_occupied_hours,outdoor_temp_c,mean_operative_temp_c,0.7353215681587145,4437
kolkata_ssp585_baseline_2020s_hot_2026,all_occupied_hours,mean_operative_temp_c,discomfort_probability,0.9386184303910065,4437
kolkata_ssp585_baseline_2020s_hot_2026,all_occupied_hours,mean_operative_temp_c,warm_discomfort_probability,0.9581658219721638,4437
kolkata_ssp585_baseline_2020s_hot_2026,all_occupied_hours,mean_operative_temp_c,cold_discomfort_probability,-0.9224637309019131,4437
kolkata_ssp585_baseline_2020s_hot_2026,all_occupied_hours,zone_cooling_rate_w,discomfort_probability,0.581713562496034,4437
kolkata_ssp585_baseline_2020s_hot_2026,outdoor_temp_ge_20_c,outdoor_temp_c,mean_operative_temp_c,0.6598700809544737,3911
kolkata_ssp585_baseline_2020s_hot_2026,outdoor_temp_ge_20_c,mean_operative_temp_c,discomfort_probability,0.944516168473946,3911
kolkata_ssp585_baseline_2020s_hot_2026,outdoor_temp_ge_20_c,mean_operative_temp_c,warm_discomfort_probability,0.9590387687012797,3911
kolkata_ssp585_baseline_2020s_hot_2026,outdoor_temp_ge_20_c,mean_operative_temp_c,cold_discomfort_probability,-0.9144077486291703,3911
kolkata_ssp585_baseline_2020s_hot_2026,outdoor_temp_ge_20_c,zone_cooling_rate_w,discomfort_probability,0.48131106113670274,3911
kolkata_ssp585_baseline_2020s_hot_2026,outdoor_temp_ge_25_c,outdoor_temp_c,mean_operative_temp_c,0.5777043339552579,3110
kolkata_ssp585_baseline_2020s_hot_2026,outdoor_temp_ge_25_c,mean_operative_temp_c,discomfort_probability,0.9666710219162553,3110
kolkata_ssp585_baseline_2020s_hot_2026,outdoor_temp_ge_25_c,mean_operative_temp_c,warm_discomfort_probability,0.9749365038945617,3110
kolkata_ssp585_baseline_2020s_hot_2026,outdoor_temp_ge_25_c,mean_operative_temp_c,cold_discomfort_probability,-0.9383908456575589,3110
kolkata_ssp585_baseline_2020s_hot_2026,outdoor_temp_ge_25_c,zone_cooling_rate_w,discomfort_probability,0.3552002772317298,3110
kolkata_ssp585_baseline_2020s_hot_2026,may_through_september,outdoor_temp_c,mean_operative_temp_c,0.558529863215408,1853
kolkata_ssp585_baseline_2020s_hot_2026,may_through_september,mean_operative_temp_c,discomfort_probability,0.9910219494147016,1853
kolkata_ssp585_baseline_2020s_hot_2026,may_through_september,mean_operative_temp_c,warm_discomfort_probability,0.9945762135494578,1853
kolkata_ssp585_baseline_2020s_hot_2026,may_through_september,mean_operative_temp_c,cold_discomfort_probability,-0.960207363034492,1853
kolkata_ssp585_baseline_2020s_hot_2026,may_through_september,zone_cooling_rate_w,discomfort_probability,0.2943579742664017,1853
kolkata_ssp585_baseline_2020s_typical_2029,all_occupied_hours,outdoor_temp_c,mean_operative_temp_c,0.6986676318991611,4437
kolkata_ssp585_baseline_2020s_typical_2029,all_occupied_hours,mean_operative_temp_c,discomfort_probability,0.9150671704442608,4437
kolkata_ssp585_baseline_2020s_typical_2029,all_occupied_hours,mean_operative_temp_c,warm_discomfort_probability,0.9460301470824388,4437
kolkata_ssp585_baseline_2020s_typical_2029,all_occupied_hours,mean_operative_temp_c,cold_discomfort_probability,-0.8893789318031107,4437
kolkata_ssp585_baseline_2020s_typical_2029,all_occupied_hours,zone_cooling_rate_w,discomfort_probability,0.6480067428744684,4437
kolkata_ssp585_baseline_2020s_typical_2029,outdoor_temp_ge_20_c,outdoor_temp_c,mean_operative_temp_c,0.5833812234661218,3772
kolkata_ssp585_baseline_2020s_typical_2029,outdoor_temp_ge_20_c,mean_operative_temp_c,discomfort_probability,0.9350259407244267,3772
kolkata_ssp585_baseline_2020s_typical_2029,outdoor_temp_ge_20_c,mean_operative_temp_c,warm_discomfort_probability,0.9514208815034793,3772
kolkata_ssp585_baseline_2020s_typical_2029,outdoor_temp_ge_20_c,mean_operative_temp_c,cold_discomfort_probability,-0.8677568392543825,3772
kolkata_ssp585_baseline_2020s_typical_2029,outdoor_temp_ge_20_c,zone_cooling_rate_w,discomfort_probability,0.5613077551938261,3772
kolkata_ssp585_baseline_2020s_typical_2029,outdoor_temp_ge_25_c,outdoor_temp_c,mean_operative_temp_c,0.5074119742175346,2974
kolkata_ssp585_baseline_2020s_typical_2029,outdoor_temp_ge_25_c,mean_operative_temp_c,discomfort_probability,0.9621371483575858,2974
kolkata_ssp585_baseline_2020s_typical_2029,outdoor_temp_ge_25_c,mean_operative_temp_c,warm_discomfort_probability,0.9713844108006734,2974
kolkata_ssp585_baseline_2020s_typical_2029,outdoor_temp_ge_25_c,mean_operative_temp_c,cold_discomfort_probability,-0.8987391859011209,2974
kolkata_ssp585_baseline_2020s_typical_2029,outdoor_temp_ge_25_c,zone_cooling_rate_w,discomfort_probability,0.47587690387813447,2974
kolkata_ssp585_baseline_2020s_typical_2029,may_through_september,outdoor_temp_c,mean_operative_temp_c,0.5395264570219092,1853
kolkata_ssp585_baseline_2020s_typical_2029,may_through_september,mean_operative_temp_c,discomfort_probability,0.9853212589691172,1853
kolkata_ssp585_baseline_2020s_typical_2029,may_through_september,mean_operative_temp_c,warm_discomfort_probability,0.9904356917298043,1853
kolkata_ssp585_baseline_2020s_typical_2029,may_through_september,mean_operative_temp_c,cold_discomfort_probability,-0.9280501471074112,1853
kolkata_ssp585_baseline_2020s_typical_2029,may_through_september,zone_cooling_rate_w,discomfort_probability,0.4047031112051927,1853
kolkata_ssp585_late_2080s_heatwave_extreme_2080,all_occupied_hours,outdoor_temp_c,mean_operative_temp_c,0.8241839312842804,4437
kolkata_ssp585_late_2080s_heatwave_extreme_2080,all_occupied_hours,mean_operative_temp_c,discomfort_probability,0.9796815442042476,4437
kolkata_ssp585_late_2080s_heatwave_extreme_2080,all_occupied_hours,mean_operative_temp_c,warm_discomfort_probability,0.9839375958015071,4437
kolkata_ssp585_late_2080s_heatwave_extreme_2080,all_occupied_hours,mean_operative_temp_c,cold_discomfort_probability,-0.9827363166985573,4437
kolkata_ssp585_late_2080s_heatwave_extreme_2080,all_occupied_hours,zone_cooling_rate_w,discomfort_probability,0.18794278329913142,4437
kolkata_ssp585_late_2080s_heatwave_extreme_2080,outdoor_temp_ge_20_c,outdoor_temp_c,mean_operative_temp_c,0.8063889576508947,4255
kolkata_ssp585_late_2080s_heatwave_extreme_2080,outdoor_temp_ge_20_c,mean_operative_temp_c,discomfort_probability,0.9784967596568122,4255
kolkata_ssp585_late_2080s_heatwave_extreme_2080,outdoor_temp_ge_20_c,mean_operative_temp_c,warm_discomfort_probability,0.9828343581418144,4255
kolkata_ssp585_late_2080s_heatwave_extreme_2080,outdoor_temp_ge_20_c,mean_operative_temp_c,cold_discomfort_probability,-0.9831049278348413,4255
kolkata_ssp585_late_2080s_heatwave_extreme_2080,outdoor_temp_ge_20_c,zone_cooling_rate_w,discomfort_probability,0.11830852641914572,4255
kolkata_ssp585_late_2080s_heatwave_extreme_2080,outdoor_temp_ge_25_c,outdoor_temp_c,mean_operative_temp_c,0.7774039661910775,3841
kolkata_ssp585_late_2080s_heatwave_extreme_2080,outdoor_temp_ge_25_c,mean_operative_temp_c,discomfort_probability,0.9770885644233337,3841
kolkata_ssp585_late_2080s_heatwave_extreme_2080,outdoor_temp_ge_25_c,mean_operative_temp_c,warm_discomfort_probability,0.9814960388200592,3841
kolkata_ssp585_late_2080s_heatwave_extreme_2080,outdoor_temp_ge_25_c,mean_operative_temp_c,cold_discomfort_probability,-0.9874231467719471,3841
kolkata_ssp585_late_2080s_heatwave_extreme_2080,outdoor_temp_ge_25_c,zone_cooling_rate_w,discomfort_probability,-0.0032059996607061996,3841
kolkata_ssp585_late_2080s_heatwave_extreme_2080,may_through_september,outdoor_temp_c,mean_operative_temp_c,0.795845482762244,1853
kolkata_ssp585_late_2080s_heatwave_extreme_2080,may_through_september,mean_operative_temp_c,discomfort_probability,0.9732584147971896,1853
kolkata_ssp585_late_2080s_heatwave_extreme_2080,may_through_september,mean_operative_temp_c,warm_discomfort_probability,0.9781081624045407,1853
kolkata_ssp585_late_2080s_heatwave_extreme_2080,may_through_september,mean_operative_temp_c,cold_discomfort_probability,-0.993597914272879,1853
kolkata_ssp585_late_2080s_heatwave_extreme_2080,may_through_september,zone_cooling_rate_w,discomfort_probability,-0.013789479627875113,1853
kolkata_ssp585_late_2080s_hot_2080,all_occupied_hours,outdoor_temp_c,mean_operative_temp_c,0.8241839312842804,4437
kolkata_ssp585_late_2080s_hot_2080,all_occupied_hours,mean_operative_temp_c,discomfort_probability,0.9796815442042476,4437
kolkata_ssp585_late_2080s_hot_2080,all_occupied_hours,mean_operative_temp_c,warm_discomfort_probability,0.9839375958015071,4437
kolkata_ssp585_late_2080s_hot_2080,all_occupied_hours,mean_operative_temp_c,cold_discomfort_probability,-0.9827363166985573,4437
kolkata_ssp585_late_2080s_hot_2080,all_occupied_hours,zone_cooling_rate_w,discomfort_probability,0.18794278329913142,4437
kolkata_ssp585_late_2080s_hot_2080,outdoor_temp_ge_20_c,outdoor_temp_c,mean_operative_temp_c,0.8063889576508947,4255
kolkata_ssp585_late_2080s_hot_2080,outdoor_temp_ge_20_c,mean_operative_temp_c,discomfort_probability,0.9784967596568122,4255
kolkata_ssp585_late_2080s_hot_2080,outdoor_temp_ge_20_c,mean_operative_temp_c,warm_discomfort_probability,0.9828343581418144,4255
kolkata_ssp585_late_2080s_hot_2080,outdoor_temp_ge_20_c,mean_operative_temp_c,cold_discomfort_probability,-0.9831049278348413,4255
kolkata_ssp585_late_2080s_hot_2080,outdoor_temp_ge_20_c,zone_cooling_rate_w,discomfort_probability,0.11830852641914572,4255
kolkata_ssp585_late_2080s_hot_2080,outdoor_temp_ge_25_c,outdoor_temp_c,mean_operative_temp_c,0.7774039661910775,3841
kolkata_ssp585_late_2080s_hot_2080,outdoor_temp_ge_25_c,mean_operative_temp_c,discomfort_probability,0.9770885644233337,3841
kolkata_ssp585_late_2080s_hot_2080,outdoor_temp_ge_25_c,mean_operative_temp_c,warm_discomfort_probability,0.9814960388200592,3841
kolkata_ssp585_late_2080s_hot_2080,outdoor_temp_ge_25_c,mean_operative_temp_c,cold_discomfort_probability,-0.9874231467719471,3841
kolkata_ssp585_late_2080s_hot_2080,outdoor_temp_ge_25_c,zone_cooling_rate_w,discomfort_probability,-0.0032059996607061996,3841
kolkata_ssp585_late_2080s_hot_2080,may_through_september,outdoor_temp_c,mean_operative_temp_c,0.795845482762244,1853
kolkata_ssp585_late_2080s_hot_2080,may_through_september,mean_operative_temp_c,discomfort_probability,0.9732584147971896,1853
kolkata_ssp585_late_2080s_hot_2080,may_through_september,mean_operative_temp_c,warm_discomfort_probability,0.9781081624045407,1853
kolkata_ssp585_late_2080s_hot_2080,may_through_september,mean_operative_temp_c,cold_discomfort_probability,-0.993597914272879,1853
kolkata_ssp585_late_2080s_hot_2080,may_through_september,zone_cooling_rate_w,discomfort_probability,-0.013789479627875113,1853
kolkata_ssp585_late_2080s_typical_2088,all_occupied_hours,outdoor_temp_c,mean_operative_temp_c,0.7514698499753266,4437
kolkata_ssp585_late_2080s_typical_2088,all_occupied_hours,mean_operative_temp_c,discomfort_probability,0.9787940040649077,4437
kolkata_ssp585_late_2080s_typical_2088,all_occupied_hours,mean_operative_temp_c,warm_discomfort_probability,0.9831686298853312,4437
kolkata_ssp585_late_2080s_typical_2088,all_occupied_hours,mean_operative_temp_c,cold_discomfort_probability,-0.9573666381241541,4437
kolkata_ssp585_late_2080s_typical_2088,all_occupied_hours,zone_cooling_rate_w,discomfort_probability,0.34769148630557906,4437
kolkata_ssp585_late_2080s_typical_2088,outdoor_temp_ge_20_c,outdoor_temp_c,mean_operative_temp_c,0.7242379940927282,4221
kolkata_ssp585_late_2080s_typical_2088,outdoor_temp_ge_20_c,mean_operative_temp_c,discomfort_probability,0.9784157364034547,4221
kolkata_ssp585_late_2080s_typical_2088,outdoor_temp_ge_20_c,mean_operative_temp_c,warm_discomfort_probability,0.9827668784170885,4221
kolkata_ssp585_late_2080s_typical_2088,outdoor_temp_ge_20_c,mean_operative_temp_c,cold_discomfort_probability,-0.9588967693945841,4221
kolkata_ssp585_late_2080s_typical_2088,outdoor_temp_ge_20_c,zone_cooling_rate_w,discomfort_probability,0.28047255524995757,4221
kolkata_ssp585_late_2080s_typical_2088,outdoor_temp_ge_25_c,outdoor_temp_c,mean_operative_temp_c,0.6748194889442984,3717
kolkata_ssp585_late_2080s_typical_2088,outdoor_temp_ge_25_c,mean_operative_temp_c,discomfort_probability,0.9797583063905235,3717
kolkata_ssp585_late_2080s_typical_2088,outdoor_temp_ge_25_c,mean_operative_temp_c,warm_discomfort_probability,0.9841198491903949,3717
kolkata_ssp585_late_2080s_typical_2088,outdoor_temp_ge_25_c,mean_operative_temp_c,cold_discomfort_probability,-0.9729259110006421,3717
kolkata_ssp585_late_2080s_typical_2088,outdoor_temp_ge_25_c,zone_cooling_rate_w,discomfort_probability,0.14938562045403314,3717
kolkata_ssp585_late_2080s_typical_2088,may_through_september,outdoor_temp_c,mean_operative_temp_c,0.7321794737810395,1853
kolkata_ssp585_late_2080s_typical_2088,may_through_september,mean_operative_temp_c,discomfort_probability,0.9911975885944864,1853
kolkata_ssp585_late_2080s_typical_2088,may_through_september,mean_operative_temp_c,warm_discomfort_probability,0.9931205382013735,1853
kolkata_ssp585_late_2080s_typical_2088,may_through_september,mean_operative_temp_c,cold_discomfort_probability,-0.9884309779573874,1853
kolkata_ssp585_late_2080s_typical_2088,may_through_september,zone_cooling_rate_w,discomfort_probability,0.04980213720658492,1853
kolkata_ssp585_mid_2050s_heatwave_extreme_2059,all_occupied_hours,outdoor_temp_c,mean_operative_temp_c,0.8229975902717998,4437
kolkata_ssp585_mid_2050s_heatwave_extreme_2059,all_occupied_hours,mean_operative_temp_c,discomfort_probability,0.9802421206575114,4437
kolkata_ssp585_mid_2050s_heatwave_extreme_2059,all_occupied_hours,mean_operative_temp_c,warm_discomfort_probability,0.9843960157134012,4437
kolkata_ssp585_mid_2050s_heatwave_extreme_2059,all_occupied_hours,mean_operative_temp_c,cold_discomfort_probability,-0.979518615265218,4437
kolkata_ssp585_mid_2050s_heatwave_extreme_2059,all_occupied_hours,zone_cooling_rate_w,discomfort_probability,0.24499455572310863,4437
kolkata_ssp585_mid_2050s_heatwave_extreme_2059,outdoor_temp_ge_20_c,outdoor_temp_c,mean_operative_temp_c,0.8002831963031551,4217
kolkata_ssp585_mid_2050s_heatwave_extreme_2059,outdoor_temp_ge_20_c,mean_operative_temp_c,discomfort_probability,0.9793185163308104,4217
kolkata_ssp585_mid_2050s_heatwave_extreme_2059,outdoor_temp_ge_20_c,mean_operative_temp_c,warm_discomfort_probability,0.9833399044324902,4217
kolkata_ssp585_mid_2050s_heatwave_extreme_2059,outdoor_temp_ge_20_c,mean_operative_temp_c,cold_discomfort_probability,-0.9800531177065804,4217
kolkata_ssp585_mid_2050s_heatwave_extreme_2059,outdoor_temp_ge_20_c,zone_cooling_rate_w,discomfort_probability,0.1614112419161539,4217
kolkata_ssp585_mid_2050s_heatwave_extreme_2059,outdoor_temp_ge_25_c,outdoor_temp_c,mean_operative_temp_c,0.7522224303174148,3751
kolkata_ssp585_mid_2050s_heatwave_extreme_2059,outdoor_temp_ge_25_c,mean_operative_temp_c,discomfort_probability,0.9780743293472842,3751
kolkata_ssp585_mid_2050s_heatwave_extreme_2059,outdoor_temp_ge_25_c,mean_operative_temp_c,warm_discomfort_probability,0.9821556053536523,3751
kolkata_ssp585_mid_2050s_heatwave_extreme_2059,outdoor_temp_ge_25_c,mean_operative_temp_c,cold_discomfort_probability,-0.9860297182975973,3751
kolkata_ssp585_mid_2050s_heatwave_extreme_2059,outdoor_temp_ge_25_c,zone_cooling_rate_w,discomfort_probability,0.02387203548847528,3751
kolkata_ssp585_mid_2050s_heatwave_extreme_2059,may_through_september,outdoor_temp_c,mean_operative_temp_c,0.7569767054100041,1853
kolkata_ssp585_mid_2050s_heatwave_extreme_2059,may_through_september,mean_operative_temp_c,discomfort_probability,0.9678106089353875,1853
kolkata_ssp585_mid_2050s_heatwave_extreme_2059,may_through_september,mean_operative_temp_c,warm_discomfort_probability,0.9733226218801148,1853
kolkata_ssp585_mid_2050s_heatwave_extreme_2059,may_through_september,mean_operative_temp_c,cold_discomfort_probability,-0.9896916326059422,1853
kolkata_ssp585_mid_2050s_heatwave_extreme_2059,may_through_september,zone_cooling_rate_w,discomfort_probability,0.03371142314336354,1853
kolkata_ssp585_mid_2050s_hot_2059,all_occupied_hours,outdoor_temp_c,mean_operative_temp_c,0.8229975902717998,4437
kolkata_ssp585_mid_2050s_hot_2059,all_occupied_hours,mean_operative_temp_c,discomfort_probability,0.9802421206575114,4437
kolkata_ssp585_mid_2050s_hot_2059,all_occupied_hours,mean_operative_temp_c,warm_discomfort_probability,0.9843960157134012,4437
kolkata_ssp585_mid_2050s_hot_2059,all_occupied_hours,mean_operative_temp_c,cold_discomfort_probability,-0.979518615265218,4437
kolkata_ssp585_mid_2050s_hot_2059,all_occupied_hours,zone_cooling_rate_w,discomfort_probability,0.24499455572310863,4437
kolkata_ssp585_mid_2050s_hot_2059,outdoor_temp_ge_20_c,outdoor_temp_c,mean_operative_temp_c,0.8002831963031551,4217
kolkata_ssp585_mid_2050s_hot_2059,outdoor_temp_ge_20_c,mean_operative_temp_c,discomfort_probability,0.9793185163308104,4217
kolkata_ssp585_mid_2050s_hot_2059,outdoor_temp_ge_20_c,mean_operative_temp_c,warm_discomfort_probability,0.9833399044324902,4217
kolkata_ssp585_mid_2050s_hot_2059,outdoor_temp_ge_20_c,mean_operative_temp_c,cold_discomfort_probability,-0.9800531177065804,4217
kolkata_ssp585_mid_2050s_hot_2059,outdoor_temp_ge_20_c,zone_cooling_rate_w,discomfort_probability,0.1614112419161539,4217
kolkata_ssp585_mid_2050s_hot_2059,outdoor_temp_ge_25_c,outdoor_temp_c,mean_operative_temp_c,0.7522224303174148,3751
kolkata_ssp585_mid_2050s_hot_2059,outdoor_temp_ge_25_c,mean_operative_temp_c,discomfort_probability,0.9780743293472842,3751
kolkata_ssp585_mid_2050s_hot_2059,outdoor_temp_ge_25_c,mean_operative_temp_c,warm_discomfort_probability,0.9821556053536523,3751
kolkata_ssp585_mid_2050s_hot_2059,outdoor_temp_ge_25_c,mean_operative_temp_c,cold_discomfort_probability,-0.9860297182975973,3751
kolkata_ssp585_mid_2050s_hot_2059,outdoor_temp_ge_25_c,zone_cooling_rate_w,discomfort_probability,0.02387203548847528,3751
kolkata_ssp585_mid_2050s_hot_2059,may_through_september,outdoor_temp_c,mean_operative_temp_c,0.7569767054100041,1853
kolkata_ssp585_mid_2050s_hot_2059,may_through_september,mean_operative_temp_c,discomfort_probability,0.9678106089353875,1853
kolkata_ssp585_mid_2050s_hot_2059,may_through_september,mean_operative_temp_c,warm_discomfort_probability,0.9733226218801148,1853
kolkata_ssp585_mid_2050s_hot_2059,may_through_september,mean_operative_temp_c,cold_discomfort_probability,-0.9896916326059422,1853
kolkata_ssp585_mid_2050s_hot_2059,may_through_september,zone_cooling_rate_w,discomfort_probability,0.03371142314336354,1853
kolkata_ssp585_mid_2050s_typical_2057,all_occupied_hours,outdoor_temp_c,mean_operative_temp_c,0.7200592513640226,4437
kolkata_ssp585_mid_2050s_typical_2057,all_occupied_hours,mean_operative_temp_c,discomfort_probability,0.9546370231329591,4437
kolkata_ssp585_mid_2050s_typical_2057,all_occupied_hours,mean_operative_temp_c,warm_discomfort_probability,0.9680098350051687,4437
kolkata_ssp585_mid_2050s_typical_2057,all_occupied_hours,mean_operative_temp_c,cold_discomfort_probability,-0.9080016728746915,4437
kolkata_ssp585_mid_2050s_typical_2057,all_occupied_hours,zone_cooling_rate_w,discomfort_probability,0.572701062637537,4437
kolkata_ssp585_mid_2050s_typical_2057,outdoor_temp_ge_20_c,outdoor_temp_c,mean_operative_temp_c,0.6620497361617411,4007
kolkata_ssp585_mid_2050s_typical_2057,outdoor_temp_ge_20_c,mean_operative_temp_c,discomfort_probability,0.9611758072503267,4007
kolkata_ssp585_mid_2050s_typical_2057,outdoor_temp_ge_20_c,mean_operative_temp_c,warm_discomfort_probability,0.9697876664244198,4007
kolkata_ssp585_mid_2050s_typical_2057,outdoor_temp_ge_20_c,mean_operative_temp_c,cold_discomfort_probability,-0.9006977536739499,4007
kolkata_ssp585_mid_2050s_typical_2057,outdoor_temp_ge_20_c,zone_cooling_rate_w,discomfort_probability,0.493025047052897,4007
kolkata_ssp585_mid_2050s_typical_2057,outdoor_temp_ge_25_c,outdoor_temp_c,mean_operative_temp_c,0.6196137925248917,3224
kolkata_ssp585_mid_2050s_typical_2057,outdoor_temp_ge_25_c,mean_operative_temp_c,discomfort_probability,0.974543316815732,3224
kolkata_ssp585_mid_2050s_typical_2057,outdoor_temp_ge_25_c,mean_operative_temp_c,warm_discomfort_probability,0.9798724529028989,3224
kolkata_ssp585_mid_2050s_typical_2057,outdoor_temp_ge_25_c,mean_operative_temp_c,cold_discomfort_probability,-0.9310754216055441,3224
kolkata_ssp585_mid_2050s_typical_2057,outdoor_temp_ge_25_c,zone_cooling_rate_w,discomfort_probability,0.35967667097205314,3224
kolkata_ssp585_mid_2050s_typical_2057,may_through_september,outdoor_temp_c,mean_operative_temp_c,0.5837352647760577,1853
kolkata_ssp585_mid_2050s_typical_2057,may_through_september,mean_operative_temp_c,discomfort_probability,0.9905263008360092,1853
kolkata_ssp585_mid_2050s_typical_2057,may_through_september,mean_operative_temp_c,warm_discomfort_probability,0.9939378610540677,1853
kolkata_ssp585_mid_2050s_typical_2057,may_through_september,mean_operative_temp_c,cold_discomfort_probability,-0.933143240026113,1853
kolkata_ssp585_mid_2050s_typical_2057,may_through_september,zone_cooling_rate_w,discomfort_probability,0.35195250659242444,1853
kolkata_ssp585_near_2030s_heatwave_extreme_2032,all_occupied_hours,outdoor_temp_c,mean_operative_temp_c,0.7390450860710196,4437
kolkata_ssp585_near_2030s_heatwave_extreme_2032,all_occupied_hours,mean_operative_temp_c,discomfort_probability,0.9219892743873643,4437
kolkata_ssp585_near_2030s_heatwave_extreme_2032,all_occupied_hours,mean_operative_temp_c,warm_discomfort_probability,0.9539373436548116,4437
kolkata_ssp585_near_2030s_heatwave_extreme_2032,all_occupied_hours,mean_operative_temp_c,cold_discomfort_probability,-0.8676635634206896,4437
kolkata_ssp585_near_2030s_heatwave_extreme_2032,all_occupied_hours,zone_cooling_rate_w,discomfort_probability,0.6385142602437759,4437
kolkata_ssp585_near_2030s_heatwave_extreme_2032,outdoor_temp_ge_20_c,outdoor_temp_c,mean_operative_temp_c,0.6600992463884052,3767
kolkata_ssp585_near_2030s_heatwave_extreme_2032,outdoor_temp_ge_20_c,mean_operative_temp_c,discomfort_probability,0.9480071663352461,3767
kolkata_ssp585_near_2030s_heatwave_extreme_2032,outdoor_temp_ge_20_c,mean_operative_temp_c,warm_discomfort_probability,0.9617498592978111,3767
kolkata_ssp585_near_2030s_heatwave_extreme_2032,outdoor_temp_ge_20_c,mean_operative_temp_c,cold_discomfort_probability,-0.8464734919101277,3767
kolkata_ssp585_near_2030s_heatwave_extreme_2032,outdoor_temp_ge_20_c,zone_cooling_rate_w,discomfort_probability,0.5551405250720796,3767
kolkata_ssp585_near_2030s_heatwave_extreme_2032,outdoor_temp_ge_25_c,outdoor_temp_c,mean_operative_temp_c,0.6286971719948622,2787
kolkata_ssp585_near_2030s_heatwave_extreme_2032,outdoor_temp_ge_25_c,mean_operative_temp_c,discomfort_probability,0.9717534314025503,2787
kolkata_ssp585_near_2030s_heatwave_extreme_2032,outdoor_temp_ge_25_c,mean_operative_temp_c,warm_discomfort_probability,0.978245994499215,2787
kolkata_ssp585_near_2030s_heatwave_extreme_2032,outdoor_temp_ge_25_c,mean_operative_temp_c,cold_discomfort_probability,-0.8914187195099493,2787
kolkata_ssp585_near_2030s_heatwave_extreme_2032,outdoor_temp_ge_25_c,zone_cooling_rate_w,discomfort_probability,0.4128898411300609,2787
kolkata_ssp585_near_2030s_heatwave_extreme_2032,may_through_september,outdoor_temp_c,mean_operative_temp_c,0.6477460082058105,1853
kolkata_ssp585_near_2030s_heatwave_extreme_2032,may_through_september,mean_operative_temp_c,discomfort_probability,0.9902491667244693,1853
kolkata_ssp585_near_2030s_heatwave_extreme_2032,may_through_september,mean_operative_temp_c,warm_discomfort_probability,0.9925790025081819,1853
kolkata_ssp585_near_2030s_heatwave_extreme_2032,may_through_september,mean_operative_temp_c,cold_discomfort_probability,-0.9071494158797966,1853
kolkata_ssp585_near_2030s_heatwave_extreme_2032,may_through_september,zone_cooling_rate_w,discomfort_probability,0.42022238657784866,1853
kolkata_ssp585_near_2030s_hot_2030,all_occupied_hours,outdoor_temp_c,mean_operative_temp_c,0.7311471011957246,4437
kolkata_ssp585_near_2030s_hot_2030,all_occupied_hours,mean_operative_temp_c,discomfort_probability,0.9333948122181701,4437
kolkata_ssp585_near_2030s_hot_2030,all_occupied_hours,mean_operative_temp_c,warm_discomfort_probability,0.9538286432668617,4437
kolkata_ssp585_near_2030s_hot_2030,all_occupied_hours,mean_operative_temp_c,cold_discomfort_probability,-0.9055763611967182,4437
kolkata_ssp585_near_2030s_hot_2030,all_occupied_hours,zone_cooling_rate_w,discomfort_probability,0.5773315891754669,4437
kolkata_ssp585_near_2030s_hot_2030,outdoor_temp_ge_20_c,outdoor_temp_c,mean_operative_temp_c,0.626999336125087,3790
kolkata_ssp585_near_2030s_hot_2030,outdoor_temp_ge_20_c,mean_operative_temp_c,discomfort_probability,0.9565314881644952,3790
kolkata_ssp585_near_2030s_hot_2030,outdoor_temp_ge_20_c,mean_operative_temp_c,warm_discomfort_probability,0.9672228843475535,3790
kolkata_ssp585_near_2030s_hot_2030,outdoor_temp_ge_20_c,mean_operative_temp_c,cold_discomfort_probability,-0.9089266604832459,3790
kolkata_ssp585_near_2030s_hot_2030,outdoor_temp_ge_20_c,zone_cooling_rate_w,discomfort_probability,0.4665138104230305,3790
kolkata_ssp585_near_2030s_hot_2030,outdoor_temp_ge_25_c,outdoor_temp_c,mean_operative_temp_c,0.5472726690617528,3123
kolkata_ssp585_near_2030s_hot_2030,outdoor_temp_ge_25_c,mean_operative_temp_c,discomfort_probability,0.9724120276144638,3123
kolkata_ssp585_near_2030s_hot_2030,outdoor_temp_ge_25_c,mean_operative_temp_c,warm_discomfort_probability,0.9790983169861633,3123
kolkata_ssp585_near_2030s_hot_2030,outdoor_temp_ge_25_c,mean_operative_temp_c,cold_discomfort_probability,-0.9364307260655227,3123
kolkata_ssp585_near_2030s_hot_2030,outdoor_temp_ge_25_c,zone_cooling_rate_w,discomfort_probability,0.35490538033597785,3123
kolkata_ssp585_near_2030s_hot_2030,may_through_september,outdoor_temp_c,mean_operative_temp_c,0.5911712674410361,1853
kolkata_ssp585_near_2030s_hot_2030,may_through_september,mean_operative_temp_c,discomfort_probability,0.9907091843657491,1853
kolkata_ssp585_near_2030s_hot_2030,may_through_september,mean_operative_temp_c,warm_discomfort_probability,0.9938714006227388,1853
kolkata_ssp585_near_2030s_hot_2030,may_through_september,mean_operative_temp_c,cold_discomfort_probability,-0.954586156344699,1853
kolkata_ssp585_near_2030s_hot_2030,may_through_september,zone_cooling_rate_w,discomfort_probability,0.3000663334250599,1853
kolkata_ssp585_near_2030s_typical_2038,all_occupied_hours,outdoor_temp_c,mean_operative_temp_c,0.6896877386222177,4437
kolkata_ssp585_near_2030s_typical_2038,all_occupied_hours,mean_operative_temp_c,discomfort_probability,0.9093130003072106,4437
kolkata_ssp585_near_2030s_typical_2038,all_occupied_hours,mean_operative_temp_c,warm_discomfort_probability,0.9470192293520626,4437
kolkata_ssp585_near_2030s_typical_2038,all_occupied_hours,mean_operative_temp_c,cold_discomfort_probability,-0.8620662099087293,4437
kolkata_ssp585_near_2030s_typical_2038,all_occupied_hours,zone_cooling_rate_w,discomfort_probability,0.6446547226732863,4437
kolkata_ssp585_near_2030s_typical_2038,outdoor_temp_ge_20_c,outdoor_temp_c,mean_operative_temp_c,0.5671370745611933,3721
kolkata_ssp585_near_2030s_typical_2038,outdoor_temp_ge_20_c,mean_operative_temp_c,discomfort_probability,0.936116153096384,3721
kolkata_ssp585_near_2030s_typical_2038,outdoor_temp_ge_20_c,mean_operative_temp_c,warm_discomfort_probability,0.9535037898069197,3721
kolkata_ssp585_near_2030s_typical_2038,outdoor_temp_ge_20_c,mean_operative_temp_c,cold_discomfort_probability,-0.8284304537912791,3721
kolkata_ssp585_near_2030s_typical_2038,outdoor_temp_ge_20_c,zone_cooling_rate_w,discomfort_probability,0.5555351135054102,3721
kolkata_ssp585_near_2030s_typical_2038,outdoor_temp_ge_25_c,outdoor_temp_c,mean_operative_temp_c,0.5005569968979737,2792
kolkata_ssp585_near_2030s_typical_2038,outdoor_temp_ge_25_c,mean_operative_temp_c,discomfort_probability,0.9703724554985939,2792
kolkata_ssp585_near_2030s_typical_2038,outdoor_temp_ge_25_c,mean_operative_temp_c,warm_discomfort_probability,0.9780859538761281,2792
kolkata_ssp585_near_2030s_typical_2038,outdoor_temp_ge_25_c,mean_operative_temp_c,cold_discomfort_probability,-0.8623971961088497,2792
kolkata_ssp585_near_2030s_typical_2038,outdoor_temp_ge_25_c,zone_cooling_rate_w,discomfort_probability,0.45554739581106124,2792
kolkata_ssp585_near_2030s_typical_2038,may_through_september,outdoor_temp_c,mean_operative_temp_c,0.5766261303178318,1853
kolkata_ssp585_near_2030s_typical_2038,may_through_september,mean_operative_temp_c,discomfort_probability,0.9864440695512724,1853
kolkata_ssp585_near_2030s_typical_2038,may_through_september,mean_operative_temp_c,warm_discomfort_probability,0.9908043430063164,1853
kolkata_ssp585_near_2030s_typical_2038,may_through_september,mean_operative_temp_c,cold_discomfort_probability,-0.8858279126092514,1853
kolkata_ssp585_near_2030s_typical_2038,may_through_september,zone_cooling_rate_w,discomfort_probability,0.39609084955580687,1853
phoenix_ssp245_baseline_2020s_heatwave_extreme_2025,all_occupied_hours,outdoor_temp_c,mean_operative_temp_c,0.8232301749671687,4437
phoenix_ssp245_baseline_2020s_heatwave_extreme_2025,all_occupied_hours,mean_operative_temp_c,discomfort_probability,0.7448644582147758,4437
phoenix_ssp245_baseline_2020s_heatwave_extreme_2025,all_occupied_hours,mean_operative_temp_c,warm_discomfort_probability,0.6057453831481152,4437
phoenix_ssp245_baseline_2020s_heatwave_extreme_2025,all_occupied_hours,mean_operative_temp_c,cold_discomfort_probability,-0.004717311583203132,4437
phoenix_ssp245_baseline_2020s_heatwave_extreme_2025,all_occupied_hours,zone_cooling_rate_w,discomfort_probability,0.6174751319221903,4437
phoenix_ssp245_baseline_2020s_heatwave_extreme_2025,outdoor_temp_ge_20_c,outdoor_temp_c,mean_operative_temp_c,0.6014171384189654,2882
phoenix_ssp245_baseline_2020s_heatwave_extreme_2025,outdoor_temp_ge_20_c,mean_operative_temp_c,discomfort_probability,0.8184628515478823,2882
phoenix_ssp245_baseline_2020s_heatwave_extreme_2025,outdoor_temp_ge_20_c,mean_operative_temp_c,warm_discomfort_probability,0.7367899373377733,2882
phoenix_ssp245_baseline_2020s_heatwave_extreme_2025,outdoor_temp_ge_20_c,mean_operative_temp_c,cold_discomfort_probability,-0.275603143336663,2882
phoenix_ssp245_baseline_2020s_heatwave_extreme_2025,outdoor_temp_ge_20_c,zone_cooling_rate_w,discomfort_probability,0.5403145532348365,2882
phoenix_ssp245_baseline_2020s_heatwave_extreme_2025,outdoor_temp_ge_25_c,outdoor_temp_c,mean_operative_temp_c,0.4677766464643279,2326
phoenix_ssp245_baseline_2020s_heatwave_extreme_2025,outdoor_temp_ge_25_c,mean_operative_temp_c,discomfort_probability,0.8896336741314006,2326
phoenix_ssp245_baseline_2020s_heatwave_extreme_2025,outdoor_temp_ge_25_c,mean_operative_temp_c,warm_discomfort_probability,0.8522460653217745,2326
phoenix_ssp245_baseline_2020s_heatwave_extreme_2025,outdoor_temp_ge_25_c,mean_operative_temp_c,cold_discomfort_probability,-0.504216975748554,2326
phoenix_ssp245_baseline_2020s_heatwave_extreme_2025,outdoor_temp_ge_25_c,zone_cooling_rate_w,discomfort_probability,0.5308129087660431,2326
phoenix_ssp245_baseline_2020s_heatwave_extreme_2025,may_through_september,outdoor_temp_c,mean_operative_temp_c,0.44873599809182324,1853
phoenix_ssp245_baseline_2020s_heatwave_extreme_2025,may_through_september,mean_operative_temp_c,discomfort_probability,0.9090609130481441,1853
phoenix_ssp245_baseline_2020s_heatwave_extreme_2025,may_through_september,mean_operative_temp_c,warm_discomfort_probability,0.8891086617661546,1853
phoenix_ssp245_baseline_2020s_heatwave_extreme_2025,may_through_september,mean_operative_temp_c,cold_discomfort_probability,-0.5765382032233608,1853
phoenix_ssp245_baseline_2020s_heatwave_extreme_2025,may_through_september,zone_cooling_rate_w,discomfort_probability,0.4634043542545445,1853
phoenix_ssp245_baseline_2020s_hot_2028,all_occupied_hours,outdoor_temp_c,mean_operative_temp_c,0.7865130031309927,4437
phoenix_ssp245_baseline_2020s_hot_2028,all_occupied_hours,mean_operative_temp_c,discomfort_probability,0.7388102079960016,4437
phoenix_ssp245_baseline_2020s_hot_2028,all_occupied_hours,mean_operative_temp_c,warm_discomfort_probability,0.6109690650023446,4437
phoenix_ssp245_baseline_2020s_hot_2028,all_occupied_hours,mean_operative_temp_c,cold_discomfort_probability,-0.09603887637455369,4437
phoenix_ssp245_baseline_2020s_hot_2028,all_occupied_hours,zone_cooling_rate_w,discomfort_probability,0.5835050092589698,4437
phoenix_ssp245_baseline_2020s_hot_2028,outdoor_temp_ge_20_c,outdoor_temp_c,mean_operative_temp_c,0.5993220810666432,3191
phoenix_ssp245_baseline_2020s_hot_2028,outdoor_temp_ge_20_c,mean_operative_temp_c,discomfort_probability,0.8211536169209702,3191
phoenix_ssp245_baseline_2020s_hot_2028,outdoor_temp_ge_20_c,mean_operative_temp_c,warm_discomfort_probability,0.7315380880255037,3191
phoenix_ssp245_baseline_2020s_hot_2028,outdoor_temp_ge_20_c,mean_operative_temp_c,cold_discomfort_probability,-0.28495735954346885,3191
phoenix_ssp245_baseline_2020s_hot_2028,outdoor_temp_ge_20_c,zone_cooling_rate_w,discomfort_probability,0.5441210031835798,3191
phoenix_ssp245_baseline_2020s_hot_2028,outdoor_temp_ge_25_c,outdoor_temp_c,mean_operative_temp_c,0.4895737009378591,2435
phoenix_ssp245_baseline_2020s_hot_2028,outdoor_temp_ge_25_c,mean_operative_temp_c,discomfort_probability,0.8845592129718376,2435
phoenix_ssp245_baseline_2020s_hot_2028,outdoor_temp_ge_25_c,mean_operative_temp_c,warm_discomfort_probability,0.83386198317286,2435
phoenix_ssp245_baseline_2020s_hot_2028,outdoor_temp_ge_25_c,mean_operative_temp_c,cold_discomfort_probability,-0.4913081747803834,2435
phoenix_ssp245_baseline_2020s_hot_2028,outdoor_temp_ge_25_c,zone_cooling_rate_w,discomfort_probability,0.5269498103490892,2435
phoenix_ssp245_baseline_2020s_hot_2028,may_through_september,outdoor_temp_c,mean_operative_temp_c,0.4900471979277146,1853
phoenix_ssp245_baseline_2020s_hot_2028,may_through_september,mean_operative_temp_c,discomfort_probability,0.9100490429997043,1853
phoenix_ssp245_baseline_2020s_hot_2028,may_through_september,mean_operative_temp_c,warm_discomfort_probability,0.8620902489742417,1853
phoenix_ssp245_baseline_2020s_hot_2028,may_through_september,mean_operative_temp_c,cold_discomfort_probability,-0.5206188600356247,1853
phoenix_ssp245_baseline_2020s_hot_2028,may_through_september,zone_cooling_rate_w,discomfort_probability,0.4774880346846047,1853
phoenix_ssp245_baseline_2020s_typical_2026,all_occupied_hours,outdoor_temp_c,mean_operative_temp_c,0.7385488496236833,4437
phoenix_ssp245_baseline_2020s_typical_2026,all_occupied_hours,mean_operative_temp_c,discomfort_probability,0.7355621590682592,4437
phoenix_ssp245_baseline_2020s_typical_2026,all_occupied_hours,mean_operative_temp_c,warm_discomfort_probability,0.6007817849121582,4437
phoenix_ssp245_baseline_2020s_typical_2026,all_occupied_hours,mean_operative_temp_c,cold_discomfort_probability,-0.036498306557722564,4437
phoenix_ssp245_baseline_2020s_typical_2026,all_occupied_hours,zone_cooling_rate_w,discomfort_probability,0.5856076519086029,4437
phoenix_ssp245_baseline_2020s_typical_2026,outdoor_temp_ge_20_c,outdoor_temp_c,mean_operative_temp_c,0.501748497403935,3033
phoenix_ssp245_baseline_2020s_typical_2026,outdoor_temp_ge_20_c,mean_operative_temp_c,discomfort_probability,0.8025882420819223,3033
phoenix_ssp245_baseline_2020s_typical_2026,outdoor_temp_ge_20_c,mean_operative_temp_c,warm_discomfort_probability,0.736855878480605,3033
phoenix_ssp245_baseline_2020s_typical_2026,outdoor_temp_ge_20_c,mean_operative_temp_c,cold_discomfort_probability,-0.3250590406313965,3033
phoenix_ssp245_baseline_2020s_typical_2026,outdoor_temp_ge_20_c,zone_cooling_rate_w,discomfort_probability,0.5449649898227492,3033
phoenix_ssp245_baseline_2020s_typical_2026,outdoor_temp_ge_25_c,outdoor_temp_c,mean_operative_temp_c,0.4116861922668082,2387
phoenix_ssp245_baseline_2020s_typical_2026,outdoor_temp_ge_25_c,mean_operative_temp_c,discomfort_probability,0.8578367546071424,2387
phoenix_ssp245_baseline_2020s_typical_2026,outdoor_temp_ge_25_c,mean_operative_temp_c,warm_discomfort_probability,0.8341060230874046,2387
phoenix_ssp245_baseline_2020s_typical_2026,outdoor_temp_ge_25_c,mean_operative_temp_c,cold_discomfort_probability,-0.5089007580614621,2387
phoenix_ssp245_baseline_2020s_typical_2026,outdoor_temp_ge_25_c,zone_cooling_rate_w,discomfort_probability,0.5425015823192703,2387
phoenix_ssp245_baseline_2020s_typical_2026,may_through_september,outdoor_temp_c,mean_operative_temp_c,0.4026883121855151,1853
phoenix_ssp245_baseline_2020s_typical_2026,may_through_september,mean_operative_temp_c,discomfort_probability,0.8694889428153195,1853
phoenix_ssp245_baseline_2020s_typical_2026,may_through_september,mean_operative_temp_c,warm_discomfort_probability,0.8762169981527614,1853
phoenix_ssp245_baseline_2020s_typical_2026,may_through_september,mean_operative_temp_c,cold_discomfort_probability,-0.5960424302873143,1853
phoenix_ssp245_baseline_2020s_typical_2026,may_through_september,zone_cooling_rate_w,discomfort_probability,0.47183179463604347,1853
phoenix_ssp245_late_2080s_heatwave_extreme_2086,all_occupied_hours,outdoor_temp_c,mean_operative_temp_c,0.8131674576539828,4437
phoenix_ssp245_late_2080s_heatwave_extreme_2086,all_occupied_hours,mean_operative_temp_c,discomfort_probability,0.8787491063950333,4437
phoenix_ssp245_late_2080s_heatwave_extreme_2086,all_occupied_hours,mean_operative_temp_c,warm_discomfort_probability,0.8052656920049012,4437
phoenix_ssp245_late_2080s_heatwave_extreme_2086,all_occupied_hours,mean_operative_temp_c,cold_discomfort_probability,-0.3290837873316162,4437
phoenix_ssp245_late_2080s_heatwave_extreme_2086,all_occupied_hours,zone_cooling_rate_w,discomfort_probability,0.6199906751361516,4437
phoenix_ssp245_late_2080s_heatwave_extreme_2086,outdoor_temp_ge_20_c,outdoor_temp_c,mean_operative_temp_c,0.679921281017753,3280
phoenix_ssp245_late_2080s_heatwave_extreme_2086,outdoor_temp_ge_20_c,mean_operative_temp_c,discomfort_probability,0.9217511299850077,3280
phoenix_ssp245_late_2080s_heatwave_extreme_2086,outdoor_temp_ge_20_c,mean_operative_temp_c,warm_discomfort_probability,0.8921393301497286,3280
phoenix_ssp245_late_2080s_heatwave_extreme_2086,outdoor_temp_ge_20_c,mean_operative_temp_c,cold_discomfort_probability,-0.5933867351402918,3280
phoenix_ssp245_late_2080s_heatwave_extreme_2086,outdoor_temp_ge_20_c,zone_cooling_rate_w,discomfort_probability,0.4580381544138172,3280
phoenix_ssp245_late_2080s_heatwave_extreme_2086,outdoor_temp_ge_25_c,outdoor_temp_c,mean_operative_temp_c,0.6079399328692904,2702
phoenix_ssp245_late_2080s_heatwave_extreme_2086,outdoor_temp_ge_25_c,mean_operative_temp_c,discomfort_probability,0.9524163634353171,2702
phoenix_ssp245_late_2080s_heatwave_extreme_2086,outdoor_temp_ge_25_c,mean_operative_temp_c,warm_discomfort_probability,0.9441407629153487,2702
phoenix_ssp245_late_2080s_heatwave_extreme_2086,outdoor_temp_ge_25_c,mean_operative_temp_c,cold_discomfort_probability,-0.7395556804021903,2702
phoenix_ssp245_late_2080s_heatwave_extreme_2086,outdoor_temp_ge_25_c,zone_cooling_rate_w,discomfort_probability,0.3665548230129133,2702
phoenix_ssp245_late_2080s_heatwave_extreme_2086,may_through_september,outdoor_temp_c,mean_operative_temp_c,0.544381735934068,1853
phoenix_ssp245_late_2080s_heatwave_extreme_2086,may_through_september,mean_operative_temp_c,discomfort_probability,0.9692352010978338,1853
phoenix_ssp245_late_2080s_heatwave_extreme_2086,may_through_september,mean_operative_temp_c,warm_discomfort_probability,0.9690399236423628,1853
phoenix_ssp245_late_2080s_heatwave_extreme_2086,may_through_september,mean_operative_temp_c,cold_discomfort_probability,-0.8671623899803633,1853
phoenix_ssp245_late_2080s_heatwave_extreme_2086,may_through_september,zone_cooling_rate_w,discomfort_probability,0.19188505429716915,1853
phoenix_ssp245_late_2080s_hot_2086,all_occupied_hours,outdoor_temp_c,mean_operative_temp_c,0.8131674576539828,4437
phoenix_ssp245_late_2080s_hot_2086,all_occupied_hours,mean_operative_temp_c,discomfort_probability,0.8787491063950333,4437
phoenix_ssp245_late_2080s_hot_2086,all_occupied_hours,mean_operative_temp_c,warm_discomfort_probability,0.8052656920049012,4437
phoenix_ssp245_late_2080s_hot_2086,all_occupied_hours,mean_operative_temp_c,cold_discomfort_probability,-0.3290837873316162,4437
phoenix_ssp245_late_2080s_hot_2086,all_occupied_hours,zone_cooling_rate_w,discomfort_probability,0.6199906751361516,4437
phoenix_ssp245_late_2080s_hot_2086,outdoor_temp_ge_20_c,outdoor_temp_c,mean_operative_temp_c,0.679921281017753,3280
phoenix_ssp245_late_2080s_hot_2086,outdoor_temp_ge_20_c,mean_operative_temp_c,discomfort_probability,0.9217511299850077,3280
phoenix_ssp245_late_2080s_hot_2086,outdoor_temp_ge_20_c,mean_operative_temp_c,warm_discomfort_probability,0.8921393301497286,3280
phoenix_ssp245_late_2080s_hot_2086,outdoor_temp_ge_20_c,mean_operative_temp_c,cold_discomfort_probability,-0.5933867351402918,3280
phoenix_ssp245_late_2080s_hot_2086,outdoor_temp_ge_20_c,zone_cooling_rate_w,discomfort_probability,0.4580381544138172,3280
phoenix_ssp245_late_2080s_hot_2086,outdoor_temp_ge_25_c,outdoor_temp_c,mean_operative_temp_c,0.6079399328692904,2702
phoenix_ssp245_late_2080s_hot_2086,outdoor_temp_ge_25_c,mean_operative_temp_c,discomfort_probability,0.9524163634353171,2702
phoenix_ssp245_late_2080s_hot_2086,outdoor_temp_ge_25_c,mean_operative_temp_c,warm_discomfort_probability,0.9441407629153487,2702
phoenix_ssp245_late_2080s_hot_2086,outdoor_temp_ge_25_c,mean_operative_temp_c,cold_discomfort_probability,-0.7395556804021903,2702
phoenix_ssp245_late_2080s_hot_2086,outdoor_temp_ge_25_c,zone_cooling_rate_w,discomfort_probability,0.3665548230129133,2702
phoenix_ssp245_late_2080s_hot_2086,may_through_september,outdoor_temp_c,mean_operative_temp_c,0.544381735934068,1853
phoenix_ssp245_late_2080s_hot_2086,may_through_september,mean_operative_temp_c,discomfort_probability,0.9692352010978338,1853
phoenix_ssp245_late_2080s_hot_2086,may_through_september,mean_operative_temp_c,warm_discomfort_probability,0.9690399236423628,1853
phoenix_ssp245_late_2080s_hot_2086,may_through_september,mean_operative_temp_c,cold_discomfort_probability,-0.8671623899803633,1853
phoenix_ssp245_late_2080s_hot_2086,may_through_september,zone_cooling_rate_w,discomfort_probability,0.19188505429716915,1853
phoenix_ssp245_late_2080s_typical_2081,all_occupied_hours,outdoor_temp_c,mean_operative_temp_c,0.843231645804843,4437
phoenix_ssp245_late_2080s_typical_2081,all_occupied_hours,mean_operative_temp_c,discomfort_probability,0.8240634510281784,4437
phoenix_ssp245_late_2080s_typical_2081,all_occupied_hours,mean_operative_temp_c,warm_discomfort_probability,0.7595823534963808,4437
phoenix_ssp245_late_2080s_typical_2081,all_occupied_hours,mean_operative_temp_c,cold_discomfort_probability,-0.2959747403817548,4437
phoenix_ssp245_late_2080s_typical_2081,all_occupied_hours,zone_cooling_rate_w,discomfort_probability,0.6374619329911058,4437
phoenix_ssp245_late_2080s_typical_2081,outdoor_temp_ge_20_c,outdoor_temp_c,mean_operative_temp_c,0.7259098028141361,3247
phoenix_ssp245_late_2080s_typical_2081,outdoor_temp_ge_20_c,mean_operative_temp_c,discomfort_probability,0.8762182244494755,3247
phoenix_ssp245_late_2080s_typical_2081,outdoor_temp_ge_20_c,mean_operative_temp_c,warm_discomfort_probability,0.8133477476878829,3247
phoenix_ssp245_late_2080s_typical_2081,outdoor_temp_ge_20_c,mean_operative_temp_c,cold_discomfort_probability,-0.34556673296795526,3247
phoenix_ssp245_late_2080s_typical_2081,outdoor_temp_ge_20_c,zone_cooling_rate_w,discomfort_probability,0.5170733786747967,3247
phoenix_ssp245_late_2080s_typical_2081,outdoor_temp_ge_25_c,outdoor_temp_c,mean_operative_temp_c,0.6605548940582996,2448
phoenix_ssp245_late_2080s_typical_2081,outdoor_temp_ge_25_c,mean_operative_temp_c,discomfort_probability,0.9397396019849464,2448
phoenix_ssp245_late_2080s_typical_2081,outdoor_temp_ge_25_c,mean_operative_temp_c,warm_discomfort_probability,0.8986439398993269,2448
phoenix_ssp245_late_2080s_typical_2081,outdoor_temp_ge_25_c,mean_operative_temp_c,cold_discomfort_probability,-0.49234514237602955,2448
phoenix_ssp245_late_2080s_typical_2081,outdoor_temp_ge_25_c,zone_cooling_rate_w,discomfort_probability,0.40902601496717683,2448
phoenix_ssp245_late_2080s_typical_2081,may_through_september,outdoor_temp_c,mean_operative_temp_c,0.6989132782909927,1853
phoenix_ssp245_late_2080s_typical_2081,may_through_september,mean_operative_temp_c,discomfort_probability,0.9388790063834436,1853
phoenix_ssp245_late_2080s_typical_2081,may_through_september,mean_operative_temp_c,warm_discomfort_probability,0.8843901224019021,1853
phoenix_ssp245_late_2080s_typical_2081,may_through_september,mean_operative_temp_c,cold_discomfort_probability,-0.4604765409172784,1853
phoenix_ssp245_late_2080s_typical_2081,may_through_september,zone_cooling_rate_w,discomfort_probability,0.3287878045629114,1853
phoenix_ssp245_mid_2050s_heatwave_extreme_2051,all_occupied_hours,outdoor_temp_c,mean_operative_temp_c,0.8336522043108991,4437
phoenix_ssp245_mid_2050s_heatwave_extreme_2051,all_occupied_hours,mean_operative_temp_c,discomfort_probability,0.8500153594053773,4437
phoenix_ssp245_mid_2050s_heatwave_extreme_2051,all_occupied_hours,mean_operative_temp_c,warm_discomfort_probability,0.7629077330171392,4437
phoenix_ssp245_mid_2050s_heatwave_extreme_2051,all_occupied_hours,mean_operative_temp_c,cold_discomfort_probability,-0.27425868836384076,4437
phoenix_ssp245_mid_2050s_heatwave_extreme_2051,all_occupied_hours,zone_cooling_rate_w,discomfort_probability,0.6511216879161102,4437
phoenix_ssp245_mid_2050s_heatwave_extreme_2051,outdoor_temp_ge_20_c,outdoor_temp_c,mean_operative_temp_c,0.7171199096004197,3210
phoenix_ssp245_mid_2050s_heatwave_extreme_2051,outdoor_temp_ge_20_c,mean_operative_temp_c,discomfort_probability,0.8845573605587423,3210
phoenix_ssp245_mid_2050s_heatwave_extreme_2051,outdoor_temp_ge_20_c,mean_operative_temp_c,warm_discomfort_probability,0.8126087628741374,3210
phoenix_ssp245_mid_2050s_heatwave_extreme_2051,outdoor_temp_ge_20_c,mean_operative_temp_c,cold_discomfort_probability,-0.3680485361447353,3210
phoenix_ssp245_mid_2050s_heatwave_extreme_2051,outdoor_temp_ge_20_c,zone_cooling_rate_w,discomfort_probability,0.5128934385080285,3210
phoenix_ssp245_mid_2050s_heatwave_extreme_2051,outdoor_temp_ge_25_c,outdoor_temp_c,mean_operative_temp_c,0.6532797479311493,2486
phoenix_ssp245_mid_2050s_heatwave_extreme_2051,outdoor_temp_ge_25_c,mean_operative_temp_c,discomfort_probability,0.9316752769926473,2486
phoenix_ssp245_mid_2050s_heatwave_extreme_2051,outdoor_temp_ge_25_c,mean_operative_temp_c,warm_discomfort_probability,0.8879246745508255,2486
phoenix_ssp245_mid_2050s_heatwave_extreme_2051,outdoor_temp_ge_25_c,mean_operative_temp_c,cold_discomfort_probability,-0.5352987770217918,2486
phoenix_ssp245_mid_2050s_heatwave_extreme_2051,outdoor_temp_ge_25_c,zone_cooling_rate_w,discomfort_probability,0.4188322597446633,2486
phoenix_ssp245_mid_2050s_heatwave_extreme_2051,may_through_september,outdoor_temp_c,mean_operative_temp_c,0.6291713884845515,1853
phoenix_ssp245_mid_2050s_heatwave_extreme_2051,may_through_september,mean_operative_temp_c,discomfort_probability,0.9476418011342309,1853
phoenix_ssp245_mid_2050s_heatwave_extreme_2051,may_through_september,mean_operative_temp_c,warm_discomfort_probability,0.9114502934396735,1853
phoenix_ssp245_mid_2050s_heatwave_extreme_2051,may_through_september,mean_operative_temp_c,cold_discomfort_probability,-0.5939962587750974,1853
phoenix_ssp245_mid_2050s_heatwave_extreme_2051,may_through_september,zone_cooling_rate_w,discomfort_probability,0.2852588575984146,1853
phoenix_ssp245_mid_2050s_hot_2058,all_occupied_hours,outdoor_temp_c,mean_operative_temp_c,0.8418297695803221,4437
phoenix_ssp245_mid_2050s_hot_2058,all_occupied_hours,mean_operative_temp_c,discomfort_probability,0.8355744215631287,4437
phoenix_ssp245_mid_2050s_hot_2058,all_occupied_hours,mean_operative_temp_c,warm_discomfort_probability,0.759911684704198,4437
phoenix_ssp245_mid_2050s_hot_2058,all_occupied_hours,mean_operative_temp_c,cold_discomfort_probability,-0.23875667580151605,4437
phoenix_ssp245_mid_2050s_hot_2058,all_occupied_hours,zone_cooling_rate_w,discomfort_probability,0.6497334243875099,4437
phoenix_ssp245_mid_2050s_hot_2058,outdoor_temp_ge_20_c,outdoor_temp_c,mean_operative_temp_c,0.7752029620956105,3259
phoenix_ssp245_mid_2050s_hot_2058,outdoor_temp_ge_20_c,mean_operative_temp_c,discomfort_probability,0.892323745772923,3259
phoenix_ssp245_mid_2050s_hot_2058,outdoor_temp_ge_20_c,mean_operative_temp_c,warm_discomfort_probability,0.8251129220123745,3259
phoenix_ssp245_mid_2050s_hot_2058,outdoor_temp_ge_20_c,mean_operative_temp_c,cold_discomfort_probability,-0.3266775376319248,3259
phoenix_ssp245_mid_2050s_hot_2058,outdoor_temp_ge_20_c,zone_cooling_rate_w,discomfort_probability,0.5630390609146968,3259
phoenix_ssp245_mid_2050s_hot_2058,outdoor_temp_ge_25_c,outdoor_temp_c,mean_operative_temp_c,0.7243639968916998,2429
phoenix_ssp245_mid_2050s_hot_2058,outdoor_temp_ge_25_c,mean_operative_temp_c,discomfort_probability,0.9567386912476344,2429
phoenix_ssp245_mid_2050s_hot_2058,outdoor_temp_ge_25_c,mean_operative_temp_c,warm_discomfort_probability,0.9141389928880342,2429
phoenix_ssp245_mid_2050s_hot_2058,outdoor_temp_ge_25_c,mean_operative_temp_c,cold_discomfort_probability,-0.5078969690726349,2429
phoenix_ssp245_mid_2050s_hot_2058,outdoor_temp_ge_25_c,zone_cooling_rate_w,discomfort_probability,0.4649841443807861,2429
phoenix_ssp245_mid_2050s_hot_2058,may_through_september,outdoor_temp_c,mean_operative_temp_c,0.6592106801542534,1853
phoenix_ssp245_mid_2050s_hot_2058,may_through_september,mean_operative_temp_c,discomfort_probability,0.9670868981862837,1853
phoenix_ssp245_mid_2050s_hot_2058,may_through_september,mean_operative_temp_c,warm_discomfort_probability,0.9321454737378411,1853
phoenix_ssp245_mid_2050s_hot_2058,may_through_september,mean_operative_temp_c,cold_discomfort_probability,-0.5144278397190448,1853
phoenix_ssp245_mid_2050s_hot_2058,may_through_september,zone_cooling_rate_w,discomfort_probability,0.3351546640047292,1853
phoenix_ssp245_mid_2050s_typical_2054,all_occupied_hours,outdoor_temp_c,mean_operative_temp_c,0.8050002740951352,4437
phoenix_ssp245_mid_2050s_typical_2054,all_occupied_hours,mean_operative_temp_c,discomfort_probability,0.7970850939044851,4437
phoenix_ssp245_mid_2050s_typical_2054,all_occupied_hours,mean_operative_temp_c,warm_discomfort_probability,0.6881873419852819,4437
phoenix_ssp245_mid_2050s_typical_2054,all_occupied_hours,mean_operative_temp_c,cold_discomfort_probability,-0.1591768307879413,4437
phoenix_ssp245_mid_2050s_typical_2054,all_occupied_hours,zone_cooling_rate_w,discomfort_probability,0.6003067084496244,4437
phoenix_ssp245_mid_2050s_typical_2054,outdoor_temp_ge_20_c,outdoor_temp_c,mean_operative_temp_c,0.661746905053825,3174
phoenix_ssp245_mid_2050s_typical_2054,outdoor_temp_ge_20_c,mean_operative_temp_c,discomfort_probability,0.8586007195802519,3174
phoenix_ssp245_mid_2050s_typical_2054,outdoor_temp_ge_20_c,mean_operative_temp_c,warm_discomfort_probability,0.7845688242335608,3174
phoenix_ssp245_mid_2050s_typical_2054,outdoor_temp_ge_20_c,mean_operative_temp_c,cold_discomfort_probability,-0.32479227118981907,3174
phoenix_ssp245_mid_2050s_typical_2054,outdoor_temp_ge_20_c,zone_cooling_rate_w,discomfort_probability,0.5036653679662921,3174
phoenix_ssp245_mid_2050s_typical_2054,outdoor_temp_ge_25_c,outdoor_temp_c,mean_operative_temp_c,0.591461977638812,2392
phoenix_ssp245_mid_2050s_typical_2054,outdoor_temp_ge_25_c,mean_operative_temp_c,discomfort_probability,0.9111995233622574,2392
phoenix_ssp245_mid_2050s_typical_2054,outdoor_temp_ge_25_c,mean_operative_temp_c,warm_discomfort_probability,0.8783521907805051,2392
phoenix_ssp245_mid_2050s_typical_2054,outdoor_temp_ge_25_c,mean_operative_temp_c,cold_discomfort_probability,-0.5478462688626484,2392
phoenix_ssp245_mid_2050s_typical_2054,outdoor_temp_ge_25_c,zone_cooling_rate_w,discomfort_probability,0.42456784691742183,2392
phoenix_ssp245_mid_2050s_typical_2054,may_through_september,outdoor_temp_c,mean_operative_temp_c,0.5686694700322387,1853
phoenix_ssp245_mid_2050s_typical_2054,may_through_september,mean_operative_temp_c,discomfort_probability,0.9334278754008473,1853
phoenix_ssp245_mid_2050s_typical_2054,may_through_september,mean_operative_temp_c,warm_discomfort_probability,0.9288956851731908,1853
phoenix_ssp245_mid_2050s_typical_2054,may_through_september,mean_operative_temp_c,cold_discomfort_probability,-0.7095893308061232,1853
phoenix_ssp245_mid_2050s_typical_2054,may_through_september,zone_cooling_rate_w,discomfort_probability,0.304494445635616,1853
phoenix_ssp245_near_2030s_heatwave_extreme_2039,all_occupied_hours,outdoor_temp_c,mean_operative_temp_c,0.8301467247936444,4437
phoenix_ssp245_near_2030s_heatwave_extreme_2039,all_occupied_hours,mean_operative_temp_c,discomfort_probability,0.8491351797349367,4437
phoenix_ssp245_near_2030s_heatwave_extreme_2039,all_occupied_hours,mean_operative_temp_c,warm_discomfort_probability,0.7527603336512332,4437
phoenix_ssp245_near_2030s_heatwave_extreme_2039,all_occupied_hours,mean_operative_temp_c,cold_discomfort_probability,-0.25578255706387226,4437
phoenix_ssp245_near_2030s_heatwave_extreme_2039,all_occupied_hours,zone_cooling_rate_w,discomfort_probability,0.6668124201300438,4437
phoenix_ssp245_near_2030s_heatwave_extreme_2039,outdoor_temp_ge_20_c,outdoor_temp_c,mean_operative_temp_c,0.708930778278618,3160
phoenix_ssp245_near_2030s_heatwave_extreme_2039,outdoor_temp_ge_20_c,mean_operative_temp_c,discomfort_probability,0.8748582707294574,3160
phoenix_ssp245_near_2030s_heatwave_extreme_2039,outdoor_temp_ge_20_c,mean_operative_temp_c,warm_discomfort_probability,0.7976224980485179,3160
phoenix_ssp245_near_2030s_heatwave_extreme_2039,outdoor_temp_ge_20_c,mean_operative_temp_c,cold_discomfort_probability,-0.33006950930691276,3160
phoenix_ssp245_near_2030s_heatwave_extreme_2039,outdoor_temp_ge_20_c,zone_cooling_rate_w,discomfort_probability,0.524084437398092,3160
phoenix_ssp245_near_2030s_heatwave_extreme_2039,outdoor_temp_ge_25_c,outdoor_temp_c,mean_operative_temp_c,0.613621703586146,2377
phoenix_ssp245_near_2030s_heatwave_extreme_2039,outdoor_temp_ge_25_c,mean_operative_temp_c,discomfort_probability,0.9421752006022516,2377
phoenix_ssp245_near_2030s_heatwave_extreme_2039,outdoor_temp_ge_25_c,mean_operative_temp_c,warm_discomfort_probability,0.9022523466266976,2377
phoenix_ssp245_near_2030s_heatwave_extreme_2039,outdoor_temp_ge_25_c,mean_operative_temp_c,cold_discomfort_probability,-0.5602691667799955,2377
phoenix_ssp245_near_2030s_heatwave_extreme_2039,outdoor_temp_ge_25_c,zone_cooling_rate_w,discomfort_probability,0.4220825235888692,2377
phoenix_ssp245_near_2030s_heatwave_extreme_2039,may_through_september,outdoor_temp_c,mean_operative_temp_c,0.5701145393046217,1853
phoenix_ssp245_near_2030s_heatwave_extreme_2039,may_through_september,mean_operative_temp_c,discomfort_probability,0.9624859155295368,1853
phoenix_ssp245_near_2030s_heatwave_extreme_2039,may_through_september,mean_operative_temp_c,warm_discomfort_probability,0.941441340711663,1853
phoenix_ssp245_near_2030s_heatwave_extreme_2039,may_through_september,mean_operative_temp_c,cold_discomfort_probability,-0.6979851201757422,1853
phoenix_ssp245_near_2030s_heatwave_extreme_2039,may_through_september,zone_cooling_rate_w,discomfort_probability,0.3174206386554794,1853
phoenix_ssp245_near_2030s_hot_2039,all_occupied_hours,outdoor_temp_c,mean_operative_temp_c,0.8301467247936444,4437
phoenix_ssp245_near_2030s_hot_2039,all_occupied_hours,mean_operative_temp_c,discomfort_probability,0.8491351797349367,4437
phoenix_ssp245_near_2030s_hot_2039,all_occupied_hours,mean_operative_temp_c,warm_discomfort_probability,0.7527603336512332,4437
phoenix_ssp245_near_2030s_hot_2039,all_occupied_hours,mean_operative_temp_c,cold_discomfort_probability,-0.25578255706387226,4437
phoenix_ssp245_near_2030s_hot_2039,all_occupied_hours,zone_cooling_rate_w,discomfort_probability,0.6668124201300438,4437
phoenix_ssp245_near_2030s_hot_2039,outdoor_temp_ge_20_c,outdoor_temp_c,mean_operative_temp_c,0.708930778278618,3160
phoenix_ssp245_near_2030s_hot_2039,outdoor_temp_ge_20_c,mean_operative_temp_c,discomfort_probability,0.8748582707294574,3160
phoenix_ssp245_near_2030s_hot_2039,outdoor_temp_ge_20_c,mean_operative_temp_c,warm_discomfort_probability,0.7976224980485179,3160
phoenix_ssp245_near_2030s_hot_2039,outdoor_temp_ge_20_c,mean_operative_temp_c,cold_discomfort_probability,-0.33006950930691276,3160
phoenix_ssp245_near_2030s_hot_2039,outdoor_temp_ge_20_c,zone_cooling_rate_w,discomfort_probability,0.524084437398092,3160
phoenix_ssp245_near_2030s_hot_2039,outdoor_temp_ge_25_c,outdoor_temp_c,mean_operative_temp_c,0.613621703586146,2377
phoenix_ssp245_near_2030s_hot_2039,outdoor_temp_ge_25_c,mean_operative_temp_c,discomfort_probability,0.9421752006022516,2377
phoenix_ssp245_near_2030s_hot_2039,outdoor_temp_ge_25_c,mean_operative_temp_c,warm_discomfort_probability,0.9022523466266976,2377
phoenix_ssp245_near_2030s_hot_2039,outdoor_temp_ge_25_c,mean_operative_temp_c,cold_discomfort_probability,-0.5602691667799955,2377
phoenix_ssp245_near_2030s_hot_2039,outdoor_temp_ge_25_c,zone_cooling_rate_w,discomfort_probability,0.4220825235888692,2377
phoenix_ssp245_near_2030s_hot_2039,may_through_september,outdoor_temp_c,mean_operative_temp_c,0.5701145393046217,1853
phoenix_ssp245_near_2030s_hot_2039,may_through_september,mean_operative_temp_c,discomfort_probability,0.9624859155295368,1853
phoenix_ssp245_near_2030s_hot_2039,may_through_september,mean_operative_temp_c,warm_discomfort_probability,0.941441340711663,1853
phoenix_ssp245_near_2030s_hot_2039,may_through_september,mean_operative_temp_c,cold_discomfort_probability,-0.6979851201757422,1853
phoenix_ssp245_near_2030s_hot_2039,may_through_september,zone_cooling_rate_w,discomfort_probability,0.3174206386554794,1853
phoenix_ssp245_near_2030s_typical_2034,all_occupied_hours,outdoor_temp_c,mean_operative_temp_c,0.7756720889239656,4437
phoenix_ssp245_near_2030s_typical_2034,all_occupied_hours,mean_operative_temp_c,discomfort_probability,0.8059973744851248,4437
phoenix_ssp245_near_2030s_typical_2034,all_occupied_hours,mean_operative_temp_c,warm_discomfort_probability,0.6713557924369808,4437
phoenix_ssp245_near_2030s_typical_2034,all_occupied_hours,mean_operative_temp_c,cold_discomfort_probability,-0.08730483146286247,4437
phoenix_ssp245_near_2030s_typical_2034,all_occupied_hours,zone_cooling_rate_w,discomfort_probability,0.6334036831516939,4437
phoenix_ssp245_near_2030s_typical_2034,outdoor_temp_ge_20_c,outdoor_temp_c,mean_operative_temp_c,0.6051686304018625,3127
phoenix_ssp245_near_2030s_typical_2034,outdoor_temp_ge_20_c,mean_operative_temp_c,discomfort_probability,0.840612969115073,3127
phoenix_ssp245_near_2030s_typical_2034,outdoor_temp_ge_20_c,mean_operative_temp_c,warm_discomfort_probability,0.748969986374764,3127
phoenix_ssp245_near_2030s_typical_2034,outdoor_temp_ge_20_c,mean_operative_temp_c,cold_discomfort_probability,-0.24986886778178632,3127
phoenix_ssp245_near_2030s_typical_2034,outdoor_temp_ge_20_c,zone_cooling_rate_w,discomfort_probability,0.5351644157758118,3127
phoenix_ssp245_near_2030s_typical_2034,outdoor_temp_ge_25_c,outdoor_temp_c,mean_operative_temp_c,0.48490058360132016,2343
phoenix_ssp245_near_2030s_typical_2034,outdoor_temp_ge_25_c,mean_operative_temp_c,discomfort_probability,0.9002274523414315,2343
phoenix_ssp245_near_2030s_typical_2034,outdoor_temp_ge_25_c,mean_operative_temp_c,warm_discomfort_probability,0.8630137273508972,2343
phoenix_ssp245_near_2030s_typical_2034,outdoor_temp_ge_25_c,mean_operative_temp_c,cold_discomfort_probability,-0.5176129396253732,2343
phoenix_ssp245_near_2030s_typical_2034,outdoor_temp_ge_25_c,zone_cooling_rate_w,discomfort_probability,0.47808971300522213,2343
phoenix_ssp245_near_2030s_typical_2034,may_through_september,outdoor_temp_c,mean_operative_temp_c,0.4800583934246915,1853
phoenix_ssp245_near_2030s_typical_2034,may_through_september,mean_operative_temp_c,discomfort_probability,0.9199168001024235,1853
phoenix_ssp245_near_2030s_typical_2034,may_through_september,mean_operative_temp_c,warm_discomfort_probability,0.8837365650189357,1853
phoenix_ssp245_near_2030s_typical_2034,may_through_september,mean_operative_temp_c,cold_discomfort_probability,-0.5704787250840265,1853
phoenix_ssp245_near_2030s_typical_2034,may_through_september,zone_cooling_rate_w,discomfort_probability,0.4082630596534587,1853
phoenix_ssp585_baseline_2020s_heatwave_extreme_2025,all_occupied_hours,outdoor_temp_c,mean_operative_temp_c,0.8454400557754118,4437
phoenix_ssp585_baseline_2020s_heatwave_extreme_2025,all_occupied_hours,mean_operative_temp_c,discomfort_probability,0.7867102252664103,4437
phoenix_ssp585_baseline_2020s_heatwave_extreme_2025,all_occupied_hours,mean_operative_temp_c,warm_discomfort_probability,0.671716751366172,4437
phoenix_ssp585_baseline_2020s_heatwave_extreme_2025,all_occupied_hours,mean_operative_temp_c,cold_discomfort_probability,-0.13964561504910106,4437
phoenix_ssp585_baseline_2020s_heatwave_extreme_2025,all_occupied_hours,zone_cooling_rate_w,discomfort_probability,0.6227373402289441,4437
phoenix_ssp585_baseline_2020s_heatwave_extreme_2025,outdoor_temp_ge_20_c,outdoor_temp_c,mean_operative_temp_c,0.6878350318531548,3120
phoenix_ssp585_baseline_2020s_heatwave_extreme_2025,outdoor_temp_ge_20_c,mean_operative_temp_c,discomfort_probability,0.8557829939862241,3120
phoenix_ssp585_baseline_2020s_heatwave_extreme_2025,outdoor_temp_ge_20_c,mean_operative_temp_c,warm_discomfort_probability,0.7780121623323608,3120
phoenix_ssp585_baseline_2020s_heatwave_extreme_2025,outdoor_temp_ge_20_c,mean_operative_temp_c,cold_discomfort_probability,-0.3251835906302903,3120
phoenix_ssp585_baseline_2020s_heatwave_extreme_2025,outdoor_temp_ge_20_c,zone_cooling_rate_w,discomfort_probability,0.522301719658593,3120
phoenix_ssp585_baseline_2020s_heatwave_extreme_2025,outdoor_temp_ge_25_c,outdoor_temp_c,mean_operative_temp_c,0.5705110056447773,2409
phoenix_ssp585_baseline_2020s_heatwave_extreme_2025,outdoor_temp_ge_25_c,mean_operative_temp_c,discomfort_probability,0.9271350632353208,2409
phoenix_ssp585_baseline_2020s_heatwave_extreme_2025,outdoor_temp_ge_25_c,mean_operative_temp_c,warm_discomfort_probability,0.8952215907056849,2409
phoenix_ssp585_baseline_2020s_heatwave_extreme_2025,outdoor_temp_ge_25_c,mean_operative_temp_c,cold_discomfort_probability,-0.580766797797428,2409
phoenix_ssp585_baseline_2020s_heatwave_extreme_2025,outdoor_temp_ge_25_c,zone_cooling_rate_w,discomfort_probability,0.44507856501854903,2409
phoenix_ssp585_baseline_2020s_heatwave_extreme_2025,may_through_september,outdoor_temp_c,mean_operative_temp_c,0.5160939554957168,1853
phoenix_ssp585_baseline_2020s_heatwave_extreme_2025,may_through_september,mean_operative_temp_c,discomfort_probability,0.9478083778038534,1853
phoenix_ssp585_baseline_2020s_heatwave_extreme_2025,may_through_september,mean_operative_temp_c,warm_discomfort_probability,0.9437576682832596,1853
phoenix_ssp585_baseline_2020s_heatwave_extreme_2025,may_through_september,mean_operative_temp_c,cold_discomfort_probability,-0.750046244622336,1853
phoenix_ssp585_baseline_2020s_heatwave_extreme_2025,may_through_september,zone_cooling_rate_w,discomfort_probability,0.32229964328111665,1853
phoenix_ssp585_baseline_2020s_hot_2025,all_occupied_hours,outdoor_temp_c,mean_operative_temp_c,0.8454400557754118,4437
phoenix_ssp585_baseline_2020s_hot_2025,all_occupied_hours,mean_operative_temp_c,discomfort_probability,0.7867102252664103,4437
phoenix_ssp585_baseline_2020s_hot_2025,all_occupied_hours,mean_operative_temp_c,warm_discomfort_probability,0.671716751366172,4437
phoenix_ssp585_baseline_2020s_hot_2025,all_occupied_hours,mean_operative_temp_c,cold_discomfort_probability,-0.13964561504910106,4437
phoenix_ssp585_baseline_2020s_hot_2025,all_occupied_hours,zone_cooling_rate_w,discomfort_probability,0.6227373402289441,4437
phoenix_ssp585_baseline_2020s_hot_2025,outdoor_temp_ge_20_c,outdoor_temp_c,mean_operative_temp_c,0.6878350318531548,3120
phoenix_ssp585_baseline_2020s_hot_2025,outdoor_temp_ge_20_c,mean_operative_temp_c,discomfort_probability,0.8557829939862241,3120
phoenix_ssp585_baseline_2020s_hot_2025,outdoor_temp_ge_20_c,mean_operative_temp_c,warm_discomfort_probability,0.7780121623323608,3120
phoenix_ssp585_baseline_2020s_hot_2025,outdoor_temp_ge_20_c,mean_operative_temp_c,cold_discomfort_probability,-0.3251835906302903,3120
phoenix_ssp585_baseline_2020s_hot_2025,outdoor_temp_ge_20_c,zone_cooling_rate_w,discomfort_probability,0.522301719658593,3120
phoenix_ssp585_baseline_2020s_hot_2025,outdoor_temp_ge_25_c,outdoor_temp_c,mean_operative_temp_c,0.5705110056447773,2409
phoenix_ssp585_baseline_2020s_hot_2025,outdoor_temp_ge_25_c,mean_operative_temp_c,discomfort_probability,0.9271350632353208,2409
phoenix_ssp585_baseline_2020s_hot_2025,outdoor_temp_ge_25_c,mean_operative_temp_c,warm_discomfort_probability,0.8952215907056849,2409
phoenix_ssp585_baseline_2020s_hot_2025,outdoor_temp_ge_25_c,mean_operative_temp_c,cold_discomfort_probability,-0.580766797797428,2409
phoenix_ssp585_baseline_2020s_hot_2025,outdoor_temp_ge_25_c,zone_cooling_rate_w,discomfort_probability,0.44507856501854903,2409
phoenix_ssp585_baseline_2020s_hot_2025,may_through_september,outdoor_temp_c,mean_operative_temp_c,0.5160939554957168,1853
phoenix_ssp585_baseline_2020s_hot_2025,may_through_september,mean_operative_temp_c,discomfort_probability,0.9478083778038534,1853
phoenix_ssp585_baseline_2020s_hot_2025,may_through_september,mean_operative_temp_c,warm_discomfort_probability,0.9437576682832596,1853
phoenix_ssp585_baseline_2020s_hot_2025,may_through_september,mean_operative_temp_c,cold_discomfort_probability,-0.750046244622336,1853
phoenix_ssp585_baseline_2020s_hot_2025,may_through_september,zone_cooling_rate_w,discomfort_probability,0.32229964328111665,1853
phoenix_ssp585_baseline_2020s_typical_2029,all_occupied_hours,outdoor_temp_c,mean_operative_temp_c,0.8126171063606832,4437
phoenix_ssp585_baseline_2020s_typical_2029,all_occupied_hours,mean_operative_temp_c,discomfort_probability,0.8365688668002701,4437
phoenix_ssp585_baseline_2020s_typical_2029,all_occupied_hours,mean_operative_temp_c,warm_discomfort_probability,0.7199410825565394,4437
phoenix_ssp585_baseline_2020s_typical_2029,all_occupied_hours,mean_operative_temp_c,cold_discomfort_probability,-0.13301148828035173,4437
phoenix_ssp585_baseline_2020s_typical_2029,all_occupied_hours,zone_cooling_rate_w,discomfort_probability,0.6661448611026547,4437
phoenix_ssp585_baseline_2020s_typical_2029,outdoor_temp_ge_20_c,outdoor_temp_c,mean_operative_temp_c,0.6330209523422387,3003
phoenix_ssp585_baseline_2020s_typical_2029,outdoor_temp_ge_20_c,mean_operative_temp_c,discomfort_probability,0.8573957643888267,3003
phoenix_ssp585_baseline_2020s_typical_2029,outdoor_temp_ge_20_c,mean_operative_temp_c,warm_discomfort_probability,0.7860711031406907,3003
phoenix_ssp585_baseline_2020s_typical_2029,outdoor_temp_ge_20_c,mean_operative_temp_c,cold_discomfort_probability,-0.3234213536963259,3003
phoenix_ssp585_baseline_2020s_typical_2029,outdoor_temp_ge_20_c,zone_cooling_rate_w,discomfort_probability,0.5154357411237868,3003
phoenix_ssp585_baseline_2020s_typical_2029,outdoor_temp_ge_25_c,outdoor_temp_c,mean_operative_temp_c,0.5474755318099798,2390
phoenix_ssp585_baseline_2020s_typical_2029,outdoor_temp_ge_25_c,mean_operative_temp_c,discomfort_probability,0.9109402658053332,2390
phoenix_ssp585_baseline_2020s_typical_2029,outdoor_temp_ge_25_c,mean_operative_temp_c,warm_discomfort_probability,0.8819529964656202,2390
phoenix_ssp585_baseline_2020s_typical_2029,outdoor_temp_ge_25_c,mean_operative_temp_c,cold_discomfort_probability,-0.5570201223496345,2390
phoenix_ssp585_baseline_2020s_typical_2029,outdoor_temp_ge_25_c,zone_cooling_rate_w,discomfort_probability,0.45610189782258065,2390
phoenix_ssp585_baseline_2020s_typical_2029,may_through_september,outdoor_temp_c,mean_operative_temp_c,0.5575222174414682,1853
phoenix_ssp585_baseline_2020s_typical_2029,may_through_september,mean_operative_temp_c,discomfort_probability,0.9101573919051607,1853
phoenix_ssp585_baseline_2020s_typical_2029,may_through_september,mean_operative_temp_c,warm_discomfort_probability,0.8916935272211791,1853
phoenix_ssp585_baseline_2020s_typical_2029,may_through_september,mean_operative_temp_c,cold_discomfort_probability,-0.6407294457329159,1853
phoenix_ssp585_baseline_2020s_typical_2029,may_through_september,zone_cooling_rate_w,discomfort_probability,0.33795691662676614,1853
phoenix_ssp585_late_2080s_heatwave_extreme_2085,all_occupied_hours,outdoor_temp_c,mean_operative_temp_c,0.8754371478743624,4437
phoenix_ssp585_late_2080s_heatwave_extreme_2085,all_occupied_hours,mean_operative_temp_c,discomfort_probability,0.9054872145336444,4437
phoenix_ssp585_late_2080s_heatwave_extreme_2085,all_occupied_hours,mean_operative_temp_c,warm_discomfort_probability,0.861787018321125,4437
phoenix_ssp585_late_2080s_heatwave_extreme_2085,all_occupied_hours,mean_operative_temp_c,cold_discomfort_probability,-0.5329714341666149,4437
phoenix_ssp585_late_2080s_heatwave_extreme_2085,all_occupied_hours,zone_cooling_rate_w,discomfort_probability,0.5873232593651774,4437
phoenix_ssp585_late_2080s_heatwave_extreme_2085,outdoor_temp_ge_20_c,outdoor_temp_c,mean_operative_temp_c,0.8241638834160232,3414
phoenix_ssp585_late_2080s_heatwave_extreme_2085,outdoor_temp_ge_20_c,mean_operative_temp_c,discomfort_probability,0.9394235471127372,3414
phoenix_ssp585_late_2080s_heatwave_extreme_2085,outdoor_temp_ge_20_c,mean_operative_temp_c,warm_discomfort_probability,0.9079890211165917,3414
phoenix_ssp585_late_2080s_heatwave_extreme_2085,outdoor_temp_ge_20_c,mean_operative_temp_c,cold_discomfort_probability,-0.6193082239223469,3414
phoenix_ssp585_late_2080s_heatwave_extreme_2085,outdoor_temp_ge_20_c,zone_cooling_rate_w,discomfort_probability,0.38296013890391833,3414
phoenix_ssp585_late_2080s_heatwave_extreme_2085,outdoor_temp_ge_25_c,outdoor_temp_c,mean_operative_temp_c,0.767038215239556,2666
phoenix_ssp585_late_2080s_heatwave_extreme_2085,outdoor_temp_ge_25_c,mean_operative_temp_c,discomfort_probability,0.9746719136052739,2666
phoenix_ssp585_late_2080s_heatwave_extreme_2085,outdoor_temp_ge_25_c,mean_operative_temp_c,warm_discomfort_probability,0.9675699798023009,2666
phoenix_ssp585_late_2080s_heatwave_extreme_2085,outdoor_temp_ge_25_c,mean_operative_temp_c,cold_discomfort_probability,-0.7881453315227043,2666
phoenix_ssp585_late_2080s_heatwave_extreme_2085,outdoor_temp_ge_25_c,zone_cooling_rate_w,discomfort_probability,0.16074520556340688,2666
phoenix_ssp585_late_2080s_heatwave_extreme_2085,may_through_september,outdoor_temp_c,mean_operative_temp_c,0.6801218682479515,1853
phoenix_ssp585_late_2080s_heatwave_extreme_2085,may_through_september,mean_operative_temp_c,discomfort_probability,0.9889394807683746,1853
phoenix_ssp585_late_2080s_heatwave_extreme_2085,may_through_september,mean_operative_temp_c,warm_discomfort_probability,0.9894535993063072,1853
phoenix_ssp585_late_2080s_heatwave_extreme_2085,may_through_september,mean_operative_temp_c,cold_discomfort_probability,-0.9158279654447106,1853
phoenix_ssp585_late_2080s_heatwave_extreme_2085,may_through_september,zone_cooling_rate_w,discomfort_probability,-0.10600686522960265,1853
phoenix_ssp585_late_2080s_hot_2089,all_occupied_hours,outdoor_temp_c,mean_operative_temp_c,0.8938358083570932,4437
phoenix_ssp585_late_2080s_hot_2089,all_occupied_hours,mean_operative_temp_c,discomfort_probability,0.9111906504891286,4437
phoenix_ssp585_late_2080s_hot_2089,all_occupied_hours,mean_operative_temp_c,warm_discomfort_probability,0.8893187316087582,4437
phoenix_ssp585_late_2080s_hot_2089,all_occupied_hours,mean_operative_temp_c,cold_discomfort_probability,-0.6129003244605231,4437
phoenix_ssp585_late_2080s_hot_2089,all_occupied_hours,zone_cooling_rate_w,discomfort_probability,0.5943978351875934,4437
phoenix_ssp585_late_2080s_hot_2089,outdoor_temp_ge_20_c,outdoor_temp_c,mean_operative_temp_c,0.8452792124370202,3502
phoenix_ssp585_late_2080s_hot_2089,outdoor_temp_ge_20_c,mean_operative_temp_c,discomfort_probability,0.9512374156738167,3502
phoenix_ssp585_late_2080s_hot_2089,outdoor_temp_ge_20_c,mean_operative_temp_c,warm_discomfort_probability,0.9320230943843228,3502
phoenix_ssp585_late_2080s_hot_2089,outdoor_temp_ge_20_c,mean_operative_temp_c,cold_discomfort_probability,-0.6932962284883687,3502
phoenix_ssp585_late_2080s_hot_2089,outdoor_temp_ge_20_c,zone_cooling_rate_w,discomfort_probability,0.3958010922391412,3502
phoenix_ssp585_late_2080s_hot_2089,outdoor_temp_ge_25_c,outdoor_temp_c,mean_operative_temp_c,0.8163956396293444,2785
phoenix_ssp585_late_2080s_hot_2089,outdoor_temp_ge_25_c,mean_operative_temp_c,discomfort_probability,0.9805495313952565,2785
phoenix_ssp585_late_2080s_hot_2089,outdoor_temp_ge_25_c,mean_operative_temp_c,warm_discomfort_probability,0.973208287785321,2785
phoenix_ssp585_late_2080s_hot_2089,outdoor_temp_ge_25_c,mean_operative_temp_c,cold_discomfort_probability,-0.8135575542315427,2785
phoenix_ssp585_late_2080s_hot_2089,outdoor_temp_ge_25_c,zone_cooling_rate_w,discomfort_probability,0.18497769547821602,2785
phoenix_ssp585_late_2080s_hot_2089,may_through_september,outdoor_temp_c,mean_operative_temp_c,0.7199533827846888,1853
phoenix_ssp585_late_2080s_hot_2089,may_through_september,mean_operative_temp_c,discomfort_probability,0.992021032220775,1853
phoenix_ssp585_late_2080s_hot_2089,may_through_september,mean_operative_temp_c,warm_discomfort_probability,0.9920523939911131,1853
phoenix_ssp585_late_2080s_hot_2089,may_through_september,mean_operative_temp_c,cold_discomfort_probability,-0.9467435607935012,1853
phoenix_ssp585_late_2080s_hot_2089,may_through_september,zone_cooling_rate_w,discomfort_probability,-0.10391361964611277,1853
phoenix_ssp585_late_2080s_typical_2081,all_occupied_hours,outdoor_temp_c,mean_operative_temp_c,0.8326843951337078,4437
phoenix_ssp585_late_2080s_typical_2081,all_occupied_hours,mean_operative_temp_c,discomfort_probability,0.9026892407240378,4437
phoenix_ssp585_late_2080s_typical_2081,all_occupied_hours,mean_operative_temp_c,warm_discomfort_probability,0.8742372288623248,4437
phoenix_ssp585_late_2080s_typical_2081,all_occupied_hours,mean_operative_temp_c,cold_discomfort_probability,-0.5095383420696206,4437
phoenix_ssp585_late_2080s_typical_2081,all_occupied_hours,zone_cooling_rate_w,discomfort_probability,0.5499414021329232,4437
phoenix_ssp585_late_2080s_typical_2081,outdoor_temp_ge_20_c,outdoor_temp_c,mean_operative_temp_c,0.7821896599258922,3626
phoenix_ssp585_late_2080s_typical_2081,outdoor_temp_ge_20_c,mean_operative_temp_c,discomfort_probability,0.9418986681049291,3626
phoenix_ssp585_late_2080s_typical_2081,outdoor_temp_ge_20_c,mean_operative_temp_c,warm_discomfort_probability,0.9178826390794844,3626
phoenix_ssp585_late_2080s_typical_2081,outdoor_temp_ge_20_c,mean_operative_temp_c,cold_discomfort_probability,-0.5859717762388057,3626
phoenix_ssp585_late_2080s_typical_2081,outdoor_temp_ge_20_c,zone_cooling_rate_w,discomfort_probability,0.4091682730309777,3626
phoenix_ssp585_late_2080s_typical_2081,outdoor_temp_ge_25_c,outdoor_temp_c,mean_operative_temp_c,0.7731204929826628,2841
phoenix_ssp585_late_2080s_typical_2081,outdoor_temp_ge_25_c,mean_operative_temp_c,discomfort_probability,0.9734904351750717,2841
phoenix_ssp585_late_2080s_typical_2081,outdoor_temp_ge_25_c,mean_operative_temp_c,warm_discomfort_probability,0.9627421890826792,2841
phoenix_ssp585_late_2080s_typical_2081,outdoor_temp_ge_25_c,mean_operative_temp_c,cold_discomfort_probability,-0.7233012894483994,2841
phoenix_ssp585_late_2080s_typical_2081,outdoor_temp_ge_25_c,zone_cooling_rate_w,discomfort_probability,0.26207501719342746,2841
phoenix_ssp585_late_2080s_typical_2081,may_through_september,outdoor_temp_c,mean_operative_temp_c,0.7051881808732511,1853
phoenix_ssp585_late_2080s_typical_2081,may_through_september,mean_operative_temp_c,discomfort_probability,0.9907081828687883,1853
phoenix_ssp585_late_2080s_typical_2081,may_through_september,mean_operative_temp_c,warm_discomfort_probability,0.9885182615678695,1853
phoenix_ssp585_late_2080s_typical_2081,may_through_september,mean_operative_temp_c,cold_discomfort_probability,-0.8628445755789372,1853
phoenix_ssp585_late_2080s_typical_2081,may_through_september,zone_cooling_rate_w,discomfort_probability,0.020658984924702008,1853
phoenix_ssp585_mid_2050s_heatwave_extreme_2057,all_occupied_hours,outdoor_temp_c,mean_operative_temp_c,0.8190865855319688,4437
phoenix_ssp585_mid_2050s_heatwave_extreme_2057,all_occupied_hours,mean_operative_temp_c,discomfort_probability,0.8292352720945972,4437
phoenix_ssp585_mid_2050s_heatwave_extreme_2057,all_occupied_hours,mean_operative_temp_c,warm_discomfort_probability,0.7335227926865511,4437
phoenix_ssp585_mid_2050s_heatwave_extreme_2057,all_occupied_hours,mean_operative_temp_c,cold_discomfort_probability,-0.2233172368271599,4437
phoenix_ssp585_mid_2050s_heatwave_extreme_2057,all_occupied_hours,zone_cooling_rate_w,discomfort_probability,0.6098169233672517,4437
phoenix_ssp585_mid_2050s_heatwave_extreme_2057,outdoor_temp_ge_20_c,outdoor_temp_c,mean_operative_temp_c,0.7089009063018572,3361
phoenix_ssp585_mid_2050s_heatwave_extreme_2057,outdoor_temp_ge_20_c,mean_operative_temp_c,discomfort_probability,0.9068975017407931,3361
phoenix_ssp585_mid_2050s_heatwave_extreme_2057,outdoor_temp_ge_20_c,mean_operative_temp_c,warm_discomfort_probability,0.8481270182524325,3361
phoenix_ssp585_mid_2050s_heatwave_extreme_2057,outdoor_temp_ge_20_c,mean_operative_temp_c,cold_discomfort_probability,-0.41958140156803536,3361
phoenix_ssp585_mid_2050s_heatwave_extreme_2057,outdoor_temp_ge_20_c,zone_cooling_rate_w,discomfort_probability,0.5313279853672442,3361
phoenix_ssp585_mid_2050s_heatwave_extreme_2057,outdoor_temp_ge_25_c,outdoor_temp_c,mean_operative_temp_c,0.6297466069470478,2655
phoenix_ssp585_mid_2050s_heatwave_extreme_2057,outdoor_temp_ge_25_c,mean_operative_temp_c,discomfort_probability,0.9415008537818607,2655
phoenix_ssp585_mid_2050s_heatwave_extreme_2057,outdoor_temp_ge_25_c,mean_operative_temp_c,warm_discomfort_probability,0.9156606380779322,2655
phoenix_ssp585_mid_2050s_heatwave_extreme_2057,outdoor_temp_ge_25_c,mean_operative_temp_c,cold_discomfort_probability,-0.5728002929143844,2655
phoenix_ssp585_mid_2050s_heatwave_extreme_2057,outdoor_temp_ge_25_c,zone_cooling_rate_w,discomfort_probability,0.42545023181448655,2655
phoenix_ssp585_mid_2050s_heatwave_extreme_2057,may_through_september,outdoor_temp_c,mean_operative_temp_c,0.5434583489617836,1853
phoenix_ssp585_mid_2050s_heatwave_extreme_2057,may_through_september,mean_operative_temp_c,discomfort_probability,0.9610288732479079,1853
phoenix_ssp585_mid_2050s_heatwave_extreme_2057,may_through_september,mean_operative_temp_c,warm_discomfort_probability,0.9664040605673659,1853
phoenix_ssp585_mid_2050s_heatwave_extreme_2057,may_through_september,mean_operative_temp_c,cold_discomfort_probability,-0.7861294227944428,1853
phoenix_ssp585_mid_2050s_heatwave_extreme_2057,may_through_september,zone_cooling_rate_w,discomfort_probability,0.2655974636076657,1853
phoenix_ssp585_mid_2050s_hot_2057,all_occupied_hours,outdoor_temp_c,mean_operative_temp_c,0.8190865855319688,4437
phoenix_ssp585_mid_2050s_hot_2057,all_occupied_hours,mean_operative_temp_c,discomfort_probability,0.8292352720945972,4437
phoenix_ssp585_mid_2050s_hot_2057,all_occupied_hours,mean_operative_temp_c,warm_discomfort_probability,0.7335227926865511,4437
phoenix_ssp585_mid_2050s_hot_2057,all_occupied_hours,mean_operative_temp_c,cold_discomfort_probability,-0.2233172368271599,4437
phoenix_ssp585_mid_2050s_hot_2057,all_occupied_hours,zone_cooling_rate_w,discomfort_probability,0.6098169233672517,4437
phoenix_ssp585_mid_2050s_hot_2057,outdoor_temp_ge_20_c,outdoor_temp_c,mean_operative_temp_c,0.7089009063018572,3361
phoenix_ssp585_mid_2050s_hot_2057,outdoor_temp_ge_20_c,mean_operative_temp_c,discomfort_probability,0.9068975017407931,3361
phoenix_ssp585_mid_2050s_hot_2057,outdoor_temp_ge_20_c,mean_operative_temp_c,warm_discomfort_probability,0.8481270182524325,3361
phoenix_ssp585_mid_2050s_hot_2057,outdoor_temp_ge_20_c,mean_operative_temp_c,cold_discomfort_probability,-0.41958140156803536,3361
phoenix_ssp585_mid_2050s_hot_2057,outdoor_temp_ge_20_c,zone_cooling_rate_w,discomfort_probability,0.5313279853672442,3361
phoenix_ssp585_mid_2050s_hot_2057,outdoor_temp_ge_25_c,outdoor_temp_c,mean_operative_temp_c,0.6297466069470478,2655
phoenix_ssp585_mid_2050s_hot_2057,outdoor_temp_ge_25_c,mean_operative_temp_c,discomfort_probability,0.9415008537818607,2655
phoenix_ssp585_mid_2050s_hot_2057,outdoor_temp_ge_25_c,mean_operative_temp_c,warm_discomfort_probability,0.9156606380779322,2655
phoenix_ssp585_mid_2050s_hot_2057,outdoor_temp_ge_25_c,mean_operative_temp_c,cold_discomfort_probability,-0.5728002929143844,2655
phoenix_ssp585_mid_2050s_hot_2057,outdoor_temp_ge_25_c,zone_cooling_rate_w,discomfort_probability,0.42545023181448655,2655
phoenix_ssp585_mid_2050s_hot_2057,may_through_september,outdoor_temp_c,mean_operative_temp_c,0.5434583489617836,1853
phoenix_ssp585_mid_2050s_hot_2057,may_through_september,mean_operative_temp_c,discomfort_probability,0.9610288732479079,1853
phoenix_ssp585_mid_2050s_hot_2057,may_through_september,mean_operative_temp_c,warm_discomfort_probability,0.9664040605673659,1853
phoenix_ssp585_mid_2050s_hot_2057,may_through_september,mean_operative_temp_c,cold_discomfort_probability,-0.7861294227944428,1853
phoenix_ssp585_mid_2050s_hot_2057,may_through_september,zone_cooling_rate_w,discomfort_probability,0.2655974636076657,1853
phoenix_ssp585_mid_2050s_typical_2050,all_occupied_hours,outdoor_temp_c,mean_operative_temp_c,0.8635352182549052,4437
phoenix_ssp585_mid_2050s_typical_2050,all_occupied_hours,mean_operative_temp_c,discomfort_probability,0.8204601503489611,4437
phoenix_ssp585_mid_2050s_typical_2050,all_occupied_hours,mean_operative_temp_c,warm_discomfort_probability,0.728814164189319,4437
phoenix_ssp585_mid_2050s_typical_2050,all_occupied_hours,mean_operative_temp_c,cold_discomfort_probability,-0.2922016176224169,4437
phoenix_ssp585_mid_2050s_typical_2050,all_occupied_hours,zone_cooling_rate_w,discomfort_probability,0.6484248322569325,4437
phoenix_ssp585_mid_2050s_typical_2050,outdoor_temp_ge_20_c,outdoor_temp_c,mean_operative_temp_c,0.7526627365536578,3066
phoenix_ssp585_mid_2050s_typical_2050,outdoor_temp_ge_20_c,mean_operative_temp_c,discomfort_probability,0.8553571867985014,3066
phoenix_ssp585_mid_2050s_typical_2050,outdoor_temp_ge_20_c,mean_operative_temp_c,warm_discomfort_probability,0.7809728683939948,3066
phoenix_ssp585_mid_2050s_typical_2050,outdoor_temp_ge_20_c,mean_operative_temp_c,cold_discomfort_probability,-0.38044311144548,3066
phoenix_ssp585_mid_2050s_typical_2050,outdoor_temp_ge_20_c,zone_cooling_rate_w,discomfort_probability,0.498316568082766,3066
phoenix_ssp585_mid_2050s_typical_2050,outdoor_temp_ge_25_c,outdoor_temp_c,mean_operative_temp_c,0.6783733098673586,2347
phoenix_ssp585_mid_2050s_typical_2050,outdoor_temp_ge_25_c,mean_operative_temp_c,discomfort_probability,0.9275116887012532,2347
phoenix_ssp585_mid_2050s_typical_2050,outdoor_temp_ge_25_c,mean_operative_temp_c,warm_discomfort_probability,0.8815468686058711,2347
phoenix_ssp585_mid_2050s_typical_2050,outdoor_temp_ge_25_c,mean_operative_temp_c,cold_discomfort_probability,-0.563778450888931,2347
phoenix_ssp585_mid_2050s_typical_2050,outdoor_temp_ge_25_c,zone_cooling_rate_w,discomfort_probability,0.3968227629738797,2347
phoenix_ssp585_mid_2050s_typical_2050,may_through_september,outdoor_temp_c,mean_operative_temp_c,0.6925673045118023,1853
phoenix_ssp585_mid_2050s_typical_2050,may_through_september,mean_operative_temp_c,discomfort_probability,0.9444674008127265,1853
phoenix_ssp585_mid_2050s_typical_2050,may_through_september,mean_operative_temp_c,warm_discomfort_probability,0.8982846058520899,1853
phoenix_ssp585_mid_2050s_typical_2050,may_through_september,mean_operative_temp_c,cold_discomfort_probability,-0.6061884521002252,1853
phoenix_ssp585_mid_2050s_typical_2050,may_through_september,zone_cooling_rate_w,discomfort_probability,0.33330009218430623,1853
phoenix_ssp585_near_2030s_heatwave_extreme_2033,all_occupied_hours,outdoor_temp_c,mean_operative_temp_c,0.8074068056304282,4437
phoenix_ssp585_near_2030s_heatwave_extreme_2033,all_occupied_hours,mean_operative_temp_c,discomfort_probability,0.848202663324877,4437
phoenix_ssp585_near_2030s_heatwave_extreme_2033,all_occupied_hours,mean_operative_temp_c,warm_discomfort_probability,0.7482935680273543,4437
phoenix_ssp585_near_2030s_heatwave_extreme_2033,all_occupied_hours,mean_operative_temp_c,cold_discomfort_probability,-0.26064565244372123,4437
phoenix_ssp585_near_2030s_heatwave_extreme_2033,all_occupied_hours,zone_cooling_rate_w,discomfort_probability,0.6394348184313615,4437
phoenix_ssp585_near_2030s_heatwave_extreme_2033,outdoor_temp_ge_20_c,outdoor_temp_c,mean_operative_temp_c,0.6653305223279821,3159
phoenix_ssp585_near_2030s_heatwave_extreme_2033,outdoor_temp_ge_20_c,mean_operative_temp_c,discomfort_probability,0.8917586547763353,3159
phoenix_ssp585_near_2030s_heatwave_extreme_2033,outdoor_temp_ge_20_c,mean_operative_temp_c,warm_discomfort_probability,0.8340283066205056,3159
phoenix_ssp585_near_2030s_heatwave_extreme_2033,outdoor_temp_ge_20_c,mean_operative_temp_c,cold_discomfort_probability,-0.45644260071552045,3159
phoenix_ssp585_near_2030s_heatwave_extreme_2033,outdoor_temp_ge_20_c,zone_cooling_rate_w,discomfort_probability,0.5067767876591631,3159
phoenix_ssp585_near_2030s_heatwave_extreme_2033,outdoor_temp_ge_25_c,outdoor_temp_c,mean_operative_temp_c,0.5816087848260196,2455
phoenix_ssp585_near_2030s_heatwave_extreme_2033,outdoor_temp_ge_25_c,mean_operative_temp_c,discomfort_probability,0.9327603879322564,2455
phoenix_ssp585_near_2030s_heatwave_extreme_2033,outdoor_temp_ge_25_c,mean_operative_temp_c,warm_discomfort_probability,0.90887369798026,2455
phoenix_ssp585_near_2030s_heatwave_extreme_2033,outdoor_temp_ge_25_c,mean_operative_temp_c,cold_discomfort_probability,-0.6266126029647394,2455
phoenix_ssp585_near_2030s_heatwave_extreme_2033,outdoor_temp_ge_25_c,zone_cooling_rate_w,discomfort_probability,0.41658960474134266,2455
phoenix_ssp585_near_2030s_heatwave_extreme_2033,may_through_september,outdoor_temp_c,mean_operative_temp_c,0.5313267261679728,1853
phoenix_ssp585_near_2030s_heatwave_extreme_2033,may_through_september,mean_operative_temp_c,discomfort_probability,0.9499451385245888,1853
phoenix_ssp585_near_2030s_heatwave_extreme_2033,may_through_september,mean_operative_temp_c,warm_discomfort_probability,0.9459136281837285,1853
phoenix_ssp585_near_2030s_heatwave_extreme_2033,may_through_september,mean_operative_temp_c,cold_discomfort_probability,-0.7821396098739332,1853
phoenix_ssp585_near_2030s_heatwave_extreme_2033,may_through_september,zone_cooling_rate_w,discomfort_probability,0.2931804892051245,1853
phoenix_ssp585_near_2030s_hot_2033,all_occupied_hours,outdoor_temp_c,mean_operative_temp_c,0.8074068056304282,4437
phoenix_ssp585_near_2030s_hot_2033,all_occupied_hours,mean_operative_temp_c,discomfort_probability,0.848202663324877,4437
phoenix_ssp585_near_2030s_hot_2033,all_occupied_hours,mean_operative_temp_c,warm_discomfort_probability,0.7482935680273543,4437
phoenix_ssp585_near_2030s_hot_2033,all_occupied_hours,mean_operative_temp_c,cold_discomfort_probability,-0.26064565244372123,4437
phoenix_ssp585_near_2030s_hot_2033,all_occupied_hours,zone_cooling_rate_w,discomfort_probability,0.6394348184313615,4437
phoenix_ssp585_near_2030s_hot_2033,outdoor_temp_ge_20_c,outdoor_temp_c,mean_operative_temp_c,0.6653305223279821,3159
phoenix_ssp585_near_2030s_hot_2033,outdoor_temp_ge_20_c,mean_operative_temp_c,discomfort_probability,0.8917586547763353,3159
phoenix_ssp585_near_2030s_hot_2033,outdoor_temp_ge_20_c,mean_operative_temp_c,warm_discomfort_probability,0.8340283066205056,3159
phoenix_ssp585_near_2030s_hot_2033,outdoor_temp_ge_20_c,mean_operative_temp_c,cold_discomfort_probability,-0.45644260071552045,3159
phoenix_ssp585_near_2030s_hot_2033,outdoor_temp_ge_20_c,zone_cooling_rate_w,discomfort_probability,0.5067767876591631,3159
phoenix_ssp585_near_2030s_hot_2033,outdoor_temp_ge_25_c,outdoor_temp_c,mean_operative_temp_c,0.5816087848260196,2455
phoenix_ssp585_near_2030s_hot_2033,outdoor_temp_ge_25_c,mean_operative_temp_c,discomfort_probability,0.9327603879322564,2455
phoenix_ssp585_near_2030s_hot_2033,outdoor_temp_ge_25_c,mean_operative_temp_c,warm_discomfort_probability,0.90887369798026,2455
phoenix_ssp585_near_2030s_hot_2033,outdoor_temp_ge_25_c,mean_operative_temp_c,cold_discomfort_probability,-0.6266126029647394,2455
phoenix_ssp585_near_2030s_hot_2033,outdoor_temp_ge_25_c,zone_cooling_rate_w,discomfort_probability,0.41658960474134266,2455
phoenix_ssp585_near_2030s_hot_2033,may_through_september,outdoor_temp_c,mean_operative_temp_c,0.5313267261679728,1853
phoenix_ssp585_near_2030s_hot_2033,may_through_september,mean_operative_temp_c,discomfort_probability,0.9499451385245888,1853
phoenix_ssp585_near_2030s_hot_2033,may_through_september,mean_operative_temp_c,warm_discomfort_probability,0.9459136281837285,1853
phoenix_ssp585_near_2030s_hot_2033,may_through_september,mean_operative_temp_c,cold_discomfort_probability,-0.7821396098739332,1853
phoenix_ssp585_near_2030s_hot_2033,may_through_september,zone_cooling_rate_w,discomfort_probability,0.2931804892051245,1853
phoenix_ssp585_near_2030s_typical_2034,all_occupied_hours,outdoor_temp_c,mean_operative_temp_c,0.8082899615072633,4437
phoenix_ssp585_near_2030s_typical_2034,all_occupied_hours,mean_operative_temp_c,discomfort_probability,0.8200820180834703,4437
phoenix_ssp585_near_2030s_typical_2034,all_occupied_hours,mean_operative_temp_c,warm_discomfort_probability,0.6925553512376215,4437
phoenix_ssp585_near_2030s_typical_2034,all_occupied_hours,mean_operative_temp_c,cold_discomfort_probability,-0.14054933400820385,4437
phoenix_ssp585_near_2030s_typical_2034,all_occupied_hours,zone_cooling_rate_w,discomfort_probability,0.6610378993611965,4437
phoenix_ssp585_near_2030s_typical_2034,outdoor_temp_ge_20_c,outdoor_temp_c,mean_operative_temp_c,0.6441140477889635,3150
phoenix_ssp585_near_2030s_typical_2034,outdoor_temp_ge_20_c,mean_operative_temp_c,discomfort_probability,0.8478528743795497,3150
phoenix_ssp585_near_2030s_typical_2034,outdoor_temp_ge_20_c,mean_operative_temp_c,warm_discomfort_probability,0.754900698352698,3150
phoenix_ssp585_near_2030s_typical_2034,outdoor_temp_ge_20_c,mean_operative_temp_c,cold_discomfort_probability,-0.26485216776098747,3150
phoenix_ssp585_near_2030s_typical_2034,outdoor_temp_ge_20_c,zone_cooling_rate_w,discomfort_probability,0.5462208038785511,3150
phoenix_ssp585_near_2030s_typical_2034,outdoor_temp_ge_25_c,outdoor_temp_c,mean_operative_temp_c,0.5318280281186426,2388
phoenix_ssp585_near_2030s_typical_2034,outdoor_temp_ge_25_c,mean_operative_temp_c,discomfort_probability,0.9027359313131372,2388
phoenix_ssp585_near_2030s_typical_2034,outdoor_temp_ge_25_c,mean_operative_temp_c,warm_discomfort_probability,0.856942245288016,2388
phoenix_ssp585_near_2030s_typical_2034,outdoor_temp_ge_25_c,mean_operative_temp_c,cold_discomfort_probability,-0.48864480925574777,2388
phoenix_ssp585_near_2030s_typical_2034,outdoor_temp_ge_25_c,zone_cooling_rate_w,discomfort_probability,0.4703488220080828,2388
phoenix_ssp585_near_2030s_typical_2034,may_through_september,outdoor_temp_c,mean_operative_temp_c,0.5059237622693801,1853
phoenix_ssp585_near_2030s_typical_2034,may_through_september,mean_operative_temp_c,discomfort_probability,0.9253822279162575,1853
phoenix_ssp585_near_2030s_typical_2034,may_through_september,mean_operative_temp_c,warm_discomfort_probability,0.9037404528524231,1853
phoenix_ssp585_near_2030s_typical_2034,may_through_september,mean_operative_temp_c,cold_discomfort_probability,-0.611444215738492,1853
phoenix_ssp585_near_2030s_typical_2034,may_through_september,zone_cooling_rate_w,discomfort_probability,0.3816778020869318,1853
