case_id,zone,position,floor,orientation,association,spearman_rho,n_hours
ahmedabad_ssp245_baseline_2020s_heatwave_extreme_2029,core_bottom,core,bottom,core,horizontal_GHI__zone_operative_temperature,0.2738267039929095,4437
ahmedabad_ssp245_baseline_2020s_heatwave_extreme_2029,core_bottom,core,bottom,core,horizontal_GHI__zone_p_tail,0.1830131477417345,4437
ahmedabad_ssp245_baseline_2020s_heatwave_extreme_2029,core_mid,core,middle,core,horizontal_GHI__zone_operative_temperature,0.22467337791141698,4437
ahmedabad_ssp245_baseline_2020s_heatwave_extreme_2029,core_mid,core,middle,core,horizontal_GHI__zone_p_tail,0.14546423417286608,4437
ahmedabad_ssp245_baseline_2020s_heatwave_extreme_2029,core_top,core,top,core,horizontal_GHI__zone_operative_temperature,0.2996897302645951,4437
ahmedabad_ssp245_baseline_2020s_heatwave_extreme_2029,core_top,core,top,core,horizontal_GHI__zone_p_tail,0.1988135347464388,4437
ahmedabad_ssp245_baseline_2020s_heatwave_extreme_2029,perimeter_top_zn_3,perimeter,top,north,horizontal_GHI__zone_operative_temperature,0.3692350043484711,4437
ahmedabad_ssp245_baseline_2020s_heatwave_extreme_2029,perimeter_top_zn_3,perimeter,top,north,horizontal_GHI__zone_p_tail,0.3600434183884077,4437
ahmedabad_ssp245_baseline_2020s_heatwave_extreme_2029,perimeter_top_zn_2,perimeter,top,east,horizontal_GHI__zone_operative_temperature,0.551907493021596,4437
ahmedabad_ssp245_baseline_2020s_heatwave_extreme_2029,perimeter_top_zn_2,perimeter,top,east,horizontal_GHI__zone_p_tail,0.5194121218935084,4437
ahmedabad_ssp245_baseline_2020s_heatwave_extreme_2029,perimeter_top_zn_1,perimeter,top,south,horizontal_GHI__zone_operative_temperature,0.5991578613141795,4437
ahmedabad_ssp245_baseline_2020s_heatwave_extreme_2029,perimeter_top_zn_1,perimeter,top,south,horizontal_GHI__zone_p_tail,0.5654981886971868,4437
ahmedabad_ssp245_baseline_2020s_heatwave_extreme_2029,perimeter_top_zn_4,perimeter,top,west,horizontal_GHI__zone_operative_temperature,0.3723389756748059,4437
ahmedabad_ssp245_baseline_2020s_heatwave_extreme_2029,perimeter_top_zn_4,perimeter,top,west,horizontal_GHI__zone_p_tail,0.2754256213485141,4437
ahmedabad_ssp245_baseline_2020s_heatwave_extreme_2029,perimeter_bot_zn_3,perimeter,bottom,north,horizontal_GHI__zone_operative_temperature,0.29251103708704623,4437
ahmedabad_ssp245_baseline_2020s_heatwave_extreme_2029,perimeter_bot_zn_3,perimeter,bottom,north,horizontal_GHI__zone_p_tail,0.2343576574184537,4437
ahmedabad_ssp245_baseline_2020s_heatwave_extreme_2029,perimeter_bot_zn_2,perimeter,bottom,east,horizontal_GHI__zone_operative_temperature,0.4469095331968289,4437
ahmedabad_ssp245_baseline_2020s_heatwave_extreme_2029,perimeter_bot_zn_2,perimeter,bottom,east,horizontal_GHI__zone_p_tail,0.48026754483652356,4437
ahmedabad_ssp245_baseline_2020s_heatwave_extreme_2029,perimeter_bot_zn_1,perimeter,bottom,south,horizontal_GHI__zone_operative_temperature,0.45518070111022996,4437
ahmedabad_ssp245_baseline_2020s_heatwave_extreme_2029,perimeter_bot_zn_1,perimeter,bottom,south,horizontal_GHI__zone_p_tail,0.4442797534722847,4437
ahmedabad_ssp245_baseline_2020s_heatwave_extreme_2029,perimeter_bot_zn_4,perimeter,bottom,west,horizontal_GHI__zone_operative_temperature,0.26760459313877355,4437
ahmedabad_ssp245_baseline_2020s_heatwave_extreme_2029,perimeter_bot_zn_4,perimeter,bottom,west,horizontal_GHI__zone_p_tail,0.19650325959906148,4437
ahmedabad_ssp245_baseline_2020s_heatwave_extreme_2029,perimeter_mid_zn_3,perimeter,middle,north,horizontal_GHI__zone_operative_temperature,0.33268084514256774,4437
ahmedabad_ssp245_baseline_2020s_heatwave_extreme_2029,perimeter_mid_zn_3,perimeter,middle,north,horizontal_GHI__zone_p_tail,0.32209642262316246,4437
ahmedabad_ssp245_baseline_2020s_heatwave_extreme_2029,perimeter_mid_zn_2,perimeter,middle,east,horizontal_GHI__zone_operative_temperature,0.5026476365408271,4437
ahmedabad_ssp245_baseline_2020s_heatwave_extreme_2029,perimeter_mid_zn_2,perimeter,middle,east,horizontal_GHI__zone_p_tail,0.4894812348008874,4437
ahmedabad_ssp245_baseline_2020s_heatwave_extreme_2029,perimeter_mid_zn_1,perimeter,middle,south,horizontal_GHI__zone_operative_temperature,0.5889515968444022,4437
ahmedabad_ssp245_baseline_2020s_heatwave_extreme_2029,perimeter_mid_zn_1,perimeter,middle,south,horizontal_GHI__zone_p_tail,0.5627315683099143,4437
ahmedabad_ssp245_baseline_2020s_heatwave_extreme_2029,perimeter_mid_zn_4,perimeter,middle,west,horizontal_GHI__zone_operative_temperature,0.33598412502382546,4437
ahmedabad_ssp245_baseline_2020s_heatwave_extreme_2029,perimeter_mid_zn_4,perimeter,middle,west,horizontal_GHI__zone_p_tail,0.2612882130091484,4437
ahmedabad_ssp245_baseline_2020s_hot_2029,core_bottom,core,bottom,core,horizontal_GHI__zone_operative_temperature,0.2738267039929095,4437
ahmedabad_ssp245_baseline_2020s_hot_2029,core_bottom,core,bottom,core,horizontal_GHI__zone_p_tail,0.1830131477417345,4437
ahmedabad_ssp245_baseline_2020s_hot_2029,core_mid,core,middle,core,horizontal_GHI__zone_operative_temperature,0.22467337791141698,4437
ahmedabad_ssp245_baseline_2020s_hot_2029,core_mid,core,middle,core,horizontal_GHI__zone_p_tail,0.14546423417286608,4437
ahmedabad_ssp245_baseline_2020s_hot_2029,core_top,core,top,core,horizontal_GHI__zone_operative_temperature,0.2996897302645951,4437
ahmedabad_ssp245_baseline_2020s_hot_2029,core_top,core,top,core,horizontal_GHI__zone_p_tail,0.1988135347464388,4437
ahmedabad_ssp245_baseline_2020s_hot_2029,perimeter_top_zn_3,perimeter,top,north,horizontal_GHI__zone_operative_temperature,0.3692350043484711,4437
ahmedabad_ssp245_baseline_2020s_hot_2029,perimeter_top_zn_3,perimeter,top,north,horizontal_GHI__zone_p_tail,0.3600434183884077,4437
ahmedabad_ssp245_baseline_2020s_hot_2029,perimeter_top_zn_2,perimeter,top,east,horizontal_GHI__zone_operative_temperature,0.551907493021596,4437
ahmedabad_ssp245_baseline_2020s_hot_2029,perimeter_top_zn_2,perimeter,top,east,horizontal_GHI__zone_p_tail,0.5194121218935084,4437
ahmedabad_ssp245_baseline_2020s_hot_2029,perimeter_top_zn_1,perimeter,top,south,horizontal_GHI__zone_operative_temperature,0.5991578613141795,4437
ahmedabad_ssp245_baseline_2020s_hot_2029,perimeter_top_zn_1,perimeter,top,south,horizontal_GHI__zone_p_tail,0.5654981886971868,4437
ahmedabad_ssp245_baseline_2020s_hot_2029,perimeter_top_zn_4,perimeter,top,west,horizontal_GHI__zone_operative_temperature,0.3723389756748059,4437
ahmedabad_ssp245_baseline_2020s_hot_2029,perimeter_top_zn_4,perimeter,top,west,horizontal_GHI__zone_p_tail,0.2754256213485141,4437
ahmedabad_ssp245_baseline_2020s_hot_2029,perimeter_bot_zn_3,perimeter,bottom,north,horizontal_GHI__zone_operative_temperature,0.29251103708704623,4437
ahmedabad_ssp245_baseline_2020s_hot_2029,perimeter_bot_zn_3,perimeter,bottom,north,horizontal_GHI__zone_p_tail,0.2343576574184537,4437
ahmedabad_ssp245_baseline_2020s_hot_2029,perimeter_bot_zn_2,perimeter,bottom,east,horizontal_GHI__zone_operative_temperature,0.4469095331968289,4437
ahmedabad_ssp245_baseline_2020s_hot_2029,perimeter_bot_zn_2,perimeter,bottom,east,horizontal_GHI__zone_p_tail,0.48026754483652356,4437
ahmedabad_ssp245_baseline_2020s_hot_2029,perimeter_bot_zn_1,perimeter,bottom,south,horizontal_GHI__zone_operative_temperature,0.45518070111022996,4437
ahmedabad_ssp245_baseline_2020s_hot_2029,perimeter_bot_zn_1,perimeter,bottom,south,horizontal_GHI__zone_p_tail,0.4442797534722847,4437
ahmedabad_ssp245_baseline_2020s_hot_2029,perimeter_bot_zn_4,perimeter,bottom,west,horizontal_GHI__zone_operative_temperature,0.26760459313877355,4437
ahmedabad_ssp245_baseline_2020s_hot_2029,perimeter_bot_zn_4,perimeter,bottom,west,horizontal_GHI__zone_p_tail,0.19650325959906148,4437
ahmedabad_ssp245_baseline_2020s_hot_2029,perimeter_mid_zn_3,perimeter,middle,north,horizontal_GHI__zone_operative_temperature,0.33268084514256774,4437
ahmedabad_ssp245_baseline_2020s_hot_2029,perimeter_mid_zn_3,perimeter,middle,north,horizontal_GHI__zone_p_tail,0.32209642262316246,4437
ahmedabad_ssp245_baseline_2020s_hot_2029,perimeter_mid_zn_2,perimeter,middle,east,horizontal_GHI__zone_operative_temperature,0.5026476365408271,4437
ahmedabad_ssp245_baseline_2020s_hot_2029,perimeter_mid_zn_2,perimeter,middle,east,horizontal_GHI__zone_p_tail,0.4894812348008874,4437
ahmedabad_ssp245_baseline_2020s_hot_2029,perimeter_mid_zn_1,perimeter,middle,south,horizontal_GHI__zone_operative_temperature,0.5889515968444022,4437
ahmedabad_ssp245_baseline_2020s_hot_2029,perimeter_mid_zn_1,perimeter,middle,south,horizontal_GHI__zone_p_tail,0.5627315683099143,4437
ahmedabad_ssp245_baseline_2020s_hot_2029,perimeter_mid_zn_4,perimeter,middle,west,horizontal_GHI__zone_operative_temperature,0.33598412502382546,4437
ahmedabad_ssp245_baseline_2020s_hot_2029,perimeter_mid_zn_4,perimeter,middle,west,horizontal_GHI__zone_p_tail,0.2612882130091484,4437
ahmedabad_ssp245_baseline_2020s_typical_2025,core_bottom,core,bottom,core,horizontal_GHI__zone_operative_temperature,0.3117027446635793,4437
ahmedabad_ssp245_baseline_2020s_typical_2025,core_bottom,core,bottom,core,horizontal_GHI__zone_p_tail,0.18704459821078498,4437
ahmedabad_ssp245_baseline_2020s_typical_2025,core_mid,core,middle,core,horizontal_GHI__zone_operative_temperature,0.2712681347959473,4437
ahmedabad_ssp245_baseline_2020s_typical_2025,core_mid,core,middle,core,horizontal_GHI__zone_p_tail,0.17132892208983241,4437
ahmedabad_ssp245_baseline_2020s_typical_2025,core_top,core,top,core,horizontal_GHI__zone_operative_temperature,0.36323571342094074,4437
ahmedabad_ssp245_baseline_2020s_typical_2025,core_top,core,top,core,horizontal_GHI__zone_p_tail,0.24853960760992538,4437
ahmedabad_ssp245_baseline_2020s_typical_2025,perimeter_top_zn_3,perimeter,top,north,horizontal_GHI__zone_operative_temperature,0.4447646775204058,4437
ahmedabad_ssp245_baseline_2020s_typical_2025,perimeter_top_zn_3,perimeter,top,north,horizontal_GHI__zone_p_tail,0.42684266410403654,4437
ahmedabad_ssp245_baseline_2020s_typical_2025,perimeter_top_zn_2,perimeter,top,east,horizontal_GHI__zone_operative_temperature,0.628003219275548,4437
ahmedabad_ssp245_baseline_2020s_typical_2025,perimeter_top_zn_2,perimeter,top,east,horizontal_GHI__zone_p_tail,0.591357380873707,4437
ahmedabad_ssp245_baseline_2020s_typical_2025,perimeter_top_zn_1,perimeter,top,south,horizontal_GHI__zone_operative_temperature,0.6509612115376734,4437
ahmedabad_ssp245_baseline_2020s_typical_2025,perimeter_top_zn_1,perimeter,top,south,horizontal_GHI__zone_p_tail,0.5960047787254882,4437
ahmedabad_ssp245_baseline_2020s_typical_2025,perimeter_top_zn_4,perimeter,top,west,horizontal_GHI__zone_operative_temperature,0.4286892703749517,4437
ahmedabad_ssp245_baseline_2020s_typical_2025,perimeter_top_zn_4,perimeter,top,west,horizontal_GHI__zone_p_tail,0.33773607114661014,4437
ahmedabad_ssp245_baseline_2020s_typical_2025,perimeter_bot_zn_3,perimeter,bottom,north,horizontal_GHI__zone_operative_temperature,0.36118536888042935,4437
ahmedabad_ssp245_baseline_2020s_typical_2025,perimeter_bot_zn_3,perimeter,bottom,north,horizontal_GHI__zone_p_tail,0.316596740358249,4437
ahmedabad_ssp245_baseline_2020s_typical_2025,perimeter_bot_zn_2,perimeter,bottom,east,horizontal_GHI__zone_operative_temperature,0.5410887137901927,4437
ahmedabad_ssp245_baseline_2020s_typical_2025,perimeter_bot_zn_2,perimeter,bottom,east,horizontal_GHI__zone_p_tail,0.4897120076345168,4437
ahmedabad_ssp245_baseline_2020s_typical_2025,perimeter_bot_zn_1,perimeter,bottom,south,horizontal_GHI__zone_operative_temperature,0.5394279676008636,4437
ahmedabad_ssp245_baseline_2020s_typical_2025,perimeter_bot_zn_1,perimeter,bottom,south,horizontal_GHI__zone_p_tail,0.5121856243995956,4437
ahmedabad_ssp245_baseline_2020s_typical_2025,perimeter_bot_zn_4,perimeter,bottom,west,horizontal_GHI__zone_operative_temperature,0.32498633460698767,4437
ahmedabad_ssp245_baseline_2020s_typical_2025,perimeter_bot_zn_4,perimeter,bottom,west,horizontal_GHI__zone_p_tail,0.22386172271098978,4437
ahmedabad_ssp245_baseline_2020s_typical_2025,perimeter_mid_zn_3,perimeter,middle,north,horizontal_GHI__zone_operative_temperature,0.4073218864612484,4437
ahmedabad_ssp245_baseline_2020s_typical_2025,perimeter_mid_zn_3,perimeter,middle,north,horizontal_GHI__zone_p_tail,0.3882313708723483,4437
ahmedabad_ssp245_baseline_2020s_typical_2025,perimeter_mid_zn_2,perimeter,middle,east,horizontal_GHI__zone_operative_temperature,0.5861854046355552,4437
ahmedabad_ssp245_baseline_2020s_typical_2025,perimeter_mid_zn_2,perimeter,middle,east,horizontal_GHI__zone_p_tail,0.5527853000818046,4437
ahmedabad_ssp245_baseline_2020s_typical_2025,perimeter_mid_zn_1,perimeter,middle,south,horizontal_GHI__zone_operative_temperature,0.6562606916245586,4437
ahmedabad_ssp245_baseline_2020s_typical_2025,perimeter_mid_zn_1,perimeter,middle,south,horizontal_GHI__zone_p_tail,0.6099918615507209,4437
ahmedabad_ssp245_baseline_2020s_typical_2025,perimeter_mid_zn_4,perimeter,middle,west,horizontal_GHI__zone_operative_temperature,0.3970083361868246,4437
ahmedabad_ssp245_baseline_2020s_typical_2025,perimeter_mid_zn_4,perimeter,middle,west,horizontal_GHI__zone_p_tail,0.3077716246145774,4437
ahmedabad_ssp245_late_2080s_heatwave_extreme_2081,core_bottom,core,bottom,core,horizontal_GHI__zone_operative_temperature,0.30443732285827346,4437
ahmedabad_ssp245_late_2080s_heatwave_extreme_2081,core_bottom,core,bottom,core,horizontal_GHI__zone_p_tail,0.20648348648672885,4437
ahmedabad_ssp245_late_2080s_heatwave_extreme_2081,core_mid,core,middle,core,horizontal_GHI__zone_operative_temperature,0.25833613886723106,4437
ahmedabad_ssp245_late_2080s_heatwave_extreme_2081,core_mid,core,middle,core,horizontal_GHI__zone_p_tail,0.18672060755750833,4437
ahmedabad_ssp245_late_2080s_heatwave_extreme_2081,core_top,core,top,core,horizontal_GHI__zone_operative_temperature,0.32291399411981514,4437
ahmedabad_ssp245_late_2080s_heatwave_extreme_2081,core_top,core,top,core,horizontal_GHI__zone_p_tail,0.22752161715554703,4437
ahmedabad_ssp245_late_2080s_heatwave_extreme_2081,perimeter_top_zn_3,perimeter,top,north,horizontal_GHI__zone_operative_temperature,0.393410669646428,4437
ahmedabad_ssp245_late_2080s_heatwave_extreme_2081,perimeter_top_zn_3,perimeter,top,north,horizontal_GHI__zone_p_tail,0.36158025423698975,4437
ahmedabad_ssp245_late_2080s_heatwave_extreme_2081,perimeter_top_zn_2,perimeter,top,east,horizontal_GHI__zone_operative_temperature,0.5562673636945941,4437
ahmedabad_ssp245_late_2080s_heatwave_extreme_2081,perimeter_top_zn_2,perimeter,top,east,horizontal_GHI__zone_p_tail,0.5006021310382895,4437
ahmedabad_ssp245_late_2080s_heatwave_extreme_2081,perimeter_top_zn_1,perimeter,top,south,horizontal_GHI__zone_operative_temperature,0.6378327542784974,4437
ahmedabad_ssp245_late_2080s_heatwave_extreme_2081,perimeter_top_zn_1,perimeter,top,south,horizontal_GHI__zone_p_tail,0.6174697795647232,4437
ahmedabad_ssp245_late_2080s_heatwave_extreme_2081,perimeter_top_zn_4,perimeter,top,west,horizontal_GHI__zone_operative_temperature,0.3853359640334233,4437
ahmedabad_ssp245_late_2080s_heatwave_extreme_2081,perimeter_top_zn_4,perimeter,top,west,horizontal_GHI__zone_p_tail,0.2923249780400352,4437
ahmedabad_ssp245_late_2080s_heatwave_extreme_2081,perimeter_bot_zn_3,perimeter,bottom,north,horizontal_GHI__zone_operative_temperature,0.3294267148698676,4437
ahmedabad_ssp245_late_2080s_heatwave_extreme_2081,perimeter_bot_zn_3,perimeter,bottom,north,horizontal_GHI__zone_p_tail,0.28376034720473925,4437
ahmedabad_ssp245_late_2080s_heatwave_extreme_2081,perimeter_bot_zn_2,perimeter,bottom,east,horizontal_GHI__zone_operative_temperature,0.49275460525743886,4437
ahmedabad_ssp245_late_2080s_heatwave_extreme_2081,perimeter_bot_zn_2,perimeter,bottom,east,horizontal_GHI__zone_p_tail,0.46247400337195005,4437
ahmedabad_ssp245_late_2080s_heatwave_extreme_2081,perimeter_bot_zn_1,perimeter,bottom,south,horizontal_GHI__zone_operative_temperature,0.577046674498942,4437
ahmedabad_ssp245_late_2080s_heatwave_extreme_2081,perimeter_bot_zn_1,perimeter,bottom,south,horizontal_GHI__zone_p_tail,0.5653163637494695,4437
ahmedabad_ssp245_late_2080s_heatwave_extreme_2081,perimeter_bot_zn_4,perimeter,bottom,west,horizontal_GHI__zone_operative_temperature,0.3016390051958461,4437
ahmedabad_ssp245_late_2080s_heatwave_extreme_2081,perimeter_bot_zn_4,perimeter,bottom,west,horizontal_GHI__zone_p_tail,0.2146447723074778,4437
ahmedabad_ssp245_late_2080s_heatwave_extreme_2081,perimeter_mid_zn_3,perimeter,middle,north,horizontal_GHI__zone_operative_temperature,0.36259929936708724,4437
ahmedabad_ssp245_late_2080s_heatwave_extreme_2081,perimeter_mid_zn_3,perimeter,middle,north,horizontal_GHI__zone_p_tail,0.3395492380357524,4437
ahmedabad_ssp245_late_2080s_heatwave_extreme_2081,perimeter_mid_zn_2,perimeter,middle,east,horizontal_GHI__zone_operative_temperature,0.5186945971046963,4437
ahmedabad_ssp245_late_2080s_heatwave_extreme_2081,perimeter_mid_zn_2,perimeter,middle,east,horizontal_GHI__zone_p_tail,0.4734127263776866,4437
ahmedabad_ssp245_late_2080s_heatwave_extreme_2081,perimeter_mid_zn_1,perimeter,middle,south,horizontal_GHI__zone_operative_temperature,0.6473363154577237,4437
ahmedabad_ssp245_late_2080s_heatwave_extreme_2081,perimeter_mid_zn_1,perimeter,middle,south,horizontal_GHI__zone_p_tail,0.6350441507451767,4437
ahmedabad_ssp245_late_2080s_heatwave_extreme_2081,perimeter_mid_zn_4,perimeter,middle,west,horizontal_GHI__zone_operative_temperature,0.3543186998277437,4437
ahmedabad_ssp245_late_2080s_heatwave_extreme_2081,perimeter_mid_zn_4,perimeter,middle,west,horizontal_GHI__zone_p_tail,0.2806122078747951,4437
ahmedabad_ssp245_late_2080s_hot_2081,core_bottom,core,bottom,core,horizontal_GHI__zone_operative_temperature,0.30443732285827346,4437
ahmedabad_ssp245_late_2080s_hot_2081,core_bottom,core,bottom,core,horizontal_GHI__zone_p_tail,0.20648348648672885,4437
ahmedabad_ssp245_late_2080s_hot_2081,core_mid,core,middle,core,horizontal_GHI__zone_operative_temperature,0.25833613886723106,4437
ahmedabad_ssp245_late_2080s_hot_2081,core_mid,core,middle,core,horizontal_GHI__zone_p_tail,0.18672060755750833,4437
ahmedabad_ssp245_late_2080s_hot_2081,core_top,core,top,core,horizontal_GHI__zone_operative_temperature,0.32291399411981514,4437
ahmedabad_ssp245_late_2080s_hot_2081,core_top,core,top,core,horizontal_GHI__zone_p_tail,0.22752161715554703,4437
ahmedabad_ssp245_late_2080s_hot_2081,perimeter_top_zn_3,perimeter,top,north,horizontal_GHI__zone_operative_temperature,0.393410669646428,4437
ahmedabad_ssp245_late_2080s_hot_2081,perimeter_top_zn_3,perimeter,top,north,horizontal_GHI__zone_p_tail,0.36158025423698975,4437
ahmedabad_ssp245_late_2080s_hot_2081,perimeter_top_zn_2,perimeter,top,east,horizontal_GHI__zone_operative_temperature,0.5562673636945941,4437
ahmedabad_ssp245_late_2080s_hot_2081,perimeter_top_zn_2,perimeter,top,east,horizontal_GHI__zone_p_tail,0.5006021310382895,4437
ahmedabad_ssp245_late_2080s_hot_2081,perimeter_top_zn_1,perimeter,top,south,horizontal_GHI__zone_operative_temperature,0.6378327542784974,4437
ahmedabad_ssp245_late_2080s_hot_2081,perimeter_top_zn_1,perimeter,top,south,horizontal_GHI__zone_p_tail,0.6174697795647232,4437
ahmedabad_ssp245_late_2080s_hot_2081,perimeter_top_zn_4,perimeter,top,west,horizontal_GHI__zone_operative_temperature,0.3853359640334233,4437
ahmedabad_ssp245_late_2080s_hot_2081,perimeter_top_zn_4,perimeter,top,west,horizontal_GHI__zone_p_tail,0.2923249780400352,4437
ahmedabad_ssp245_late_2080s_hot_2081,perimeter_bot_zn_3,perimeter,bottom,north,horizontal_GHI__zone_operative_temperature,0.3294267148698676,4437
ahmedabad_ssp245_late_2080s_hot_2081,perimeter_bot_zn_3,perimeter,bottom,north,horizontal_GHI__zone_p_tail,0.28376034720473925,4437
ahmedabad_ssp245_late_2080s_hot_2081,perimeter_bot_zn_2,perimeter,bottom,east,horizontal_GHI__zone_operative_temperature,0.49275460525743886,4437
ahmedabad_ssp245_late_2080s_hot_2081,perimeter_bot_zn_2,perimeter,bottom,east,horizontal_GHI__zone_p_tail,0.46247400337195005,4437
ahmedabad_ssp245_late_2080s_hot_2081,perimeter_bot_zn_1,perimeter,bottom,south,horizontal_GHI__zone_operative_temperature,0.577046674498942,4437
ahmedabad_ssp245_late_2080s_hot_2081,perimeter_bot_zn_1,perimeter,bottom,south,horizontal_GHI__zone_p_tail,0.5653163637494695,4437
ahmedabad_ssp245_late_2080s_hot_2081,perimeter_bot_zn_4,perimeter,bottom,west,horizontal_GHI__zone_operative_temperature,0.3016390051958461,4437
ahmedabad_ssp245_late_2080s_hot_2081,perimeter_bot_zn_4,perimeter,bottom,west,horizontal_GHI__zone_p_tail,0.2146447723074778,4437
ahmedabad_ssp245_late_2080s_hot_2081,perimeter_mid_zn_3,perimeter,middle,north,horizontal_GHI__zone_operative_temperature,0.36259929936708724,4437
ahmedabad_ssp245_late_2080s_hot_2081,perimeter_mid_zn_3,perimeter,middle,north,horizontal_GHI__zone_p_tail,0.3395492380357524,4437
ahmedabad_ssp245_late_2080s_hot_2081,perimeter_mid_zn_2,perimeter,middle,east,horizontal_GHI__zone_operative_temperature,0.5186945971046963,4437
ahmedabad_ssp245_late_2080s_hot_2081,perimeter_mid_zn_2,perimeter,middle,east,horizontal_GHI__zone_p_tail,0.4734127263776866,4437
ahmedabad_ssp245_late_2080s_hot_2081,perimeter_mid_zn_1,perimeter,middle,south,horizontal_GHI__zone_operative_temperature,0.6473363154577237,4437
ahmedabad_ssp245_late_2080s_hot_2081,perimeter_mid_zn_1,perimeter,middle,south,horizontal_GHI__zone_p_tail,0.6350441507451767,4437
ahmedabad_ssp245_late_2080s_hot_2081,perimeter_mid_zn_4,perimeter,middle,west,horizontal_GHI__zone_operative_temperature,0.3543186998277437,4437
ahmedabad_ssp245_late_2080s_hot_2081,perimeter_mid_zn_4,perimeter,middle,west,horizontal_GHI__zone_p_tail,0.2806122078747951,4437
ahmedabad_ssp245_late_2080s_typical_2086,core_bottom,core,bottom,core,horizontal_GHI__zone_operative_temperature,0.3493123260595864,4437
ahmedabad_ssp245_late_2080s_typical_2086,core_bottom,core,bottom,core,horizontal_GHI__zone_p_tail,0.24478598569138194,4437
ahmedabad_ssp245_late_2080s_typical_2086,core_mid,core,middle,core,horizontal_GHI__zone_operative_temperature,0.3086016796491368,4437
ahmedabad_ssp245_late_2080s_typical_2086,core_mid,core,middle,core,horizontal_GHI__zone_p_tail,0.19767211261423573,4437
ahmedabad_ssp245_late_2080s_typical_2086,core_top,core,top,core,horizontal_GHI__zone_operative_temperature,0.3892900598169992,4437
ahmedabad_ssp245_late_2080s_typical_2086,core_top,core,top,core,horizontal_GHI__zone_p_tail,0.25086240279253025,4437
ahmedabad_ssp245_late_2080s_typical_2086,perimeter_top_zn_3,perimeter,top,north,horizontal_GHI__zone_operative_temperature,0.4566098912143526,4437
ahmedabad_ssp245_late_2080s_typical_2086,perimeter_top_zn_3,perimeter,top,north,horizontal_GHI__zone_p_tail,0.41114729111386783,4437
ahmedabad_ssp245_late_2080s_typical_2086,perimeter_top_zn_2,perimeter,top,east,horizontal_GHI__zone_operative_temperature,0.6091338289412636,4437
ahmedabad_ssp245_late_2080s_typical_2086,perimeter_top_zn_2,perimeter,top,east,horizontal_GHI__zone_p_tail,0.5564287891938784,4437
ahmedabad_ssp245_late_2080s_typical_2086,perimeter_top_zn_1,perimeter,top,south,horizontal_GHI__zone_operative_temperature,0.6516196846469662,4437
ahmedabad_ssp245_late_2080s_typical_2086,perimeter_top_zn_1,perimeter,top,south,horizontal_GHI__zone_p_tail,0.607312136826161,4437
ahmedabad_ssp245_late_2080s_typical_2086,perimeter_top_zn_4,perimeter,top,west,horizontal_GHI__zone_operative_temperature,0.4350931437284419,4437
ahmedabad_ssp245_late_2080s_typical_2086,perimeter_top_zn_4,perimeter,top,west,horizontal_GHI__zone_p_tail,0.36083667817148285,4437
ahmedabad_ssp245_late_2080s_typical_2086,perimeter_bot_zn_3,perimeter,bottom,north,horizontal_GHI__zone_operative_temperature,0.39694506587931305,4437
ahmedabad_ssp245_late_2080s_typical_2086,perimeter_bot_zn_3,perimeter,bottom,north,horizontal_GHI__zone_p_tail,0.3332540882361634,4437
ahmedabad_ssp245_late_2080s_typical_2086,perimeter_bot_zn_2,perimeter,bottom,east,horizontal_GHI__zone_operative_temperature,0.5576997803331187,4437
ahmedabad_ssp245_late_2080s_typical_2086,perimeter_bot_zn_2,perimeter,bottom,east,horizontal_GHI__zone_p_tail,0.5173201338405157,4437
ahmedabad_ssp245_late_2080s_typical_2086,perimeter_bot_zn_1,perimeter,bottom,south,horizontal_GHI__zone_operative_temperature,0.6011756305241872,4437
ahmedabad_ssp245_late_2080s_typical_2086,perimeter_bot_zn_1,perimeter,bottom,south,horizontal_GHI__zone_p_tail,0.5739509386567603,4437
ahmedabad_ssp245_late_2080s_typical_2086,perimeter_bot_zn_4,perimeter,bottom,west,horizontal_GHI__zone_operative_temperature,0.3593728323115717,4437
ahmedabad_ssp245_late_2080s_typical_2086,perimeter_bot_zn_4,perimeter,bottom,west,horizontal_GHI__zone_p_tail,0.25776798377209637,4437
ahmedabad_ssp245_late_2080s_typical_2086,perimeter_mid_zn_3,perimeter,middle,north,horizontal_GHI__zone_operative_temperature,0.4271872341277888,4437
ahmedabad_ssp245_late_2080s_typical_2086,perimeter_mid_zn_3,perimeter,middle,north,horizontal_GHI__zone_p_tail,0.39078382706169573,4437
ahmedabad_ssp245_late_2080s_typical_2086,perimeter_mid_zn_2,perimeter,middle,east,horizontal_GHI__zone_operative_temperature,0.5784353697561665,4437
ahmedabad_ssp245_late_2080s_typical_2086,perimeter_mid_zn_2,perimeter,middle,east,horizontal_GHI__zone_p_tail,0.529360075370764,4437
ahmedabad_ssp245_late_2080s_typical_2086,perimeter_mid_zn_1,perimeter,middle,south,horizontal_GHI__zone_operative_temperature,0.6646826439067157,4437
ahmedabad_ssp245_late_2080s_typical_2086,perimeter_mid_zn_1,perimeter,middle,south,horizontal_GHI__zone_p_tail,0.6295739832682574,4437
ahmedabad_ssp245_late_2080s_typical_2086,perimeter_mid_zn_4,perimeter,middle,west,horizontal_GHI__zone_operative_temperature,0.41112695073062194,4437
ahmedabad_ssp245_late_2080s_typical_2086,perimeter_mid_zn_4,perimeter,middle,west,horizontal_GHI__zone_p_tail,0.3307802420593465,4437
ahmedabad_ssp245_mid_2050s_heatwave_extreme_2059,core_bottom,core,bottom,core,horizontal_GHI__zone_operative_temperature,0.32064937569058344,4437
ahmedabad_ssp245_mid_2050s_heatwave_extreme_2059,core_bottom,core,bottom,core,horizontal_GHI__zone_p_tail,0.22705345417134293,4437
ahmedabad_ssp245_mid_2050s_heatwave_extreme_2059,core_mid,core,middle,core,horizontal_GHI__zone_operative_temperature,0.29189018563234675,4437
ahmedabad_ssp245_mid_2050s_heatwave_extreme_2059,core_mid,core,middle,core,horizontal_GHI__zone_p_tail,0.1997971998082034,4437
ahmedabad_ssp245_mid_2050s_heatwave_extreme_2059,core_top,core,top,core,horizontal_GHI__zone_operative_temperature,0.3624423192783669,4437
ahmedabad_ssp245_mid_2050s_heatwave_extreme_2059,core_top,core,top,core,horizontal_GHI__zone_p_tail,0.2223144145697811,4437
ahmedabad_ssp245_mid_2050s_heatwave_extreme_2059,perimeter_top_zn_3,perimeter,top,north,horizontal_GHI__zone_operative_temperature,0.4269464101730286,4437
ahmedabad_ssp245_mid_2050s_heatwave_extreme_2059,perimeter_top_zn_3,perimeter,top,north,horizontal_GHI__zone_p_tail,0.36179902152751103,4437
ahmedabad_ssp245_mid_2050s_heatwave_extreme_2059,perimeter_top_zn_2,perimeter,top,east,horizontal_GHI__zone_operative_temperature,0.5705305610780452,4437
ahmedabad_ssp245_mid_2050s_heatwave_extreme_2059,perimeter_top_zn_2,perimeter,top,east,horizontal_GHI__zone_p_tail,0.5048066669919481,4437
ahmedabad_ssp245_mid_2050s_heatwave_extreme_2059,perimeter_top_zn_1,perimeter,top,south,horizontal_GHI__zone_operative_temperature,0.6199447179511586,4437
ahmedabad_ssp245_mid_2050s_heatwave_extreme_2059,perimeter_top_zn_1,perimeter,top,south,horizontal_GHI__zone_p_tail,0.5737430534085376,4437
ahmedabad_ssp245_mid_2050s_heatwave_extreme_2059,perimeter_top_zn_4,perimeter,top,west,horizontal_GHI__zone_operative_temperature,0.4080954103187479,4437
ahmedabad_ssp245_mid_2050s_heatwave_extreme_2059,perimeter_top_zn_4,perimeter,top,west,horizontal_GHI__zone_p_tail,0.31588771438838925,4437
ahmedabad_ssp245_mid_2050s_heatwave_extreme_2059,perimeter_bot_zn_3,perimeter,bottom,north,horizontal_GHI__zone_operative_temperature,0.34765357846228645,4437
ahmedabad_ssp245_mid_2050s_heatwave_extreme_2059,perimeter_bot_zn_3,perimeter,bottom,north,horizontal_GHI__zone_p_tail,0.28244861775900026,4437
ahmedabad_ssp245_mid_2050s_heatwave_extreme_2059,perimeter_bot_zn_2,perimeter,bottom,east,horizontal_GHI__zone_operative_temperature,0.5038030127417019,4437
ahmedabad_ssp245_mid_2050s_heatwave_extreme_2059,perimeter_bot_zn_2,perimeter,bottom,east,horizontal_GHI__zone_p_tail,0.4566299004849285,4437
ahmedabad_ssp245_mid_2050s_heatwave_extreme_2059,perimeter_bot_zn_1,perimeter,bottom,south,horizontal_GHI__zone_operative_temperature,0.5531920957676298,4437
ahmedabad_ssp245_mid_2050s_heatwave_extreme_2059,perimeter_bot_zn_1,perimeter,bottom,south,horizontal_GHI__zone_p_tail,0.5331668722902874,4437
ahmedabad_ssp245_mid_2050s_heatwave_extreme_2059,perimeter_bot_zn_4,perimeter,bottom,west,horizontal_GHI__zone_operative_temperature,0.32163854955056836,4437
ahmedabad_ssp245_mid_2050s_heatwave_extreme_2059,perimeter_bot_zn_4,perimeter,bottom,west,horizontal_GHI__zone_p_tail,0.2352467858470799,4437
ahmedabad_ssp245_mid_2050s_heatwave_extreme_2059,perimeter_mid_zn_3,perimeter,middle,north,horizontal_GHI__zone_operative_temperature,0.3960751327773983,4437
ahmedabad_ssp245_mid_2050s_heatwave_extreme_2059,perimeter_mid_zn_3,perimeter,middle,north,horizontal_GHI__zone_p_tail,0.3381017800707958,4437
ahmedabad_ssp245_mid_2050s_heatwave_extreme_2059,perimeter_mid_zn_2,perimeter,middle,east,horizontal_GHI__zone_operative_temperature,0.5391067636994635,4437
ahmedabad_ssp245_mid_2050s_heatwave_extreme_2059,perimeter_mid_zn_2,perimeter,middle,east,horizontal_GHI__zone_p_tail,0.47597698991151954,4437
ahmedabad_ssp245_mid_2050s_heatwave_extreme_2059,perimeter_mid_zn_1,perimeter,middle,south,horizontal_GHI__zone_operative_temperature,0.6325435981658747,4437
ahmedabad_ssp245_mid_2050s_heatwave_extreme_2059,perimeter_mid_zn_1,perimeter,middle,south,horizontal_GHI__zone_p_tail,0.5918341363013968,4437
ahmedabad_ssp245_mid_2050s_heatwave_extreme_2059,perimeter_mid_zn_4,perimeter,middle,west,horizontal_GHI__zone_operative_temperature,0.38114323218991414,4437
ahmedabad_ssp245_mid_2050s_heatwave_extreme_2059,perimeter_mid_zn_4,perimeter,middle,west,horizontal_GHI__zone_p_tail,0.29645936106330034,4437
ahmedabad_ssp245_mid_2050s_hot_2059,core_bottom,core,bottom,core,horizontal_GHI__zone_operative_temperature,0.32064937569058344,4437
ahmedabad_ssp245_mid_2050s_hot_2059,core_bottom,core,bottom,core,horizontal_GHI__zone_p_tail,0.22705345417134293,4437
ahmedabad_ssp245_mid_2050s_hot_2059,core_mid,core,middle,core,horizontal_GHI__zone_operative_temperature,0.29189018563234675,4437
ahmedabad_ssp245_mid_2050s_hot_2059,core_mid,core,middle,core,horizontal_GHI__zone_p_tail,0.1997971998082034,4437
ahmedabad_ssp245_mid_2050s_hot_2059,core_top,core,top,core,horizontal_GHI__zone_operative_temperature,0.3624423192783669,4437
ahmedabad_ssp245_mid_2050s_hot_2059,core_top,core,top,core,horizontal_GHI__zone_p_tail,0.2223144145697811,4437
ahmedabad_ssp245_mid_2050s_hot_2059,perimeter_top_zn_3,perimeter,top,north,horizontal_GHI__zone_operative_temperature,0.4269464101730286,4437
ahmedabad_ssp245_mid_2050s_hot_2059,perimeter_top_zn_3,perimeter,top,north,horizontal_GHI__zone_p_tail,0.36179902152751103,4437
ahmedabad_ssp245_mid_2050s_hot_2059,perimeter_top_zn_2,perimeter,top,east,horizontal_GHI__zone_operative_temperature,0.5705305610780452,4437
ahmedabad_ssp245_mid_2050s_hot_2059,perimeter_top_zn_2,perimeter,top,east,horizontal_GHI__zone_p_tail,0.5048066669919481,4437
ahmedabad_ssp245_mid_2050s_hot_2059,perimeter_top_zn_1,perimeter,top,south,horizontal_GHI__zone_operative_temperature,0.6199447179511586,4437
ahmedabad_ssp245_mid_2050s_hot_2059,perimeter_top_zn_1,perimeter,top,south,horizontal_GHI__zone_p_tail,0.5737430534085376,4437
ahmedabad_ssp245_mid_2050s_hot_2059,perimeter_top_zn_4,perimeter,top,west,horizontal_GHI__zone_operative_temperature,0.4080954103187479,4437
ahmedabad_ssp245_mid_2050s_hot_2059,perimeter_top_zn_4,perimeter,top,west,horizontal_GHI__zone_p_tail,0.31588771438838925,4437
ahmedabad_ssp245_mid_2050s_hot_2059,perimeter_bot_zn_3,perimeter,bottom,north,horizontal_GHI__zone_operative_temperature,0.34765357846228645,4437
ahmedabad_ssp245_mid_2050s_hot_2059,perimeter_bot_zn_3,perimeter,bottom,north,horizontal_GHI__zone_p_tail,0.28244861775900026,4437
ahmedabad_ssp245_mid_2050s_hot_2059,perimeter_bot_zn_2,perimeter,bottom,east,horizontal_GHI__zone_operative_temperature,0.5038030127417019,4437
ahmedabad_ssp245_mid_2050s_hot_2059,perimeter_bot_zn_2,perimeter,bottom,east,horizontal_GHI__zone_p_tail,0.4566299004849285,4437
ahmedabad_ssp245_mid_2050s_hot_2059,perimeter_bot_zn_1,perimeter,bottom,south,horizontal_GHI__zone_operative_temperature,0.5531920957676298,4437
ahmedabad_ssp245_mid_2050s_hot_2059,perimeter_bot_zn_1,perimeter,bottom,south,horizontal_GHI__zone_p_tail,0.5331668722902874,4437
ahmedabad_ssp245_mid_2050s_hot_2059,perimeter_bot_zn_4,perimeter,bottom,west,horizontal_GHI__zone_operative_temperature,0.32163854955056836,4437
ahmedabad_ssp245_mid_2050s_hot_2059,perimeter_bot_zn_4,perimeter,bottom,west,horizontal_GHI__zone_p_tail,0.2352467858470799,4437
ahmedabad_ssp245_mid_2050s_hot_2059,perimeter_mid_zn_3,perimeter,middle,north,horizontal_GHI__zone_operative_temperature,0.3960751327773983,4437
ahmedabad_ssp245_mid_2050s_hot_2059,perimeter_mid_zn_3,perimeter,middle,north,horizontal_GHI__zone_p_tail,0.3381017800707958,4437
ahmedabad_ssp245_mid_2050s_hot_2059,perimeter_mid_zn_2,perimeter,middle,east,horizontal_GHI__zone_operative_temperature,0.5391067636994635,4437
ahmedabad_ssp245_mid_2050s_hot_2059,perimeter_mid_zn_2,perimeter,middle,east,horizontal_GHI__zone_p_tail,0.47597698991151954,4437
ahmedabad_ssp245_mid_2050s_hot_2059,perimeter_mid_zn_1,perimeter,middle,south,horizontal_GHI__zone_operative_temperature,0.6325435981658747,4437
ahmedabad_ssp245_mid_2050s_hot_2059,perimeter_mid_zn_1,perimeter,middle,south,horizontal_GHI__zone_p_tail,0.5918341363013968,4437
ahmedabad_ssp245_mid_2050s_hot_2059,perimeter_mid_zn_4,perimeter,middle,west,horizontal_GHI__zone_operative_temperature,0.38114323218991414,4437
ahmedabad_ssp245_mid_2050s_hot_2059,perimeter_mid_zn_4,perimeter,middle,west,horizontal_GHI__zone_p_tail,0.29645936106330034,4437
ahmedabad_ssp245_mid_2050s_typical_2058,core_bottom,core,bottom,core,horizontal_GHI__zone_operative_temperature,0.3089687659559868,4437
ahmedabad_ssp245_mid_2050s_typical_2058,core_bottom,core,bottom,core,horizontal_GHI__zone_p_tail,0.14787364993436639,4437
ahmedabad_ssp245_mid_2050s_typical_2058,core_mid,core,middle,core,horizontal_GHI__zone_operative_temperature,0.2614010718836956,4437
ahmedabad_ssp245_mid_2050s_typical_2058,core_mid,core,middle,core,horizontal_GHI__zone_p_tail,0.145499650701587,4437
ahmedabad_ssp245_mid_2050s_typical_2058,core_top,core,top,core,horizontal_GHI__zone_operative_temperature,0.3557148374960487,4437
ahmedabad_ssp245_mid_2050s_typical_2058,core_top,core,top,core,horizontal_GHI__zone_p_tail,0.20975936312123994,4437
ahmedabad_ssp245_mid_2050s_typical_2058,perimeter_top_zn_3,perimeter,top,north,horizontal_GHI__zone_operative_temperature,0.426237584372577,4437
ahmedabad_ssp245_mid_2050s_typical_2058,perimeter_top_zn_3,perimeter,top,north,horizontal_GHI__zone_p_tail,0.4130140179070081,4437
ahmedabad_ssp245_mid_2050s_typical_2058,perimeter_top_zn_2,perimeter,top,east,horizontal_GHI__zone_operative_temperature,0.6121922747857761,4437
ahmedabad_ssp245_mid_2050s_typical_2058,perimeter_top_zn_2,perimeter,top,east,horizontal_GHI__zone_p_tail,0.559257029594983,4437
ahmedabad_ssp245_mid_2050s_typical_2058,perimeter_top_zn_1,perimeter,top,south,horizontal_GHI__zone_operative_temperature,0.6562556303287934,4437
ahmedabad_ssp245_mid_2050s_typical_2058,perimeter_top_zn_1,perimeter,top,south,horizontal_GHI__zone_p_tail,0.5862070281880922,4437
ahmedabad_ssp245_mid_2050s_typical_2058,perimeter_top_zn_4,perimeter,top,west,horizontal_GHI__zone_operative_temperature,0.4128854909344052,4437
ahmedabad_ssp245_mid_2050s_typical_2058,perimeter_top_zn_4,perimeter,top,west,horizontal_GHI__zone_p_tail,0.3344506683785415,4437
ahmedabad_ssp245_mid_2050s_typical_2058,perimeter_bot_zn_3,perimeter,bottom,north,horizontal_GHI__zone_operative_temperature,0.3512943787405471,4437
ahmedabad_ssp245_mid_2050s_typical_2058,perimeter_bot_zn_3,perimeter,bottom,north,horizontal_GHI__zone_p_tail,0.3154947081415608,4437
ahmedabad_ssp245_mid_2050s_typical_2058,perimeter_bot_zn_2,perimeter,bottom,east,horizontal_GHI__zone_operative_temperature,0.544819938439593,4437
ahmedabad_ssp245_mid_2050s_typical_2058,perimeter_bot_zn_2,perimeter,bottom,east,horizontal_GHI__zone_p_tail,0.5059241491237044,4437
ahmedabad_ssp245_mid_2050s_typical_2058,perimeter_bot_zn_1,perimeter,bottom,south,horizontal_GHI__zone_operative_temperature,0.5685061114948883,4437
ahmedabad_ssp245_mid_2050s_typical_2058,perimeter_bot_zn_1,perimeter,bottom,south,horizontal_GHI__zone_p_tail,0.5308047589133799,4437
ahmedabad_ssp245_mid_2050s_typical_2058,perimeter_bot_zn_4,perimeter,bottom,west,horizontal_GHI__zone_operative_temperature,0.31949746275348195,4437
ahmedabad_ssp245_mid_2050s_typical_2058,perimeter_bot_zn_4,perimeter,bottom,west,horizontal_GHI__zone_p_tail,0.21430159195980322,4437
ahmedabad_ssp245_mid_2050s_typical_2058,perimeter_mid_zn_3,perimeter,middle,north,horizontal_GHI__zone_operative_temperature,0.3855626075725857,4437
ahmedabad_ssp245_mid_2050s_typical_2058,perimeter_mid_zn_3,perimeter,middle,north,horizontal_GHI__zone_p_tail,0.38473576910687907,4437
ahmedabad_ssp245_mid_2050s_typical_2058,perimeter_mid_zn_2,perimeter,middle,east,horizontal_GHI__zone_operative_temperature,0.5736834131801398,4437
ahmedabad_ssp245_mid_2050s_typical_2058,perimeter_mid_zn_2,perimeter,middle,east,horizontal_GHI__zone_p_tail,0.5161276038944504,4437
ahmedabad_ssp245_mid_2050s_typical_2058,perimeter_mid_zn_1,perimeter,middle,south,horizontal_GHI__zone_operative_temperature,0.6637225604270054,4437
ahmedabad_ssp245_mid_2050s_typical_2058,perimeter_mid_zn_1,perimeter,middle,south,horizontal_GHI__zone_p_tail,0.6069451057622733,4437
ahmedabad_ssp245_mid_2050s_typical_2058,perimeter_mid_zn_4,perimeter,middle,west,horizontal_GHI__zone_operative_temperature,0.3832176977589667,4437
ahmedabad_ssp245_mid_2050s_typical_2058,perimeter_mid_zn_4,perimeter,middle,west,horizontal_GHI__zone_p_tail,0.3042031121614273,4437
ahmedabad_ssp245_near_2030s_heatwave_extreme_2034,core_bottom,core,bottom,core,horizontal_GHI__zone_operative_temperature,0.312805462977118,4437
ahmedabad_ssp245_near_2030s_heatwave_extreme_2034,core_bottom,core,bottom,core,horizontal_GHI__zone_p_tail,0.20065739337044566,4437
ahmedabad_ssp245_near_2030s_heatwave_extreme_2034,core_mid,core,middle,core,horizontal_GHI__zone_operative_temperature,0.266171382591632,4437
ahmedabad_ssp245_near_2030s_heatwave_extreme_2034,core_mid,core,middle,core,horizontal_GHI__zone_p_tail,0.17414247796299956,4437
ahmedabad_ssp245_near_2030s_heatwave_extreme_2034,core_top,core,top,core,horizontal_GHI__zone_operative_temperature,0.35553995070339056,4437
ahmedabad_ssp245_near_2030s_heatwave_extreme_2034,core_top,core,top,core,horizontal_GHI__zone_p_tail,0.21476567612106587,4437
ahmedabad_ssp245_near_2030s_heatwave_extreme_2034,perimeter_top_zn_3,perimeter,top,north,horizontal_GHI__zone_operative_temperature,0.4241967218646961,4437
ahmedabad_ssp245_near_2030s_heatwave_extreme_2034,perimeter_top_zn_3,perimeter,top,north,horizontal_GHI__zone_p_tail,0.37827703653082095,4437
ahmedabad_ssp245_near_2030s_heatwave_extreme_2034,perimeter_top_zn_2,perimeter,top,east,horizontal_GHI__zone_operative_temperature,0.5859999401077358,4437
ahmedabad_ssp245_near_2030s_heatwave_extreme_2034,perimeter_top_zn_2,perimeter,top,east,horizontal_GHI__zone_p_tail,0.5345815677783158,4437
ahmedabad_ssp245_near_2030s_heatwave_extreme_2034,perimeter_top_zn_1,perimeter,top,south,horizontal_GHI__zone_operative_temperature,0.6217304419526666,4437
ahmedabad_ssp245_near_2030s_heatwave_extreme_2034,perimeter_top_zn_1,perimeter,top,south,horizontal_GHI__zone_p_tail,0.5644327195356179,4437
ahmedabad_ssp245_near_2030s_heatwave_extreme_2034,perimeter_top_zn_4,perimeter,top,west,horizontal_GHI__zone_operative_temperature,0.404725662789708,4437
ahmedabad_ssp245_near_2030s_heatwave_extreme_2034,perimeter_top_zn_4,perimeter,top,west,horizontal_GHI__zone_p_tail,0.32328687930028777,4437
ahmedabad_ssp245_near_2030s_heatwave_extreme_2034,perimeter_bot_zn_3,perimeter,bottom,north,horizontal_GHI__zone_operative_temperature,0.33301916841995954,4437
ahmedabad_ssp245_near_2030s_heatwave_extreme_2034,perimeter_bot_zn_3,perimeter,bottom,north,horizontal_GHI__zone_p_tail,0.2694287553189219,4437
ahmedabad_ssp245_near_2030s_heatwave_extreme_2034,perimeter_bot_zn_2,perimeter,bottom,east,horizontal_GHI__zone_operative_temperature,0.5056061669481212,4437
ahmedabad_ssp245_near_2030s_heatwave_extreme_2034,perimeter_bot_zn_2,perimeter,bottom,east,horizontal_GHI__zone_p_tail,0.4794109180504955,4437
ahmedabad_ssp245_near_2030s_heatwave_extreme_2034,perimeter_bot_zn_1,perimeter,bottom,south,horizontal_GHI__zone_operative_temperature,0.5174609611057285,4437
ahmedabad_ssp245_near_2030s_heatwave_extreme_2034,perimeter_bot_zn_1,perimeter,bottom,south,horizontal_GHI__zone_p_tail,0.4992134556725206,4437
ahmedabad_ssp245_near_2030s_heatwave_extreme_2034,perimeter_bot_zn_4,perimeter,bottom,west,horizontal_GHI__zone_operative_temperature,0.30272208355716546,4437
ahmedabad_ssp245_near_2030s_heatwave_extreme_2034,perimeter_bot_zn_4,perimeter,bottom,west,horizontal_GHI__zone_p_tail,0.22229298135657474,4437
ahmedabad_ssp245_near_2030s_heatwave_extreme_2034,perimeter_mid_zn_3,perimeter,middle,north,horizontal_GHI__zone_operative_temperature,0.3826695311645342,4437
ahmedabad_ssp245_near_2030s_heatwave_extreme_2034,perimeter_mid_zn_3,perimeter,middle,north,horizontal_GHI__zone_p_tail,0.3456002668787479,4437
ahmedabad_ssp245_near_2030s_heatwave_extreme_2034,perimeter_mid_zn_2,perimeter,middle,east,horizontal_GHI__zone_operative_temperature,0.5499437934219851,4437
ahmedabad_ssp245_near_2030s_heatwave_extreme_2034,perimeter_mid_zn_2,perimeter,middle,east,horizontal_GHI__zone_p_tail,0.5008639574385912,4437
ahmedabad_ssp245_near_2030s_heatwave_extreme_2034,perimeter_mid_zn_1,perimeter,middle,south,horizontal_GHI__zone_operative_temperature,0.6297187671918022,4437
ahmedabad_ssp245_near_2030s_heatwave_extreme_2034,perimeter_mid_zn_1,perimeter,middle,south,horizontal_GHI__zone_p_tail,0.5846374228442571,4437
ahmedabad_ssp245_near_2030s_heatwave_extreme_2034,perimeter_mid_zn_4,perimeter,middle,west,horizontal_GHI__zone_operative_temperature,0.3719251250823533,4437
ahmedabad_ssp245_near_2030s_heatwave_extreme_2034,perimeter_mid_zn_4,perimeter,middle,west,horizontal_GHI__zone_p_tail,0.29963929894410773,4437
ahmedabad_ssp245_near_2030s_hot_2034,core_bottom,core,bottom,core,horizontal_GHI__zone_operative_temperature,0.312805462977118,4437
ahmedabad_ssp245_near_2030s_hot_2034,core_bottom,core,bottom,core,horizontal_GHI__zone_p_tail,0.20065739337044566,4437
ahmedabad_ssp245_near_2030s_hot_2034,core_mid,core,middle,core,horizontal_GHI__zone_operative_temperature,0.266171382591632,4437
ahmedabad_ssp245_near_2030s_hot_2034,core_mid,core,middle,core,horizontal_GHI__zone_p_tail,0.17414247796299956,4437
ahmedabad_ssp245_near_2030s_hot_2034,core_top,core,top,core,horizontal_GHI__zone_operative_temperature,0.35553995070339056,4437
ahmedabad_ssp245_near_2030s_hot_2034,core_top,core,top,core,horizontal_GHI__zone_p_tail,0.21476567612106587,4437
ahmedabad_ssp245_near_2030s_hot_2034,perimeter_top_zn_3,perimeter,top,north,horizontal_GHI__zone_operative_temperature,0.4241967218646961,4437
ahmedabad_ssp245_near_2030s_hot_2034,perimeter_top_zn_3,perimeter,top,north,horizontal_GHI__zone_p_tail,0.37827703653082095,4437
ahmedabad_ssp245_near_2030s_hot_2034,perimeter_top_zn_2,perimeter,top,east,horizontal_GHI__zone_operative_temperature,0.5859999401077358,4437
ahmedabad_ssp245_near_2030s_hot_2034,perimeter_top_zn_2,perimeter,top,east,horizontal_GHI__zone_p_tail,0.5345815677783158,4437
ahmedabad_ssp245_near_2030s_hot_2034,perimeter_top_zn_1,perimeter,top,south,horizontal_GHI__zone_operative_temperature,0.6217304419526666,4437
ahmedabad_ssp245_near_2030s_hot_2034,perimeter_top_zn_1,perimeter,top,south,horizontal_GHI__zone_p_tail,0.5644327195356179,4437
ahmedabad_ssp245_near_2030s_hot_2034,perimeter_top_zn_4,perimeter,top,west,horizontal_GHI__zone_operative_temperature,0.404725662789708,4437
ahmedabad_ssp245_near_2030s_hot_2034,perimeter_top_zn_4,perimeter,top,west,horizontal_GHI__zone_p_tail,0.32328687930028777,4437
ahmedabad_ssp245_near_2030s_hot_2034,perimeter_bot_zn_3,perimeter,bottom,north,horizontal_GHI__zone_operative_temperature,0.33301916841995954,4437
ahmedabad_ssp245_near_2030s_hot_2034,perimeter_bot_zn_3,perimeter,bottom,north,horizontal_GHI__zone_p_tail,0.2694287553189219,4437
ahmedabad_ssp245_near_2030s_hot_2034,perimeter_bot_zn_2,perimeter,bottom,east,horizontal_GHI__zone_operative_temperature,0.5056061669481212,4437
ahmedabad_ssp245_near_2030s_hot_2034,perimeter_bot_zn_2,perimeter,bottom,east,horizontal_GHI__zone_p_tail,0.4794109180504955,4437
ahmedabad_ssp245_near_2030s_hot_2034,perimeter_bot_zn_1,perimeter,bottom,south,horizontal_GHI__zone_operative_temperature,0.5174609611057285,4437
ahmedabad_ssp245_near_2030s_hot_2034,perimeter_bot_zn_1,perimeter,bottom,south,horizontal_GHI__zone_p_tail,0.4992134556725206,4437
ahmedabad_ssp245_near_2030s_hot_2034,perimeter_bot_zn_4,perimeter,bottom,west,horizontal_GHI__zone_operative_temperature,0.30272208355716546,4437
ahmedabad_ssp245_near_2030s_hot_2034,perimeter_bot_zn_4,perimeter,bottom,west,horizontal_GHI__zone_p_tail,0.22229298135657474,4437
ahmedabad_ssp245_near_2030s_hot_2034,perimeter_mid_zn_3,perimeter,middle,north,horizontal_GHI__zone_operative_temperature,0.3826695311645342,4437
ahmedabad_ssp245_near_2030s_hot_2034,perimeter_mid_zn_3,perimeter,middle,north,horizontal_GHI__zone_p_tail,0.3456002668787479,4437
ahmedabad_ssp245_near_2030s_hot_2034,perimeter_mid_zn_2,perimeter,middle,east,horizontal_GHI__zone_operative_temperature,0.5499437934219851,4437
ahmedabad_ssp245_near_2030s_hot_2034,perimeter_mid_zn_2,perimeter,middle,east,horizontal_GHI__zone_p_tail,0.5008639574385912,4437
ahmedabad_ssp245_near_2030s_hot_2034,perimeter_mid_zn_1,perimeter,middle,south,horizontal_GHI__zone_operative_temperature,0.6297187671918022,4437
ahmedabad_ssp245_near_2030s_hot_2034,perimeter_mid_zn_1,perimeter,middle,south,horizontal_GHI__zone_p_tail,0.5846374228442571,4437
ahmedabad_ssp245_near_2030s_hot_2034,perimeter_mid_zn_4,perimeter,middle,west,horizontal_GHI__zone_operative_temperature,0.3719251250823533,4437
ahmedabad_ssp245_near_2030s_hot_2034,perimeter_mid_zn_4,perimeter,middle,west,horizontal_GHI__zone_p_tail,0.29963929894410773,4437
ahmedabad_ssp245_near_2030s_typical_2032,core_bottom,core,bottom,core,horizontal_GHI__zone_operative_temperature,0.31591915484858935,4437
ahmedabad_ssp245_near_2030s_typical_2032,core_bottom,core,bottom,core,horizontal_GHI__zone_p_tail,0.14972988215859778,4437
ahmedabad_ssp245_near_2030s_typical_2032,core_mid,core,middle,core,horizontal_GHI__zone_operative_temperature,0.27577180183229894,4437
ahmedabad_ssp245_near_2030s_typical_2032,core_mid,core,middle,core,horizontal_GHI__zone_p_tail,0.16364690507884636,4437
ahmedabad_ssp245_near_2030s_typical_2032,core_top,core,top,core,horizontal_GHI__zone_operative_temperature,0.3600848829804003,4437
ahmedabad_ssp245_near_2030s_typical_2032,core_top,core,top,core,horizontal_GHI__zone_p_tail,0.20091380652822893,4437
ahmedabad_ssp245_near_2030s_typical_2032,perimeter_top_zn_3,perimeter,top,north,horizontal_GHI__zone_operative_temperature,0.4100619370869448,4437
ahmedabad_ssp245_near_2030s_typical_2032,perimeter_top_zn_3,perimeter,top,north,horizontal_GHI__zone_p_tail,0.38997217512351695,4437
ahmedabad_ssp245_near_2030s_typical_2032,perimeter_top_zn_2,perimeter,top,east,horizontal_GHI__zone_operative_temperature,0.5985239266124089,4437
ahmedabad_ssp245_near_2030s_typical_2032,perimeter_top_zn_2,perimeter,top,east,horizontal_GHI__zone_p_tail,0.5280982275997759,4437
ahmedabad_ssp245_near_2030s_typical_2032,perimeter_top_zn_1,perimeter,top,south,horizontal_GHI__zone_operative_temperature,0.6430256616274107,4437
ahmedabad_ssp245_near_2030s_typical_2032,perimeter_top_zn_1,perimeter,top,south,horizontal_GHI__zone_p_tail,0.5644067704930923,4437
ahmedabad_ssp245_near_2030s_typical_2032,perimeter_top_zn_4,perimeter,top,west,horizontal_GHI__zone_operative_temperature,0.4032949013441679,4437
ahmedabad_ssp245_near_2030s_typical_2032,perimeter_top_zn_4,perimeter,top,west,horizontal_GHI__zone_p_tail,0.30867563741056153,4437
ahmedabad_ssp245_near_2030s_typical_2032,perimeter_bot_zn_3,perimeter,bottom,north,horizontal_GHI__zone_operative_temperature,0.32779380962029936,4437
ahmedabad_ssp245_near_2030s_typical_2032,perimeter_bot_zn_3,perimeter,bottom,north,horizontal_GHI__zone_p_tail,0.25702819993867315,4437
ahmedabad_ssp245_near_2030s_typical_2032,perimeter_bot_zn_2,perimeter,bottom,east,horizontal_GHI__zone_operative_temperature,0.5116461288236441,4437
ahmedabad_ssp245_near_2030s_typical_2032,perimeter_bot_zn_2,perimeter,bottom,east,horizontal_GHI__zone_p_tail,0.4728172100210006,4437
ahmedabad_ssp245_near_2030s_typical_2032,perimeter_bot_zn_1,perimeter,bottom,south,horizontal_GHI__zone_operative_temperature,0.545118143943593,4437
ahmedabad_ssp245_near_2030s_typical_2032,perimeter_bot_zn_1,perimeter,bottom,south,horizontal_GHI__zone_p_tail,0.5124765104385076,4437
ahmedabad_ssp245_near_2030s_typical_2032,perimeter_bot_zn_4,perimeter,bottom,west,horizontal_GHI__zone_operative_temperature,0.30144708001042037,4437
ahmedabad_ssp245_near_2030s_typical_2032,perimeter_bot_zn_4,perimeter,bottom,west,horizontal_GHI__zone_p_tail,0.18698867980963343,4437
ahmedabad_ssp245_near_2030s_typical_2032,perimeter_mid_zn_3,perimeter,middle,north,horizontal_GHI__zone_operative_temperature,0.3745736615319853,4437
ahmedabad_ssp245_near_2030s_typical_2032,perimeter_mid_zn_3,perimeter,middle,north,horizontal_GHI__zone_p_tail,0.3640749358412096,4437
ahmedabad_ssp245_near_2030s_typical_2032,perimeter_mid_zn_2,perimeter,middle,east,horizontal_GHI__zone_operative_temperature,0.559212551704679,4437
ahmedabad_ssp245_near_2030s_typical_2032,perimeter_mid_zn_2,perimeter,middle,east,horizontal_GHI__zone_p_tail,0.4982876214686462,4437
ahmedabad_ssp245_near_2030s_typical_2032,perimeter_mid_zn_1,perimeter,middle,south,horizontal_GHI__zone_operative_temperature,0.6482640015917773,4437
ahmedabad_ssp245_near_2030s_typical_2032,perimeter_mid_zn_1,perimeter,middle,south,horizontal_GHI__zone_p_tail,0.5925313739942563,4437
ahmedabad_ssp245_near_2030s_typical_2032,perimeter_mid_zn_4,perimeter,middle,west,horizontal_GHI__zone_operative_temperature,0.37395453648961874,4437
ahmedabad_ssp245_near_2030s_typical_2032,perimeter_mid_zn_4,perimeter,middle,west,horizontal_GHI__zone_p_tail,0.2818493287619314,4437
ahmedabad_ssp585_baseline_2020s_heatwave_extreme_2027,core_bottom,core,bottom,core,horizontal_GHI__zone_operative_temperature,0.31336766227421553,4437
ahmedabad_ssp585_baseline_2020s_heatwave_extreme_2027,core_bottom,core,bottom,core,horizontal_GHI__zone_p_tail,0.16973901644060035,4437
ahmedabad_ssp585_baseline_2020s_heatwave_extreme_2027,core_mid,core,middle,core,horizontal_GHI__zone_operative_temperature,0.2732846899787397,4437
ahmedabad_ssp585_baseline_2020s_heatwave_extreme_2027,core_mid,core,middle,core,horizontal_GHI__zone_p_tail,0.17443841603171853,4437
ahmedabad_ssp585_baseline_2020s_heatwave_extreme_2027,core_top,core,top,core,horizontal_GHI__zone_operative_temperature,0.33160346736974206,4437
ahmedabad_ssp585_baseline_2020s_heatwave_extreme_2027,core_top,core,top,core,horizontal_GHI__zone_p_tail,0.2075392462479868,4437
ahmedabad_ssp585_baseline_2020s_heatwave_extreme_2027,perimeter_top_zn_3,perimeter,top,north,horizontal_GHI__zone_operative_temperature,0.38821083958867675,4437
ahmedabad_ssp585_baseline_2020s_heatwave_extreme_2027,perimeter_top_zn_3,perimeter,top,north,horizontal_GHI__zone_p_tail,0.3327843044656013,4437
ahmedabad_ssp585_baseline_2020s_heatwave_extreme_2027,perimeter_top_zn_2,perimeter,top,east,horizontal_GHI__zone_operative_temperature,0.5418632110109174,4437
ahmedabad_ssp585_baseline_2020s_heatwave_extreme_2027,perimeter_top_zn_2,perimeter,top,east,horizontal_GHI__zone_p_tail,0.4673382914082449,4437
ahmedabad_ssp585_baseline_2020s_heatwave_extreme_2027,perimeter_top_zn_1,perimeter,top,south,horizontal_GHI__zone_operative_temperature,0.5977567761510297,4437
ahmedabad_ssp585_baseline_2020s_heatwave_extreme_2027,perimeter_top_zn_1,perimeter,top,south,horizontal_GHI__zone_p_tail,0.5651655510594157,4437
ahmedabad_ssp585_baseline_2020s_heatwave_extreme_2027,perimeter_top_zn_4,perimeter,top,west,horizontal_GHI__zone_operative_temperature,0.3837651085769196,4437
ahmedabad_ssp585_baseline_2020s_heatwave_extreme_2027,perimeter_top_zn_4,perimeter,top,west,horizontal_GHI__zone_p_tail,0.2797151342868709,4437
ahmedabad_ssp585_baseline_2020s_heatwave_extreme_2027,perimeter_bot_zn_3,perimeter,bottom,north,horizontal_GHI__zone_operative_temperature,0.32289146391771434,4437
ahmedabad_ssp585_baseline_2020s_heatwave_extreme_2027,perimeter_bot_zn_3,perimeter,bottom,north,horizontal_GHI__zone_p_tail,0.23634672413462296,4437
ahmedabad_ssp585_baseline_2020s_heatwave_extreme_2027,perimeter_bot_zn_2,perimeter,bottom,east,horizontal_GHI__zone_operative_temperature,0.45386755310458055,4437
ahmedabad_ssp585_baseline_2020s_heatwave_extreme_2027,perimeter_bot_zn_2,perimeter,bottom,east,horizontal_GHI__zone_p_tail,0.3915058596222838,4437
ahmedabad_ssp585_baseline_2020s_heatwave_extreme_2027,perimeter_bot_zn_1,perimeter,bottom,south,horizontal_GHI__zone_operative_temperature,0.48419130546678324,4437
ahmedabad_ssp585_baseline_2020s_heatwave_extreme_2027,perimeter_bot_zn_1,perimeter,bottom,south,horizontal_GHI__zone_p_tail,0.45919900218500675,4437
ahmedabad_ssp585_baseline_2020s_heatwave_extreme_2027,perimeter_bot_zn_4,perimeter,bottom,west,horizontal_GHI__zone_operative_temperature,0.29546657098635415,4437
ahmedabad_ssp585_baseline_2020s_heatwave_extreme_2027,perimeter_bot_zn_4,perimeter,bottom,west,horizontal_GHI__zone_p_tail,0.18438988569699113,4437
ahmedabad_ssp585_baseline_2020s_heatwave_extreme_2027,perimeter_mid_zn_3,perimeter,middle,north,horizontal_GHI__zone_operative_temperature,0.36644531530491314,4437
ahmedabad_ssp585_baseline_2020s_heatwave_extreme_2027,perimeter_mid_zn_3,perimeter,middle,north,horizontal_GHI__zone_p_tail,0.312564532342626,4437
ahmedabad_ssp585_baseline_2020s_heatwave_extreme_2027,perimeter_mid_zn_2,perimeter,middle,east,horizontal_GHI__zone_operative_temperature,0.5059239520330688,4437
ahmedabad_ssp585_baseline_2020s_heatwave_extreme_2027,perimeter_mid_zn_2,perimeter,middle,east,horizontal_GHI__zone_p_tail,0.4309517227606921,4437
ahmedabad_ssp585_baseline_2020s_heatwave_extreme_2027,perimeter_mid_zn_1,perimeter,middle,south,horizontal_GHI__zone_operative_temperature,0.5928356875295707,4437
ahmedabad_ssp585_baseline_2020s_heatwave_extreme_2027,perimeter_mid_zn_1,perimeter,middle,south,horizontal_GHI__zone_p_tail,0.5688628893736757,4437
ahmedabad_ssp585_baseline_2020s_heatwave_extreme_2027,perimeter_mid_zn_4,perimeter,middle,west,horizontal_GHI__zone_operative_temperature,0.35778190732175447,4437
ahmedabad_ssp585_baseline_2020s_heatwave_extreme_2027,perimeter_mid_zn_4,perimeter,middle,west,horizontal_GHI__zone_p_tail,0.2643433223947093,4437
ahmedabad_ssp585_baseline_2020s_hot_2027,core_bottom,core,bottom,core,horizontal_GHI__zone_operative_temperature,0.31336766227421553,4437
ahmedabad_ssp585_baseline_2020s_hot_2027,core_bottom,core,bottom,core,horizontal_GHI__zone_p_tail,0.16973901644060035,4437
ahmedabad_ssp585_baseline_2020s_hot_2027,core_mid,core,middle,core,horizontal_GHI__zone_operative_temperature,0.2732846899787397,4437
ahmedabad_ssp585_baseline_2020s_hot_2027,core_mid,core,middle,core,horizontal_GHI__zone_p_tail,0.17443841603171853,4437
ahmedabad_ssp585_baseline_2020s_hot_2027,core_top,core,top,core,horizontal_GHI__zone_operative_temperature,0.33160346736974206,4437
ahmedabad_ssp585_baseline_2020s_hot_2027,core_top,core,top,core,horizontal_GHI__zone_p_tail,0.2075392462479868,4437
ahmedabad_ssp585_baseline_2020s_hot_2027,perimeter_top_zn_3,perimeter,top,north,horizontal_GHI__zone_operative_temperature,0.38821083958867675,4437
ahmedabad_ssp585_baseline_2020s_hot_2027,perimeter_top_zn_3,perimeter,top,north,horizontal_GHI__zone_p_tail,0.3327843044656013,4437
ahmedabad_ssp585_baseline_2020s_hot_2027,perimeter_top_zn_2,perimeter,top,east,horizontal_GHI__zone_operative_temperature,0.5418632110109174,4437
ahmedabad_ssp585_baseline_2020s_hot_2027,perimeter_top_zn_2,perimeter,top,east,horizontal_GHI__zone_p_tail,0.4673382914082449,4437
ahmedabad_ssp585_baseline_2020s_hot_2027,perimeter_top_zn_1,perimeter,top,south,horizontal_GHI__zone_operative_temperature,0.5977567761510297,4437
ahmedabad_ssp585_baseline_2020s_hot_2027,perimeter_top_zn_1,perimeter,top,south,horizontal_GHI__zone_p_tail,0.5651655510594157,4437
ahmedabad_ssp585_baseline_2020s_hot_2027,perimeter_top_zn_4,perimeter,top,west,horizontal_GHI__zone_operative_temperature,0.3837651085769196,4437
ahmedabad_ssp585_baseline_2020s_hot_2027,perimeter_top_zn_4,perimeter,top,west,horizontal_GHI__zone_p_tail,0.2797151342868709,4437
ahmedabad_ssp585_baseline_2020s_hot_2027,perimeter_bot_zn_3,perimeter,bottom,north,horizontal_GHI__zone_operative_temperature,0.32289146391771434,4437
ahmedabad_ssp585_baseline_2020s_hot_2027,perimeter_bot_zn_3,perimeter,bottom,north,horizontal_GHI__zone_p_tail,0.23634672413462296,4437
ahmedabad_ssp585_baseline_2020s_hot_2027,perimeter_bot_zn_2,perimeter,bottom,east,horizontal_GHI__zone_operative_temperature,0.45386755310458055,4437
ahmedabad_ssp585_baseline_2020s_hot_2027,perimeter_bot_zn_2,perimeter,bottom,east,horizontal_GHI__zone_p_tail,0.3915058596222838,4437
ahmedabad_ssp585_baseline_2020s_hot_2027,perimeter_bot_zn_1,perimeter,bottom,south,horizontal_GHI__zone_operative_temperature,0.48419130546678324,4437
ahmedabad_ssp585_baseline_2020s_hot_2027,perimeter_bot_zn_1,perimeter,bottom,south,horizontal_GHI__zone_p_tail,0.45919900218500675,4437
ahmedabad_ssp585_baseline_2020s_hot_2027,perimeter_bot_zn_4,perimeter,bottom,west,horizontal_GHI__zone_operative_temperature,0.29546657098635415,4437
ahmedabad_ssp585_baseline_2020s_hot_2027,perimeter_bot_zn_4,perimeter,bottom,west,horizontal_GHI__zone_p_tail,0.18438988569699113,4437
ahmedabad_ssp585_baseline_2020s_hot_2027,perimeter_mid_zn_3,perimeter,middle,north,horizontal_GHI__zone_operative_temperature,0.36644531530491314,4437
ahmedabad_ssp585_baseline_2020s_hot_2027,perimeter_mid_zn_3,perimeter,middle,north,horizontal_GHI__zone_p_tail,0.312564532342626,4437
ahmedabad_ssp585_baseline_2020s_hot_2027,perimeter_mid_zn_2,perimeter,middle,east,horizontal_GHI__zone_operative_temperature,0.5059239520330688,4437
ahmedabad_ssp585_baseline_2020s_hot_2027,perimeter_mid_zn_2,perimeter,middle,east,horizontal_GHI__zone_p_tail,0.4309517227606921,4437
ahmedabad_ssp585_baseline_2020s_hot_2027,perimeter_mid_zn_1,perimeter,middle,south,horizontal_GHI__zone_operative_temperature,0.5928356875295707,4437
ahmedabad_ssp585_baseline_2020s_hot_2027,perimeter_mid_zn_1,perimeter,middle,south,horizontal_GHI__zone_p_tail,0.5688628893736757,4437
ahmedabad_ssp585_baseline_2020s_hot_2027,perimeter_mid_zn_4,perimeter,middle,west,horizontal_GHI__zone_operative_temperature,0.35778190732175447,4437
ahmedabad_ssp585_baseline_2020s_hot_2027,perimeter_mid_zn_4,perimeter,middle,west,horizontal_GHI__zone_p_tail,0.2643433223947093,4437
ahmedabad_ssp585_baseline_2020s_typical_2025,core_bottom,core,bottom,core,horizontal_GHI__zone_operative_temperature,0.31665596481967034,4437
ahmedabad_ssp585_baseline_2020s_typical_2025,core_bottom,core,bottom,core,horizontal_GHI__zone_p_tail,0.15620036213527694,4437
ahmedabad_ssp585_baseline_2020s_typical_2025,core_mid,core,middle,core,horizontal_GHI__zone_operative_temperature,0.2829516012507527,4437
ahmedabad_ssp585_baseline_2020s_typical_2025,core_mid,core,middle,core,horizontal_GHI__zone_p_tail,0.15961826655865863,4437
ahmedabad_ssp585_baseline_2020s_typical_2025,core_top,core,top,core,horizontal_GHI__zone_operative_temperature,0.3671303437829099,4437
ahmedabad_ssp585_baseline_2020s_typical_2025,core_top,core,top,core,horizontal_GHI__zone_p_tail,0.2094302691937084,4437
ahmedabad_ssp585_baseline_2020s_typical_2025,perimeter_top_zn_3,perimeter,top,north,horizontal_GHI__zone_operative_temperature,0.4305364289840202,4437
ahmedabad_ssp585_baseline_2020s_typical_2025,perimeter_top_zn_3,perimeter,top,north,horizontal_GHI__zone_p_tail,0.396797129097201,4437
ahmedabad_ssp585_baseline_2020s_typical_2025,perimeter_top_zn_2,perimeter,top,east,horizontal_GHI__zone_operative_temperature,0.5897847830107515,4437
ahmedabad_ssp585_baseline_2020s_typical_2025,perimeter_top_zn_2,perimeter,top,east,horizontal_GHI__zone_p_tail,0.5272778703730999,4437
ahmedabad_ssp585_baseline_2020s_typical_2025,perimeter_top_zn_1,perimeter,top,south,horizontal_GHI__zone_operative_temperature,0.6090772250805243,4437
ahmedabad_ssp585_baseline_2020s_typical_2025,perimeter_top_zn_1,perimeter,top,south,horizontal_GHI__zone_p_tail,0.5334103201241583,4437
ahmedabad_ssp585_baseline_2020s_typical_2025,perimeter_top_zn_4,perimeter,top,west,horizontal_GHI__zone_operative_temperature,0.409092518214751,4437
ahmedabad_ssp585_baseline_2020s_typical_2025,perimeter_top_zn_4,perimeter,top,west,horizontal_GHI__zone_p_tail,0.33271390236247506,4437
ahmedabad_ssp585_baseline_2020s_typical_2025,perimeter_bot_zn_3,perimeter,bottom,north,horizontal_GHI__zone_operative_temperature,0.34738648781173087,4437
ahmedabad_ssp585_baseline_2020s_typical_2025,perimeter_bot_zn_3,perimeter,bottom,north,horizontal_GHI__zone_p_tail,0.279528541601312,4437
ahmedabad_ssp585_baseline_2020s_typical_2025,perimeter_bot_zn_2,perimeter,bottom,east,horizontal_GHI__zone_operative_temperature,0.5043977452030376,4437
ahmedabad_ssp585_baseline_2020s_typical_2025,perimeter_bot_zn_2,perimeter,bottom,east,horizontal_GHI__zone_p_tail,0.4699859431568885,4437
ahmedabad_ssp585_baseline_2020s_typical_2025,perimeter_bot_zn_1,perimeter,bottom,south,horizontal_GHI__zone_operative_temperature,0.48816280927574024,4437
ahmedabad_ssp585_baseline_2020s_typical_2025,perimeter_bot_zn_1,perimeter,bottom,south,horizontal_GHI__zone_p_tail,0.4313387966898159,4437
ahmedabad_ssp585_baseline_2020s_typical_2025,perimeter_bot_zn_4,perimeter,bottom,west,horizontal_GHI__zone_operative_temperature,0.31112152239275626,4437
ahmedabad_ssp585_baseline_2020s_typical_2025,perimeter_bot_zn_4,perimeter,bottom,west,horizontal_GHI__zone_p_tail,0.22396411764466098,4437
ahmedabad_ssp585_baseline_2020s_typical_2025,perimeter_mid_zn_3,perimeter,middle,north,horizontal_GHI__zone_operative_temperature,0.39479862489056977,4437
ahmedabad_ssp585_baseline_2020s_typical_2025,perimeter_mid_zn_3,perimeter,middle,north,horizontal_GHI__zone_p_tail,0.3691522298805692,4437
ahmedabad_ssp585_baseline_2020s_typical_2025,perimeter_mid_zn_2,perimeter,middle,east,horizontal_GHI__zone_operative_temperature,0.5539206664593471,4437
ahmedabad_ssp585_baseline_2020s_typical_2025,perimeter_mid_zn_2,perimeter,middle,east,horizontal_GHI__zone_p_tail,0.50262238398578,4437
ahmedabad_ssp585_baseline_2020s_typical_2025,perimeter_mid_zn_1,perimeter,middle,south,horizontal_GHI__zone_operative_temperature,0.6076118961739287,4437
ahmedabad_ssp585_baseline_2020s_typical_2025,perimeter_mid_zn_1,perimeter,middle,south,horizontal_GHI__zone_p_tail,0.5376169451852713,4437
ahmedabad_ssp585_baseline_2020s_typical_2025,perimeter_mid_zn_4,perimeter,middle,west,horizontal_GHI__zone_operative_temperature,0.37970449239030907,4437
ahmedabad_ssp585_baseline_2020s_typical_2025,perimeter_mid_zn_4,perimeter,middle,west,horizontal_GHI__zone_p_tail,0.28762926418099827,4437
ahmedabad_ssp585_late_2080s_heatwave_extreme_2088,core_bottom,core,bottom,core,horizontal_GHI__zone_operative_temperature,0.2814557395668142,4437
ahmedabad_ssp585_late_2080s_heatwave_extreme_2088,core_bottom,core,bottom,core,horizontal_GHI__zone_p_tail,0.2366278379619335,4437
ahmedabad_ssp585_late_2080s_heatwave_extreme_2088,core_mid,core,middle,core,horizontal_GHI__zone_operative_temperature,0.2506172042285715,4437
ahmedabad_ssp585_late_2080s_heatwave_extreme_2088,core_mid,core,middle,core,horizontal_GHI__zone_p_tail,0.1664996492838184,4437
ahmedabad_ssp585_late_2080s_heatwave_extreme_2088,core_top,core,top,core,horizontal_GHI__zone_operative_temperature,0.3086131449248347,4437
ahmedabad_ssp585_late_2080s_heatwave_extreme_2088,core_top,core,top,core,horizontal_GHI__zone_p_tail,0.22364689451379627,4437
ahmedabad_ssp585_late_2080s_heatwave_extreme_2088,perimeter_top_zn_3,perimeter,top,north,horizontal_GHI__zone_operative_temperature,0.37510734587350897,4437
ahmedabad_ssp585_late_2080s_heatwave_extreme_2088,perimeter_top_zn_3,perimeter,top,north,horizontal_GHI__zone_p_tail,0.316801325772558,4437
ahmedabad_ssp585_late_2080s_heatwave_extreme_2088,perimeter_top_zn_2,perimeter,top,east,horizontal_GHI__zone_operative_temperature,0.5004112233169749,4437
ahmedabad_ssp585_late_2080s_heatwave_extreme_2088,perimeter_top_zn_2,perimeter,top,east,horizontal_GHI__zone_p_tail,0.445034609265823,4437
ahmedabad_ssp585_late_2080s_heatwave_extreme_2088,perimeter_top_zn_1,perimeter,top,south,horizontal_GHI__zone_operative_temperature,0.5699450018871745,4437
ahmedabad_ssp585_late_2080s_heatwave_extreme_2088,perimeter_top_zn_1,perimeter,top,south,horizontal_GHI__zone_p_tail,0.5399485088164007,4437
ahmedabad_ssp585_late_2080s_heatwave_extreme_2088,perimeter_top_zn_4,perimeter,top,west,horizontal_GHI__zone_operative_temperature,0.3562023145587079,4437
ahmedabad_ssp585_late_2080s_heatwave_extreme_2088,perimeter_top_zn_4,perimeter,top,west,horizontal_GHI__zone_p_tail,0.2887057437644217,4437
ahmedabad_ssp585_late_2080s_heatwave_extreme_2088,perimeter_bot_zn_3,perimeter,bottom,north,horizontal_GHI__zone_operative_temperature,0.31671896207848965,4437
ahmedabad_ssp585_late_2080s_heatwave_extreme_2088,perimeter_bot_zn_3,perimeter,bottom,north,horizontal_GHI__zone_p_tail,0.2521102483512227,4437
ahmedabad_ssp585_late_2080s_heatwave_extreme_2088,perimeter_bot_zn_2,perimeter,bottom,east,horizontal_GHI__zone_operative_temperature,0.44864770983819147,4437
ahmedabad_ssp585_late_2080s_heatwave_extreme_2088,perimeter_bot_zn_2,perimeter,bottom,east,horizontal_GHI__zone_p_tail,0.38767135735259317,4437
ahmedabad_ssp585_late_2080s_heatwave_extreme_2088,perimeter_bot_zn_1,perimeter,bottom,south,horizontal_GHI__zone_operative_temperature,0.522065120046509,4437
ahmedabad_ssp585_late_2080s_heatwave_extreme_2088,perimeter_bot_zn_1,perimeter,bottom,south,horizontal_GHI__zone_p_tail,0.49490663577908584,4437
ahmedabad_ssp585_late_2080s_heatwave_extreme_2088,perimeter_bot_zn_4,perimeter,bottom,west,horizontal_GHI__zone_operative_temperature,0.2801150047267307,4437
ahmedabad_ssp585_late_2080s_heatwave_extreme_2088,perimeter_bot_zn_4,perimeter,bottom,west,horizontal_GHI__zone_p_tail,0.20448301335136698,4437
ahmedabad_ssp585_late_2080s_heatwave_extreme_2088,perimeter_mid_zn_3,perimeter,middle,north,horizontal_GHI__zone_operative_temperature,0.34676815766212027,4437
ahmedabad_ssp585_late_2080s_heatwave_extreme_2088,perimeter_mid_zn_3,perimeter,middle,north,horizontal_GHI__zone_p_tail,0.2895764034122734,4437
ahmedabad_ssp585_late_2080s_heatwave_extreme_2088,perimeter_mid_zn_2,perimeter,middle,east,horizontal_GHI__zone_operative_temperature,0.46856038755591006,4437
ahmedabad_ssp585_late_2080s_heatwave_extreme_2088,perimeter_mid_zn_2,perimeter,middle,east,horizontal_GHI__zone_p_tail,0.4193776739524094,4437
ahmedabad_ssp585_late_2080s_heatwave_extreme_2088,perimeter_mid_zn_1,perimeter,middle,south,horizontal_GHI__zone_operative_temperature,0.5729506241130683,4437
ahmedabad_ssp585_late_2080s_heatwave_extreme_2088,perimeter_mid_zn_1,perimeter,middle,south,horizontal_GHI__zone_p_tail,0.5554998365373838,4437
ahmedabad_ssp585_late_2080s_heatwave_extreme_2088,perimeter_mid_zn_4,perimeter,middle,west,horizontal_GHI__zone_operative_temperature,0.32951873223543376,4437
ahmedabad_ssp585_late_2080s_heatwave_extreme_2088,perimeter_mid_zn_4,perimeter,middle,west,horizontal_GHI__zone_p_tail,0.2569015103676693,4437
ahmedabad_ssp585_late_2080s_hot_2088,core_bottom,core,bottom,core,horizontal_GHI__zone_operative_temperature,0.2814557395668142,4437
ahmedabad_ssp585_late_2080s_hot_2088,core_bottom,core,bottom,core,horizontal_GHI__zone_p_tail,0.2366278379619335,4437
ahmedabad_ssp585_late_2080s_hot_2088,core_mid,core,middle,core,horizontal_GHI__zone_operative_temperature,0.2506172042285715,4437
ahmedabad_ssp585_late_2080s_hot_2088,core_mid,core,middle,core,horizontal_GHI__zone_p_tail,0.1664996492838184,4437
ahmedabad_ssp585_late_2080s_hot_2088,core_top,core,top,core,horizontal_GHI__zone_operative_temperature,0.3086131449248347,4437
ahmedabad_ssp585_late_2080s_hot_2088,core_top,core,top,core,horizontal_GHI__zone_p_tail,0.22364689451379627,4437
ahmedabad_ssp585_late_2080s_hot_2088,perimeter_top_zn_3,perimeter,top,north,horizontal_GHI__zone_operative_temperature,0.37510734587350897,4437
ahmedabad_ssp585_late_2080s_hot_2088,perimeter_top_zn_3,perimeter,top,north,horizontal_GHI__zone_p_tail,0.316801325772558,4437
ahmedabad_ssp585_late_2080s_hot_2088,perimeter_top_zn_2,perimeter,top,east,horizontal_GHI__zone_operative_temperature,0.5004112233169749,4437
ahmedabad_ssp585_late_2080s_hot_2088,perimeter_top_zn_2,perimeter,top,east,horizontal_GHI__zone_p_tail,0.445034609265823,4437
ahmedabad_ssp585_late_2080s_hot_2088,perimeter_top_zn_1,perimeter,top,south,horizontal_GHI__zone_operative_temperature,0.5699450018871745,4437
ahmedabad_ssp585_late_2080s_hot_2088,perimeter_top_zn_1,perimeter,top,south,horizontal_GHI__zone_p_tail,0.5399485088164007,4437
ahmedabad_ssp585_late_2080s_hot_2088,perimeter_top_zn_4,perimeter,top,west,horizontal_GHI__zone_operative_temperature,0.3562023145587079,4437
ahmedabad_ssp585_late_2080s_hot_2088,perimeter_top_zn_4,perimeter,top,west,horizontal_GHI__zone_p_tail,0.2887057437644217,4437
ahmedabad_ssp585_late_2080s_hot_2088,perimeter_bot_zn_3,perimeter,bottom,north,horizontal_GHI__zone_operative_temperature,0.31671896207848965,4437
ahmedabad_ssp585_late_2080s_hot_2088,perimeter_bot_zn_3,perimeter,bottom,north,horizontal_GHI__zone_p_tail,0.2521102483512227,4437
ahmedabad_ssp585_late_2080s_hot_2088,perimeter_bot_zn_2,perimeter,bottom,east,horizontal_GHI__zone_operative_temperature,0.44864770983819147,4437
ahmedabad_ssp585_late_2080s_hot_2088,perimeter_bot_zn_2,perimeter,bottom,east,horizontal_GHI__zone_p_tail,0.38767135735259317,4437
ahmedabad_ssp585_late_2080s_hot_2088,perimeter_bot_zn_1,perimeter,bottom,south,horizontal_GHI__zone_operative_temperature,0.522065120046509,4437
ahmedabad_ssp585_late_2080s_hot_2088,perimeter_bot_zn_1,perimeter,bottom,south,horizontal_GHI__zone_p_tail,0.49490663577908584,4437
ahmedabad_ssp585_late_2080s_hot_2088,perimeter_bot_zn_4,perimeter,bottom,west,horizontal_GHI__zone_operative_temperature,0.2801150047267307,4437
ahmedabad_ssp585_late_2080s_hot_2088,perimeter_bot_zn_4,perimeter,bottom,west,horizontal_GHI__zone_p_tail,0.20448301335136698,4437
ahmedabad_ssp585_late_2080s_hot_2088,perimeter_mid_zn_3,perimeter,middle,north,horizontal_GHI__zone_operative_temperature,0.34676815766212027,4437
ahmedabad_ssp585_late_2080s_hot_2088,perimeter_mid_zn_3,perimeter,middle,north,horizontal_GHI__zone_p_tail,0.2895764034122734,4437
ahmedabad_ssp585_late_2080s_hot_2088,perimeter_mid_zn_2,perimeter,middle,east,horizontal_GHI__zone_operative_temperature,0.46856038755591006,4437
ahmedabad_ssp585_late_2080s_hot_2088,perimeter_mid_zn_2,perimeter,middle,east,horizontal_GHI__zone_p_tail,0.4193776739524094,4437
ahmedabad_ssp585_late_2080s_hot_2088,perimeter_mid_zn_1,perimeter,middle,south,horizontal_GHI__zone_operative_temperature,0.5729506241130683,4437
ahmedabad_ssp585_late_2080s_hot_2088,perimeter_mid_zn_1,perimeter,middle,south,horizontal_GHI__zone_p_tail,0.5554998365373838,4437
ahmedabad_ssp585_late_2080s_hot_2088,perimeter_mid_zn_4,perimeter,middle,west,horizontal_GHI__zone_operative_temperature,0.32951873223543376,4437
ahmedabad_ssp585_late_2080s_hot_2088,perimeter_mid_zn_4,perimeter,middle,west,horizontal_GHI__zone_p_tail,0.2569015103676693,4437
ahmedabad_ssp585_late_2080s_typical_2087,core_bottom,core,bottom,core,horizontal_GHI__zone_operative_temperature,0.2988556261308573,4437
ahmedabad_ssp585_late_2080s_typical_2087,core_bottom,core,bottom,core,horizontal_GHI__zone_p_tail,0.22378438531363615,4437
ahmedabad_ssp585_late_2080s_typical_2087,core_mid,core,middle,core,horizontal_GHI__zone_operative_temperature,0.2624878006844491,4437
ahmedabad_ssp585_late_2080s_typical_2087,core_mid,core,middle,core,horizontal_GHI__zone_p_tail,0.1913251085981444,4437
ahmedabad_ssp585_late_2080s_typical_2087,core_top,core,top,core,horizontal_GHI__zone_operative_temperature,0.338592463548055,4437
ahmedabad_ssp585_late_2080s_typical_2087,core_top,core,top,core,horizontal_GHI__zone_p_tail,0.24641702484274358,4437
ahmedabad_ssp585_late_2080s_typical_2087,perimeter_top_zn_3,perimeter,top,north,horizontal_GHI__zone_operative_temperature,0.41509095159331083,4437
ahmedabad_ssp585_late_2080s_typical_2087,perimeter_top_zn_3,perimeter,top,north,horizontal_GHI__zone_p_tail,0.39551412213458864,4437
ahmedabad_ssp585_late_2080s_typical_2087,perimeter_top_zn_2,perimeter,top,east,horizontal_GHI__zone_operative_temperature,0.5733897373970849,4437
ahmedabad_ssp585_late_2080s_typical_2087,perimeter_top_zn_2,perimeter,top,east,horizontal_GHI__zone_p_tail,0.5295327969647375,4437
ahmedabad_ssp585_late_2080s_typical_2087,perimeter_top_zn_1,perimeter,top,south,horizontal_GHI__zone_operative_temperature,0.6107494642565613,4437
ahmedabad_ssp585_late_2080s_typical_2087,perimeter_top_zn_1,perimeter,top,south,horizontal_GHI__zone_p_tail,0.5752163062305751,4437
ahmedabad_ssp585_late_2080s_typical_2087,perimeter_top_zn_4,perimeter,top,west,horizontal_GHI__zone_operative_temperature,0.40380836936773995,4437
ahmedabad_ssp585_late_2080s_typical_2087,perimeter_top_zn_4,perimeter,top,west,horizontal_GHI__zone_p_tail,0.34393529553511587,4437
ahmedabad_ssp585_late_2080s_typical_2087,perimeter_bot_zn_3,perimeter,bottom,north,horizontal_GHI__zone_operative_temperature,0.33439236495510866,4437
ahmedabad_ssp585_late_2080s_typical_2087,perimeter_bot_zn_3,perimeter,bottom,north,horizontal_GHI__zone_p_tail,0.30826312619963986,4437
ahmedabad_ssp585_late_2080s_typical_2087,perimeter_bot_zn_2,perimeter,bottom,east,horizontal_GHI__zone_operative_temperature,0.49685080547428895,4437
ahmedabad_ssp585_late_2080s_typical_2087,perimeter_bot_zn_2,perimeter,bottom,east,horizontal_GHI__zone_p_tail,0.48642504685530297,4437
ahmedabad_ssp585_late_2080s_typical_2087,perimeter_bot_zn_1,perimeter,bottom,south,horizontal_GHI__zone_operative_temperature,0.5187878945823607,4437
ahmedabad_ssp585_late_2080s_typical_2087,perimeter_bot_zn_1,perimeter,bottom,south,horizontal_GHI__zone_p_tail,0.5102594303780364,4437
ahmedabad_ssp585_late_2080s_typical_2087,perimeter_bot_zn_4,perimeter,bottom,west,horizontal_GHI__zone_operative_temperature,0.31133322973544914,4437
ahmedabad_ssp585_late_2080s_typical_2087,perimeter_bot_zn_4,perimeter,bottom,west,horizontal_GHI__zone_p_tail,0.2526357045624185,4437
ahmedabad_ssp585_late_2080s_typical_2087,perimeter_mid_zn_3,perimeter,middle,north,horizontal_GHI__zone_operative_temperature,0.3775909676165388,4437
ahmedabad_ssp585_late_2080s_typical_2087,perimeter_mid_zn_3,perimeter,middle,north,horizontal_GHI__zone_p_tail,0.36780174277128974,4437
ahmedabad_ssp585_late_2080s_typical_2087,perimeter_mid_zn_2,perimeter,middle,east,horizontal_GHI__zone_operative_temperature,0.5375275377789928,4437
ahmedabad_ssp585_late_2080s_typical_2087,perimeter_mid_zn_2,perimeter,middle,east,horizontal_GHI__zone_p_tail,0.5028117242539107,4437
ahmedabad_ssp585_late_2080s_typical_2087,perimeter_mid_zn_1,perimeter,middle,south,horizontal_GHI__zone_operative_temperature,0.6188719501555165,4437
ahmedabad_ssp585_late_2080s_typical_2087,perimeter_mid_zn_1,perimeter,middle,south,horizontal_GHI__zone_p_tail,0.5906459390200244,4437
ahmedabad_ssp585_late_2080s_typical_2087,perimeter_mid_zn_4,perimeter,middle,west,horizontal_GHI__zone_operative_temperature,0.37446662004853315,4437
ahmedabad_ssp585_late_2080s_typical_2087,perimeter_mid_zn_4,perimeter,middle,west,horizontal_GHI__zone_p_tail,0.3251026234891411,4437
ahmedabad_ssp585_mid_2050s_heatwave_extreme_2051,core_bottom,core,bottom,core,horizontal_GHI__zone_operative_temperature,0.3045449941491564,4437
ahmedabad_ssp585_mid_2050s_heatwave_extreme_2051,core_bottom,core,bottom,core,horizontal_GHI__zone_p_tail,0.20985945732513278,4437
ahmedabad_ssp585_mid_2050s_heatwave_extreme_2051,core_mid,core,middle,core,horizontal_GHI__zone_operative_temperature,0.25738270825990134,4437
ahmedabad_ssp585_mid_2050s_heatwave_extreme_2051,core_mid,core,middle,core,horizontal_GHI__zone_p_tail,0.16501960919567513,4437
ahmedabad_ssp585_mid_2050s_heatwave_extreme_2051,core_top,core,top,core,horizontal_GHI__zone_operative_temperature,0.32955294124498774,4437
ahmedabad_ssp585_mid_2050s_heatwave_extreme_2051,core_top,core,top,core,horizontal_GHI__zone_p_tail,0.21903270742120753,4437
ahmedabad_ssp585_mid_2050s_heatwave_extreme_2051,perimeter_top_zn_3,perimeter,top,north,horizontal_GHI__zone_operative_temperature,0.4016777746511807,4437
ahmedabad_ssp585_mid_2050s_heatwave_extreme_2051,perimeter_top_zn_3,perimeter,top,north,horizontal_GHI__zone_p_tail,0.36760789116376896,4437
ahmedabad_ssp585_mid_2050s_heatwave_extreme_2051,perimeter_top_zn_2,perimeter,top,east,horizontal_GHI__zone_operative_temperature,0.5723327300215599,4437
ahmedabad_ssp585_mid_2050s_heatwave_extreme_2051,perimeter_top_zn_2,perimeter,top,east,horizontal_GHI__zone_p_tail,0.5338651183251772,4437
ahmedabad_ssp585_mid_2050s_heatwave_extreme_2051,perimeter_top_zn_1,perimeter,top,south,horizontal_GHI__zone_operative_temperature,0.6293741493817372,4437
ahmedabad_ssp585_mid_2050s_heatwave_extreme_2051,perimeter_top_zn_1,perimeter,top,south,horizontal_GHI__zone_p_tail,0.5956317140965635,4437
ahmedabad_ssp585_mid_2050s_heatwave_extreme_2051,perimeter_top_zn_4,perimeter,top,west,horizontal_GHI__zone_operative_temperature,0.39819517177597524,4437
ahmedabad_ssp585_mid_2050s_heatwave_extreme_2051,perimeter_top_zn_4,perimeter,top,west,horizontal_GHI__zone_p_tail,0.30756336042444704,4437
ahmedabad_ssp585_mid_2050s_heatwave_extreme_2051,perimeter_bot_zn_3,perimeter,bottom,north,horizontal_GHI__zone_operative_temperature,0.33479675028268424,4437
ahmedabad_ssp585_mid_2050s_heatwave_extreme_2051,perimeter_bot_zn_3,perimeter,bottom,north,horizontal_GHI__zone_p_tail,0.27916926326353214,4437
ahmedabad_ssp585_mid_2050s_heatwave_extreme_2051,perimeter_bot_zn_2,perimeter,bottom,east,horizontal_GHI__zone_operative_temperature,0.4924509769900286,4437
ahmedabad_ssp585_mid_2050s_heatwave_extreme_2051,perimeter_bot_zn_2,perimeter,bottom,east,horizontal_GHI__zone_p_tail,0.4813639388494942,4437
ahmedabad_ssp585_mid_2050s_heatwave_extreme_2051,perimeter_bot_zn_1,perimeter,bottom,south,horizontal_GHI__zone_operative_temperature,0.5420110717107348,4437
ahmedabad_ssp585_mid_2050s_heatwave_extreme_2051,perimeter_bot_zn_1,perimeter,bottom,south,horizontal_GHI__zone_p_tail,0.5297960518743497,4437
ahmedabad_ssp585_mid_2050s_heatwave_extreme_2051,perimeter_bot_zn_4,perimeter,bottom,west,horizontal_GHI__zone_operative_temperature,0.30802318923451344,4437
ahmedabad_ssp585_mid_2050s_heatwave_extreme_2051,perimeter_bot_zn_4,perimeter,bottom,west,horizontal_GHI__zone_p_tail,0.22048595452189723,4437
ahmedabad_ssp585_mid_2050s_heatwave_extreme_2051,perimeter_mid_zn_3,perimeter,middle,north,horizontal_GHI__zone_operative_temperature,0.37068730652063087,4437
ahmedabad_ssp585_mid_2050s_heatwave_extreme_2051,perimeter_mid_zn_3,perimeter,middle,north,horizontal_GHI__zone_p_tail,0.34498546381019596,4437
ahmedabad_ssp585_mid_2050s_heatwave_extreme_2051,perimeter_mid_zn_2,perimeter,middle,east,horizontal_GHI__zone_operative_temperature,0.534115064831302,4437
ahmedabad_ssp585_mid_2050s_heatwave_extreme_2051,perimeter_mid_zn_2,perimeter,middle,east,horizontal_GHI__zone_p_tail,0.5014460096172532,4437
ahmedabad_ssp585_mid_2050s_heatwave_extreme_2051,perimeter_mid_zn_1,perimeter,middle,south,horizontal_GHI__zone_operative_temperature,0.63573589805384,4437
ahmedabad_ssp585_mid_2050s_heatwave_extreme_2051,perimeter_mid_zn_1,perimeter,middle,south,horizontal_GHI__zone_p_tail,0.6100750962536888,4437
ahmedabad_ssp585_mid_2050s_heatwave_extreme_2051,perimeter_mid_zn_4,perimeter,middle,west,horizontal_GHI__zone_operative_temperature,0.3680565272632153,4437
ahmedabad_ssp585_mid_2050s_heatwave_extreme_2051,perimeter_mid_zn_4,perimeter,middle,west,horizontal_GHI__zone_p_tail,0.28672288851483296,4437
ahmedabad_ssp585_mid_2050s_hot_2050,core_bottom,core,bottom,core,horizontal_GHI__zone_operative_temperature,0.30619979505600853,4437
ahmedabad_ssp585_mid_2050s_hot_2050,core_bottom,core,bottom,core,horizontal_GHI__zone_p_tail,0.2262033468153909,4437
ahmedabad_ssp585_mid_2050s_hot_2050,core_mid,core,middle,core,horizontal_GHI__zone_operative_temperature,0.2636334839088872,4437
ahmedabad_ssp585_mid_2050s_hot_2050,core_mid,core,middle,core,horizontal_GHI__zone_p_tail,0.17871605756243963,4437
ahmedabad_ssp585_mid_2050s_hot_2050,core_top,core,top,core,horizontal_GHI__zone_operative_temperature,0.33969704494615616,4437
ahmedabad_ssp585_mid_2050s_hot_2050,core_top,core,top,core,horizontal_GHI__zone_p_tail,0.22972853053982314,4437
ahmedabad_ssp585_mid_2050s_hot_2050,perimeter_top_zn_3,perimeter,top,north,horizontal_GHI__zone_operative_temperature,0.4071895779264056,4437
ahmedabad_ssp585_mid_2050s_hot_2050,perimeter_top_zn_3,perimeter,top,north,horizontal_GHI__zone_p_tail,0.3729857747301213,4437
ahmedabad_ssp585_mid_2050s_hot_2050,perimeter_top_zn_2,perimeter,top,east,horizontal_GHI__zone_operative_temperature,0.5654892033895907,4437
ahmedabad_ssp585_mid_2050s_hot_2050,perimeter_top_zn_2,perimeter,top,east,horizontal_GHI__zone_p_tail,0.5269345221724577,4437
ahmedabad_ssp585_mid_2050s_hot_2050,perimeter_top_zn_1,perimeter,top,south,horizontal_GHI__zone_operative_temperature,0.6273465103133637,4437
ahmedabad_ssp585_mid_2050s_hot_2050,perimeter_top_zn_1,perimeter,top,south,horizontal_GHI__zone_p_tail,0.5848982520507126,4437
ahmedabad_ssp585_mid_2050s_hot_2050,perimeter_top_zn_4,perimeter,top,west,horizontal_GHI__zone_operative_temperature,0.39519475437394663,4437
ahmedabad_ssp585_mid_2050s_hot_2050,perimeter_top_zn_4,perimeter,top,west,horizontal_GHI__zone_p_tail,0.31207999204389897,4437
ahmedabad_ssp585_mid_2050s_hot_2050,perimeter_bot_zn_3,perimeter,bottom,north,horizontal_GHI__zone_operative_temperature,0.3304288274348819,4437
ahmedabad_ssp585_mid_2050s_hot_2050,perimeter_bot_zn_3,perimeter,bottom,north,horizontal_GHI__zone_p_tail,0.28624014915730345,4437
ahmedabad_ssp585_mid_2050s_hot_2050,perimeter_bot_zn_2,perimeter,bottom,east,horizontal_GHI__zone_operative_temperature,0.49995881764751565,4437
ahmedabad_ssp585_mid_2050s_hot_2050,perimeter_bot_zn_2,perimeter,bottom,east,horizontal_GHI__zone_p_tail,0.48420272786095575,4437
ahmedabad_ssp585_mid_2050s_hot_2050,perimeter_bot_zn_1,perimeter,bottom,south,horizontal_GHI__zone_operative_temperature,0.564828033713719,4437
ahmedabad_ssp585_mid_2050s_hot_2050,perimeter_bot_zn_1,perimeter,bottom,south,horizontal_GHI__zone_p_tail,0.5445885573663218,4437
ahmedabad_ssp585_mid_2050s_hot_2050,perimeter_bot_zn_4,perimeter,bottom,west,horizontal_GHI__zone_operative_temperature,0.30992233205761643,4437
ahmedabad_ssp585_mid_2050s_hot_2050,perimeter_bot_zn_4,perimeter,bottom,west,horizontal_GHI__zone_p_tail,0.2376219263197897,4437
ahmedabad_ssp585_mid_2050s_hot_2050,perimeter_mid_zn_3,perimeter,middle,north,horizontal_GHI__zone_operative_temperature,0.3697109811261003,4437
ahmedabad_ssp585_mid_2050s_hot_2050,perimeter_mid_zn_3,perimeter,middle,north,horizontal_GHI__zone_p_tail,0.35375452825358356,4437
ahmedabad_ssp585_mid_2050s_hot_2050,perimeter_mid_zn_2,perimeter,middle,east,horizontal_GHI__zone_operative_temperature,0.5293310852022716,4437
ahmedabad_ssp585_mid_2050s_hot_2050,perimeter_mid_zn_2,perimeter,middle,east,horizontal_GHI__zone_p_tail,0.5021651343707567,4437
ahmedabad_ssp585_mid_2050s_hot_2050,perimeter_mid_zn_1,perimeter,middle,south,horizontal_GHI__zone_operative_temperature,0.6406123761586072,4437
ahmedabad_ssp585_mid_2050s_hot_2050,perimeter_mid_zn_1,perimeter,middle,south,horizontal_GHI__zone_p_tail,0.6089574940870484,4437
ahmedabad_ssp585_mid_2050s_hot_2050,perimeter_mid_zn_4,perimeter,middle,west,horizontal_GHI__zone_operative_temperature,0.3646216642067664,4437
ahmedabad_ssp585_mid_2050s_hot_2050,perimeter_mid_zn_4,perimeter,middle,west,horizontal_GHI__zone_p_tail,0.29504081337810373,4437
ahmedabad_ssp585_mid_2050s_typical_2055,core_bottom,core,bottom,core,horizontal_GHI__zone_operative_temperature,0.32760471255638934,4437
ahmedabad_ssp585_mid_2050s_typical_2055,core_bottom,core,bottom,core,horizontal_GHI__zone_p_tail,0.1610228611642953,4437
ahmedabad_ssp585_mid_2050s_typical_2055,core_mid,core,middle,core,horizontal_GHI__zone_operative_temperature,0.28488464518105255,4437
ahmedabad_ssp585_mid_2050s_typical_2055,core_mid,core,middle,core,horizontal_GHI__zone_p_tail,0.16403521094468998,4437
ahmedabad_ssp585_mid_2050s_typical_2055,core_top,core,top,core,horizontal_GHI__zone_operative_temperature,0.38663910228671655,4437
ahmedabad_ssp585_mid_2050s_typical_2055,core_top,core,top,core,horizontal_GHI__zone_p_tail,0.2188044003437738,4437
ahmedabad_ssp585_mid_2050s_typical_2055,perimeter_top_zn_3,perimeter,top,north,horizontal_GHI__zone_operative_temperature,0.4554309213212573,4437
ahmedabad_ssp585_mid_2050s_typical_2055,perimeter_top_zn_3,perimeter,top,north,horizontal_GHI__zone_p_tail,0.4091925094880084,4437
ahmedabad_ssp585_mid_2050s_typical_2055,perimeter_top_zn_2,perimeter,top,east,horizontal_GHI__zone_operative_temperature,0.6351354694642063,4437
ahmedabad_ssp585_mid_2050s_typical_2055,perimeter_top_zn_2,perimeter,top,east,horizontal_GHI__zone_p_tail,0.5373792724197927,4437
ahmedabad_ssp585_mid_2050s_typical_2055,perimeter_top_zn_1,perimeter,top,south,horizontal_GHI__zone_operative_temperature,0.662361580339068,4437
ahmedabad_ssp585_mid_2050s_typical_2055,perimeter_top_zn_1,perimeter,top,south,horizontal_GHI__zone_p_tail,0.5732110734886379,4437
ahmedabad_ssp585_mid_2050s_typical_2055,perimeter_top_zn_4,perimeter,top,west,horizontal_GHI__zone_operative_temperature,0.433703156850742,4437
ahmedabad_ssp585_mid_2050s_typical_2055,perimeter_top_zn_4,perimeter,top,west,horizontal_GHI__zone_p_tail,0.3244347255590199,4437
ahmedabad_ssp585_mid_2050s_typical_2055,perimeter_bot_zn_3,perimeter,bottom,north,horizontal_GHI__zone_operative_temperature,0.3629054923882679,4437
ahmedabad_ssp585_mid_2050s_typical_2055,perimeter_bot_zn_3,perimeter,bottom,north,horizontal_GHI__zone_p_tail,0.3253563986909717,4437
ahmedabad_ssp585_mid_2050s_typical_2055,perimeter_bot_zn_2,perimeter,bottom,east,horizontal_GHI__zone_operative_temperature,0.5595560637108096,4437
ahmedabad_ssp585_mid_2050s_typical_2055,perimeter_bot_zn_2,perimeter,bottom,east,horizontal_GHI__zone_p_tail,0.49053487225652914,4437
ahmedabad_ssp585_mid_2050s_typical_2055,perimeter_bot_zn_1,perimeter,bottom,south,horizontal_GHI__zone_operative_temperature,0.5589338638560963,4437
ahmedabad_ssp585_mid_2050s_typical_2055,perimeter_bot_zn_1,perimeter,bottom,south,horizontal_GHI__zone_p_tail,0.5180827480496452,4437
ahmedabad_ssp585_mid_2050s_typical_2055,perimeter_bot_zn_4,perimeter,bottom,west,horizontal_GHI__zone_operative_temperature,0.334476674137608,4437
ahmedabad_ssp585_mid_2050s_typical_2055,perimeter_bot_zn_4,perimeter,bottom,west,horizontal_GHI__zone_p_tail,0.21524752108001347,4437
ahmedabad_ssp585_mid_2050s_typical_2055,perimeter_mid_zn_3,perimeter,middle,north,horizontal_GHI__zone_operative_temperature,0.4145231296757631,4437
ahmedabad_ssp585_mid_2050s_typical_2055,perimeter_mid_zn_3,perimeter,middle,north,horizontal_GHI__zone_p_tail,0.38622457582994657,4437
ahmedabad_ssp585_mid_2050s_typical_2055,perimeter_mid_zn_2,perimeter,middle,east,horizontal_GHI__zone_operative_temperature,0.6001603137948657,4437
ahmedabad_ssp585_mid_2050s_typical_2055,perimeter_mid_zn_2,perimeter,middle,east,horizontal_GHI__zone_p_tail,0.49845480157499905,4437
ahmedabad_ssp585_mid_2050s_typical_2055,perimeter_mid_zn_1,perimeter,middle,south,horizontal_GHI__zone_operative_temperature,0.6683177865487947,4437
ahmedabad_ssp585_mid_2050s_typical_2055,perimeter_mid_zn_1,perimeter,middle,south,horizontal_GHI__zone_p_tail,0.6016233748518689,4437
ahmedabad_ssp585_mid_2050s_typical_2055,perimeter_mid_zn_4,perimeter,middle,west,horizontal_GHI__zone_operative_temperature,0.4076171439933017,4437
ahmedabad_ssp585_mid_2050s_typical_2055,perimeter_mid_zn_4,perimeter,middle,west,horizontal_GHI__zone_p_tail,0.3002403979903988,4437
ahmedabad_ssp585_near_2030s_heatwave_extreme_2037,core_bottom,core,bottom,core,horizontal_GHI__zone_operative_temperature,0.30367271340126006,4437
ahmedabad_ssp585_near_2030s_heatwave_extreme_2037,core_bottom,core,bottom,core,horizontal_GHI__zone_p_tail,0.16434259953490943,4437
ahmedabad_ssp585_near_2030s_heatwave_extreme_2037,core_mid,core,middle,core,horizontal_GHI__zone_operative_temperature,0.2532072766690733,4437
ahmedabad_ssp585_near_2030s_heatwave_extreme_2037,core_mid,core,middle,core,horizontal_GHI__zone_p_tail,0.15295146637482737,4437
ahmedabad_ssp585_near_2030s_heatwave_extreme_2037,core_top,core,top,core,horizontal_GHI__zone_operative_temperature,0.33366225414334344,4437
ahmedabad_ssp585_near_2030s_heatwave_extreme_2037,core_top,core,top,core,horizontal_GHI__zone_p_tail,0.1850377941354205,4437
ahmedabad_ssp585_near_2030s_heatwave_extreme_2037,perimeter_top_zn_3,perimeter,top,north,horizontal_GHI__zone_operative_temperature,0.39392169021826073,4437
ahmedabad_ssp585_near_2030s_heatwave_extreme_2037,perimeter_top_zn_3,perimeter,top,north,horizontal_GHI__zone_p_tail,0.3820314836487695,4437
ahmedabad_ssp585_near_2030s_heatwave_extreme_2037,perimeter_top_zn_2,perimeter,top,east,horizontal_GHI__zone_operative_temperature,0.5777906547857984,4437
ahmedabad_ssp585_near_2030s_heatwave_extreme_2037,perimeter_top_zn_2,perimeter,top,east,horizontal_GHI__zone_p_tail,0.5294536115301427,4437
ahmedabad_ssp585_near_2030s_heatwave_extreme_2037,perimeter_top_zn_1,perimeter,top,south,horizontal_GHI__zone_operative_temperature,0.6267952739540915,4437
ahmedabad_ssp585_near_2030s_heatwave_extreme_2037,perimeter_top_zn_1,perimeter,top,south,horizontal_GHI__zone_p_tail,0.5624246591358938,4437
ahmedabad_ssp585_near_2030s_heatwave_extreme_2037,perimeter_top_zn_4,perimeter,top,west,horizontal_GHI__zone_operative_temperature,0.38873253496910304,4437
ahmedabad_ssp585_near_2030s_heatwave_extreme_2037,perimeter_top_zn_4,perimeter,top,west,horizontal_GHI__zone_p_tail,0.3045180420889484,4437
ahmedabad_ssp585_near_2030s_heatwave_extreme_2037,perimeter_bot_zn_3,perimeter,bottom,north,horizontal_GHI__zone_operative_temperature,0.3198478485709445,4437
ahmedabad_ssp585_near_2030s_heatwave_extreme_2037,perimeter_bot_zn_3,perimeter,bottom,north,horizontal_GHI__zone_p_tail,0.2576691957786886,4437
ahmedabad_ssp585_near_2030s_heatwave_extreme_2037,perimeter_bot_zn_2,perimeter,bottom,east,horizontal_GHI__zone_operative_temperature,0.4909949845589958,4437
ahmedabad_ssp585_near_2030s_heatwave_extreme_2037,perimeter_bot_zn_2,perimeter,bottom,east,horizontal_GHI__zone_p_tail,0.467226215304611,4437
ahmedabad_ssp585_near_2030s_heatwave_extreme_2037,perimeter_bot_zn_1,perimeter,bottom,south,horizontal_GHI__zone_operative_temperature,0.5220698011287059,4437
ahmedabad_ssp585_near_2030s_heatwave_extreme_2037,perimeter_bot_zn_1,perimeter,bottom,south,horizontal_GHI__zone_p_tail,0.48916897195383846,4437
ahmedabad_ssp585_near_2030s_heatwave_extreme_2037,perimeter_bot_zn_4,perimeter,bottom,west,horizontal_GHI__zone_operative_temperature,0.2913523629268571,4437
ahmedabad_ssp585_near_2030s_heatwave_extreme_2037,perimeter_bot_zn_4,perimeter,bottom,west,horizontal_GHI__zone_p_tail,0.19250359007198842,4437
ahmedabad_ssp585_near_2030s_heatwave_extreme_2037,perimeter_mid_zn_3,perimeter,middle,north,horizontal_GHI__zone_operative_temperature,0.3561746079246019,4437
ahmedabad_ssp585_near_2030s_heatwave_extreme_2037,perimeter_mid_zn_3,perimeter,middle,north,horizontal_GHI__zone_p_tail,0.3589513218497697,4437
ahmedabad_ssp585_near_2030s_heatwave_extreme_2037,perimeter_mid_zn_2,perimeter,middle,east,horizontal_GHI__zone_operative_temperature,0.5393971720945283,4437
ahmedabad_ssp585_near_2030s_heatwave_extreme_2037,perimeter_mid_zn_2,perimeter,middle,east,horizontal_GHI__zone_p_tail,0.4921699625494062,4437
ahmedabad_ssp585_near_2030s_heatwave_extreme_2037,perimeter_mid_zn_1,perimeter,middle,south,horizontal_GHI__zone_operative_temperature,0.631335849268868,4437
ahmedabad_ssp585_near_2030s_heatwave_extreme_2037,perimeter_mid_zn_1,perimeter,middle,south,horizontal_GHI__zone_p_tail,0.5839200682102729,4437
ahmedabad_ssp585_near_2030s_heatwave_extreme_2037,perimeter_mid_zn_4,perimeter,middle,west,horizontal_GHI__zone_operative_temperature,0.35935307068820443,4437
ahmedabad_ssp585_near_2030s_heatwave_extreme_2037,perimeter_mid_zn_4,perimeter,middle,west,horizontal_GHI__zone_p_tail,0.2851070079163927,4437
ahmedabad_ssp585_near_2030s_hot_2037,core_bottom,core,bottom,core,horizontal_GHI__zone_operative_temperature,0.30367271340126006,4437
ahmedabad_ssp585_near_2030s_hot_2037,core_bottom,core,bottom,core,horizontal_GHI__zone_p_tail,0.16434259953490943,4437
ahmedabad_ssp585_near_2030s_hot_2037,core_mid,core,middle,core,horizontal_GHI__zone_operative_temperature,0.2532072766690733,4437
ahmedabad_ssp585_near_2030s_hot_2037,core_mid,core,middle,core,horizontal_GHI__zone_p_tail,0.15295146637482737,4437
ahmedabad_ssp585_near_2030s_hot_2037,core_top,core,top,core,horizontal_GHI__zone_operative_temperature,0.33366225414334344,4437
ahmedabad_ssp585_near_2030s_hot_2037,core_top,core,top,core,horizontal_GHI__zone_p_tail,0.1850377941354205,4437
ahmedabad_ssp585_near_2030s_hot_2037,perimeter_top_zn_3,perimeter,top,north,horizontal_GHI__zone_operative_temperature,0.39392169021826073,4437
ahmedabad_ssp585_near_2030s_hot_2037,perimeter_top_zn_3,perimeter,top,north,horizontal_GHI__zone_p_tail,0.3820314836487695,4437
ahmedabad_ssp585_near_2030s_hot_2037,perimeter_top_zn_2,perimeter,top,east,horizontal_GHI__zone_operative_temperature,0.5777906547857984,4437
ahmedabad_ssp585_near_2030s_hot_2037,perimeter_top_zn_2,perimeter,top,east,horizontal_GHI__zone_p_tail,0.5294536115301427,4437
ahmedabad_ssp585_near_2030s_hot_2037,perimeter_top_zn_1,perimeter,top,south,horizontal_GHI__zone_operative_temperature,0.6267952739540915,4437
ahmedabad_ssp585_near_2030s_hot_2037,perimeter_top_zn_1,perimeter,top,south,horizontal_GHI__zone_p_tail,0.5624246591358938,4437
ahmedabad_ssp585_near_2030s_hot_2037,perimeter_top_zn_4,perimeter,top,west,horizontal_GHI__zone_operative_temperature,0.38873253496910304,4437
ahmedabad_ssp585_near_2030s_hot_2037,perimeter_top_zn_4,perimeter,top,west,horizontal_GHI__zone_p_tail,0.3045180420889484,4437
ahmedabad_ssp585_near_2030s_hot_2037,perimeter_bot_zn_3,perimeter,bottom,north,horizontal_GHI__zone_operative_temperature,0.3198478485709445,4437
ahmedabad_ssp585_near_2030s_hot_2037,perimeter_bot_zn_3,perimeter,bottom,north,horizontal_GHI__zone_p_tail,0.2576691957786886,4437
ahmedabad_ssp585_near_2030s_hot_2037,perimeter_bot_zn_2,perimeter,bottom,east,horizontal_GHI__zone_operative_temperature,0.4909949845589958,4437
ahmedabad_ssp585_near_2030s_hot_2037,perimeter_bot_zn_2,perimeter,bottom,east,horizontal_GHI__zone_p_tail,0.467226215304611,4437
ahmedabad_ssp585_near_2030s_hot_2037,perimeter_bot_zn_1,perimeter,bottom,south,horizontal_GHI__zone_operative_temperature,0.5220698011287059,4437
ahmedabad_ssp585_near_2030s_hot_2037,perimeter_bot_zn_1,perimeter,bottom,south,horizontal_GHI__zone_p_tail,0.48916897195383846,4437
ahmedabad_ssp585_near_2030s_hot_2037,perimeter_bot_zn_4,perimeter,bottom,west,horizontal_GHI__zone_operative_temperature,0.2913523629268571,4437
ahmedabad_ssp585_near_2030s_hot_2037,perimeter_bot_zn_4,perimeter,bottom,west,horizontal_GHI__zone_p_tail,0.19250359007198842,4437
ahmedabad_ssp585_near_2030s_hot_2037,perimeter_mid_zn_3,perimeter,middle,north,horizontal_GHI__zone_operative_temperature,0.3561746079246019,4437
ahmedabad_ssp585_near_2030s_hot_2037,perimeter_mid_zn_3,perimeter,middle,north,horizontal_GHI__zone_p_tail,0.3589513218497697,4437
ahmedabad_ssp585_near_2030s_hot_2037,perimeter_mid_zn_2,perimeter,middle,east,horizontal_GHI__zone_operative_temperature,0.5393971720945283,4437
ahmedabad_ssp585_near_2030s_hot_2037,perimeter_mid_zn_2,perimeter,middle,east,horizontal_GHI__zone_p_tail,0.4921699625494062,4437
ahmedabad_ssp585_near_2030s_hot_2037,perimeter_mid_zn_1,perimeter,middle,south,horizontal_GHI__zone_operative_temperature,0.631335849268868,4437
ahmedabad_ssp585_near_2030s_hot_2037,perimeter_mid_zn_1,perimeter,middle,south,horizontal_GHI__zone_p_tail,0.5839200682102729,4437
ahmedabad_ssp585_near_2030s_hot_2037,perimeter_mid_zn_4,perimeter,middle,west,horizontal_GHI__zone_operative_temperature,0.35935307068820443,4437
ahmedabad_ssp585_near_2030s_hot_2037,perimeter_mid_zn_4,perimeter,middle,west,horizontal_GHI__zone_p_tail,0.2851070079163927,4437
ahmedabad_ssp585_near_2030s_typical_2031,core_bottom,core,bottom,core,horizontal_GHI__zone_operative_temperature,0.319732427364091,4437
ahmedabad_ssp585_near_2030s_typical_2031,core_bottom,core,bottom,core,horizontal_GHI__zone_p_tail,0.13308845641487693,4437
ahmedabad_ssp585_near_2030s_typical_2031,core_mid,core,middle,core,horizontal_GHI__zone_operative_temperature,0.27073133254574483,4437
ahmedabad_ssp585_near_2030s_typical_2031,core_mid,core,middle,core,horizontal_GHI__zone_p_tail,0.12318837832535698,4437
ahmedabad_ssp585_near_2030s_typical_2031,core_top,core,top,core,horizontal_GHI__zone_operative_temperature,0.3564293569456458,4437
ahmedabad_ssp585_near_2030s_typical_2031,core_top,core,top,core,horizontal_GHI__zone_p_tail,0.16058718562546218,4437
ahmedabad_ssp585_near_2030s_typical_2031,perimeter_top_zn_3,perimeter,top,north,horizontal_GHI__zone_operative_temperature,0.4037019483341445,4437
ahmedabad_ssp585_near_2030s_typical_2031,perimeter_top_zn_3,perimeter,top,north,horizontal_GHI__zone_p_tail,0.3373551266257075,4437
ahmedabad_ssp585_near_2030s_typical_2031,perimeter_top_zn_2,perimeter,top,east,horizontal_GHI__zone_operative_temperature,0.5612198433585284,4437
ahmedabad_ssp585_near_2030s_typical_2031,perimeter_top_zn_2,perimeter,top,east,horizontal_GHI__zone_p_tail,0.5329500361142263,4437
ahmedabad_ssp585_near_2030s_typical_2031,perimeter_top_zn_1,perimeter,top,south,horizontal_GHI__zone_operative_temperature,0.5944466833829727,4437
ahmedabad_ssp585_near_2030s_typical_2031,perimeter_top_zn_1,perimeter,top,south,horizontal_GHI__zone_p_tail,0.5145374517058987,4437
ahmedabad_ssp585_near_2030s_typical_2031,perimeter_top_zn_4,perimeter,top,west,horizontal_GHI__zone_operative_temperature,0.39962549422587473,4437
ahmedabad_ssp585_near_2030s_typical_2031,perimeter_top_zn_4,perimeter,top,west,horizontal_GHI__zone_p_tail,0.2808245573326641,4437
ahmedabad_ssp585_near_2030s_typical_2031,perimeter_bot_zn_3,perimeter,bottom,north,horizontal_GHI__zone_operative_temperature,0.3335307378513646,4437
ahmedabad_ssp585_near_2030s_typical_2031,perimeter_bot_zn_3,perimeter,bottom,north,horizontal_GHI__zone_p_tail,0.2288192563119002,4437
ahmedabad_ssp585_near_2030s_typical_2031,perimeter_bot_zn_2,perimeter,bottom,east,horizontal_GHI__zone_operative_temperature,0.4849857073979363,4437
ahmedabad_ssp585_near_2030s_typical_2031,perimeter_bot_zn_2,perimeter,bottom,east,horizontal_GHI__zone_p_tail,0.435713205102184,4437
ahmedabad_ssp585_near_2030s_typical_2031,perimeter_bot_zn_1,perimeter,bottom,south,horizontal_GHI__zone_operative_temperature,0.48148695129072056,4437
ahmedabad_ssp585_near_2030s_typical_2031,perimeter_bot_zn_1,perimeter,bottom,south,horizontal_GHI__zone_p_tail,0.4265069061467589,4437
ahmedabad_ssp585_near_2030s_typical_2031,perimeter_bot_zn_4,perimeter,bottom,west,horizontal_GHI__zone_operative_temperature,0.3092047933958736,4437
ahmedabad_ssp585_near_2030s_typical_2031,perimeter_bot_zn_4,perimeter,bottom,west,horizontal_GHI__zone_p_tail,0.18631303683488462,4437
ahmedabad_ssp585_near_2030s_typical_2031,perimeter_mid_zn_3,perimeter,middle,north,horizontal_GHI__zone_operative_temperature,0.37270262993317665,4437
ahmedabad_ssp585_near_2030s_typical_2031,perimeter_mid_zn_3,perimeter,middle,north,horizontal_GHI__zone_p_tail,0.30360566352966734,4437
ahmedabad_ssp585_near_2030s_typical_2031,perimeter_mid_zn_2,perimeter,middle,east,horizontal_GHI__zone_operative_temperature,0.524858667575857,4437
ahmedabad_ssp585_near_2030s_typical_2031,perimeter_mid_zn_2,perimeter,middle,east,horizontal_GHI__zone_p_tail,0.4881234821513499,4437
ahmedabad_ssp585_near_2030s_typical_2031,perimeter_mid_zn_1,perimeter,middle,south,horizontal_GHI__zone_operative_temperature,0.5846628704333717,4437
ahmedabad_ssp585_near_2030s_typical_2031,perimeter_mid_zn_1,perimeter,middle,south,horizontal_GHI__zone_p_tail,0.5239525764395602,4437
ahmedabad_ssp585_near_2030s_typical_2031,perimeter_mid_zn_4,perimeter,middle,west,horizontal_GHI__zone_operative_temperature,0.37002160981500704,4437
ahmedabad_ssp585_near_2030s_typical_2031,perimeter_mid_zn_4,perimeter,middle,west,horizontal_GHI__zone_p_tail,0.25673190167411436,4437
beijing_ssp245_baseline_2020s_heatwave_extreme_2025,core_bottom,core,bottom,core,horizontal_GHI__zone_operative_temperature,0.45130585403454243,4437
beijing_ssp245_baseline_2020s_heatwave_extreme_2025,core_bottom,core,bottom,core,horizontal_GHI__zone_p_tail,-0.12593287150006222,4437
beijing_ssp245_baseline_2020s_heatwave_extreme_2025,core_mid,core,middle,core,horizontal_GHI__zone_operative_temperature,0.40825905503944815,4437
beijing_ssp245_baseline_2020s_heatwave_extreme_2025,core_mid,core,middle,core,horizontal_GHI__zone_p_tail,-0.10712492719222626,4437
beijing_ssp245_baseline_2020s_heatwave_extreme_2025,core_top,core,top,core,horizontal_GHI__zone_operative_temperature,0.46464090076856346,4437
beijing_ssp245_baseline_2020s_heatwave_extreme_2025,core_top,core,top,core,horizontal_GHI__zone_p_tail,-0.01983114889824444,4437
beijing_ssp245_baseline_2020s_heatwave_extreme_2025,perimeter_top_zn_3,perimeter,top,north,horizontal_GHI__zone_operative_temperature,0.4822887060185898,4437
beijing_ssp245_baseline_2020s_heatwave_extreme_2025,perimeter_top_zn_3,perimeter,top,north,horizontal_GHI__zone_p_tail,0.19885812101866276,4437
beijing_ssp245_baseline_2020s_heatwave_extreme_2025,perimeter_top_zn_2,perimeter,top,east,horizontal_GHI__zone_operative_temperature,0.5843658171884083,4437
beijing_ssp245_baseline_2020s_heatwave_extreme_2025,perimeter_top_zn_2,perimeter,top,east,horizontal_GHI__zone_p_tail,0.3626117312869904,4437
beijing_ssp245_baseline_2020s_heatwave_extreme_2025,perimeter_top_zn_1,perimeter,top,south,horizontal_GHI__zone_operative_temperature,0.7472860857204366,4437
beijing_ssp245_baseline_2020s_heatwave_extreme_2025,perimeter_top_zn_1,perimeter,top,south,horizontal_GHI__zone_p_tail,0.4357533868658255,4437
beijing_ssp245_baseline_2020s_heatwave_extreme_2025,perimeter_top_zn_4,perimeter,top,west,horizontal_GHI__zone_operative_temperature,0.49083878440637324,4437
beijing_ssp245_baseline_2020s_heatwave_extreme_2025,perimeter_top_zn_4,perimeter,top,west,horizontal_GHI__zone_p_tail,0.17794228503024984,4437
beijing_ssp245_baseline_2020s_heatwave_extreme_2025,perimeter_bot_zn_3,perimeter,bottom,north,horizontal_GHI__zone_operative_temperature,0.42137724842339214,4437
beijing_ssp245_baseline_2020s_heatwave_extreme_2025,perimeter_bot_zn_3,perimeter,bottom,north,horizontal_GHI__zone_p_tail,0.09549430440906526,4437
beijing_ssp245_baseline_2020s_heatwave_extreme_2025,perimeter_bot_zn_2,perimeter,bottom,east,horizontal_GHI__zone_operative_temperature,0.5246434514112284,4437
beijing_ssp245_baseline_2020s_heatwave_extreme_2025,perimeter_bot_zn_2,perimeter,bottom,east,horizontal_GHI__zone_p_tail,0.2602756301939026,4437
beijing_ssp245_baseline_2020s_heatwave_extreme_2025,perimeter_bot_zn_1,perimeter,bottom,south,horizontal_GHI__zone_operative_temperature,0.5659283247133756,4437
beijing_ssp245_baseline_2020s_heatwave_extreme_2025,perimeter_bot_zn_1,perimeter,bottom,south,horizontal_GHI__zone_p_tail,0.28581897280442936,4437
beijing_ssp245_baseline_2020s_heatwave_extreme_2025,perimeter_bot_zn_4,perimeter,bottom,west,horizontal_GHI__zone_operative_temperature,0.421079194655899,4437
beijing_ssp245_baseline_2020s_heatwave_extreme_2025,perimeter_bot_zn_4,perimeter,bottom,west,horizontal_GHI__zone_p_tail,0.08597924836596443,4437
beijing_ssp245_baseline_2020s_heatwave_extreme_2025,perimeter_mid_zn_3,perimeter,middle,north,horizontal_GHI__zone_operative_temperature,0.4725479709991758,4437
beijing_ssp245_baseline_2020s_heatwave_extreme_2025,perimeter_mid_zn_3,perimeter,middle,north,horizontal_GHI__zone_p_tail,0.15838972959175926,4437
beijing_ssp245_baseline_2020s_heatwave_extreme_2025,perimeter_mid_zn_2,perimeter,middle,east,horizontal_GHI__zone_operative_temperature,0.5758838197523352,4437
beijing_ssp245_baseline_2020s_heatwave_extreme_2025,perimeter_mid_zn_2,perimeter,middle,east,horizontal_GHI__zone_p_tail,0.3472808149026707,4437
beijing_ssp245_baseline_2020s_heatwave_extreme_2025,perimeter_mid_zn_1,perimeter,middle,south,horizontal_GHI__zone_operative_temperature,0.7531880514550872,4437
beijing_ssp245_baseline_2020s_heatwave_extreme_2025,perimeter_mid_zn_1,perimeter,middle,south,horizontal_GHI__zone_p_tail,0.4171435943043523,4437
beijing_ssp245_baseline_2020s_heatwave_extreme_2025,perimeter_mid_zn_4,perimeter,middle,west,horizontal_GHI__zone_operative_temperature,0.48339018158529795,4437
beijing_ssp245_baseline_2020s_heatwave_extreme_2025,perimeter_mid_zn_4,perimeter,middle,west,horizontal_GHI__zone_p_tail,0.13749441215986655,4437
beijing_ssp245_baseline_2020s_hot_2025,core_bottom,core,bottom,core,horizontal_GHI__zone_operative_temperature,0.45130585403454243,4437
beijing_ssp245_baseline_2020s_hot_2025,core_bottom,core,bottom,core,horizontal_GHI__zone_p_tail,-0.12593287150006222,4437
beijing_ssp245_baseline_2020s_hot_2025,core_mid,core,middle,core,horizontal_GHI__zone_operative_temperature,0.40825905503944815,4437
beijing_ssp245_baseline_2020s_hot_2025,core_mid,core,middle,core,horizontal_GHI__zone_p_tail,-0.10712492719222626,4437
beijing_ssp245_baseline_2020s_hot_2025,core_top,core,top,core,horizontal_GHI__zone_operative_temperature,0.46464090076856346,4437
beijing_ssp245_baseline_2020s_hot_2025,core_top,core,top,core,horizontal_GHI__zone_p_tail,-0.01983114889824444,4437
beijing_ssp245_baseline_2020s_hot_2025,perimeter_top_zn_3,perimeter,top,north,horizontal_GHI__zone_operative_temperature,0.4822887060185898,4437
beijing_ssp245_baseline_2020s_hot_2025,perimeter_top_zn_3,perimeter,top,north,horizontal_GHI__zone_p_tail,0.19885812101866276,4437
beijing_ssp245_baseline_2020s_hot_2025,perimeter_top_zn_2,perimeter,top,east,horizontal_GHI__zone_operative_temperature,0.5843658171884083,4437
beijing_ssp245_baseline_2020s_hot_2025,perimeter_top_zn_2,perimeter,top,east,horizontal_GHI__zone_p_tail,0.3626117312869904,4437
beijing_ssp245_baseline_2020s_hot_2025,perimeter_top_zn_1,perimeter,top,south,horizontal_GHI__zone_operative_temperature,0.7472860857204366,4437
beijing_ssp245_baseline_2020s_hot_2025,perimeter_top_zn_1,perimeter,top,south,horizontal_GHI__zone_p_tail,0.4357533868658255,4437
beijing_ssp245_baseline_2020s_hot_2025,perimeter_top_zn_4,perimeter,top,west,horizontal_GHI__zone_operative_temperature,0.49083878440637324,4437
beijing_ssp245_baseline_2020s_hot_2025,perimeter_top_zn_4,perimeter,top,west,horizontal_GHI__zone_p_tail,0.17794228503024984,4437
beijing_ssp245_baseline_2020s_hot_2025,perimeter_bot_zn_3,perimeter,bottom,north,horizontal_GHI__zone_operative_temperature,0.42137724842339214,4437
beijing_ssp245_baseline_2020s_hot_2025,perimeter_bot_zn_3,perimeter,bottom,north,horizontal_GHI__zone_p_tail,0.09549430440906526,4437
beijing_ssp245_baseline_2020s_hot_2025,perimeter_bot_zn_2,perimeter,bottom,east,horizontal_GHI__zone_operative_temperature,0.5246434514112284,4437
beijing_ssp245_baseline_2020s_hot_2025,perimeter_bot_zn_2,perimeter,bottom,east,horizontal_GHI__zone_p_tail,0.2602756301939026,4437
beijing_ssp245_baseline_2020s_hot_2025,perimeter_bot_zn_1,perimeter,bottom,south,horizontal_GHI__zone_operative_temperature,0.5659283247133756,4437
beijing_ssp245_baseline_2020s_hot_2025,perimeter_bot_zn_1,perimeter,bottom,south,horizontal_GHI__zone_p_tail,0.28581897280442936,4437
beijing_ssp245_baseline_2020s_hot_2025,perimeter_bot_zn_4,perimeter,bottom,west,horizontal_GHI__zone_operative_temperature,0.421079194655899,4437
beijing_ssp245_baseline_2020s_hot_2025,perimeter_bot_zn_4,perimeter,bottom,west,horizontal_GHI__zone_p_tail,0.08597924836596443,4437
beijing_ssp245_baseline_2020s_hot_2025,perimeter_mid_zn_3,perimeter,middle,north,horizontal_GHI__zone_operative_temperature,0.4725479709991758,4437
beijing_ssp245_baseline_2020s_hot_2025,perimeter_mid_zn_3,perimeter,middle,north,horizontal_GHI__zone_p_tail,0.15838972959175926,4437
beijing_ssp245_baseline_2020s_hot_2025,perimeter_mid_zn_2,perimeter,middle,east,horizontal_GHI__zone_operative_temperature,0.5758838197523352,4437
beijing_ssp245_baseline_2020s_hot_2025,perimeter_mid_zn_2,perimeter,middle,east,horizontal_GHI__zone_p_tail,0.3472808149026707,4437
beijing_ssp245_baseline_2020s_hot_2025,perimeter_mid_zn_1,perimeter,middle,south,horizontal_GHI__zone_operative_temperature,0.7531880514550872,4437
beijing_ssp245_baseline_2020s_hot_2025,perimeter_mid_zn_1,perimeter,middle,south,horizontal_GHI__zone_p_tail,0.4171435943043523,4437
beijing_ssp245_baseline_2020s_hot_2025,perimeter_mid_zn_4,perimeter,middle,west,horizontal_GHI__zone_operative_temperature,0.48339018158529795,4437
beijing_ssp245_baseline_2020s_hot_2025,perimeter_mid_zn_4,perimeter,middle,west,horizontal_GHI__zone_p_tail,0.13749441215986655,4437
beijing_ssp245_baseline_2020s_typical_2026,core_bottom,core,bottom,core,horizontal_GHI__zone_operative_temperature,0.4159538869490424,4437
beijing_ssp245_baseline_2020s_typical_2026,core_bottom,core,bottom,core,horizontal_GHI__zone_p_tail,-0.10590035784292523,4437
beijing_ssp245_baseline_2020s_typical_2026,core_mid,core,middle,core,horizontal_GHI__zone_operative_temperature,0.3662697801955681,4437
beijing_ssp245_baseline_2020s_typical_2026,core_mid,core,middle,core,horizontal_GHI__zone_p_tail,-0.1320036180869553,4437
beijing_ssp245_baseline_2020s_typical_2026,core_top,core,top,core,horizontal_GHI__zone_operative_temperature,0.42728825340731635,4437
beijing_ssp245_baseline_2020s_typical_2026,core_top,core,top,core,horizontal_GHI__zone_p_tail,-0.08870369288322169,4437
beijing_ssp245_baseline_2020s_typical_2026,perimeter_top_zn_3,perimeter,top,north,horizontal_GHI__zone_operative_temperature,0.43418544979097223,4437
beijing_ssp245_baseline_2020s_typical_2026,perimeter_top_zn_3,perimeter,top,north,horizontal_GHI__zone_p_tail,0.09369827311390712,4437
beijing_ssp245_baseline_2020s_typical_2026,perimeter_top_zn_2,perimeter,top,east,horizontal_GHI__zone_operative_temperature,0.5470227789159711,4437
beijing_ssp245_baseline_2020s_typical_2026,perimeter_top_zn_2,perimeter,top,east,horizontal_GHI__zone_p_tail,0.249964929252559,4437
beijing_ssp245_baseline_2020s_typical_2026,perimeter_top_zn_1,perimeter,top,south,horizontal_GHI__zone_operative_temperature,0.7603581418641819,4437
beijing_ssp245_baseline_2020s_typical_2026,perimeter_top_zn_1,perimeter,top,south,horizontal_GHI__zone_p_tail,0.3670288228045272,4437
beijing_ssp245_baseline_2020s_typical_2026,perimeter_top_zn_4,perimeter,top,west,horizontal_GHI__zone_operative_temperature,0.45074554165059105,4437
beijing_ssp245_baseline_2020s_typical_2026,perimeter_top_zn_4,perimeter,top,west,horizontal_GHI__zone_p_tail,0.10378569369780877,4437
beijing_ssp245_baseline_2020s_typical_2026,perimeter_bot_zn_3,perimeter,bottom,north,horizontal_GHI__zone_operative_temperature,0.36373458200639525,4437
beijing_ssp245_baseline_2020s_typical_2026,perimeter_bot_zn_3,perimeter,bottom,north,horizontal_GHI__zone_p_tail,-8.062258780208065e-05,4437
beijing_ssp245_baseline_2020s_typical_2026,perimeter_bot_zn_2,perimeter,bottom,east,horizontal_GHI__zone_operative_temperature,0.48540844736404426,4437
beijing_ssp245_baseline_2020s_typical_2026,perimeter_bot_zn_2,perimeter,bottom,east,horizontal_GHI__zone_p_tail,0.1612583330086112,4437
beijing_ssp245_baseline_2020s_typical_2026,perimeter_bot_zn_1,perimeter,bottom,south,horizontal_GHI__zone_operative_temperature,0.5286476045411269,4437
beijing_ssp245_baseline_2020s_typical_2026,perimeter_bot_zn_1,perimeter,bottom,south,horizontal_GHI__zone_p_tail,0.19867507863758394,4437
beijing_ssp245_baseline_2020s_typical_2026,perimeter_bot_zn_4,perimeter,bottom,west,horizontal_GHI__zone_operative_temperature,0.37747042375194706,4437
beijing_ssp245_baseline_2020s_typical_2026,perimeter_bot_zn_4,perimeter,bottom,west,horizontal_GHI__zone_p_tail,-0.017194929248593765,4437
beijing_ssp245_baseline_2020s_typical_2026,perimeter_mid_zn_3,perimeter,middle,north,horizontal_GHI__zone_operative_temperature,0.4237531004985956,4437
beijing_ssp245_baseline_2020s_typical_2026,perimeter_mid_zn_3,perimeter,middle,north,horizontal_GHI__zone_p_tail,0.046283442131395826,4437
beijing_ssp245_baseline_2020s_typical_2026,perimeter_mid_zn_2,perimeter,middle,east,horizontal_GHI__zone_operative_temperature,0.5457623097166509,4437
beijing_ssp245_baseline_2020s_typical_2026,perimeter_mid_zn_2,perimeter,middle,east,horizontal_GHI__zone_p_tail,0.21824198984795048,4437
beijing_ssp245_baseline_2020s_typical_2026,perimeter_mid_zn_1,perimeter,middle,south,horizontal_GHI__zone_operative_temperature,0.7832528973400108,4437
beijing_ssp245_baseline_2020s_typical_2026,perimeter_mid_zn_1,perimeter,middle,south,horizontal_GHI__zone_p_tail,0.3314394030081717,4437
beijing_ssp245_baseline_2020s_typical_2026,perimeter_mid_zn_4,perimeter,middle,west,horizontal_GHI__zone_operative_temperature,0.44737408669008544,4437
beijing_ssp245_baseline_2020s_typical_2026,perimeter_mid_zn_4,perimeter,middle,west,horizontal_GHI__zone_p_tail,0.04309442956288949,4437
beijing_ssp245_late_2080s_heatwave_extreme_2084,core_bottom,core,bottom,core,horizontal_GHI__zone_operative_temperature,0.448063808605243,4437
beijing_ssp245_late_2080s_heatwave_extreme_2084,core_bottom,core,bottom,core,horizontal_GHI__zone_p_tail,-0.005914036687197937,4437
beijing_ssp245_late_2080s_heatwave_extreme_2084,core_mid,core,middle,core,horizontal_GHI__zone_operative_temperature,0.4012612234476678,4437
beijing_ssp245_late_2080s_heatwave_extreme_2084,core_mid,core,middle,core,horizontal_GHI__zone_p_tail,-0.06371551417444483,4437
beijing_ssp245_late_2080s_heatwave_extreme_2084,core_top,core,top,core,horizontal_GHI__zone_operative_temperature,0.45574533238488846,4437
beijing_ssp245_late_2080s_heatwave_extreme_2084,core_top,core,top,core,horizontal_GHI__zone_p_tail,0.025405223149398137,4437
beijing_ssp245_late_2080s_heatwave_extreme_2084,perimeter_top_zn_3,perimeter,top,north,horizontal_GHI__zone_operative_temperature,0.476655912323136,4437
beijing_ssp245_late_2080s_heatwave_extreme_2084,perimeter_top_zn_3,perimeter,top,north,horizontal_GHI__zone_p_tail,0.24337809984731712,4437
beijing_ssp245_late_2080s_heatwave_extreme_2084,perimeter_top_zn_2,perimeter,top,east,horizontal_GHI__zone_operative_temperature,0.5663820549015776,4437
beijing_ssp245_late_2080s_heatwave_extreme_2084,perimeter_top_zn_2,perimeter,top,east,horizontal_GHI__zone_p_tail,0.37807617553596473,4437
beijing_ssp245_late_2080s_heatwave_extreme_2084,perimeter_top_zn_1,perimeter,top,south,horizontal_GHI__zone_operative_temperature,0.7042635437939886,4437
beijing_ssp245_late_2080s_heatwave_extreme_2084,perimeter_top_zn_1,perimeter,top,south,horizontal_GHI__zone_p_tail,0.41109297110436427,4437
beijing_ssp245_late_2080s_heatwave_extreme_2084,perimeter_top_zn_4,perimeter,top,west,horizontal_GHI__zone_operative_temperature,0.48453511741889405,4437
beijing_ssp245_late_2080s_heatwave_extreme_2084,perimeter_top_zn_4,perimeter,top,west,horizontal_GHI__zone_p_tail,0.22085487853350286,4437
beijing_ssp245_late_2080s_heatwave_extreme_2084,perimeter_bot_zn_3,perimeter,bottom,north,horizontal_GHI__zone_operative_temperature,0.42243542356801433,4437
beijing_ssp245_late_2080s_heatwave_extreme_2084,perimeter_bot_zn_3,perimeter,bottom,north,horizontal_GHI__zone_p_tail,0.15165845084490656,4437
beijing_ssp245_late_2080s_heatwave_extreme_2084,perimeter_bot_zn_2,perimeter,bottom,east,horizontal_GHI__zone_operative_temperature,0.5106429933727198,4437
beijing_ssp245_late_2080s_heatwave_extreme_2084,perimeter_bot_zn_2,perimeter,bottom,east,horizontal_GHI__zone_p_tail,0.37953762710888944,4437
beijing_ssp245_late_2080s_heatwave_extreme_2084,perimeter_bot_zn_1,perimeter,bottom,south,horizontal_GHI__zone_operative_temperature,0.5541027475726401,4437
beijing_ssp245_late_2080s_heatwave_extreme_2084,perimeter_bot_zn_1,perimeter,bottom,south,horizontal_GHI__zone_p_tail,0.31695894494858334,4437
beijing_ssp245_late_2080s_heatwave_extreme_2084,perimeter_bot_zn_4,perimeter,bottom,west,horizontal_GHI__zone_operative_temperature,0.42066299556550674,4437
beijing_ssp245_late_2080s_heatwave_extreme_2084,perimeter_bot_zn_4,perimeter,bottom,west,horizontal_GHI__zone_p_tail,0.15448630135577396,4437
beijing_ssp245_late_2080s_heatwave_extreme_2084,perimeter_mid_zn_3,perimeter,middle,north,horizontal_GHI__zone_operative_temperature,0.4702576340267172,4437
beijing_ssp245_late_2080s_heatwave_extreme_2084,perimeter_mid_zn_3,perimeter,middle,north,horizontal_GHI__zone_p_tail,0.24767159246187295,4437
beijing_ssp245_late_2080s_heatwave_extreme_2084,perimeter_mid_zn_2,perimeter,middle,east,horizontal_GHI__zone_operative_temperature,0.5626124839799986,4437
beijing_ssp245_late_2080s_heatwave_extreme_2084,perimeter_mid_zn_2,perimeter,middle,east,horizontal_GHI__zone_p_tail,0.3790899136268298,4437
beijing_ssp245_late_2080s_heatwave_extreme_2084,perimeter_mid_zn_1,perimeter,middle,south,horizontal_GHI__zone_operative_temperature,0.708085109743268,4437
beijing_ssp245_late_2080s_heatwave_extreme_2084,perimeter_mid_zn_1,perimeter,middle,south,horizontal_GHI__zone_p_tail,0.4036384951961838,4437
beijing_ssp245_late_2080s_heatwave_extreme_2084,perimeter_mid_zn_4,perimeter,middle,west,horizontal_GHI__zone_operative_temperature,0.4801082484358866,4437
beijing_ssp245_late_2080s_heatwave_extreme_2084,perimeter_mid_zn_4,perimeter,middle,west,horizontal_GHI__zone_p_tail,0.18425483703716225,4437
beijing_ssp245_late_2080s_hot_2084,core_bottom,core,bottom,core,horizontal_GHI__zone_operative_temperature,0.448063808605243,4437
beijing_ssp245_late_2080s_hot_2084,core_bottom,core,bottom,core,horizontal_GHI__zone_p_tail,-0.005914036687197937,4437
beijing_ssp245_late_2080s_hot_2084,core_mid,core,middle,core,horizontal_GHI__zone_operative_temperature,0.4012612234476678,4437
beijing_ssp245_late_2080s_hot_2084,core_mid,core,middle,core,horizontal_GHI__zone_p_tail,-0.06371551417444483,4437
beijing_ssp245_late_2080s_hot_2084,core_top,core,top,core,horizontal_GHI__zone_operative_temperature,0.45574533238488846,4437
beijing_ssp245_late_2080s_hot_2084,core_top,core,top,core,horizontal_GHI__zone_p_tail,0.025405223149398137,4437
beijing_ssp245_late_2080s_hot_2084,perimeter_top_zn_3,perimeter,top,north,horizontal_GHI__zone_operative_temperature,0.476655912323136,4437
beijing_ssp245_late_2080s_hot_2084,perimeter_top_zn_3,perimeter,top,north,horizontal_GHI__zone_p_tail,0.24337809984731712,4437
beijing_ssp245_late_2080s_hot_2084,perimeter_top_zn_2,perimeter,top,east,horizontal_GHI__zone_operative_temperature,0.5663820549015776,4437
beijing_ssp245_late_2080s_hot_2084,perimeter_top_zn_2,perimeter,top,east,horizontal_GHI__zone_p_tail,0.37807617553596473,4437
beijing_ssp245_late_2080s_hot_2084,perimeter_top_zn_1,perimeter,top,south,horizontal_GHI__zone_operative_temperature,0.7042635437939886,4437
beijing_ssp245_late_2080s_hot_2084,perimeter_top_zn_1,perimeter,top,south,horizontal_GHI__zone_p_tail,0.41109297110436427,4437
beijing_ssp245_late_2080s_hot_2084,perimeter_top_zn_4,perimeter,top,west,horizontal_GHI__zone_operative_temperature,0.48453511741889405,4437
beijing_ssp245_late_2080s_hot_2084,perimeter_top_zn_4,perimeter,top,west,horizontal_GHI__zone_p_tail,0.22085487853350286,4437
beijing_ssp245_late_2080s_hot_2084,perimeter_bot_zn_3,perimeter,bottom,north,horizontal_GHI__zone_operative_temperature,0.42243542356801433,4437
beijing_ssp245_late_2080s_hot_2084,perimeter_bot_zn_3,perimeter,bottom,north,horizontal_GHI__zone_p_tail,0.15165845084490656,4437
beijing_ssp245_late_2080s_hot_2084,perimeter_bot_zn_2,perimeter,bottom,east,horizontal_GHI__zone_operative_temperature,0.5106429933727198,4437
beijing_ssp245_late_2080s_hot_2084,perimeter_bot_zn_2,perimeter,bottom,east,horizontal_GHI__zone_p_tail,0.37953762710888944,4437
beijing_ssp245_late_2080s_hot_2084,perimeter_bot_zn_1,perimeter,bottom,south,horizontal_GHI__zone_operative_temperature,0.5541027475726401,4437
beijing_ssp245_late_2080s_hot_2084,perimeter_bot_zn_1,perimeter,bottom,south,horizontal_GHI__zone_p_tail,0.31695894494858334,4437
beijing_ssp245_late_2080s_hot_2084,perimeter_bot_zn_4,perimeter,bottom,west,horizontal_GHI__zone_operative_temperature,0.42066299556550674,4437
beijing_ssp245_late_2080s_hot_2084,perimeter_bot_zn_4,perimeter,bottom,west,horizontal_GHI__zone_p_tail,0.15448630135577396,4437
beijing_ssp245_late_2080s_hot_2084,perimeter_mid_zn_3,perimeter,middle,north,horizontal_GHI__zone_operative_temperature,0.4702576340267172,4437
beijing_ssp245_late_2080s_hot_2084,perimeter_mid_zn_3,perimeter,middle,north,horizontal_GHI__zone_p_tail,0.24767159246187295,4437
beijing_ssp245_late_2080s_hot_2084,perimeter_mid_zn_2,perimeter,middle,east,horizontal_GHI__zone_operative_temperature,0.5626124839799986,4437
beijing_ssp245_late_2080s_hot_2084,perimeter_mid_zn_2,perimeter,middle,east,horizontal_GHI__zone_p_tail,0.3790899136268298,4437
beijing_ssp245_late_2080s_hot_2084,perimeter_mid_zn_1,perimeter,middle,south,horizontal_GHI__zone_operative_temperature,0.708085109743268,4437
beijing_ssp245_late_2080s_hot_2084,perimeter_mid_zn_1,perimeter,middle,south,horizontal_GHI__zone_p_tail,0.4036384951961838,4437
beijing_ssp245_late_2080s_hot_2084,perimeter_mid_zn_4,perimeter,middle,west,horizontal_GHI__zone_operative_temperature,0.4801082484358866,4437
beijing_ssp245_late_2080s_hot_2084,perimeter_mid_zn_4,perimeter,middle,west,horizontal_GHI__zone_p_tail,0.18425483703716225,4437
beijing_ssp245_late_2080s_typical_2083,core_bottom,core,bottom,core,horizontal_GHI__zone_operative_temperature,0.446410790982737,4437
beijing_ssp245_late_2080s_typical_2083,core_bottom,core,bottom,core,horizontal_GHI__zone_p_tail,0.006236796038112509,4437
beijing_ssp245_late_2080s_typical_2083,core_mid,core,middle,core,horizontal_GHI__zone_operative_temperature,0.40367638067551875,4437
beijing_ssp245_late_2080s_typical_2083,core_mid,core,middle,core,horizontal_GHI__zone_p_tail,-0.019015785725035844,4437
beijing_ssp245_late_2080s_typical_2083,core_top,core,top,core,horizontal_GHI__zone_operative_temperature,0.4536802050761055,4437
beijing_ssp245_late_2080s_typical_2083,core_top,core,top,core,horizontal_GHI__zone_p_tail,0.06499692809694438,4437
beijing_ssp245_late_2080s_typical_2083,perimeter_top_zn_3,perimeter,top,north,horizontal_GHI__zone_operative_temperature,0.4704778175821776,4437
beijing_ssp245_late_2080s_typical_2083,perimeter_top_zn_3,perimeter,top,north,horizontal_GHI__zone_p_tail,0.21274193643300937,4437
beijing_ssp245_late_2080s_typical_2083,perimeter_top_zn_2,perimeter,top,east,horizontal_GHI__zone_operative_temperature,0.5554361452974713,4437
beijing_ssp245_late_2080s_typical_2083,perimeter_top_zn_2,perimeter,top,east,horizontal_GHI__zone_p_tail,0.38823276047111455,4437
beijing_ssp245_late_2080s_typical_2083,perimeter_top_zn_1,perimeter,top,south,horizontal_GHI__zone_operative_temperature,0.6909767860202344,4437
beijing_ssp245_late_2080s_typical_2083,perimeter_top_zn_1,perimeter,top,south,horizontal_GHI__zone_p_tail,0.45419883419323615,4437
beijing_ssp245_late_2080s_typical_2083,perimeter_top_zn_4,perimeter,top,west,horizontal_GHI__zone_operative_temperature,0.47813485157714486,4437
beijing_ssp245_late_2080s_typical_2083,perimeter_top_zn_4,perimeter,top,west,horizontal_GHI__zone_p_tail,0.20230889823810616,4437
beijing_ssp245_late_2080s_typical_2083,perimeter_bot_zn_3,perimeter,bottom,north,horizontal_GHI__zone_operative_temperature,0.42015173782435417,4437
beijing_ssp245_late_2080s_typical_2083,perimeter_bot_zn_3,perimeter,bottom,north,horizontal_GHI__zone_p_tail,0.1205541569788676,4437
beijing_ssp245_late_2080s_typical_2083,perimeter_bot_zn_2,perimeter,bottom,east,horizontal_GHI__zone_operative_temperature,0.5018866654482955,4437
beijing_ssp245_late_2080s_typical_2083,perimeter_bot_zn_2,perimeter,bottom,east,horizontal_GHI__zone_p_tail,0.3137667235904758,4437
beijing_ssp245_late_2080s_typical_2083,perimeter_bot_zn_1,perimeter,bottom,south,horizontal_GHI__zone_operative_temperature,0.5278095151210401,4437
beijing_ssp245_late_2080s_typical_2083,perimeter_bot_zn_1,perimeter,bottom,south,horizontal_GHI__zone_p_tail,0.3146974429630801,4437
beijing_ssp245_late_2080s_typical_2083,perimeter_bot_zn_4,perimeter,bottom,west,horizontal_GHI__zone_operative_temperature,0.41756098380490814,4437
beijing_ssp245_late_2080s_typical_2083,perimeter_bot_zn_4,perimeter,bottom,west,horizontal_GHI__zone_p_tail,0.14318820432580584,4437
beijing_ssp245_late_2080s_typical_2083,perimeter_mid_zn_3,perimeter,middle,north,horizontal_GHI__zone_operative_temperature,0.46441403898081113,4437
beijing_ssp245_late_2080s_typical_2083,perimeter_mid_zn_3,perimeter,middle,north,horizontal_GHI__zone_p_tail,0.19850777591111207,4437
beijing_ssp245_late_2080s_typical_2083,perimeter_mid_zn_2,perimeter,middle,east,horizontal_GHI__zone_operative_temperature,0.5506701469036808,4437
beijing_ssp245_late_2080s_typical_2083,perimeter_mid_zn_2,perimeter,middle,east,horizontal_GHI__zone_p_tail,0.39737338620211,4437
beijing_ssp245_late_2080s_typical_2083,perimeter_mid_zn_1,perimeter,middle,south,horizontal_GHI__zone_operative_temperature,0.6948086786233516,4437
beijing_ssp245_late_2080s_typical_2083,perimeter_mid_zn_1,perimeter,middle,south,horizontal_GHI__zone_p_tail,0.4433267321024023,4437
beijing_ssp245_late_2080s_typical_2083,perimeter_mid_zn_4,perimeter,middle,west,horizontal_GHI__zone_operative_temperature,0.4715568457141969,4437
beijing_ssp245_late_2080s_typical_2083,perimeter_mid_zn_4,perimeter,middle,west,horizontal_GHI__zone_p_tail,0.1877589551067164,4437
beijing_ssp245_mid_2050s_heatwave_extreme_2050,core_bottom,core,bottom,core,horizontal_GHI__zone_operative_temperature,0.4549735137647963,4437
beijing_ssp245_mid_2050s_heatwave_extreme_2050,core_bottom,core,bottom,core,horizontal_GHI__zone_p_tail,-0.007470878491527086,4437
beijing_ssp245_mid_2050s_heatwave_extreme_2050,core_mid,core,middle,core,horizontal_GHI__zone_operative_temperature,0.40648910247123254,4437
beijing_ssp245_mid_2050s_heatwave_extreme_2050,core_mid,core,middle,core,horizontal_GHI__zone_p_tail,-0.07055238695397127,4437
beijing_ssp245_mid_2050s_heatwave_extreme_2050,core_top,core,top,core,horizontal_GHI__zone_operative_temperature,0.4635966873217526,4437
beijing_ssp245_mid_2050s_heatwave_extreme_2050,core_top,core,top,core,horizontal_GHI__zone_p_tail,0.024642809482366152,4437
beijing_ssp245_mid_2050s_heatwave_extreme_2050,perimeter_top_zn_3,perimeter,top,north,horizontal_GHI__zone_operative_temperature,0.4886397368908337,4437
beijing_ssp245_mid_2050s_heatwave_extreme_2050,perimeter_top_zn_3,perimeter,top,north,horizontal_GHI__zone_p_tail,0.2506423905652227,4437
beijing_ssp245_mid_2050s_heatwave_extreme_2050,perimeter_top_zn_2,perimeter,top,east,horizontal_GHI__zone_operative_temperature,0.5816498716432222,4437
beijing_ssp245_mid_2050s_heatwave_extreme_2050,perimeter_top_zn_2,perimeter,top,east,horizontal_GHI__zone_p_tail,0.3609359559051121,4437
beijing_ssp245_mid_2050s_heatwave_extreme_2050,perimeter_top_zn_1,perimeter,top,south,horizontal_GHI__zone_operative_temperature,0.7199278277387782,4437
beijing_ssp245_mid_2050s_heatwave_extreme_2050,perimeter_top_zn_1,perimeter,top,south,horizontal_GHI__zone_p_tail,0.4273899926032553,4437
beijing_ssp245_mid_2050s_heatwave_extreme_2050,perimeter_top_zn_4,perimeter,top,west,horizontal_GHI__zone_operative_temperature,0.4964078126723795,4437
beijing_ssp245_mid_2050s_heatwave_extreme_2050,perimeter_top_zn_4,perimeter,top,west,horizontal_GHI__zone_p_tail,0.2082534019726982,4437
beijing_ssp245_mid_2050s_heatwave_extreme_2050,perimeter_bot_zn_3,perimeter,bottom,north,horizontal_GHI__zone_operative_temperature,0.43033267537211756,4437
beijing_ssp245_mid_2050s_heatwave_extreme_2050,perimeter_bot_zn_3,perimeter,bottom,north,horizontal_GHI__zone_p_tail,0.15793222927739484,4437
beijing_ssp245_mid_2050s_heatwave_extreme_2050,perimeter_bot_zn_2,perimeter,bottom,east,horizontal_GHI__zone_operative_temperature,0.5217789807684415,4437
beijing_ssp245_mid_2050s_heatwave_extreme_2050,perimeter_bot_zn_2,perimeter,bottom,east,horizontal_GHI__zone_p_tail,0.32441225295665926,4437
beijing_ssp245_mid_2050s_heatwave_extreme_2050,perimeter_bot_zn_1,perimeter,bottom,south,horizontal_GHI__zone_operative_temperature,0.5634759490469956,4437
beijing_ssp245_mid_2050s_heatwave_extreme_2050,perimeter_bot_zn_1,perimeter,bottom,south,horizontal_GHI__zone_p_tail,0.3286872607435258,4437
beijing_ssp245_mid_2050s_heatwave_extreme_2050,perimeter_bot_zn_4,perimeter,bottom,west,horizontal_GHI__zone_operative_temperature,0.42876915670583576,4437
beijing_ssp245_mid_2050s_heatwave_extreme_2050,perimeter_bot_zn_4,perimeter,bottom,west,horizontal_GHI__zone_p_tail,0.15254113106512954,4437
beijing_ssp245_mid_2050s_heatwave_extreme_2050,perimeter_mid_zn_3,perimeter,middle,north,horizontal_GHI__zone_operative_temperature,0.4777098639215011,4437
beijing_ssp245_mid_2050s_heatwave_extreme_2050,perimeter_mid_zn_3,perimeter,middle,north,horizontal_GHI__zone_p_tail,0.24493103122826462,4437
beijing_ssp245_mid_2050s_heatwave_extreme_2050,perimeter_mid_zn_2,perimeter,middle,east,horizontal_GHI__zone_operative_temperature,0.5740130954229674,4437
beijing_ssp245_mid_2050s_heatwave_extreme_2050,perimeter_mid_zn_2,perimeter,middle,east,horizontal_GHI__zone_p_tail,0.38586644874380766,4437
beijing_ssp245_mid_2050s_heatwave_extreme_2050,perimeter_mid_zn_1,perimeter,middle,south,horizontal_GHI__zone_operative_temperature,0.7222161747421109,4437
beijing_ssp245_mid_2050s_heatwave_extreme_2050,perimeter_mid_zn_1,perimeter,middle,south,horizontal_GHI__zone_p_tail,0.42361963606861724,4437
beijing_ssp245_mid_2050s_heatwave_extreme_2050,perimeter_mid_zn_4,perimeter,middle,west,horizontal_GHI__zone_operative_temperature,0.4880823794516297,4437
beijing_ssp245_mid_2050s_heatwave_extreme_2050,perimeter_mid_zn_4,perimeter,middle,west,horizontal_GHI__zone_p_tail,0.17175960896234008,4437
beijing_ssp245_mid_2050s_hot_2050,core_bottom,core,bottom,core,horizontal_GHI__zone_operative_temperature,0.4549735137647963,4437
beijing_ssp245_mid_2050s_hot_2050,core_bottom,core,bottom,core,horizontal_GHI__zone_p_tail,-0.007470878491527086,4437
beijing_ssp245_mid_2050s_hot_2050,core_mid,core,middle,core,horizontal_GHI__zone_operative_temperature,0.40648910247123254,4437
beijing_ssp245_mid_2050s_hot_2050,core_mid,core,middle,core,horizontal_GHI__zone_p_tail,-0.07055238695397127,4437
beijing_ssp245_mid_2050s_hot_2050,core_top,core,top,core,horizontal_GHI__zone_operative_temperature,0.4635966873217526,4437
beijing_ssp245_mid_2050s_hot_2050,core_top,core,top,core,horizontal_GHI__zone_p_tail,0.024642809482366152,4437
beijing_ssp245_mid_2050s_hot_2050,perimeter_top_zn_3,perimeter,top,north,horizontal_GHI__zone_operative_temperature,0.4886397368908337,4437
beijing_ssp245_mid_2050s_hot_2050,perimeter_top_zn_3,perimeter,top,north,horizontal_GHI__zone_p_tail,0.2506423905652227,4437
beijing_ssp245_mid_2050s_hot_2050,perimeter_top_zn_2,perimeter,top,east,horizontal_GHI__zone_operative_temperature,0.5816498716432222,4437
beijing_ssp245_mid_2050s_hot_2050,perimeter_top_zn_2,perimeter,top,east,horizontal_GHI__zone_p_tail,0.3609359559051121,4437
beijing_ssp245_mid_2050s_hot_2050,perimeter_top_zn_1,perimeter,top,south,horizontal_GHI__zone_operative_temperature,0.7199278277387782,4437
beijing_ssp245_mid_2050s_hot_2050,perimeter_top_zn_1,perimeter,top,south,horizontal_GHI__zone_p_tail,0.4273899926032553,4437
beijing_ssp245_mid_2050s_hot_2050,perimeter_top_zn_4,perimeter,top,west,horizontal_GHI__zone_operative_temperature,0.4964078126723795,4437
beijing_ssp245_mid_2050s_hot_2050,perimeter_top_zn_4,perimeter,top,west,horizontal_GHI__zone_p_tail,0.2082534019726982,4437
beijing_ssp245_mid_2050s_hot_2050,perimeter_bot_zn_3,perimeter,bottom,north,horizontal_GHI__zone_operative_temperature,0.43033267537211756,4437
beijing_ssp245_mid_2050s_hot_2050,perimeter_bot_zn_3,perimeter,bottom,north,horizontal_GHI__zone_p_tail,0.15793222927739484,4437
beijing_ssp245_mid_2050s_hot_2050,perimeter_bot_zn_2,perimeter,bottom,east,horizontal_GHI__zone_operative_temperature,0.5217789807684415,4437
beijing_ssp245_mid_2050s_hot_2050,perimeter_bot_zn_2,perimeter,bottom,east,horizontal_GHI__zone_p_tail,0.32441225295665926,4437
beijing_ssp245_mid_2050s_hot_2050,perimeter_bot_zn_1,perimeter,bottom,south,horizontal_GHI__zone_operative_temperature,0.5634759490469956,4437
beijing_ssp245_mid_2050s_hot_2050,perimeter_bot_zn_1,perimeter,bottom,south,horizontal_GHI__zone_p_tail,0.3286872607435258,4437
beijing_ssp245_mid_2050s_hot_2050,perimeter_bot_zn_4,perimeter,bottom,west,horizontal_GHI__zone_operative_temperature,0.42876915670583576,4437
beijing_ssp245_mid_2050s_hot_2050,perimeter_bot_zn_4,perimeter,bottom,west,horizontal_GHI__zone_p_tail,0.15254113106512954,4437
beijing_ssp245_mid_2050s_hot_2050,perimeter_mid_zn_3,perimeter,middle,north,horizontal_GHI__zone_operative_temperature,0.4777098639215011,4437
beijing_ssp245_mid_2050s_hot_2050,perimeter_mid_zn_3,perimeter,middle,north,horizontal_GHI__zone_p_tail,0.24493103122826462,4437
beijing_ssp245_mid_2050s_hot_2050,perimeter_mid_zn_2,perimeter,middle,east,horizontal_GHI__zone_operative_temperature,0.5740130954229674,4437
beijing_ssp245_mid_2050s_hot_2050,perimeter_mid_zn_2,perimeter,middle,east,horizontal_GHI__zone_p_tail,0.38586644874380766,4437
beijing_ssp245_mid_2050s_hot_2050,perimeter_mid_zn_1,perimeter,middle,south,horizontal_GHI__zone_operative_temperature,0.7222161747421109,4437
beijing_ssp245_mid_2050s_hot_2050,perimeter_mid_zn_1,perimeter,middle,south,horizontal_GHI__zone_p_tail,0.42361963606861724,4437
beijing_ssp245_mid_2050s_hot_2050,perimeter_mid_zn_4,perimeter,middle,west,horizontal_GHI__zone_operative_temperature,0.4880823794516297,4437
beijing_ssp245_mid_2050s_hot_2050,perimeter_mid_zn_4,perimeter,middle,west,horizontal_GHI__zone_p_tail,0.17175960896234008,4437
beijing_ssp245_mid_2050s_typical_2056,core_bottom,core,bottom,core,horizontal_GHI__zone_operative_temperature,0.43140460527143126,4437
beijing_ssp245_mid_2050s_typical_2056,core_bottom,core,bottom,core,horizontal_GHI__zone_p_tail,-0.07527856231518366,4437
beijing_ssp245_mid_2050s_typical_2056,core_mid,core,middle,core,horizontal_GHI__zone_operative_temperature,0.3879259514812188,4437
beijing_ssp245_mid_2050s_typical_2056,core_mid,core,middle,core,horizontal_GHI__zone_p_tail,-0.08639370589133069,4437
beijing_ssp245_mid_2050s_typical_2056,core_top,core,top,core,horizontal_GHI__zone_operative_temperature,0.44447000049608776,4437
beijing_ssp245_mid_2050s_typical_2056,core_top,core,top,core,horizontal_GHI__zone_p_tail,-0.013199178789365397,4437
beijing_ssp245_mid_2050s_typical_2056,perimeter_top_zn_3,perimeter,top,north,horizontal_GHI__zone_operative_temperature,0.4640351191923992,4437
beijing_ssp245_mid_2050s_typical_2056,perimeter_top_zn_3,perimeter,top,north,horizontal_GHI__zone_p_tail,0.1896928134350729,4437
beijing_ssp245_mid_2050s_typical_2056,perimeter_top_zn_2,perimeter,top,east,horizontal_GHI__zone_operative_temperature,0.5631391417447379,4437
beijing_ssp245_mid_2050s_typical_2056,perimeter_top_zn_2,perimeter,top,east,horizontal_GHI__zone_p_tail,0.33828124425858974,4437
beijing_ssp245_mid_2050s_typical_2056,perimeter_top_zn_1,perimeter,top,south,horizontal_GHI__zone_operative_temperature,0.7394621395193137,4437
beijing_ssp245_mid_2050s_typical_2056,perimeter_top_zn_1,perimeter,top,south,horizontal_GHI__zone_p_tail,0.4339514418725559,4437
beijing_ssp245_mid_2050s_typical_2056,perimeter_top_zn_4,perimeter,top,west,horizontal_GHI__zone_operative_temperature,0.4823386067053318,4437
beijing_ssp245_mid_2050s_typical_2056,perimeter_top_zn_4,perimeter,top,west,horizontal_GHI__zone_p_tail,0.1598851152762704,4437
beijing_ssp245_mid_2050s_typical_2056,perimeter_bot_zn_3,perimeter,bottom,north,horizontal_GHI__zone_operative_temperature,0.40556581206989395,4437
beijing_ssp245_mid_2050s_typical_2056,perimeter_bot_zn_3,perimeter,bottom,north,horizontal_GHI__zone_p_tail,0.08188967858748294,4437
beijing_ssp245_mid_2050s_typical_2056,perimeter_bot_zn_2,perimeter,bottom,east,horizontal_GHI__zone_operative_temperature,0.502690212688468,4437
beijing_ssp245_mid_2050s_typical_2056,perimeter_bot_zn_2,perimeter,bottom,east,horizontal_GHI__zone_p_tail,0.24753039480459343,4437
beijing_ssp245_mid_2050s_typical_2056,perimeter_bot_zn_1,perimeter,bottom,south,horizontal_GHI__zone_operative_temperature,0.5464655459306444,4437
beijing_ssp245_mid_2050s_typical_2056,perimeter_bot_zn_1,perimeter,bottom,south,horizontal_GHI__zone_p_tail,0.298111357399493,4437
beijing_ssp245_mid_2050s_typical_2056,perimeter_bot_zn_4,perimeter,bottom,west,horizontal_GHI__zone_operative_temperature,0.4122031022958276,4437
beijing_ssp245_mid_2050s_typical_2056,perimeter_bot_zn_4,perimeter,bottom,west,horizontal_GHI__zone_p_tail,0.07189060165575163,4437
beijing_ssp245_mid_2050s_typical_2056,perimeter_mid_zn_3,perimeter,middle,north,horizontal_GHI__zone_operative_temperature,0.4526935972058727,4437
beijing_ssp245_mid_2050s_typical_2056,perimeter_mid_zn_3,perimeter,middle,north,horizontal_GHI__zone_p_tail,0.16601713977493684,4437
beijing_ssp245_mid_2050s_typical_2056,perimeter_mid_zn_2,perimeter,middle,east,horizontal_GHI__zone_operative_temperature,0.557819276843754,4437
beijing_ssp245_mid_2050s_typical_2056,perimeter_mid_zn_2,perimeter,middle,east,horizontal_GHI__zone_p_tail,0.31147585184655857,4437
beijing_ssp245_mid_2050s_typical_2056,perimeter_mid_zn_1,perimeter,middle,south,horizontal_GHI__zone_operative_temperature,0.7502586642452286,4437
beijing_ssp245_mid_2050s_typical_2056,perimeter_mid_zn_1,perimeter,middle,south,horizontal_GHI__zone_p_tail,0.4181702101154341,4437
beijing_ssp245_mid_2050s_typical_2056,perimeter_mid_zn_4,perimeter,middle,west,horizontal_GHI__zone_operative_temperature,0.4750854416488334,4437
beijing_ssp245_mid_2050s_typical_2056,perimeter_mid_zn_4,perimeter,middle,west,horizontal_GHI__zone_p_tail,0.13054186498004403,4437
beijing_ssp245_near_2030s_heatwave_extreme_2039,core_bottom,core,bottom,core,horizontal_GHI__zone_operative_temperature,0.4112205553139439,4437
beijing_ssp245_near_2030s_heatwave_extreme_2039,core_bottom,core,bottom,core,horizontal_GHI__zone_p_tail,-0.07659950352944225,4437
beijing_ssp245_near_2030s_heatwave_extreme_2039,core_mid,core,middle,core,horizontal_GHI__zone_operative_temperature,0.3728567396429884,4437
beijing_ssp245_near_2030s_heatwave_extreme_2039,core_mid,core,middle,core,horizontal_GHI__zone_p_tail,-0.12061843570459499,4437
beijing_ssp245_near_2030s_heatwave_extreme_2039,core_top,core,top,core,horizontal_GHI__zone_operative_temperature,0.43876531818553116,4437
beijing_ssp245_near_2030s_heatwave_extreme_2039,core_top,core,top,core,horizontal_GHI__zone_p_tail,-0.06347823957493058,4437
beijing_ssp245_near_2030s_heatwave_extreme_2039,perimeter_top_zn_3,perimeter,top,north,horizontal_GHI__zone_operative_temperature,0.45543213389666726,4437
beijing_ssp245_near_2030s_heatwave_extreme_2039,perimeter_top_zn_3,perimeter,top,north,horizontal_GHI__zone_p_tail,0.14804485417778115,4437
beijing_ssp245_near_2030s_heatwave_extreme_2039,perimeter_top_zn_2,perimeter,top,east,horizontal_GHI__zone_operative_temperature,0.5541592913358847,4437
beijing_ssp245_near_2030s_heatwave_extreme_2039,perimeter_top_zn_2,perimeter,top,east,horizontal_GHI__zone_p_tail,0.27879845524056296,4437
beijing_ssp245_near_2030s_heatwave_extreme_2039,perimeter_top_zn_1,perimeter,top,south,horizontal_GHI__zone_operative_temperature,0.7510059526176163,4437
beijing_ssp245_near_2030s_heatwave_extreme_2039,perimeter_top_zn_1,perimeter,top,south,horizontal_GHI__zone_p_tail,0.3829750301423682,4437
beijing_ssp245_near_2030s_heatwave_extreme_2039,perimeter_top_zn_4,perimeter,top,west,horizontal_GHI__zone_operative_temperature,0.4637860175461786,4437
beijing_ssp245_near_2030s_heatwave_extreme_2039,perimeter_top_zn_4,perimeter,top,west,horizontal_GHI__zone_p_tail,0.12473606080536964,4437
beijing_ssp245_near_2030s_heatwave_extreme_2039,perimeter_bot_zn_3,perimeter,bottom,north,horizontal_GHI__zone_operative_temperature,0.3863398122322043,4437
beijing_ssp245_near_2030s_heatwave_extreme_2039,perimeter_bot_zn_3,perimeter,bottom,north,horizontal_GHI__zone_p_tail,-0.012233577026265048,4437
beijing_ssp245_near_2030s_heatwave_extreme_2039,perimeter_bot_zn_2,perimeter,bottom,east,horizontal_GHI__zone_operative_temperature,0.49853333198742816,4437
beijing_ssp245_near_2030s_heatwave_extreme_2039,perimeter_bot_zn_2,perimeter,bottom,east,horizontal_GHI__zone_p_tail,0.19658635182265924,4437
beijing_ssp245_near_2030s_heatwave_extreme_2039,perimeter_bot_zn_1,perimeter,bottom,south,horizontal_GHI__zone_operative_temperature,0.5320288132708448,4437
beijing_ssp245_near_2030s_heatwave_extreme_2039,perimeter_bot_zn_1,perimeter,bottom,south,horizontal_GHI__zone_p_tail,0.2097739201954747,4437
beijing_ssp245_near_2030s_heatwave_extreme_2039,perimeter_bot_zn_4,perimeter,bottom,west,horizontal_GHI__zone_operative_temperature,0.3905539504918517,4437
beijing_ssp245_near_2030s_heatwave_extreme_2039,perimeter_bot_zn_4,perimeter,bottom,west,horizontal_GHI__zone_p_tail,-0.008304146381148894,4437
beijing_ssp245_near_2030s_heatwave_extreme_2039,perimeter_mid_zn_3,perimeter,middle,north,horizontal_GHI__zone_operative_temperature,0.43816069161832244,4437
beijing_ssp245_near_2030s_heatwave_extreme_2039,perimeter_mid_zn_3,perimeter,middle,north,horizontal_GHI__zone_p_tail,0.11057569214057741,4437
beijing_ssp245_near_2030s_heatwave_extreme_2039,perimeter_mid_zn_2,perimeter,middle,east,horizontal_GHI__zone_operative_temperature,0.5470873025234338,4437
beijing_ssp245_near_2030s_heatwave_extreme_2039,perimeter_mid_zn_2,perimeter,middle,east,horizontal_GHI__zone_p_tail,0.2604774984035823,4437
beijing_ssp245_near_2030s_heatwave_extreme_2039,perimeter_mid_zn_1,perimeter,middle,south,horizontal_GHI__zone_operative_temperature,0.7744055344619647,4437
beijing_ssp245_near_2030s_heatwave_extreme_2039,perimeter_mid_zn_1,perimeter,middle,south,horizontal_GHI__zone_p_tail,0.3462476672256284,4437
beijing_ssp245_near_2030s_heatwave_extreme_2039,perimeter_mid_zn_4,perimeter,middle,west,horizontal_GHI__zone_operative_temperature,0.45727950468736844,4437
beijing_ssp245_near_2030s_heatwave_extreme_2039,perimeter_mid_zn_4,perimeter,middle,west,horizontal_GHI__zone_p_tail,0.08738693566161346,4437
beijing_ssp245_near_2030s_hot_2034,core_bottom,core,bottom,core,horizontal_GHI__zone_operative_temperature,0.44544053594779215,4437
beijing_ssp245_near_2030s_hot_2034,core_bottom,core,bottom,core,horizontal_GHI__zone_p_tail,-0.12256626166663805,4437
beijing_ssp245_near_2030s_hot_2034,core_mid,core,middle,core,horizontal_GHI__zone_operative_temperature,0.4050466608419691,4437
beijing_ssp245_near_2030s_hot_2034,core_mid,core,middle,core,horizontal_GHI__zone_p_tail,-0.13463810980229407,4437
beijing_ssp245_near_2030s_hot_2034,core_top,core,top,core,horizontal_GHI__zone_operative_temperature,0.46726922028274276,4437
beijing_ssp245_near_2030s_hot_2034,core_top,core,top,core,horizontal_GHI__zone_p_tail,-0.04073193621387671,4437
beijing_ssp245_near_2030s_hot_2034,perimeter_top_zn_3,perimeter,top,north,horizontal_GHI__zone_operative_temperature,0.4829523415319229,4437
beijing_ssp245_near_2030s_hot_2034,perimeter_top_zn_3,perimeter,top,north,horizontal_GHI__zone_p_tail,0.19941065976899303,4437
beijing_ssp245_near_2030s_hot_2034,perimeter_top_zn_2,perimeter,top,east,horizontal_GHI__zone_operative_temperature,0.5842024119708527,4437
beijing_ssp245_near_2030s_hot_2034,perimeter_top_zn_2,perimeter,top,east,horizontal_GHI__zone_p_tail,0.3475659753020767,4437
beijing_ssp245_near_2030s_hot_2034,perimeter_top_zn_1,perimeter,top,south,horizontal_GHI__zone_operative_temperature,0.749304181740968,4437
beijing_ssp245_near_2030s_hot_2034,perimeter_top_zn_1,perimeter,top,south,horizontal_GHI__zone_p_tail,0.4229935493471882,4437
beijing_ssp245_near_2030s_hot_2034,perimeter_top_zn_4,perimeter,top,west,horizontal_GHI__zone_operative_temperature,0.49553957273908156,4437
beijing_ssp245_near_2030s_hot_2034,perimeter_top_zn_4,perimeter,top,west,horizontal_GHI__zone_p_tail,0.16571157301383324,4437
beijing_ssp245_near_2030s_hot_2034,perimeter_bot_zn_3,perimeter,bottom,north,horizontal_GHI__zone_operative_temperature,0.42102782384694715,4437
beijing_ssp245_near_2030s_hot_2034,perimeter_bot_zn_3,perimeter,bottom,north,horizontal_GHI__zone_p_tail,0.08121660756230337,4437
beijing_ssp245_near_2030s_hot_2034,perimeter_bot_zn_2,perimeter,bottom,east,horizontal_GHI__zone_operative_temperature,0.5240330696270382,4437
beijing_ssp245_near_2030s_hot_2034,perimeter_bot_zn_2,perimeter,bottom,east,horizontal_GHI__zone_p_tail,0.2984179953349276,4437
beijing_ssp245_near_2030s_hot_2034,perimeter_bot_zn_1,perimeter,bottom,south,horizontal_GHI__zone_operative_temperature,0.553652643601204,4437
beijing_ssp245_near_2030s_hot_2034,perimeter_bot_zn_1,perimeter,bottom,south,horizontal_GHI__zone_p_tail,0.29588406757373836,4437
beijing_ssp245_near_2030s_hot_2034,perimeter_bot_zn_4,perimeter,bottom,west,horizontal_GHI__zone_operative_temperature,0.4262259939100646,4437
beijing_ssp245_near_2030s_hot_2034,perimeter_bot_zn_4,perimeter,bottom,west,horizontal_GHI__zone_p_tail,0.07873470877216139,4437
beijing_ssp245_near_2030s_hot_2034,perimeter_mid_zn_3,perimeter,middle,north,horizontal_GHI__zone_operative_temperature,0.47196491173082505,4437
beijing_ssp245_near_2030s_hot_2034,perimeter_mid_zn_3,perimeter,middle,north,horizontal_GHI__zone_p_tail,0.18495693117192066,4437
beijing_ssp245_near_2030s_hot_2034,perimeter_mid_zn_2,perimeter,middle,east,horizontal_GHI__zone_operative_temperature,0.577505731268314,4437
beijing_ssp245_near_2030s_hot_2034,perimeter_mid_zn_2,perimeter,middle,east,horizontal_GHI__zone_p_tail,0.31985999152635003,4437
beijing_ssp245_near_2030s_hot_2034,perimeter_mid_zn_1,perimeter,middle,south,horizontal_GHI__zone_operative_temperature,0.7585391251521971,4437
beijing_ssp245_near_2030s_hot_2034,perimeter_mid_zn_1,perimeter,middle,south,horizontal_GHI__zone_p_tail,0.4017825387214195,4437
beijing_ssp245_near_2030s_hot_2034,perimeter_mid_zn_4,perimeter,middle,west,horizontal_GHI__zone_operative_temperature,0.4899254955720755,4437
beijing_ssp245_near_2030s_hot_2034,perimeter_mid_zn_4,perimeter,middle,west,horizontal_GHI__zone_p_tail,0.10555983000506637,4437
beijing_ssp245_near_2030s_typical_2035,core_bottom,core,bottom,core,horizontal_GHI__zone_operative_temperature,0.4135973589154276,4437
beijing_ssp245_near_2030s_typical_2035,core_bottom,core,bottom,core,horizontal_GHI__zone_p_tail,-0.0654693895122373,4437
beijing_ssp245_near_2030s_typical_2035,core_mid,core,middle,core,horizontal_GHI__zone_operative_temperature,0.3843760102181401,4437
beijing_ssp245_near_2030s_typical_2035,core_mid,core,middle,core,horizontal_GHI__zone_p_tail,-0.0346958823646044,4437
beijing_ssp245_near_2030s_typical_2035,core_top,core,top,core,horizontal_GHI__zone_operative_temperature,0.43300177505096,4437
beijing_ssp245_near_2030s_typical_2035,core_top,core,top,core,horizontal_GHI__zone_p_tail,0.0028929589517901885,4437
beijing_ssp245_near_2030s_typical_2035,perimeter_top_zn_3,perimeter,top,north,horizontal_GHI__zone_operative_temperature,0.43997406217799273,4437
beijing_ssp245_near_2030s_typical_2035,perimeter_top_zn_3,perimeter,top,north,horizontal_GHI__zone_p_tail,0.16221109552177101,4437
beijing_ssp245_near_2030s_typical_2035,perimeter_top_zn_2,perimeter,top,east,horizontal_GHI__zone_operative_temperature,0.535856577570425,4437
beijing_ssp245_near_2030s_typical_2035,perimeter_top_zn_2,perimeter,top,east,horizontal_GHI__zone_p_tail,0.2597272002145348,4437
beijing_ssp245_near_2030s_typical_2035,perimeter_top_zn_1,perimeter,top,south,horizontal_GHI__zone_operative_temperature,0.7146016797909877,4437
beijing_ssp245_near_2030s_typical_2035,perimeter_top_zn_1,perimeter,top,south,horizontal_GHI__zone_p_tail,0.4485477922127857,4437
beijing_ssp245_near_2030s_typical_2035,perimeter_top_zn_4,perimeter,top,west,horizontal_GHI__zone_operative_temperature,0.45738808125558844,4437
beijing_ssp245_near_2030s_typical_2035,perimeter_top_zn_4,perimeter,top,west,horizontal_GHI__zone_p_tail,0.13978156190912447,4437
beijing_ssp245_near_2030s_typical_2035,perimeter_bot_zn_3,perimeter,bottom,north,horizontal_GHI__zone_operative_temperature,0.3841490049635842,4437
beijing_ssp245_near_2030s_typical_2035,perimeter_bot_zn_3,perimeter,bottom,north,horizontal_GHI__zone_p_tail,-0.011532421245572869,4437
beijing_ssp245_near_2030s_typical_2035,perimeter_bot_zn_2,perimeter,bottom,east,horizontal_GHI__zone_operative_temperature,0.47760772538970875,4437
beijing_ssp245_near_2030s_typical_2035,perimeter_bot_zn_2,perimeter,bottom,east,horizontal_GHI__zone_p_tail,0.14430682140043447,4437
beijing_ssp245_near_2030s_typical_2035,perimeter_bot_zn_1,perimeter,bottom,south,horizontal_GHI__zone_operative_temperature,0.4941112800658647,4437
beijing_ssp245_near_2030s_typical_2035,perimeter_bot_zn_1,perimeter,bottom,south,horizontal_GHI__zone_p_tail,0.284887118879242,4437
beijing_ssp245_near_2030s_typical_2035,perimeter_bot_zn_4,perimeter,bottom,west,horizontal_GHI__zone_operative_temperature,0.3854490172122486,4437
beijing_ssp245_near_2030s_typical_2035,perimeter_bot_zn_4,perimeter,bottom,west,horizontal_GHI__zone_p_tail,-0.018967900321474145,4437
beijing_ssp245_near_2030s_typical_2035,perimeter_mid_zn_3,perimeter,middle,north,horizontal_GHI__zone_operative_temperature,0.42755833924280945,4437
beijing_ssp245_near_2030s_typical_2035,perimeter_mid_zn_3,perimeter,middle,north,horizontal_GHI__zone_p_tail,0.1325197941568363,4437
beijing_ssp245_near_2030s_typical_2035,perimeter_mid_zn_2,perimeter,middle,east,horizontal_GHI__zone_operative_temperature,0.5274004083020972,4437
beijing_ssp245_near_2030s_typical_2035,perimeter_mid_zn_2,perimeter,middle,east,horizontal_GHI__zone_p_tail,0.25719516089628064,4437
beijing_ssp245_near_2030s_typical_2035,perimeter_mid_zn_1,perimeter,middle,south,horizontal_GHI__zone_operative_temperature,0.7313474980317719,4437
beijing_ssp245_near_2030s_typical_2035,perimeter_mid_zn_1,perimeter,middle,south,horizontal_GHI__zone_p_tail,0.42182849881236173,4437
beijing_ssp245_near_2030s_typical_2035,perimeter_mid_zn_4,perimeter,middle,west,horizontal_GHI__zone_operative_temperature,0.4494824400206923,4437
beijing_ssp245_near_2030s_typical_2035,perimeter_mid_zn_4,perimeter,middle,west,horizontal_GHI__zone_p_tail,0.1048039943619602,4437
beijing_ssp585_baseline_2020s_heatwave_extreme_2029,core_bottom,core,bottom,core,horizontal_GHI__zone_operative_temperature,0.420724589743924,4437
beijing_ssp585_baseline_2020s_heatwave_extreme_2029,core_bottom,core,bottom,core,horizontal_GHI__zone_p_tail,-0.0895787262694953,4437
beijing_ssp585_baseline_2020s_heatwave_extreme_2029,core_mid,core,middle,core,horizontal_GHI__zone_operative_temperature,0.37895019687756226,4437
beijing_ssp585_baseline_2020s_heatwave_extreme_2029,core_mid,core,middle,core,horizontal_GHI__zone_p_tail,-0.0976372430273144,4437
beijing_ssp585_baseline_2020s_heatwave_extreme_2029,core_top,core,top,core,horizontal_GHI__zone_operative_temperature,0.4376883852556748,4437
beijing_ssp585_baseline_2020s_heatwave_extreme_2029,core_top,core,top,core,horizontal_GHI__zone_p_tail,-0.02904746742531833,4437
beijing_ssp585_baseline_2020s_heatwave_extreme_2029,perimeter_top_zn_3,perimeter,top,north,horizontal_GHI__zone_operative_temperature,0.45463416702449805,4437
beijing_ssp585_baseline_2020s_heatwave_extreme_2029,perimeter_top_zn_3,perimeter,top,north,horizontal_GHI__zone_p_tail,0.12909915721594717,4437
beijing_ssp585_baseline_2020s_heatwave_extreme_2029,perimeter_top_zn_2,perimeter,top,east,horizontal_GHI__zone_operative_temperature,0.5554216375461698,4437
beijing_ssp585_baseline_2020s_heatwave_extreme_2029,perimeter_top_zn_2,perimeter,top,east,horizontal_GHI__zone_p_tail,0.29591251069043045,4437
beijing_ssp585_baseline_2020s_heatwave_extreme_2029,perimeter_top_zn_1,perimeter,top,south,horizontal_GHI__zone_operative_temperature,0.7195484095481451,4437
beijing_ssp585_baseline_2020s_heatwave_extreme_2029,perimeter_top_zn_1,perimeter,top,south,horizontal_GHI__zone_p_tail,0.389170085894371,4437
beijing_ssp585_baseline_2020s_heatwave_extreme_2029,perimeter_top_zn_4,perimeter,top,west,horizontal_GHI__zone_operative_temperature,0.46899967697726586,4437
beijing_ssp585_baseline_2020s_heatwave_extreme_2029,perimeter_top_zn_4,perimeter,top,west,horizontal_GHI__zone_p_tail,0.11120104207170887,4437
beijing_ssp585_baseline_2020s_heatwave_extreme_2029,perimeter_bot_zn_3,perimeter,bottom,north,horizontal_GHI__zone_operative_temperature,0.38832926053427436,4437
beijing_ssp585_baseline_2020s_heatwave_extreme_2029,perimeter_bot_zn_3,perimeter,bottom,north,horizontal_GHI__zone_p_tail,0.027367973326680475,4437
beijing_ssp585_baseline_2020s_heatwave_extreme_2029,perimeter_bot_zn_2,perimeter,bottom,east,horizontal_GHI__zone_operative_temperature,0.48672880195395857,4437
beijing_ssp585_baseline_2020s_heatwave_extreme_2029,perimeter_bot_zn_2,perimeter,bottom,east,horizontal_GHI__zone_p_tail,0.20845287530989728,4437
beijing_ssp585_baseline_2020s_heatwave_extreme_2029,perimeter_bot_zn_1,perimeter,bottom,south,horizontal_GHI__zone_operative_temperature,0.5098078482496824,4437
beijing_ssp585_baseline_2020s_heatwave_extreme_2029,perimeter_bot_zn_1,perimeter,bottom,south,horizontal_GHI__zone_p_tail,0.25180836858926475,4437
beijing_ssp585_baseline_2020s_heatwave_extreme_2029,perimeter_bot_zn_4,perimeter,bottom,west,horizontal_GHI__zone_operative_temperature,0.3962837737422652,4437
beijing_ssp585_baseline_2020s_heatwave_extreme_2029,perimeter_bot_zn_4,perimeter,bottom,west,horizontal_GHI__zone_p_tail,0.020905383992596536,4437
beijing_ssp585_baseline_2020s_heatwave_extreme_2029,perimeter_mid_zn_3,perimeter,middle,north,horizontal_GHI__zone_operative_temperature,0.44199272632438,4437
beijing_ssp585_baseline_2020s_heatwave_extreme_2029,perimeter_mid_zn_3,perimeter,middle,north,horizontal_GHI__zone_p_tail,0.10684450167707225,4437
beijing_ssp585_baseline_2020s_heatwave_extreme_2029,perimeter_mid_zn_2,perimeter,middle,east,horizontal_GHI__zone_operative_temperature,0.5466019067081763,4437
beijing_ssp585_baseline_2020s_heatwave_extreme_2029,perimeter_mid_zn_2,perimeter,middle,east,horizontal_GHI__zone_p_tail,0.2761453580644601,4437
beijing_ssp585_baseline_2020s_heatwave_extreme_2029,perimeter_mid_zn_1,perimeter,middle,south,horizontal_GHI__zone_operative_temperature,0.7336693354053988,4437
beijing_ssp585_baseline_2020s_heatwave_extreme_2029,perimeter_mid_zn_1,perimeter,middle,south,horizontal_GHI__zone_p_tail,0.38046713277997674,4437
beijing_ssp585_baseline_2020s_heatwave_extreme_2029,perimeter_mid_zn_4,perimeter,middle,west,horizontal_GHI__zone_operative_temperature,0.46172041597422736,4437
beijing_ssp585_baseline_2020s_heatwave_extreme_2029,perimeter_mid_zn_4,perimeter,middle,west,horizontal_GHI__zone_p_tail,0.07921127567475392,4437
beijing_ssp585_baseline_2020s_hot_2029,core_bottom,core,bottom,core,horizontal_GHI__zone_operative_temperature,0.420724589743924,4437
beijing_ssp585_baseline_2020s_hot_2029,core_bottom,core,bottom,core,horizontal_GHI__zone_p_tail,-0.0895787262694953,4437
beijing_ssp585_baseline_2020s_hot_2029,core_mid,core,middle,core,horizontal_GHI__zone_operative_temperature,0.37895019687756226,4437
beijing_ssp585_baseline_2020s_hot_2029,core_mid,core,middle,core,horizontal_GHI__zone_p_tail,-0.0976372430273144,4437
beijing_ssp585_baseline_2020s_hot_2029,core_top,core,top,core,horizontal_GHI__zone_operative_temperature,0.4376883852556748,4437
beijing_ssp585_baseline_2020s_hot_2029,core_top,core,top,core,horizontal_GHI__zone_p_tail,-0.02904746742531833,4437
beijing_ssp585_baseline_2020s_hot_2029,perimeter_top_zn_3,perimeter,top,north,horizontal_GHI__zone_operative_temperature,0.45463416702449805,4437
beijing_ssp585_baseline_2020s_hot_2029,perimeter_top_zn_3,perimeter,top,north,horizontal_GHI__zone_p_tail,0.12909915721594717,4437
beijing_ssp585_baseline_2020s_hot_2029,perimeter_top_zn_2,perimeter,top,east,horizontal_GHI__zone_operative_temperature,0.5554216375461698,4437
beijing_ssp585_baseline_2020s_hot_2029,perimeter_top_zn_2,perimeter,top,east,horizontal_GHI__zone_p_tail,0.29591251069043045,4437
beijing_ssp585_baseline_2020s_hot_2029,perimeter_top_zn_1,perimeter,top,south,horizontal_GHI__zone_operative_temperature,0.7195484095481451,4437
beijing_ssp585_baseline_2020s_hot_2029,perimeter_top_zn_1,perimeter,top,south,horizontal_GHI__zone_p_tail,0.389170085894371,4437
beijing_ssp585_baseline_2020s_hot_2029,perimeter_top_zn_4,perimeter,top,west,horizontal_GHI__zone_operative_temperature,0.46899967697726586,4437
beijing_ssp585_baseline_2020s_hot_2029,perimeter_top_zn_4,perimeter,top,west,horizontal_GHI__zone_p_tail,0.11120104207170887,4437
beijing_ssp585_baseline_2020s_hot_2029,perimeter_bot_zn_3,perimeter,bottom,north,horizontal_GHI__zone_operative_temperature,0.38832926053427436,4437
beijing_ssp585_baseline_2020s_hot_2029,perimeter_bot_zn_3,perimeter,bottom,north,horizontal_GHI__zone_p_tail,0.027367973326680475,4437
beijing_ssp585_baseline_2020s_hot_2029,perimeter_bot_zn_2,perimeter,bottom,east,horizontal_GHI__zone_operative_temperature,0.48672880195395857,4437
beijing_ssp585_baseline_2020s_hot_2029,perimeter_bot_zn_2,perimeter,bottom,east,horizontal_GHI__zone_p_tail,0.20845287530989728,4437
beijing_ssp585_baseline_2020s_hot_2029,perimeter_bot_zn_1,perimeter,bottom,south,horizontal_GHI__zone_operative_temperature,0.5098078482496824,4437
beijing_ssp585_baseline_2020s_hot_2029,perimeter_bot_zn_1,perimeter,bottom,south,horizontal_GHI__zone_p_tail,0.25180836858926475,4437
beijing_ssp585_baseline_2020s_hot_2029,perimeter_bot_zn_4,perimeter,bottom,west,horizontal_GHI__zone_operative_temperature,0.3962837737422652,4437
beijing_ssp585_baseline_2020s_hot_2029,perimeter_bot_zn_4,perimeter,bottom,west,horizontal_GHI__zone_p_tail,0.020905383992596536,4437
beijing_ssp585_baseline_2020s_hot_2029,perimeter_mid_zn_3,perimeter,middle,north,horizontal_GHI__zone_operative_temperature,0.44199272632438,4437
beijing_ssp585_baseline_2020s_hot_2029,perimeter_mid_zn_3,perimeter,middle,north,horizontal_GHI__zone_p_tail,0.10684450167707225,4437
beijing_ssp585_baseline_2020s_hot_2029,perimeter_mid_zn_2,perimeter,middle,east,horizontal_GHI__zone_operative_temperature,0.5466019067081763,4437
beijing_ssp585_baseline_2020s_hot_2029,perimeter_mid_zn_2,perimeter,middle,east,horizontal_GHI__zone_p_tail,0.2761453580644601,4437
beijing_ssp585_baseline_2020s_hot_2029,perimeter_mid_zn_1,perimeter,middle,south,horizontal_GHI__zone_operative_temperature,0.7336693354053988,4437
beijing_ssp585_baseline_2020s_hot_2029,perimeter_mid_zn_1,perimeter,middle,south,horizontal_GHI__zone_p_tail,0.38046713277997674,4437
beijing_ssp585_baseline_2020s_hot_2029,perimeter_mid_zn_4,perimeter,middle,west,horizontal_GHI__zone_operative_temperature,0.46172041597422736,4437
beijing_ssp585_baseline_2020s_hot_2029,perimeter_mid_zn_4,perimeter,middle,west,horizontal_GHI__zone_p_tail,0.07921127567475392,4437
beijing_ssp585_baseline_2020s_typical_2026,core_bottom,core,bottom,core,horizontal_GHI__zone_operative_temperature,0.41721423256197715,4437
beijing_ssp585_baseline_2020s_typical_2026,core_bottom,core,bottom,core,horizontal_GHI__zone_p_tail,-0.09850563945703511,4437
beijing_ssp585_baseline_2020s_typical_2026,core_mid,core,middle,core,horizontal_GHI__zone_operative_temperature,0.36611763771580813,4437
beijing_ssp585_baseline_2020s_typical_2026,core_mid,core,middle,core,horizontal_GHI__zone_p_tail,-0.17105466858065468,4437
beijing_ssp585_baseline_2020s_typical_2026,core_top,core,top,core,horizontal_GHI__zone_operative_temperature,0.4354213887873853,4437
beijing_ssp585_baseline_2020s_typical_2026,core_top,core,top,core,horizontal_GHI__zone_p_tail,-0.08788763918366149,4437
beijing_ssp585_baseline_2020s_typical_2026,perimeter_top_zn_3,perimeter,top,north,horizontal_GHI__zone_operative_temperature,0.45290299220014224,4437
beijing_ssp585_baseline_2020s_typical_2026,perimeter_top_zn_3,perimeter,top,north,horizontal_GHI__zone_p_tail,0.12387739871303258,4437
beijing_ssp585_baseline_2020s_typical_2026,perimeter_top_zn_2,perimeter,top,east,horizontal_GHI__zone_operative_temperature,0.5563867041563035,4437
beijing_ssp585_baseline_2020s_typical_2026,perimeter_top_zn_2,perimeter,top,east,horizontal_GHI__zone_p_tail,0.2787816720625823,4437
beijing_ssp585_baseline_2020s_typical_2026,perimeter_top_zn_1,perimeter,top,south,horizontal_GHI__zone_operative_temperature,0.7697217034188003,4437
beijing_ssp585_baseline_2020s_typical_2026,perimeter_top_zn_1,perimeter,top,south,horizontal_GHI__zone_p_tail,0.3527119629470467,4437
beijing_ssp585_baseline_2020s_typical_2026,perimeter_top_zn_4,perimeter,top,west,horizontal_GHI__zone_operative_temperature,0.45880309001830705,4437
beijing_ssp585_baseline_2020s_typical_2026,perimeter_top_zn_4,perimeter,top,west,horizontal_GHI__zone_p_tail,0.12401477174000565,4437
beijing_ssp585_baseline_2020s_typical_2026,perimeter_bot_zn_3,perimeter,bottom,north,horizontal_GHI__zone_operative_temperature,0.3843782260759446,4437
beijing_ssp585_baseline_2020s_typical_2026,perimeter_bot_zn_3,perimeter,bottom,north,horizontal_GHI__zone_p_tail,0.012468494475310246,4437
beijing_ssp585_baseline_2020s_typical_2026,perimeter_bot_zn_2,perimeter,bottom,east,horizontal_GHI__zone_operative_temperature,0.5014427485854296,4437
beijing_ssp585_baseline_2020s_typical_2026,perimeter_bot_zn_2,perimeter,bottom,east,horizontal_GHI__zone_p_tail,0.19992270303884102,4437
beijing_ssp585_baseline_2020s_typical_2026,perimeter_bot_zn_1,perimeter,bottom,south,horizontal_GHI__zone_operative_temperature,0.5501377548217468,4437
beijing_ssp585_baseline_2020s_typical_2026,perimeter_bot_zn_1,perimeter,bottom,south,horizontal_GHI__zone_p_tail,0.20427015998202844,4437
beijing_ssp585_baseline_2020s_typical_2026,perimeter_bot_zn_4,perimeter,bottom,west,horizontal_GHI__zone_operative_temperature,0.38768252796806313,4437
beijing_ssp585_baseline_2020s_typical_2026,perimeter_bot_zn_4,perimeter,bottom,west,horizontal_GHI__zone_p_tail,0.014535139471642195,4437
beijing_ssp585_baseline_2020s_typical_2026,perimeter_mid_zn_3,perimeter,middle,north,horizontal_GHI__zone_operative_temperature,0.43960695621594875,4437
beijing_ssp585_baseline_2020s_typical_2026,perimeter_mid_zn_3,perimeter,middle,north,horizontal_GHI__zone_p_tail,0.06080240406347225,4437
beijing_ssp585_baseline_2020s_typical_2026,perimeter_mid_zn_2,perimeter,middle,east,horizontal_GHI__zone_operative_temperature,0.5541674766966751,4437
beijing_ssp585_baseline_2020s_typical_2026,perimeter_mid_zn_2,perimeter,middle,east,horizontal_GHI__zone_p_tail,0.27610687572041287,4437
beijing_ssp585_baseline_2020s_typical_2026,perimeter_mid_zn_1,perimeter,middle,south,horizontal_GHI__zone_operative_temperature,0.7958385412509955,4437
beijing_ssp585_baseline_2020s_typical_2026,perimeter_mid_zn_1,perimeter,middle,south,horizontal_GHI__zone_p_tail,0.3346429529968766,4437
beijing_ssp585_baseline_2020s_typical_2026,perimeter_mid_zn_4,perimeter,middle,west,horizontal_GHI__zone_operative_temperature,0.4543250000335567,4437
beijing_ssp585_baseline_2020s_typical_2026,perimeter_mid_zn_4,perimeter,middle,west,horizontal_GHI__zone_p_tail,0.08204770646285646,4437
beijing_ssp585_late_2080s_heatwave_extreme_2089,core_bottom,core,bottom,core,horizontal_GHI__zone_operative_temperature,0.4153408897954021,4437
beijing_ssp585_late_2080s_heatwave_extreme_2089,core_bottom,core,bottom,core,horizontal_GHI__zone_p_tail,0.06395908618540826,4437
beijing_ssp585_late_2080s_heatwave_extreme_2089,core_mid,core,middle,core,horizontal_GHI__zone_operative_temperature,0.3780904346322539,4437
beijing_ssp585_late_2080s_heatwave_extreme_2089,core_mid,core,middle,core,horizontal_GHI__zone_p_tail,0.048531585604271156,4437
beijing_ssp585_late_2080s_heatwave_extreme_2089,core_top,core,top,core,horizontal_GHI__zone_operative_temperature,0.42633886090864875,4437
beijing_ssp585_late_2080s_heatwave_extreme_2089,core_top,core,top,core,horizontal_GHI__zone_p_tail,0.1329372603862986,4437
beijing_ssp585_late_2080s_heatwave_extreme_2089,perimeter_top_zn_3,perimeter,top,north,horizontal_GHI__zone_operative_temperature,0.4460212073964052,4437
beijing_ssp585_late_2080s_heatwave_extreme_2089,perimeter_top_zn_3,perimeter,top,north,horizontal_GHI__zone_p_tail,0.2974234081065893,4437
beijing_ssp585_late_2080s_heatwave_extreme_2089,perimeter_top_zn_2,perimeter,top,east,horizontal_GHI__zone_operative_temperature,0.5331873555034841,4437
beijing_ssp585_late_2080s_heatwave_extreme_2089,perimeter_top_zn_2,perimeter,top,east,horizontal_GHI__zone_p_tail,0.40834235161329335,4437
beijing_ssp585_late_2080s_heatwave_extreme_2089,perimeter_top_zn_1,perimeter,top,south,horizontal_GHI__zone_operative_temperature,0.6681919240631485,4437
beijing_ssp585_late_2080s_heatwave_extreme_2089,perimeter_top_zn_1,perimeter,top,south,horizontal_GHI__zone_p_tail,0.4862506313261609,4437
beijing_ssp585_late_2080s_heatwave_extreme_2089,perimeter_top_zn_4,perimeter,top,west,horizontal_GHI__zone_operative_temperature,0.4624698710799986,4437
beijing_ssp585_late_2080s_heatwave_extreme_2089,perimeter_top_zn_4,perimeter,top,west,horizontal_GHI__zone_p_tail,0.2585166535269164,4437
beijing_ssp585_late_2080s_heatwave_extreme_2089,perimeter_bot_zn_3,perimeter,bottom,north,horizontal_GHI__zone_operative_temperature,0.3955508845610462,4437
beijing_ssp585_late_2080s_heatwave_extreme_2089,perimeter_bot_zn_3,perimeter,bottom,north,horizontal_GHI__zone_p_tail,0.218456811411442,4437
beijing_ssp585_late_2080s_heatwave_extreme_2089,perimeter_bot_zn_2,perimeter,bottom,east,horizontal_GHI__zone_operative_temperature,0.4757429678560081,4437
beijing_ssp585_late_2080s_heatwave_extreme_2089,perimeter_bot_zn_2,perimeter,bottom,east,horizontal_GHI__zone_p_tail,0.3643577064954586,4437
beijing_ssp585_late_2080s_heatwave_extreme_2089,perimeter_bot_zn_1,perimeter,bottom,south,horizontal_GHI__zone_operative_temperature,0.515517407840561,4437
beijing_ssp585_late_2080s_heatwave_extreme_2089,perimeter_bot_zn_1,perimeter,bottom,south,horizontal_GHI__zone_p_tail,0.3892277538037958,4437
beijing_ssp585_late_2080s_heatwave_extreme_2089,perimeter_bot_zn_4,perimeter,bottom,west,horizontal_GHI__zone_operative_temperature,0.3976630185050044,4437
beijing_ssp585_late_2080s_heatwave_extreme_2089,perimeter_bot_zn_4,perimeter,bottom,west,horizontal_GHI__zone_p_tail,0.2005022846690406,4437
beijing_ssp585_late_2080s_heatwave_extreme_2089,perimeter_mid_zn_3,perimeter,middle,north,horizontal_GHI__zone_operative_temperature,0.436707762967151,4437
beijing_ssp585_late_2080s_heatwave_extreme_2089,perimeter_mid_zn_3,perimeter,middle,north,horizontal_GHI__zone_p_tail,0.28264605766289147,4437
beijing_ssp585_late_2080s_heatwave_extreme_2089,perimeter_mid_zn_2,perimeter,middle,east,horizontal_GHI__zone_operative_temperature,0.5228247864195849,4437
beijing_ssp585_late_2080s_heatwave_extreme_2089,perimeter_mid_zn_2,perimeter,middle,east,horizontal_GHI__zone_p_tail,0.42082011602438346,4437
beijing_ssp585_late_2080s_heatwave_extreme_2089,perimeter_mid_zn_1,perimeter,middle,south,horizontal_GHI__zone_operative_temperature,0.6689687740390751,4437
beijing_ssp585_late_2080s_heatwave_extreme_2089,perimeter_mid_zn_1,perimeter,middle,south,horizontal_GHI__zone_p_tail,0.48740297091757334,4437
beijing_ssp585_late_2080s_heatwave_extreme_2089,perimeter_mid_zn_4,perimeter,middle,west,horizontal_GHI__zone_operative_temperature,0.4539454692965682,4437
beijing_ssp585_late_2080s_heatwave_extreme_2089,perimeter_mid_zn_4,perimeter,middle,west,horizontal_GHI__zone_p_tail,0.23529340660713063,4437
beijing_ssp585_late_2080s_hot_2089,core_bottom,core,bottom,core,horizontal_GHI__zone_operative_temperature,0.4153408897954021,4437
beijing_ssp585_late_2080s_hot_2089,core_bottom,core,bottom,core,horizontal_GHI__zone_p_tail,0.06395908618540826,4437
beijing_ssp585_late_2080s_hot_2089,core_mid,core,middle,core,horizontal_GHI__zone_operative_temperature,0.3780904346322539,4437
beijing_ssp585_late_2080s_hot_2089,core_mid,core,middle,core,horizontal_GHI__zone_p_tail,0.048531585604271156,4437
beijing_ssp585_late_2080s_hot_2089,core_top,core,top,core,horizontal_GHI__zone_operative_temperature,0.42633886090864875,4437
beijing_ssp585_late_2080s_hot_2089,core_top,core,top,core,horizontal_GHI__zone_p_tail,0.1329372603862986,4437
beijing_ssp585_late_2080s_hot_2089,perimeter_top_zn_3,perimeter,top,north,horizontal_GHI__zone_operative_temperature,0.4460212073964052,4437
beijing_ssp585_late_2080s_hot_2089,perimeter_top_zn_3,perimeter,top,north,horizontal_GHI__zone_p_tail,0.2974234081065893,4437
beijing_ssp585_late_2080s_hot_2089,perimeter_top_zn_2,perimeter,top,east,horizontal_GHI__zone_operative_temperature,0.5331873555034841,4437
beijing_ssp585_late_2080s_hot_2089,perimeter_top_zn_2,perimeter,top,east,horizontal_GHI__zone_p_tail,0.40834235161329335,4437
beijing_ssp585_late_2080s_hot_2089,perimeter_top_zn_1,perimeter,top,south,horizontal_GHI__zone_operative_temperature,0.6681919240631485,4437
beijing_ssp585_late_2080s_hot_2089,perimeter_top_zn_1,perimeter,top,south,horizontal_GHI__zone_p_tail,0.4862506313261609,4437
beijing_ssp585_late_2080s_hot_2089,perimeter_top_zn_4,perimeter,top,west,horizontal_GHI__zone_operative_temperature,0.4624698710799986,4437
beijing_ssp585_late_2080s_hot_2089,perimeter_top_zn_4,perimeter,top,west,horizontal_GHI__zone_p_tail,0.2585166535269164,4437
beijing_ssp585_late_2080s_hot_2089,perimeter_bot_zn_3,perimeter,bottom,north,horizontal_GHI__zone_operative_temperature,0.3955508845610462,4437
beijing_ssp585_late_2080s_hot_2089,perimeter_bot_zn_3,perimeter,bottom,north,horizontal_GHI__zone_p_tail,0.218456811411442,4437
beijing_ssp585_late_2080s_hot_2089,perimeter_bot_zn_2,perimeter,bottom,east,horizontal_GHI__zone_operative_temperature,0.4757429678560081,4437
beijing_ssp585_late_2080s_hot_2089,perimeter_bot_zn_2,perimeter,bottom,east,horizontal_GHI__zone_p_tail,0.3643577064954586,4437
beijing_ssp585_late_2080s_hot_2089,perimeter_bot_zn_1,perimeter,bottom,south,horizontal_GHI__zone_operative_temperature,0.515517407840561,4437
beijing_ssp585_late_2080s_hot_2089,perimeter_bot_zn_1,perimeter,bottom,south,horizontal_GHI__zone_p_tail,0.3892277538037958,4437
beijing_ssp585_late_2080s_hot_2089,perimeter_bot_zn_4,perimeter,bottom,west,horizontal_GHI__zone_operative_temperature,0.3976630185050044,4437
beijing_ssp585_late_2080s_hot_2089,perimeter_bot_zn_4,perimeter,bottom,west,horizontal_GHI__zone_p_tail,0.2005022846690406,4437
beijing_ssp585_late_2080s_hot_2089,perimeter_mid_zn_3,perimeter,middle,north,horizontal_GHI__zone_operative_temperature,0.436707762967151,4437
beijing_ssp585_late_2080s_hot_2089,perimeter_mid_zn_3,perimeter,middle,north,horizontal_GHI__zone_p_tail,0.28264605766289147,4437
beijing_ssp585_late_2080s_hot_2089,perimeter_mid_zn_2,perimeter,middle,east,horizontal_GHI__zone_operative_temperature,0.5228247864195849,4437
beijing_ssp585_late_2080s_hot_2089,perimeter_mid_zn_2,perimeter,middle,east,horizontal_GHI__zone_p_tail,0.42082011602438346,4437
beijing_ssp585_late_2080s_hot_2089,perimeter_mid_zn_1,perimeter,middle,south,horizontal_GHI__zone_operative_temperature,0.6689687740390751,4437
beijing_ssp585_late_2080s_hot_2089,perimeter_mid_zn_1,perimeter,middle,south,horizontal_GHI__zone_p_tail,0.48740297091757334,4437
beijing_ssp585_late_2080s_hot_2089,perimeter_mid_zn_4,perimeter,middle,west,horizontal_GHI__zone_operative_temperature,0.4539454692965682,4437
beijing_ssp585_late_2080s_hot_2089,perimeter_mid_zn_4,perimeter,middle,west,horizontal_GHI__zone_p_tail,0.23529340660713063,4437
beijing_ssp585_late_2080s_typical_2084,core_bottom,core,bottom,core,horizontal_GHI__zone_operative_temperature,0.43660124834654424,4437
beijing_ssp585_late_2080s_typical_2084,core_bottom,core,bottom,core,horizontal_GHI__zone_p_tail,0.06199766325153004,4437
beijing_ssp585_late_2080s_typical_2084,core_mid,core,middle,core,horizontal_GHI__zone_operative_temperature,0.39846771731408137,4437
beijing_ssp585_late_2080s_typical_2084,core_mid,core,middle,core,horizontal_GHI__zone_p_tail,0.050411749535455824,4437
beijing_ssp585_late_2080s_typical_2084,core_top,core,top,core,horizontal_GHI__zone_operative_temperature,0.44736474089190026,4437
beijing_ssp585_late_2080s_typical_2084,core_top,core,top,core,horizontal_GHI__zone_p_tail,0.11569081690574094,4437
beijing_ssp585_late_2080s_typical_2084,perimeter_top_zn_3,perimeter,top,north,horizontal_GHI__zone_operative_temperature,0.46167608157727286,4437
beijing_ssp585_late_2080s_typical_2084,perimeter_top_zn_3,perimeter,top,north,horizontal_GHI__zone_p_tail,0.2514057298573135,4437
beijing_ssp585_late_2080s_typical_2084,perimeter_top_zn_2,perimeter,top,east,horizontal_GHI__zone_operative_temperature,0.5493974299709111,4437
beijing_ssp585_late_2080s_typical_2084,perimeter_top_zn_2,perimeter,top,east,horizontal_GHI__zone_p_tail,0.39947156223190056,4437
beijing_ssp585_late_2080s_typical_2084,perimeter_top_zn_1,perimeter,top,south,horizontal_GHI__zone_operative_temperature,0.6824719738658788,4437
beijing_ssp585_late_2080s_typical_2084,perimeter_top_zn_1,perimeter,top,south,horizontal_GHI__zone_p_tail,0.48044350988495377,4437
beijing_ssp585_late_2080s_typical_2084,perimeter_top_zn_4,perimeter,top,west,horizontal_GHI__zone_operative_temperature,0.47193198011692933,4437
beijing_ssp585_late_2080s_typical_2084,perimeter_top_zn_4,perimeter,top,west,horizontal_GHI__zone_p_tail,0.22066594257613972,4437
beijing_ssp585_late_2080s_typical_2084,perimeter_bot_zn_3,perimeter,bottom,north,horizontal_GHI__zone_operative_temperature,0.39972566106012786,4437
beijing_ssp585_late_2080s_typical_2084,perimeter_bot_zn_3,perimeter,bottom,north,horizontal_GHI__zone_p_tail,0.17640239338467203,4437
beijing_ssp585_late_2080s_typical_2084,perimeter_bot_zn_2,perimeter,bottom,east,horizontal_GHI__zone_operative_temperature,0.48591030090311593,4437
beijing_ssp585_late_2080s_typical_2084,perimeter_bot_zn_2,perimeter,bottom,east,horizontal_GHI__zone_p_tail,0.35418683228154446,4437
beijing_ssp585_late_2080s_typical_2084,perimeter_bot_zn_1,perimeter,bottom,south,horizontal_GHI__zone_operative_temperature,0.5251875107247932,4437
beijing_ssp585_late_2080s_typical_2084,perimeter_bot_zn_1,perimeter,bottom,south,horizontal_GHI__zone_p_tail,0.3504123843137697,4437
beijing_ssp585_late_2080s_typical_2084,perimeter_bot_zn_4,perimeter,bottom,west,horizontal_GHI__zone_operative_temperature,0.4024493022294446,4437
beijing_ssp585_late_2080s_typical_2084,perimeter_bot_zn_4,perimeter,bottom,west,horizontal_GHI__zone_p_tail,0.18278795137000783,4437
beijing_ssp585_late_2080s_typical_2084,perimeter_mid_zn_3,perimeter,middle,north,horizontal_GHI__zone_operative_temperature,0.45359691677945424,4437
beijing_ssp585_late_2080s_typical_2084,perimeter_mid_zn_3,perimeter,middle,north,horizontal_GHI__zone_p_tail,0.2607256780288491,4437
beijing_ssp585_late_2080s_typical_2084,perimeter_mid_zn_2,perimeter,middle,east,horizontal_GHI__zone_operative_temperature,0.5409875239777905,4437
beijing_ssp585_late_2080s_typical_2084,perimeter_mid_zn_2,perimeter,middle,east,horizontal_GHI__zone_p_tail,0.4199211065899457,4437
beijing_ssp585_late_2080s_typical_2084,perimeter_mid_zn_1,perimeter,middle,south,horizontal_GHI__zone_operative_temperature,0.687371508502349,4437
beijing_ssp585_late_2080s_typical_2084,perimeter_mid_zn_1,perimeter,middle,south,horizontal_GHI__zone_p_tail,0.47181794074826894,4437
beijing_ssp585_late_2080s_typical_2084,perimeter_mid_zn_4,perimeter,middle,west,horizontal_GHI__zone_operative_temperature,0.4640969685691331,4437
beijing_ssp585_late_2080s_typical_2084,perimeter_mid_zn_4,perimeter,middle,west,horizontal_GHI__zone_p_tail,0.2237844794840354,4437
beijing_ssp585_mid_2050s_heatwave_extreme_2052,core_bottom,core,bottom,core,horizontal_GHI__zone_operative_temperature,0.4248973921979722,4437
beijing_ssp585_mid_2050s_heatwave_extreme_2052,core_bottom,core,bottom,core,horizontal_GHI__zone_p_tail,0.03674688784930378,4437
beijing_ssp585_mid_2050s_heatwave_extreme_2052,core_mid,core,middle,core,horizontal_GHI__zone_operative_temperature,0.3910867384072608,4437
beijing_ssp585_mid_2050s_heatwave_extreme_2052,core_mid,core,middle,core,horizontal_GHI__zone_p_tail,0.03885896033461431,4437
beijing_ssp585_mid_2050s_heatwave_extreme_2052,core_top,core,top,core,horizontal_GHI__zone_operative_temperature,0.4320622305616314,4437
beijing_ssp585_mid_2050s_heatwave_extreme_2052,core_top,core,top,core,horizontal_GHI__zone_p_tail,0.06944698126272211,4437
beijing_ssp585_mid_2050s_heatwave_extreme_2052,perimeter_top_zn_3,perimeter,top,north,horizontal_GHI__zone_operative_temperature,0.4525509513031663,4437
beijing_ssp585_mid_2050s_heatwave_extreme_2052,perimeter_top_zn_3,perimeter,top,north,horizontal_GHI__zone_p_tail,0.24012326194538738,4437
beijing_ssp585_mid_2050s_heatwave_extreme_2052,perimeter_top_zn_2,perimeter,top,east,horizontal_GHI__zone_operative_temperature,0.5391498709315713,4437
beijing_ssp585_mid_2050s_heatwave_extreme_2052,perimeter_top_zn_2,perimeter,top,east,horizontal_GHI__zone_p_tail,0.33710230537511104,4437
beijing_ssp585_mid_2050s_heatwave_extreme_2052,perimeter_top_zn_1,perimeter,top,south,horizontal_GHI__zone_operative_temperature,0.6906628904208948,4437
beijing_ssp585_mid_2050s_heatwave_extreme_2052,perimeter_top_zn_1,perimeter,top,south,horizontal_GHI__zone_p_tail,0.4483936295145948,4437
beijing_ssp585_mid_2050s_heatwave_extreme_2052,perimeter_top_zn_4,perimeter,top,west,horizontal_GHI__zone_operative_temperature,0.4700970018222313,4437
beijing_ssp585_mid_2050s_heatwave_extreme_2052,perimeter_top_zn_4,perimeter,top,west,horizontal_GHI__zone_p_tail,0.20587261119996025,4437
beijing_ssp585_mid_2050s_heatwave_extreme_2052,perimeter_bot_zn_3,perimeter,bottom,north,horizontal_GHI__zone_operative_temperature,0.4010879430506122,4437
beijing_ssp585_mid_2050s_heatwave_extreme_2052,perimeter_bot_zn_3,perimeter,bottom,north,horizontal_GHI__zone_p_tail,0.17285885486540206,4437
beijing_ssp585_mid_2050s_heatwave_extreme_2052,perimeter_bot_zn_2,perimeter,bottom,east,horizontal_GHI__zone_operative_temperature,0.48514113914397283,4437
beijing_ssp585_mid_2050s_heatwave_extreme_2052,perimeter_bot_zn_2,perimeter,bottom,east,horizontal_GHI__zone_p_tail,0.26950098235921166,4437
beijing_ssp585_mid_2050s_heatwave_extreme_2052,perimeter_bot_zn_1,perimeter,bottom,south,horizontal_GHI__zone_operative_temperature,0.5360908946626313,4437
beijing_ssp585_mid_2050s_heatwave_extreme_2052,perimeter_bot_zn_1,perimeter,bottom,south,horizontal_GHI__zone_p_tail,0.34242233903363356,4437
beijing_ssp585_mid_2050s_heatwave_extreme_2052,perimeter_bot_zn_4,perimeter,bottom,west,horizontal_GHI__zone_operative_temperature,0.40901388811568745,4437
beijing_ssp585_mid_2050s_heatwave_extreme_2052,perimeter_bot_zn_4,perimeter,bottom,west,horizontal_GHI__zone_p_tail,0.1279292198988601,4437
beijing_ssp585_mid_2050s_heatwave_extreme_2052,perimeter_mid_zn_3,perimeter,middle,north,horizontal_GHI__zone_operative_temperature,0.44440989488465227,4437
beijing_ssp585_mid_2050s_heatwave_extreme_2052,perimeter_mid_zn_3,perimeter,middle,north,horizontal_GHI__zone_p_tail,0.2252169995805221,4437
beijing_ssp585_mid_2050s_heatwave_extreme_2052,perimeter_mid_zn_2,perimeter,middle,east,horizontal_GHI__zone_operative_temperature,0.5321596721478786,4437
beijing_ssp585_mid_2050s_heatwave_extreme_2052,perimeter_mid_zn_2,perimeter,middle,east,horizontal_GHI__zone_p_tail,0.315110439933363,4437
beijing_ssp585_mid_2050s_heatwave_extreme_2052,perimeter_mid_zn_1,perimeter,middle,south,horizontal_GHI__zone_operative_temperature,0.7028589287162472,4437
beijing_ssp585_mid_2050s_heatwave_extreme_2052,perimeter_mid_zn_1,perimeter,middle,south,horizontal_GHI__zone_p_tail,0.4459414930746563,4437
beijing_ssp585_mid_2050s_heatwave_extreme_2052,perimeter_mid_zn_4,perimeter,middle,west,horizontal_GHI__zone_operative_temperature,0.4633142557695804,4437
beijing_ssp585_mid_2050s_heatwave_extreme_2052,perimeter_mid_zn_4,perimeter,middle,west,horizontal_GHI__zone_p_tail,0.17146812952068757,4437
beijing_ssp585_mid_2050s_hot_2052,core_bottom,core,bottom,core,horizontal_GHI__zone_operative_temperature,0.4248973921979722,4437
beijing_ssp585_mid_2050s_hot_2052,core_bottom,core,bottom,core,horizontal_GHI__zone_p_tail,0.03674688784930378,4437
beijing_ssp585_mid_2050s_hot_2052,core_mid,core,middle,core,horizontal_GHI__zone_operative_temperature,0.3910867384072608,4437
beijing_ssp585_mid_2050s_hot_2052,core_mid,core,middle,core,horizontal_GHI__zone_p_tail,0.03885896033461431,4437
beijing_ssp585_mid_2050s_hot_2052,core_top,core,top,core,horizontal_GHI__zone_operative_temperature,0.4320622305616314,4437
beijing_ssp585_mid_2050s_hot_2052,core_top,core,top,core,horizontal_GHI__zone_p_tail,0.06944698126272211,4437
beijing_ssp585_mid_2050s_hot_2052,perimeter_top_zn_3,perimeter,top,north,horizontal_GHI__zone_operative_temperature,0.4525509513031663,4437
beijing_ssp585_mid_2050s_hot_2052,perimeter_top_zn_3,perimeter,top,north,horizontal_GHI__zone_p_tail,0.24012326194538738,4437
beijing_ssp585_mid_2050s_hot_2052,perimeter_top_zn_2,perimeter,top,east,horizontal_GHI__zone_operative_temperature,0.5391498709315713,4437
beijing_ssp585_mid_2050s_hot_2052,perimeter_top_zn_2,perimeter,top,east,horizontal_GHI__zone_p_tail,0.33710230537511104,4437
beijing_ssp585_mid_2050s_hot_2052,perimeter_top_zn_1,perimeter,top,south,horizontal_GHI__zone_operative_temperature,0.6906628904208948,4437
beijing_ssp585_mid_2050s_hot_2052,perimeter_top_zn_1,perimeter,top,south,horizontal_GHI__zone_p_tail,0.4483936295145948,4437
beijing_ssp585_mid_2050s_hot_2052,perimeter_top_zn_4,perimeter,top,west,horizontal_GHI__zone_operative_temperature,0.4700970018222313,4437
beijing_ssp585_mid_2050s_hot_2052,perimeter_top_zn_4,perimeter,top,west,horizontal_GHI__zone_p_tail,0.20587261119996025,4437
beijing_ssp585_mid_2050s_hot_2052,perimeter_bot_zn_3,perimeter,bottom,north,horizontal_GHI__zone_operative_temperature,0.4010879430506122,4437
beijing_ssp585_mid_2050s_hot_2052,perimeter_bot_zn_3,perimeter,bottom,north,horizontal_GHI__zone_p_tail,0.17285885486540206,4437
beijing_ssp585_mid_2050s_hot_2052,perimeter_bot_zn_2,perimeter,bottom,east,horizontal_GHI__zone_operative_temperature,0.48514113914397283,4437
beijing_ssp585_mid_2050s_hot_2052,perimeter_bot_zn_2,perimeter,bottom,east,horizontal_GHI__zone_p_tail,0.26950098235921166,4437
beijing_ssp585_mid_2050s_hot_2052,perimeter_bot_zn_1,perimeter,bottom,south,horizontal_GHI__zone_operative_temperature,0.5360908946626313,4437
beijing_ssp585_mid_2050s_hot_2052,perimeter_bot_zn_1,perimeter,bottom,south,horizontal_GHI__zone_p_tail,0.34242233903363356,4437
beijing_ssp585_mid_2050s_hot_2052,perimeter_bot_zn_4,perimeter,bottom,west,horizontal_GHI__zone_operative_temperature,0.40901388811568745,4437
beijing_ssp585_mid_2050s_hot_2052,perimeter_bot_zn_4,perimeter,bottom,west,horizontal_GHI__zone_p_tail,0.1279292198988601,4437
beijing_ssp585_mid_2050s_hot_2052,perimeter_mid_zn_3,perimeter,middle,north,horizontal_GHI__zone_operative_temperature,0.44440989488465227,4437
beijing_ssp585_mid_2050s_hot_2052,perimeter_mid_zn_3,perimeter,middle,north,horizontal_GHI__zone_p_tail,0.2252169995805221,4437
beijing_ssp585_mid_2050s_hot_2052,perimeter_mid_zn_2,perimeter,middle,east,horizontal_GHI__zone_operative_temperature,0.5321596721478786,4437
beijing_ssp585_mid_2050s_hot_2052,perimeter_mid_zn_2,perimeter,middle,east,horizontal_GHI__zone_p_tail,0.315110439933363,4437
beijing_ssp585_mid_2050s_hot_2052,perimeter_mid_zn_1,perimeter,middle,south,horizontal_GHI__zone_operative_temperature,0.7028589287162472,4437
beijing_ssp585_mid_2050s_hot_2052,perimeter_mid_zn_1,perimeter,middle,south,horizontal_GHI__zone_p_tail,0.4459414930746563,4437
beijing_ssp585_mid_2050s_hot_2052,perimeter_mid_zn_4,perimeter,middle,west,horizontal_GHI__zone_operative_temperature,0.4633142557695804,4437
beijing_ssp585_mid_2050s_hot_2052,perimeter_mid_zn_4,perimeter,middle,west,horizontal_GHI__zone_p_tail,0.17146812952068757,4437
beijing_ssp585_mid_2050s_typical_2053,core_bottom,core,bottom,core,horizontal_GHI__zone_operative_temperature,0.4254784222901296,4437
beijing_ssp585_mid_2050s_typical_2053,core_bottom,core,bottom,core,horizontal_GHI__zone_p_tail,-0.1051345951881714,4437
beijing_ssp585_mid_2050s_typical_2053,core_mid,core,middle,core,horizontal_GHI__zone_operative_temperature,0.37599467998762237,4437
beijing_ssp585_mid_2050s_typical_2053,core_mid,core,middle,core,horizontal_GHI__zone_p_tail,-0.12115974865567063,4437
beijing_ssp585_mid_2050s_typical_2053,core_top,core,top,core,horizontal_GHI__zone_operative_temperature,0.4380267968382553,4437
beijing_ssp585_mid_2050s_typical_2053,core_top,core,top,core,horizontal_GHI__zone_p_tail,-0.04522310936118239,4437
beijing_ssp585_mid_2050s_typical_2053,perimeter_top_zn_3,perimeter,top,north,horizontal_GHI__zone_operative_temperature,0.4565673101891543,4437
beijing_ssp585_mid_2050s_typical_2053,perimeter_top_zn_3,perimeter,top,north,horizontal_GHI__zone_p_tail,0.18035388623703807,4437
beijing_ssp585_mid_2050s_typical_2053,perimeter_top_zn_2,perimeter,top,east,horizontal_GHI__zone_operative_temperature,0.562875371798796,4437
beijing_ssp585_mid_2050s_typical_2053,perimeter_top_zn_2,perimeter,top,east,horizontal_GHI__zone_p_tail,0.35419000487037794,4437
beijing_ssp585_mid_2050s_typical_2053,perimeter_top_zn_1,perimeter,top,south,horizontal_GHI__zone_operative_temperature,0.7461993450643837,4437
beijing_ssp585_mid_2050s_typical_2053,perimeter_top_zn_1,perimeter,top,south,horizontal_GHI__zone_p_tail,0.4194899625975142,4437
beijing_ssp585_mid_2050s_typical_2053,perimeter_top_zn_4,perimeter,top,west,horizontal_GHI__zone_operative_temperature,0.47598551010070933,4437
beijing_ssp585_mid_2050s_typical_2053,perimeter_top_zn_4,perimeter,top,west,horizontal_GHI__zone_p_tail,0.14620150671700138,4437
beijing_ssp585_mid_2050s_typical_2053,perimeter_bot_zn_3,perimeter,bottom,north,horizontal_GHI__zone_operative_temperature,0.39591639709604126,4437
beijing_ssp585_mid_2050s_typical_2053,perimeter_bot_zn_3,perimeter,bottom,north,horizontal_GHI__zone_p_tail,0.11906882287930694,4437
beijing_ssp585_mid_2050s_typical_2053,perimeter_bot_zn_2,perimeter,bottom,east,horizontal_GHI__zone_operative_temperature,0.5013126444226625,4437
beijing_ssp585_mid_2050s_typical_2053,perimeter_bot_zn_2,perimeter,bottom,east,horizontal_GHI__zone_p_tail,0.30392415217846236,4437
beijing_ssp585_mid_2050s_typical_2053,perimeter_bot_zn_1,perimeter,bottom,south,horizontal_GHI__zone_operative_temperature,0.5569813678422403,4437
beijing_ssp585_mid_2050s_typical_2053,perimeter_bot_zn_1,perimeter,bottom,south,horizontal_GHI__zone_p_tail,0.2983574345465869,4437
beijing_ssp585_mid_2050s_typical_2053,perimeter_bot_zn_4,perimeter,bottom,west,horizontal_GHI__zone_operative_temperature,0.40418238188965583,4437
beijing_ssp585_mid_2050s_typical_2053,perimeter_bot_zn_4,perimeter,bottom,west,horizontal_GHI__zone_p_tail,0.09182138794014653,4437
beijing_ssp585_mid_2050s_typical_2053,perimeter_mid_zn_3,perimeter,middle,north,horizontal_GHI__zone_operative_temperature,0.4443634794728161,4437
beijing_ssp585_mid_2050s_typical_2053,perimeter_mid_zn_3,perimeter,middle,north,horizontal_GHI__zone_p_tail,0.17837975852283966,4437
beijing_ssp585_mid_2050s_typical_2053,perimeter_mid_zn_2,perimeter,middle,east,horizontal_GHI__zone_operative_temperature,0.5557344616021545,4437
beijing_ssp585_mid_2050s_typical_2053,perimeter_mid_zn_2,perimeter,middle,east,horizontal_GHI__zone_p_tail,0.33602902892269493,4437
beijing_ssp585_mid_2050s_typical_2053,perimeter_mid_zn_1,perimeter,middle,south,horizontal_GHI__zone_operative_temperature,0.7508244910564515,4437
beijing_ssp585_mid_2050s_typical_2053,perimeter_mid_zn_1,perimeter,middle,south,horizontal_GHI__zone_p_tail,0.39736285244198405,4437
beijing_ssp585_mid_2050s_typical_2053,perimeter_mid_zn_4,perimeter,middle,west,horizontal_GHI__zone_operative_temperature,0.46854285654784356,4437
beijing_ssp585_mid_2050s_typical_2053,perimeter_mid_zn_4,perimeter,middle,west,horizontal_GHI__zone_p_tail,0.10905289367510289,4437
beijing_ssp585_near_2030s_heatwave_extreme_2030,core_bottom,core,bottom,core,horizontal_GHI__zone_operative_temperature,0.397905418269248,4437
beijing_ssp585_near_2030s_heatwave_extreme_2030,core_bottom,core,bottom,core,horizontal_GHI__zone_p_tail,-0.0880450528689602,4437
beijing_ssp585_near_2030s_heatwave_extreme_2030,core_mid,core,middle,core,horizontal_GHI__zone_operative_temperature,0.3713879410891828,4437
beijing_ssp585_near_2030s_heatwave_extreme_2030,core_mid,core,middle,core,horizontal_GHI__zone_p_tail,-0.041713201949488084,4437
beijing_ssp585_near_2030s_heatwave_extreme_2030,core_top,core,top,core,horizontal_GHI__zone_operative_temperature,0.4199902475001638,4437
beijing_ssp585_near_2030s_heatwave_extreme_2030,core_top,core,top,core,horizontal_GHI__zone_p_tail,-0.01598398272068288,4437
beijing_ssp585_near_2030s_heatwave_extreme_2030,perimeter_top_zn_3,perimeter,top,north,horizontal_GHI__zone_operative_temperature,0.43802879074591833,4437
beijing_ssp585_near_2030s_heatwave_extreme_2030,perimeter_top_zn_3,perimeter,top,north,horizontal_GHI__zone_p_tail,0.1445115072592865,4437
beijing_ssp585_near_2030s_heatwave_extreme_2030,perimeter_top_zn_2,perimeter,top,east,horizontal_GHI__zone_operative_temperature,0.5295644308122655,4437
beijing_ssp585_near_2030s_heatwave_extreme_2030,perimeter_top_zn_2,perimeter,top,east,horizontal_GHI__zone_p_tail,0.2641935494375186,4437
beijing_ssp585_near_2030s_heatwave_extreme_2030,perimeter_top_zn_1,perimeter,top,south,horizontal_GHI__zone_operative_temperature,0.6935238443102606,4437
beijing_ssp585_near_2030s_heatwave_extreme_2030,perimeter_top_zn_1,perimeter,top,south,horizontal_GHI__zone_p_tail,0.42833455668194537,4437
beijing_ssp585_near_2030s_heatwave_extreme_2030,perimeter_top_zn_4,perimeter,top,west,horizontal_GHI__zone_operative_temperature,0.4546428936517062,4437
beijing_ssp585_near_2030s_heatwave_extreme_2030,perimeter_top_zn_4,perimeter,top,west,horizontal_GHI__zone_p_tail,0.1340500535282274,4437
beijing_ssp585_near_2030s_heatwave_extreme_2030,perimeter_bot_zn_3,perimeter,bottom,north,horizontal_GHI__zone_operative_temperature,0.3786901560842843,4437
beijing_ssp585_near_2030s_heatwave_extreme_2030,perimeter_bot_zn_3,perimeter,bottom,north,horizontal_GHI__zone_p_tail,0.0315244570211128,4437
beijing_ssp585_near_2030s_heatwave_extreme_2030,perimeter_bot_zn_2,perimeter,bottom,east,horizontal_GHI__zone_operative_temperature,0.47085458588217144,4437
beijing_ssp585_near_2030s_heatwave_extreme_2030,perimeter_bot_zn_2,perimeter,bottom,east,horizontal_GHI__zone_p_tail,0.1655383257675951,4437
beijing_ssp585_near_2030s_heatwave_extreme_2030,perimeter_bot_zn_1,perimeter,bottom,south,horizontal_GHI__zone_operative_temperature,0.48329065666767873,4437
beijing_ssp585_near_2030s_heatwave_extreme_2030,perimeter_bot_zn_1,perimeter,bottom,south,horizontal_GHI__zone_p_tail,0.3166557006856951,4437
beijing_ssp585_near_2030s_heatwave_extreme_2030,perimeter_bot_zn_4,perimeter,bottom,west,horizontal_GHI__zone_operative_temperature,0.3853373131411032,4437
beijing_ssp585_near_2030s_heatwave_extreme_2030,perimeter_bot_zn_4,perimeter,bottom,west,horizontal_GHI__zone_p_tail,-0.010496799026649302,4437
beijing_ssp585_near_2030s_heatwave_extreme_2030,perimeter_mid_zn_3,perimeter,middle,north,horizontal_GHI__zone_operative_temperature,0.42563914343290243,4437
beijing_ssp585_near_2030s_heatwave_extreme_2030,perimeter_mid_zn_3,perimeter,middle,north,horizontal_GHI__zone_p_tail,0.11861569137936359,4437
beijing_ssp585_near_2030s_heatwave_extreme_2030,perimeter_mid_zn_2,perimeter,middle,east,horizontal_GHI__zone_operative_temperature,0.5235373321649309,4437
beijing_ssp585_near_2030s_heatwave_extreme_2030,perimeter_mid_zn_2,perimeter,middle,east,horizontal_GHI__zone_p_tail,0.26455574191440084,4437
beijing_ssp585_near_2030s_heatwave_extreme_2030,perimeter_mid_zn_1,perimeter,middle,south,horizontal_GHI__zone_operative_temperature,0.7107164507239319,4437
beijing_ssp585_near_2030s_heatwave_extreme_2030,perimeter_mid_zn_1,perimeter,middle,south,horizontal_GHI__zone_p_tail,0.4354859149336473,4437
beijing_ssp585_near_2030s_heatwave_extreme_2030,perimeter_mid_zn_4,perimeter,middle,west,horizontal_GHI__zone_operative_temperature,0.4477139919289029,4437
beijing_ssp585_near_2030s_heatwave_extreme_2030,perimeter_mid_zn_4,perimeter,middle,west,horizontal_GHI__zone_p_tail,0.09793683550250307,4437
beijing_ssp585_near_2030s_hot_2037,core_bottom,core,bottom,core,horizontal_GHI__zone_operative_temperature,0.41679323766091037,4437
beijing_ssp585_near_2030s_hot_2037,core_bottom,core,bottom,core,horizontal_GHI__zone_p_tail,-0.06829505869043827,4437
beijing_ssp585_near_2030s_hot_2037,core_mid,core,middle,core,horizontal_GHI__zone_operative_temperature,0.3908932132860234,4437
beijing_ssp585_near_2030s_hot_2037,core_mid,core,middle,core,horizontal_GHI__zone_p_tail,-0.05997366686640017,4437
beijing_ssp585_near_2030s_hot_2037,core_top,core,top,core,horizontal_GHI__zone_operative_temperature,0.44145014181382847,4437
beijing_ssp585_near_2030s_hot_2037,core_top,core,top,core,horizontal_GHI__zone_p_tail,-0.0005038110905710737,4437
beijing_ssp585_near_2030s_hot_2037,perimeter_top_zn_3,perimeter,top,north,horizontal_GHI__zone_operative_temperature,0.46334758191230757,4437
beijing_ssp585_near_2030s_hot_2037,perimeter_top_zn_3,perimeter,top,north,horizontal_GHI__zone_p_tail,0.1908039089881232,4437
beijing_ssp585_near_2030s_hot_2037,perimeter_top_zn_2,perimeter,top,east,horizontal_GHI__zone_operative_temperature,0.5537024060628227,4437
beijing_ssp585_near_2030s_hot_2037,perimeter_top_zn_2,perimeter,top,east,horizontal_GHI__zone_p_tail,0.2843161389000417,4437
beijing_ssp585_near_2030s_hot_2037,perimeter_top_zn_1,perimeter,top,south,horizontal_GHI__zone_operative_temperature,0.7011812240868499,4437
beijing_ssp585_near_2030s_hot_2037,perimeter_top_zn_1,perimeter,top,south,horizontal_GHI__zone_p_tail,0.4461210405518605,4437
beijing_ssp585_near_2030s_hot_2037,perimeter_top_zn_4,perimeter,top,west,horizontal_GHI__zone_operative_temperature,0.4757129350328555,4437
beijing_ssp585_near_2030s_hot_2037,perimeter_top_zn_4,perimeter,top,west,horizontal_GHI__zone_p_tail,0.16506734480375143,4437
beijing_ssp585_near_2030s_hot_2037,perimeter_bot_zn_3,perimeter,bottom,north,horizontal_GHI__zone_operative_temperature,0.4056391263398291,4437
beijing_ssp585_near_2030s_hot_2037,perimeter_bot_zn_3,perimeter,bottom,north,horizontal_GHI__zone_p_tail,0.08526112965016029,4437
beijing_ssp585_near_2030s_hot_2037,perimeter_bot_zn_2,perimeter,bottom,east,horizontal_GHI__zone_operative_temperature,0.49212231948485574,4437
beijing_ssp585_near_2030s_hot_2037,perimeter_bot_zn_2,perimeter,bottom,east,horizontal_GHI__zone_p_tail,0.21716060234525197,4437
beijing_ssp585_near_2030s_hot_2037,perimeter_bot_zn_1,perimeter,bottom,south,horizontal_GHI__zone_operative_temperature,0.5156713269919123,4437
beijing_ssp585_near_2030s_hot_2037,perimeter_bot_zn_1,perimeter,bottom,south,horizontal_GHI__zone_p_tail,0.3012608479574703,4437
beijing_ssp585_near_2030s_hot_2037,perimeter_bot_zn_4,perimeter,bottom,west,horizontal_GHI__zone_operative_temperature,0.40497960480489437,4437
beijing_ssp585_near_2030s_hot_2037,perimeter_bot_zn_4,perimeter,bottom,west,horizontal_GHI__zone_p_tail,0.06029140478656512,4437
beijing_ssp585_near_2030s_hot_2037,perimeter_mid_zn_3,perimeter,middle,north,horizontal_GHI__zone_operative_temperature,0.44898553785469175,4437
beijing_ssp585_near_2030s_hot_2037,perimeter_mid_zn_3,perimeter,middle,north,horizontal_GHI__zone_p_tail,0.16496333999353363,4437
beijing_ssp585_near_2030s_hot_2037,perimeter_mid_zn_2,perimeter,middle,east,horizontal_GHI__zone_operative_temperature,0.5415442625834793,4437
beijing_ssp585_near_2030s_hot_2037,perimeter_mid_zn_2,perimeter,middle,east,horizontal_GHI__zone_p_tail,0.2919837003308574,4437
beijing_ssp585_near_2030s_hot_2037,perimeter_mid_zn_1,perimeter,middle,south,horizontal_GHI__zone_operative_temperature,0.7112658398514481,4437
beijing_ssp585_near_2030s_hot_2037,perimeter_mid_zn_1,perimeter,middle,south,horizontal_GHI__zone_p_tail,0.44011819445796324,4437
beijing_ssp585_near_2030s_hot_2037,perimeter_mid_zn_4,perimeter,middle,west,horizontal_GHI__zone_operative_temperature,0.4658477003053085,4437
beijing_ssp585_near_2030s_hot_2037,perimeter_mid_zn_4,perimeter,middle,west,horizontal_GHI__zone_p_tail,0.12587348545391386,4437
beijing_ssp585_near_2030s_typical_2032,core_bottom,core,bottom,core,horizontal_GHI__zone_operative_temperature,0.44706265152160335,4437
beijing_ssp585_near_2030s_typical_2032,core_bottom,core,bottom,core,horizontal_GHI__zone_p_tail,-0.10264718556968787,4437
beijing_ssp585_near_2030s_typical_2032,core_mid,core,middle,core,horizontal_GHI__zone_operative_temperature,0.39776618155910354,4437
beijing_ssp585_near_2030s_typical_2032,core_mid,core,middle,core,horizontal_GHI__zone_p_tail,-0.12247212035208561,4437
beijing_ssp585_near_2030s_typical_2032,core_top,core,top,core,horizontal_GHI__zone_operative_temperature,0.4565609036153294,4437
beijing_ssp585_near_2030s_typical_2032,core_top,core,top,core,horizontal_GHI__zone_p_tail,0.01073012252478234,4437
beijing_ssp585_near_2030s_typical_2032,perimeter_top_zn_3,perimeter,top,north,horizontal_GHI__zone_operative_temperature,0.4752027671113174,4437
beijing_ssp585_near_2030s_typical_2032,perimeter_top_zn_3,perimeter,top,north,horizontal_GHI__zone_p_tail,0.24248349786828774,4437
beijing_ssp585_near_2030s_typical_2032,perimeter_top_zn_2,perimeter,top,east,horizontal_GHI__zone_operative_temperature,0.5778741102538311,4437
beijing_ssp585_near_2030s_typical_2032,perimeter_top_zn_2,perimeter,top,east,horizontal_GHI__zone_p_tail,0.3632536117394506,4437
beijing_ssp585_near_2030s_typical_2032,perimeter_top_zn_1,perimeter,top,south,horizontal_GHI__zone_operative_temperature,0.7521414442005023,4437
beijing_ssp585_near_2030s_typical_2032,perimeter_top_zn_1,perimeter,top,south,horizontal_GHI__zone_p_tail,0.4764153789359349,4437
beijing_ssp585_near_2030s_typical_2032,perimeter_top_zn_4,perimeter,top,west,horizontal_GHI__zone_operative_temperature,0.49095610781911725,4437
beijing_ssp585_near_2030s_typical_2032,perimeter_top_zn_4,perimeter,top,west,horizontal_GHI__zone_p_tail,0.18156049137713212,4437
beijing_ssp585_near_2030s_typical_2032,perimeter_bot_zn_3,perimeter,bottom,north,horizontal_GHI__zone_operative_temperature,0.4166024450203571,4437
beijing_ssp585_near_2030s_typical_2032,perimeter_bot_zn_3,perimeter,bottom,north,horizontal_GHI__zone_p_tail,0.1119395291264984,4437
beijing_ssp585_near_2030s_typical_2032,perimeter_bot_zn_2,perimeter,bottom,east,horizontal_GHI__zone_operative_temperature,0.5155309640301609,4437
beijing_ssp585_near_2030s_typical_2032,perimeter_bot_zn_2,perimeter,bottom,east,horizontal_GHI__zone_p_tail,0.31930563933783257,4437
beijing_ssp585_near_2030s_typical_2032,perimeter_bot_zn_1,perimeter,bottom,south,horizontal_GHI__zone_operative_temperature,0.5489208902851915,4437
beijing_ssp585_near_2030s_typical_2032,perimeter_bot_zn_1,perimeter,bottom,south,horizontal_GHI__zone_p_tail,0.3413127762003599,4437
beijing_ssp585_near_2030s_typical_2032,perimeter_bot_zn_4,perimeter,bottom,west,horizontal_GHI__zone_operative_temperature,0.4193276185897007,4437
beijing_ssp585_near_2030s_typical_2032,perimeter_bot_zn_4,perimeter,bottom,west,horizontal_GHI__zone_p_tail,0.08754439926997874,4437
beijing_ssp585_near_2030s_typical_2032,perimeter_mid_zn_3,perimeter,middle,north,horizontal_GHI__zone_operative_temperature,0.46462478502432,4437
beijing_ssp585_near_2030s_typical_2032,perimeter_mid_zn_3,perimeter,middle,north,horizontal_GHI__zone_p_tail,0.22172854806074288,4437
beijing_ssp585_near_2030s_typical_2032,perimeter_mid_zn_2,perimeter,middle,east,horizontal_GHI__zone_operative_temperature,0.5733094158223507,4437
beijing_ssp585_near_2030s_typical_2032,perimeter_mid_zn_2,perimeter,middle,east,horizontal_GHI__zone_p_tail,0.34616687748943764,4437
beijing_ssp585_near_2030s_typical_2032,perimeter_mid_zn_1,perimeter,middle,south,horizontal_GHI__zone_operative_temperature,0.7576684297156466,4437
beijing_ssp585_near_2030s_typical_2032,perimeter_mid_zn_1,perimeter,middle,south,horizontal_GHI__zone_p_tail,0.439963749308103,4437
beijing_ssp585_near_2030s_typical_2032,perimeter_mid_zn_4,perimeter,middle,west,horizontal_GHI__zone_operative_temperature,0.4849243036865737,4437
beijing_ssp585_near_2030s_typical_2032,perimeter_mid_zn_4,perimeter,middle,west,horizontal_GHI__zone_p_tail,0.13435158195361419,4437
guangzhou_ssp245_baseline_2020s_heatwave_extreme_2028,core_bottom,core,bottom,core,horizontal_GHI__zone_operative_temperature,0.43573886359324066,4437
guangzhou_ssp245_baseline_2020s_heatwave_extreme_2028,core_bottom,core,bottom,core,horizontal_GHI__zone_p_tail,0.27452133256935624,4437
guangzhou_ssp245_baseline_2020s_heatwave_extreme_2028,core_mid,core,middle,core,horizontal_GHI__zone_operative_temperature,0.381339619114268,4437
guangzhou_ssp245_baseline_2020s_heatwave_extreme_2028,core_mid,core,middle,core,horizontal_GHI__zone_p_tail,0.21459059479557746,4437
guangzhou_ssp245_baseline_2020s_heatwave_extreme_2028,core_top,core,top,core,horizontal_GHI__zone_operative_temperature,0.4385118051484947,4437
guangzhou_ssp245_baseline_2020s_heatwave_extreme_2028,core_top,core,top,core,horizontal_GHI__zone_p_tail,0.2576729047520017,4437
guangzhou_ssp245_baseline_2020s_heatwave_extreme_2028,perimeter_top_zn_3,perimeter,top,north,horizontal_GHI__zone_operative_temperature,0.5334300682795465,4437
guangzhou_ssp245_baseline_2020s_heatwave_extreme_2028,perimeter_top_zn_3,perimeter,top,north,horizontal_GHI__zone_p_tail,0.5005656543423114,4437
guangzhou_ssp245_baseline_2020s_heatwave_extreme_2028,perimeter_top_zn_2,perimeter,top,east,horizontal_GHI__zone_operative_temperature,0.6029211168405382,4437
guangzhou_ssp245_baseline_2020s_heatwave_extreme_2028,perimeter_top_zn_2,perimeter,top,east,horizontal_GHI__zone_p_tail,0.5603186126717704,4437
guangzhou_ssp245_baseline_2020s_heatwave_extreme_2028,perimeter_top_zn_1,perimeter,top,south,horizontal_GHI__zone_operative_temperature,0.6535489294206825,4437
guangzhou_ssp245_baseline_2020s_heatwave_extreme_2028,perimeter_top_zn_1,perimeter,top,south,horizontal_GHI__zone_p_tail,0.6125323359545648,4437
guangzhou_ssp245_baseline_2020s_heatwave_extreme_2028,perimeter_top_zn_4,perimeter,top,west,horizontal_GHI__zone_operative_temperature,0.550518928313183,4437
guangzhou_ssp245_baseline_2020s_heatwave_extreme_2028,perimeter_top_zn_4,perimeter,top,west,horizontal_GHI__zone_p_tail,0.45973008775360175,4437
guangzhou_ssp245_baseline_2020s_heatwave_extreme_2028,perimeter_bot_zn_3,perimeter,bottom,north,horizontal_GHI__zone_operative_temperature,0.4727794065903672,4437
guangzhou_ssp245_baseline_2020s_heatwave_extreme_2028,perimeter_bot_zn_3,perimeter,bottom,north,horizontal_GHI__zone_p_tail,0.3714694645870506,4437
guangzhou_ssp245_baseline_2020s_heatwave_extreme_2028,perimeter_bot_zn_2,perimeter,bottom,east,horizontal_GHI__zone_operative_temperature,0.5115302400076643,4437
guangzhou_ssp245_baseline_2020s_heatwave_extreme_2028,perimeter_bot_zn_2,perimeter,bottom,east,horizontal_GHI__zone_p_tail,0.4189137569592244,4437
guangzhou_ssp245_baseline_2020s_heatwave_extreme_2028,perimeter_bot_zn_1,perimeter,bottom,south,horizontal_GHI__zone_operative_temperature,0.5231744777894918,4437
guangzhou_ssp245_baseline_2020s_heatwave_extreme_2028,perimeter_bot_zn_1,perimeter,bottom,south,horizontal_GHI__zone_p_tail,0.49393286808487524,4437
guangzhou_ssp245_baseline_2020s_heatwave_extreme_2028,perimeter_bot_zn_4,perimeter,bottom,west,horizontal_GHI__zone_operative_temperature,0.46090035065978063,4437
guangzhou_ssp245_baseline_2020s_heatwave_extreme_2028,perimeter_bot_zn_4,perimeter,bottom,west,horizontal_GHI__zone_p_tail,0.36379578198433093,4437
guangzhou_ssp245_baseline_2020s_heatwave_extreme_2028,perimeter_mid_zn_3,perimeter,middle,north,horizontal_GHI__zone_operative_temperature,0.5136762472115189,4437
guangzhou_ssp245_baseline_2020s_heatwave_extreme_2028,perimeter_mid_zn_3,perimeter,middle,north,horizontal_GHI__zone_p_tail,0.5059880119832981,4437
guangzhou_ssp245_baseline_2020s_heatwave_extreme_2028,perimeter_mid_zn_2,perimeter,middle,east,horizontal_GHI__zone_operative_temperature,0.5800625273025607,4437
guangzhou_ssp245_baseline_2020s_heatwave_extreme_2028,perimeter_mid_zn_2,perimeter,middle,east,horizontal_GHI__zone_p_tail,0.5612412288955922,4437
guangzhou_ssp245_baseline_2020s_heatwave_extreme_2028,perimeter_mid_zn_1,perimeter,middle,south,horizontal_GHI__zone_operative_temperature,0.6448710616206305,4437
guangzhou_ssp245_baseline_2020s_heatwave_extreme_2028,perimeter_mid_zn_1,perimeter,middle,south,horizontal_GHI__zone_p_tail,0.6192649203907661,4437
guangzhou_ssp245_baseline_2020s_heatwave_extreme_2028,perimeter_mid_zn_4,perimeter,middle,west,horizontal_GHI__zone_operative_temperature,0.5309337886302979,4437
guangzhou_ssp245_baseline_2020s_heatwave_extreme_2028,perimeter_mid_zn_4,perimeter,middle,west,horizontal_GHI__zone_p_tail,0.45700653340157293,4437
guangzhou_ssp245_baseline_2020s_hot_2027,core_bottom,core,bottom,core,horizontal_GHI__zone_operative_temperature,0.368080700781663,4437
guangzhou_ssp245_baseline_2020s_hot_2027,core_bottom,core,bottom,core,horizontal_GHI__zone_p_tail,0.23872671913037388,4437
guangzhou_ssp245_baseline_2020s_hot_2027,core_mid,core,middle,core,horizontal_GHI__zone_operative_temperature,0.31482093356796237,4437
guangzhou_ssp245_baseline_2020s_hot_2027,core_mid,core,middle,core,horizontal_GHI__zone_p_tail,0.17102001272086692,4437
guangzhou_ssp245_baseline_2020s_hot_2027,core_top,core,top,core,horizontal_GHI__zone_operative_temperature,0.39743111881144505,4437
guangzhou_ssp245_baseline_2020s_hot_2027,core_top,core,top,core,horizontal_GHI__zone_p_tail,0.2251711772271121,4437
guangzhou_ssp245_baseline_2020s_hot_2027,perimeter_top_zn_3,perimeter,top,north,horizontal_GHI__zone_operative_temperature,0.5213039242319715,4437
guangzhou_ssp245_baseline_2020s_hot_2027,perimeter_top_zn_3,perimeter,top,north,horizontal_GHI__zone_p_tail,0.48125665404997164,4437
guangzhou_ssp245_baseline_2020s_hot_2027,perimeter_top_zn_2,perimeter,top,east,horizontal_GHI__zone_operative_temperature,0.6051170421028403,4437
guangzhou_ssp245_baseline_2020s_hot_2027,perimeter_top_zn_2,perimeter,top,east,horizontal_GHI__zone_p_tail,0.5485112566159441,4437
guangzhou_ssp245_baseline_2020s_hot_2027,perimeter_top_zn_1,perimeter,top,south,horizontal_GHI__zone_operative_temperature,0.6646939753319502,4437
guangzhou_ssp245_baseline_2020s_hot_2027,perimeter_top_zn_1,perimeter,top,south,horizontal_GHI__zone_p_tail,0.5816671085271886,4437
guangzhou_ssp245_baseline_2020s_hot_2027,perimeter_top_zn_4,perimeter,top,west,horizontal_GHI__zone_operative_temperature,0.5434537959875875,4437
guangzhou_ssp245_baseline_2020s_hot_2027,perimeter_top_zn_4,perimeter,top,west,horizontal_GHI__zone_p_tail,0.44611635779629705,4437
guangzhou_ssp245_baseline_2020s_hot_2027,perimeter_bot_zn_3,perimeter,bottom,north,horizontal_GHI__zone_operative_temperature,0.43720005909335197,4437
guangzhou_ssp245_baseline_2020s_hot_2027,perimeter_bot_zn_3,perimeter,bottom,north,horizontal_GHI__zone_p_tail,0.39388157807322133,4437
guangzhou_ssp245_baseline_2020s_hot_2027,perimeter_bot_zn_2,perimeter,bottom,east,horizontal_GHI__zone_operative_temperature,0.5010443401583666,4437
guangzhou_ssp245_baseline_2020s_hot_2027,perimeter_bot_zn_2,perimeter,bottom,east,horizontal_GHI__zone_p_tail,0.4370181953915257,4437
guangzhou_ssp245_baseline_2020s_hot_2027,perimeter_bot_zn_1,perimeter,bottom,south,horizontal_GHI__zone_operative_temperature,0.5195138514489599,4437
guangzhou_ssp245_baseline_2020s_hot_2027,perimeter_bot_zn_1,perimeter,bottom,south,horizontal_GHI__zone_p_tail,0.49237772002172214,4437
guangzhou_ssp245_baseline_2020s_hot_2027,perimeter_bot_zn_4,perimeter,bottom,west,horizontal_GHI__zone_operative_temperature,0.4458911431716548,4437
guangzhou_ssp245_baseline_2020s_hot_2027,perimeter_bot_zn_4,perimeter,bottom,west,horizontal_GHI__zone_p_tail,0.3639836795240397,4437
guangzhou_ssp245_baseline_2020s_hot_2027,perimeter_mid_zn_3,perimeter,middle,north,horizontal_GHI__zone_operative_temperature,0.48988968772145547,4437
guangzhou_ssp245_baseline_2020s_hot_2027,perimeter_mid_zn_3,perimeter,middle,north,horizontal_GHI__zone_p_tail,0.4855163274304292,4437
guangzhou_ssp245_baseline_2020s_hot_2027,perimeter_mid_zn_2,perimeter,middle,east,horizontal_GHI__zone_operative_temperature,0.5778966730610465,4437
guangzhou_ssp245_baseline_2020s_hot_2027,perimeter_mid_zn_2,perimeter,middle,east,horizontal_GHI__zone_p_tail,0.5365235705388162,4437
guangzhou_ssp245_baseline_2020s_hot_2027,perimeter_mid_zn_1,perimeter,middle,south,horizontal_GHI__zone_operative_temperature,0.6630112970017004,4437
guangzhou_ssp245_baseline_2020s_hot_2027,perimeter_mid_zn_1,perimeter,middle,south,horizontal_GHI__zone_p_tail,0.6017728598840687,4437
guangzhou_ssp245_baseline_2020s_hot_2027,perimeter_mid_zn_4,perimeter,middle,west,horizontal_GHI__zone_operative_temperature,0.5223563109302543,4437
guangzhou_ssp245_baseline_2020s_hot_2027,perimeter_mid_zn_4,perimeter,middle,west,horizontal_GHI__zone_p_tail,0.43141910196906136,4437
guangzhou_ssp245_baseline_2020s_typical_2025,core_bottom,core,bottom,core,horizontal_GHI__zone_operative_temperature,0.4166678766577931,4437
guangzhou_ssp245_baseline_2020s_typical_2025,core_bottom,core,bottom,core,horizontal_GHI__zone_p_tail,0.30678416747860354,4437
guangzhou_ssp245_baseline_2020s_typical_2025,core_mid,core,middle,core,horizontal_GHI__zone_operative_temperature,0.35946449317167495,4437
guangzhou_ssp245_baseline_2020s_typical_2025,core_mid,core,middle,core,horizontal_GHI__zone_p_tail,0.21062293972246057,4437
guangzhou_ssp245_baseline_2020s_typical_2025,core_top,core,top,core,horizontal_GHI__zone_operative_temperature,0.4274401096449004,4437
guangzhou_ssp245_baseline_2020s_typical_2025,core_top,core,top,core,horizontal_GHI__zone_p_tail,0.28341906642988496,4437
guangzhou_ssp245_baseline_2020s_typical_2025,perimeter_top_zn_3,perimeter,top,north,horizontal_GHI__zone_operative_temperature,0.527765025568521,4437
guangzhou_ssp245_baseline_2020s_typical_2025,perimeter_top_zn_3,perimeter,top,north,horizontal_GHI__zone_p_tail,0.5188647345155577,4437
guangzhou_ssp245_baseline_2020s_typical_2025,perimeter_top_zn_2,perimeter,top,east,horizontal_GHI__zone_operative_temperature,0.6039387647705019,4437
guangzhou_ssp245_baseline_2020s_typical_2025,perimeter_top_zn_2,perimeter,top,east,horizontal_GHI__zone_p_tail,0.6057670699487335,4437
guangzhou_ssp245_baseline_2020s_typical_2025,perimeter_top_zn_1,perimeter,top,south,horizontal_GHI__zone_operative_temperature,0.6554289576231832,4437
guangzhou_ssp245_baseline_2020s_typical_2025,perimeter_top_zn_1,perimeter,top,south,horizontal_GHI__zone_p_tail,0.6030999269233717,4437
guangzhou_ssp245_baseline_2020s_typical_2025,perimeter_top_zn_4,perimeter,top,west,horizontal_GHI__zone_operative_temperature,0.5441942000952018,4437
guangzhou_ssp245_baseline_2020s_typical_2025,perimeter_top_zn_4,perimeter,top,west,horizontal_GHI__zone_p_tail,0.48926036190433325,4437
guangzhou_ssp245_baseline_2020s_typical_2025,perimeter_bot_zn_3,perimeter,bottom,north,horizontal_GHI__zone_operative_temperature,0.45554737919454447,4437
guangzhou_ssp245_baseline_2020s_typical_2025,perimeter_bot_zn_3,perimeter,bottom,north,horizontal_GHI__zone_p_tail,0.3707720964967331,4437
guangzhou_ssp245_baseline_2020s_typical_2025,perimeter_bot_zn_2,perimeter,bottom,east,horizontal_GHI__zone_operative_temperature,0.5060653153600616,4437
guangzhou_ssp245_baseline_2020s_typical_2025,perimeter_bot_zn_2,perimeter,bottom,east,horizontal_GHI__zone_p_tail,0.4599092854259092,4437
guangzhou_ssp245_baseline_2020s_typical_2025,perimeter_bot_zn_1,perimeter,bottom,south,horizontal_GHI__zone_operative_temperature,0.5206579080103042,4437
guangzhou_ssp245_baseline_2020s_typical_2025,perimeter_bot_zn_1,perimeter,bottom,south,horizontal_GHI__zone_p_tail,0.48534149274725713,4437
guangzhou_ssp245_baseline_2020s_typical_2025,perimeter_bot_zn_4,perimeter,bottom,west,horizontal_GHI__zone_operative_temperature,0.4534954972727735,4437
guangzhou_ssp245_baseline_2020s_typical_2025,perimeter_bot_zn_4,perimeter,bottom,west,horizontal_GHI__zone_p_tail,0.38997976893853264,4437
guangzhou_ssp245_baseline_2020s_typical_2025,perimeter_mid_zn_3,perimeter,middle,north,horizontal_GHI__zone_operative_temperature,0.5059670597696904,4437
guangzhou_ssp245_baseline_2020s_typical_2025,perimeter_mid_zn_3,perimeter,middle,north,horizontal_GHI__zone_p_tail,0.5245448658260964,4437
guangzhou_ssp245_baseline_2020s_typical_2025,perimeter_mid_zn_2,perimeter,middle,east,horizontal_GHI__zone_operative_temperature,0.5808949873939223,4437
guangzhou_ssp245_baseline_2020s_typical_2025,perimeter_mid_zn_2,perimeter,middle,east,horizontal_GHI__zone_p_tail,0.6052723859003607,4437
guangzhou_ssp245_baseline_2020s_typical_2025,perimeter_mid_zn_1,perimeter,middle,south,horizontal_GHI__zone_operative_temperature,0.6480070904063979,4437
guangzhou_ssp245_baseline_2020s_typical_2025,perimeter_mid_zn_1,perimeter,middle,south,horizontal_GHI__zone_p_tail,0.6221375341487567,4437
guangzhou_ssp245_baseline_2020s_typical_2025,perimeter_mid_zn_4,perimeter,middle,west,horizontal_GHI__zone_operative_temperature,0.5244102693582222,4437
guangzhou_ssp245_baseline_2020s_typical_2025,perimeter_mid_zn_4,perimeter,middle,west,horizontal_GHI__zone_p_tail,0.48099454626674454,4437
guangzhou_ssp245_late_2080s_heatwave_extreme_2088,core_bottom,core,bottom,core,horizontal_GHI__zone_operative_temperature,0.38565673995185773,4437
guangzhou_ssp245_late_2080s_heatwave_extreme_2088,core_bottom,core,bottom,core,horizontal_GHI__zone_p_tail,0.35046347173901576,4437
guangzhou_ssp245_late_2080s_heatwave_extreme_2088,core_mid,core,middle,core,horizontal_GHI__zone_operative_temperature,0.33031136124392957,4437
guangzhou_ssp245_late_2080s_heatwave_extreme_2088,core_mid,core,middle,core,horizontal_GHI__zone_p_tail,0.26439498429245645,4437
guangzhou_ssp245_late_2080s_heatwave_extreme_2088,core_top,core,top,core,horizontal_GHI__zone_operative_temperature,0.3747649083923724,4437
guangzhou_ssp245_late_2080s_heatwave_extreme_2088,core_top,core,top,core,horizontal_GHI__zone_p_tail,0.31274764958937284,4437
guangzhou_ssp245_late_2080s_heatwave_extreme_2088,perimeter_top_zn_3,perimeter,top,north,horizontal_GHI__zone_operative_temperature,0.4714106951478188,4437
guangzhou_ssp245_late_2080s_heatwave_extreme_2088,perimeter_top_zn_3,perimeter,top,north,horizontal_GHI__zone_p_tail,0.4747026595991113,4437
guangzhou_ssp245_late_2080s_heatwave_extreme_2088,perimeter_top_zn_2,perimeter,top,east,horizontal_GHI__zone_operative_temperature,0.5326336194301766,4437
guangzhou_ssp245_late_2080s_heatwave_extreme_2088,perimeter_top_zn_2,perimeter,top,east,horizontal_GHI__zone_p_tail,0.5595366895926958,4437
guangzhou_ssp245_late_2080s_heatwave_extreme_2088,perimeter_top_zn_1,perimeter,top,south,horizontal_GHI__zone_operative_temperature,0.590788131338133,4437
guangzhou_ssp245_late_2080s_heatwave_extreme_2088,perimeter_top_zn_1,perimeter,top,south,horizontal_GHI__zone_p_tail,0.5815389353152861,4437
guangzhou_ssp245_late_2080s_heatwave_extreme_2088,perimeter_top_zn_4,perimeter,top,west,horizontal_GHI__zone_operative_temperature,0.4830874291339258,4437
guangzhou_ssp245_late_2080s_heatwave_extreme_2088,perimeter_top_zn_4,perimeter,top,west,horizontal_GHI__zone_p_tail,0.4458796116035371,4437
guangzhou_ssp245_late_2080s_heatwave_extreme_2088,perimeter_bot_zn_3,perimeter,bottom,north,horizontal_GHI__zone_operative_temperature,0.417456934470999,4437
guangzhou_ssp245_late_2080s_heatwave_extreme_2088,perimeter_bot_zn_3,perimeter,bottom,north,horizontal_GHI__zone_p_tail,0.38889472267337954,4437
guangzhou_ssp245_late_2080s_heatwave_extreme_2088,perimeter_bot_zn_2,perimeter,bottom,east,horizontal_GHI__zone_operative_temperature,0.4603419318054456,4437
guangzhou_ssp245_late_2080s_heatwave_extreme_2088,perimeter_bot_zn_2,perimeter,bottom,east,horizontal_GHI__zone_p_tail,0.45876611484915153,4437
guangzhou_ssp245_late_2080s_heatwave_extreme_2088,perimeter_bot_zn_1,perimeter,bottom,south,horizontal_GHI__zone_operative_temperature,0.48141025802003007,4437
guangzhou_ssp245_late_2080s_heatwave_extreme_2088,perimeter_bot_zn_1,perimeter,bottom,south,horizontal_GHI__zone_p_tail,0.46427623783642324,4437
guangzhou_ssp245_late_2080s_heatwave_extreme_2088,perimeter_bot_zn_4,perimeter,bottom,west,horizontal_GHI__zone_operative_temperature,0.41107632172369135,4437
guangzhou_ssp245_late_2080s_heatwave_extreme_2088,perimeter_bot_zn_4,perimeter,bottom,west,horizontal_GHI__zone_p_tail,0.40225966206809405,4437
guangzhou_ssp245_late_2080s_heatwave_extreme_2088,perimeter_mid_zn_3,perimeter,middle,north,horizontal_GHI__zone_operative_temperature,0.4586258465701187,4437
guangzhou_ssp245_late_2080s_heatwave_extreme_2088,perimeter_mid_zn_3,perimeter,middle,north,horizontal_GHI__zone_p_tail,0.46422088167717485,4437
guangzhou_ssp245_late_2080s_heatwave_extreme_2088,perimeter_mid_zn_2,perimeter,middle,east,horizontal_GHI__zone_operative_temperature,0.5099663299133093,4437
guangzhou_ssp245_late_2080s_heatwave_extreme_2088,perimeter_mid_zn_2,perimeter,middle,east,horizontal_GHI__zone_p_tail,0.5488610858182958,4437
guangzhou_ssp245_late_2080s_heatwave_extreme_2088,perimeter_mid_zn_1,perimeter,middle,south,horizontal_GHI__zone_operative_temperature,0.5880491704386933,4437
guangzhou_ssp245_late_2080s_heatwave_extreme_2088,perimeter_mid_zn_1,perimeter,middle,south,horizontal_GHI__zone_p_tail,0.5808262167755858,4437
guangzhou_ssp245_late_2080s_heatwave_extreme_2088,perimeter_mid_zn_4,perimeter,middle,west,horizontal_GHI__zone_operative_temperature,0.46300132723195436,4437
guangzhou_ssp245_late_2080s_heatwave_extreme_2088,perimeter_mid_zn_4,perimeter,middle,west,horizontal_GHI__zone_p_tail,0.4454569779916074,4437
guangzhou_ssp245_late_2080s_hot_2083,core_bottom,core,bottom,core,horizontal_GHI__zone_operative_temperature,0.366958582409958,4437
guangzhou_ssp245_late_2080s_hot_2083,core_bottom,core,bottom,core,horizontal_GHI__zone_p_tail,0.3131275036028198,4437
guangzhou_ssp245_late_2080s_hot_2083,core_mid,core,middle,core,horizontal_GHI__zone_operative_temperature,0.3124052167175342,4437
guangzhou_ssp245_late_2080s_hot_2083,core_mid,core,middle,core,horizontal_GHI__zone_p_tail,0.2630053860148341,4437
guangzhou_ssp245_late_2080s_hot_2083,core_top,core,top,core,horizontal_GHI__zone_operative_temperature,0.3708345867367709,4437
guangzhou_ssp245_late_2080s_hot_2083,core_top,core,top,core,horizontal_GHI__zone_p_tail,0.31606599813406994,4437
guangzhou_ssp245_late_2080s_hot_2083,perimeter_top_zn_3,perimeter,top,north,horizontal_GHI__zone_operative_temperature,0.4793118286940784,4437
guangzhou_ssp245_late_2080s_hot_2083,perimeter_top_zn_3,perimeter,top,north,horizontal_GHI__zone_p_tail,0.5074561183472301,4437
guangzhou_ssp245_late_2080s_hot_2083,perimeter_top_zn_2,perimeter,top,east,horizontal_GHI__zone_operative_temperature,0.5601695205298549,4437
guangzhou_ssp245_late_2080s_hot_2083,perimeter_top_zn_2,perimeter,top,east,horizontal_GHI__zone_p_tail,0.5705132815137228,4437
guangzhou_ssp245_late_2080s_hot_2083,perimeter_top_zn_1,perimeter,top,south,horizontal_GHI__zone_operative_temperature,0.6267583758710286,4437
guangzhou_ssp245_late_2080s_hot_2083,perimeter_top_zn_1,perimeter,top,south,horizontal_GHI__zone_p_tail,0.6216616549570544,4437
guangzhou_ssp245_late_2080s_hot_2083,perimeter_top_zn_4,perimeter,top,west,horizontal_GHI__zone_operative_temperature,0.5013923990787035,4437
guangzhou_ssp245_late_2080s_hot_2083,perimeter_top_zn_4,perimeter,top,west,horizontal_GHI__zone_p_tail,0.4556116954956451,4437
guangzhou_ssp245_late_2080s_hot_2083,perimeter_bot_zn_3,perimeter,bottom,north,horizontal_GHI__zone_operative_temperature,0.4216022926691178,4437
guangzhou_ssp245_late_2080s_hot_2083,perimeter_bot_zn_3,perimeter,bottom,north,horizontal_GHI__zone_p_tail,0.4137426016673043,4437
guangzhou_ssp245_late_2080s_hot_2083,perimeter_bot_zn_2,perimeter,bottom,east,horizontal_GHI__zone_operative_temperature,0.48385804218760703,4437
guangzhou_ssp245_late_2080s_hot_2083,perimeter_bot_zn_2,perimeter,bottom,east,horizontal_GHI__zone_p_tail,0.5109805118626961,4437
guangzhou_ssp245_late_2080s_hot_2083,perimeter_bot_zn_1,perimeter,bottom,south,horizontal_GHI__zone_operative_temperature,0.5277341899062203,4437
guangzhou_ssp245_late_2080s_hot_2083,perimeter_bot_zn_1,perimeter,bottom,south,horizontal_GHI__zone_p_tail,0.51922009068585,4437
guangzhou_ssp245_late_2080s_hot_2083,perimeter_bot_zn_4,perimeter,bottom,west,horizontal_GHI__zone_operative_temperature,0.42765617232593955,4437
guangzhou_ssp245_late_2080s_hot_2083,perimeter_bot_zn_4,perimeter,bottom,west,horizontal_GHI__zone_p_tail,0.39794028553255817,4437
guangzhou_ssp245_late_2080s_hot_2083,perimeter_mid_zn_3,perimeter,middle,north,horizontal_GHI__zone_operative_temperature,0.4574000437694327,4437
guangzhou_ssp245_late_2080s_hot_2083,perimeter_mid_zn_3,perimeter,middle,north,horizontal_GHI__zone_p_tail,0.47969082519241124,4437
guangzhou_ssp245_late_2080s_hot_2083,perimeter_mid_zn_2,perimeter,middle,east,horizontal_GHI__zone_operative_temperature,0.533907868012185,4437
guangzhou_ssp245_late_2080s_hot_2083,perimeter_mid_zn_2,perimeter,middle,east,horizontal_GHI__zone_p_tail,0.5583852973937551,4437
guangzhou_ssp245_late_2080s_hot_2083,perimeter_mid_zn_1,perimeter,middle,south,horizontal_GHI__zone_operative_temperature,0.6242724845243465,4437
guangzhou_ssp245_late_2080s_hot_2083,perimeter_mid_zn_1,perimeter,middle,south,horizontal_GHI__zone_p_tail,0.6340128250370298,4437
guangzhou_ssp245_late_2080s_hot_2083,perimeter_mid_zn_4,perimeter,middle,west,horizontal_GHI__zone_operative_temperature,0.47904978172447493,4437
guangzhou_ssp245_late_2080s_hot_2083,perimeter_mid_zn_4,perimeter,middle,west,horizontal_GHI__zone_p_tail,0.44662937830509447,4437
guangzhou_ssp245_late_2080s_typical_2084,core_bottom,core,bottom,core,horizontal_GHI__zone_operative_temperature,0.40461381342950353,4437
guangzhou_ssp245_late_2080s_typical_2084,core_bottom,core,bottom,core,horizontal_GHI__zone_p_tail,0.3259429487398382,4437
guangzhou_ssp245_late_2080s_typical_2084,core_mid,core,middle,core,horizontal_GHI__zone_operative_temperature,0.34367024406713964,4437
guangzhou_ssp245_late_2080s_typical_2084,core_mid,core,middle,core,horizontal_GHI__zone_p_tail,0.2657312544779043,4437
guangzhou_ssp245_late_2080s_typical_2084,core_top,core,top,core,horizontal_GHI__zone_operative_temperature,0.3886987350421552,4437
guangzhou_ssp245_late_2080s_typical_2084,core_top,core,top,core,horizontal_GHI__zone_p_tail,0.2918528702491902,4437
guangzhou_ssp245_late_2080s_typical_2084,perimeter_top_zn_3,perimeter,top,north,horizontal_GHI__zone_operative_temperature,0.4867639178970535,4437
guangzhou_ssp245_late_2080s_typical_2084,perimeter_top_zn_3,perimeter,top,north,horizontal_GHI__zone_p_tail,0.5134574067831692,4437
guangzhou_ssp245_late_2080s_typical_2084,perimeter_top_zn_2,perimeter,top,east,horizontal_GHI__zone_operative_temperature,0.5579285554325684,4437
guangzhou_ssp245_late_2080s_typical_2084,perimeter_top_zn_2,perimeter,top,east,horizontal_GHI__zone_p_tail,0.5686694864140286,4437
guangzhou_ssp245_late_2080s_typical_2084,perimeter_top_zn_1,perimeter,top,south,horizontal_GHI__zone_operative_temperature,0.6155940672869866,4437
guangzhou_ssp245_late_2080s_typical_2084,perimeter_top_zn_1,perimeter,top,south,horizontal_GHI__zone_p_tail,0.6283745861509201,4437
guangzhou_ssp245_late_2080s_typical_2084,perimeter_top_zn_4,perimeter,top,west,horizontal_GHI__zone_operative_temperature,0.5083579855560271,4437
guangzhou_ssp245_late_2080s_typical_2084,perimeter_top_zn_4,perimeter,top,west,horizontal_GHI__zone_p_tail,0.45259868827770794,4437
guangzhou_ssp245_late_2080s_typical_2084,perimeter_bot_zn_3,perimeter,bottom,north,horizontal_GHI__zone_operative_temperature,0.4384196478110535,4437
guangzhou_ssp245_late_2080s_typical_2084,perimeter_bot_zn_3,perimeter,bottom,north,horizontal_GHI__zone_p_tail,0.38575993355713306,4437
guangzhou_ssp245_late_2080s_typical_2084,perimeter_bot_zn_2,perimeter,bottom,east,horizontal_GHI__zone_operative_temperature,0.473729376710482,4437
guangzhou_ssp245_late_2080s_typical_2084,perimeter_bot_zn_2,perimeter,bottom,east,horizontal_GHI__zone_p_tail,0.44441431565210654,4437
guangzhou_ssp245_late_2080s_typical_2084,perimeter_bot_zn_1,perimeter,bottom,south,horizontal_GHI__zone_operative_temperature,0.48939308845346247,4437
guangzhou_ssp245_late_2080s_typical_2084,perimeter_bot_zn_1,perimeter,bottom,south,horizontal_GHI__zone_p_tail,0.5076175211849738,4437
guangzhou_ssp245_late_2080s_typical_2084,perimeter_bot_zn_4,perimeter,bottom,west,horizontal_GHI__zone_operative_temperature,0.4216474810229457,4437
guangzhou_ssp245_late_2080s_typical_2084,perimeter_bot_zn_4,perimeter,bottom,west,horizontal_GHI__zone_p_tail,0.36972832300847297,4437
guangzhou_ssp245_late_2080s_typical_2084,perimeter_mid_zn_3,perimeter,middle,north,horizontal_GHI__zone_operative_temperature,0.47262940351214533,4437
guangzhou_ssp245_late_2080s_typical_2084,perimeter_mid_zn_3,perimeter,middle,north,horizontal_GHI__zone_p_tail,0.5147336017545497,4437
guangzhou_ssp245_late_2080s_typical_2084,perimeter_mid_zn_2,perimeter,middle,east,horizontal_GHI__zone_operative_temperature,0.5351215412222149,4437
guangzhou_ssp245_late_2080s_typical_2084,perimeter_mid_zn_2,perimeter,middle,east,horizontal_GHI__zone_p_tail,0.5596978310083331,4437
guangzhou_ssp245_late_2080s_typical_2084,perimeter_mid_zn_1,perimeter,middle,south,horizontal_GHI__zone_operative_temperature,0.6089149982996798,4437
guangzhou_ssp245_late_2080s_typical_2084,perimeter_mid_zn_1,perimeter,middle,south,horizontal_GHI__zone_p_tail,0.6326931719910767,4437
guangzhou_ssp245_late_2080s_typical_2084,perimeter_mid_zn_4,perimeter,middle,west,horizontal_GHI__zone_operative_temperature,0.4892282871650217,4437
guangzhou_ssp245_late_2080s_typical_2084,perimeter_mid_zn_4,perimeter,middle,west,horizontal_GHI__zone_p_tail,0.4433956433579695,4437
guangzhou_ssp245_mid_2050s_heatwave_extreme_2055,core_bottom,core,bottom,core,horizontal_GHI__zone_operative_temperature,0.36770034567986504,4437
guangzhou_ssp245_mid_2050s_heatwave_extreme_2055,core_bottom,core,bottom,core,horizontal_GHI__zone_p_tail,0.2837168596180965,4437
guangzhou_ssp245_mid_2050s_heatwave_extreme_2055,core_mid,core,middle,core,horizontal_GHI__zone_operative_temperature,0.3137727186497055,4437
guangzhou_ssp245_mid_2050s_heatwave_extreme_2055,core_mid,core,middle,core,horizontal_GHI__zone_p_tail,0.2184348961308476,4437
guangzhou_ssp245_mid_2050s_heatwave_extreme_2055,core_top,core,top,core,horizontal_GHI__zone_operative_temperature,0.38867744021496825,4437
guangzhou_ssp245_mid_2050s_heatwave_extreme_2055,core_top,core,top,core,horizontal_GHI__zone_p_tail,0.29133080553005586,4437
guangzhou_ssp245_mid_2050s_heatwave_extreme_2055,perimeter_top_zn_3,perimeter,top,north,horizontal_GHI__zone_operative_temperature,0.5056390114760444,4437
guangzhou_ssp245_mid_2050s_heatwave_extreme_2055,perimeter_top_zn_3,perimeter,top,north,horizontal_GHI__zone_p_tail,0.5053364543570616,4437
guangzhou_ssp245_mid_2050s_heatwave_extreme_2055,perimeter_top_zn_2,perimeter,top,east,horizontal_GHI__zone_operative_temperature,0.589240702932432,4437
guangzhou_ssp245_mid_2050s_heatwave_extreme_2055,perimeter_top_zn_2,perimeter,top,east,horizontal_GHI__zone_p_tail,0.5777241598169837,4437
guangzhou_ssp245_mid_2050s_heatwave_extreme_2055,perimeter_top_zn_1,perimeter,top,south,horizontal_GHI__zone_operative_temperature,0.6416969293869589,4437
guangzhou_ssp245_mid_2050s_heatwave_extreme_2055,perimeter_top_zn_1,perimeter,top,south,horizontal_GHI__zone_p_tail,0.607983851437827,4437
guangzhou_ssp245_mid_2050s_heatwave_extreme_2055,perimeter_top_zn_4,perimeter,top,west,horizontal_GHI__zone_operative_temperature,0.5216587186834799,4437
guangzhou_ssp245_mid_2050s_heatwave_extreme_2055,perimeter_top_zn_4,perimeter,top,west,horizontal_GHI__zone_p_tail,0.4763338957281886,4437
guangzhou_ssp245_mid_2050s_heatwave_extreme_2055,perimeter_bot_zn_3,perimeter,bottom,north,horizontal_GHI__zone_operative_temperature,0.4326030518587593,4437
guangzhou_ssp245_mid_2050s_heatwave_extreme_2055,perimeter_bot_zn_3,perimeter,bottom,north,horizontal_GHI__zone_p_tail,0.430733320766952,4437
guangzhou_ssp245_mid_2050s_heatwave_extreme_2055,perimeter_bot_zn_2,perimeter,bottom,east,horizontal_GHI__zone_operative_temperature,0.4975710815742523,4437
guangzhou_ssp245_mid_2050s_heatwave_extreme_2055,perimeter_bot_zn_2,perimeter,bottom,east,horizontal_GHI__zone_p_tail,0.5199469473178112,4437
guangzhou_ssp245_mid_2050s_heatwave_extreme_2055,perimeter_bot_zn_1,perimeter,bottom,south,horizontal_GHI__zone_operative_temperature,0.5188248683947229,4437
guangzhou_ssp245_mid_2050s_heatwave_extreme_2055,perimeter_bot_zn_1,perimeter,bottom,south,horizontal_GHI__zone_p_tail,0.504688736382915,4437
guangzhou_ssp245_mid_2050s_heatwave_extreme_2055,perimeter_bot_zn_4,perimeter,bottom,west,horizontal_GHI__zone_operative_temperature,0.4378461466152574,4437
guangzhou_ssp245_mid_2050s_heatwave_extreme_2055,perimeter_bot_zn_4,perimeter,bottom,west,horizontal_GHI__zone_p_tail,0.42076984376116894,4437
guangzhou_ssp245_mid_2050s_heatwave_extreme_2055,perimeter_mid_zn_3,perimeter,middle,north,horizontal_GHI__zone_operative_temperature,0.47854845682268315,4437
guangzhou_ssp245_mid_2050s_heatwave_extreme_2055,perimeter_mid_zn_3,perimeter,middle,north,horizontal_GHI__zone_p_tail,0.491456083526023,4437
guangzhou_ssp245_mid_2050s_heatwave_extreme_2055,perimeter_mid_zn_2,perimeter,middle,east,horizontal_GHI__zone_operative_temperature,0.5620903906087871,4437
guangzhou_ssp245_mid_2050s_heatwave_extreme_2055,perimeter_mid_zn_2,perimeter,middle,east,horizontal_GHI__zone_p_tail,0.5647903481991207,4437
guangzhou_ssp245_mid_2050s_heatwave_extreme_2055,perimeter_mid_zn_1,perimeter,middle,south,horizontal_GHI__zone_operative_temperature,0.6342079089026651,4437
guangzhou_ssp245_mid_2050s_heatwave_extreme_2055,perimeter_mid_zn_1,perimeter,middle,south,horizontal_GHI__zone_p_tail,0.6212949868859375,4437
guangzhou_ssp245_mid_2050s_heatwave_extreme_2055,perimeter_mid_zn_4,perimeter,middle,west,horizontal_GHI__zone_operative_temperature,0.49964387559666634,4437
guangzhou_ssp245_mid_2050s_heatwave_extreme_2055,perimeter_mid_zn_4,perimeter,middle,west,horizontal_GHI__zone_p_tail,0.4647271399861397,4437
guangzhou_ssp245_mid_2050s_hot_2051,core_bottom,core,bottom,core,horizontal_GHI__zone_operative_temperature,0.3971404427677528,4437
guangzhou_ssp245_mid_2050s_hot_2051,core_bottom,core,bottom,core,horizontal_GHI__zone_p_tail,0.3300893963755901,4437
guangzhou_ssp245_mid_2050s_hot_2051,core_mid,core,middle,core,horizontal_GHI__zone_operative_temperature,0.3446472019014353,4437
guangzhou_ssp245_mid_2050s_hot_2051,core_mid,core,middle,core,horizontal_GHI__zone_p_tail,0.24785364171039626,4437
guangzhou_ssp245_mid_2050s_hot_2051,core_top,core,top,core,horizontal_GHI__zone_operative_temperature,0.39873157373780943,4437
guangzhou_ssp245_mid_2050s_hot_2051,core_top,core,top,core,horizontal_GHI__zone_p_tail,0.30589626417561655,4437
guangzhou_ssp245_mid_2050s_hot_2051,perimeter_top_zn_3,perimeter,top,north,horizontal_GHI__zone_operative_temperature,0.49822873316367877,4437
guangzhou_ssp245_mid_2050s_hot_2051,perimeter_top_zn_3,perimeter,top,north,horizontal_GHI__zone_p_tail,0.501979909096308,4437
guangzhou_ssp245_mid_2050s_hot_2051,perimeter_top_zn_2,perimeter,top,east,horizontal_GHI__zone_operative_temperature,0.567962402847368,4437
guangzhou_ssp245_mid_2050s_hot_2051,perimeter_top_zn_2,perimeter,top,east,horizontal_GHI__zone_p_tail,0.5750792254692202,4437
guangzhou_ssp245_mid_2050s_hot_2051,perimeter_top_zn_1,perimeter,top,south,horizontal_GHI__zone_operative_temperature,0.6209012546005389,4437
guangzhou_ssp245_mid_2050s_hot_2051,perimeter_top_zn_1,perimeter,top,south,horizontal_GHI__zone_p_tail,0.6093100223608943,4437
guangzhou_ssp245_mid_2050s_hot_2051,perimeter_top_zn_4,perimeter,top,west,horizontal_GHI__zone_operative_temperature,0.5187381843233431,4437
guangzhou_ssp245_mid_2050s_hot_2051,perimeter_top_zn_4,perimeter,top,west,horizontal_GHI__zone_p_tail,0.46378430541821136,4437
guangzhou_ssp245_mid_2050s_hot_2051,perimeter_bot_zn_3,perimeter,bottom,north,horizontal_GHI__zone_operative_temperature,0.42898193264031154,4437
guangzhou_ssp245_mid_2050s_hot_2051,perimeter_bot_zn_3,perimeter,bottom,north,horizontal_GHI__zone_p_tail,0.39131482646357907,4437
guangzhou_ssp245_mid_2050s_hot_2051,perimeter_bot_zn_2,perimeter,bottom,east,horizontal_GHI__zone_operative_temperature,0.4782480058386151,4437
guangzhou_ssp245_mid_2050s_hot_2051,perimeter_bot_zn_2,perimeter,bottom,east,horizontal_GHI__zone_p_tail,0.47657285770272506,4437
guangzhou_ssp245_mid_2050s_hot_2051,perimeter_bot_zn_1,perimeter,bottom,south,horizontal_GHI__zone_operative_temperature,0.4983161950451451,4437
guangzhou_ssp245_mid_2050s_hot_2051,perimeter_bot_zn_1,perimeter,bottom,south,horizontal_GHI__zone_p_tail,0.5090892146889779,4437
guangzhou_ssp245_mid_2050s_hot_2051,perimeter_bot_zn_4,perimeter,bottom,west,horizontal_GHI__zone_operative_temperature,0.4295667701306219,4437
guangzhou_ssp245_mid_2050s_hot_2051,perimeter_bot_zn_4,perimeter,bottom,west,horizontal_GHI__zone_p_tail,0.3887856987193362,4437
guangzhou_ssp245_mid_2050s_hot_2051,perimeter_mid_zn_3,perimeter,middle,north,horizontal_GHI__zone_operative_temperature,0.4782944524843153,4437
guangzhou_ssp245_mid_2050s_hot_2051,perimeter_mid_zn_3,perimeter,middle,north,horizontal_GHI__zone_p_tail,0.4920644588468878,4437
guangzhou_ssp245_mid_2050s_hot_2051,perimeter_mid_zn_2,perimeter,middle,east,horizontal_GHI__zone_operative_temperature,0.543798391725933,4437
guangzhou_ssp245_mid_2050s_hot_2051,perimeter_mid_zn_2,perimeter,middle,east,horizontal_GHI__zone_p_tail,0.5584484856302122,4437
guangzhou_ssp245_mid_2050s_hot_2051,perimeter_mid_zn_1,perimeter,middle,south,horizontal_GHI__zone_operative_temperature,0.616804838173718,4437
guangzhou_ssp245_mid_2050s_hot_2051,perimeter_mid_zn_1,perimeter,middle,south,horizontal_GHI__zone_p_tail,0.6148028381227932,4437
guangzhou_ssp245_mid_2050s_hot_2051,perimeter_mid_zn_4,perimeter,middle,west,horizontal_GHI__zone_operative_temperature,0.4977089947981271,4437
guangzhou_ssp245_mid_2050s_hot_2051,perimeter_mid_zn_4,perimeter,middle,west,horizontal_GHI__zone_p_tail,0.45774388291122126,4437
guangzhou_ssp245_mid_2050s_typical_2054,core_bottom,core,bottom,core,horizontal_GHI__zone_operative_temperature,0.3973690827463412,4437
guangzhou_ssp245_mid_2050s_typical_2054,core_bottom,core,bottom,core,horizontal_GHI__zone_p_tail,0.3218177201494073,4437
guangzhou_ssp245_mid_2050s_typical_2054,core_mid,core,middle,core,horizontal_GHI__zone_operative_temperature,0.3351595088513658,4437
guangzhou_ssp245_mid_2050s_typical_2054,core_mid,core,middle,core,horizontal_GHI__zone_p_tail,0.25209609751347045,4437
guangzhou_ssp245_mid_2050s_typical_2054,core_top,core,top,core,horizontal_GHI__zone_operative_temperature,0.38581152645671135,4437
guangzhou_ssp245_mid_2050s_typical_2054,core_top,core,top,core,horizontal_GHI__zone_p_tail,0.3030832652433452,4437
guangzhou_ssp245_mid_2050s_typical_2054,perimeter_top_zn_3,perimeter,top,north,horizontal_GHI__zone_operative_temperature,0.49303132449138404,4437
guangzhou_ssp245_mid_2050s_typical_2054,perimeter_top_zn_3,perimeter,top,north,horizontal_GHI__zone_p_tail,0.5175806900764419,4437
guangzhou_ssp245_mid_2050s_typical_2054,perimeter_top_zn_2,perimeter,top,east,horizontal_GHI__zone_operative_temperature,0.5698600823625731,4437
guangzhou_ssp245_mid_2050s_typical_2054,perimeter_top_zn_2,perimeter,top,east,horizontal_GHI__zone_p_tail,0.5585159973295916,4437
guangzhou_ssp245_mid_2050s_typical_2054,perimeter_top_zn_1,perimeter,top,south,horizontal_GHI__zone_operative_temperature,0.6341424572444374,4437
guangzhou_ssp245_mid_2050s_typical_2054,perimeter_top_zn_1,perimeter,top,south,horizontal_GHI__zone_p_tail,0.6286443485425494,4437
guangzhou_ssp245_mid_2050s_typical_2054,perimeter_top_zn_4,perimeter,top,west,horizontal_GHI__zone_operative_temperature,0.5195135635909747,4437
guangzhou_ssp245_mid_2050s_typical_2054,perimeter_top_zn_4,perimeter,top,west,horizontal_GHI__zone_p_tail,0.4516961785186351,4437
guangzhou_ssp245_mid_2050s_typical_2054,perimeter_bot_zn_3,perimeter,bottom,north,horizontal_GHI__zone_operative_temperature,0.443581268535816,4437
guangzhou_ssp245_mid_2050s_typical_2054,perimeter_bot_zn_3,perimeter,bottom,north,horizontal_GHI__zone_p_tail,0.3995745763914786,4437
guangzhou_ssp245_mid_2050s_typical_2054,perimeter_bot_zn_2,perimeter,bottom,east,horizontal_GHI__zone_operative_temperature,0.48656523722868456,4437
guangzhou_ssp245_mid_2050s_typical_2054,perimeter_bot_zn_2,perimeter,bottom,east,horizontal_GHI__zone_p_tail,0.4659365481155623,4437
guangzhou_ssp245_mid_2050s_typical_2054,perimeter_bot_zn_1,perimeter,bottom,south,horizontal_GHI__zone_operative_temperature,0.5134795664584272,4437
guangzhou_ssp245_mid_2050s_typical_2054,perimeter_bot_zn_1,perimeter,bottom,south,horizontal_GHI__zone_p_tail,0.5214456727930792,4437
guangzhou_ssp245_mid_2050s_typical_2054,perimeter_bot_zn_4,perimeter,bottom,west,horizontal_GHI__zone_operative_temperature,0.4346495661800526,4437
guangzhou_ssp245_mid_2050s_typical_2054,perimeter_bot_zn_4,perimeter,bottom,west,horizontal_GHI__zone_p_tail,0.3813729445082768,4437
guangzhou_ssp245_mid_2050s_typical_2054,perimeter_mid_zn_3,perimeter,middle,north,horizontal_GHI__zone_operative_temperature,0.4736101934765698,4437
guangzhou_ssp245_mid_2050s_typical_2054,perimeter_mid_zn_3,perimeter,middle,north,horizontal_GHI__zone_p_tail,0.5191579622986345,4437
guangzhou_ssp245_mid_2050s_typical_2054,perimeter_mid_zn_2,perimeter,middle,east,horizontal_GHI__zone_operative_temperature,0.5439207933210204,4437
guangzhou_ssp245_mid_2050s_typical_2054,perimeter_mid_zn_2,perimeter,middle,east,horizontal_GHI__zone_p_tail,0.5452554033658837,4437
guangzhou_ssp245_mid_2050s_typical_2054,perimeter_mid_zn_1,perimeter,middle,south,horizontal_GHI__zone_operative_temperature,0.6346940262069596,4437
guangzhou_ssp245_mid_2050s_typical_2054,perimeter_mid_zn_1,perimeter,middle,south,horizontal_GHI__zone_p_tail,0.6393737057758243,4437
guangzhou_ssp245_mid_2050s_typical_2054,perimeter_mid_zn_4,perimeter,middle,west,horizontal_GHI__zone_operative_temperature,0.49900480782572,4437
guangzhou_ssp245_mid_2050s_typical_2054,perimeter_mid_zn_4,perimeter,middle,west,horizontal_GHI__zone_p_tail,0.4476279659657041,4437
guangzhou_ssp245_near_2030s_heatwave_extreme_2034,core_bottom,core,bottom,core,horizontal_GHI__zone_operative_temperature,0.3996998454386674,4437
guangzhou_ssp245_near_2030s_heatwave_extreme_2034,core_bottom,core,bottom,core,horizontal_GHI__zone_p_tail,0.2786291552218262,4437
guangzhou_ssp245_near_2030s_heatwave_extreme_2034,core_mid,core,middle,core,horizontal_GHI__zone_operative_temperature,0.3466509165527685,4437
guangzhou_ssp245_near_2030s_heatwave_extreme_2034,core_mid,core,middle,core,horizontal_GHI__zone_p_tail,0.22384358745123453,4437
guangzhou_ssp245_near_2030s_heatwave_extreme_2034,core_top,core,top,core,horizontal_GHI__zone_operative_temperature,0.410488240988115,4437
guangzhou_ssp245_near_2030s_heatwave_extreme_2034,core_top,core,top,core,horizontal_GHI__zone_p_tail,0.24991608216430847,4437
guangzhou_ssp245_near_2030s_heatwave_extreme_2034,perimeter_top_zn_3,perimeter,top,north,horizontal_GHI__zone_operative_temperature,0.5083102368998861,4437
guangzhou_ssp245_near_2030s_heatwave_extreme_2034,perimeter_top_zn_3,perimeter,top,north,horizontal_GHI__zone_p_tail,0.5116352249413226,4437
guangzhou_ssp245_near_2030s_heatwave_extreme_2034,perimeter_top_zn_2,perimeter,top,east,horizontal_GHI__zone_operative_temperature,0.5844496608795161,4437
guangzhou_ssp245_near_2030s_heatwave_extreme_2034,perimeter_top_zn_2,perimeter,top,east,horizontal_GHI__zone_p_tail,0.5890074863661842,4437
guangzhou_ssp245_near_2030s_heatwave_extreme_2034,perimeter_top_zn_1,perimeter,top,south,horizontal_GHI__zone_operative_temperature,0.6449802414079783,4437
guangzhou_ssp245_near_2030s_heatwave_extreme_2034,perimeter_top_zn_1,perimeter,top,south,horizontal_GHI__zone_p_tail,0.6077177494624675,4437
guangzhou_ssp245_near_2030s_heatwave_extreme_2034,perimeter_top_zn_4,perimeter,top,west,horizontal_GHI__zone_operative_temperature,0.5298514331470153,4437
guangzhou_ssp245_near_2030s_heatwave_extreme_2034,perimeter_top_zn_4,perimeter,top,west,horizontal_GHI__zone_p_tail,0.46863759198438654,4437
guangzhou_ssp245_near_2030s_heatwave_extreme_2034,perimeter_bot_zn_3,perimeter,bottom,north,horizontal_GHI__zone_operative_temperature,0.44032672432937603,4437
guangzhou_ssp245_near_2030s_heatwave_extreme_2034,perimeter_bot_zn_3,perimeter,bottom,north,horizontal_GHI__zone_p_tail,0.37077634428513573,4437
guangzhou_ssp245_near_2030s_heatwave_extreme_2034,perimeter_bot_zn_2,perimeter,bottom,east,horizontal_GHI__zone_operative_temperature,0.4907002154367004,4437
guangzhou_ssp245_near_2030s_heatwave_extreme_2034,perimeter_bot_zn_2,perimeter,bottom,east,horizontal_GHI__zone_p_tail,0.4343514740286853,4437
guangzhou_ssp245_near_2030s_heatwave_extreme_2034,perimeter_bot_zn_1,perimeter,bottom,south,horizontal_GHI__zone_operative_temperature,0.5139324572778468,4437
guangzhou_ssp245_near_2030s_heatwave_extreme_2034,perimeter_bot_zn_1,perimeter,bottom,south,horizontal_GHI__zone_p_tail,0.49987689121242995,4437
guangzhou_ssp245_near_2030s_heatwave_extreme_2034,perimeter_bot_zn_4,perimeter,bottom,west,horizontal_GHI__zone_operative_temperature,0.44075693799690624,4437
guangzhou_ssp245_near_2030s_heatwave_extreme_2034,perimeter_bot_zn_4,perimeter,bottom,west,horizontal_GHI__zone_p_tail,0.3737873433117587,4437
guangzhou_ssp245_near_2030s_heatwave_extreme_2034,perimeter_mid_zn_3,perimeter,middle,north,horizontal_GHI__zone_operative_temperature,0.4903845812229352,4437
guangzhou_ssp245_near_2030s_heatwave_extreme_2034,perimeter_mid_zn_3,perimeter,middle,north,horizontal_GHI__zone_p_tail,0.5030552520776962,4437
guangzhou_ssp245_near_2030s_heatwave_extreme_2034,perimeter_mid_zn_2,perimeter,middle,east,horizontal_GHI__zone_operative_temperature,0.5627877255427245,4437
guangzhou_ssp245_near_2030s_heatwave_extreme_2034,perimeter_mid_zn_2,perimeter,middle,east,horizontal_GHI__zone_p_tail,0.5684591090776381,4437
guangzhou_ssp245_near_2030s_heatwave_extreme_2034,perimeter_mid_zn_1,perimeter,middle,south,horizontal_GHI__zone_operative_temperature,0.6389026610824254,4437
guangzhou_ssp245_near_2030s_heatwave_extreme_2034,perimeter_mid_zn_1,perimeter,middle,south,horizontal_GHI__zone_p_tail,0.6148592397247098,4437
guangzhou_ssp245_near_2030s_heatwave_extreme_2034,perimeter_mid_zn_4,perimeter,middle,west,horizontal_GHI__zone_operative_temperature,0.511632399935982,4437
guangzhou_ssp245_near_2030s_heatwave_extreme_2034,perimeter_mid_zn_4,perimeter,middle,west,horizontal_GHI__zone_p_tail,0.46283919308031163,4437
guangzhou_ssp245_near_2030s_hot_2038,core_bottom,core,bottom,core,horizontal_GHI__zone_operative_temperature,0.3859174314063754,4437
guangzhou_ssp245_near_2030s_hot_2038,core_bottom,core,bottom,core,horizontal_GHI__zone_p_tail,0.2839137516171109,4437
guangzhou_ssp245_near_2030s_hot_2038,core_mid,core,middle,core,horizontal_GHI__zone_operative_temperature,0.33119143680964336,4437
guangzhou_ssp245_near_2030s_hot_2038,core_mid,core,middle,core,horizontal_GHI__zone_p_tail,0.2418578042684632,4437
guangzhou_ssp245_near_2030s_hot_2038,core_top,core,top,core,horizontal_GHI__zone_operative_temperature,0.3993002537780178,4437
guangzhou_ssp245_near_2030s_hot_2038,core_top,core,top,core,horizontal_GHI__zone_p_tail,0.30247107710954685,4437
guangzhou_ssp245_near_2030s_hot_2038,perimeter_top_zn_3,perimeter,top,north,horizontal_GHI__zone_operative_temperature,0.505133352321343,4437
guangzhou_ssp245_near_2030s_hot_2038,perimeter_top_zn_3,perimeter,top,north,horizontal_GHI__zone_p_tail,0.5047761501743694,4437
guangzhou_ssp245_near_2030s_hot_2038,perimeter_top_zn_2,perimeter,top,east,horizontal_GHI__zone_operative_temperature,0.582305453090254,4437
guangzhou_ssp245_near_2030s_hot_2038,perimeter_top_zn_2,perimeter,top,east,horizontal_GHI__zone_p_tail,0.5768593302021213,4437
guangzhou_ssp245_near_2030s_hot_2038,perimeter_top_zn_1,perimeter,top,south,horizontal_GHI__zone_operative_temperature,0.6435703379537886,4437
guangzhou_ssp245_near_2030s_hot_2038,perimeter_top_zn_1,perimeter,top,south,horizontal_GHI__zone_p_tail,0.6144931845863316,4437
guangzhou_ssp245_near_2030s_hot_2038,perimeter_top_zn_4,perimeter,top,west,horizontal_GHI__zone_operative_temperature,0.5287505587726742,4437
guangzhou_ssp245_near_2030s_hot_2038,perimeter_top_zn_4,perimeter,top,west,horizontal_GHI__zone_p_tail,0.46608814906276375,4437
guangzhou_ssp245_near_2030s_hot_2038,perimeter_bot_zn_3,perimeter,bottom,north,horizontal_GHI__zone_operative_temperature,0.4355130340124877,4437
guangzhou_ssp245_near_2030s_hot_2038,perimeter_bot_zn_3,perimeter,bottom,north,horizontal_GHI__zone_p_tail,0.42505536654963844,4437
guangzhou_ssp245_near_2030s_hot_2038,perimeter_bot_zn_2,perimeter,bottom,east,horizontal_GHI__zone_operative_temperature,0.49802083006888676,4437
guangzhou_ssp245_near_2030s_hot_2038,perimeter_bot_zn_2,perimeter,bottom,east,horizontal_GHI__zone_p_tail,0.49713591082175096,4437
guangzhou_ssp245_near_2030s_hot_2038,perimeter_bot_zn_1,perimeter,bottom,south,horizontal_GHI__zone_operative_temperature,0.5451275440781398,4437
guangzhou_ssp245_near_2030s_hot_2038,perimeter_bot_zn_1,perimeter,bottom,south,horizontal_GHI__zone_p_tail,0.5345248821130152,4437
guangzhou_ssp245_near_2030s_hot_2038,perimeter_bot_zn_4,perimeter,bottom,west,horizontal_GHI__zone_operative_temperature,0.4479734963969691,4437
guangzhou_ssp245_near_2030s_hot_2038,perimeter_bot_zn_4,perimeter,bottom,west,horizontal_GHI__zone_p_tail,0.3911661277383682,4437
guangzhou_ssp245_near_2030s_hot_2038,perimeter_mid_zn_3,perimeter,middle,north,horizontal_GHI__zone_operative_temperature,0.4810233530941717,4437
guangzhou_ssp245_near_2030s_hot_2038,perimeter_mid_zn_3,perimeter,middle,north,horizontal_GHI__zone_p_tail,0.4889725713294213,4437
guangzhou_ssp245_near_2030s_hot_2038,perimeter_mid_zn_2,perimeter,middle,east,horizontal_GHI__zone_operative_temperature,0.556314519201518,4437
guangzhou_ssp245_near_2030s_hot_2038,perimeter_mid_zn_2,perimeter,middle,east,horizontal_GHI__zone_p_tail,0.5664399056302432,4437
guangzhou_ssp245_near_2030s_hot_2038,perimeter_mid_zn_1,perimeter,middle,south,horizontal_GHI__zone_operative_temperature,0.6434454062193883,4437
guangzhou_ssp245_near_2030s_hot_2038,perimeter_mid_zn_1,perimeter,middle,south,horizontal_GHI__zone_p_tail,0.6297717436517658,4437
guangzhou_ssp245_near_2030s_hot_2038,perimeter_mid_zn_4,perimeter,middle,west,horizontal_GHI__zone_operative_temperature,0.5076857759579458,4437
guangzhou_ssp245_near_2030s_hot_2038,perimeter_mid_zn_4,perimeter,middle,west,horizontal_GHI__zone_p_tail,0.457257852802701,4437
guangzhou_ssp245_near_2030s_typical_2031,core_bottom,core,bottom,core,horizontal_GHI__zone_operative_temperature,0.39574981279534566,4437
guangzhou_ssp245_near_2030s_typical_2031,core_bottom,core,bottom,core,horizontal_GHI__zone_p_tail,0.28686847617843686,4437
guangzhou_ssp245_near_2030s_typical_2031,core_mid,core,middle,core,horizontal_GHI__zone_operative_temperature,0.33731521986340673,4437
guangzhou_ssp245_near_2030s_typical_2031,core_mid,core,middle,core,horizontal_GHI__zone_p_tail,0.21079772172633268,4437
guangzhou_ssp245_near_2030s_typical_2031,core_top,core,top,core,horizontal_GHI__zone_operative_temperature,0.40640997312682314,4437
guangzhou_ssp245_near_2030s_typical_2031,core_top,core,top,core,horizontal_GHI__zone_p_tail,0.24904209363449195,4437
guangzhou_ssp245_near_2030s_typical_2031,perimeter_top_zn_3,perimeter,top,north,horizontal_GHI__zone_operative_temperature,0.5029134530598082,4437
guangzhou_ssp245_near_2030s_typical_2031,perimeter_top_zn_3,perimeter,top,north,horizontal_GHI__zone_p_tail,0.4899694191040127,4437
guangzhou_ssp245_near_2030s_typical_2031,perimeter_top_zn_2,perimeter,top,east,horizontal_GHI__zone_operative_temperature,0.5792735788326303,4437
guangzhou_ssp245_near_2030s_typical_2031,perimeter_top_zn_2,perimeter,top,east,horizontal_GHI__zone_p_tail,0.5693530279170821,4437
guangzhou_ssp245_near_2030s_typical_2031,perimeter_top_zn_1,perimeter,top,south,horizontal_GHI__zone_operative_temperature,0.6378151228713704,4437
guangzhou_ssp245_near_2030s_typical_2031,perimeter_top_zn_1,perimeter,top,south,horizontal_GHI__zone_p_tail,0.5822899980663502,4437
guangzhou_ssp245_near_2030s_typical_2031,perimeter_top_zn_4,perimeter,top,west,horizontal_GHI__zone_operative_temperature,0.5290962703296396,4437
guangzhou_ssp245_near_2030s_typical_2031,perimeter_top_zn_4,perimeter,top,west,horizontal_GHI__zone_p_tail,0.4430903996940316,4437
guangzhou_ssp245_near_2030s_typical_2031,perimeter_bot_zn_3,perimeter,bottom,north,horizontal_GHI__zone_operative_temperature,0.42732044287904203,4437
guangzhou_ssp245_near_2030s_typical_2031,perimeter_bot_zn_3,perimeter,bottom,north,horizontal_GHI__zone_p_tail,0.34812642531962606,4437
guangzhou_ssp245_near_2030s_typical_2031,perimeter_bot_zn_2,perimeter,bottom,east,horizontal_GHI__zone_operative_temperature,0.476429032549623,4437
guangzhou_ssp245_near_2030s_typical_2031,perimeter_bot_zn_2,perimeter,bottom,east,horizontal_GHI__zone_p_tail,0.4264410497040672,4437
guangzhou_ssp245_near_2030s_typical_2031,perimeter_bot_zn_1,perimeter,bottom,south,horizontal_GHI__zone_operative_temperature,0.4854661123972683,4437
guangzhou_ssp245_near_2030s_typical_2031,perimeter_bot_zn_1,perimeter,bottom,south,horizontal_GHI__zone_p_tail,0.47272845366089844,4437
guangzhou_ssp245_near_2030s_typical_2031,perimeter_bot_zn_4,perimeter,bottom,west,horizontal_GHI__zone_operative_temperature,0.4285923290836817,4437
guangzhou_ssp245_near_2030s_typical_2031,perimeter_bot_zn_4,perimeter,bottom,west,horizontal_GHI__zone_p_tail,0.3482278428393099,4437
guangzhou_ssp245_near_2030s_typical_2031,perimeter_mid_zn_3,perimeter,middle,north,horizontal_GHI__zone_operative_temperature,0.477671957527705,4437
guangzhou_ssp245_near_2030s_typical_2031,perimeter_mid_zn_3,perimeter,middle,north,horizontal_GHI__zone_p_tail,0.4814946913913078,4437
guangzhou_ssp245_near_2030s_typical_2031,perimeter_mid_zn_2,perimeter,middle,east,horizontal_GHI__zone_operative_temperature,0.554800150610542,4437
guangzhou_ssp245_near_2030s_typical_2031,perimeter_mid_zn_2,perimeter,middle,east,horizontal_GHI__zone_p_tail,0.5613781362614663,4437
guangzhou_ssp245_near_2030s_typical_2031,perimeter_mid_zn_1,perimeter,middle,south,horizontal_GHI__zone_operative_temperature,0.6256136106084477,4437
guangzhou_ssp245_near_2030s_typical_2031,perimeter_mid_zn_1,perimeter,middle,south,horizontal_GHI__zone_p_tail,0.583573624519941,4437
guangzhou_ssp245_near_2030s_typical_2031,perimeter_mid_zn_4,perimeter,middle,west,horizontal_GHI__zone_operative_temperature,0.5088130023678277,4437
guangzhou_ssp245_near_2030s_typical_2031,perimeter_mid_zn_4,perimeter,middle,west,horizontal_GHI__zone_p_tail,0.44341610605171866,4437
guangzhou_ssp585_baseline_2020s_heatwave_extreme_2026,core_bottom,core,bottom,core,horizontal_GHI__zone_operative_temperature,0.433228286842492,4437
guangzhou_ssp585_baseline_2020s_heatwave_extreme_2026,core_bottom,core,bottom,core,horizontal_GHI__zone_p_tail,0.29485688291146317,4437
guangzhou_ssp585_baseline_2020s_heatwave_extreme_2026,core_mid,core,middle,core,horizontal_GHI__zone_operative_temperature,0.3785138714359662,4437
guangzhou_ssp585_baseline_2020s_heatwave_extreme_2026,core_mid,core,middle,core,horizontal_GHI__zone_p_tail,0.2385828674130252,4437
guangzhou_ssp585_baseline_2020s_heatwave_extreme_2026,core_top,core,top,core,horizontal_GHI__zone_operative_temperature,0.43578584461519143,4437
guangzhou_ssp585_baseline_2020s_heatwave_extreme_2026,core_top,core,top,core,horizontal_GHI__zone_p_tail,0.28562174438944565,4437
guangzhou_ssp585_baseline_2020s_heatwave_extreme_2026,perimeter_top_zn_3,perimeter,top,north,horizontal_GHI__zone_operative_temperature,0.5239948299562853,4437
guangzhou_ssp585_baseline_2020s_heatwave_extreme_2026,perimeter_top_zn_3,perimeter,top,north,horizontal_GHI__zone_p_tail,0.49935094049491013,4437
guangzhou_ssp585_baseline_2020s_heatwave_extreme_2026,perimeter_top_zn_2,perimeter,top,east,horizontal_GHI__zone_operative_temperature,0.59121187976769,4437
guangzhou_ssp585_baseline_2020s_heatwave_extreme_2026,perimeter_top_zn_2,perimeter,top,east,horizontal_GHI__zone_p_tail,0.5334759004205345,4437
guangzhou_ssp585_baseline_2020s_heatwave_extreme_2026,perimeter_top_zn_1,perimeter,top,south,horizontal_GHI__zone_operative_temperature,0.6435685589023374,4437
guangzhou_ssp585_baseline_2020s_heatwave_extreme_2026,perimeter_top_zn_1,perimeter,top,south,horizontal_GHI__zone_p_tail,0.6351821088121888,4437
guangzhou_ssp585_baseline_2020s_heatwave_extreme_2026,perimeter_top_zn_4,perimeter,top,west,horizontal_GHI__zone_operative_temperature,0.5427859257920532,4437
guangzhou_ssp585_baseline_2020s_heatwave_extreme_2026,perimeter_top_zn_4,perimeter,top,west,horizontal_GHI__zone_p_tail,0.47343897726178,4437
guangzhou_ssp585_baseline_2020s_heatwave_extreme_2026,perimeter_bot_zn_3,perimeter,bottom,north,horizontal_GHI__zone_operative_temperature,0.46699137841305655,4437
guangzhou_ssp585_baseline_2020s_heatwave_extreme_2026,perimeter_bot_zn_3,perimeter,bottom,north,horizontal_GHI__zone_p_tail,0.3784327967164707,4437
guangzhou_ssp585_baseline_2020s_heatwave_extreme_2026,perimeter_bot_zn_2,perimeter,bottom,east,horizontal_GHI__zone_operative_temperature,0.5129940658638541,4437
guangzhou_ssp585_baseline_2020s_heatwave_extreme_2026,perimeter_bot_zn_2,perimeter,bottom,east,horizontal_GHI__zone_p_tail,0.4226293423142135,4437
guangzhou_ssp585_baseline_2020s_heatwave_extreme_2026,perimeter_bot_zn_1,perimeter,bottom,south,horizontal_GHI__zone_operative_temperature,0.5379295287102583,4437
guangzhou_ssp585_baseline_2020s_heatwave_extreme_2026,perimeter_bot_zn_1,perimeter,bottom,south,horizontal_GHI__zone_p_tail,0.5253026595828627,4437
guangzhou_ssp585_baseline_2020s_heatwave_extreme_2026,perimeter_bot_zn_4,perimeter,bottom,west,horizontal_GHI__zone_operative_temperature,0.4625425745715429,4437
guangzhou_ssp585_baseline_2020s_heatwave_extreme_2026,perimeter_bot_zn_4,perimeter,bottom,west,horizontal_GHI__zone_p_tail,0.3788482668868846,4437
guangzhou_ssp585_baseline_2020s_heatwave_extreme_2026,perimeter_mid_zn_3,perimeter,middle,north,horizontal_GHI__zone_operative_temperature,0.5060387256843423,4437
guangzhou_ssp585_baseline_2020s_heatwave_extreme_2026,perimeter_mid_zn_3,perimeter,middle,north,horizontal_GHI__zone_p_tail,0.5010598784211546,4437
guangzhou_ssp585_baseline_2020s_heatwave_extreme_2026,perimeter_mid_zn_2,perimeter,middle,east,horizontal_GHI__zone_operative_temperature,0.5694842742045243,4437
guangzhou_ssp585_baseline_2020s_heatwave_extreme_2026,perimeter_mid_zn_2,perimeter,middle,east,horizontal_GHI__zone_p_tail,0.5500691172117683,4437
guangzhou_ssp585_baseline_2020s_heatwave_extreme_2026,perimeter_mid_zn_1,perimeter,middle,south,horizontal_GHI__zone_operative_temperature,0.639408266108097,4437
guangzhou_ssp585_baseline_2020s_heatwave_extreme_2026,perimeter_mid_zn_1,perimeter,middle,south,horizontal_GHI__zone_p_tail,0.6436404733515633,4437
guangzhou_ssp585_baseline_2020s_heatwave_extreme_2026,perimeter_mid_zn_4,perimeter,middle,west,horizontal_GHI__zone_operative_temperature,0.5249980200985555,4437
guangzhou_ssp585_baseline_2020s_heatwave_extreme_2026,perimeter_mid_zn_4,perimeter,middle,west,horizontal_GHI__zone_p_tail,0.4793400806760882,4437
guangzhou_ssp585_baseline_2020s_hot_2028,core_bottom,core,bottom,core,horizontal_GHI__zone_operative_temperature,0.39154114150036085,4437
guangzhou_ssp585_baseline_2020s_hot_2028,core_bottom,core,bottom,core,horizontal_GHI__zone_p_tail,0.2891170332383003,4437
guangzhou_ssp585_baseline_2020s_hot_2028,core_mid,core,middle,core,horizontal_GHI__zone_operative_temperature,0.33610921308300945,4437
guangzhou_ssp585_baseline_2020s_hot_2028,core_mid,core,middle,core,horizontal_GHI__zone_p_tail,0.2226737400058258,4437
guangzhou_ssp585_baseline_2020s_hot_2028,core_top,core,top,core,horizontal_GHI__zone_operative_temperature,0.39764775630951543,4437
guangzhou_ssp585_baseline_2020s_hot_2028,core_top,core,top,core,horizontal_GHI__zone_p_tail,0.2463457143622993,4437
guangzhou_ssp585_baseline_2020s_hot_2028,perimeter_top_zn_3,perimeter,top,north,horizontal_GHI__zone_operative_temperature,0.4949066639763847,4437
guangzhou_ssp585_baseline_2020s_hot_2028,perimeter_top_zn_3,perimeter,top,north,horizontal_GHI__zone_p_tail,0.4810107135562391,4437
guangzhou_ssp585_baseline_2020s_hot_2028,perimeter_top_zn_2,perimeter,top,east,horizontal_GHI__zone_operative_temperature,0.5739729994190091,4437
guangzhou_ssp585_baseline_2020s_hot_2028,perimeter_top_zn_2,perimeter,top,east,horizontal_GHI__zone_p_tail,0.5461600780871474,4437
guangzhou_ssp585_baseline_2020s_hot_2028,perimeter_top_zn_1,perimeter,top,south,horizontal_GHI__zone_operative_temperature,0.6411469054693912,4437
guangzhou_ssp585_baseline_2020s_hot_2028,perimeter_top_zn_1,perimeter,top,south,horizontal_GHI__zone_p_tail,0.5811339597111601,4437
guangzhou_ssp585_baseline_2020s_hot_2028,perimeter_top_zn_4,perimeter,top,west,horizontal_GHI__zone_operative_temperature,0.5230200224472987,4437
guangzhou_ssp585_baseline_2020s_hot_2028,perimeter_top_zn_4,perimeter,top,west,horizontal_GHI__zone_p_tail,0.4326948743585587,4437
guangzhou_ssp585_baseline_2020s_hot_2028,perimeter_bot_zn_3,perimeter,bottom,north,horizontal_GHI__zone_operative_temperature,0.4274748922025215,4437
guangzhou_ssp585_baseline_2020s_hot_2028,perimeter_bot_zn_3,perimeter,bottom,north,horizontal_GHI__zone_p_tail,0.38604803426897577,4437
guangzhou_ssp585_baseline_2020s_hot_2028,perimeter_bot_zn_2,perimeter,bottom,east,horizontal_GHI__zone_operative_temperature,0.48422817484417024,4437
guangzhou_ssp585_baseline_2020s_hot_2028,perimeter_bot_zn_2,perimeter,bottom,east,horizontal_GHI__zone_p_tail,0.4671840905128225,4437
guangzhou_ssp585_baseline_2020s_hot_2028,perimeter_bot_zn_1,perimeter,bottom,south,horizontal_GHI__zone_operative_temperature,0.5131638530440908,4437
guangzhou_ssp585_baseline_2020s_hot_2028,perimeter_bot_zn_1,perimeter,bottom,south,horizontal_GHI__zone_p_tail,0.47420039928931307,4437
guangzhou_ssp585_baseline_2020s_hot_2028,perimeter_bot_zn_4,perimeter,bottom,west,horizontal_GHI__zone_operative_temperature,0.43696654527674134,4437
guangzhou_ssp585_baseline_2020s_hot_2028,perimeter_bot_zn_4,perimeter,bottom,west,horizontal_GHI__zone_p_tail,0.36699751520914115,4437
guangzhou_ssp585_baseline_2020s_hot_2028,perimeter_mid_zn_3,perimeter,middle,north,horizontal_GHI__zone_operative_temperature,0.4754131599976095,4437
guangzhou_ssp585_baseline_2020s_hot_2028,perimeter_mid_zn_3,perimeter,middle,north,horizontal_GHI__zone_p_tail,0.48236234440363135,4437
guangzhou_ssp585_baseline_2020s_hot_2028,perimeter_mid_zn_2,perimeter,middle,east,horizontal_GHI__zone_operative_temperature,0.5519994124136695,4437
guangzhou_ssp585_baseline_2020s_hot_2028,perimeter_mid_zn_2,perimeter,middle,east,horizontal_GHI__zone_p_tail,0.5289655626150552,4437
guangzhou_ssp585_baseline_2020s_hot_2028,perimeter_mid_zn_1,perimeter,middle,south,horizontal_GHI__zone_operative_temperature,0.6391994154874683,4437
guangzhou_ssp585_baseline_2020s_hot_2028,perimeter_mid_zn_1,perimeter,middle,south,horizontal_GHI__zone_p_tail,0.6138234469771676,4437
guangzhou_ssp585_baseline_2020s_hot_2028,perimeter_mid_zn_4,perimeter,middle,west,horizontal_GHI__zone_operative_temperature,0.5045121340239712,4437
guangzhou_ssp585_baseline_2020s_hot_2028,perimeter_mid_zn_4,perimeter,middle,west,horizontal_GHI__zone_p_tail,0.4268557241979061,4437
guangzhou_ssp585_baseline_2020s_typical_2025,core_bottom,core,bottom,core,horizontal_GHI__zone_operative_temperature,0.39594956176126517,4437
guangzhou_ssp585_baseline_2020s_typical_2025,core_bottom,core,bottom,core,horizontal_GHI__zone_p_tail,0.256658629958415,4437
guangzhou_ssp585_baseline_2020s_typical_2025,core_mid,core,middle,core,horizontal_GHI__zone_operative_temperature,0.3435302815773912,4437
guangzhou_ssp585_baseline_2020s_typical_2025,core_mid,core,middle,core,horizontal_GHI__zone_p_tail,0.20082961094780122,4437
guangzhou_ssp585_baseline_2020s_typical_2025,core_top,core,top,core,horizontal_GHI__zone_operative_temperature,0.404840357387219,4437
guangzhou_ssp585_baseline_2020s_typical_2025,core_top,core,top,core,horizontal_GHI__zone_p_tail,0.2505833654834328,4437
guangzhou_ssp585_baseline_2020s_typical_2025,perimeter_top_zn_3,perimeter,top,north,horizontal_GHI__zone_operative_temperature,0.5117380499686288,4437
guangzhou_ssp585_baseline_2020s_typical_2025,perimeter_top_zn_3,perimeter,top,north,horizontal_GHI__zone_p_tail,0.45668881676844153,4437
guangzhou_ssp585_baseline_2020s_typical_2025,perimeter_top_zn_2,perimeter,top,east,horizontal_GHI__zone_operative_temperature,0.5887817668961043,4437
guangzhou_ssp585_baseline_2020s_typical_2025,perimeter_top_zn_2,perimeter,top,east,horizontal_GHI__zone_p_tail,0.5156488760933906,4437
guangzhou_ssp585_baseline_2020s_typical_2025,perimeter_top_zn_1,perimeter,top,south,horizontal_GHI__zone_operative_temperature,0.6404857519669309,4437
guangzhou_ssp585_baseline_2020s_typical_2025,perimeter_top_zn_1,perimeter,top,south,horizontal_GHI__zone_p_tail,0.5826539362445307,4437
guangzhou_ssp585_baseline_2020s_typical_2025,perimeter_top_zn_4,perimeter,top,west,horizontal_GHI__zone_operative_temperature,0.5373422167334398,4437
guangzhou_ssp585_baseline_2020s_typical_2025,perimeter_top_zn_4,perimeter,top,west,horizontal_GHI__zone_p_tail,0.42855789091043783,4437
guangzhou_ssp585_baseline_2020s_typical_2025,perimeter_bot_zn_3,perimeter,bottom,north,horizontal_GHI__zone_operative_temperature,0.44944644771961617,4437
guangzhou_ssp585_baseline_2020s_typical_2025,perimeter_bot_zn_3,perimeter,bottom,north,horizontal_GHI__zone_p_tail,0.37057213278062295,4437
guangzhou_ssp585_baseline_2020s_typical_2025,perimeter_bot_zn_2,perimeter,bottom,east,horizontal_GHI__zone_operative_temperature,0.5007215174356177,4437
guangzhou_ssp585_baseline_2020s_typical_2025,perimeter_bot_zn_2,perimeter,bottom,east,horizontal_GHI__zone_p_tail,0.41285592832561935,4437
guangzhou_ssp585_baseline_2020s_typical_2025,perimeter_bot_zn_1,perimeter,bottom,south,horizontal_GHI__zone_operative_temperature,0.511762854441369,4437
guangzhou_ssp585_baseline_2020s_typical_2025,perimeter_bot_zn_1,perimeter,bottom,south,horizontal_GHI__zone_p_tail,0.4749709011314717,4437
guangzhou_ssp585_baseline_2020s_typical_2025,perimeter_bot_zn_4,perimeter,bottom,west,horizontal_GHI__zone_operative_temperature,0.4493125789794437,4437
guangzhou_ssp585_baseline_2020s_typical_2025,perimeter_bot_zn_4,perimeter,bottom,west,horizontal_GHI__zone_p_tail,0.3288762433236467,4437
guangzhou_ssp585_baseline_2020s_typical_2025,perimeter_mid_zn_3,perimeter,middle,north,horizontal_GHI__zone_operative_temperature,0.4890600272750008,4437
guangzhou_ssp585_baseline_2020s_typical_2025,perimeter_mid_zn_3,perimeter,middle,north,horizontal_GHI__zone_p_tail,0.47686472703169336,4437
guangzhou_ssp585_baseline_2020s_typical_2025,perimeter_mid_zn_2,perimeter,middle,east,horizontal_GHI__zone_operative_temperature,0.5645285566677146,4437
guangzhou_ssp585_baseline_2020s_typical_2025,perimeter_mid_zn_2,perimeter,middle,east,horizontal_GHI__zone_p_tail,0.5130817722171132,4437
guangzhou_ssp585_baseline_2020s_typical_2025,perimeter_mid_zn_1,perimeter,middle,south,horizontal_GHI__zone_operative_temperature,0.640703092173381,4437
guangzhou_ssp585_baseline_2020s_typical_2025,perimeter_mid_zn_1,perimeter,middle,south,horizontal_GHI__zone_p_tail,0.6141590387826599,4437
guangzhou_ssp585_baseline_2020s_typical_2025,perimeter_mid_zn_4,perimeter,middle,west,horizontal_GHI__zone_operative_temperature,0.519562408820152,4437
guangzhou_ssp585_baseline_2020s_typical_2025,perimeter_mid_zn_4,perimeter,middle,west,horizontal_GHI__zone_p_tail,0.43276351283879255,4437
guangzhou_ssp585_late_2080s_heatwave_extreme_2086,core_bottom,core,bottom,core,horizontal_GHI__zone_operative_temperature,0.3591733589652027,4437
guangzhou_ssp585_late_2080s_heatwave_extreme_2086,core_bottom,core,bottom,core,horizontal_GHI__zone_p_tail,0.3258076716237838,4437
guangzhou_ssp585_late_2080s_heatwave_extreme_2086,core_mid,core,middle,core,horizontal_GHI__zone_operative_temperature,0.30952317782645566,4437
guangzhou_ssp585_late_2080s_heatwave_extreme_2086,core_mid,core,middle,core,horizontal_GHI__zone_p_tail,0.23119224484319975,4437
guangzhou_ssp585_late_2080s_heatwave_extreme_2086,core_top,core,top,core,horizontal_GHI__zone_operative_temperature,0.3439405677298713,4437
guangzhou_ssp585_late_2080s_heatwave_extreme_2086,core_top,core,top,core,horizontal_GHI__zone_p_tail,0.28585731972774403,4437
guangzhou_ssp585_late_2080s_heatwave_extreme_2086,perimeter_top_zn_3,perimeter,top,north,horizontal_GHI__zone_operative_temperature,0.43813697129035445,4437
guangzhou_ssp585_late_2080s_heatwave_extreme_2086,perimeter_top_zn_3,perimeter,top,north,horizontal_GHI__zone_p_tail,0.3863143098011672,4437
guangzhou_ssp585_late_2080s_heatwave_extreme_2086,perimeter_top_zn_2,perimeter,top,east,horizontal_GHI__zone_operative_temperature,0.4930689376485156,4437
guangzhou_ssp585_late_2080s_heatwave_extreme_2086,perimeter_top_zn_2,perimeter,top,east,horizontal_GHI__zone_p_tail,0.4764777769390621,4437
guangzhou_ssp585_late_2080s_heatwave_extreme_2086,perimeter_top_zn_1,perimeter,top,south,horizontal_GHI__zone_operative_temperature,0.5381676007156951,4437
guangzhou_ssp585_late_2080s_heatwave_extreme_2086,perimeter_top_zn_1,perimeter,top,south,horizontal_GHI__zone_p_tail,0.47924004156076117,4437
guangzhou_ssp585_late_2080s_heatwave_extreme_2086,perimeter_top_zn_4,perimeter,top,west,horizontal_GHI__zone_operative_temperature,0.4368053252604512,4437
guangzhou_ssp585_late_2080s_heatwave_extreme_2086,perimeter_top_zn_4,perimeter,top,west,horizontal_GHI__zone_p_tail,0.41585736746095087,4437
guangzhou_ssp585_late_2080s_heatwave_extreme_2086,perimeter_bot_zn_3,perimeter,bottom,north,horizontal_GHI__zone_operative_temperature,0.39251097014015557,4437
guangzhou_ssp585_late_2080s_heatwave_extreme_2086,perimeter_bot_zn_3,perimeter,bottom,north,horizontal_GHI__zone_p_tail,0.33764070487248093,4437
guangzhou_ssp585_late_2080s_heatwave_extreme_2086,perimeter_bot_zn_2,perimeter,bottom,east,horizontal_GHI__zone_operative_temperature,0.43525844821852305,4437
guangzhou_ssp585_late_2080s_heatwave_extreme_2086,perimeter_bot_zn_2,perimeter,bottom,east,horizontal_GHI__zone_p_tail,0.43457826852540715,4437
guangzhou_ssp585_late_2080s_heatwave_extreme_2086,perimeter_bot_zn_1,perimeter,bottom,south,horizontal_GHI__zone_operative_temperature,0.4533801956570769,4437
guangzhou_ssp585_late_2080s_heatwave_extreme_2086,perimeter_bot_zn_1,perimeter,bottom,south,horizontal_GHI__zone_p_tail,0.33220969387168964,4437
guangzhou_ssp585_late_2080s_heatwave_extreme_2086,perimeter_bot_zn_4,perimeter,bottom,west,horizontal_GHI__zone_operative_temperature,0.38491083982413926,4437
guangzhou_ssp585_late_2080s_heatwave_extreme_2086,perimeter_bot_zn_4,perimeter,bottom,west,horizontal_GHI__zone_p_tail,0.3692825295967598,4437
guangzhou_ssp585_late_2080s_heatwave_extreme_2086,perimeter_mid_zn_3,perimeter,middle,north,horizontal_GHI__zone_operative_temperature,0.428083133462567,4437
guangzhou_ssp585_late_2080s_heatwave_extreme_2086,perimeter_mid_zn_3,perimeter,middle,north,horizontal_GHI__zone_p_tail,0.35270561675469986,4437
guangzhou_ssp585_late_2080s_heatwave_extreme_2086,perimeter_mid_zn_2,perimeter,middle,east,horizontal_GHI__zone_operative_temperature,0.4743461309707541,4437
guangzhou_ssp585_late_2080s_heatwave_extreme_2086,perimeter_mid_zn_2,perimeter,middle,east,horizontal_GHI__zone_p_tail,0.4596248193601605,4437
guangzhou_ssp585_late_2080s_heatwave_extreme_2086,perimeter_mid_zn_1,perimeter,middle,south,horizontal_GHI__zone_operative_temperature,0.5408387004141213,4437
guangzhou_ssp585_late_2080s_heatwave_extreme_2086,perimeter_mid_zn_1,perimeter,middle,south,horizontal_GHI__zone_p_tail,0.4540906385776085,4437
guangzhou_ssp585_late_2080s_heatwave_extreme_2086,perimeter_mid_zn_4,perimeter,middle,west,horizontal_GHI__zone_operative_temperature,0.4223586613667664,4437
guangzhou_ssp585_late_2080s_heatwave_extreme_2086,perimeter_mid_zn_4,perimeter,middle,west,horizontal_GHI__zone_p_tail,0.3945068337046854,4437
guangzhou_ssp585_late_2080s_hot_2086,core_bottom,core,bottom,core,horizontal_GHI__zone_operative_temperature,0.3591733589652027,4437
guangzhou_ssp585_late_2080s_hot_2086,core_bottom,core,bottom,core,horizontal_GHI__zone_p_tail,0.3258076716237838,4437
guangzhou_ssp585_late_2080s_hot_2086,core_mid,core,middle,core,horizontal_GHI__zone_operative_temperature,0.30952317782645566,4437
guangzhou_ssp585_late_2080s_hot_2086,core_mid,core,middle,core,horizontal_GHI__zone_p_tail,0.23119224484319975,4437
guangzhou_ssp585_late_2080s_hot_2086,core_top,core,top,core,horizontal_GHI__zone_operative_temperature,0.3439405677298713,4437
guangzhou_ssp585_late_2080s_hot_2086,core_top,core,top,core,horizontal_GHI__zone_p_tail,0.28585731972774403,4437
guangzhou_ssp585_late_2080s_hot_2086,perimeter_top_zn_3,perimeter,top,north,horizontal_GHI__zone_operative_temperature,0.43813697129035445,4437
guangzhou_ssp585_late_2080s_hot_2086,perimeter_top_zn_3,perimeter,top,north,horizontal_GHI__zone_p_tail,0.3863143098011672,4437
guangzhou_ssp585_late_2080s_hot_2086,perimeter_top_zn_2,perimeter,top,east,horizontal_GHI__zone_operative_temperature,0.4930689376485156,4437
guangzhou_ssp585_late_2080s_hot_2086,perimeter_top_zn_2,perimeter,top,east,horizontal_GHI__zone_p_tail,0.4764777769390621,4437
guangzhou_ssp585_late_2080s_hot_2086,perimeter_top_zn_1,perimeter,top,south,horizontal_GHI__zone_operative_temperature,0.5381676007156951,4437
guangzhou_ssp585_late_2080s_hot_2086,perimeter_top_zn_1,perimeter,top,south,horizontal_GHI__zone_p_tail,0.47924004156076117,4437
guangzhou_ssp585_late_2080s_hot_2086,perimeter_top_zn_4,perimeter,top,west,horizontal_GHI__zone_operative_temperature,0.4368053252604512,4437
guangzhou_ssp585_late_2080s_hot_2086,perimeter_top_zn_4,perimeter,top,west,horizontal_GHI__zone_p_tail,0.41585736746095087,4437
guangzhou_ssp585_late_2080s_hot_2086,perimeter_bot_zn_3,perimeter,bottom,north,horizontal_GHI__zone_operative_temperature,0.39251097014015557,4437
guangzhou_ssp585_late_2080s_hot_2086,perimeter_bot_zn_3,perimeter,bottom,north,horizontal_GHI__zone_p_tail,0.33764070487248093,4437
guangzhou_ssp585_late_2080s_hot_2086,perimeter_bot_zn_2,perimeter,bottom,east,horizontal_GHI__zone_operative_temperature,0.43525844821852305,4437
guangzhou_ssp585_late_2080s_hot_2086,perimeter_bot_zn_2,perimeter,bottom,east,horizontal_GHI__zone_p_tail,0.43457826852540715,4437
guangzhou_ssp585_late_2080s_hot_2086,perimeter_bot_zn_1,perimeter,bottom,south,horizontal_GHI__zone_operative_temperature,0.4533801956570769,4437
guangzhou_ssp585_late_2080s_hot_2086,perimeter_bot_zn_1,perimeter,bottom,south,horizontal_GHI__zone_p_tail,0.33220969387168964,4437
guangzhou_ssp585_late_2080s_hot_2086,perimeter_bot_zn_4,perimeter,bottom,west,horizontal_GHI__zone_operative_temperature,0.38491083982413926,4437
guangzhou_ssp585_late_2080s_hot_2086,perimeter_bot_zn_4,perimeter,bottom,west,horizontal_GHI__zone_p_tail,0.3692825295967598,4437
guangzhou_ssp585_late_2080s_hot_2086,perimeter_mid_zn_3,perimeter,middle,north,horizontal_GHI__zone_operative_temperature,0.428083133462567,4437
guangzhou_ssp585_late_2080s_hot_2086,perimeter_mid_zn_3,perimeter,middle,north,horizontal_GHI__zone_p_tail,0.35270561675469986,4437
guangzhou_ssp585_late_2080s_hot_2086,perimeter_mid_zn_2,perimeter,middle,east,horizontal_GHI__zone_operative_temperature,0.4743461309707541,4437
guangzhou_ssp585_late_2080s_hot_2086,perimeter_mid_zn_2,perimeter,middle,east,horizontal_GHI__zone_p_tail,0.4596248193601605,4437
guangzhou_ssp585_late_2080s_hot_2086,perimeter_mid_zn_1,perimeter,middle,south,horizontal_GHI__zone_operative_temperature,0.5408387004141213,4437
guangzhou_ssp585_late_2080s_hot_2086,perimeter_mid_zn_1,perimeter,middle,south,horizontal_GHI__zone_p_tail,0.4540906385776085,4437
guangzhou_ssp585_late_2080s_hot_2086,perimeter_mid_zn_4,perimeter,middle,west,horizontal_GHI__zone_operative_temperature,0.4223586613667664,4437
guangzhou_ssp585_late_2080s_hot_2086,perimeter_mid_zn_4,perimeter,middle,west,horizontal_GHI__zone_p_tail,0.3945068337046854,4437
guangzhou_ssp585_late_2080s_typical_2087,core_bottom,core,bottom,core,horizontal_GHI__zone_operative_temperature,0.31818581035552024,4437
guangzhou_ssp585_late_2080s_typical_2087,core_bottom,core,bottom,core,horizontal_GHI__zone_p_tail,0.30543935386350796,4437
guangzhou_ssp585_late_2080s_typical_2087,core_mid,core,middle,core,horizontal_GHI__zone_operative_temperature,0.25675693109739856,4437
guangzhou_ssp585_late_2080s_typical_2087,core_mid,core,middle,core,horizontal_GHI__zone_p_tail,0.2240573318656371,4437
guangzhou_ssp585_late_2080s_typical_2087,core_top,core,top,core,horizontal_GHI__zone_operative_temperature,0.3075958481337091,4437
guangzhou_ssp585_late_2080s_typical_2087,core_top,core,top,core,horizontal_GHI__zone_p_tail,0.2850284750033963,4437
guangzhou_ssp585_late_2080s_typical_2087,perimeter_top_zn_3,perimeter,top,north,horizontal_GHI__zone_operative_temperature,0.42548361074925367,4437
guangzhou_ssp585_late_2080s_typical_2087,perimeter_top_zn_3,perimeter,top,north,horizontal_GHI__zone_p_tail,0.4670311569322074,4437
guangzhou_ssp585_late_2080s_typical_2087,perimeter_top_zn_2,perimeter,top,east,horizontal_GHI__zone_operative_temperature,0.5091692361605851,4437
guangzhou_ssp585_late_2080s_typical_2087,perimeter_top_zn_2,perimeter,top,east,horizontal_GHI__zone_p_tail,0.5619322466615172,4437
guangzhou_ssp585_late_2080s_typical_2087,perimeter_top_zn_1,perimeter,top,south,horizontal_GHI__zone_operative_temperature,0.5907097879728276,4437
guangzhou_ssp585_late_2080s_typical_2087,perimeter_top_zn_1,perimeter,top,south,horizontal_GHI__zone_p_tail,0.6007427009487452,4437
guangzhou_ssp585_late_2080s_typical_2087,perimeter_top_zn_4,perimeter,top,west,horizontal_GHI__zone_operative_temperature,0.45566887131563705,4437
guangzhou_ssp585_late_2080s_typical_2087,perimeter_top_zn_4,perimeter,top,west,horizontal_GHI__zone_p_tail,0.45614498226522154,4437
guangzhou_ssp585_late_2080s_typical_2087,perimeter_bot_zn_3,perimeter,bottom,north,horizontal_GHI__zone_operative_temperature,0.3770738012311897,4437
guangzhou_ssp585_late_2080s_typical_2087,perimeter_bot_zn_3,perimeter,bottom,north,horizontal_GHI__zone_p_tail,0.3823445844490742,4437
guangzhou_ssp585_late_2080s_typical_2087,perimeter_bot_zn_2,perimeter,bottom,east,horizontal_GHI__zone_operative_temperature,0.44016792908738017,4437
guangzhou_ssp585_late_2080s_typical_2087,perimeter_bot_zn_2,perimeter,bottom,east,horizontal_GHI__zone_p_tail,0.5154181541648102,4437
guangzhou_ssp585_late_2080s_typical_2087,perimeter_bot_zn_1,perimeter,bottom,south,horizontal_GHI__zone_operative_temperature,0.48323662662037475,4437
guangzhou_ssp585_late_2080s_typical_2087,perimeter_bot_zn_1,perimeter,bottom,south,horizontal_GHI__zone_p_tail,0.48574781593806354,4437
guangzhou_ssp585_late_2080s_typical_2087,perimeter_bot_zn_4,perimeter,bottom,west,horizontal_GHI__zone_operative_temperature,0.38041144217092593,4437
guangzhou_ssp585_late_2080s_typical_2087,perimeter_bot_zn_4,perimeter,bottom,west,horizontal_GHI__zone_p_tail,0.4083627087304203,4437
guangzhou_ssp585_late_2080s_typical_2087,perimeter_mid_zn_3,perimeter,middle,north,horizontal_GHI__zone_operative_temperature,0.4019668858657215,4437
guangzhou_ssp585_late_2080s_typical_2087,perimeter_mid_zn_3,perimeter,middle,north,horizontal_GHI__zone_p_tail,0.433776243639366,4437
guangzhou_ssp585_late_2080s_typical_2087,perimeter_mid_zn_2,perimeter,middle,east,horizontal_GHI__zone_operative_temperature,0.475019505553429,4437
guangzhou_ssp585_late_2080s_typical_2087,perimeter_mid_zn_2,perimeter,middle,east,horizontal_GHI__zone_p_tail,0.535652170038822,4437
guangzhou_ssp585_late_2080s_typical_2087,perimeter_mid_zn_1,perimeter,middle,south,horizontal_GHI__zone_operative_temperature,0.5854185376685679,4437
guangzhou_ssp585_late_2080s_typical_2087,perimeter_mid_zn_1,perimeter,middle,south,horizontal_GHI__zone_p_tail,0.6001322481415327,4437
guangzhou_ssp585_late_2080s_typical_2087,perimeter_mid_zn_4,perimeter,middle,west,horizontal_GHI__zone_operative_temperature,0.42284568103071657,4437
guangzhou_ssp585_late_2080s_typical_2087,perimeter_mid_zn_4,perimeter,middle,west,horizontal_GHI__zone_p_tail,0.4338882558503286,4437
guangzhou_ssp585_mid_2050s_heatwave_extreme_2059,core_bottom,core,bottom,core,horizontal_GHI__zone_operative_temperature,0.3966207149358992,4437
guangzhou_ssp585_mid_2050s_heatwave_extreme_2059,core_bottom,core,bottom,core,horizontal_GHI__zone_p_tail,0.3514442401613144,4437
guangzhou_ssp585_mid_2050s_heatwave_extreme_2059,core_mid,core,middle,core,horizontal_GHI__zone_operative_temperature,0.3352126353598946,4437
guangzhou_ssp585_mid_2050s_heatwave_extreme_2059,core_mid,core,middle,core,horizontal_GHI__zone_p_tail,0.25472471403652513,4437
guangzhou_ssp585_mid_2050s_heatwave_extreme_2059,core_top,core,top,core,horizontal_GHI__zone_operative_temperature,0.38912798302797746,4437
guangzhou_ssp585_mid_2050s_heatwave_extreme_2059,core_top,core,top,core,horizontal_GHI__zone_p_tail,0.297578842441911,4437
guangzhou_ssp585_mid_2050s_heatwave_extreme_2059,perimeter_top_zn_3,perimeter,top,north,horizontal_GHI__zone_operative_temperature,0.48526336336213743,4437
guangzhou_ssp585_mid_2050s_heatwave_extreme_2059,perimeter_top_zn_3,perimeter,top,north,horizontal_GHI__zone_p_tail,0.5017574213305138,4437
guangzhou_ssp585_mid_2050s_heatwave_extreme_2059,perimeter_top_zn_2,perimeter,top,east,horizontal_GHI__zone_operative_temperature,0.5595867323341913,4437
guangzhou_ssp585_mid_2050s_heatwave_extreme_2059,perimeter_top_zn_2,perimeter,top,east,horizontal_GHI__zone_p_tail,0.5954237815763558,4437
guangzhou_ssp585_mid_2050s_heatwave_extreme_2059,perimeter_top_zn_1,perimeter,top,south,horizontal_GHI__zone_operative_temperature,0.6139657356664435,4437
guangzhou_ssp585_mid_2050s_heatwave_extreme_2059,perimeter_top_zn_1,perimeter,top,south,horizontal_GHI__zone_p_tail,0.6167244367837431,4437
guangzhou_ssp585_mid_2050s_heatwave_extreme_2059,perimeter_top_zn_4,perimeter,top,west,horizontal_GHI__zone_operative_temperature,0.5058260069015978,4437
guangzhou_ssp585_mid_2050s_heatwave_extreme_2059,perimeter_top_zn_4,perimeter,top,west,horizontal_GHI__zone_p_tail,0.47562171862005526,4437
guangzhou_ssp585_mid_2050s_heatwave_extreme_2059,perimeter_bot_zn_3,perimeter,bottom,north,horizontal_GHI__zone_operative_temperature,0.43342387300659757,4437
guangzhou_ssp585_mid_2050s_heatwave_extreme_2059,perimeter_bot_zn_3,perimeter,bottom,north,horizontal_GHI__zone_p_tail,0.40808166555621267,4437
guangzhou_ssp585_mid_2050s_heatwave_extreme_2059,perimeter_bot_zn_2,perimeter,bottom,east,horizontal_GHI__zone_operative_temperature,0.48658538121965145,4437
guangzhou_ssp585_mid_2050s_heatwave_extreme_2059,perimeter_bot_zn_2,perimeter,bottom,east,horizontal_GHI__zone_p_tail,0.4926932095105234,4437
guangzhou_ssp585_mid_2050s_heatwave_extreme_2059,perimeter_bot_zn_1,perimeter,bottom,south,horizontal_GHI__zone_operative_temperature,0.5159332286726206,4437
guangzhou_ssp585_mid_2050s_heatwave_extreme_2059,perimeter_bot_zn_1,perimeter,bottom,south,horizontal_GHI__zone_p_tail,0.5227499601089659,4437
guangzhou_ssp585_mid_2050s_heatwave_extreme_2059,perimeter_bot_zn_4,perimeter,bottom,west,horizontal_GHI__zone_operative_temperature,0.4329966943634804,4437
guangzhou_ssp585_mid_2050s_heatwave_extreme_2059,perimeter_bot_zn_4,perimeter,bottom,west,horizontal_GHI__zone_p_tail,0.40998799445608813,4437
guangzhou_ssp585_mid_2050s_heatwave_extreme_2059,perimeter_mid_zn_3,perimeter,middle,north,horizontal_GHI__zone_operative_temperature,0.4687406079111116,4437
guangzhou_ssp585_mid_2050s_heatwave_extreme_2059,perimeter_mid_zn_3,perimeter,middle,north,horizontal_GHI__zone_p_tail,0.4823449403281545,4437
guangzhou_ssp585_mid_2050s_heatwave_extreme_2059,perimeter_mid_zn_2,perimeter,middle,east,horizontal_GHI__zone_operative_temperature,0.5368802836963859,4437
guangzhou_ssp585_mid_2050s_heatwave_extreme_2059,perimeter_mid_zn_2,perimeter,middle,east,horizontal_GHI__zone_p_tail,0.584760850057624,4437
guangzhou_ssp585_mid_2050s_heatwave_extreme_2059,perimeter_mid_zn_1,perimeter,middle,south,horizontal_GHI__zone_operative_temperature,0.6104749811792616,4437
guangzhou_ssp585_mid_2050s_heatwave_extreme_2059,perimeter_mid_zn_1,perimeter,middle,south,horizontal_GHI__zone_p_tail,0.6206850411679637,4437
guangzhou_ssp585_mid_2050s_heatwave_extreme_2059,perimeter_mid_zn_4,perimeter,middle,west,horizontal_GHI__zone_operative_temperature,0.4867551277801729,4437
guangzhou_ssp585_mid_2050s_heatwave_extreme_2059,perimeter_mid_zn_4,perimeter,middle,west,horizontal_GHI__zone_p_tail,0.46840710757174864,4437
guangzhou_ssp585_mid_2050s_hot_2057,core_bottom,core,bottom,core,horizontal_GHI__zone_operative_temperature,0.38694870251732527,4437
guangzhou_ssp585_mid_2050s_hot_2057,core_bottom,core,bottom,core,horizontal_GHI__zone_p_tail,0.3111481009968702,4437
guangzhou_ssp585_mid_2050s_hot_2057,core_mid,core,middle,core,horizontal_GHI__zone_operative_temperature,0.32802085245608187,4437
guangzhou_ssp585_mid_2050s_hot_2057,core_mid,core,middle,core,horizontal_GHI__zone_p_tail,0.25873581967770176,4437
guangzhou_ssp585_mid_2050s_hot_2057,core_top,core,top,core,horizontal_GHI__zone_operative_temperature,0.37809259739125395,4437
guangzhou_ssp585_mid_2050s_hot_2057,core_top,core,top,core,horizontal_GHI__zone_p_tail,0.3018680067112602,4437
guangzhou_ssp585_mid_2050s_hot_2057,perimeter_top_zn_3,perimeter,top,north,horizontal_GHI__zone_operative_temperature,0.4898986053699591,4437
guangzhou_ssp585_mid_2050s_hot_2057,perimeter_top_zn_3,perimeter,top,north,horizontal_GHI__zone_p_tail,0.49580240752429816,4437
guangzhou_ssp585_mid_2050s_hot_2057,perimeter_top_zn_2,perimeter,top,east,horizontal_GHI__zone_operative_temperature,0.5677826499980194,4437
guangzhou_ssp585_mid_2050s_hot_2057,perimeter_top_zn_2,perimeter,top,east,horizontal_GHI__zone_p_tail,0.5711166547225104,4437
guangzhou_ssp585_mid_2050s_hot_2057,perimeter_top_zn_1,perimeter,top,south,horizontal_GHI__zone_operative_temperature,0.6165469804606486,4437
guangzhou_ssp585_mid_2050s_hot_2057,perimeter_top_zn_1,perimeter,top,south,horizontal_GHI__zone_p_tail,0.6132944724647014,4437
guangzhou_ssp585_mid_2050s_hot_2057,perimeter_top_zn_4,perimeter,top,west,horizontal_GHI__zone_operative_temperature,0.5170763352713619,4437
guangzhou_ssp585_mid_2050s_hot_2057,perimeter_top_zn_4,perimeter,top,west,horizontal_GHI__zone_p_tail,0.4423258983894126,4437
guangzhou_ssp585_mid_2050s_hot_2057,perimeter_bot_zn_3,perimeter,bottom,north,horizontal_GHI__zone_operative_temperature,0.4355026028313486,4437
guangzhou_ssp585_mid_2050s_hot_2057,perimeter_bot_zn_3,perimeter,bottom,north,horizontal_GHI__zone_p_tail,0.4165322692298752,4437
guangzhou_ssp585_mid_2050s_hot_2057,perimeter_bot_zn_2,perimeter,bottom,east,horizontal_GHI__zone_operative_temperature,0.48509995019425284,4437
guangzhou_ssp585_mid_2050s_hot_2057,perimeter_bot_zn_2,perimeter,bottom,east,horizontal_GHI__zone_p_tail,0.4880026769614482,4437
guangzhou_ssp585_mid_2050s_hot_2057,perimeter_bot_zn_1,perimeter,bottom,south,horizontal_GHI__zone_operative_temperature,0.5052605562852782,4437
guangzhou_ssp585_mid_2050s_hot_2057,perimeter_bot_zn_1,perimeter,bottom,south,horizontal_GHI__zone_p_tail,0.5199368539052911,4437
guangzhou_ssp585_mid_2050s_hot_2057,perimeter_bot_zn_4,perimeter,bottom,west,horizontal_GHI__zone_operative_temperature,0.43316154268978,4437
guangzhou_ssp585_mid_2050s_hot_2057,perimeter_bot_zn_4,perimeter,bottom,west,horizontal_GHI__zone_p_tail,0.3963881977130883,4437
guangzhou_ssp585_mid_2050s_hot_2057,perimeter_mid_zn_3,perimeter,middle,north,horizontal_GHI__zone_operative_temperature,0.468834864669785,4437
guangzhou_ssp585_mid_2050s_hot_2057,perimeter_mid_zn_3,perimeter,middle,north,horizontal_GHI__zone_p_tail,0.47329485185320175,4437
guangzhou_ssp585_mid_2050s_hot_2057,perimeter_mid_zn_2,perimeter,middle,east,horizontal_GHI__zone_operative_temperature,0.5395194335949787,4437
guangzhou_ssp585_mid_2050s_hot_2057,perimeter_mid_zn_2,perimeter,middle,east,horizontal_GHI__zone_p_tail,0.5464904241346394,4437
guangzhou_ssp585_mid_2050s_hot_2057,perimeter_mid_zn_1,perimeter,middle,south,horizontal_GHI__zone_operative_temperature,0.6145069525266897,4437
guangzhou_ssp585_mid_2050s_hot_2057,perimeter_mid_zn_1,perimeter,middle,south,horizontal_GHI__zone_p_tail,0.6109134431721654,4437
guangzhou_ssp585_mid_2050s_hot_2057,perimeter_mid_zn_4,perimeter,middle,west,horizontal_GHI__zone_operative_temperature,0.49382904928542726,4437
guangzhou_ssp585_mid_2050s_hot_2057,perimeter_mid_zn_4,perimeter,middle,west,horizontal_GHI__zone_p_tail,0.43801895982830724,4437
guangzhou_ssp585_mid_2050s_typical_2050,core_bottom,core,bottom,core,horizontal_GHI__zone_operative_temperature,0.40051162184159583,4437
guangzhou_ssp585_mid_2050s_typical_2050,core_bottom,core,bottom,core,horizontal_GHI__zone_p_tail,0.3081325738633651,4437
guangzhou_ssp585_mid_2050s_typical_2050,core_mid,core,middle,core,horizontal_GHI__zone_operative_temperature,0.3506340265310485,4437
guangzhou_ssp585_mid_2050s_typical_2050,core_mid,core,middle,core,horizontal_GHI__zone_p_tail,0.26029769908805717,4437
guangzhou_ssp585_mid_2050s_typical_2050,core_top,core,top,core,horizontal_GHI__zone_operative_temperature,0.39358620727825966,4437
guangzhou_ssp585_mid_2050s_typical_2050,core_top,core,top,core,horizontal_GHI__zone_p_tail,0.28182448513039204,4437
guangzhou_ssp585_mid_2050s_typical_2050,perimeter_top_zn_3,perimeter,top,north,horizontal_GHI__zone_operative_temperature,0.48369811787965755,4437
guangzhou_ssp585_mid_2050s_typical_2050,perimeter_top_zn_3,perimeter,top,north,horizontal_GHI__zone_p_tail,0.47385963906965095,4437
guangzhou_ssp585_mid_2050s_typical_2050,perimeter_top_zn_2,perimeter,top,east,horizontal_GHI__zone_operative_temperature,0.5494398952729777,4437
guangzhou_ssp585_mid_2050s_typical_2050,perimeter_top_zn_2,perimeter,top,east,horizontal_GHI__zone_p_tail,0.535032189908662,4437
guangzhou_ssp585_mid_2050s_typical_2050,perimeter_top_zn_1,perimeter,top,south,horizontal_GHI__zone_operative_temperature,0.6065770235428102,4437
guangzhou_ssp585_mid_2050s_typical_2050,perimeter_top_zn_1,perimeter,top,south,horizontal_GHI__zone_p_tail,0.5926558313027951,4437
guangzhou_ssp585_mid_2050s_typical_2050,perimeter_top_zn_4,perimeter,top,west,horizontal_GHI__zone_operative_temperature,0.5054019121538309,4437
guangzhou_ssp585_mid_2050s_typical_2050,perimeter_top_zn_4,perimeter,top,west,horizontal_GHI__zone_p_tail,0.4307306747083324,4437
guangzhou_ssp585_mid_2050s_typical_2050,perimeter_bot_zn_3,perimeter,bottom,north,horizontal_GHI__zone_operative_temperature,0.43383456458471137,4437
guangzhou_ssp585_mid_2050s_typical_2050,perimeter_bot_zn_3,perimeter,bottom,north,horizontal_GHI__zone_p_tail,0.37913031567454136,4437
guangzhou_ssp585_mid_2050s_typical_2050,perimeter_bot_zn_2,perimeter,bottom,east,horizontal_GHI__zone_operative_temperature,0.47499324573254736,4437
guangzhou_ssp585_mid_2050s_typical_2050,perimeter_bot_zn_2,perimeter,bottom,east,horizontal_GHI__zone_p_tail,0.43905050562963455,4437
guangzhou_ssp585_mid_2050s_typical_2050,perimeter_bot_zn_1,perimeter,bottom,south,horizontal_GHI__zone_operative_temperature,0.5005819337346882,4437
guangzhou_ssp585_mid_2050s_typical_2050,perimeter_bot_zn_1,perimeter,bottom,south,horizontal_GHI__zone_p_tail,0.49770971166967637,4437
guangzhou_ssp585_mid_2050s_typical_2050,perimeter_bot_zn_4,perimeter,bottom,west,horizontal_GHI__zone_operative_temperature,0.4290903358120827,4437
guangzhou_ssp585_mid_2050s_typical_2050,perimeter_bot_zn_4,perimeter,bottom,west,horizontal_GHI__zone_p_tail,0.3722744028435972,4437
guangzhou_ssp585_mid_2050s_typical_2050,perimeter_mid_zn_3,perimeter,middle,north,horizontal_GHI__zone_operative_temperature,0.4714534725096986,4437
guangzhou_ssp585_mid_2050s_typical_2050,perimeter_mid_zn_3,perimeter,middle,north,horizontal_GHI__zone_p_tail,0.48302268639351753,4437
guangzhou_ssp585_mid_2050s_typical_2050,perimeter_mid_zn_2,perimeter,middle,east,horizontal_GHI__zone_operative_temperature,0.526682398250565,4437
guangzhou_ssp585_mid_2050s_typical_2050,perimeter_mid_zn_2,perimeter,middle,east,horizontal_GHI__zone_p_tail,0.5277168885935638,4437
guangzhou_ssp585_mid_2050s_typical_2050,perimeter_mid_zn_1,perimeter,middle,south,horizontal_GHI__zone_operative_temperature,0.6075974568375347,4437
guangzhou_ssp585_mid_2050s_typical_2050,perimeter_mid_zn_1,perimeter,middle,south,horizontal_GHI__zone_p_tail,0.6064326432815725,4437
guangzhou_ssp585_mid_2050s_typical_2050,perimeter_mid_zn_4,perimeter,middle,west,horizontal_GHI__zone_operative_temperature,0.48682728321491836,4437
guangzhou_ssp585_mid_2050s_typical_2050,perimeter_mid_zn_4,perimeter,middle,west,horizontal_GHI__zone_p_tail,0.4484523650651653,4437
guangzhou_ssp585_near_2030s_heatwave_extreme_2033,core_bottom,core,bottom,core,horizontal_GHI__zone_operative_temperature,0.4275151858397365,4437
guangzhou_ssp585_near_2030s_heatwave_extreme_2033,core_bottom,core,bottom,core,horizontal_GHI__zone_p_tail,0.32824193752214126,4437
guangzhou_ssp585_near_2030s_heatwave_extreme_2033,core_mid,core,middle,core,horizontal_GHI__zone_operative_temperature,0.3751852588102193,4437
guangzhou_ssp585_near_2030s_heatwave_extreme_2033,core_mid,core,middle,core,horizontal_GHI__zone_p_tail,0.26801298687748265,4437
guangzhou_ssp585_near_2030s_heatwave_extreme_2033,core_top,core,top,core,horizontal_GHI__zone_operative_temperature,0.4199487218041927,4437
guangzhou_ssp585_near_2030s_heatwave_extreme_2033,core_top,core,top,core,horizontal_GHI__zone_p_tail,0.29166692212945927,4437
guangzhou_ssp585_near_2030s_heatwave_extreme_2033,perimeter_top_zn_3,perimeter,top,north,horizontal_GHI__zone_operative_temperature,0.5088409500453637,4437
guangzhou_ssp585_near_2030s_heatwave_extreme_2033,perimeter_top_zn_3,perimeter,top,north,horizontal_GHI__zone_p_tail,0.5020711020517784,4437
guangzhou_ssp585_near_2030s_heatwave_extreme_2033,perimeter_top_zn_2,perimeter,top,east,horizontal_GHI__zone_operative_temperature,0.573162803708492,4437
guangzhou_ssp585_near_2030s_heatwave_extreme_2033,perimeter_top_zn_2,perimeter,top,east,horizontal_GHI__zone_p_tail,0.5586191857312045,4437
guangzhou_ssp585_near_2030s_heatwave_extreme_2033,perimeter_top_zn_1,perimeter,top,south,horizontal_GHI__zone_operative_temperature,0.626576949299532,4437
guangzhou_ssp585_near_2030s_heatwave_extreme_2033,perimeter_top_zn_1,perimeter,top,south,horizontal_GHI__zone_p_tail,0.6177941625059308,4437
guangzhou_ssp585_near_2030s_heatwave_extreme_2033,perimeter_top_zn_4,perimeter,top,west,horizontal_GHI__zone_operative_temperature,0.526384579144595,4437
guangzhou_ssp585_near_2030s_heatwave_extreme_2033,perimeter_top_zn_4,perimeter,top,west,horizontal_GHI__zone_p_tail,0.4472609918316301,4437
guangzhou_ssp585_near_2030s_heatwave_extreme_2033,perimeter_bot_zn_3,perimeter,bottom,north,horizontal_GHI__zone_operative_temperature,0.46023158314149054,4437
guangzhou_ssp585_near_2030s_heatwave_extreme_2033,perimeter_bot_zn_3,perimeter,bottom,north,horizontal_GHI__zone_p_tail,0.39802680076263247,4437
guangzhou_ssp585_near_2030s_heatwave_extreme_2033,perimeter_bot_zn_2,perimeter,bottom,east,horizontal_GHI__zone_operative_temperature,0.4969908594918185,4437
guangzhou_ssp585_near_2030s_heatwave_extreme_2033,perimeter_bot_zn_2,perimeter,bottom,east,horizontal_GHI__zone_p_tail,0.45808011585728153,4437
guangzhou_ssp585_near_2030s_heatwave_extreme_2033,perimeter_bot_zn_1,perimeter,bottom,south,horizontal_GHI__zone_operative_temperature,0.5177092357406194,4437
guangzhou_ssp585_near_2030s_heatwave_extreme_2033,perimeter_bot_zn_1,perimeter,bottom,south,horizontal_GHI__zone_p_tail,0.5097593937537296,4437
guangzhou_ssp585_near_2030s_heatwave_extreme_2033,perimeter_bot_zn_4,perimeter,bottom,west,horizontal_GHI__zone_operative_temperature,0.44877439630715776,4437
guangzhou_ssp585_near_2030s_heatwave_extreme_2033,perimeter_bot_zn_4,perimeter,bottom,west,horizontal_GHI__zone_p_tail,0.3727874033149063,4437
guangzhou_ssp585_near_2030s_heatwave_extreme_2033,perimeter_mid_zn_3,perimeter,middle,north,horizontal_GHI__zone_operative_temperature,0.4970297060819636,4437
guangzhou_ssp585_near_2030s_heatwave_extreme_2033,perimeter_mid_zn_3,perimeter,middle,north,horizontal_GHI__zone_p_tail,0.4961301426404775,4437
guangzhou_ssp585_near_2030s_heatwave_extreme_2033,perimeter_mid_zn_2,perimeter,middle,east,horizontal_GHI__zone_operative_temperature,0.5523856742328976,4437
guangzhou_ssp585_near_2030s_heatwave_extreme_2033,perimeter_mid_zn_2,perimeter,middle,east,horizontal_GHI__zone_p_tail,0.5491785590051349,4437
guangzhou_ssp585_near_2030s_heatwave_extreme_2033,perimeter_mid_zn_1,perimeter,middle,south,horizontal_GHI__zone_operative_temperature,0.622304767286078,4437
guangzhou_ssp585_near_2030s_heatwave_extreme_2033,perimeter_mid_zn_1,perimeter,middle,south,horizontal_GHI__zone_p_tail,0.6271479813047998,4437
guangzhou_ssp585_near_2030s_heatwave_extreme_2033,perimeter_mid_zn_4,perimeter,middle,west,horizontal_GHI__zone_operative_temperature,0.5094340751009514,4437
guangzhou_ssp585_near_2030s_heatwave_extreme_2033,perimeter_mid_zn_4,perimeter,middle,west,horizontal_GHI__zone_p_tail,0.44334393717936704,4437
guangzhou_ssp585_near_2030s_hot_2033,core_bottom,core,bottom,core,horizontal_GHI__zone_operative_temperature,0.4275151858397365,4437
guangzhou_ssp585_near_2030s_hot_2033,core_bottom,core,bottom,core,horizontal_GHI__zone_p_tail,0.32824193752214126,4437
guangzhou_ssp585_near_2030s_hot_2033,core_mid,core,middle,core,horizontal_GHI__zone_operative_temperature,0.3751852588102193,4437
guangzhou_ssp585_near_2030s_hot_2033,core_mid,core,middle,core,horizontal_GHI__zone_p_tail,0.26801298687748265,4437
guangzhou_ssp585_near_2030s_hot_2033,core_top,core,top,core,horizontal_GHI__zone_operative_temperature,0.4199487218041927,4437
guangzhou_ssp585_near_2030s_hot_2033,core_top,core,top,core,horizontal_GHI__zone_p_tail,0.29166692212945927,4437
guangzhou_ssp585_near_2030s_hot_2033,perimeter_top_zn_3,perimeter,top,north,horizontal_GHI__zone_operative_temperature,0.5088409500453637,4437
guangzhou_ssp585_near_2030s_hot_2033,perimeter_top_zn_3,perimeter,top,north,horizontal_GHI__zone_p_tail,0.5020711020517784,4437
guangzhou_ssp585_near_2030s_hot_2033,perimeter_top_zn_2,perimeter,top,east,horizontal_GHI__zone_operative_temperature,0.573162803708492,4437
guangzhou_ssp585_near_2030s_hot_2033,perimeter_top_zn_2,perimeter,top,east,horizontal_GHI__zone_p_tail,0.5586191857312045,4437
guangzhou_ssp585_near_2030s_hot_2033,perimeter_top_zn_1,perimeter,top,south,horizontal_GHI__zone_operative_temperature,0.626576949299532,4437
guangzhou_ssp585_near_2030s_hot_2033,perimeter_top_zn_1,perimeter,top,south,horizontal_GHI__zone_p_tail,0.6177941625059308,4437
guangzhou_ssp585_near_2030s_hot_2033,perimeter_top_zn_4,perimeter,top,west,horizontal_GHI__zone_operative_temperature,0.526384579144595,4437
guangzhou_ssp585_near_2030s_hot_2033,perimeter_top_zn_4,perimeter,top,west,horizontal_GHI__zone_p_tail,0.4472609918316301,4437
guangzhou_ssp585_near_2030s_hot_2033,perimeter_bot_zn_3,perimeter,bottom,north,horizontal_GHI__zone_operative_temperature,0.46023158314149054,4437
guangzhou_ssp585_near_2030s_hot_2033,perimeter_bot_zn_3,perimeter,bottom,north,horizontal_GHI__zone_p_tail,0.39802680076263247,4437
guangzhou_ssp585_near_2030s_hot_2033,perimeter_bot_zn_2,perimeter,bottom,east,horizontal_GHI__zone_operative_temperature,0.4969908594918185,4437
guangzhou_ssp585_near_2030s_hot_2033,perimeter_bot_zn_2,perimeter,bottom,east,horizontal_GHI__zone_p_tail,0.45808011585728153,4437
guangzhou_ssp585_near_2030s_hot_2033,perimeter_bot_zn_1,perimeter,bottom,south,horizontal_GHI__zone_operative_temperature,0.5177092357406194,4437
guangzhou_ssp585_near_2030s_hot_2033,perimeter_bot_zn_1,perimeter,bottom,south,horizontal_GHI__zone_p_tail,0.5097593937537296,4437
guangzhou_ssp585_near_2030s_hot_2033,perimeter_bot_zn_4,perimeter,bottom,west,horizontal_GHI__zone_operative_temperature,0.44877439630715776,4437
guangzhou_ssp585_near_2030s_hot_2033,perimeter_bot_zn_4,perimeter,bottom,west,horizontal_GHI__zone_p_tail,0.3727874033149063,4437
guangzhou_ssp585_near_2030s_hot_2033,perimeter_mid_zn_3,perimeter,middle,north,horizontal_GHI__zone_operative_temperature,0.4970297060819636,4437
guangzhou_ssp585_near_2030s_hot_2033,perimeter_mid_zn_3,perimeter,middle,north,horizontal_GHI__zone_p_tail,0.4961301426404775,4437
guangzhou_ssp585_near_2030s_hot_2033,perimeter_mid_zn_2,perimeter,middle,east,horizontal_GHI__zone_operative_temperature,0.5523856742328976,4437
guangzhou_ssp585_near_2030s_hot_2033,perimeter_mid_zn_2,perimeter,middle,east,horizontal_GHI__zone_p_tail,0.5491785590051349,4437
guangzhou_ssp585_near_2030s_hot_2033,perimeter_mid_zn_1,perimeter,middle,south,horizontal_GHI__zone_operative_temperature,0.622304767286078,4437
guangzhou_ssp585_near_2030s_hot_2033,perimeter_mid_zn_1,perimeter,middle,south,horizontal_GHI__zone_p_tail,0.6271479813047998,4437
guangzhou_ssp585_near_2030s_hot_2033,perimeter_mid_zn_4,perimeter,middle,west,horizontal_GHI__zone_operative_temperature,0.5094340751009514,4437
guangzhou_ssp585_near_2030s_hot_2033,perimeter_mid_zn_4,perimeter,middle,west,horizontal_GHI__zone_p_tail,0.44334393717936704,4437
guangzhou_ssp585_near_2030s_typical_2039,core_bottom,core,bottom,core,horizontal_GHI__zone_operative_temperature,0.40513870092925625,4437
guangzhou_ssp585_near_2030s_typical_2039,core_bottom,core,bottom,core,horizontal_GHI__zone_p_tail,0.24154404276193617,4437
guangzhou_ssp585_near_2030s_typical_2039,core_mid,core,middle,core,horizontal_GHI__zone_operative_temperature,0.34917721954852615,4437
guangzhou_ssp585_near_2030s_typical_2039,core_mid,core,middle,core,horizontal_GHI__zone_p_tail,0.20941661534016268,4437
guangzhou_ssp585_near_2030s_typical_2039,core_top,core,top,core,horizontal_GHI__zone_operative_temperature,0.40477673248911306,4437
guangzhou_ssp585_near_2030s_typical_2039,core_top,core,top,core,horizontal_GHI__zone_p_tail,0.2432915792604931,4437
guangzhou_ssp585_near_2030s_typical_2039,perimeter_top_zn_3,perimeter,top,north,horizontal_GHI__zone_operative_temperature,0.505575299335332,4437
guangzhou_ssp585_near_2030s_typical_2039,perimeter_top_zn_3,perimeter,top,north,horizontal_GHI__zone_p_tail,0.48898807942990213,4437
guangzhou_ssp585_near_2030s_typical_2039,perimeter_top_zn_2,perimeter,top,east,horizontal_GHI__zone_operative_temperature,0.5762172105786884,4437
guangzhou_ssp585_near_2030s_typical_2039,perimeter_top_zn_2,perimeter,top,east,horizontal_GHI__zone_p_tail,0.5151524856797823,4437
guangzhou_ssp585_near_2030s_typical_2039,perimeter_top_zn_1,perimeter,top,south,horizontal_GHI__zone_operative_temperature,0.6492859273640657,4437
guangzhou_ssp585_near_2030s_typical_2039,perimeter_top_zn_1,perimeter,top,south,horizontal_GHI__zone_p_tail,0.6154435302501874,4437
guangzhou_ssp585_near_2030s_typical_2039,perimeter_top_zn_4,perimeter,top,west,horizontal_GHI__zone_operative_temperature,0.5299795217270529,4437
guangzhou_ssp585_near_2030s_typical_2039,perimeter_top_zn_4,perimeter,top,west,horizontal_GHI__zone_p_tail,0.4427106844564574,4437
guangzhou_ssp585_near_2030s_typical_2039,perimeter_bot_zn_3,perimeter,bottom,north,horizontal_GHI__zone_operative_temperature,0.44651468446231996,4437
guangzhou_ssp585_near_2030s_typical_2039,perimeter_bot_zn_3,perimeter,bottom,north,horizontal_GHI__zone_p_tail,0.36984501704398276,4437
guangzhou_ssp585_near_2030s_typical_2039,perimeter_bot_zn_2,perimeter,bottom,east,horizontal_GHI__zone_operative_temperature,0.49192187871548937,4437
guangzhou_ssp585_near_2030s_typical_2039,perimeter_bot_zn_2,perimeter,bottom,east,horizontal_GHI__zone_p_tail,0.41375445170658276,4437
guangzhou_ssp585_near_2030s_typical_2039,perimeter_bot_zn_1,perimeter,bottom,south,horizontal_GHI__zone_operative_temperature,0.5242217068405315,4437
guangzhou_ssp585_near_2030s_typical_2039,perimeter_bot_zn_1,perimeter,bottom,south,horizontal_GHI__zone_p_tail,0.5131270681684666,4437
guangzhou_ssp585_near_2030s_typical_2039,perimeter_bot_zn_4,perimeter,bottom,west,horizontal_GHI__zone_operative_temperature,0.44220240322505927,4437
guangzhou_ssp585_near_2030s_typical_2039,perimeter_bot_zn_4,perimeter,bottom,west,horizontal_GHI__zone_p_tail,0.36343946349124084,4437
guangzhou_ssp585_near_2030s_typical_2039,perimeter_mid_zn_3,perimeter,middle,north,horizontal_GHI__zone_operative_temperature,0.4851847593198564,4437
guangzhou_ssp585_near_2030s_typical_2039,perimeter_mid_zn_3,perimeter,middle,north,horizontal_GHI__zone_p_tail,0.48636037816495725,4437
guangzhou_ssp585_near_2030s_typical_2039,perimeter_mid_zn_2,perimeter,middle,east,horizontal_GHI__zone_operative_temperature,0.5531785911303335,4437
guangzhou_ssp585_near_2030s_typical_2039,perimeter_mid_zn_2,perimeter,middle,east,horizontal_GHI__zone_p_tail,0.5098327906857638,4437
guangzhou_ssp585_near_2030s_typical_2039,perimeter_mid_zn_1,perimeter,middle,south,horizontal_GHI__zone_operative_temperature,0.6482586699159985,4437
guangzhou_ssp585_near_2030s_typical_2039,perimeter_mid_zn_1,perimeter,middle,south,horizontal_GHI__zone_p_tail,0.6326564423796572,4437
guangzhou_ssp585_near_2030s_typical_2039,perimeter_mid_zn_4,perimeter,middle,west,horizontal_GHI__zone_operative_temperature,0.5112728875736069,4437
guangzhou_ssp585_near_2030s_typical_2039,perimeter_mid_zn_4,perimeter,middle,west,horizontal_GHI__zone_p_tail,0.4294813430630987,4437
houston_ssp245_baseline_2020s_heatwave_extreme_2026,core_bottom,core,bottom,core,horizontal_GHI__zone_operative_temperature,0.4619881950577734,4437
houston_ssp245_baseline_2020s_heatwave_extreme_2026,core_bottom,core,bottom,core,horizontal_GHI__zone_p_tail,0.32984524645629126,4437
houston_ssp245_baseline_2020s_heatwave_extreme_2026,core_mid,core,middle,core,horizontal_GHI__zone_operative_temperature,0.42131357223846705,4437
houston_ssp245_baseline_2020s_heatwave_extreme_2026,core_mid,core,middle,core,horizontal_GHI__zone_p_tail,0.27569447531018304,4437
houston_ssp245_baseline_2020s_heatwave_extreme_2026,core_top,core,top,core,horizontal_GHI__zone_operative_temperature,0.4694781687890497,4437
houston_ssp245_baseline_2020s_heatwave_extreme_2026,core_top,core,top,core,horizontal_GHI__zone_p_tail,0.3195893723138981,4437
houston_ssp245_baseline_2020s_heatwave_extreme_2026,perimeter_top_zn_3,perimeter,top,north,horizontal_GHI__zone_operative_temperature,0.5344909769099961,4437
houston_ssp245_baseline_2020s_heatwave_extreme_2026,perimeter_top_zn_3,perimeter,top,north,horizontal_GHI__zone_p_tail,0.4414373511722653,4437
houston_ssp245_baseline_2020s_heatwave_extreme_2026,perimeter_top_zn_2,perimeter,top,east,horizontal_GHI__zone_operative_temperature,0.6218443610860217,4437
houston_ssp245_baseline_2020s_heatwave_extreme_2026,perimeter_top_zn_2,perimeter,top,east,horizontal_GHI__zone_p_tail,0.5613602071954512,4437
houston_ssp245_baseline_2020s_heatwave_extreme_2026,perimeter_top_zn_1,perimeter,top,south,horizontal_GHI__zone_operative_temperature,0.6849895409646299,4437
houston_ssp245_baseline_2020s_heatwave_extreme_2026,perimeter_top_zn_1,perimeter,top,south,horizontal_GHI__zone_p_tail,0.6348973482894744,4437
houston_ssp245_baseline_2020s_heatwave_extreme_2026,perimeter_top_zn_4,perimeter,top,west,horizontal_GHI__zone_operative_temperature,0.5231198995958355,4437
houston_ssp245_baseline_2020s_heatwave_extreme_2026,perimeter_top_zn_4,perimeter,top,west,horizontal_GHI__zone_p_tail,0.3841009868342607,4437
houston_ssp245_baseline_2020s_heatwave_extreme_2026,perimeter_bot_zn_3,perimeter,bottom,north,horizontal_GHI__zone_operative_temperature,0.48964493823473293,4437
houston_ssp245_baseline_2020s_heatwave_extreme_2026,perimeter_bot_zn_3,perimeter,bottom,north,horizontal_GHI__zone_p_tail,0.3459429560832613,4437
houston_ssp245_baseline_2020s_heatwave_extreme_2026,perimeter_bot_zn_2,perimeter,bottom,east,horizontal_GHI__zone_operative_temperature,0.54775295765068,4437
houston_ssp245_baseline_2020s_heatwave_extreme_2026,perimeter_bot_zn_2,perimeter,bottom,east,horizontal_GHI__zone_p_tail,0.46402304094170704,4437
houston_ssp245_baseline_2020s_heatwave_extreme_2026,perimeter_bot_zn_1,perimeter,bottom,south,horizontal_GHI__zone_operative_temperature,0.5842549024802597,4437
houston_ssp245_baseline_2020s_heatwave_extreme_2026,perimeter_bot_zn_1,perimeter,bottom,south,horizontal_GHI__zone_p_tail,0.5344731234112327,4437
houston_ssp245_baseline_2020s_heatwave_extreme_2026,perimeter_bot_zn_4,perimeter,bottom,west,horizontal_GHI__zone_operative_temperature,0.45091628772009623,4437
houston_ssp245_baseline_2020s_heatwave_extreme_2026,perimeter_bot_zn_4,perimeter,bottom,west,horizontal_GHI__zone_p_tail,0.3224567512828455,4437
houston_ssp245_baseline_2020s_heatwave_extreme_2026,perimeter_mid_zn_3,perimeter,middle,north,horizontal_GHI__zone_operative_temperature,0.5231925646516492,4437
houston_ssp245_baseline_2020s_heatwave_extreme_2026,perimeter_mid_zn_3,perimeter,middle,north,horizontal_GHI__zone_p_tail,0.4678685832957151,4437
houston_ssp245_baseline_2020s_heatwave_extreme_2026,perimeter_mid_zn_2,perimeter,middle,east,horizontal_GHI__zone_operative_temperature,0.6047524060347316,4437
houston_ssp245_baseline_2020s_heatwave_extreme_2026,perimeter_mid_zn_2,perimeter,middle,east,horizontal_GHI__zone_p_tail,0.5762950933037649,4437
houston_ssp245_baseline_2020s_heatwave_extreme_2026,perimeter_mid_zn_1,perimeter,middle,south,horizontal_GHI__zone_operative_temperature,0.6886326521570069,4437
houston_ssp245_baseline_2020s_heatwave_extreme_2026,perimeter_mid_zn_1,perimeter,middle,south,horizontal_GHI__zone_p_tail,0.6525659672032713,4437
houston_ssp245_baseline_2020s_heatwave_extreme_2026,perimeter_mid_zn_4,perimeter,middle,west,horizontal_GHI__zone_operative_temperature,0.5079710376963078,4437
houston_ssp245_baseline_2020s_heatwave_extreme_2026,perimeter_mid_zn_4,perimeter,middle,west,horizontal_GHI__zone_p_tail,0.4074184781675102,4437
houston_ssp245_baseline_2020s_hot_2026,core_bottom,core,bottom,core,horizontal_GHI__zone_operative_temperature,0.4619881950577734,4437
houston_ssp245_baseline_2020s_hot_2026,core_bottom,core,bottom,core,horizontal_GHI__zone_p_tail,0.32984524645629126,4437
houston_ssp245_baseline_2020s_hot_2026,core_mid,core,middle,core,horizontal_GHI__zone_operative_temperature,0.42131357223846705,4437
houston_ssp245_baseline_2020s_hot_2026,core_mid,core,middle,core,horizontal_GHI__zone_p_tail,0.27569447531018304,4437
houston_ssp245_baseline_2020s_hot_2026,core_top,core,top,core,horizontal_GHI__zone_operative_temperature,0.4694781687890497,4437
houston_ssp245_baseline_2020s_hot_2026,core_top,core,top,core,horizontal_GHI__zone_p_tail,0.3195893723138981,4437
houston_ssp245_baseline_2020s_hot_2026,perimeter_top_zn_3,perimeter,top,north,horizontal_GHI__zone_operative_temperature,0.5344909769099961,4437
houston_ssp245_baseline_2020s_hot_2026,perimeter_top_zn_3,perimeter,top,north,horizontal_GHI__zone_p_tail,0.4414373511722653,4437
houston_ssp245_baseline_2020s_hot_2026,perimeter_top_zn_2,perimeter,top,east,horizontal_GHI__zone_operative_temperature,0.6218443610860217,4437
houston_ssp245_baseline_2020s_hot_2026,perimeter_top_zn_2,perimeter,top,east,horizontal_GHI__zone_p_tail,0.5613602071954512,4437
houston_ssp245_baseline_2020s_hot_2026,perimeter_top_zn_1,perimeter,top,south,horizontal_GHI__zone_operative_temperature,0.6849895409646299,4437
houston_ssp245_baseline_2020s_hot_2026,perimeter_top_zn_1,perimeter,top,south,horizontal_GHI__zone_p_tail,0.6348973482894744,4437
houston_ssp245_baseline_2020s_hot_2026,perimeter_top_zn_4,perimeter,top,west,horizontal_GHI__zone_operative_temperature,0.5231198995958355,4437
houston_ssp245_baseline_2020s_hot_2026,perimeter_top_zn_4,perimeter,top,west,horizontal_GHI__zone_p_tail,0.3841009868342607,4437
houston_ssp245_baseline_2020s_hot_2026,perimeter_bot_zn_3,perimeter,bottom,north,horizontal_GHI__zone_operative_temperature,0.48964493823473293,4437
houston_ssp245_baseline_2020s_hot_2026,perimeter_bot_zn_3,perimeter,bottom,north,horizontal_GHI__zone_p_tail,0.3459429560832613,4437
houston_ssp245_baseline_2020s_hot_2026,perimeter_bot_zn_2,perimeter,bottom,east,horizontal_GHI__zone_operative_temperature,0.54775295765068,4437
houston_ssp245_baseline_2020s_hot_2026,perimeter_bot_zn_2,perimeter,bottom,east,horizontal_GHI__zone_p_tail,0.46402304094170704,4437
houston_ssp245_baseline_2020s_hot_2026,perimeter_bot_zn_1,perimeter,bottom,south,horizontal_GHI__zone_operative_temperature,0.5842549024802597,4437
houston_ssp245_baseline_2020s_hot_2026,perimeter_bot_zn_1,perimeter,bottom,south,horizontal_GHI__zone_p_tail,0.5344731234112327,4437
houston_ssp245_baseline_2020s_hot_2026,perimeter_bot_zn_4,perimeter,bottom,west,horizontal_GHI__zone_operative_temperature,0.45091628772009623,4437
houston_ssp245_baseline_2020s_hot_2026,perimeter_bot_zn_4,perimeter,bottom,west,horizontal_GHI__zone_p_tail,0.3224567512828455,4437
houston_ssp245_baseline_2020s_hot_2026,perimeter_mid_zn_3,perimeter,middle,north,horizontal_GHI__zone_operative_temperature,0.5231925646516492,4437
houston_ssp245_baseline_2020s_hot_2026,perimeter_mid_zn_3,perimeter,middle,north,horizontal_GHI__zone_p_tail,0.4678685832957151,4437
houston_ssp245_baseline_2020s_hot_2026,perimeter_mid_zn_2,perimeter,middle,east,horizontal_GHI__zone_operative_temperature,0.6047524060347316,4437
houston_ssp245_baseline_2020s_hot_2026,perimeter_mid_zn_2,perimeter,middle,east,horizontal_GHI__zone_p_tail,0.5762950933037649,4437
houston_ssp245_baseline_2020s_hot_2026,perimeter_mid_zn_1,perimeter,middle,south,horizontal_GHI__zone_operative_temperature,0.6886326521570069,4437
houston_ssp245_baseline_2020s_hot_2026,perimeter_mid_zn_1,perimeter,middle,south,horizontal_GHI__zone_p_tail,0.6525659672032713,4437
houston_ssp245_baseline_2020s_hot_2026,perimeter_mid_zn_4,perimeter,middle,west,horizontal_GHI__zone_operative_temperature,0.5079710376963078,4437
houston_ssp245_baseline_2020s_hot_2026,perimeter_mid_zn_4,perimeter,middle,west,horizontal_GHI__zone_p_tail,0.4074184781675102,4437
houston_ssp245_baseline_2020s_typical_2027,core_bottom,core,bottom,core,horizontal_GHI__zone_operative_temperature,0.4649582439623526,4437
houston_ssp245_baseline_2020s_typical_2027,core_bottom,core,bottom,core,horizontal_GHI__zone_p_tail,0.20774166361690585,4437
houston_ssp245_baseline_2020s_typical_2027,core_mid,core,middle,core,horizontal_GHI__zone_operative_temperature,0.4163067914895008,4437
houston_ssp245_baseline_2020s_typical_2027,core_mid,core,middle,core,horizontal_GHI__zone_p_tail,0.19864619063851074,4437
houston_ssp245_baseline_2020s_typical_2027,core_top,core,top,core,horizontal_GHI__zone_operative_temperature,0.4893479020938136,4437
houston_ssp245_baseline_2020s_typical_2027,core_top,core,top,core,horizontal_GHI__zone_p_tail,0.2814856676523414,4437
houston_ssp245_baseline_2020s_typical_2027,perimeter_top_zn_3,perimeter,top,north,horizontal_GHI__zone_operative_temperature,0.5665315934581368,4437
houston_ssp245_baseline_2020s_typical_2027,perimeter_top_zn_3,perimeter,top,north,horizontal_GHI__zone_p_tail,0.43987463013755373,4437
houston_ssp245_baseline_2020s_typical_2027,perimeter_top_zn_2,perimeter,top,east,horizontal_GHI__zone_operative_temperature,0.6654594185118325,4437
houston_ssp245_baseline_2020s_typical_2027,perimeter_top_zn_2,perimeter,top,east,horizontal_GHI__zone_p_tail,0.5812168035427243,4437
houston_ssp245_baseline_2020s_typical_2027,perimeter_top_zn_1,perimeter,top,south,horizontal_GHI__zone_operative_temperature,0.7191387335944869,4437
houston_ssp245_baseline_2020s_typical_2027,perimeter_top_zn_1,perimeter,top,south,horizontal_GHI__zone_p_tail,0.6038283699165283,4437
houston_ssp245_baseline_2020s_typical_2027,perimeter_top_zn_4,perimeter,top,west,horizontal_GHI__zone_operative_temperature,0.5466709190819259,4437
houston_ssp245_baseline_2020s_typical_2027,perimeter_top_zn_4,perimeter,top,west,horizontal_GHI__zone_p_tail,0.4165840984687716,4437
houston_ssp245_baseline_2020s_typical_2027,perimeter_bot_zn_3,perimeter,bottom,north,horizontal_GHI__zone_operative_temperature,0.49985050245342005,4437
houston_ssp245_baseline_2020s_typical_2027,perimeter_bot_zn_3,perimeter,bottom,north,horizontal_GHI__zone_p_tail,0.35221791911004946,4437
houston_ssp245_baseline_2020s_typical_2027,perimeter_bot_zn_2,perimeter,bottom,east,horizontal_GHI__zone_operative_temperature,0.5764442443297112,4437
houston_ssp245_baseline_2020s_typical_2027,perimeter_bot_zn_2,perimeter,bottom,east,horizontal_GHI__zone_p_tail,0.5128723096657986,4437
houston_ssp245_baseline_2020s_typical_2027,perimeter_bot_zn_1,perimeter,bottom,south,horizontal_GHI__zone_operative_temperature,0.6013598421558477,4437
houston_ssp245_baseline_2020s_typical_2027,perimeter_bot_zn_1,perimeter,bottom,south,horizontal_GHI__zone_p_tail,0.5155277046402601,4437
houston_ssp245_baseline_2020s_typical_2027,perimeter_bot_zn_4,perimeter,bottom,west,horizontal_GHI__zone_operative_temperature,0.46183343090268497,4437
houston_ssp245_baseline_2020s_typical_2027,perimeter_bot_zn_4,perimeter,bottom,west,horizontal_GHI__zone_p_tail,0.3338854093545448,4437
houston_ssp245_baseline_2020s_typical_2027,perimeter_mid_zn_3,perimeter,middle,north,horizontal_GHI__zone_operative_temperature,0.5452803690339573,4437
houston_ssp245_baseline_2020s_typical_2027,perimeter_mid_zn_3,perimeter,middle,north,horizontal_GHI__zone_p_tail,0.4823903495253423,4437
houston_ssp245_baseline_2020s_typical_2027,perimeter_mid_zn_2,perimeter,middle,east,horizontal_GHI__zone_operative_temperature,0.6460832224486632,4437
houston_ssp245_baseline_2020s_typical_2027,perimeter_mid_zn_2,perimeter,middle,east,horizontal_GHI__zone_p_tail,0.5865591941613778,4437
houston_ssp245_baseline_2020s_typical_2027,perimeter_mid_zn_1,perimeter,middle,south,horizontal_GHI__zone_operative_temperature,0.7171463320776174,4437
houston_ssp245_baseline_2020s_typical_2027,perimeter_mid_zn_1,perimeter,middle,south,horizontal_GHI__zone_p_tail,0.6246559233136393,4437
houston_ssp245_baseline_2020s_typical_2027,perimeter_mid_zn_4,perimeter,middle,west,horizontal_GHI__zone_operative_temperature,0.5277579997484296,4437
houston_ssp245_baseline_2020s_typical_2027,perimeter_mid_zn_4,perimeter,middle,west,horizontal_GHI__zone_p_tail,0.426089265031674,4437
houston_ssp245_late_2080s_heatwave_extreme_2081,core_bottom,core,bottom,core,horizontal_GHI__zone_operative_temperature,0.4313324974412301,4437
houston_ssp245_late_2080s_heatwave_extreme_2081,core_bottom,core,bottom,core,horizontal_GHI__zone_p_tail,0.3572769416744163,4437
houston_ssp245_late_2080s_heatwave_extreme_2081,core_mid,core,middle,core,horizontal_GHI__zone_operative_temperature,0.386684850159206,4437
houston_ssp245_late_2080s_heatwave_extreme_2081,core_mid,core,middle,core,horizontal_GHI__zone_p_tail,0.2626157691778962,4437
houston_ssp245_late_2080s_heatwave_extreme_2081,core_top,core,top,core,horizontal_GHI__zone_operative_temperature,0.43877281611156627,4437
houston_ssp245_late_2080s_heatwave_extreme_2081,core_top,core,top,core,horizontal_GHI__zone_p_tail,0.3218819396778515,4437
houston_ssp245_late_2080s_heatwave_extreme_2081,perimeter_top_zn_3,perimeter,top,north,horizontal_GHI__zone_operative_temperature,0.4959358987298213,4437
houston_ssp245_late_2080s_heatwave_extreme_2081,perimeter_top_zn_3,perimeter,top,north,horizontal_GHI__zone_p_tail,0.4292425547986394,4437
houston_ssp245_late_2080s_heatwave_extreme_2081,perimeter_top_zn_2,perimeter,top,east,horizontal_GHI__zone_operative_temperature,0.5757231042496294,4437
houston_ssp245_late_2080s_heatwave_extreme_2081,perimeter_top_zn_2,perimeter,top,east,horizontal_GHI__zone_p_tail,0.5694780365754734,4437
houston_ssp245_late_2080s_heatwave_extreme_2081,perimeter_top_zn_1,perimeter,top,south,horizontal_GHI__zone_operative_temperature,0.6248251619057404,4437
houston_ssp245_late_2080s_heatwave_extreme_2081,perimeter_top_zn_1,perimeter,top,south,horizontal_GHI__zone_p_tail,0.5756305092351777,4437
houston_ssp245_late_2080s_heatwave_extreme_2081,perimeter_top_zn_4,perimeter,top,west,horizontal_GHI__zone_operative_temperature,0.48323595553066806,4437
houston_ssp245_late_2080s_heatwave_extreme_2081,perimeter_top_zn_4,perimeter,top,west,horizontal_GHI__zone_p_tail,0.4008332725066565,4437
houston_ssp245_late_2080s_heatwave_extreme_2081,perimeter_bot_zn_3,perimeter,bottom,north,horizontal_GHI__zone_operative_temperature,0.44456254683280555,4437
houston_ssp245_late_2080s_heatwave_extreme_2081,perimeter_bot_zn_3,perimeter,bottom,north,horizontal_GHI__zone_p_tail,0.3048741259592725,4437
houston_ssp245_late_2080s_heatwave_extreme_2081,perimeter_bot_zn_2,perimeter,bottom,east,horizontal_GHI__zone_operative_temperature,0.5085320894215138,4437
houston_ssp245_late_2080s_heatwave_extreme_2081,perimeter_bot_zn_2,perimeter,bottom,east,horizontal_GHI__zone_p_tail,0.5021801475141945,4437
houston_ssp245_late_2080s_heatwave_extreme_2081,perimeter_bot_zn_1,perimeter,bottom,south,horizontal_GHI__zone_operative_temperature,0.5141550590745333,4437
houston_ssp245_late_2080s_heatwave_extreme_2081,perimeter_bot_zn_1,perimeter,bottom,south,horizontal_GHI__zone_p_tail,0.4785855283078685,4437
houston_ssp245_late_2080s_heatwave_extreme_2081,perimeter_bot_zn_4,perimeter,bottom,west,horizontal_GHI__zone_operative_temperature,0.417035089829685,4437
houston_ssp245_late_2080s_heatwave_extreme_2081,perimeter_bot_zn_4,perimeter,bottom,west,horizontal_GHI__zone_p_tail,0.34799123600433135,4437
houston_ssp245_late_2080s_heatwave_extreme_2081,perimeter_mid_zn_3,perimeter,middle,north,horizontal_GHI__zone_operative_temperature,0.4857668853304353,4437
houston_ssp245_late_2080s_heatwave_extreme_2081,perimeter_mid_zn_3,perimeter,middle,north,horizontal_GHI__zone_p_tail,0.4390075487796696,4437
houston_ssp245_late_2080s_heatwave_extreme_2081,perimeter_mid_zn_2,perimeter,middle,east,horizontal_GHI__zone_operative_temperature,0.5607071766710958,4437
houston_ssp245_late_2080s_heatwave_extreme_2081,perimeter_mid_zn_2,perimeter,middle,east,horizontal_GHI__zone_p_tail,0.5743436320938867,4437
houston_ssp245_late_2080s_heatwave_extreme_2081,perimeter_mid_zn_1,perimeter,middle,south,horizontal_GHI__zone_operative_temperature,0.620512296257907,4437
houston_ssp245_late_2080s_heatwave_extreme_2081,perimeter_mid_zn_1,perimeter,middle,south,horizontal_GHI__zone_p_tail,0.5767321615843737,4437
houston_ssp245_late_2080s_heatwave_extreme_2081,perimeter_mid_zn_4,perimeter,middle,west,horizontal_GHI__zone_operative_temperature,0.4697309974058093,4437
houston_ssp245_late_2080s_heatwave_extreme_2081,perimeter_mid_zn_4,perimeter,middle,west,horizontal_GHI__zone_p_tail,0.41738669875153883,4437
houston_ssp245_late_2080s_hot_2085,core_bottom,core,bottom,core,horizontal_GHI__zone_operative_temperature,0.43280306593706286,4437
houston_ssp245_late_2080s_hot_2085,core_bottom,core,bottom,core,horizontal_GHI__zone_p_tail,0.314785656244234,4437
houston_ssp245_late_2080s_hot_2085,core_mid,core,middle,core,horizontal_GHI__zone_operative_temperature,0.39337663524913336,4437
houston_ssp245_late_2080s_hot_2085,core_mid,core,middle,core,horizontal_GHI__zone_p_tail,0.29529572140687826,4437
houston_ssp245_late_2080s_hot_2085,core_top,core,top,core,horizontal_GHI__zone_operative_temperature,0.44864103867721344,4437
houston_ssp245_late_2080s_hot_2085,core_top,core,top,core,horizontal_GHI__zone_p_tail,0.3575272453717552,4437
houston_ssp245_late_2080s_hot_2085,perimeter_top_zn_3,perimeter,top,north,horizontal_GHI__zone_operative_temperature,0.5179256742723518,4437
houston_ssp245_late_2080s_hot_2085,perimeter_top_zn_3,perimeter,top,north,horizontal_GHI__zone_p_tail,0.4721203536667019,4437
houston_ssp245_late_2080s_hot_2085,perimeter_top_zn_2,perimeter,top,east,horizontal_GHI__zone_operative_temperature,0.6141007908667732,4437
houston_ssp245_late_2080s_hot_2085,perimeter_top_zn_2,perimeter,top,east,horizontal_GHI__zone_p_tail,0.5964744570144057,4437
houston_ssp245_late_2080s_hot_2085,perimeter_top_zn_1,perimeter,top,south,horizontal_GHI__zone_operative_temperature,0.6638418628207148,4437
houston_ssp245_late_2080s_hot_2085,perimeter_top_zn_1,perimeter,top,south,horizontal_GHI__zone_p_tail,0.6328563452380316,4437
houston_ssp245_late_2080s_hot_2085,perimeter_top_zn_4,perimeter,top,west,horizontal_GHI__zone_operative_temperature,0.5054072778192104,4437
houston_ssp245_late_2080s_hot_2085,perimeter_top_zn_4,perimeter,top,west,horizontal_GHI__zone_p_tail,0.43305195475428426,4437
houston_ssp245_late_2080s_hot_2085,perimeter_bot_zn_3,perimeter,bottom,north,horizontal_GHI__zone_operative_temperature,0.45499895237368837,4437
houston_ssp245_late_2080s_hot_2085,perimeter_bot_zn_3,perimeter,bottom,north,horizontal_GHI__zone_p_tail,0.36077027812160367,4437
houston_ssp245_late_2080s_hot_2085,perimeter_bot_zn_2,perimeter,bottom,east,horizontal_GHI__zone_operative_temperature,0.5289114910526529,4437
houston_ssp245_late_2080s_hot_2085,perimeter_bot_zn_2,perimeter,bottom,east,horizontal_GHI__zone_p_tail,0.5118678647728298,4437
houston_ssp245_late_2080s_hot_2085,perimeter_bot_zn_1,perimeter,bottom,south,horizontal_GHI__zone_operative_temperature,0.556195595265335,4437
houston_ssp245_late_2080s_hot_2085,perimeter_bot_zn_1,perimeter,bottom,south,horizontal_GHI__zone_p_tail,0.5300697932603913,4437
houston_ssp245_late_2080s_hot_2085,perimeter_bot_zn_4,perimeter,bottom,west,horizontal_GHI__zone_operative_temperature,0.4271923962354007,4437
houston_ssp245_late_2080s_hot_2085,perimeter_bot_zn_4,perimeter,bottom,west,horizontal_GHI__zone_p_tail,0.37048844478913356,4437
houston_ssp245_late_2080s_hot_2085,perimeter_mid_zn_3,perimeter,middle,north,horizontal_GHI__zone_operative_temperature,0.5022833337369981,4437
houston_ssp245_late_2080s_hot_2085,perimeter_mid_zn_3,perimeter,middle,north,horizontal_GHI__zone_p_tail,0.4831551848192429,4437
houston_ssp245_late_2080s_hot_2085,perimeter_mid_zn_2,perimeter,middle,east,horizontal_GHI__zone_operative_temperature,0.5947428762654201,4437
houston_ssp245_late_2080s_hot_2085,perimeter_mid_zn_2,perimeter,middle,east,horizontal_GHI__zone_p_tail,0.6046972908483377,4437
houston_ssp245_late_2080s_hot_2085,perimeter_mid_zn_1,perimeter,middle,south,horizontal_GHI__zone_operative_temperature,0.6590906234816895,4437
houston_ssp245_late_2080s_hot_2085,perimeter_mid_zn_1,perimeter,middle,south,horizontal_GHI__zone_p_tail,0.631995143239502,4437
houston_ssp245_late_2080s_hot_2085,perimeter_mid_zn_4,perimeter,middle,west,horizontal_GHI__zone_operative_temperature,0.4869773714298669,4437
houston_ssp245_late_2080s_hot_2085,perimeter_mid_zn_4,perimeter,middle,west,horizontal_GHI__zone_p_tail,0.4358574890924332,4437
houston_ssp245_late_2080s_typical_2086,core_bottom,core,bottom,core,horizontal_GHI__zone_operative_temperature,0.4464743078767249,4437
houston_ssp245_late_2080s_typical_2086,core_bottom,core,bottom,core,horizontal_GHI__zone_p_tail,0.31338523512477157,4437
houston_ssp245_late_2080s_typical_2086,core_mid,core,middle,core,horizontal_GHI__zone_operative_temperature,0.40430141893440685,4437
houston_ssp245_late_2080s_typical_2086,core_mid,core,middle,core,horizontal_GHI__zone_p_tail,0.2666266338641601,4437
houston_ssp245_late_2080s_typical_2086,core_top,core,top,core,horizontal_GHI__zone_operative_temperature,0.46056416060568917,4437
houston_ssp245_late_2080s_typical_2086,core_top,core,top,core,horizontal_GHI__zone_p_tail,0.31491825758504466,4437
houston_ssp245_late_2080s_typical_2086,perimeter_top_zn_3,perimeter,top,north,horizontal_GHI__zone_operative_temperature,0.5286677208165855,4437
houston_ssp245_late_2080s_typical_2086,perimeter_top_zn_3,perimeter,top,north,horizontal_GHI__zone_p_tail,0.4718757960373476,4437
houston_ssp245_late_2080s_typical_2086,perimeter_top_zn_2,perimeter,top,east,horizontal_GHI__zone_operative_temperature,0.627428341866755,4437
houston_ssp245_late_2080s_typical_2086,perimeter_top_zn_2,perimeter,top,east,horizontal_GHI__zone_p_tail,0.6005993332304095,4437
houston_ssp245_late_2080s_typical_2086,perimeter_top_zn_1,perimeter,top,south,horizontal_GHI__zone_operative_temperature,0.6752716915010262,4437
houston_ssp245_late_2080s_typical_2086,perimeter_top_zn_1,perimeter,top,south,horizontal_GHI__zone_p_tail,0.6383883989424031,4437
houston_ssp245_late_2080s_typical_2086,perimeter_top_zn_4,perimeter,top,west,horizontal_GHI__zone_operative_temperature,0.5186600514155559,4437
houston_ssp245_late_2080s_typical_2086,perimeter_top_zn_4,perimeter,top,west,horizontal_GHI__zone_p_tail,0.4205084570708596,4437
houston_ssp245_late_2080s_typical_2086,perimeter_bot_zn_3,perimeter,bottom,north,horizontal_GHI__zone_operative_temperature,0.46300697447427225,4437
houston_ssp245_late_2080s_typical_2086,perimeter_bot_zn_3,perimeter,bottom,north,horizontal_GHI__zone_p_tail,0.34842741756895673,4437
houston_ssp245_late_2080s_typical_2086,perimeter_bot_zn_2,perimeter,bottom,east,horizontal_GHI__zone_operative_temperature,0.5391263381111837,4437
houston_ssp245_late_2080s_typical_2086,perimeter_bot_zn_2,perimeter,bottom,east,horizontal_GHI__zone_p_tail,0.5151355457274467,4437
houston_ssp245_late_2080s_typical_2086,perimeter_bot_zn_1,perimeter,bottom,south,horizontal_GHI__zone_operative_temperature,0.5580315183211013,4437
houston_ssp245_late_2080s_typical_2086,perimeter_bot_zn_1,perimeter,bottom,south,horizontal_GHI__zone_p_tail,0.5421705143172842,4437
houston_ssp245_late_2080s_typical_2086,perimeter_bot_zn_4,perimeter,bottom,west,horizontal_GHI__zone_operative_temperature,0.43625935969690444,4437
houston_ssp245_late_2080s_typical_2086,perimeter_bot_zn_4,perimeter,bottom,west,horizontal_GHI__zone_p_tail,0.35682028144282796,4437
houston_ssp245_late_2080s_typical_2086,perimeter_mid_zn_3,perimeter,middle,north,horizontal_GHI__zone_operative_temperature,0.5159704046551671,4437
houston_ssp245_late_2080s_typical_2086,perimeter_mid_zn_3,perimeter,middle,north,horizontal_GHI__zone_p_tail,0.4889321272646878,4437
houston_ssp245_late_2080s_typical_2086,perimeter_mid_zn_2,perimeter,middle,east,horizontal_GHI__zone_operative_temperature,0.6082151093327763,4437
houston_ssp245_late_2080s_typical_2086,perimeter_mid_zn_2,perimeter,middle,east,horizontal_GHI__zone_p_tail,0.6061879790363917,4437
houston_ssp245_late_2080s_typical_2086,perimeter_mid_zn_1,perimeter,middle,south,horizontal_GHI__zone_operative_temperature,0.6706250470728804,4437
houston_ssp245_late_2080s_typical_2086,perimeter_mid_zn_1,perimeter,middle,south,horizontal_GHI__zone_p_tail,0.6512334327719752,4437
houston_ssp245_late_2080s_typical_2086,perimeter_mid_zn_4,perimeter,middle,west,horizontal_GHI__zone_operative_temperature,0.5015469207349208,4437
houston_ssp245_late_2080s_typical_2086,perimeter_mid_zn_4,perimeter,middle,west,horizontal_GHI__zone_p_tail,0.4319376926892076,4437
houston_ssp245_mid_2050s_heatwave_extreme_2058,core_bottom,core,bottom,core,horizontal_GHI__zone_operative_temperature,0.4474967434143938,4437
houston_ssp245_mid_2050s_heatwave_extreme_2058,core_bottom,core,bottom,core,horizontal_GHI__zone_p_tail,0.30429022497735314,4437
houston_ssp245_mid_2050s_heatwave_extreme_2058,core_mid,core,middle,core,horizontal_GHI__zone_operative_temperature,0.4029677448578239,4437
houston_ssp245_mid_2050s_heatwave_extreme_2058,core_mid,core,middle,core,horizontal_GHI__zone_p_tail,0.23566508531812658,4437
houston_ssp245_mid_2050s_heatwave_extreme_2058,core_top,core,top,core,horizontal_GHI__zone_operative_temperature,0.46581737006234886,4437
houston_ssp245_mid_2050s_heatwave_extreme_2058,core_top,core,top,core,horizontal_GHI__zone_p_tail,0.3299989737005507,4437
houston_ssp245_mid_2050s_heatwave_extreme_2058,perimeter_top_zn_3,perimeter,top,north,horizontal_GHI__zone_operative_temperature,0.5223808371687372,4437
houston_ssp245_mid_2050s_heatwave_extreme_2058,perimeter_top_zn_3,perimeter,top,north,horizontal_GHI__zone_p_tail,0.4504918722215423,4437
houston_ssp245_mid_2050s_heatwave_extreme_2058,perimeter_top_zn_2,perimeter,top,east,horizontal_GHI__zone_operative_temperature,0.6070155573398759,4437
houston_ssp245_mid_2050s_heatwave_extreme_2058,perimeter_top_zn_2,perimeter,top,east,horizontal_GHI__zone_p_tail,0.6004745371701116,4437
houston_ssp245_mid_2050s_heatwave_extreme_2058,perimeter_top_zn_1,perimeter,top,south,horizontal_GHI__zone_operative_temperature,0.6576551795772626,4437
houston_ssp245_mid_2050s_heatwave_extreme_2058,perimeter_top_zn_1,perimeter,top,south,horizontal_GHI__zone_p_tail,0.5973913552438853,4437
houston_ssp245_mid_2050s_heatwave_extreme_2058,perimeter_top_zn_4,perimeter,top,west,horizontal_GHI__zone_operative_temperature,0.5098921592913598,4437
houston_ssp245_mid_2050s_heatwave_extreme_2058,perimeter_top_zn_4,perimeter,top,west,horizontal_GHI__zone_p_tail,0.4213264160585485,4437
houston_ssp245_mid_2050s_heatwave_extreme_2058,perimeter_bot_zn_3,perimeter,bottom,north,horizontal_GHI__zone_operative_temperature,0.46782079501134033,4437
houston_ssp245_mid_2050s_heatwave_extreme_2058,perimeter_bot_zn_3,perimeter,bottom,north,horizontal_GHI__zone_p_tail,0.3136549806410167,4437
houston_ssp245_mid_2050s_heatwave_extreme_2058,perimeter_bot_zn_2,perimeter,bottom,east,horizontal_GHI__zone_operative_temperature,0.5343023531930174,4437
houston_ssp245_mid_2050s_heatwave_extreme_2058,perimeter_bot_zn_2,perimeter,bottom,east,horizontal_GHI__zone_p_tail,0.527525315532121,4437
houston_ssp245_mid_2050s_heatwave_extreme_2058,perimeter_bot_zn_1,perimeter,bottom,south,horizontal_GHI__zone_operative_temperature,0.5452065120404334,4437
houston_ssp245_mid_2050s_heatwave_extreme_2058,perimeter_bot_zn_1,perimeter,bottom,south,horizontal_GHI__zone_p_tail,0.49758973287470876,4437
houston_ssp245_mid_2050s_heatwave_extreme_2058,perimeter_bot_zn_4,perimeter,bottom,west,horizontal_GHI__zone_operative_temperature,0.44081202738419567,4437
houston_ssp245_mid_2050s_heatwave_extreme_2058,perimeter_bot_zn_4,perimeter,bottom,west,horizontal_GHI__zone_p_tail,0.37653455119962453,4437
houston_ssp245_mid_2050s_heatwave_extreme_2058,perimeter_mid_zn_3,perimeter,middle,north,horizontal_GHI__zone_operative_temperature,0.5073916241408839,4437
houston_ssp245_mid_2050s_heatwave_extreme_2058,perimeter_mid_zn_3,perimeter,middle,north,horizontal_GHI__zone_p_tail,0.48001791910860386,4437
houston_ssp245_mid_2050s_heatwave_extreme_2058,perimeter_mid_zn_2,perimeter,middle,east,horizontal_GHI__zone_operative_temperature,0.5894870680705036,4437
houston_ssp245_mid_2050s_heatwave_extreme_2058,perimeter_mid_zn_2,perimeter,middle,east,horizontal_GHI__zone_p_tail,0.6215678472116936,4437
houston_ssp245_mid_2050s_heatwave_extreme_2058,perimeter_mid_zn_1,perimeter,middle,south,horizontal_GHI__zone_operative_temperature,0.6508284817881382,4437
houston_ssp245_mid_2050s_heatwave_extreme_2058,perimeter_mid_zn_1,perimeter,middle,south,horizontal_GHI__zone_p_tail,0.6054822000010428,4437
houston_ssp245_mid_2050s_heatwave_extreme_2058,perimeter_mid_zn_4,perimeter,middle,west,horizontal_GHI__zone_operative_temperature,0.49450070847770744,4437
houston_ssp245_mid_2050s_heatwave_extreme_2058,perimeter_mid_zn_4,perimeter,middle,west,horizontal_GHI__zone_p_tail,0.4505726440442027,4437
houston_ssp245_mid_2050s_hot_2056,core_bottom,core,bottom,core,horizontal_GHI__zone_operative_temperature,0.4456311673365025,4437
houston_ssp245_mid_2050s_hot_2056,core_bottom,core,bottom,core,horizontal_GHI__zone_p_tail,0.2582460700339039,4437
houston_ssp245_mid_2050s_hot_2056,core_mid,core,middle,core,horizontal_GHI__zone_operative_temperature,0.41147929090787966,4437
houston_ssp245_mid_2050s_hot_2056,core_mid,core,middle,core,horizontal_GHI__zone_p_tail,0.29029479072598957,4437
houston_ssp245_mid_2050s_hot_2056,core_top,core,top,core,horizontal_GHI__zone_operative_temperature,0.47923260174324034,4437
houston_ssp245_mid_2050s_hot_2056,core_top,core,top,core,horizontal_GHI__zone_p_tail,0.36868853097447035,4437
houston_ssp245_mid_2050s_hot_2056,perimeter_top_zn_3,perimeter,top,north,horizontal_GHI__zone_operative_temperature,0.5642648663978879,4437
houston_ssp245_mid_2050s_hot_2056,perimeter_top_zn_3,perimeter,top,north,horizontal_GHI__zone_p_tail,0.5546025849547013,4437
houston_ssp245_mid_2050s_hot_2056,perimeter_top_zn_2,perimeter,top,east,horizontal_GHI__zone_operative_temperature,0.6747786511717747,4437
houston_ssp245_mid_2050s_hot_2056,perimeter_top_zn_2,perimeter,top,east,horizontal_GHI__zone_p_tail,0.6826801489565453,4437
houston_ssp245_mid_2050s_hot_2056,perimeter_top_zn_1,perimeter,top,south,horizontal_GHI__zone_operative_temperature,0.7185856722014079,4437
houston_ssp245_mid_2050s_hot_2056,perimeter_top_zn_1,perimeter,top,south,horizontal_GHI__zone_p_tail,0.6885424337537616,4437
houston_ssp245_mid_2050s_hot_2056,perimeter_top_zn_4,perimeter,top,west,horizontal_GHI__zone_operative_temperature,0.5389801701928382,4437
houston_ssp245_mid_2050s_hot_2056,perimeter_top_zn_4,perimeter,top,west,horizontal_GHI__zone_p_tail,0.4720646281037071,4437
houston_ssp245_mid_2050s_hot_2056,perimeter_bot_zn_3,perimeter,bottom,north,horizontal_GHI__zone_operative_temperature,0.4966959380216651,4437
houston_ssp245_mid_2050s_hot_2056,perimeter_bot_zn_3,perimeter,bottom,north,horizontal_GHI__zone_p_tail,0.4459745615554629,4437
houston_ssp245_mid_2050s_hot_2056,perimeter_bot_zn_2,perimeter,bottom,east,horizontal_GHI__zone_operative_temperature,0.5817472741753499,4437
houston_ssp245_mid_2050s_hot_2056,perimeter_bot_zn_2,perimeter,bottom,east,horizontal_GHI__zone_p_tail,0.5860139037605813,4437
houston_ssp245_mid_2050s_hot_2056,perimeter_bot_zn_1,perimeter,bottom,south,horizontal_GHI__zone_operative_temperature,0.6270830963148805,4437
houston_ssp245_mid_2050s_hot_2056,perimeter_bot_zn_1,perimeter,bottom,south,horizontal_GHI__zone_p_tail,0.5913263563706419,4437
houston_ssp245_mid_2050s_hot_2056,perimeter_bot_zn_4,perimeter,bottom,west,horizontal_GHI__zone_operative_temperature,0.4515641173001989,4437
houston_ssp245_mid_2050s_hot_2056,perimeter_bot_zn_4,perimeter,bottom,west,horizontal_GHI__zone_p_tail,0.4069293959280247,4437
houston_ssp245_mid_2050s_hot_2056,perimeter_mid_zn_3,perimeter,middle,north,horizontal_GHI__zone_operative_temperature,0.5453424563451745,4437
houston_ssp245_mid_2050s_hot_2056,perimeter_mid_zn_3,perimeter,middle,north,horizontal_GHI__zone_p_tail,0.5539617694889983,4437
houston_ssp245_mid_2050s_hot_2056,perimeter_mid_zn_2,perimeter,middle,east,horizontal_GHI__zone_operative_temperature,0.651257963899259,4437
houston_ssp245_mid_2050s_hot_2056,perimeter_mid_zn_2,perimeter,middle,east,horizontal_GHI__zone_p_tail,0.665415614451708,4437
houston_ssp245_mid_2050s_hot_2056,perimeter_mid_zn_1,perimeter,middle,south,horizontal_GHI__zone_operative_temperature,0.7187524696744768,4437
houston_ssp245_mid_2050s_hot_2056,perimeter_mid_zn_1,perimeter,middle,south,horizontal_GHI__zone_p_tail,0.7001274955396928,4437
houston_ssp245_mid_2050s_hot_2056,perimeter_mid_zn_4,perimeter,middle,west,horizontal_GHI__zone_operative_temperature,0.5183235072462583,4437
houston_ssp245_mid_2050s_hot_2056,perimeter_mid_zn_4,perimeter,middle,west,horizontal_GHI__zone_p_tail,0.4647671694262307,4437
houston_ssp245_mid_2050s_typical_2052,core_bottom,core,bottom,core,horizontal_GHI__zone_operative_temperature,0.46196500301332405,4437
houston_ssp245_mid_2050s_typical_2052,core_bottom,core,bottom,core,horizontal_GHI__zone_p_tail,0.312919431567018,4437
houston_ssp245_mid_2050s_typical_2052,core_mid,core,middle,core,horizontal_GHI__zone_operative_temperature,0.4174063084724808,4437
houston_ssp245_mid_2050s_typical_2052,core_mid,core,middle,core,horizontal_GHI__zone_p_tail,0.26665606914951673,4437
houston_ssp245_mid_2050s_typical_2052,core_top,core,top,core,horizontal_GHI__zone_operative_temperature,0.48275766917851515,4437
houston_ssp245_mid_2050s_typical_2052,core_top,core,top,core,horizontal_GHI__zone_p_tail,0.3368185487868275,4437
houston_ssp245_mid_2050s_typical_2052,perimeter_top_zn_3,perimeter,top,north,horizontal_GHI__zone_operative_temperature,0.5403289087668046,4437
houston_ssp245_mid_2050s_typical_2052,perimeter_top_zn_3,perimeter,top,north,horizontal_GHI__zone_p_tail,0.45531588541452467,4437
houston_ssp245_mid_2050s_typical_2052,perimeter_top_zn_2,perimeter,top,east,horizontal_GHI__zone_operative_temperature,0.6274989902183374,4437
houston_ssp245_mid_2050s_typical_2052,perimeter_top_zn_2,perimeter,top,east,horizontal_GHI__zone_p_tail,0.6092439966715655,4437
houston_ssp245_mid_2050s_typical_2052,perimeter_top_zn_1,perimeter,top,south,horizontal_GHI__zone_operative_temperature,0.6792007375872233,4437
houston_ssp245_mid_2050s_typical_2052,perimeter_top_zn_1,perimeter,top,south,horizontal_GHI__zone_p_tail,0.6125488358365268,4437
houston_ssp245_mid_2050s_typical_2052,perimeter_top_zn_4,perimeter,top,west,horizontal_GHI__zone_operative_temperature,0.5173647170201462,4437
houston_ssp245_mid_2050s_typical_2052,perimeter_top_zn_4,perimeter,top,west,horizontal_GHI__zone_p_tail,0.4222529256847083,4437
houston_ssp245_mid_2050s_typical_2052,perimeter_bot_zn_3,perimeter,bottom,north,horizontal_GHI__zone_operative_temperature,0.48449991181173957,4437
houston_ssp245_mid_2050s_typical_2052,perimeter_bot_zn_3,perimeter,bottom,north,horizontal_GHI__zone_p_tail,0.3536535016806484,4437
houston_ssp245_mid_2050s_typical_2052,perimeter_bot_zn_2,perimeter,bottom,east,horizontal_GHI__zone_operative_temperature,0.5580656699883004,4437
houston_ssp245_mid_2050s_typical_2052,perimeter_bot_zn_2,perimeter,bottom,east,horizontal_GHI__zone_p_tail,0.5160169207053978,4437
houston_ssp245_mid_2050s_typical_2052,perimeter_bot_zn_1,perimeter,bottom,south,horizontal_GHI__zone_operative_temperature,0.5910678966234,4437
houston_ssp245_mid_2050s_typical_2052,perimeter_bot_zn_1,perimeter,bottom,south,horizontal_GHI__zone_p_tail,0.5348604827877806,4437
houston_ssp245_mid_2050s_typical_2052,perimeter_bot_zn_4,perimeter,bottom,west,horizontal_GHI__zone_operative_temperature,0.44929659321264553,4437
houston_ssp245_mid_2050s_typical_2052,perimeter_bot_zn_4,perimeter,bottom,west,horizontal_GHI__zone_p_tail,0.35996080555592896,4437
houston_ssp245_mid_2050s_typical_2052,perimeter_mid_zn_3,perimeter,middle,north,horizontal_GHI__zone_operative_temperature,0.5308626873843891,4437
houston_ssp245_mid_2050s_typical_2052,perimeter_mid_zn_3,perimeter,middle,north,horizontal_GHI__zone_p_tail,0.4578630572943496,4437
houston_ssp245_mid_2050s_typical_2052,perimeter_mid_zn_2,perimeter,middle,east,horizontal_GHI__zone_operative_temperature,0.6124415108462954,4437
houston_ssp245_mid_2050s_typical_2052,perimeter_mid_zn_2,perimeter,middle,east,horizontal_GHI__zone_p_tail,0.6121005165444794,4437
houston_ssp245_mid_2050s_typical_2052,perimeter_mid_zn_1,perimeter,middle,south,horizontal_GHI__zone_operative_temperature,0.6771011328349298,4437
houston_ssp245_mid_2050s_typical_2052,perimeter_mid_zn_1,perimeter,middle,south,horizontal_GHI__zone_p_tail,0.6219875741695367,4437
houston_ssp245_mid_2050s_typical_2052,perimeter_mid_zn_4,perimeter,middle,west,horizontal_GHI__zone_operative_temperature,0.5046849007986713,4437
houston_ssp245_mid_2050s_typical_2052,perimeter_mid_zn_4,perimeter,middle,west,horizontal_GHI__zone_p_tail,0.4199725350812091,4437
houston_ssp245_near_2030s_heatwave_extreme_2039,core_bottom,core,bottom,core,horizontal_GHI__zone_operative_temperature,0.4471662841434628,4437
houston_ssp245_near_2030s_heatwave_extreme_2039,core_bottom,core,bottom,core,horizontal_GHI__zone_p_tail,0.32022578474428737,4437
houston_ssp245_near_2030s_heatwave_extreme_2039,core_mid,core,middle,core,horizontal_GHI__zone_operative_temperature,0.40017377660669307,4437
houston_ssp245_near_2030s_heatwave_extreme_2039,core_mid,core,middle,core,horizontal_GHI__zone_p_tail,0.23126579869835187,4437
houston_ssp245_near_2030s_heatwave_extreme_2039,core_top,core,top,core,horizontal_GHI__zone_operative_temperature,0.45816663570166455,4437
houston_ssp245_near_2030s_heatwave_extreme_2039,core_top,core,top,core,horizontal_GHI__zone_p_tail,0.3299668664668252,4437
houston_ssp245_near_2030s_heatwave_extreme_2039,perimeter_top_zn_3,perimeter,top,north,horizontal_GHI__zone_operative_temperature,0.5216594696304223,4437
houston_ssp245_near_2030s_heatwave_extreme_2039,perimeter_top_zn_3,perimeter,top,north,horizontal_GHI__zone_p_tail,0.4430518397374163,4437
houston_ssp245_near_2030s_heatwave_extreme_2039,perimeter_top_zn_2,perimeter,top,east,horizontal_GHI__zone_operative_temperature,0.6163692542082505,4437
houston_ssp245_near_2030s_heatwave_extreme_2039,perimeter_top_zn_2,perimeter,top,east,horizontal_GHI__zone_p_tail,0.5992249386658975,4437
houston_ssp245_near_2030s_heatwave_extreme_2039,perimeter_top_zn_1,perimeter,top,south,horizontal_GHI__zone_operative_temperature,0.6510062833220029,4437
houston_ssp245_near_2030s_heatwave_extreme_2039,perimeter_top_zn_1,perimeter,top,south,horizontal_GHI__zone_p_tail,0.5923739874323931,4437
houston_ssp245_near_2030s_heatwave_extreme_2039,perimeter_top_zn_4,perimeter,top,west,horizontal_GHI__zone_operative_temperature,0.5097398180219174,4437
houston_ssp245_near_2030s_heatwave_extreme_2039,perimeter_top_zn_4,perimeter,top,west,horizontal_GHI__zone_p_tail,0.3890846598449533,4437
houston_ssp245_near_2030s_heatwave_extreme_2039,perimeter_bot_zn_3,perimeter,bottom,north,horizontal_GHI__zone_operative_temperature,0.46382607978432355,4437
houston_ssp245_near_2030s_heatwave_extreme_2039,perimeter_bot_zn_3,perimeter,bottom,north,horizontal_GHI__zone_p_tail,0.3130280916965096,4437
houston_ssp245_near_2030s_heatwave_extreme_2039,perimeter_bot_zn_2,perimeter,bottom,east,horizontal_GHI__zone_operative_temperature,0.537742586474299,4437
houston_ssp245_near_2030s_heatwave_extreme_2039,perimeter_bot_zn_2,perimeter,bottom,east,horizontal_GHI__zone_p_tail,0.5067537613358664,4437
houston_ssp245_near_2030s_heatwave_extreme_2039,perimeter_bot_zn_1,perimeter,bottom,south,horizontal_GHI__zone_operative_temperature,0.5236008812278158,4437
houston_ssp245_near_2030s_heatwave_extreme_2039,perimeter_bot_zn_1,perimeter,bottom,south,horizontal_GHI__zone_p_tail,0.47883049773148145,4437
houston_ssp245_near_2030s_heatwave_extreme_2039,perimeter_bot_zn_4,perimeter,bottom,west,horizontal_GHI__zone_operative_temperature,0.4350634896373238,4437
houston_ssp245_near_2030s_heatwave_extreme_2039,perimeter_bot_zn_4,perimeter,bottom,west,horizontal_GHI__zone_p_tail,0.3410415732873485,4437
houston_ssp245_near_2030s_heatwave_extreme_2039,perimeter_mid_zn_3,perimeter,middle,north,horizontal_GHI__zone_operative_temperature,0.5088428143901566,4437
houston_ssp245_near_2030s_heatwave_extreme_2039,perimeter_mid_zn_3,perimeter,middle,north,horizontal_GHI__zone_p_tail,0.45319894615789386,4437
houston_ssp245_near_2030s_heatwave_extreme_2039,perimeter_mid_zn_2,perimeter,middle,east,horizontal_GHI__zone_operative_temperature,0.5982197955045417,4437
houston_ssp245_near_2030s_heatwave_extreme_2039,perimeter_mid_zn_2,perimeter,middle,east,horizontal_GHI__zone_p_tail,0.6146861518999135,4437
houston_ssp245_near_2030s_heatwave_extreme_2039,perimeter_mid_zn_1,perimeter,middle,south,horizontal_GHI__zone_operative_temperature,0.6400403971251611,4437
houston_ssp245_near_2030s_heatwave_extreme_2039,perimeter_mid_zn_1,perimeter,middle,south,horizontal_GHI__zone_p_tail,0.5934821358557505,4437
houston_ssp245_near_2030s_heatwave_extreme_2039,perimeter_mid_zn_4,perimeter,middle,west,horizontal_GHI__zone_operative_temperature,0.49331278766806597,4437
houston_ssp245_near_2030s_heatwave_extreme_2039,perimeter_mid_zn_4,perimeter,middle,west,horizontal_GHI__zone_p_tail,0.4162053952385013,4437
houston_ssp245_near_2030s_hot_2038,core_bottom,core,bottom,core,horizontal_GHI__zone_operative_temperature,0.43316865268472005,4437
houston_ssp245_near_2030s_hot_2038,core_bottom,core,bottom,core,horizontal_GHI__zone_p_tail,0.2983589903142854,4437
houston_ssp245_near_2030s_hot_2038,core_mid,core,middle,core,horizontal_GHI__zone_operative_temperature,0.3974698199320144,4437
houston_ssp245_near_2030s_hot_2038,core_mid,core,middle,core,horizontal_GHI__zone_p_tail,0.29522764406948426,4437
houston_ssp245_near_2030s_hot_2038,core_top,core,top,core,horizontal_GHI__zone_operative_temperature,0.46539331374106946,4437
houston_ssp245_near_2030s_hot_2038,core_top,core,top,core,horizontal_GHI__zone_p_tail,0.36992943896696684,4437
houston_ssp245_near_2030s_hot_2038,perimeter_top_zn_3,perimeter,top,north,horizontal_GHI__zone_operative_temperature,0.5507530263878002,4437
houston_ssp245_near_2030s_hot_2038,perimeter_top_zn_3,perimeter,top,north,horizontal_GHI__zone_p_tail,0.5497541645563422,4437
houston_ssp245_near_2030s_hot_2038,perimeter_top_zn_2,perimeter,top,east,horizontal_GHI__zone_operative_temperature,0.6566264468820727,4437
houston_ssp245_near_2030s_hot_2038,perimeter_top_zn_2,perimeter,top,east,horizontal_GHI__zone_p_tail,0.6894179111970635,4437
houston_ssp245_near_2030s_hot_2038,perimeter_top_zn_1,perimeter,top,south,horizontal_GHI__zone_operative_temperature,0.6950908248381027,4437
houston_ssp245_near_2030s_hot_2038,perimeter_top_zn_1,perimeter,top,south,horizontal_GHI__zone_p_tail,0.6773441819526398,4437
houston_ssp245_near_2030s_hot_2038,perimeter_top_zn_4,perimeter,top,west,horizontal_GHI__zone_operative_temperature,0.5248544431742925,4437
houston_ssp245_near_2030s_hot_2038,perimeter_top_zn_4,perimeter,top,west,horizontal_GHI__zone_p_tail,0.47381294034250854,4437
houston_ssp245_near_2030s_hot_2038,perimeter_bot_zn_3,perimeter,bottom,north,horizontal_GHI__zone_operative_temperature,0.49174746148139475,4437
houston_ssp245_near_2030s_hot_2038,perimeter_bot_zn_3,perimeter,bottom,north,horizontal_GHI__zone_p_tail,0.4150354665167634,4437
houston_ssp245_near_2030s_hot_2038,perimeter_bot_zn_2,perimeter,bottom,east,horizontal_GHI__zone_operative_temperature,0.5708956656467662,4437
houston_ssp245_near_2030s_hot_2038,perimeter_bot_zn_2,perimeter,bottom,east,horizontal_GHI__zone_p_tail,0.5993968392444787,4437
houston_ssp245_near_2030s_hot_2038,perimeter_bot_zn_1,perimeter,bottom,south,horizontal_GHI__zone_operative_temperature,0.5867198029675207,4437
houston_ssp245_near_2030s_hot_2038,perimeter_bot_zn_1,perimeter,bottom,south,horizontal_GHI__zone_p_tail,0.5677556249583414,4437
houston_ssp245_near_2030s_hot_2038,perimeter_bot_zn_4,perimeter,bottom,west,horizontal_GHI__zone_operative_temperature,0.443009125118396,4437
houston_ssp245_near_2030s_hot_2038,perimeter_bot_zn_4,perimeter,bottom,west,horizontal_GHI__zone_p_tail,0.4048026270646527,4437
houston_ssp245_near_2030s_hot_2038,perimeter_mid_zn_3,perimeter,middle,north,horizontal_GHI__zone_operative_temperature,0.5326876996325451,4437
houston_ssp245_near_2030s_hot_2038,perimeter_mid_zn_3,perimeter,middle,north,horizontal_GHI__zone_p_tail,0.5416934173906097,4437
houston_ssp245_near_2030s_hot_2038,perimeter_mid_zn_2,perimeter,middle,east,horizontal_GHI__zone_operative_temperature,0.6315775613249466,4437
houston_ssp245_near_2030s_hot_2038,perimeter_mid_zn_2,perimeter,middle,east,horizontal_GHI__zone_p_tail,0.6724181015984015,4437
houston_ssp245_near_2030s_hot_2038,perimeter_mid_zn_1,perimeter,middle,south,horizontal_GHI__zone_operative_temperature,0.6882130601443146,4437
houston_ssp245_near_2030s_hot_2038,perimeter_mid_zn_1,perimeter,middle,south,horizontal_GHI__zone_p_tail,0.6794908566323641,4437
houston_ssp245_near_2030s_hot_2038,perimeter_mid_zn_4,perimeter,middle,west,horizontal_GHI__zone_operative_temperature,0.5047508187562482,4437
houston_ssp245_near_2030s_hot_2038,perimeter_mid_zn_4,perimeter,middle,west,horizontal_GHI__zone_p_tail,0.4688281273584661,4437
houston_ssp245_near_2030s_typical_2033,core_bottom,core,bottom,core,horizontal_GHI__zone_operative_temperature,0.4698050224788892,4437
houston_ssp245_near_2030s_typical_2033,core_bottom,core,bottom,core,horizontal_GHI__zone_p_tail,0.33800591975738004,4437
houston_ssp245_near_2030s_typical_2033,core_mid,core,middle,core,horizontal_GHI__zone_operative_temperature,0.4236094727639932,4437
houston_ssp245_near_2030s_typical_2033,core_mid,core,middle,core,horizontal_GHI__zone_p_tail,0.2635098109502516,4437
houston_ssp245_near_2030s_typical_2033,core_top,core,top,core,horizontal_GHI__zone_operative_temperature,0.47504946199127074,4437
houston_ssp245_near_2030s_typical_2033,core_top,core,top,core,horizontal_GHI__zone_p_tail,0.32898581606946536,4437
houston_ssp245_near_2030s_typical_2033,perimeter_top_zn_3,perimeter,top,north,horizontal_GHI__zone_operative_temperature,0.5316960136845208,4437
houston_ssp245_near_2030s_typical_2033,perimeter_top_zn_3,perimeter,top,north,horizontal_GHI__zone_p_tail,0.4300897561795259,4437
houston_ssp245_near_2030s_typical_2033,perimeter_top_zn_2,perimeter,top,east,horizontal_GHI__zone_operative_temperature,0.6193060081574111,4437
houston_ssp245_near_2030s_typical_2033,perimeter_top_zn_2,perimeter,top,east,horizontal_GHI__zone_p_tail,0.5783820025033507,4437
houston_ssp245_near_2030s_typical_2033,perimeter_top_zn_1,perimeter,top,south,horizontal_GHI__zone_operative_temperature,0.6651151570218201,4437
houston_ssp245_near_2030s_typical_2033,perimeter_top_zn_1,perimeter,top,south,horizontal_GHI__zone_p_tail,0.6067803700213846,4437
houston_ssp245_near_2030s_typical_2033,perimeter_top_zn_4,perimeter,top,west,horizontal_GHI__zone_operative_temperature,0.5201368650869654,4437
houston_ssp245_near_2030s_typical_2033,perimeter_top_zn_4,perimeter,top,west,horizontal_GHI__zone_p_tail,0.374374795567329,4437
houston_ssp245_near_2030s_typical_2033,perimeter_bot_zn_3,perimeter,bottom,north,horizontal_GHI__zone_operative_temperature,0.4829963352029672,4437
houston_ssp245_near_2030s_typical_2033,perimeter_bot_zn_3,perimeter,bottom,north,horizontal_GHI__zone_p_tail,0.3073192388444022,4437
houston_ssp245_near_2030s_typical_2033,perimeter_bot_zn_2,perimeter,bottom,east,horizontal_GHI__zone_operative_temperature,0.5470412030386422,4437
houston_ssp245_near_2030s_typical_2033,perimeter_bot_zn_2,perimeter,bottom,east,horizontal_GHI__zone_p_tail,0.5044690828043479,4437
houston_ssp245_near_2030s_typical_2033,perimeter_bot_zn_1,perimeter,bottom,south,horizontal_GHI__zone_operative_temperature,0.5546320588721795,4437
houston_ssp245_near_2030s_typical_2033,perimeter_bot_zn_1,perimeter,bottom,south,horizontal_GHI__zone_p_tail,0.526171496705324,4437
houston_ssp245_near_2030s_typical_2033,perimeter_bot_zn_4,perimeter,bottom,west,horizontal_GHI__zone_operative_temperature,0.45252867874791364,4437
houston_ssp245_near_2030s_typical_2033,perimeter_bot_zn_4,perimeter,bottom,west,horizontal_GHI__zone_p_tail,0.33385715325534776,4437
houston_ssp245_near_2030s_typical_2033,perimeter_mid_zn_3,perimeter,middle,north,horizontal_GHI__zone_operative_temperature,0.521186042586017,4437
houston_ssp245_near_2030s_typical_2033,perimeter_mid_zn_3,perimeter,middle,north,horizontal_GHI__zone_p_tail,0.46015260288898363,4437
houston_ssp245_near_2030s_typical_2033,perimeter_mid_zn_2,perimeter,middle,east,horizontal_GHI__zone_operative_temperature,0.6046090962886321,4437
houston_ssp245_near_2030s_typical_2033,perimeter_mid_zn_2,perimeter,middle,east,horizontal_GHI__zone_p_tail,0.5931907994689771,4437
houston_ssp245_near_2030s_typical_2033,perimeter_mid_zn_1,perimeter,middle,south,horizontal_GHI__zone_operative_temperature,0.6619282667809144,4437
houston_ssp245_near_2030s_typical_2033,perimeter_mid_zn_1,perimeter,middle,south,horizontal_GHI__zone_p_tail,0.6291554669203769,4437
houston_ssp245_near_2030s_typical_2033,perimeter_mid_zn_4,perimeter,middle,west,horizontal_GHI__zone_operative_temperature,0.5068602442450766,4437
houston_ssp245_near_2030s_typical_2033,perimeter_mid_zn_4,perimeter,middle,west,horizontal_GHI__zone_p_tail,0.412704269751906,4437
houston_ssp585_baseline_2020s_heatwave_extreme_2025,core_bottom,core,bottom,core,horizontal_GHI__zone_operative_temperature,0.4515514220186655,4437
houston_ssp585_baseline_2020s_heatwave_extreme_2025,core_bottom,core,bottom,core,horizontal_GHI__zone_p_tail,0.31083573562439176,4437
houston_ssp585_baseline_2020s_heatwave_extreme_2025,core_mid,core,middle,core,horizontal_GHI__zone_operative_temperature,0.40844432964806615,4437
houston_ssp585_baseline_2020s_heatwave_extreme_2025,core_mid,core,middle,core,horizontal_GHI__zone_p_tail,0.2433797043421943,4437
houston_ssp585_baseline_2020s_heatwave_extreme_2025,core_top,core,top,core,horizontal_GHI__zone_operative_temperature,0.45514545530559974,4437
houston_ssp585_baseline_2020s_heatwave_extreme_2025,core_top,core,top,core,horizontal_GHI__zone_p_tail,0.31140768342049746,4437
houston_ssp585_baseline_2020s_heatwave_extreme_2025,perimeter_top_zn_3,perimeter,top,north,horizontal_GHI__zone_operative_temperature,0.5136241881333139,4437
houston_ssp585_baseline_2020s_heatwave_extreme_2025,perimeter_top_zn_3,perimeter,top,north,horizontal_GHI__zone_p_tail,0.4128682030307285,4437
houston_ssp585_baseline_2020s_heatwave_extreme_2025,perimeter_top_zn_2,perimeter,top,east,horizontal_GHI__zone_operative_temperature,0.602493908488443,4437
houston_ssp585_baseline_2020s_heatwave_extreme_2025,perimeter_top_zn_2,perimeter,top,east,horizontal_GHI__zone_p_tail,0.568354324116835,4437
houston_ssp585_baseline_2020s_heatwave_extreme_2025,perimeter_top_zn_1,perimeter,top,south,horizontal_GHI__zone_operative_temperature,0.6561196679813172,4437
houston_ssp585_baseline_2020s_heatwave_extreme_2025,perimeter_top_zn_1,perimeter,top,south,horizontal_GHI__zone_p_tail,0.601793244073398,4437
houston_ssp585_baseline_2020s_heatwave_extreme_2025,perimeter_top_zn_4,perimeter,top,west,horizontal_GHI__zone_operative_temperature,0.5029931520330921,4437
houston_ssp585_baseline_2020s_heatwave_extreme_2025,perimeter_top_zn_4,perimeter,top,west,horizontal_GHI__zone_p_tail,0.3725953447757624,4437
houston_ssp585_baseline_2020s_heatwave_extreme_2025,perimeter_bot_zn_3,perimeter,bottom,north,horizontal_GHI__zone_operative_temperature,0.4657966746275326,4437
houston_ssp585_baseline_2020s_heatwave_extreme_2025,perimeter_bot_zn_3,perimeter,bottom,north,horizontal_GHI__zone_p_tail,0.2814494106754658,4437
houston_ssp585_baseline_2020s_heatwave_extreme_2025,perimeter_bot_zn_2,perimeter,bottom,east,horizontal_GHI__zone_operative_temperature,0.5283287258134854,4437
houston_ssp585_baseline_2020s_heatwave_extreme_2025,perimeter_bot_zn_2,perimeter,bottom,east,horizontal_GHI__zone_p_tail,0.45745270381935876,4437
houston_ssp585_baseline_2020s_heatwave_extreme_2025,perimeter_bot_zn_1,perimeter,bottom,south,horizontal_GHI__zone_operative_temperature,0.5388728254651659,4437
houston_ssp585_baseline_2020s_heatwave_extreme_2025,perimeter_bot_zn_1,perimeter,bottom,south,horizontal_GHI__zone_p_tail,0.48578411023717405,4437
houston_ssp585_baseline_2020s_heatwave_extreme_2025,perimeter_bot_zn_4,perimeter,bottom,west,horizontal_GHI__zone_operative_temperature,0.43219933410757777,4437
houston_ssp585_baseline_2020s_heatwave_extreme_2025,perimeter_bot_zn_4,perimeter,bottom,west,horizontal_GHI__zone_p_tail,0.3186662174891441,4437
houston_ssp585_baseline_2020s_heatwave_extreme_2025,perimeter_mid_zn_3,perimeter,middle,north,horizontal_GHI__zone_operative_temperature,0.507699815644469,4437
houston_ssp585_baseline_2020s_heatwave_extreme_2025,perimeter_mid_zn_3,perimeter,middle,north,horizontal_GHI__zone_p_tail,0.4359801991795116,4437
houston_ssp585_baseline_2020s_heatwave_extreme_2025,perimeter_mid_zn_2,perimeter,middle,east,horizontal_GHI__zone_operative_temperature,0.5902767769825518,4437
houston_ssp585_baseline_2020s_heatwave_extreme_2025,perimeter_mid_zn_2,perimeter,middle,east,horizontal_GHI__zone_p_tail,0.600423801657797,4437
houston_ssp585_baseline_2020s_heatwave_extreme_2025,perimeter_mid_zn_1,perimeter,middle,south,horizontal_GHI__zone_operative_temperature,0.6496645032973247,4437
houston_ssp585_baseline_2020s_heatwave_extreme_2025,perimeter_mid_zn_1,perimeter,middle,south,horizontal_GHI__zone_p_tail,0.6137382907255667,4437
houston_ssp585_baseline_2020s_heatwave_extreme_2025,perimeter_mid_zn_4,perimeter,middle,west,horizontal_GHI__zone_operative_temperature,0.4898723407260064,4437
houston_ssp585_baseline_2020s_heatwave_extreme_2025,perimeter_mid_zn_4,perimeter,middle,west,horizontal_GHI__zone_p_tail,0.39958268476535685,4437
houston_ssp585_baseline_2020s_hot_2026,core_bottom,core,bottom,core,horizontal_GHI__zone_operative_temperature,0.43901109669433397,4437
houston_ssp585_baseline_2020s_hot_2026,core_bottom,core,bottom,core,horizontal_GHI__zone_p_tail,0.2935376728831993,4437
houston_ssp585_baseline_2020s_hot_2026,core_mid,core,middle,core,horizontal_GHI__zone_operative_temperature,0.3998686473791263,4437
houston_ssp585_baseline_2020s_hot_2026,core_mid,core,middle,core,horizontal_GHI__zone_p_tail,0.24329918637267345,4437
houston_ssp585_baseline_2020s_hot_2026,core_top,core,top,core,horizontal_GHI__zone_operative_temperature,0.44817804416915125,4437
houston_ssp585_baseline_2020s_hot_2026,core_top,core,top,core,horizontal_GHI__zone_p_tail,0.3050655932569853,4437
houston_ssp585_baseline_2020s_hot_2026,perimeter_top_zn_3,perimeter,top,north,horizontal_GHI__zone_operative_temperature,0.5170615037200859,4437
houston_ssp585_baseline_2020s_hot_2026,perimeter_top_zn_3,perimeter,top,north,horizontal_GHI__zone_p_tail,0.41441945432092064,4437
houston_ssp585_baseline_2020s_hot_2026,perimeter_top_zn_2,perimeter,top,east,horizontal_GHI__zone_operative_temperature,0.6057574727644033,4437
houston_ssp585_baseline_2020s_hot_2026,perimeter_top_zn_2,perimeter,top,east,horizontal_GHI__zone_p_tail,0.5452445213637533,4437
houston_ssp585_baseline_2020s_hot_2026,perimeter_top_zn_1,perimeter,top,south,horizontal_GHI__zone_operative_temperature,0.6729445038335518,4437
houston_ssp585_baseline_2020s_hot_2026,perimeter_top_zn_1,perimeter,top,south,horizontal_GHI__zone_p_tail,0.6158187439647278,4437
houston_ssp585_baseline_2020s_hot_2026,perimeter_top_zn_4,perimeter,top,west,horizontal_GHI__zone_operative_temperature,0.5077133580215409,4437
houston_ssp585_baseline_2020s_hot_2026,perimeter_top_zn_4,perimeter,top,west,horizontal_GHI__zone_p_tail,0.36486780099640725,4437
houston_ssp585_baseline_2020s_hot_2026,perimeter_bot_zn_3,perimeter,bottom,north,horizontal_GHI__zone_operative_temperature,0.45734644264033436,4437
houston_ssp585_baseline_2020s_hot_2026,perimeter_bot_zn_3,perimeter,bottom,north,horizontal_GHI__zone_p_tail,0.33081162347265725,4437
houston_ssp585_baseline_2020s_hot_2026,perimeter_bot_zn_2,perimeter,bottom,east,horizontal_GHI__zone_operative_temperature,0.5228123883069763,4437
houston_ssp585_baseline_2020s_hot_2026,perimeter_bot_zn_2,perimeter,bottom,east,horizontal_GHI__zone_p_tail,0.4653016012521191,4437
houston_ssp585_baseline_2020s_hot_2026,perimeter_bot_zn_1,perimeter,bottom,south,horizontal_GHI__zone_operative_temperature,0.5443723302790113,4437
houston_ssp585_baseline_2020s_hot_2026,perimeter_bot_zn_1,perimeter,bottom,south,horizontal_GHI__zone_p_tail,0.5051880227418456,4437
houston_ssp585_baseline_2020s_hot_2026,perimeter_bot_zn_4,perimeter,bottom,west,horizontal_GHI__zone_operative_temperature,0.42662114828773456,4437
houston_ssp585_baseline_2020s_hot_2026,perimeter_bot_zn_4,perimeter,bottom,west,horizontal_GHI__zone_p_tail,0.3204103176248004,4437
houston_ssp585_baseline_2020s_hot_2026,perimeter_mid_zn_3,perimeter,middle,north,horizontal_GHI__zone_operative_temperature,0.5020808492530292,4437
houston_ssp585_baseline_2020s_hot_2026,perimeter_mid_zn_3,perimeter,middle,north,horizontal_GHI__zone_p_tail,0.45709032642365793,4437
houston_ssp585_baseline_2020s_hot_2026,perimeter_mid_zn_2,perimeter,middle,east,horizontal_GHI__zone_operative_temperature,0.5885745096313425,4437
houston_ssp585_baseline_2020s_hot_2026,perimeter_mid_zn_2,perimeter,middle,east,horizontal_GHI__zone_p_tail,0.5777426608855207,4437
houston_ssp585_baseline_2020s_hot_2026,perimeter_mid_zn_1,perimeter,middle,south,horizontal_GHI__zone_operative_temperature,0.6728508003474323,4437
houston_ssp585_baseline_2020s_hot_2026,perimeter_mid_zn_1,perimeter,middle,south,horizontal_GHI__zone_p_tail,0.6311084714605243,4437
houston_ssp585_baseline_2020s_hot_2026,perimeter_mid_zn_4,perimeter,middle,west,horizontal_GHI__zone_operative_temperature,0.4908821891780638,4437
houston_ssp585_baseline_2020s_hot_2026,perimeter_mid_zn_4,perimeter,middle,west,horizontal_GHI__zone_p_tail,0.3914032432842186,4437
houston_ssp585_baseline_2020s_typical_2025,core_bottom,core,bottom,core,horizontal_GHI__zone_operative_temperature,0.4515514220186655,4437
houston_ssp585_baseline_2020s_typical_2025,core_bottom,core,bottom,core,horizontal_GHI__zone_p_tail,0.31083573562439176,4437
houston_ssp585_baseline_2020s_typical_2025,core_mid,core,middle,core,horizontal_GHI__zone_operative_temperature,0.40844432964806615,4437
houston_ssp585_baseline_2020s_typical_2025,core_mid,core,middle,core,horizontal_GHI__zone_p_tail,0.2433797043421943,4437
houston_ssp585_baseline_2020s_typical_2025,core_top,core,top,core,horizontal_GHI__zone_operative_temperature,0.45514545530559974,4437
houston_ssp585_baseline_2020s_typical_2025,core_top,core,top,core,horizontal_GHI__zone_p_tail,0.31140768342049746,4437
houston_ssp585_baseline_2020s_typical_2025,perimeter_top_zn_3,perimeter,top,north,horizontal_GHI__zone_operative_temperature,0.5136241881333139,4437
houston_ssp585_baseline_2020s_typical_2025,perimeter_top_zn_3,perimeter,top,north,horizontal_GHI__zone_p_tail,0.4128682030307285,4437
houston_ssp585_baseline_2020s_typical_2025,perimeter_top_zn_2,perimeter,top,east,horizontal_GHI__zone_operative_temperature,0.602493908488443,4437
houston_ssp585_baseline_2020s_typical_2025,perimeter_top_zn_2,perimeter,top,east,horizontal_GHI__zone_p_tail,0.568354324116835,4437
houston_ssp585_baseline_2020s_typical_2025,perimeter_top_zn_1,perimeter,top,south,horizontal_GHI__zone_operative_temperature,0.6561196679813172,4437
houston_ssp585_baseline_2020s_typical_2025,perimeter_top_zn_1,perimeter,top,south,horizontal_GHI__zone_p_tail,0.601793244073398,4437
houston_ssp585_baseline_2020s_typical_2025,perimeter_top_zn_4,perimeter,top,west,horizontal_GHI__zone_operative_temperature,0.5029931520330921,4437
houston_ssp585_baseline_2020s_typical_2025,perimeter_top_zn_4,perimeter,top,west,horizontal_GHI__zone_p_tail,0.3725953447757624,4437
houston_ssp585_baseline_2020s_typical_2025,perimeter_bot_zn_3,perimeter,bottom,north,horizontal_GHI__zone_operative_temperature,0.4657966746275326,4437
houston_ssp585_baseline_2020s_typical_2025,perimeter_bot_zn_3,perimeter,bottom,north,horizontal_GHI__zone_p_tail,0.2814494106754658,4437
houston_ssp585_baseline_2020s_typical_2025,perimeter_bot_zn_2,perimeter,bottom,east,horizontal_GHI__zone_operative_temperature,0.5283287258134854,4437
houston_ssp585_baseline_2020s_typical_2025,perimeter_bot_zn_2,perimeter,bottom,east,horizontal_GHI__zone_p_tail,0.45745270381935876,4437
houston_ssp585_baseline_2020s_typical_2025,perimeter_bot_zn_1,perimeter,bottom,south,horizontal_GHI__zone_operative_temperature,0.5388728254651659,4437
houston_ssp585_baseline_2020s_typical_2025,perimeter_bot_zn_1,perimeter,bottom,south,horizontal_GHI__zone_p_tail,0.48578411023717405,4437
houston_ssp585_baseline_2020s_typical_2025,perimeter_bot_zn_4,perimeter,bottom,west,horizontal_GHI__zone_operative_temperature,0.43219933410757777,4437
houston_ssp585_baseline_2020s_typical_2025,perimeter_bot_zn_4,perimeter,bottom,west,horizontal_GHI__zone_p_tail,0.3186662174891441,4437
houston_ssp585_baseline_2020s_typical_2025,perimeter_mid_zn_3,perimeter,middle,north,horizontal_GHI__zone_operative_temperature,0.507699815644469,4437
houston_ssp585_baseline_2020s_typical_2025,perimeter_mid_zn_3,perimeter,middle,north,horizontal_GHI__zone_p_tail,0.4359801991795116,4437
houston_ssp585_baseline_2020s_typical_2025,perimeter_mid_zn_2,perimeter,middle,east,horizontal_GHI__zone_operative_temperature,0.5902767769825518,4437
houston_ssp585_baseline_2020s_typical_2025,perimeter_mid_zn_2,perimeter,middle,east,horizontal_GHI__zone_p_tail,0.600423801657797,4437
houston_ssp585_baseline_2020s_typical_2025,perimeter_mid_zn_1,perimeter,middle,south,horizontal_GHI__zone_operative_temperature,0.6496645032973247,4437
houston_ssp585_baseline_2020s_typical_2025,perimeter_mid_zn_1,perimeter,middle,south,horizontal_GHI__zone_p_tail,0.6137382907255667,4437
houston_ssp585_baseline_2020s_typical_2025,perimeter_mid_zn_4,perimeter,middle,west,horizontal_GHI__zone_operative_temperature,0.4898723407260064,4437
houston_ssp585_baseline_2020s_typical_2025,perimeter_mid_zn_4,perimeter,middle,west,horizontal_GHI__zone_p_tail,0.39958268476535685,4437
houston_ssp585_late_2080s_heatwave_extreme_2086,core_bottom,core,bottom,core,horizontal_GHI__zone_operative_temperature,0.4134242038663619,4437
houston_ssp585_late_2080s_heatwave_extreme_2086,core_bottom,core,bottom,core,horizontal_GHI__zone_p_tail,0.3318922928747017,4437
houston_ssp585_late_2080s_heatwave_extreme_2086,core_mid,core,middle,core,horizontal_GHI__zone_operative_temperature,0.37221470759594816,4437
houston_ssp585_late_2080s_heatwave_extreme_2086,core_mid,core,middle,core,horizontal_GHI__zone_p_tail,0.2578145887768185,4437
houston_ssp585_late_2080s_heatwave_extreme_2086,core_top,core,top,core,horizontal_GHI__zone_operative_temperature,0.4209780904491019,4437
houston_ssp585_late_2080s_heatwave_extreme_2086,core_top,core,top,core,horizontal_GHI__zone_p_tail,0.31948877158682737,4437
houston_ssp585_late_2080s_heatwave_extreme_2086,perimeter_top_zn_3,perimeter,top,north,horizontal_GHI__zone_operative_temperature,0.48151714171688764,4437
houston_ssp585_late_2080s_heatwave_extreme_2086,perimeter_top_zn_3,perimeter,top,north,horizontal_GHI__zone_p_tail,0.4265911387243513,4437
houston_ssp585_late_2080s_heatwave_extreme_2086,perimeter_top_zn_2,perimeter,top,east,horizontal_GHI__zone_operative_temperature,0.5612738137593676,4437
houston_ssp585_late_2080s_heatwave_extreme_2086,perimeter_top_zn_2,perimeter,top,east,horizontal_GHI__zone_p_tail,0.5653062417827001,4437
houston_ssp585_late_2080s_heatwave_extreme_2086,perimeter_top_zn_1,perimeter,top,south,horizontal_GHI__zone_operative_temperature,0.5934373602089821,4437
houston_ssp585_late_2080s_heatwave_extreme_2086,perimeter_top_zn_1,perimeter,top,south,horizontal_GHI__zone_p_tail,0.5508987585906008,4437
houston_ssp585_late_2080s_heatwave_extreme_2086,perimeter_top_zn_4,perimeter,top,west,horizontal_GHI__zone_operative_temperature,0.4634619172664707,4437
houston_ssp585_late_2080s_heatwave_extreme_2086,perimeter_top_zn_4,perimeter,top,west,horizontal_GHI__zone_p_tail,0.3948836025954979,4437
houston_ssp585_late_2080s_heatwave_extreme_2086,perimeter_bot_zn_3,perimeter,bottom,north,horizontal_GHI__zone_operative_temperature,0.4244346768677432,4437
houston_ssp585_late_2080s_heatwave_extreme_2086,perimeter_bot_zn_3,perimeter,bottom,north,horizontal_GHI__zone_p_tail,0.34341881499868016,4437
houston_ssp585_late_2080s_heatwave_extreme_2086,perimeter_bot_zn_2,perimeter,bottom,east,horizontal_GHI__zone_operative_temperature,0.4915219709851956,4437
houston_ssp585_late_2080s_heatwave_extreme_2086,perimeter_bot_zn_2,perimeter,bottom,east,horizontal_GHI__zone_p_tail,0.4811273129407261,4437
houston_ssp585_late_2080s_heatwave_extreme_2086,perimeter_bot_zn_1,perimeter,bottom,south,horizontal_GHI__zone_operative_temperature,0.48757650523973434,4437
houston_ssp585_late_2080s_heatwave_extreme_2086,perimeter_bot_zn_1,perimeter,bottom,south,horizontal_GHI__zone_p_tail,0.46109272944744206,4437
houston_ssp585_late_2080s_heatwave_extreme_2086,perimeter_bot_zn_4,perimeter,bottom,west,horizontal_GHI__zone_operative_temperature,0.4030202021307909,4437
houston_ssp585_late_2080s_heatwave_extreme_2086,perimeter_bot_zn_4,perimeter,bottom,west,horizontal_GHI__zone_p_tail,0.3470002666760238,4437
houston_ssp585_late_2080s_heatwave_extreme_2086,perimeter_mid_zn_3,perimeter,middle,north,horizontal_GHI__zone_operative_temperature,0.4729386734209354,4437
houston_ssp585_late_2080s_heatwave_extreme_2086,perimeter_mid_zn_3,perimeter,middle,north,horizontal_GHI__zone_p_tail,0.42786389083038273,4437
houston_ssp585_late_2080s_heatwave_extreme_2086,perimeter_mid_zn_2,perimeter,middle,east,horizontal_GHI__zone_operative_temperature,0.5464531223412927,4437
houston_ssp585_late_2080s_heatwave_extreme_2086,perimeter_mid_zn_2,perimeter,middle,east,horizontal_GHI__zone_p_tail,0.565051191892743,4437
houston_ssp585_late_2080s_heatwave_extreme_2086,perimeter_mid_zn_1,perimeter,middle,south,horizontal_GHI__zone_operative_temperature,0.587460996583739,4437
houston_ssp585_late_2080s_heatwave_extreme_2086,perimeter_mid_zn_1,perimeter,middle,south,horizontal_GHI__zone_p_tail,0.5483276841763618,4437
houston_ssp585_late_2080s_heatwave_extreme_2086,perimeter_mid_zn_4,perimeter,middle,west,horizontal_GHI__zone_operative_temperature,0.4496190032060404,4437
houston_ssp585_late_2080s_heatwave_extreme_2086,perimeter_mid_zn_4,perimeter,middle,west,horizontal_GHI__zone_p_tail,0.4015301199783281,4437
houston_ssp585_late_2080s_hot_2080,core_bottom,core,bottom,core,horizontal_GHI__zone_operative_temperature,0.43604362870328733,4437
houston_ssp585_late_2080s_hot_2080,core_bottom,core,bottom,core,horizontal_GHI__zone_p_tail,0.33818213238990597,4437
houston_ssp585_late_2080s_hot_2080,core_mid,core,middle,core,horizontal_GHI__zone_operative_temperature,0.39674604524644497,4437
houston_ssp585_late_2080s_hot_2080,core_mid,core,middle,core,horizontal_GHI__zone_p_tail,0.3038578858116001,4437
houston_ssp585_late_2080s_hot_2080,core_top,core,top,core,horizontal_GHI__zone_operative_temperature,0.45158039509921877,4437
houston_ssp585_late_2080s_hot_2080,core_top,core,top,core,horizontal_GHI__zone_p_tail,0.34071200329109064,4437
houston_ssp585_late_2080s_hot_2080,perimeter_top_zn_3,perimeter,top,north,horizontal_GHI__zone_operative_temperature,0.5174743712159537,4437
houston_ssp585_late_2080s_hot_2080,perimeter_top_zn_3,perimeter,top,north,horizontal_GHI__zone_p_tail,0.468649357234395,4437
houston_ssp585_late_2080s_hot_2080,perimeter_top_zn_2,perimeter,top,east,horizontal_GHI__zone_operative_temperature,0.5987222074851981,4437
houston_ssp585_late_2080s_hot_2080,perimeter_top_zn_2,perimeter,top,east,horizontal_GHI__zone_p_tail,0.5797365982136851,4437
houston_ssp585_late_2080s_hot_2080,perimeter_top_zn_1,perimeter,top,south,horizontal_GHI__zone_operative_temperature,0.6387939585577587,4437
houston_ssp585_late_2080s_hot_2080,perimeter_top_zn_1,perimeter,top,south,horizontal_GHI__zone_p_tail,0.5973302579793089,4437
houston_ssp585_late_2080s_hot_2080,perimeter_top_zn_4,perimeter,top,west,horizontal_GHI__zone_operative_temperature,0.49911248076619924,4437
houston_ssp585_late_2080s_hot_2080,perimeter_top_zn_4,perimeter,top,west,horizontal_GHI__zone_p_tail,0.44631537360302276,4437
houston_ssp585_late_2080s_hot_2080,perimeter_bot_zn_3,perimeter,bottom,north,horizontal_GHI__zone_operative_temperature,0.46718375503428555,4437
houston_ssp585_late_2080s_hot_2080,perimeter_bot_zn_3,perimeter,bottom,north,horizontal_GHI__zone_p_tail,0.4092062650079449,4437
houston_ssp585_late_2080s_hot_2080,perimeter_bot_zn_2,perimeter,bottom,east,horizontal_GHI__zone_operative_temperature,0.539383830950271,4437
houston_ssp585_late_2080s_hot_2080,perimeter_bot_zn_2,perimeter,bottom,east,horizontal_GHI__zone_p_tail,0.5248040997277185,4437
houston_ssp585_late_2080s_hot_2080,perimeter_bot_zn_1,perimeter,bottom,south,horizontal_GHI__zone_operative_temperature,0.5763755663195153,4437
houston_ssp585_late_2080s_hot_2080,perimeter_bot_zn_1,perimeter,bottom,south,horizontal_GHI__zone_p_tail,0.543223406580268,4437
houston_ssp585_late_2080s_hot_2080,perimeter_bot_zn_4,perimeter,bottom,west,horizontal_GHI__zone_operative_temperature,0.44209040904791014,4437
houston_ssp585_late_2080s_hot_2080,perimeter_bot_zn_4,perimeter,bottom,west,horizontal_GHI__zone_p_tail,0.3981808595340335,4437
houston_ssp585_late_2080s_hot_2080,perimeter_mid_zn_3,perimeter,middle,north,horizontal_GHI__zone_operative_temperature,0.5015388267715883,4437
houston_ssp585_late_2080s_hot_2080,perimeter_mid_zn_3,perimeter,middle,north,horizontal_GHI__zone_p_tail,0.4621859005223431,4437
houston_ssp585_late_2080s_hot_2080,perimeter_mid_zn_2,perimeter,middle,east,horizontal_GHI__zone_operative_temperature,0.5808347541104186,4437
houston_ssp585_late_2080s_hot_2080,perimeter_mid_zn_2,perimeter,middle,east,horizontal_GHI__zone_p_tail,0.5780838641053369,4437
houston_ssp585_late_2080s_hot_2080,perimeter_mid_zn_1,perimeter,middle,south,horizontal_GHI__zone_operative_temperature,0.6415785607024922,4437
houston_ssp585_late_2080s_hot_2080,perimeter_mid_zn_1,perimeter,middle,south,horizontal_GHI__zone_p_tail,0.6056128722180931,4437
houston_ssp585_late_2080s_hot_2080,perimeter_mid_zn_4,perimeter,middle,west,horizontal_GHI__zone_operative_temperature,0.4837622090503825,4437
houston_ssp585_late_2080s_hot_2080,perimeter_mid_zn_4,perimeter,middle,west,horizontal_GHI__zone_p_tail,0.44139357228396653,4437
houston_ssp585_late_2080s_typical_2088,core_bottom,core,bottom,core,horizontal_GHI__zone_operative_temperature,0.4266282456022189,4437
houston_ssp585_late_2080s_typical_2088,core_bottom,core,bottom,core,horizontal_GHI__zone_p_tail,0.33137206456959184,4437
houston_ssp585_late_2080s_typical_2088,core_mid,core,middle,core,horizontal_GHI__zone_operative_temperature,0.3867343084530015,4437
houston_ssp585_late_2080s_typical_2088,core_mid,core,middle,core,horizontal_GHI__zone_p_tail,0.2816979260001042,4437
houston_ssp585_late_2080s_typical_2088,core_top,core,top,core,horizontal_GHI__zone_operative_temperature,0.4299874286170776,4437
houston_ssp585_late_2080s_typical_2088,core_top,core,top,core,horizontal_GHI__zone_p_tail,0.3301337797421229,4437
houston_ssp585_late_2080s_typical_2088,perimeter_top_zn_3,perimeter,top,north,horizontal_GHI__zone_operative_temperature,0.4878065907754347,4437
houston_ssp585_late_2080s_typical_2088,perimeter_top_zn_3,perimeter,top,north,horizontal_GHI__zone_p_tail,0.4384956816766095,4437
houston_ssp585_late_2080s_typical_2088,perimeter_top_zn_2,perimeter,top,east,horizontal_GHI__zone_operative_temperature,0.5676010008965484,4437
houston_ssp585_late_2080s_typical_2088,perimeter_top_zn_2,perimeter,top,east,horizontal_GHI__zone_p_tail,0.5729741078521515,4437
houston_ssp585_late_2080s_typical_2088,perimeter_top_zn_1,perimeter,top,south,horizontal_GHI__zone_operative_temperature,0.6127882325952652,4437
houston_ssp585_late_2080s_typical_2088,perimeter_top_zn_1,perimeter,top,south,horizontal_GHI__zone_p_tail,0.5765867454064971,4437
houston_ssp585_late_2080s_typical_2088,perimeter_top_zn_4,perimeter,top,west,horizontal_GHI__zone_operative_temperature,0.4758546577479155,4437
houston_ssp585_late_2080s_typical_2088,perimeter_top_zn_4,perimeter,top,west,horizontal_GHI__zone_p_tail,0.4049265715467748,4437
houston_ssp585_late_2080s_typical_2088,perimeter_bot_zn_3,perimeter,bottom,north,horizontal_GHI__zone_operative_temperature,0.440335449014935,4437
houston_ssp585_late_2080s_typical_2088,perimeter_bot_zn_3,perimeter,bottom,north,horizontal_GHI__zone_p_tail,0.3595254345975446,4437
houston_ssp585_late_2080s_typical_2088,perimeter_bot_zn_2,perimeter,bottom,east,horizontal_GHI__zone_operative_temperature,0.5060036999554826,4437
houston_ssp585_late_2080s_typical_2088,perimeter_bot_zn_2,perimeter,bottom,east,horizontal_GHI__zone_p_tail,0.48644190418447225,4437
houston_ssp585_late_2080s_typical_2088,perimeter_bot_zn_1,perimeter,bottom,south,horizontal_GHI__zone_operative_temperature,0.5264061966457881,4437
houston_ssp585_late_2080s_typical_2088,perimeter_bot_zn_1,perimeter,bottom,south,horizontal_GHI__zone_p_tail,0.4911391451139493,4437
houston_ssp585_late_2080s_typical_2088,perimeter_bot_zn_4,perimeter,bottom,west,horizontal_GHI__zone_operative_temperature,0.4167143527897459,4437
houston_ssp585_late_2080s_typical_2088,perimeter_bot_zn_4,perimeter,bottom,west,horizontal_GHI__zone_p_tail,0.3662247255477513,4437
houston_ssp585_late_2080s_typical_2088,perimeter_mid_zn_3,perimeter,middle,north,horizontal_GHI__zone_operative_temperature,0.47827550036661354,4437
houston_ssp585_late_2080s_typical_2088,perimeter_mid_zn_3,perimeter,middle,north,horizontal_GHI__zone_p_tail,0.4399503580046743,4437
houston_ssp585_late_2080s_typical_2088,perimeter_mid_zn_2,perimeter,middle,east,horizontal_GHI__zone_operative_temperature,0.5525886178839784,4437
houston_ssp585_late_2080s_typical_2088,perimeter_mid_zn_2,perimeter,middle,east,horizontal_GHI__zone_p_tail,0.5764424613223874,4437
houston_ssp585_late_2080s_typical_2088,perimeter_mid_zn_1,perimeter,middle,south,horizontal_GHI__zone_operative_temperature,0.6088601691198039,4437
houston_ssp585_late_2080s_typical_2088,perimeter_mid_zn_1,perimeter,middle,south,horizontal_GHI__zone_p_tail,0.5796933292308436,4437
houston_ssp585_late_2080s_typical_2088,perimeter_mid_zn_4,perimeter,middle,west,horizontal_GHI__zone_operative_temperature,0.46180601138299204,4437
houston_ssp585_late_2080s_typical_2088,perimeter_mid_zn_4,perimeter,middle,west,horizontal_GHI__zone_p_tail,0.405853632110355,4437
houston_ssp585_mid_2050s_heatwave_extreme_2059,core_bottom,core,bottom,core,horizontal_GHI__zone_operative_temperature,0.4372701643061076,4437
houston_ssp585_mid_2050s_heatwave_extreme_2059,core_bottom,core,bottom,core,horizontal_GHI__zone_p_tail,0.31974348513335943,4437
houston_ssp585_mid_2050s_heatwave_extreme_2059,core_mid,core,middle,core,horizontal_GHI__zone_operative_temperature,0.397179244733064,4437
houston_ssp585_mid_2050s_heatwave_extreme_2059,core_mid,core,middle,core,horizontal_GHI__zone_p_tail,0.2708237357517268,4437
houston_ssp585_mid_2050s_heatwave_extreme_2059,core_top,core,top,core,horizontal_GHI__zone_operative_temperature,0.44576614789822516,4437
houston_ssp585_mid_2050s_heatwave_extreme_2059,core_top,core,top,core,horizontal_GHI__zone_p_tail,0.3162948317692088,4437
houston_ssp585_mid_2050s_heatwave_extreme_2059,perimeter_top_zn_3,perimeter,top,north,horizontal_GHI__zone_operative_temperature,0.5042204658762255,4437
houston_ssp585_mid_2050s_heatwave_extreme_2059,perimeter_top_zn_3,perimeter,top,north,horizontal_GHI__zone_p_tail,0.4390026013063443,4437
houston_ssp585_mid_2050s_heatwave_extreme_2059,perimeter_top_zn_2,perimeter,top,east,horizontal_GHI__zone_operative_temperature,0.5879865308334137,4437
houston_ssp585_mid_2050s_heatwave_extreme_2059,perimeter_top_zn_2,perimeter,top,east,horizontal_GHI__zone_p_tail,0.5834669250486563,4437
houston_ssp585_mid_2050s_heatwave_extreme_2059,perimeter_top_zn_1,perimeter,top,south,horizontal_GHI__zone_operative_temperature,0.6211802128381094,4437
houston_ssp585_mid_2050s_heatwave_extreme_2059,perimeter_top_zn_1,perimeter,top,south,horizontal_GHI__zone_p_tail,0.5790977007992145,4437
houston_ssp585_mid_2050s_heatwave_extreme_2059,perimeter_top_zn_4,perimeter,top,west,horizontal_GHI__zone_operative_temperature,0.491723393590004,4437
houston_ssp585_mid_2050s_heatwave_extreme_2059,perimeter_top_zn_4,perimeter,top,west,horizontal_GHI__zone_p_tail,0.40215409524644474,4437
houston_ssp585_mid_2050s_heatwave_extreme_2059,perimeter_bot_zn_3,perimeter,bottom,north,horizontal_GHI__zone_operative_temperature,0.4499718117539671,4437
houston_ssp585_mid_2050s_heatwave_extreme_2059,perimeter_bot_zn_3,perimeter,bottom,north,horizontal_GHI__zone_p_tail,0.32706817117144843,4437
houston_ssp585_mid_2050s_heatwave_extreme_2059,perimeter_bot_zn_2,perimeter,bottom,east,horizontal_GHI__zone_operative_temperature,0.5175917068636063,4437
houston_ssp585_mid_2050s_heatwave_extreme_2059,perimeter_bot_zn_2,perimeter,bottom,east,horizontal_GHI__zone_p_tail,0.46791657554092264,4437
houston_ssp585_mid_2050s_heatwave_extreme_2059,perimeter_bot_zn_1,perimeter,bottom,south,horizontal_GHI__zone_operative_temperature,0.5189519196118457,4437
houston_ssp585_mid_2050s_heatwave_extreme_2059,perimeter_bot_zn_1,perimeter,bottom,south,horizontal_GHI__zone_p_tail,0.4811958301832777,4437
houston_ssp585_mid_2050s_heatwave_extreme_2059,perimeter_bot_zn_4,perimeter,bottom,west,horizontal_GHI__zone_operative_temperature,0.42442251692644173,4437
houston_ssp585_mid_2050s_heatwave_extreme_2059,perimeter_bot_zn_4,perimeter,bottom,west,horizontal_GHI__zone_p_tail,0.3445664235229076,4437
houston_ssp585_mid_2050s_heatwave_extreme_2059,perimeter_mid_zn_3,perimeter,middle,north,horizontal_GHI__zone_operative_temperature,0.4928086145682988,4437
houston_ssp585_mid_2050s_heatwave_extreme_2059,perimeter_mid_zn_3,perimeter,middle,north,horizontal_GHI__zone_p_tail,0.4444148426565463,4437
houston_ssp585_mid_2050s_heatwave_extreme_2059,perimeter_mid_zn_2,perimeter,middle,east,horizontal_GHI__zone_operative_temperature,0.5690848947856137,4437
houston_ssp585_mid_2050s_heatwave_extreme_2059,perimeter_mid_zn_2,perimeter,middle,east,horizontal_GHI__zone_p_tail,0.5925232322486401,4437
houston_ssp585_mid_2050s_heatwave_extreme_2059,perimeter_mid_zn_1,perimeter,middle,south,horizontal_GHI__zone_operative_temperature,0.6146708716931032,4437
houston_ssp585_mid_2050s_heatwave_extreme_2059,perimeter_mid_zn_1,perimeter,middle,south,horizontal_GHI__zone_p_tail,0.5835098541209462,4437
houston_ssp585_mid_2050s_heatwave_extreme_2059,perimeter_mid_zn_4,perimeter,middle,west,horizontal_GHI__zone_operative_temperature,0.47526059912719065,4437
houston_ssp585_mid_2050s_heatwave_extreme_2059,perimeter_mid_zn_4,perimeter,middle,west,horizontal_GHI__zone_p_tail,0.4095898224562776,4437
houston_ssp585_mid_2050s_hot_2058,core_bottom,core,bottom,core,horizontal_GHI__zone_operative_temperature,0.41861331417450426,4437
houston_ssp585_mid_2050s_hot_2058,core_bottom,core,bottom,core,horizontal_GHI__zone_p_tail,0.3103460891668909,4437
houston_ssp585_mid_2050s_hot_2058,core_mid,core,middle,core,horizontal_GHI__zone_operative_temperature,0.3788868912732826,4437
houston_ssp585_mid_2050s_hot_2058,core_mid,core,middle,core,horizontal_GHI__zone_p_tail,0.26882336362955456,4437
houston_ssp585_mid_2050s_hot_2058,core_top,core,top,core,horizontal_GHI__zone_operative_temperature,0.4338746869623801,4437
houston_ssp585_mid_2050s_hot_2058,core_top,core,top,core,horizontal_GHI__zone_p_tail,0.33594408410110943,4437
houston_ssp585_mid_2050s_hot_2058,perimeter_top_zn_3,perimeter,top,north,horizontal_GHI__zone_operative_temperature,0.5029005911788856,4437
houston_ssp585_mid_2050s_hot_2058,perimeter_top_zn_3,perimeter,top,north,horizontal_GHI__zone_p_tail,0.4672950740311221,4437
houston_ssp585_mid_2050s_hot_2058,perimeter_top_zn_2,perimeter,top,east,horizontal_GHI__zone_operative_temperature,0.5955079946229322,4437
houston_ssp585_mid_2050s_hot_2058,perimeter_top_zn_2,perimeter,top,east,horizontal_GHI__zone_p_tail,0.5901877547562929,4437
houston_ssp585_mid_2050s_hot_2058,perimeter_top_zn_1,perimeter,top,south,horizontal_GHI__zone_operative_temperature,0.6474331927141637,4437
houston_ssp585_mid_2050s_hot_2058,perimeter_top_zn_1,perimeter,top,south,horizontal_GHI__zone_p_tail,0.6215256325757633,4437
houston_ssp585_mid_2050s_hot_2058,perimeter_top_zn_4,perimeter,top,west,horizontal_GHI__zone_operative_temperature,0.49302032703018617,4437
houston_ssp585_mid_2050s_hot_2058,perimeter_top_zn_4,perimeter,top,west,horizontal_GHI__zone_p_tail,0.42533521776190786,4437
houston_ssp585_mid_2050s_hot_2058,perimeter_bot_zn_3,perimeter,bottom,north,horizontal_GHI__zone_operative_temperature,0.4399610698815015,4437
houston_ssp585_mid_2050s_hot_2058,perimeter_bot_zn_3,perimeter,bottom,north,horizontal_GHI__zone_p_tail,0.3416047373502907,4437
houston_ssp585_mid_2050s_hot_2058,perimeter_bot_zn_2,perimeter,bottom,east,horizontal_GHI__zone_operative_temperature,0.5117535967557635,4437
houston_ssp585_mid_2050s_hot_2058,perimeter_bot_zn_2,perimeter,bottom,east,horizontal_GHI__zone_p_tail,0.5061019024918589,4437
houston_ssp585_mid_2050s_hot_2058,perimeter_bot_zn_1,perimeter,bottom,south,horizontal_GHI__zone_operative_temperature,0.5285659208553242,4437
houston_ssp585_mid_2050s_hot_2058,perimeter_bot_zn_1,perimeter,bottom,south,horizontal_GHI__zone_p_tail,0.511164512341674,4437
houston_ssp585_mid_2050s_hot_2058,perimeter_bot_zn_4,perimeter,bottom,west,horizontal_GHI__zone_operative_temperature,0.41400655005435094,4437
houston_ssp585_mid_2050s_hot_2058,perimeter_bot_zn_4,perimeter,bottom,west,horizontal_GHI__zone_p_tail,0.37226454808013326,4437
houston_ssp585_mid_2050s_hot_2058,perimeter_mid_zn_3,perimeter,middle,north,horizontal_GHI__zone_operative_temperature,0.4859117454273022,4437
houston_ssp585_mid_2050s_hot_2058,perimeter_mid_zn_3,perimeter,middle,north,horizontal_GHI__zone_p_tail,0.48329659270126396,4437
houston_ssp585_mid_2050s_hot_2058,perimeter_mid_zn_2,perimeter,middle,east,horizontal_GHI__zone_operative_temperature,0.5739152831010301,4437
houston_ssp585_mid_2050s_hot_2058,perimeter_mid_zn_2,perimeter,middle,east,horizontal_GHI__zone_p_tail,0.5903178481241257,4437
houston_ssp585_mid_2050s_hot_2058,perimeter_mid_zn_1,perimeter,middle,south,horizontal_GHI__zone_operative_temperature,0.6420091128548057,4437
houston_ssp585_mid_2050s_hot_2058,perimeter_mid_zn_1,perimeter,middle,south,horizontal_GHI__zone_p_tail,0.624048782872885,4437
houston_ssp585_mid_2050s_hot_2058,perimeter_mid_zn_4,perimeter,middle,west,horizontal_GHI__zone_operative_temperature,0.47306376074996453,4437
houston_ssp585_mid_2050s_hot_2058,perimeter_mid_zn_4,perimeter,middle,west,horizontal_GHI__zone_p_tail,0.4386805165485928,4437
houston_ssp585_mid_2050s_typical_2055,core_bottom,core,bottom,core,horizontal_GHI__zone_operative_temperature,0.4482187298573199,4437
houston_ssp585_mid_2050s_typical_2055,core_bottom,core,bottom,core,horizontal_GHI__zone_p_tail,0.35585713589185763,4437
houston_ssp585_mid_2050s_typical_2055,core_mid,core,middle,core,horizontal_GHI__zone_operative_temperature,0.4096214060022934,4437
houston_ssp585_mid_2050s_typical_2055,core_mid,core,middle,core,horizontal_GHI__zone_p_tail,0.2861699894801186,4437
houston_ssp585_mid_2050s_typical_2055,core_top,core,top,core,horizontal_GHI__zone_operative_temperature,0.46051164464761674,4437
houston_ssp585_mid_2050s_typical_2055,core_top,core,top,core,horizontal_GHI__zone_p_tail,0.35231905384955586,4437
houston_ssp585_mid_2050s_typical_2055,perimeter_top_zn_3,perimeter,top,north,horizontal_GHI__zone_operative_temperature,0.5222719260431837,4437
houston_ssp585_mid_2050s_typical_2055,perimeter_top_zn_3,perimeter,top,north,horizontal_GHI__zone_p_tail,0.4449075081735623,4437
houston_ssp585_mid_2050s_typical_2055,perimeter_top_zn_2,perimeter,top,east,horizontal_GHI__zone_operative_temperature,0.6108924520565095,4437
houston_ssp585_mid_2050s_typical_2055,perimeter_top_zn_2,perimeter,top,east,horizontal_GHI__zone_p_tail,0.6070802212119594,4437
houston_ssp585_mid_2050s_typical_2055,perimeter_top_zn_1,perimeter,top,south,horizontal_GHI__zone_operative_temperature,0.6612792265352424,4437
houston_ssp585_mid_2050s_typical_2055,perimeter_top_zn_1,perimeter,top,south,horizontal_GHI__zone_p_tail,0.6400202569294804,4437
houston_ssp585_mid_2050s_typical_2055,perimeter_top_zn_4,perimeter,top,west,horizontal_GHI__zone_operative_temperature,0.5128064258416093,4437
houston_ssp585_mid_2050s_typical_2055,perimeter_top_zn_4,perimeter,top,west,horizontal_GHI__zone_p_tail,0.4086476241276816,4437
houston_ssp585_mid_2050s_typical_2055,perimeter_bot_zn_3,perimeter,bottom,north,horizontal_GHI__zone_operative_temperature,0.46554889142227435,4437
houston_ssp585_mid_2050s_typical_2055,perimeter_bot_zn_3,perimeter,bottom,north,horizontal_GHI__zone_p_tail,0.3422915219529419,4437
houston_ssp585_mid_2050s_typical_2055,perimeter_bot_zn_2,perimeter,bottom,east,horizontal_GHI__zone_operative_temperature,0.5286960007951175,4437
houston_ssp585_mid_2050s_typical_2055,perimeter_bot_zn_2,perimeter,bottom,east,horizontal_GHI__zone_p_tail,0.4823668850704164,4437
houston_ssp585_mid_2050s_typical_2055,perimeter_bot_zn_1,perimeter,bottom,south,horizontal_GHI__zone_operative_temperature,0.5442424078016926,4437
houston_ssp585_mid_2050s_typical_2055,perimeter_bot_zn_1,perimeter,bottom,south,horizontal_GHI__zone_p_tail,0.510584051702219,4437
houston_ssp585_mid_2050s_typical_2055,perimeter_bot_zn_4,perimeter,bottom,west,horizontal_GHI__zone_operative_temperature,0.4393247750205062,4437
houston_ssp585_mid_2050s_typical_2055,perimeter_bot_zn_4,perimeter,bottom,west,horizontal_GHI__zone_p_tail,0.35088481159408674,4437
houston_ssp585_mid_2050s_typical_2055,perimeter_mid_zn_3,perimeter,middle,north,horizontal_GHI__zone_operative_temperature,0.5112647056271271,4437
houston_ssp585_mid_2050s_typical_2055,perimeter_mid_zn_3,perimeter,middle,north,horizontal_GHI__zone_p_tail,0.47074744426329274,4437
houston_ssp585_mid_2050s_typical_2055,perimeter_mid_zn_2,perimeter,middle,east,horizontal_GHI__zone_operative_temperature,0.5930203050691224,4437
houston_ssp585_mid_2050s_typical_2055,perimeter_mid_zn_2,perimeter,middle,east,horizontal_GHI__zone_p_tail,0.6288360793237923,4437
houston_ssp585_mid_2050s_typical_2055,perimeter_mid_zn_1,perimeter,middle,south,horizontal_GHI__zone_operative_temperature,0.6554394829024585,4437
houston_ssp585_mid_2050s_typical_2055,perimeter_mid_zn_1,perimeter,middle,south,horizontal_GHI__zone_p_tail,0.6397608876462366,4437
houston_ssp585_mid_2050s_typical_2055,perimeter_mid_zn_4,perimeter,middle,west,horizontal_GHI__zone_operative_temperature,0.49716401236735397,4437
houston_ssp585_mid_2050s_typical_2055,perimeter_mid_zn_4,perimeter,middle,west,horizontal_GHI__zone_p_tail,0.42696124136970515,4437
houston_ssp585_near_2030s_heatwave_extreme_2037,core_bottom,core,bottom,core,horizontal_GHI__zone_operative_temperature,0.4349623658794925,4437
houston_ssp585_near_2030s_heatwave_extreme_2037,core_bottom,core,bottom,core,horizontal_GHI__zone_p_tail,0.2895262465122631,4437
houston_ssp585_near_2030s_heatwave_extreme_2037,core_mid,core,middle,core,horizontal_GHI__zone_operative_temperature,0.3952610258854728,4437
houston_ssp585_near_2030s_heatwave_extreme_2037,core_mid,core,middle,core,horizontal_GHI__zone_p_tail,0.25351582621717983,4437
houston_ssp585_near_2030s_heatwave_extreme_2037,core_top,core,top,core,horizontal_GHI__zone_operative_temperature,0.46007672598104044,4437
houston_ssp585_near_2030s_heatwave_extreme_2037,core_top,core,top,core,horizontal_GHI__zone_p_tail,0.3334641879513961,4437
houston_ssp585_near_2030s_heatwave_extreme_2037,perimeter_top_zn_3,perimeter,top,north,horizontal_GHI__zone_operative_temperature,0.531380834379858,4437
houston_ssp585_near_2030s_heatwave_extreme_2037,perimeter_top_zn_3,perimeter,top,north,horizontal_GHI__zone_p_tail,0.4644485079578644,4437
houston_ssp585_near_2030s_heatwave_extreme_2037,perimeter_top_zn_2,perimeter,top,east,horizontal_GHI__zone_operative_temperature,0.6301333593587655,4437
houston_ssp585_near_2030s_heatwave_extreme_2037,perimeter_top_zn_2,perimeter,top,east,horizontal_GHI__zone_p_tail,0.6084450861736542,4437
houston_ssp585_near_2030s_heatwave_extreme_2037,perimeter_top_zn_1,perimeter,top,south,horizontal_GHI__zone_operative_temperature,0.6792109001936861,4437
houston_ssp585_near_2030s_heatwave_extreme_2037,perimeter_top_zn_1,perimeter,top,south,horizontal_GHI__zone_p_tail,0.6474208106611933,4437
houston_ssp585_near_2030s_heatwave_extreme_2037,perimeter_top_zn_4,perimeter,top,west,horizontal_GHI__zone_operative_temperature,0.5168721853592264,4437
houston_ssp585_near_2030s_heatwave_extreme_2037,perimeter_top_zn_4,perimeter,top,west,horizontal_GHI__zone_p_tail,0.4294887446373277,4437
houston_ssp585_near_2030s_heatwave_extreme_2037,perimeter_bot_zn_3,perimeter,bottom,north,horizontal_GHI__zone_operative_temperature,0.4682088440660384,4437
houston_ssp585_near_2030s_heatwave_extreme_2037,perimeter_bot_zn_3,perimeter,bottom,north,horizontal_GHI__zone_p_tail,0.35512807426776766,4437
houston_ssp585_near_2030s_heatwave_extreme_2037,perimeter_bot_zn_2,perimeter,bottom,east,horizontal_GHI__zone_operative_temperature,0.5430238141896582,4437
houston_ssp585_near_2030s_heatwave_extreme_2037,perimeter_bot_zn_2,perimeter,bottom,east,horizontal_GHI__zone_p_tail,0.5048224602590958,4437
houston_ssp585_near_2030s_heatwave_extreme_2037,perimeter_bot_zn_1,perimeter,bottom,south,horizontal_GHI__zone_operative_temperature,0.5695033000741897,4437
houston_ssp585_near_2030s_heatwave_extreme_2037,perimeter_bot_zn_1,perimeter,bottom,south,horizontal_GHI__zone_p_tail,0.5409271270909913,4437
houston_ssp585_near_2030s_heatwave_extreme_2037,perimeter_bot_zn_4,perimeter,bottom,west,horizontal_GHI__zone_operative_temperature,0.4377629604492802,4437
houston_ssp585_near_2030s_heatwave_extreme_2037,perimeter_bot_zn_4,perimeter,bottom,west,horizontal_GHI__zone_p_tail,0.3649611088829552,4437
houston_ssp585_near_2030s_heatwave_extreme_2037,perimeter_mid_zn_3,perimeter,middle,north,horizontal_GHI__zone_operative_temperature,0.5131723611372655,4437
houston_ssp585_near_2030s_heatwave_extreme_2037,perimeter_mid_zn_3,perimeter,middle,north,horizontal_GHI__zone_p_tail,0.4760945389664485,4437
houston_ssp585_near_2030s_heatwave_extreme_2037,perimeter_mid_zn_2,perimeter,middle,east,horizontal_GHI__zone_operative_temperature,0.6095614477586019,4437
houston_ssp585_near_2030s_heatwave_extreme_2037,perimeter_mid_zn_2,perimeter,middle,east,horizontal_GHI__zone_p_tail,0.6174982154693512,4437
houston_ssp585_near_2030s_heatwave_extreme_2037,perimeter_mid_zn_1,perimeter,middle,south,horizontal_GHI__zone_operative_temperature,0.6725764963291927,4437
houston_ssp585_near_2030s_heatwave_extreme_2037,perimeter_mid_zn_1,perimeter,middle,south,horizontal_GHI__zone_p_tail,0.6419106361379193,4437
houston_ssp585_near_2030s_heatwave_extreme_2037,perimeter_mid_zn_4,perimeter,middle,west,horizontal_GHI__zone_operative_temperature,0.49768985099120394,4437
houston_ssp585_near_2030s_heatwave_extreme_2037,perimeter_mid_zn_4,perimeter,middle,west,horizontal_GHI__zone_p_tail,0.4415036845490458,4437
houston_ssp585_near_2030s_hot_2035,core_bottom,core,bottom,core,horizontal_GHI__zone_operative_temperature,0.43791067188066163,4437
houston_ssp585_near_2030s_hot_2035,core_bottom,core,bottom,core,horizontal_GHI__zone_p_tail,0.2974574296419626,4437
houston_ssp585_near_2030s_hot_2035,core_mid,core,middle,core,horizontal_GHI__zone_operative_temperature,0.40824337633433,4437
houston_ssp585_near_2030s_hot_2035,core_mid,core,middle,core,horizontal_GHI__zone_p_tail,0.29773837404016656,4437
houston_ssp585_near_2030s_hot_2035,core_top,core,top,core,horizontal_GHI__zone_operative_temperature,0.47621798598014614,4437
houston_ssp585_near_2030s_hot_2035,core_top,core,top,core,horizontal_GHI__zone_p_tail,0.3706681953555989,4437
houston_ssp585_near_2030s_hot_2035,perimeter_top_zn_3,perimeter,top,north,horizontal_GHI__zone_operative_temperature,0.5517674514396776,4437
houston_ssp585_near_2030s_hot_2035,perimeter_top_zn_3,perimeter,top,north,horizontal_GHI__zone_p_tail,0.5306589386930728,4437
houston_ssp585_near_2030s_hot_2035,perimeter_top_zn_2,perimeter,top,east,horizontal_GHI__zone_operative_temperature,0.6529382476929984,4437
houston_ssp585_near_2030s_hot_2035,perimeter_top_zn_2,perimeter,top,east,horizontal_GHI__zone_p_tail,0.6630671455872245,4437
houston_ssp585_near_2030s_hot_2035,perimeter_top_zn_1,perimeter,top,south,horizontal_GHI__zone_operative_temperature,0.6951373666075413,4437
houston_ssp585_near_2030s_hot_2035,perimeter_top_zn_1,perimeter,top,south,horizontal_GHI__zone_p_tail,0.6708325261337156,4437
houston_ssp585_near_2030s_hot_2035,perimeter_top_zn_4,perimeter,top,west,horizontal_GHI__zone_operative_temperature,0.5278789366352223,4437
houston_ssp585_near_2030s_hot_2035,perimeter_top_zn_4,perimeter,top,west,horizontal_GHI__zone_p_tail,0.45844651373747847,4437
houston_ssp585_near_2030s_hot_2035,perimeter_bot_zn_3,perimeter,bottom,north,horizontal_GHI__zone_operative_temperature,0.47974599844392407,4437
houston_ssp585_near_2030s_hot_2035,perimeter_bot_zn_3,perimeter,bottom,north,horizontal_GHI__zone_p_tail,0.4141047422333952,4437
houston_ssp585_near_2030s_hot_2035,perimeter_bot_zn_2,perimeter,bottom,east,horizontal_GHI__zone_operative_temperature,0.5589673060953186,4437
houston_ssp585_near_2030s_hot_2035,perimeter_bot_zn_2,perimeter,bottom,east,horizontal_GHI__zone_p_tail,0.5697264717013986,4437
houston_ssp585_near_2030s_hot_2035,perimeter_bot_zn_1,perimeter,bottom,south,horizontal_GHI__zone_operative_temperature,0.5862527574482849,4437
houston_ssp585_near_2030s_hot_2035,perimeter_bot_zn_1,perimeter,bottom,south,horizontal_GHI__zone_p_tail,0.5727084569233947,4437
houston_ssp585_near_2030s_hot_2035,perimeter_bot_zn_4,perimeter,bottom,west,horizontal_GHI__zone_operative_temperature,0.44506886783590677,4437
houston_ssp585_near_2030s_hot_2035,perimeter_bot_zn_4,perimeter,bottom,west,horizontal_GHI__zone_p_tail,0.39304279032803857,4437
houston_ssp585_near_2030s_hot_2035,perimeter_mid_zn_3,perimeter,middle,north,horizontal_GHI__zone_operative_temperature,0.5372901256632296,4437
houston_ssp585_near_2030s_hot_2035,perimeter_mid_zn_3,perimeter,middle,north,horizontal_GHI__zone_p_tail,0.5310603001014985,4437
houston_ssp585_near_2030s_hot_2035,perimeter_mid_zn_2,perimeter,middle,east,horizontal_GHI__zone_operative_temperature,0.6326354284727098,4437
houston_ssp585_near_2030s_hot_2035,perimeter_mid_zn_2,perimeter,middle,east,horizontal_GHI__zone_p_tail,0.6525776872327576,4437
houston_ssp585_near_2030s_hot_2035,perimeter_mid_zn_1,perimeter,middle,south,horizontal_GHI__zone_operative_temperature,0.6929878357685907,4437
houston_ssp585_near_2030s_hot_2035,perimeter_mid_zn_1,perimeter,middle,south,horizontal_GHI__zone_p_tail,0.6891330226702935,4437
houston_ssp585_near_2030s_hot_2035,perimeter_mid_zn_4,perimeter,middle,west,horizontal_GHI__zone_operative_temperature,0.5114597929974356,4437
houston_ssp585_near_2030s_hot_2035,perimeter_mid_zn_4,perimeter,middle,west,horizontal_GHI__zone_p_tail,0.4554567446157328,4437
houston_ssp585_near_2030s_typical_2038,core_bottom,core,bottom,core,horizontal_GHI__zone_operative_temperature,0.46074605433920535,4437
houston_ssp585_near_2030s_typical_2038,core_bottom,core,bottom,core,horizontal_GHI__zone_p_tail,0.31013864682717146,4437
houston_ssp585_near_2030s_typical_2038,core_mid,core,middle,core,horizontal_GHI__zone_operative_temperature,0.418508581845315,4437
houston_ssp585_near_2030s_typical_2038,core_mid,core,middle,core,horizontal_GHI__zone_p_tail,0.2640939744466542,4437
houston_ssp585_near_2030s_typical_2038,core_top,core,top,core,horizontal_GHI__zone_operative_temperature,0.465192249470992,4437
houston_ssp585_near_2030s_typical_2038,core_top,core,top,core,horizontal_GHI__zone_p_tail,0.3165855046019925,4437
houston_ssp585_near_2030s_typical_2038,perimeter_top_zn_3,perimeter,top,north,horizontal_GHI__zone_operative_temperature,0.5222736631907114,4437
houston_ssp585_near_2030s_typical_2038,perimeter_top_zn_3,perimeter,top,north,horizontal_GHI__zone_p_tail,0.422258082718248,4437
houston_ssp585_near_2030s_typical_2038,perimeter_top_zn_2,perimeter,top,east,horizontal_GHI__zone_operative_temperature,0.6093505408614546,4437
houston_ssp585_near_2030s_typical_2038,perimeter_top_zn_2,perimeter,top,east,horizontal_GHI__zone_p_tail,0.5600063663235221,4437
houston_ssp585_near_2030s_typical_2038,perimeter_top_zn_1,perimeter,top,south,horizontal_GHI__zone_operative_temperature,0.6631216324026055,4437
houston_ssp585_near_2030s_typical_2038,perimeter_top_zn_1,perimeter,top,south,horizontal_GHI__zone_p_tail,0.6114190049316948,4437
houston_ssp585_near_2030s_typical_2038,perimeter_top_zn_4,perimeter,top,west,horizontal_GHI__zone_operative_temperature,0.5157090453374655,4437
houston_ssp585_near_2030s_typical_2038,perimeter_top_zn_4,perimeter,top,west,horizontal_GHI__zone_p_tail,0.3774774816915827,4437
houston_ssp585_near_2030s_typical_2038,perimeter_bot_zn_3,perimeter,bottom,north,horizontal_GHI__zone_operative_temperature,0.4772352353789011,4437
houston_ssp585_near_2030s_typical_2038,perimeter_bot_zn_3,perimeter,bottom,north,horizontal_GHI__zone_p_tail,0.32140718026463133,4437
houston_ssp585_near_2030s_typical_2038,perimeter_bot_zn_2,perimeter,bottom,east,horizontal_GHI__zone_operative_temperature,0.5354518462563911,4437
houston_ssp585_near_2030s_typical_2038,perimeter_bot_zn_2,perimeter,bottom,east,horizontal_GHI__zone_p_tail,0.45704788887780257,4437
houston_ssp585_near_2030s_typical_2038,perimeter_bot_zn_1,perimeter,bottom,south,horizontal_GHI__zone_operative_temperature,0.5438894582677625,4437
houston_ssp585_near_2030s_typical_2038,perimeter_bot_zn_1,perimeter,bottom,south,horizontal_GHI__zone_p_tail,0.499057429492242,4437
houston_ssp585_near_2030s_typical_2038,perimeter_bot_zn_4,perimeter,bottom,west,horizontal_GHI__zone_operative_temperature,0.44430120525670086,4437
houston_ssp585_near_2030s_typical_2038,perimeter_bot_zn_4,perimeter,bottom,west,horizontal_GHI__zone_p_tail,0.3237358508336332,4437
houston_ssp585_near_2030s_typical_2038,perimeter_mid_zn_3,perimeter,middle,north,horizontal_GHI__zone_operative_temperature,0.5108685282205196,4437
houston_ssp585_near_2030s_typical_2038,perimeter_mid_zn_3,perimeter,middle,north,horizontal_GHI__zone_p_tail,0.45336122560185016,4437
houston_ssp585_near_2030s_typical_2038,perimeter_mid_zn_2,perimeter,middle,east,horizontal_GHI__zone_operative_temperature,0.5924098698289437,4437
houston_ssp585_near_2030s_typical_2038,perimeter_mid_zn_2,perimeter,middle,east,horizontal_GHI__zone_p_tail,0.5722387186310849,4437
houston_ssp585_near_2030s_typical_2038,perimeter_mid_zn_1,perimeter,middle,south,horizontal_GHI__zone_operative_temperature,0.6586386460335563,4437
houston_ssp585_near_2030s_typical_2038,perimeter_mid_zn_1,perimeter,middle,south,horizontal_GHI__zone_p_tail,0.6200339089593184,4437
houston_ssp585_near_2030s_typical_2038,perimeter_mid_zn_4,perimeter,middle,west,horizontal_GHI__zone_operative_temperature,0.5003441959088744,4437
houston_ssp585_near_2030s_typical_2038,perimeter_mid_zn_4,perimeter,middle,west,horizontal_GHI__zone_p_tail,0.3923002816789635,4437
kolkata_ssp245_baseline_2020s_heatwave_extreme_2027,core_bottom,core,bottom,core,horizontal_GHI__zone_operative_temperature,0.2914109627267857,4437
kolkata_ssp245_baseline_2020s_heatwave_extreme_2027,core_bottom,core,bottom,core,horizontal_GHI__zone_p_tail,0.25583069864721314,4437
kolkata_ssp245_baseline_2020s_heatwave_extreme_2027,core_mid,core,middle,core,horizontal_GHI__zone_operative_temperature,0.2543782063167525,4437
kolkata_ssp245_baseline_2020s_heatwave_extreme_2027,core_mid,core,middle,core,horizontal_GHI__zone_p_tail,0.23958913318603023,4437
kolkata_ssp245_baseline_2020s_heatwave_extreme_2027,core_top,core,top,core,horizontal_GHI__zone_operative_temperature,0.33068902868665523,4437
kolkata_ssp245_baseline_2020s_heatwave_extreme_2027,core_top,core,top,core,horizontal_GHI__zone_p_tail,0.31035111961246614,4437
kolkata_ssp245_baseline_2020s_heatwave_extreme_2027,perimeter_top_zn_3,perimeter,top,north,horizontal_GHI__zone_operative_temperature,0.4396713118389133,4437
kolkata_ssp245_baseline_2020s_heatwave_extreme_2027,perimeter_top_zn_3,perimeter,top,north,horizontal_GHI__zone_p_tail,0.48160531506203746,4437
kolkata_ssp245_baseline_2020s_heatwave_extreme_2027,perimeter_top_zn_2,perimeter,top,east,horizontal_GHI__zone_operative_temperature,0.5546911699340596,4437
kolkata_ssp245_baseline_2020s_heatwave_extreme_2027,perimeter_top_zn_2,perimeter,top,east,horizontal_GHI__zone_p_tail,0.5807980405727515,4437
kolkata_ssp245_baseline_2020s_heatwave_extreme_2027,perimeter_top_zn_1,perimeter,top,south,horizontal_GHI__zone_operative_temperature,0.6114349607508635,4437
kolkata_ssp245_baseline_2020s_heatwave_extreme_2027,perimeter_top_zn_1,perimeter,top,south,horizontal_GHI__zone_p_tail,0.6131378565111383,4437
kolkata_ssp245_baseline_2020s_heatwave_extreme_2027,perimeter_top_zn_4,perimeter,top,west,horizontal_GHI__zone_operative_temperature,0.4937035784810741,4437
kolkata_ssp245_baseline_2020s_heatwave_extreme_2027,perimeter_top_zn_4,perimeter,top,west,horizontal_GHI__zone_p_tail,0.5083739816195815,4437
kolkata_ssp245_baseline_2020s_heatwave_extreme_2027,perimeter_bot_zn_3,perimeter,bottom,north,horizontal_GHI__zone_operative_temperature,0.33737260072116454,4437
kolkata_ssp245_baseline_2020s_heatwave_extreme_2027,perimeter_bot_zn_3,perimeter,bottom,north,horizontal_GHI__zone_p_tail,0.3316983921906339,4437
kolkata_ssp245_baseline_2020s_heatwave_extreme_2027,perimeter_bot_zn_2,perimeter,bottom,east,horizontal_GHI__zone_operative_temperature,0.4565328436933958,4437
kolkata_ssp245_baseline_2020s_heatwave_extreme_2027,perimeter_bot_zn_2,perimeter,bottom,east,horizontal_GHI__zone_p_tail,0.4947230051858062,4437
kolkata_ssp245_baseline_2020s_heatwave_extreme_2027,perimeter_bot_zn_1,perimeter,bottom,south,horizontal_GHI__zone_operative_temperature,0.5057611207512942,4437
kolkata_ssp245_baseline_2020s_heatwave_extreme_2027,perimeter_bot_zn_1,perimeter,bottom,south,horizontal_GHI__zone_p_tail,0.5069472754097617,4437
kolkata_ssp245_baseline_2020s_heatwave_extreme_2027,perimeter_bot_zn_4,perimeter,bottom,west,horizontal_GHI__zone_operative_temperature,0.39367922753328793,4437
kolkata_ssp245_baseline_2020s_heatwave_extreme_2027,perimeter_bot_zn_4,perimeter,bottom,west,horizontal_GHI__zone_p_tail,0.4131062692779022,4437
kolkata_ssp245_baseline_2020s_heatwave_extreme_2027,perimeter_mid_zn_3,perimeter,middle,north,horizontal_GHI__zone_operative_temperature,0.4003230728432031,4437
kolkata_ssp245_baseline_2020s_heatwave_extreme_2027,perimeter_mid_zn_3,perimeter,middle,north,horizontal_GHI__zone_p_tail,0.458755313659013,4437
kolkata_ssp245_baseline_2020s_heatwave_extreme_2027,perimeter_mid_zn_2,perimeter,middle,east,horizontal_GHI__zone_operative_temperature,0.5162635321266108,4437
kolkata_ssp245_baseline_2020s_heatwave_extreme_2027,perimeter_mid_zn_2,perimeter,middle,east,horizontal_GHI__zone_p_tail,0.5568243798391352,4437
kolkata_ssp245_baseline_2020s_heatwave_extreme_2027,perimeter_mid_zn_1,perimeter,middle,south,horizontal_GHI__zone_operative_temperature,0.6081329181193137,4437
kolkata_ssp245_baseline_2020s_heatwave_extreme_2027,perimeter_mid_zn_1,perimeter,middle,south,horizontal_GHI__zone_p_tail,0.6226752472435808,4437
kolkata_ssp245_baseline_2020s_heatwave_extreme_2027,perimeter_mid_zn_4,perimeter,middle,west,horizontal_GHI__zone_operative_temperature,0.4589719647844687,4437
kolkata_ssp245_baseline_2020s_heatwave_extreme_2027,perimeter_mid_zn_4,perimeter,middle,west,horizontal_GHI__zone_p_tail,0.4751822042449532,4437
kolkata_ssp245_baseline_2020s_hot_2028,core_bottom,core,bottom,core,horizontal_GHI__zone_operative_temperature,0.3557844288290513,4437
kolkata_ssp245_baseline_2020s_hot_2028,core_bottom,core,bottom,core,horizontal_GHI__zone_p_tail,0.3251135745415527,4437
kolkata_ssp245_baseline_2020s_hot_2028,core_mid,core,middle,core,horizontal_GHI__zone_operative_temperature,0.3079390754047986,4437
kolkata_ssp245_baseline_2020s_hot_2028,core_mid,core,middle,core,horizontal_GHI__zone_p_tail,0.2902713546366333,4437
kolkata_ssp245_baseline_2020s_hot_2028,core_top,core,top,core,horizontal_GHI__zone_operative_temperature,0.37021385762047,4437
kolkata_ssp245_baseline_2020s_hot_2028,core_top,core,top,core,horizontal_GHI__zone_p_tail,0.343641764416209,4437
kolkata_ssp245_baseline_2020s_hot_2028,perimeter_top_zn_3,perimeter,top,north,horizontal_GHI__zone_operative_temperature,0.4877778981674194,4437
kolkata_ssp245_baseline_2020s_hot_2028,perimeter_top_zn_3,perimeter,top,north,horizontal_GHI__zone_p_tail,0.5254663152452603,4437
kolkata_ssp245_baseline_2020s_hot_2028,perimeter_top_zn_2,perimeter,top,east,horizontal_GHI__zone_operative_temperature,0.5974769915493512,4437
kolkata_ssp245_baseline_2020s_hot_2028,perimeter_top_zn_2,perimeter,top,east,horizontal_GHI__zone_p_tail,0.6186201676262346,4437
kolkata_ssp245_baseline_2020s_hot_2028,perimeter_top_zn_1,perimeter,top,south,horizontal_GHI__zone_operative_temperature,0.6572644218025153,4437
kolkata_ssp245_baseline_2020s_hot_2028,perimeter_top_zn_1,perimeter,top,south,horizontal_GHI__zone_p_tail,0.657389251349236,4437
kolkata_ssp245_baseline_2020s_hot_2028,perimeter_top_zn_4,perimeter,top,west,horizontal_GHI__zone_operative_temperature,0.5360326335813763,4437
kolkata_ssp245_baseline_2020s_hot_2028,perimeter_top_zn_4,perimeter,top,west,horizontal_GHI__zone_p_tail,0.5234874667651395,4437
kolkata_ssp245_baseline_2020s_hot_2028,perimeter_bot_zn_3,perimeter,bottom,north,horizontal_GHI__zone_operative_temperature,0.42116525182904496,4437
kolkata_ssp245_baseline_2020s_hot_2028,perimeter_bot_zn_3,perimeter,bottom,north,horizontal_GHI__zone_p_tail,0.42797441098954103,4437
kolkata_ssp245_baseline_2020s_hot_2028,perimeter_bot_zn_2,perimeter,bottom,east,horizontal_GHI__zone_operative_temperature,0.5325898259776775,4437
kolkata_ssp245_baseline_2020s_hot_2028,perimeter_bot_zn_2,perimeter,bottom,east,horizontal_GHI__zone_p_tail,0.561973605156807,4437
kolkata_ssp245_baseline_2020s_hot_2028,perimeter_bot_zn_1,perimeter,bottom,south,horizontal_GHI__zone_operative_temperature,0.6163005604746629,4437
kolkata_ssp245_baseline_2020s_hot_2028,perimeter_bot_zn_1,perimeter,bottom,south,horizontal_GHI__zone_p_tail,0.6181589533458962,4437
kolkata_ssp245_baseline_2020s_hot_2028,perimeter_bot_zn_4,perimeter,bottom,west,horizontal_GHI__zone_operative_temperature,0.4646039442481977,4437
kolkata_ssp245_baseline_2020s_hot_2028,perimeter_bot_zn_4,perimeter,bottom,west,horizontal_GHI__zone_p_tail,0.462510003952086,4437
kolkata_ssp245_baseline_2020s_hot_2028,perimeter_mid_zn_3,perimeter,middle,north,horizontal_GHI__zone_operative_temperature,0.45766405125205567,4437
kolkata_ssp245_baseline_2020s_hot_2028,perimeter_mid_zn_3,perimeter,middle,north,horizontal_GHI__zone_p_tail,0.495751164265139,4437
kolkata_ssp245_baseline_2020s_hot_2028,perimeter_mid_zn_2,perimeter,middle,east,horizontal_GHI__zone_operative_temperature,0.5641961717237703,4437
kolkata_ssp245_baseline_2020s_hot_2028,perimeter_mid_zn_2,perimeter,middle,east,horizontal_GHI__zone_p_tail,0.5884270258474433,4437
kolkata_ssp245_baseline_2020s_hot_2028,perimeter_mid_zn_1,perimeter,middle,south,horizontal_GHI__zone_operative_temperature,0.6695067127426209,4437
kolkata_ssp245_baseline_2020s_hot_2028,perimeter_mid_zn_1,perimeter,middle,south,horizontal_GHI__zone_p_tail,0.6721184179296471,4437
kolkata_ssp245_baseline_2020s_hot_2028,perimeter_mid_zn_4,perimeter,middle,west,horizontal_GHI__zone_operative_temperature,0.5054421701955251,4437
kolkata_ssp245_baseline_2020s_hot_2028,perimeter_mid_zn_4,perimeter,middle,west,horizontal_GHI__zone_p_tail,0.5047493219421586,4437
kolkata_ssp245_baseline_2020s_typical_2026,core_bottom,core,bottom,core,horizontal_GHI__zone_operative_temperature,0.34387444981626375,4437
kolkata_ssp245_baseline_2020s_typical_2026,core_bottom,core,bottom,core,horizontal_GHI__zone_p_tail,0.3217278615484658,4437
kolkata_ssp245_baseline_2020s_typical_2026,core_mid,core,middle,core,horizontal_GHI__zone_operative_temperature,0.30076595053175564,4437
kolkata_ssp245_baseline_2020s_typical_2026,core_mid,core,middle,core,horizontal_GHI__zone_p_tail,0.2683415376284032,4437
kolkata_ssp245_baseline_2020s_typical_2026,core_top,core,top,core,horizontal_GHI__zone_operative_temperature,0.38215823215356026,4437
kolkata_ssp245_baseline_2020s_typical_2026,core_top,core,top,core,horizontal_GHI__zone_p_tail,0.342293522758295,4437
kolkata_ssp245_baseline_2020s_typical_2026,perimeter_top_zn_3,perimeter,top,north,horizontal_GHI__zone_operative_temperature,0.4951594649864993,4437
kolkata_ssp245_baseline_2020s_typical_2026,perimeter_top_zn_3,perimeter,top,north,horizontal_GHI__zone_p_tail,0.5325951403518313,4437
kolkata_ssp245_baseline_2020s_typical_2026,perimeter_top_zn_2,perimeter,top,east,horizontal_GHI__zone_operative_temperature,0.6068611668544837,4437
kolkata_ssp245_baseline_2020s_typical_2026,perimeter_top_zn_2,perimeter,top,east,horizontal_GHI__zone_p_tail,0.6515885707366793,4437
kolkata_ssp245_baseline_2020s_typical_2026,perimeter_top_zn_1,perimeter,top,south,horizontal_GHI__zone_operative_temperature,0.6624801852553048,4437
kolkata_ssp245_baseline_2020s_typical_2026,perimeter_top_zn_1,perimeter,top,south,horizontal_GHI__zone_p_tail,0.661436086941244,4437
kolkata_ssp245_baseline_2020s_typical_2026,perimeter_top_zn_4,perimeter,top,west,horizontal_GHI__zone_operative_temperature,0.5437762028463509,4437
kolkata_ssp245_baseline_2020s_typical_2026,perimeter_top_zn_4,perimeter,top,west,horizontal_GHI__zone_p_tail,0.5556369289983473,4437
kolkata_ssp245_baseline_2020s_typical_2026,perimeter_bot_zn_3,perimeter,bottom,north,horizontal_GHI__zone_operative_temperature,0.40856677309103057,4437
kolkata_ssp245_baseline_2020s_typical_2026,perimeter_bot_zn_3,perimeter,bottom,north,horizontal_GHI__zone_p_tail,0.42322299372762173,4437
kolkata_ssp245_baseline_2020s_typical_2026,perimeter_bot_zn_2,perimeter,bottom,east,horizontal_GHI__zone_operative_temperature,0.5381180329990449,4437
kolkata_ssp245_baseline_2020s_typical_2026,perimeter_bot_zn_2,perimeter,bottom,east,horizontal_GHI__zone_p_tail,0.5880083435525305,4437
kolkata_ssp245_baseline_2020s_typical_2026,perimeter_bot_zn_1,perimeter,bottom,south,horizontal_GHI__zone_operative_temperature,0.6197931195134694,4437
kolkata_ssp245_baseline_2020s_typical_2026,perimeter_bot_zn_1,perimeter,bottom,south,horizontal_GHI__zone_p_tail,0.6234444289249154,4437
kolkata_ssp245_baseline_2020s_typical_2026,perimeter_bot_zn_4,perimeter,bottom,west,horizontal_GHI__zone_operative_temperature,0.4711650554760891,4437
kolkata_ssp245_baseline_2020s_typical_2026,perimeter_bot_zn_4,perimeter,bottom,west,horizontal_GHI__zone_p_tail,0.501529347743062,4437
kolkata_ssp245_baseline_2020s_typical_2026,perimeter_mid_zn_3,perimeter,middle,north,horizontal_GHI__zone_operative_temperature,0.45900165408640975,4437
kolkata_ssp245_baseline_2020s_typical_2026,perimeter_mid_zn_3,perimeter,middle,north,horizontal_GHI__zone_p_tail,0.5046290362087692,4437
kolkata_ssp245_baseline_2020s_typical_2026,perimeter_mid_zn_2,perimeter,middle,east,horizontal_GHI__zone_operative_temperature,0.5717801372030558,4437
kolkata_ssp245_baseline_2020s_typical_2026,perimeter_mid_zn_2,perimeter,middle,east,horizontal_GHI__zone_p_tail,0.6222270202135419,4437
kolkata_ssp245_baseline_2020s_typical_2026,perimeter_mid_zn_1,perimeter,middle,south,horizontal_GHI__zone_operative_temperature,0.6693594238878107,4437
kolkata_ssp245_baseline_2020s_typical_2026,perimeter_mid_zn_1,perimeter,middle,south,horizontal_GHI__zone_p_tail,0.6718788673728809,4437
kolkata_ssp245_baseline_2020s_typical_2026,perimeter_mid_zn_4,perimeter,middle,west,horizontal_GHI__zone_operative_temperature,0.5120715162680909,4437
kolkata_ssp245_baseline_2020s_typical_2026,perimeter_mid_zn_4,perimeter,middle,west,horizontal_GHI__zone_p_tail,0.5383568377216462,4437
kolkata_ssp245_late_2080s_heatwave_extreme_2086,core_bottom,core,bottom,core,horizontal_GHI__zone_operative_temperature,0.3388269138785165,4437
kolkata_ssp245_late_2080s_heatwave_extreme_2086,core_bottom,core,bottom,core,horizontal_GHI__zone_p_tail,0.33229895150379113,4437
kolkata_ssp245_late_2080s_heatwave_extreme_2086,core_mid,core,middle,core,horizontal_GHI__zone_operative_temperature,0.30100417369472154,4437
kolkata_ssp245_late_2080s_heatwave_extreme_2086,core_mid,core,middle,core,horizontal_GHI__zone_p_tail,0.2731982866013296,4437
kolkata_ssp245_late_2080s_heatwave_extreme_2086,core_top,core,top,core,horizontal_GHI__zone_operative_temperature,0.35569842173604455,4437
kolkata_ssp245_late_2080s_heatwave_extreme_2086,core_top,core,top,core,horizontal_GHI__zone_p_tail,0.3255259191148482,4437
kolkata_ssp245_late_2080s_heatwave_extreme_2086,perimeter_top_zn_3,perimeter,top,north,horizontal_GHI__zone_operative_temperature,0.46008603954107424,4437
kolkata_ssp245_late_2080s_heatwave_extreme_2086,perimeter_top_zn_3,perimeter,top,north,horizontal_GHI__zone_p_tail,0.4706339750972225,4437
kolkata_ssp245_late_2080s_heatwave_extreme_2086,perimeter_top_zn_2,perimeter,top,east,horizontal_GHI__zone_operative_temperature,0.5479474320310788,4437
kolkata_ssp245_late_2080s_heatwave_extreme_2086,perimeter_top_zn_2,perimeter,top,east,horizontal_GHI__zone_p_tail,0.5758720137579743,4437
kolkata_ssp245_late_2080s_heatwave_extreme_2086,perimeter_top_zn_1,perimeter,top,south,horizontal_GHI__zone_operative_temperature,0.6100156437200477,4437
kolkata_ssp245_late_2080s_heatwave_extreme_2086,perimeter_top_zn_1,perimeter,top,south,horizontal_GHI__zone_p_tail,0.6101296486311617,4437
kolkata_ssp245_late_2080s_heatwave_extreme_2086,perimeter_top_zn_4,perimeter,top,west,horizontal_GHI__zone_operative_temperature,0.4913194864412794,4437
kolkata_ssp245_late_2080s_heatwave_extreme_2086,perimeter_top_zn_4,perimeter,top,west,horizontal_GHI__zone_p_tail,0.5059287382539617,4437
kolkata_ssp245_late_2080s_heatwave_extreme_2086,perimeter_bot_zn_3,perimeter,bottom,north,horizontal_GHI__zone_operative_temperature,0.4042155624309818,4437
kolkata_ssp245_late_2080s_heatwave_extreme_2086,perimeter_bot_zn_3,perimeter,bottom,north,horizontal_GHI__zone_p_tail,0.4037740333629162,4437
kolkata_ssp245_late_2080s_heatwave_extreme_2086,perimeter_bot_zn_2,perimeter,bottom,east,horizontal_GHI__zone_operative_temperature,0.5022387680529385,4437
kolkata_ssp245_late_2080s_heatwave_extreme_2086,perimeter_bot_zn_2,perimeter,bottom,east,horizontal_GHI__zone_p_tail,0.5351990595398661,4437
kolkata_ssp245_late_2080s_heatwave_extreme_2086,perimeter_bot_zn_1,perimeter,bottom,south,horizontal_GHI__zone_operative_temperature,0.5915905059926102,4437
kolkata_ssp245_late_2080s_heatwave_extreme_2086,perimeter_bot_zn_1,perimeter,bottom,south,horizontal_GHI__zone_p_tail,0.5937404671168575,4437
kolkata_ssp245_late_2080s_heatwave_extreme_2086,perimeter_bot_zn_4,perimeter,bottom,west,horizontal_GHI__zone_operative_temperature,0.43947481222590973,4437
kolkata_ssp245_late_2080s_heatwave_extreme_2086,perimeter_bot_zn_4,perimeter,bottom,west,horizontal_GHI__zone_p_tail,0.4573707662594598,4437
kolkata_ssp245_late_2080s_heatwave_extreme_2086,perimeter_mid_zn_3,perimeter,middle,north,horizontal_GHI__zone_operative_temperature,0.43553792899196025,4437
kolkata_ssp245_late_2080s_heatwave_extreme_2086,perimeter_mid_zn_3,perimeter,middle,north,horizontal_GHI__zone_p_tail,0.43733031918715887,4437
kolkata_ssp245_late_2080s_heatwave_extreme_2086,perimeter_mid_zn_2,perimeter,middle,east,horizontal_GHI__zone_operative_temperature,0.5156163026005676,4437
kolkata_ssp245_late_2080s_heatwave_extreme_2086,perimeter_mid_zn_2,perimeter,middle,east,horizontal_GHI__zone_p_tail,0.5410194435377885,4437
kolkata_ssp245_late_2080s_heatwave_extreme_2086,perimeter_mid_zn_1,perimeter,middle,south,horizontal_GHI__zone_operative_temperature,0.6194196334311899,4437
kolkata_ssp245_late_2080s_heatwave_extreme_2086,perimeter_mid_zn_1,perimeter,middle,south,horizontal_GHI__zone_p_tail,0.616875625439838,4437
kolkata_ssp245_late_2080s_heatwave_extreme_2086,perimeter_mid_zn_4,perimeter,middle,west,horizontal_GHI__zone_operative_temperature,0.4617196306153355,4437
kolkata_ssp245_late_2080s_heatwave_extreme_2086,perimeter_mid_zn_4,perimeter,middle,west,horizontal_GHI__zone_p_tail,0.4867655878773473,4437
kolkata_ssp245_late_2080s_hot_2087,core_bottom,core,bottom,core,horizontal_GHI__zone_operative_temperature,0.30597683254065167,4437
kolkata_ssp245_late_2080s_hot_2087,core_bottom,core,bottom,core,horizontal_GHI__zone_p_tail,0.30554578777163627,4437
kolkata_ssp245_late_2080s_hot_2087,core_mid,core,middle,core,horizontal_GHI__zone_operative_temperature,0.26093483979311427,4437
kolkata_ssp245_late_2080s_hot_2087,core_mid,core,middle,core,horizontal_GHI__zone_p_tail,0.2361189401766758,4437
kolkata_ssp245_late_2080s_hot_2087,core_top,core,top,core,horizontal_GHI__zone_operative_temperature,0.3258454090864697,4437
kolkata_ssp245_late_2080s_hot_2087,core_top,core,top,core,horizontal_GHI__zone_p_tail,0.3120005777714636,4437
kolkata_ssp245_late_2080s_hot_2087,perimeter_top_zn_3,perimeter,top,north,horizontal_GHI__zone_operative_temperature,0.43908827407507095,4437
kolkata_ssp245_late_2080s_hot_2087,perimeter_top_zn_3,perimeter,top,north,horizontal_GHI__zone_p_tail,0.45843796588280195,4437
kolkata_ssp245_late_2080s_hot_2087,perimeter_top_zn_2,perimeter,top,east,horizontal_GHI__zone_operative_temperature,0.5410975259289734,4437
kolkata_ssp245_late_2080s_hot_2087,perimeter_top_zn_2,perimeter,top,east,horizontal_GHI__zone_p_tail,0.5645624224806659,4437
kolkata_ssp245_late_2080s_hot_2087,perimeter_top_zn_1,perimeter,top,south,horizontal_GHI__zone_operative_temperature,0.6051172750073281,4437
kolkata_ssp245_late_2080s_hot_2087,perimeter_top_zn_1,perimeter,top,south,horizontal_GHI__zone_p_tail,0.6044270303272922,4437
kolkata_ssp245_late_2080s_hot_2087,perimeter_top_zn_4,perimeter,top,west,horizontal_GHI__zone_operative_temperature,0.48447450971488354,4437
kolkata_ssp245_late_2080s_hot_2087,perimeter_top_zn_4,perimeter,top,west,horizontal_GHI__zone_p_tail,0.48839054853261643,4437
kolkata_ssp245_late_2080s_hot_2087,perimeter_bot_zn_3,perimeter,bottom,north,horizontal_GHI__zone_operative_temperature,0.3555374431799828,4437
kolkata_ssp245_late_2080s_hot_2087,perimeter_bot_zn_3,perimeter,bottom,north,horizontal_GHI__zone_p_tail,0.3527009023452979,4437
kolkata_ssp245_late_2080s_hot_2087,perimeter_bot_zn_2,perimeter,bottom,east,horizontal_GHI__zone_operative_temperature,0.46023187609331634,4437
kolkata_ssp245_late_2080s_hot_2087,perimeter_bot_zn_2,perimeter,bottom,east,horizontal_GHI__zone_p_tail,0.4958891784559706,4437
kolkata_ssp245_late_2080s_hot_2087,perimeter_bot_zn_1,perimeter,bottom,south,horizontal_GHI__zone_operative_temperature,0.5190497147603115,4437
kolkata_ssp245_late_2080s_hot_2087,perimeter_bot_zn_1,perimeter,bottom,south,horizontal_GHI__zone_p_tail,0.5215877051264545,4437
kolkata_ssp245_late_2080s_hot_2087,perimeter_bot_zn_4,perimeter,bottom,west,horizontal_GHI__zone_operative_temperature,0.39682324560915405,4437
kolkata_ssp245_late_2080s_hot_2087,perimeter_bot_zn_4,perimeter,bottom,west,horizontal_GHI__zone_p_tail,0.4222530971968995,4437
kolkata_ssp245_late_2080s_hot_2087,perimeter_mid_zn_3,perimeter,middle,north,horizontal_GHI__zone_operative_temperature,0.4038662284413439,4437
kolkata_ssp245_late_2080s_hot_2087,perimeter_mid_zn_3,perimeter,middle,north,horizontal_GHI__zone_p_tail,0.4215760577474792,4437
kolkata_ssp245_late_2080s_hot_2087,perimeter_mid_zn_2,perimeter,middle,east,horizontal_GHI__zone_operative_temperature,0.5001566015149628,4437
kolkata_ssp245_late_2080s_hot_2087,perimeter_mid_zn_2,perimeter,middle,east,horizontal_GHI__zone_p_tail,0.5322677244201888,4437
kolkata_ssp245_late_2080s_hot_2087,perimeter_mid_zn_1,perimeter,middle,south,horizontal_GHI__zone_operative_temperature,0.6032058095904125,4437
kolkata_ssp245_late_2080s_hot_2087,perimeter_mid_zn_1,perimeter,middle,south,horizontal_GHI__zone_p_tail,0.6014577813764094,4437
kolkata_ssp245_late_2080s_hot_2087,perimeter_mid_zn_4,perimeter,middle,west,horizontal_GHI__zone_operative_temperature,0.4455722510890738,4437
kolkata_ssp245_late_2080s_hot_2087,perimeter_mid_zn_4,perimeter,middle,west,horizontal_GHI__zone_p_tail,0.4666213779698691,4437
kolkata_ssp245_late_2080s_typical_2084,core_bottom,core,bottom,core,horizontal_GHI__zone_operative_temperature,0.3003434913726559,4437
kolkata_ssp245_late_2080s_typical_2084,core_bottom,core,bottom,core,horizontal_GHI__zone_p_tail,0.2565903538240642,4437
kolkata_ssp245_late_2080s_typical_2084,core_mid,core,middle,core,horizontal_GHI__zone_operative_temperature,0.2803284543820853,4437
kolkata_ssp245_late_2080s_typical_2084,core_mid,core,middle,core,horizontal_GHI__zone_p_tail,0.23686454495290318,4437
kolkata_ssp245_late_2080s_typical_2084,core_top,core,top,core,horizontal_GHI__zone_operative_temperature,0.34508042578820913,4437
kolkata_ssp245_late_2080s_typical_2084,core_top,core,top,core,horizontal_GHI__zone_p_tail,0.3057833611333063,4437
kolkata_ssp245_late_2080s_typical_2084,perimeter_top_zn_3,perimeter,top,north,horizontal_GHI__zone_operative_temperature,0.4505646915144429,4437
kolkata_ssp245_late_2080s_typical_2084,perimeter_top_zn_3,perimeter,top,north,horizontal_GHI__zone_p_tail,0.44540988865202685,4437
kolkata_ssp245_late_2080s_typical_2084,perimeter_top_zn_2,perimeter,top,east,horizontal_GHI__zone_operative_temperature,0.5424845333340852,4437
kolkata_ssp245_late_2080s_typical_2084,perimeter_top_zn_2,perimeter,top,east,horizontal_GHI__zone_p_tail,0.5391380313807878,4437
kolkata_ssp245_late_2080s_typical_2084,perimeter_top_zn_1,perimeter,top,south,horizontal_GHI__zone_operative_temperature,0.5869475478956323,4437
kolkata_ssp245_late_2080s_typical_2084,perimeter_top_zn_1,perimeter,top,south,horizontal_GHI__zone_p_tail,0.5711056906434989,4437
kolkata_ssp245_late_2080s_typical_2084,perimeter_top_zn_4,perimeter,top,west,horizontal_GHI__zone_operative_temperature,0.4835307126088337,4437
kolkata_ssp245_late_2080s_typical_2084,perimeter_top_zn_4,perimeter,top,west,horizontal_GHI__zone_p_tail,0.47755034572511124,4437
kolkata_ssp245_late_2080s_typical_2084,perimeter_bot_zn_3,perimeter,bottom,north,horizontal_GHI__zone_operative_temperature,0.3562688268613886,4437
kolkata_ssp245_late_2080s_typical_2084,perimeter_bot_zn_3,perimeter,bottom,north,horizontal_GHI__zone_p_tail,0.3363479049559065,4437
kolkata_ssp245_late_2080s_typical_2084,perimeter_bot_zn_2,perimeter,bottom,east,horizontal_GHI__zone_operative_temperature,0.4570611715879828,4437
kolkata_ssp245_late_2080s_typical_2084,perimeter_bot_zn_2,perimeter,bottom,east,horizontal_GHI__zone_p_tail,0.46740516332367277,4437
kolkata_ssp245_late_2080s_typical_2084,perimeter_bot_zn_1,perimeter,bottom,south,horizontal_GHI__zone_operative_temperature,0.5132155421407658,4437
kolkata_ssp245_late_2080s_typical_2084,perimeter_bot_zn_1,perimeter,bottom,south,horizontal_GHI__zone_p_tail,0.48452797140411913,4437
kolkata_ssp245_late_2080s_typical_2084,perimeter_bot_zn_4,perimeter,bottom,west,horizontal_GHI__zone_operative_temperature,0.3996249168550371,4437
kolkata_ssp245_late_2080s_typical_2084,perimeter_bot_zn_4,perimeter,bottom,west,horizontal_GHI__zone_p_tail,0.3937311550270324,4437
kolkata_ssp245_late_2080s_typical_2084,perimeter_mid_zn_3,perimeter,middle,north,horizontal_GHI__zone_operative_temperature,0.4156744571699908,4437
kolkata_ssp245_late_2080s_typical_2084,perimeter_mid_zn_3,perimeter,middle,north,horizontal_GHI__zone_p_tail,0.41913611587617605,4437
kolkata_ssp245_late_2080s_typical_2084,perimeter_mid_zn_2,perimeter,middle,east,horizontal_GHI__zone_operative_temperature,0.5096453618799816,4437
kolkata_ssp245_late_2080s_typical_2084,perimeter_mid_zn_2,perimeter,middle,east,horizontal_GHI__zone_p_tail,0.5057744700268959,4437
kolkata_ssp245_late_2080s_typical_2084,perimeter_mid_zn_1,perimeter,middle,south,horizontal_GHI__zone_operative_temperature,0.5866346266719984,4437
kolkata_ssp245_late_2080s_typical_2084,perimeter_mid_zn_1,perimeter,middle,south,horizontal_GHI__zone_p_tail,0.5700971608233252,4437
kolkata_ssp245_late_2080s_typical_2084,perimeter_mid_zn_4,perimeter,middle,west,horizontal_GHI__zone_operative_temperature,0.4551132346976401,4437
kolkata_ssp245_late_2080s_typical_2084,perimeter_mid_zn_4,perimeter,middle,west,horizontal_GHI__zone_p_tail,0.4549103519674016,4437
kolkata_ssp245_mid_2050s_heatwave_extreme_2053,core_bottom,core,bottom,core,horizontal_GHI__zone_operative_temperature,0.331811267506839,4437
kolkata_ssp245_mid_2050s_heatwave_extreme_2053,core_bottom,core,bottom,core,horizontal_GHI__zone_p_tail,0.30443960415912025,4437
kolkata_ssp245_mid_2050s_heatwave_extreme_2053,core_mid,core,middle,core,horizontal_GHI__zone_operative_temperature,0.2969840544186997,4437
kolkata_ssp245_mid_2050s_heatwave_extreme_2053,core_mid,core,middle,core,horizontal_GHI__zone_p_tail,0.26640881033957486,4437
kolkata_ssp245_mid_2050s_heatwave_extreme_2053,core_top,core,top,core,horizontal_GHI__zone_operative_temperature,0.36181201855117445,4437
kolkata_ssp245_mid_2050s_heatwave_extreme_2053,core_top,core,top,core,horizontal_GHI__zone_p_tail,0.32581330009780474,4437
kolkata_ssp245_mid_2050s_heatwave_extreme_2053,perimeter_top_zn_3,perimeter,top,north,horizontal_GHI__zone_operative_temperature,0.4719066078837747,4437
kolkata_ssp245_mid_2050s_heatwave_extreme_2053,perimeter_top_zn_3,perimeter,top,north,horizontal_GHI__zone_p_tail,0.4771856908093591,4437
kolkata_ssp245_mid_2050s_heatwave_extreme_2053,perimeter_top_zn_2,perimeter,top,east,horizontal_GHI__zone_operative_temperature,0.5704546804046035,4437
kolkata_ssp245_mid_2050s_heatwave_extreme_2053,perimeter_top_zn_2,perimeter,top,east,horizontal_GHI__zone_p_tail,0.5812693369000318,4437
kolkata_ssp245_mid_2050s_heatwave_extreme_2053,perimeter_top_zn_1,perimeter,top,south,horizontal_GHI__zone_operative_temperature,0.629134603575297,4437
kolkata_ssp245_mid_2050s_heatwave_extreme_2053,perimeter_top_zn_1,perimeter,top,south,horizontal_GHI__zone_p_tail,0.6254925327727306,4437
kolkata_ssp245_mid_2050s_heatwave_extreme_2053,perimeter_top_zn_4,perimeter,top,west,horizontal_GHI__zone_operative_temperature,0.5116720718589279,4437
kolkata_ssp245_mid_2050s_heatwave_extreme_2053,perimeter_top_zn_4,perimeter,top,west,horizontal_GHI__zone_p_tail,0.5101652140623423,4437
kolkata_ssp245_mid_2050s_heatwave_extreme_2053,perimeter_bot_zn_3,perimeter,bottom,north,horizontal_GHI__zone_operative_temperature,0.3978267647473109,4437
kolkata_ssp245_mid_2050s_heatwave_extreme_2053,perimeter_bot_zn_3,perimeter,bottom,north,horizontal_GHI__zone_p_tail,0.39413034375481476,4437
kolkata_ssp245_mid_2050s_heatwave_extreme_2053,perimeter_bot_zn_2,perimeter,bottom,east,horizontal_GHI__zone_operative_temperature,0.5097823825174956,4437
kolkata_ssp245_mid_2050s_heatwave_extreme_2053,perimeter_bot_zn_2,perimeter,bottom,east,horizontal_GHI__zone_p_tail,0.5348285802862264,4437
kolkata_ssp245_mid_2050s_heatwave_extreme_2053,perimeter_bot_zn_1,perimeter,bottom,south,horizontal_GHI__zone_operative_temperature,0.602457014012565,4437
kolkata_ssp245_mid_2050s_heatwave_extreme_2053,perimeter_bot_zn_1,perimeter,bottom,south,horizontal_GHI__zone_p_tail,0.6004350189229355,4437
kolkata_ssp245_mid_2050s_heatwave_extreme_2053,perimeter_bot_zn_4,perimeter,bottom,west,horizontal_GHI__zone_operative_temperature,0.4466172251946173,4437
kolkata_ssp245_mid_2050s_heatwave_extreme_2053,perimeter_bot_zn_4,perimeter,bottom,west,horizontal_GHI__zone_p_tail,0.44983939915305526,4437
kolkata_ssp245_mid_2050s_heatwave_extreme_2053,perimeter_mid_zn_3,perimeter,middle,north,horizontal_GHI__zone_operative_temperature,0.4418237317487565,4437
kolkata_ssp245_mid_2050s_heatwave_extreme_2053,perimeter_mid_zn_3,perimeter,middle,north,horizontal_GHI__zone_p_tail,0.44117030431058013,4437
kolkata_ssp245_mid_2050s_heatwave_extreme_2053,perimeter_mid_zn_2,perimeter,middle,east,horizontal_GHI__zone_operative_temperature,0.5361744266733689,4437
kolkata_ssp245_mid_2050s_heatwave_extreme_2053,perimeter_mid_zn_2,perimeter,middle,east,horizontal_GHI__zone_p_tail,0.5502296126983132,4437
kolkata_ssp245_mid_2050s_heatwave_extreme_2053,perimeter_mid_zn_1,perimeter,middle,south,horizontal_GHI__zone_operative_temperature,0.6382326854570608,4437
kolkata_ssp245_mid_2050s_heatwave_extreme_2053,perimeter_mid_zn_1,perimeter,middle,south,horizontal_GHI__zone_p_tail,0.6421090125227243,4437
kolkata_ssp245_mid_2050s_heatwave_extreme_2053,perimeter_mid_zn_4,perimeter,middle,west,horizontal_GHI__zone_operative_temperature,0.48040589667182243,4437
kolkata_ssp245_mid_2050s_heatwave_extreme_2053,perimeter_mid_zn_4,perimeter,middle,west,horizontal_GHI__zone_p_tail,0.48775125428482563,4437
kolkata_ssp245_mid_2050s_hot_2053,core_bottom,core,bottom,core,horizontal_GHI__zone_operative_temperature,0.331811267506839,4437
kolkata_ssp245_mid_2050s_hot_2053,core_bottom,core,bottom,core,horizontal_GHI__zone_p_tail,0.30443960415912025,4437
kolkata_ssp245_mid_2050s_hot_2053,core_mid,core,middle,core,horizontal_GHI__zone_operative_temperature,0.2969840544186997,4437
kolkata_ssp245_mid_2050s_hot_2053,core_mid,core,middle,core,horizontal_GHI__zone_p_tail,0.26640881033957486,4437
kolkata_ssp245_mid_2050s_hot_2053,core_top,core,top,core,horizontal_GHI__zone_operative_temperature,0.36181201855117445,4437
kolkata_ssp245_mid_2050s_hot_2053,core_top,core,top,core,horizontal_GHI__zone_p_tail,0.32581330009780474,4437
kolkata_ssp245_mid_2050s_hot_2053,perimeter_top_zn_3,perimeter,top,north,horizontal_GHI__zone_operative_temperature,0.4719066078837747,4437
kolkata_ssp245_mid_2050s_hot_2053,perimeter_top_zn_3,perimeter,top,north,horizontal_GHI__zone_p_tail,0.4771856908093591,4437
kolkata_ssp245_mid_2050s_hot_2053,perimeter_top_zn_2,perimeter,top,east,horizontal_GHI__zone_operative_temperature,0.5704546804046035,4437
kolkata_ssp245_mid_2050s_hot_2053,perimeter_top_zn_2,perimeter,top,east,horizontal_GHI__zone_p_tail,0.5812693369000318,4437
kolkata_ssp245_mid_2050s_hot_2053,perimeter_top_zn_1,perimeter,top,south,horizontal_GHI__zone_operative_temperature,0.629134603575297,4437
kolkata_ssp245_mid_2050s_hot_2053,perimeter_top_zn_1,perimeter,top,south,horizontal_GHI__zone_p_tail,0.6254925327727306,4437
kolkata_ssp245_mid_2050s_hot_2053,perimeter_top_zn_4,perimeter,top,west,horizontal_GHI__zone_operative_temperature,0.5116720718589279,4437
kolkata_ssp245_mid_2050s_hot_2053,perimeter_top_zn_4,perimeter,top,west,horizontal_GHI__zone_p_tail,0.5101652140623423,4437
kolkata_ssp245_mid_2050s_hot_2053,perimeter_bot_zn_3,perimeter,bottom,north,horizontal_GHI__zone_operative_temperature,0.3978267647473109,4437
kolkata_ssp245_mid_2050s_hot_2053,perimeter_bot_zn_3,perimeter,bottom,north,horizontal_GHI__zone_p_tail,0.39413034375481476,4437
kolkata_ssp245_mid_2050s_hot_2053,perimeter_bot_zn_2,perimeter,bottom,east,horizontal_GHI__zone_operative_temperature,0.5097823825174956,4437
kolkata_ssp245_mid_2050s_hot_2053,perimeter_bot_zn_2,perimeter,bottom,east,horizontal_GHI__zone_p_tail,0.5348285802862264,4437
kolkata_ssp245_mid_2050s_hot_2053,perimeter_bot_zn_1,perimeter,bottom,south,horizontal_GHI__zone_operative_temperature,0.602457014012565,4437
kolkata_ssp245_mid_2050s_hot_2053,perimeter_bot_zn_1,perimeter,bottom,south,horizontal_GHI__zone_p_tail,0.6004350189229355,4437
kolkata_ssp245_mid_2050s_hot_2053,perimeter_bot_zn_4,perimeter,bottom,west,horizontal_GHI__zone_operative_temperature,0.4466172251946173,4437
kolkata_ssp245_mid_2050s_hot_2053,perimeter_bot_zn_4,perimeter,bottom,west,horizontal_GHI__zone_p_tail,0.44983939915305526,4437
kolkata_ssp245_mid_2050s_hot_2053,perimeter_mid_zn_3,perimeter,middle,north,horizontal_GHI__zone_operative_temperature,0.4418237317487565,4437
kolkata_ssp245_mid_2050s_hot_2053,perimeter_mid_zn_3,perimeter,middle,north,horizontal_GHI__zone_p_tail,0.44117030431058013,4437
kolkata_ssp245_mid_2050s_hot_2053,perimeter_mid_zn_2,perimeter,middle,east,horizontal_GHI__zone_operative_temperature,0.5361744266733689,4437
kolkata_ssp245_mid_2050s_hot_2053,perimeter_mid_zn_2,perimeter,middle,east,horizontal_GHI__zone_p_tail,0.5502296126983132,4437
kolkata_ssp245_mid_2050s_hot_2053,perimeter_mid_zn_1,perimeter,middle,south,horizontal_GHI__zone_operative_temperature,0.6382326854570608,4437
kolkata_ssp245_mid_2050s_hot_2053,perimeter_mid_zn_1,perimeter,middle,south,horizontal_GHI__zone_p_tail,0.6421090125227243,4437
kolkata_ssp245_mid_2050s_hot_2053,perimeter_mid_zn_4,perimeter,middle,west,horizontal_GHI__zone_operative_temperature,0.48040589667182243,4437
kolkata_ssp245_mid_2050s_hot_2053,perimeter_mid_zn_4,perimeter,middle,west,horizontal_GHI__zone_p_tail,0.48775125428482563,4437
kolkata_ssp245_mid_2050s_typical_2058,core_bottom,core,bottom,core,horizontal_GHI__zone_operative_temperature,0.3485933970098465,4437
kolkata_ssp245_mid_2050s_typical_2058,core_bottom,core,bottom,core,horizontal_GHI__zone_p_tail,0.2962727300685882,4437
kolkata_ssp245_mid_2050s_typical_2058,core_mid,core,middle,core,horizontal_GHI__zone_operative_temperature,0.3216501994569318,4437
kolkata_ssp245_mid_2050s_typical_2058,core_mid,core,middle,core,horizontal_GHI__zone_p_tail,0.2912313639547115,4437
kolkata_ssp245_mid_2050s_typical_2058,core_top,core,top,core,horizontal_GHI__zone_operative_temperature,0.3947530638072168,4437
kolkata_ssp245_mid_2050s_typical_2058,core_top,core,top,core,horizontal_GHI__zone_p_tail,0.3309209387673144,4437
kolkata_ssp245_mid_2050s_typical_2058,perimeter_top_zn_3,perimeter,top,north,horizontal_GHI__zone_operative_temperature,0.5182650372437767,4437
kolkata_ssp245_mid_2050s_typical_2058,perimeter_top_zn_3,perimeter,top,north,horizontal_GHI__zone_p_tail,0.5082532987311069,4437
kolkata_ssp245_mid_2050s_typical_2058,perimeter_top_zn_2,perimeter,top,east,horizontal_GHI__zone_operative_temperature,0.6198598807920424,4437
kolkata_ssp245_mid_2050s_typical_2058,perimeter_top_zn_2,perimeter,top,east,horizontal_GHI__zone_p_tail,0.6070972493670148,4437
kolkata_ssp245_mid_2050s_typical_2058,perimeter_top_zn_1,perimeter,top,south,horizontal_GHI__zone_operative_temperature,0.6592694482687925,4437
kolkata_ssp245_mid_2050s_typical_2058,perimeter_top_zn_1,perimeter,top,south,horizontal_GHI__zone_p_tail,0.6437548648016651,4437
kolkata_ssp245_mid_2050s_typical_2058,perimeter_top_zn_4,perimeter,top,west,horizontal_GHI__zone_operative_temperature,0.554999157967065,4437
kolkata_ssp245_mid_2050s_typical_2058,perimeter_top_zn_4,perimeter,top,west,horizontal_GHI__zone_p_tail,0.548189590553202,4437
kolkata_ssp245_mid_2050s_typical_2058,perimeter_bot_zn_3,perimeter,bottom,north,horizontal_GHI__zone_operative_temperature,0.4338221847264859,4437
kolkata_ssp245_mid_2050s_typical_2058,perimeter_bot_zn_3,perimeter,bottom,north,horizontal_GHI__zone_p_tail,0.43509986552582136,4437
kolkata_ssp245_mid_2050s_typical_2058,perimeter_bot_zn_2,perimeter,bottom,east,horizontal_GHI__zone_operative_temperature,0.549809221765615,4437
kolkata_ssp245_mid_2050s_typical_2058,perimeter_bot_zn_2,perimeter,bottom,east,horizontal_GHI__zone_p_tail,0.560629557382406,4437
kolkata_ssp245_mid_2050s_typical_2058,perimeter_bot_zn_1,perimeter,bottom,south,horizontal_GHI__zone_operative_temperature,0.6130234715230571,4437
kolkata_ssp245_mid_2050s_typical_2058,perimeter_bot_zn_1,perimeter,bottom,south,horizontal_GHI__zone_p_tail,0.603813121083984,4437
kolkata_ssp245_mid_2050s_typical_2058,perimeter_bot_zn_4,perimeter,bottom,west,horizontal_GHI__zone_operative_temperature,0.47976373491773655,4437
kolkata_ssp245_mid_2050s_typical_2058,perimeter_bot_zn_4,perimeter,bottom,west,horizontal_GHI__zone_p_tail,0.4703894895485516,4437
kolkata_ssp245_mid_2050s_typical_2058,perimeter_mid_zn_3,perimeter,middle,north,horizontal_GHI__zone_operative_temperature,0.48592127070229113,4437
kolkata_ssp245_mid_2050s_typical_2058,perimeter_mid_zn_3,perimeter,middle,north,horizontal_GHI__zone_p_tail,0.48566541656999646,4437
kolkata_ssp245_mid_2050s_typical_2058,perimeter_mid_zn_2,perimeter,middle,east,horizontal_GHI__zone_operative_temperature,0.5855712874153903,4437
kolkata_ssp245_mid_2050s_typical_2058,perimeter_mid_zn_2,perimeter,middle,east,horizontal_GHI__zone_p_tail,0.5821057021544502,4437
kolkata_ssp245_mid_2050s_typical_2058,perimeter_mid_zn_1,perimeter,middle,south,horizontal_GHI__zone_operative_temperature,0.6701160745762732,4437
kolkata_ssp245_mid_2050s_typical_2058,perimeter_mid_zn_1,perimeter,middle,south,horizontal_GHI__zone_p_tail,0.6571281995378287,4437
kolkata_ssp245_mid_2050s_typical_2058,perimeter_mid_zn_4,perimeter,middle,west,horizontal_GHI__zone_operative_temperature,0.5256585228138078,4437
kolkata_ssp245_mid_2050s_typical_2058,perimeter_mid_zn_4,perimeter,middle,west,horizontal_GHI__zone_p_tail,0.5298833192289641,4437
kolkata_ssp245_near_2030s_heatwave_extreme_2039,core_bottom,core,bottom,core,horizontal_GHI__zone_operative_temperature,0.3295898248702564,4437
kolkata_ssp245_near_2030s_heatwave_extreme_2039,core_bottom,core,bottom,core,horizontal_GHI__zone_p_tail,0.3126387917647637,4437
kolkata_ssp245_near_2030s_heatwave_extreme_2039,core_mid,core,middle,core,horizontal_GHI__zone_operative_temperature,0.2890687192223571,4437
kolkata_ssp245_near_2030s_heatwave_extreme_2039,core_mid,core,middle,core,horizontal_GHI__zone_p_tail,0.2606668893663392,4437
kolkata_ssp245_near_2030s_heatwave_extreme_2039,core_top,core,top,core,horizontal_GHI__zone_operative_temperature,0.3683202267117652,4437
kolkata_ssp245_near_2030s_heatwave_extreme_2039,core_top,core,top,core,horizontal_GHI__zone_p_tail,0.3224036241420464,4437
kolkata_ssp245_near_2030s_heatwave_extreme_2039,perimeter_top_zn_3,perimeter,top,north,horizontal_GHI__zone_operative_temperature,0.4724677564656669,4437
kolkata_ssp245_near_2030s_heatwave_extreme_2039,perimeter_top_zn_3,perimeter,top,north,horizontal_GHI__zone_p_tail,0.49370113967430246,4437
kolkata_ssp245_near_2030s_heatwave_extreme_2039,perimeter_top_zn_2,perimeter,top,east,horizontal_GHI__zone_operative_temperature,0.5774531954000579,4437
kolkata_ssp245_near_2030s_heatwave_extreme_2039,perimeter_top_zn_2,perimeter,top,east,horizontal_GHI__zone_p_tail,0.5831056261425858,4437
kolkata_ssp245_near_2030s_heatwave_extreme_2039,perimeter_top_zn_1,perimeter,top,south,horizontal_GHI__zone_operative_temperature,0.6296139010000593,4437
kolkata_ssp245_near_2030s_heatwave_extreme_2039,perimeter_top_zn_1,perimeter,top,south,horizontal_GHI__zone_p_tail,0.6219440156178362,4437
kolkata_ssp245_near_2030s_heatwave_extreme_2039,perimeter_top_zn_4,perimeter,top,west,horizontal_GHI__zone_operative_temperature,0.5183865002408239,4437
kolkata_ssp245_near_2030s_heatwave_extreme_2039,perimeter_top_zn_4,perimeter,top,west,horizontal_GHI__zone_p_tail,0.5217113879505425,4437
kolkata_ssp245_near_2030s_heatwave_extreme_2039,perimeter_bot_zn_3,perimeter,bottom,north,horizontal_GHI__zone_operative_temperature,0.3764397083750229,4437
kolkata_ssp245_near_2030s_heatwave_extreme_2039,perimeter_bot_zn_3,perimeter,bottom,north,horizontal_GHI__zone_p_tail,0.3529264972340764,4437
kolkata_ssp245_near_2030s_heatwave_extreme_2039,perimeter_bot_zn_2,perimeter,bottom,east,horizontal_GHI__zone_operative_temperature,0.4914741753131041,4437
kolkata_ssp245_near_2030s_heatwave_extreme_2039,perimeter_bot_zn_2,perimeter,bottom,east,horizontal_GHI__zone_p_tail,0.5355800299125548,4437
kolkata_ssp245_near_2030s_heatwave_extreme_2039,perimeter_bot_zn_1,perimeter,bottom,south,horizontal_GHI__zone_operative_temperature,0.560440785395885,4437
kolkata_ssp245_near_2030s_heatwave_extreme_2039,perimeter_bot_zn_1,perimeter,bottom,south,horizontal_GHI__zone_p_tail,0.5570276323755355,4437
kolkata_ssp245_near_2030s_heatwave_extreme_2039,perimeter_bot_zn_4,perimeter,bottom,west,horizontal_GHI__zone_operative_temperature,0.43137068330210043,4437
kolkata_ssp245_near_2030s_heatwave_extreme_2039,perimeter_bot_zn_4,perimeter,bottom,west,horizontal_GHI__zone_p_tail,0.4458231992420517,4437
kolkata_ssp245_near_2030s_heatwave_extreme_2039,perimeter_mid_zn_3,perimeter,middle,north,horizontal_GHI__zone_operative_temperature,0.43648427107810245,4437
kolkata_ssp245_near_2030s_heatwave_extreme_2039,perimeter_mid_zn_3,perimeter,middle,north,horizontal_GHI__zone_p_tail,0.46883088531043,4437
kolkata_ssp245_near_2030s_heatwave_extreme_2039,perimeter_mid_zn_2,perimeter,middle,east,horizontal_GHI__zone_operative_temperature,0.5412708221317069,4437
kolkata_ssp245_near_2030s_heatwave_extreme_2039,perimeter_mid_zn_2,perimeter,middle,east,horizontal_GHI__zone_p_tail,0.5663643575368131,4437
kolkata_ssp245_near_2030s_heatwave_extreme_2039,perimeter_mid_zn_1,perimeter,middle,south,horizontal_GHI__zone_operative_temperature,0.6294266485974025,4437
kolkata_ssp245_near_2030s_heatwave_extreme_2039,perimeter_mid_zn_1,perimeter,middle,south,horizontal_GHI__zone_p_tail,0.6309548904077061,4437
kolkata_ssp245_near_2030s_heatwave_extreme_2039,perimeter_mid_zn_4,perimeter,middle,west,horizontal_GHI__zone_operative_temperature,0.4856991243664835,4437
kolkata_ssp245_near_2030s_heatwave_extreme_2039,perimeter_mid_zn_4,perimeter,middle,west,horizontal_GHI__zone_p_tail,0.49821119508242984,4437
kolkata_ssp245_near_2030s_hot_2031,core_bottom,core,bottom,core,horizontal_GHI__zone_operative_temperature,0.25272163071177184,4437
kolkata_ssp245_near_2030s_hot_2031,core_bottom,core,bottom,core,horizontal_GHI__zone_p_tail,0.2356939680437863,4437
kolkata_ssp245_near_2030s_hot_2031,core_mid,core,middle,core,horizontal_GHI__zone_operative_temperature,0.21991433731728469,4437
kolkata_ssp245_near_2030s_hot_2031,core_mid,core,middle,core,horizontal_GHI__zone_p_tail,0.1885990811346546,4437
kolkata_ssp245_near_2030s_hot_2031,core_top,core,top,core,horizontal_GHI__zone_operative_temperature,0.29768548401097494,4437
kolkata_ssp245_near_2030s_hot_2031,core_top,core,top,core,horizontal_GHI__zone_p_tail,0.281963826264541,4437
kolkata_ssp245_near_2030s_hot_2031,perimeter_top_zn_3,perimeter,top,north,horizontal_GHI__zone_operative_temperature,0.4086175000208693,4437
kolkata_ssp245_near_2030s_hot_2031,perimeter_top_zn_3,perimeter,top,north,horizontal_GHI__zone_p_tail,0.4463624435292465,4437
kolkata_ssp245_near_2030s_hot_2031,perimeter_top_zn_2,perimeter,top,east,horizontal_GHI__zone_operative_temperature,0.5185120966159854,4437
kolkata_ssp245_near_2030s_hot_2031,perimeter_top_zn_2,perimeter,top,east,horizontal_GHI__zone_p_tail,0.5647877811738704,4437
kolkata_ssp245_near_2030s_hot_2031,perimeter_top_zn_1,perimeter,top,south,horizontal_GHI__zone_operative_temperature,0.556613786818735,4437
kolkata_ssp245_near_2030s_hot_2031,perimeter_top_zn_1,perimeter,top,south,horizontal_GHI__zone_p_tail,0.5666166958395548,4437
kolkata_ssp245_near_2030s_hot_2031,perimeter_top_zn_4,perimeter,top,west,horizontal_GHI__zone_operative_temperature,0.4685824591267746,4437
kolkata_ssp245_near_2030s_hot_2031,perimeter_top_zn_4,perimeter,top,west,horizontal_GHI__zone_p_tail,0.4869544921513592,4437
kolkata_ssp245_near_2030s_hot_2031,perimeter_bot_zn_3,perimeter,bottom,north,horizontal_GHI__zone_operative_temperature,0.2962061919815701,4437
kolkata_ssp245_near_2030s_hot_2031,perimeter_bot_zn_3,perimeter,bottom,north,horizontal_GHI__zone_p_tail,0.28975908361014885,4437
kolkata_ssp245_near_2030s_hot_2031,perimeter_bot_zn_2,perimeter,bottom,east,horizontal_GHI__zone_operative_temperature,0.3985259453446572,4437
kolkata_ssp245_near_2030s_hot_2031,perimeter_bot_zn_2,perimeter,bottom,east,horizontal_GHI__zone_p_tail,0.45821369443279075,4437
kolkata_ssp245_near_2030s_hot_2031,perimeter_bot_zn_1,perimeter,bottom,south,horizontal_GHI__zone_operative_temperature,0.40406333616565715,4437
kolkata_ssp245_near_2030s_hot_2031,perimeter_bot_zn_1,perimeter,bottom,south,horizontal_GHI__zone_p_tail,0.38150293422362597,4437
kolkata_ssp245_near_2030s_hot_2031,perimeter_bot_zn_4,perimeter,bottom,west,horizontal_GHI__zone_operative_temperature,0.34280725931574074,4437
kolkata_ssp245_near_2030s_hot_2031,perimeter_bot_zn_4,perimeter,bottom,west,horizontal_GHI__zone_p_tail,0.39112012824805575,4437
kolkata_ssp245_near_2030s_hot_2031,perimeter_mid_zn_3,perimeter,middle,north,horizontal_GHI__zone_operative_temperature,0.36453083870830155,4437
kolkata_ssp245_near_2030s_hot_2031,perimeter_mid_zn_3,perimeter,middle,north,horizontal_GHI__zone_p_tail,0.3954564575507286,4437
kolkata_ssp245_near_2030s_hot_2031,perimeter_mid_zn_2,perimeter,middle,east,horizontal_GHI__zone_operative_temperature,0.4606342537417123,4437
kolkata_ssp245_near_2030s_hot_2031,perimeter_mid_zn_2,perimeter,middle,east,horizontal_GHI__zone_p_tail,0.5157481366750226,4437
kolkata_ssp245_near_2030s_hot_2031,perimeter_mid_zn_1,perimeter,middle,south,horizontal_GHI__zone_operative_temperature,0.5245502341765256,4437
kolkata_ssp245_near_2030s_hot_2031,perimeter_mid_zn_1,perimeter,middle,south,horizontal_GHI__zone_p_tail,0.535064605933814,4437
kolkata_ssp245_near_2030s_hot_2031,perimeter_mid_zn_4,perimeter,middle,west,horizontal_GHI__zone_operative_temperature,0.41277227435152863,4437
kolkata_ssp245_near_2030s_hot_2031,perimeter_mid_zn_4,perimeter,middle,west,horizontal_GHI__zone_p_tail,0.4463376210069239,4437
kolkata_ssp245_near_2030s_typical_2036,core_bottom,core,bottom,core,horizontal_GHI__zone_operative_temperature,0.34325717800746974,4437
kolkata_ssp245_near_2030s_typical_2036,core_bottom,core,bottom,core,horizontal_GHI__zone_p_tail,0.27969715248500016,4437
kolkata_ssp245_near_2030s_typical_2036,core_mid,core,middle,core,horizontal_GHI__zone_operative_temperature,0.31246195694233053,4437
kolkata_ssp245_near_2030s_typical_2036,core_mid,core,middle,core,horizontal_GHI__zone_p_tail,0.25632322077664493,4437
kolkata_ssp245_near_2030s_typical_2036,core_top,core,top,core,horizontal_GHI__zone_operative_temperature,0.39981328797968957,4437
kolkata_ssp245_near_2030s_typical_2036,core_top,core,top,core,horizontal_GHI__zone_p_tail,0.34346491953211555,4437
kolkata_ssp245_near_2030s_typical_2036,perimeter_top_zn_3,perimeter,top,north,horizontal_GHI__zone_operative_temperature,0.5172105018651572,4437
kolkata_ssp245_near_2030s_typical_2036,perimeter_top_zn_3,perimeter,top,north,horizontal_GHI__zone_p_tail,0.5510578989672484,4437
kolkata_ssp245_near_2030s_typical_2036,perimeter_top_zn_2,perimeter,top,east,horizontal_GHI__zone_operative_temperature,0.6310941454546861,4437
kolkata_ssp245_near_2030s_typical_2036,perimeter_top_zn_2,perimeter,top,east,horizontal_GHI__zone_p_tail,0.6404627176409753,4437
kolkata_ssp245_near_2030s_typical_2036,perimeter_top_zn_1,perimeter,top,south,horizontal_GHI__zone_operative_temperature,0.6820505627781391,4437
kolkata_ssp245_near_2030s_typical_2036,perimeter_top_zn_1,perimeter,top,south,horizontal_GHI__zone_p_tail,0.6710826436390067,4437
kolkata_ssp245_near_2030s_typical_2036,perimeter_top_zn_4,perimeter,top,west,horizontal_GHI__zone_operative_temperature,0.5648317358805631,4437
kolkata_ssp245_near_2030s_typical_2036,perimeter_top_zn_4,perimeter,top,west,horizontal_GHI__zone_p_tail,0.5701691698287654,4437
kolkata_ssp245_near_2030s_typical_2036,perimeter_bot_zn_3,perimeter,bottom,north,horizontal_GHI__zone_operative_temperature,0.4120736748396734,4437
kolkata_ssp245_near_2030s_typical_2036,perimeter_bot_zn_3,perimeter,bottom,north,horizontal_GHI__zone_p_tail,0.3955935928176649,4437
kolkata_ssp245_near_2030s_typical_2036,perimeter_bot_zn_2,perimeter,bottom,east,horizontal_GHI__zone_operative_temperature,0.5428526055282717,4437
kolkata_ssp245_near_2030s_typical_2036,perimeter_bot_zn_2,perimeter,bottom,east,horizontal_GHI__zone_p_tail,0.5497737025122549,4437
kolkata_ssp245_near_2030s_typical_2036,perimeter_bot_zn_1,perimeter,bottom,south,horizontal_GHI__zone_operative_temperature,0.6102932744002957,4437
kolkata_ssp245_near_2030s_typical_2036,perimeter_bot_zn_1,perimeter,bottom,south,horizontal_GHI__zone_p_tail,0.5969046947036981,4437
kolkata_ssp245_near_2030s_typical_2036,perimeter_bot_zn_4,perimeter,bottom,west,horizontal_GHI__zone_operative_temperature,0.47399286630087095,4437
kolkata_ssp245_near_2030s_typical_2036,perimeter_bot_zn_4,perimeter,bottom,west,horizontal_GHI__zone_p_tail,0.45944326331036345,4437
kolkata_ssp245_near_2030s_typical_2036,perimeter_mid_zn_3,perimeter,middle,north,horizontal_GHI__zone_operative_temperature,0.4780343294468871,4437
kolkata_ssp245_near_2030s_typical_2036,perimeter_mid_zn_3,perimeter,middle,north,horizontal_GHI__zone_p_tail,0.5250015455010413,4437
kolkata_ssp245_near_2030s_typical_2036,perimeter_mid_zn_2,perimeter,middle,east,horizontal_GHI__zone_operative_temperature,0.5968411850082107,4437
kolkata_ssp245_near_2030s_typical_2036,perimeter_mid_zn_2,perimeter,middle,east,horizontal_GHI__zone_p_tail,0.6166134828504054,4437
kolkata_ssp245_near_2030s_typical_2036,perimeter_mid_zn_1,perimeter,middle,south,horizontal_GHI__zone_operative_temperature,0.6860195877453475,4437
kolkata_ssp245_near_2030s_typical_2036,perimeter_mid_zn_1,perimeter,middle,south,horizontal_GHI__zone_p_tail,0.6853629849964744,4437
kolkata_ssp245_near_2030s_typical_2036,perimeter_mid_zn_4,perimeter,middle,west,horizontal_GHI__zone_operative_temperature,0.5352357219934385,4437
kolkata_ssp245_near_2030s_typical_2036,perimeter_mid_zn_4,perimeter,middle,west,horizontal_GHI__zone_p_tail,0.5383599528053691,4437
kolkata_ssp585_baseline_2020s_heatwave_extreme_2027,core_bottom,core,bottom,core,horizontal_GHI__zone_operative_temperature,0.3397048983161682,4437
kolkata_ssp585_baseline_2020s_heatwave_extreme_2027,core_bottom,core,bottom,core,horizontal_GHI__zone_p_tail,0.2899287554998558,4437
kolkata_ssp585_baseline_2020s_heatwave_extreme_2027,core_mid,core,middle,core,horizontal_GHI__zone_operative_temperature,0.30287213037454025,4437
kolkata_ssp585_baseline_2020s_heatwave_extreme_2027,core_mid,core,middle,core,horizontal_GHI__zone_p_tail,0.24961950186335985,4437
kolkata_ssp585_baseline_2020s_heatwave_extreme_2027,core_top,core,top,core,horizontal_GHI__zone_operative_temperature,0.39658291631571535,4437
kolkata_ssp585_baseline_2020s_heatwave_extreme_2027,core_top,core,top,core,horizontal_GHI__zone_p_tail,0.34080645754374966,4437
kolkata_ssp585_baseline_2020s_heatwave_extreme_2027,perimeter_top_zn_3,perimeter,top,north,horizontal_GHI__zone_operative_temperature,0.5142542189098132,4437
kolkata_ssp585_baseline_2020s_heatwave_extreme_2027,perimeter_top_zn_3,perimeter,top,north,horizontal_GHI__zone_p_tail,0.5305081029170924,4437
kolkata_ssp585_baseline_2020s_heatwave_extreme_2027,perimeter_top_zn_2,perimeter,top,east,horizontal_GHI__zone_operative_temperature,0.628553966905927,4437
kolkata_ssp585_baseline_2020s_heatwave_extreme_2027,perimeter_top_zn_2,perimeter,top,east,horizontal_GHI__zone_p_tail,0.624861432229837,4437
kolkata_ssp585_baseline_2020s_heatwave_extreme_2027,perimeter_top_zn_1,perimeter,top,south,horizontal_GHI__zone_operative_temperature,0.6698396634595125,4437
kolkata_ssp585_baseline_2020s_heatwave_extreme_2027,perimeter_top_zn_1,perimeter,top,south,horizontal_GHI__zone_p_tail,0.6479949031348287,4437
kolkata_ssp585_baseline_2020s_heatwave_extreme_2027,perimeter_top_zn_4,perimeter,top,west,horizontal_GHI__zone_operative_temperature,0.5615992189575998,4437
kolkata_ssp585_baseline_2020s_heatwave_extreme_2027,perimeter_top_zn_4,perimeter,top,west,horizontal_GHI__zone_p_tail,0.547597227180668,4437
kolkata_ssp585_baseline_2020s_heatwave_extreme_2027,perimeter_bot_zn_3,perimeter,bottom,north,horizontal_GHI__zone_operative_temperature,0.4001026872167103,4437
kolkata_ssp585_baseline_2020s_heatwave_extreme_2027,perimeter_bot_zn_3,perimeter,bottom,north,horizontal_GHI__zone_p_tail,0.3712958392232305,4437
kolkata_ssp585_baseline_2020s_heatwave_extreme_2027,perimeter_bot_zn_2,perimeter,bottom,east,horizontal_GHI__zone_operative_temperature,0.5333295778926251,4437
kolkata_ssp585_baseline_2020s_heatwave_extreme_2027,perimeter_bot_zn_2,perimeter,bottom,east,horizontal_GHI__zone_p_tail,0.5488941903134623,4437
kolkata_ssp585_baseline_2020s_heatwave_extreme_2027,perimeter_bot_zn_1,perimeter,bottom,south,horizontal_GHI__zone_operative_temperature,0.580510513317777,4437
kolkata_ssp585_baseline_2020s_heatwave_extreme_2027,perimeter_bot_zn_1,perimeter,bottom,south,horizontal_GHI__zone_p_tail,0.5682060974974654,4437
kolkata_ssp585_baseline_2020s_heatwave_extreme_2027,perimeter_bot_zn_4,perimeter,bottom,west,horizontal_GHI__zone_operative_temperature,0.4660417818984783,4437
kolkata_ssp585_baseline_2020s_heatwave_extreme_2027,perimeter_bot_zn_4,perimeter,bottom,west,horizontal_GHI__zone_p_tail,0.4587669171196207,4437
kolkata_ssp585_baseline_2020s_heatwave_extreme_2027,perimeter_mid_zn_3,perimeter,middle,north,horizontal_GHI__zone_operative_temperature,0.47254300248082715,4437
kolkata_ssp585_baseline_2020s_heatwave_extreme_2027,perimeter_mid_zn_3,perimeter,middle,north,horizontal_GHI__zone_p_tail,0.5212287927589585,4437
kolkata_ssp585_baseline_2020s_heatwave_extreme_2027,perimeter_mid_zn_2,perimeter,middle,east,horizontal_GHI__zone_operative_temperature,0.5929200397394107,4437
kolkata_ssp585_baseline_2020s_heatwave_extreme_2027,perimeter_mid_zn_2,perimeter,middle,east,horizontal_GHI__zone_p_tail,0.6011489580703471,4437
kolkata_ssp585_baseline_2020s_heatwave_extreme_2027,perimeter_mid_zn_1,perimeter,middle,south,horizontal_GHI__zone_operative_temperature,0.669769866358051,4437
kolkata_ssp585_baseline_2020s_heatwave_extreme_2027,perimeter_mid_zn_1,perimeter,middle,south,horizontal_GHI__zone_p_tail,0.6646834144192357,4437
kolkata_ssp585_baseline_2020s_heatwave_extreme_2027,perimeter_mid_zn_4,perimeter,middle,west,horizontal_GHI__zone_operative_temperature,0.5315773493160684,4437
kolkata_ssp585_baseline_2020s_heatwave_extreme_2027,perimeter_mid_zn_4,perimeter,middle,west,horizontal_GHI__zone_p_tail,0.5234304065614515,4437
kolkata_ssp585_baseline_2020s_hot_2026,core_bottom,core,bottom,core,horizontal_GHI__zone_operative_temperature,0.32882637164021056,4437
kolkata_ssp585_baseline_2020s_hot_2026,core_bottom,core,bottom,core,horizontal_GHI__zone_p_tail,0.28148104879002184,4437
kolkata_ssp585_baseline_2020s_hot_2026,core_mid,core,middle,core,horizontal_GHI__zone_operative_temperature,0.29250197002169237,4437
kolkata_ssp585_baseline_2020s_hot_2026,core_mid,core,middle,core,horizontal_GHI__zone_p_tail,0.2557363520961083,4437
kolkata_ssp585_baseline_2020s_hot_2026,core_top,core,top,core,horizontal_GHI__zone_operative_temperature,0.37935178696228916,4437
kolkata_ssp585_baseline_2020s_hot_2026,core_top,core,top,core,horizontal_GHI__zone_p_tail,0.3368608439833049,4437
kolkata_ssp585_baseline_2020s_hot_2026,perimeter_top_zn_3,perimeter,top,north,horizontal_GHI__zone_operative_temperature,0.49558997126586496,4437
kolkata_ssp585_baseline_2020s_hot_2026,perimeter_top_zn_3,perimeter,top,north,horizontal_GHI__zone_p_tail,0.5267330416114894,4437
kolkata_ssp585_baseline_2020s_hot_2026,perimeter_top_zn_2,perimeter,top,east,horizontal_GHI__zone_operative_temperature,0.6112016803871035,4437
kolkata_ssp585_baseline_2020s_hot_2026,perimeter_top_zn_2,perimeter,top,east,horizontal_GHI__zone_p_tail,0.6299064545384192,4437
kolkata_ssp585_baseline_2020s_hot_2026,perimeter_top_zn_1,perimeter,top,south,horizontal_GHI__zone_operative_temperature,0.6596764809437976,4437
kolkata_ssp585_baseline_2020s_hot_2026,perimeter_top_zn_1,perimeter,top,south,horizontal_GHI__zone_p_tail,0.6564747361368822,4437
kolkata_ssp585_baseline_2020s_hot_2026,perimeter_top_zn_4,perimeter,top,west,horizontal_GHI__zone_operative_temperature,0.5481662331740762,4437
kolkata_ssp585_baseline_2020s_hot_2026,perimeter_top_zn_4,perimeter,top,west,horizontal_GHI__zone_p_tail,0.5461296033796256,4437
kolkata_ssp585_baseline_2020s_hot_2026,perimeter_bot_zn_3,perimeter,bottom,north,horizontal_GHI__zone_operative_temperature,0.38843989631361747,4437
kolkata_ssp585_baseline_2020s_hot_2026,perimeter_bot_zn_3,perimeter,bottom,north,horizontal_GHI__zone_p_tail,0.38774870688595164,4437
kolkata_ssp585_baseline_2020s_hot_2026,perimeter_bot_zn_2,perimeter,bottom,east,horizontal_GHI__zone_operative_temperature,0.5193957835958601,4437
kolkata_ssp585_baseline_2020s_hot_2026,perimeter_bot_zn_2,perimeter,bottom,east,horizontal_GHI__zone_p_tail,0.5382551857286315,4437
kolkata_ssp585_baseline_2020s_hot_2026,perimeter_bot_zn_1,perimeter,bottom,south,horizontal_GHI__zone_operative_temperature,0.5727815356956001,4437
kolkata_ssp585_baseline_2020s_hot_2026,perimeter_bot_zn_1,perimeter,bottom,south,horizontal_GHI__zone_p_tail,0.5686630602321984,4437
kolkata_ssp585_baseline_2020s_hot_2026,perimeter_bot_zn_4,perimeter,bottom,west,horizontal_GHI__zone_operative_temperature,0.45377048162995504,4437
kolkata_ssp585_baseline_2020s_hot_2026,perimeter_bot_zn_4,perimeter,bottom,west,horizontal_GHI__zone_p_tail,0.4637083180327647,4437
kolkata_ssp585_baseline_2020s_hot_2026,perimeter_mid_zn_3,perimeter,middle,north,horizontal_GHI__zone_operative_temperature,0.45487168953451373,4437
kolkata_ssp585_baseline_2020s_hot_2026,perimeter_mid_zn_3,perimeter,middle,north,horizontal_GHI__zone_p_tail,0.5032223686929365,4437
kolkata_ssp585_baseline_2020s_hot_2026,perimeter_mid_zn_2,perimeter,middle,east,horizontal_GHI__zone_operative_temperature,0.5743975776110261,4437
kolkata_ssp585_baseline_2020s_hot_2026,perimeter_mid_zn_2,perimeter,middle,east,horizontal_GHI__zone_p_tail,0.6109099535981622,4437
kolkata_ssp585_baseline_2020s_hot_2026,perimeter_mid_zn_1,perimeter,middle,south,horizontal_GHI__zone_operative_temperature,0.6590787610304804,4437
kolkata_ssp585_baseline_2020s_hot_2026,perimeter_mid_zn_1,perimeter,middle,south,horizontal_GHI__zone_p_tail,0.6618316595612632,4437
kolkata_ssp585_baseline_2020s_hot_2026,perimeter_mid_zn_4,perimeter,middle,west,horizontal_GHI__zone_operative_temperature,0.5160596879400399,4437
kolkata_ssp585_baseline_2020s_hot_2026,perimeter_mid_zn_4,perimeter,middle,west,horizontal_GHI__zone_p_tail,0.5153664840104605,4437
kolkata_ssp585_baseline_2020s_typical_2029,core_bottom,core,bottom,core,horizontal_GHI__zone_operative_temperature,0.3430409612092821,4437
kolkata_ssp585_baseline_2020s_typical_2029,core_bottom,core,bottom,core,horizontal_GHI__zone_p_tail,0.27698890711135243,4437
kolkata_ssp585_baseline_2020s_typical_2029,core_mid,core,middle,core,horizontal_GHI__zone_operative_temperature,0.31067865683301704,4437
kolkata_ssp585_baseline_2020s_typical_2029,core_mid,core,middle,core,horizontal_GHI__zone_p_tail,0.26525904796775795,4437
kolkata_ssp585_baseline_2020s_typical_2029,core_top,core,top,core,horizontal_GHI__zone_operative_temperature,0.4005226379574876,4437
kolkata_ssp585_baseline_2020s_typical_2029,core_top,core,top,core,horizontal_GHI__zone_p_tail,0.3385975174342519,4437
kolkata_ssp585_baseline_2020s_typical_2029,perimeter_top_zn_3,perimeter,top,north,horizontal_GHI__zone_operative_temperature,0.5188185332474967,4437
kolkata_ssp585_baseline_2020s_typical_2029,perimeter_top_zn_3,perimeter,top,north,horizontal_GHI__zone_p_tail,0.5538339960868528,4437
kolkata_ssp585_baseline_2020s_typical_2029,perimeter_top_zn_2,perimeter,top,east,horizontal_GHI__zone_operative_temperature,0.6420332538277301,4437
kolkata_ssp585_baseline_2020s_typical_2029,perimeter_top_zn_2,perimeter,top,east,horizontal_GHI__zone_p_tail,0.6628649989551578,4437
kolkata_ssp585_baseline_2020s_typical_2029,perimeter_top_zn_1,perimeter,top,south,horizontal_GHI__zone_operative_temperature,0.6953074944819814,4437
kolkata_ssp585_baseline_2020s_typical_2029,perimeter_top_zn_1,perimeter,top,south,horizontal_GHI__zone_p_tail,0.6795601318236192,4437
kolkata_ssp585_baseline_2020s_typical_2029,perimeter_top_zn_4,perimeter,top,west,horizontal_GHI__zone_operative_temperature,0.5727857608861538,4437
kolkata_ssp585_baseline_2020s_typical_2029,perimeter_top_zn_4,perimeter,top,west,horizontal_GHI__zone_p_tail,0.576150138231264,4437
kolkata_ssp585_baseline_2020s_typical_2029,perimeter_bot_zn_3,perimeter,bottom,north,horizontal_GHI__zone_operative_temperature,0.4074945205736657,4437
kolkata_ssp585_baseline_2020s_typical_2029,perimeter_bot_zn_3,perimeter,bottom,north,horizontal_GHI__zone_p_tail,0.388235319912441,4437
kolkata_ssp585_baseline_2020s_typical_2029,perimeter_bot_zn_2,perimeter,bottom,east,horizontal_GHI__zone_operative_temperature,0.5501680395723118,4437
kolkata_ssp585_baseline_2020s_typical_2029,perimeter_bot_zn_2,perimeter,bottom,east,horizontal_GHI__zone_p_tail,0.5750854917995406,4437
kolkata_ssp585_baseline_2020s_typical_2029,perimeter_bot_zn_1,perimeter,bottom,south,horizontal_GHI__zone_operative_temperature,0.6196173390290226,4437
kolkata_ssp585_baseline_2020s_typical_2029,perimeter_bot_zn_1,perimeter,bottom,south,horizontal_GHI__zone_p_tail,0.6038597466882067,4437
kolkata_ssp585_baseline_2020s_typical_2029,perimeter_bot_zn_4,perimeter,bottom,west,horizontal_GHI__zone_operative_temperature,0.48017124767423414,4437
kolkata_ssp585_baseline_2020s_typical_2029,perimeter_bot_zn_4,perimeter,bottom,west,horizontal_GHI__zone_p_tail,0.48144586213741963,4437
kolkata_ssp585_baseline_2020s_typical_2029,perimeter_mid_zn_3,perimeter,middle,north,horizontal_GHI__zone_operative_temperature,0.4784928885995915,4437
kolkata_ssp585_baseline_2020s_typical_2029,perimeter_mid_zn_3,perimeter,middle,north,horizontal_GHI__zone_p_tail,0.5373551784643765,4437
kolkata_ssp585_baseline_2020s_typical_2029,perimeter_mid_zn_2,perimeter,middle,east,horizontal_GHI__zone_operative_temperature,0.6074124743789667,4437
kolkata_ssp585_baseline_2020s_typical_2029,perimeter_mid_zn_2,perimeter,middle,east,horizontal_GHI__zone_p_tail,0.6366704614852493,4437
kolkata_ssp585_baseline_2020s_typical_2029,perimeter_mid_zn_1,perimeter,middle,south,horizontal_GHI__zone_operative_temperature,0.7028514044487787,4437
kolkata_ssp585_baseline_2020s_typical_2029,perimeter_mid_zn_1,perimeter,middle,south,horizontal_GHI__zone_p_tail,0.6965365327066513,4437
kolkata_ssp585_baseline_2020s_typical_2029,perimeter_mid_zn_4,perimeter,middle,west,horizontal_GHI__zone_operative_temperature,0.5439678039593534,4437
kolkata_ssp585_baseline_2020s_typical_2029,perimeter_mid_zn_4,perimeter,middle,west,horizontal_GHI__zone_p_tail,0.5637572729972664,4437
kolkata_ssp585_late_2080s_heatwave_extreme_2080,core_bottom,core,bottom,core,horizontal_GHI__zone_operative_temperature,0.2965555272884497,4437
kolkata_ssp585_late_2080s_heatwave_extreme_2080,core_bottom,core,bottom,core,horizontal_GHI__zone_p_tail,0.28916881415327084,4437
kolkata_ssp585_late_2080s_heatwave_extreme_2080,core_mid,core,middle,core,horizontal_GHI__zone_operative_temperature,0.24531748827553523,4437
kolkata_ssp585_late_2080s_heatwave_extreme_2080,core_mid,core,middle,core,horizontal_GHI__zone_p_tail,0.21143198352104797,4437
kolkata_ssp585_late_2080s_heatwave_extreme_2080,core_top,core,top,core,horizontal_GHI__zone_operative_temperature,0.28688915997602943,4437
kolkata_ssp585_late_2080s_heatwave_extreme_2080,core_top,core,top,core,horizontal_GHI__zone_p_tail,0.2628003540189528,4437
kolkata_ssp585_late_2080s_heatwave_extreme_2080,perimeter_top_zn_3,perimeter,top,north,horizontal_GHI__zone_operative_temperature,0.39416734344542986,4437
kolkata_ssp585_late_2080s_heatwave_extreme_2080,perimeter_top_zn_3,perimeter,top,north,horizontal_GHI__zone_p_tail,0.3601007060563146,4437
kolkata_ssp585_late_2080s_heatwave_extreme_2080,perimeter_top_zn_2,perimeter,top,east,horizontal_GHI__zone_operative_temperature,0.47627071440465574,4437
kolkata_ssp585_late_2080s_heatwave_extreme_2080,perimeter_top_zn_2,perimeter,top,east,horizontal_GHI__zone_p_tail,0.4519520319698727,4437
kolkata_ssp585_late_2080s_heatwave_extreme_2080,perimeter_top_zn_1,perimeter,top,south,horizontal_GHI__zone_operative_temperature,0.5538939631539561,4437
kolkata_ssp585_late_2080s_heatwave_extreme_2080,perimeter_top_zn_1,perimeter,top,south,horizontal_GHI__zone_p_tail,0.517611307733326,4437
kolkata_ssp585_late_2080s_heatwave_extreme_2080,perimeter_top_zn_4,perimeter,top,west,horizontal_GHI__zone_operative_temperature,0.41854426687084145,4437
kolkata_ssp585_late_2080s_heatwave_extreme_2080,perimeter_top_zn_4,perimeter,top,west,horizontal_GHI__zone_p_tail,0.4027096073447263,4437
kolkata_ssp585_late_2080s_heatwave_extreme_2080,perimeter_bot_zn_3,perimeter,bottom,north,horizontal_GHI__zone_operative_temperature,0.33336957916619997,4437
kolkata_ssp585_late_2080s_heatwave_extreme_2080,perimeter_bot_zn_3,perimeter,bottom,north,horizontal_GHI__zone_p_tail,0.30641848577655495,4437
kolkata_ssp585_late_2080s_heatwave_extreme_2080,perimeter_bot_zn_2,perimeter,bottom,east,horizontal_GHI__zone_operative_temperature,0.41423628188694356,4437
kolkata_ssp585_late_2080s_heatwave_extreme_2080,perimeter_bot_zn_2,perimeter,bottom,east,horizontal_GHI__zone_p_tail,0.41194950862363444,4437
kolkata_ssp585_late_2080s_heatwave_extreme_2080,perimeter_bot_zn_1,perimeter,bottom,south,horizontal_GHI__zone_operative_temperature,0.47763957349333575,4437
kolkata_ssp585_late_2080s_heatwave_extreme_2080,perimeter_bot_zn_1,perimeter,bottom,south,horizontal_GHI__zone_p_tail,0.3798514196321893,4437
kolkata_ssp585_late_2080s_heatwave_extreme_2080,perimeter_bot_zn_4,perimeter,bottom,west,horizontal_GHI__zone_operative_temperature,0.35366475262001457,4437
kolkata_ssp585_late_2080s_heatwave_extreme_2080,perimeter_bot_zn_4,perimeter,bottom,west,horizontal_GHI__zone_p_tail,0.3550354535566707,4437
kolkata_ssp585_late_2080s_heatwave_extreme_2080,perimeter_mid_zn_3,perimeter,middle,north,horizontal_GHI__zone_operative_temperature,0.3711450957056693,4437
kolkata_ssp585_late_2080s_heatwave_extreme_2080,perimeter_mid_zn_3,perimeter,middle,north,horizontal_GHI__zone_p_tail,0.30967938448987803,4437
kolkata_ssp585_late_2080s_heatwave_extreme_2080,perimeter_mid_zn_2,perimeter,middle,east,horizontal_GHI__zone_operative_temperature,0.44167076594436594,4437
kolkata_ssp585_late_2080s_heatwave_extreme_2080,perimeter_mid_zn_2,perimeter,middle,east,horizontal_GHI__zone_p_tail,0.4265309716583993,4437
kolkata_ssp585_late_2080s_heatwave_extreme_2080,perimeter_mid_zn_1,perimeter,middle,south,horizontal_GHI__zone_operative_temperature,0.5548736346705703,4437
kolkata_ssp585_late_2080s_heatwave_extreme_2080,perimeter_mid_zn_1,perimeter,middle,south,horizontal_GHI__zone_p_tail,0.5025423415871852,4437
kolkata_ssp585_late_2080s_heatwave_extreme_2080,perimeter_mid_zn_4,perimeter,middle,west,horizontal_GHI__zone_operative_temperature,0.38623736744545367,4437
kolkata_ssp585_late_2080s_heatwave_extreme_2080,perimeter_mid_zn_4,perimeter,middle,west,horizontal_GHI__zone_p_tail,0.3707848503519152,4437
kolkata_ssp585_late_2080s_hot_2080,core_bottom,core,bottom,core,horizontal_GHI__zone_operative_temperature,0.2965555272884497,4437
kolkata_ssp585_late_2080s_hot_2080,core_bottom,core,bottom,core,horizontal_GHI__zone_p_tail,0.28916881415327084,4437
kolkata_ssp585_late_2080s_hot_2080,core_mid,core,middle,core,horizontal_GHI__zone_operative_temperature,0.24531748827553523,4437
kolkata_ssp585_late_2080s_hot_2080,core_mid,core,middle,core,horizontal_GHI__zone_p_tail,0.21143198352104797,4437
kolkata_ssp585_late_2080s_hot_2080,core_top,core,top,core,horizontal_GHI__zone_operative_temperature,0.28688915997602943,4437
kolkata_ssp585_late_2080s_hot_2080,core_top,core,top,core,horizontal_GHI__zone_p_tail,0.2628003540189528,4437
kolkata_ssp585_late_2080s_hot_2080,perimeter_top_zn_3,perimeter,top,north,horizontal_GHI__zone_operative_temperature,0.39416734344542986,4437
kolkata_ssp585_late_2080s_hot_2080,perimeter_top_zn_3,perimeter,top,north,horizontal_GHI__zone_p_tail,0.3601007060563146,4437
kolkata_ssp585_late_2080s_hot_2080,perimeter_top_zn_2,perimeter,top,east,horizontal_GHI__zone_operative_temperature,0.47627071440465574,4437
kolkata_ssp585_late_2080s_hot_2080,perimeter_top_zn_2,perimeter,top,east,horizontal_GHI__zone_p_tail,0.4519520319698727,4437
kolkata_ssp585_late_2080s_hot_2080,perimeter_top_zn_1,perimeter,top,south,horizontal_GHI__zone_operative_temperature,0.5538939631539561,4437
kolkata_ssp585_late_2080s_hot_2080,perimeter_top_zn_1,perimeter,top,south,horizontal_GHI__zone_p_tail,0.517611307733326,4437
kolkata_ssp585_late_2080s_hot_2080,perimeter_top_zn_4,perimeter,top,west,horizontal_GHI__zone_operative_temperature,0.41854426687084145,4437
kolkata_ssp585_late_2080s_hot_2080,perimeter_top_zn_4,perimeter,top,west,horizontal_GHI__zone_p_tail,0.4027096073447263,4437
kolkata_ssp585_late_2080s_hot_2080,perimeter_bot_zn_3,perimeter,bottom,north,horizontal_GHI__zone_operative_temperature,0.33336957916619997,4437
kolkata_ssp585_late_2080s_hot_2080,perimeter_bot_zn_3,perimeter,bottom,north,horizontal_GHI__zone_p_tail,0.30641848577655495,4437
kolkata_ssp585_late_2080s_hot_2080,perimeter_bot_zn_2,perimeter,bottom,east,horizontal_GHI__zone_operative_temperature,0.41423628188694356,4437
kolkata_ssp585_late_2080s_hot_2080,perimeter_bot_zn_2,perimeter,bottom,east,horizontal_GHI__zone_p_tail,0.41194950862363444,4437
kolkata_ssp585_late_2080s_hot_2080,perimeter_bot_zn_1,perimeter,bottom,south,horizontal_GHI__zone_operative_temperature,0.47763957349333575,4437
kolkata_ssp585_late_2080s_hot_2080,perimeter_bot_zn_1,perimeter,bottom,south,horizontal_GHI__zone_p_tail,0.3798514196321893,4437
kolkata_ssp585_late_2080s_hot_2080,perimeter_bot_zn_4,perimeter,bottom,west,horizontal_GHI__zone_operative_temperature,0.35366475262001457,4437
kolkata_ssp585_late_2080s_hot_2080,perimeter_bot_zn_4,perimeter,bottom,west,horizontal_GHI__zone_p_tail,0.3550354535566707,4437
kolkata_ssp585_late_2080s_hot_2080,perimeter_mid_zn_3,perimeter,middle,north,horizontal_GHI__zone_operative_temperature,0.3711450957056693,4437
kolkata_ssp585_late_2080s_hot_2080,perimeter_mid_zn_3,perimeter,middle,north,horizontal_GHI__zone_p_tail,0.30967938448987803,4437
kolkata_ssp585_late_2080s_hot_2080,perimeter_mid_zn_2,perimeter,middle,east,horizontal_GHI__zone_operative_temperature,0.44167076594436594,4437
kolkata_ssp585_late_2080s_hot_2080,perimeter_mid_zn_2,perimeter,middle,east,horizontal_GHI__zone_p_tail,0.4265309716583993,4437
kolkata_ssp585_late_2080s_hot_2080,perimeter_mid_zn_1,perimeter,middle,south,horizontal_GHI__zone_operative_temperature,0.5548736346705703,4437
kolkata_ssp585_late_2080s_hot_2080,perimeter_mid_zn_1,perimeter,middle,south,horizontal_GHI__zone_p_tail,0.5025423415871852,4437
kolkata_ssp585_late_2080s_hot_2080,perimeter_mid_zn_4,perimeter,middle,west,horizontal_GHI__zone_operative_temperature,0.38623736744545367,4437
kolkata_ssp585_late_2080s_hot_2080,perimeter_mid_zn_4,perimeter,middle,west,horizontal_GHI__zone_p_tail,0.3707848503519152,4437
kolkata_ssp585_late_2080s_typical_2088,core_bottom,core,bottom,core,horizontal_GHI__zone_operative_temperature,0.3248049323862344,4437
kolkata_ssp585_late_2080s_typical_2088,core_bottom,core,bottom,core,horizontal_GHI__zone_p_tail,0.3081602188528932,4437
kolkata_ssp585_late_2080s_typical_2088,core_mid,core,middle,core,horizontal_GHI__zone_operative_temperature,0.27972347696479544,4437
kolkata_ssp585_late_2080s_typical_2088,core_mid,core,middle,core,horizontal_GHI__zone_p_tail,0.2605751473746269,4437
kolkata_ssp585_late_2080s_typical_2088,core_top,core,top,core,horizontal_GHI__zone_operative_temperature,0.33063927252600084,4437
kolkata_ssp585_late_2080s_typical_2088,core_top,core,top,core,horizontal_GHI__zone_p_tail,0.3103588816989291,4437
kolkata_ssp585_late_2080s_typical_2088,perimeter_top_zn_3,perimeter,top,north,horizontal_GHI__zone_operative_temperature,0.44579240379815677,4437
kolkata_ssp585_late_2080s_typical_2088,perimeter_top_zn_3,perimeter,top,north,horizontal_GHI__zone_p_tail,0.45333443139169005,4437
kolkata_ssp585_late_2080s_typical_2088,perimeter_top_zn_2,perimeter,top,east,horizontal_GHI__zone_operative_temperature,0.5405589542276678,4437
kolkata_ssp585_late_2080s_typical_2088,perimeter_top_zn_2,perimeter,top,east,horizontal_GHI__zone_p_tail,0.5348292381331222,4437
kolkata_ssp585_late_2080s_typical_2088,perimeter_top_zn_1,perimeter,top,south,horizontal_GHI__zone_operative_temperature,0.6086938743625196,4437
kolkata_ssp585_late_2080s_typical_2088,perimeter_top_zn_1,perimeter,top,south,horizontal_GHI__zone_p_tail,0.6079281104424977,4437
kolkata_ssp585_late_2080s_typical_2088,perimeter_top_zn_4,perimeter,top,west,horizontal_GHI__zone_operative_temperature,0.4841358020136513,4437
kolkata_ssp585_late_2080s_typical_2088,perimeter_top_zn_4,perimeter,top,west,horizontal_GHI__zone_p_tail,0.47004553745592165,4437
kolkata_ssp585_late_2080s_typical_2088,perimeter_bot_zn_3,perimeter,bottom,north,horizontal_GHI__zone_operative_temperature,0.37894587795857165,4437
kolkata_ssp585_late_2080s_typical_2088,perimeter_bot_zn_3,perimeter,bottom,north,horizontal_GHI__zone_p_tail,0.36080479662289394,4437
kolkata_ssp585_late_2080s_typical_2088,perimeter_bot_zn_2,perimeter,bottom,east,horizontal_GHI__zone_operative_temperature,0.4715057005905441,4437
kolkata_ssp585_late_2080s_typical_2088,perimeter_bot_zn_2,perimeter,bottom,east,horizontal_GHI__zone_p_tail,0.5023284746526179,4437
kolkata_ssp585_late_2080s_typical_2088,perimeter_bot_zn_1,perimeter,bottom,south,horizontal_GHI__zone_operative_temperature,0.5513670379037683,4437
kolkata_ssp585_late_2080s_typical_2088,perimeter_bot_zn_1,perimeter,bottom,south,horizontal_GHI__zone_p_tail,0.5371834000527896,4437
kolkata_ssp585_late_2080s_typical_2088,perimeter_bot_zn_4,perimeter,bottom,west,horizontal_GHI__zone_operative_temperature,0.4103459224478518,4437
kolkata_ssp585_late_2080s_typical_2088,perimeter_bot_zn_4,perimeter,bottom,west,horizontal_GHI__zone_p_tail,0.41582128227567644,4437
kolkata_ssp585_late_2080s_typical_2088,perimeter_mid_zn_3,perimeter,middle,north,horizontal_GHI__zone_operative_temperature,0.41503153219190403,4437
kolkata_ssp585_late_2080s_typical_2088,perimeter_mid_zn_3,perimeter,middle,north,horizontal_GHI__zone_p_tail,0.4199034754361443,4437
kolkata_ssp585_late_2080s_typical_2088,perimeter_mid_zn_2,perimeter,middle,east,horizontal_GHI__zone_operative_temperature,0.5016296336858813,4437
kolkata_ssp585_late_2080s_typical_2088,perimeter_mid_zn_2,perimeter,middle,east,horizontal_GHI__zone_p_tail,0.5098408718714619,4437
kolkata_ssp585_late_2080s_typical_2088,perimeter_mid_zn_1,perimeter,middle,south,horizontal_GHI__zone_operative_temperature,0.6127892012769854,4437
kolkata_ssp585_late_2080s_typical_2088,perimeter_mid_zn_1,perimeter,middle,south,horizontal_GHI__zone_p_tail,0.6072604065619325,4437
kolkata_ssp585_late_2080s_typical_2088,perimeter_mid_zn_4,perimeter,middle,west,horizontal_GHI__zone_operative_temperature,0.44785931685717023,4437
kolkata_ssp585_late_2080s_typical_2088,perimeter_mid_zn_4,perimeter,middle,west,horizontal_GHI__zone_p_tail,0.4435628747766055,4437
kolkata_ssp585_mid_2050s_heatwave_extreme_2059,core_bottom,core,bottom,core,horizontal_GHI__zone_operative_temperature,0.3272416109685936,4437
kolkata_ssp585_mid_2050s_heatwave_extreme_2059,core_bottom,core,bottom,core,horizontal_GHI__zone_p_tail,0.3253192721873759,4437
kolkata_ssp585_mid_2050s_heatwave_extreme_2059,core_mid,core,middle,core,horizontal_GHI__zone_operative_temperature,0.27778861781935144,4437
kolkata_ssp585_mid_2050s_heatwave_extreme_2059,core_mid,core,middle,core,horizontal_GHI__zone_p_tail,0.2538390849685876,4437
kolkata_ssp585_mid_2050s_heatwave_extreme_2059,core_top,core,top,core,horizontal_GHI__zone_operative_temperature,0.319494493095901,4437
kolkata_ssp585_mid_2050s_heatwave_extreme_2059,core_top,core,top,core,horizontal_GHI__zone_p_tail,0.31119629092072837,4437
kolkata_ssp585_mid_2050s_heatwave_extreme_2059,perimeter_top_zn_3,perimeter,top,north,horizontal_GHI__zone_operative_temperature,0.41982166072433585,4437
kolkata_ssp585_mid_2050s_heatwave_extreme_2059,perimeter_top_zn_3,perimeter,top,north,horizontal_GHI__zone_p_tail,0.41290249580125243,4437
kolkata_ssp585_mid_2050s_heatwave_extreme_2059,perimeter_top_zn_2,perimeter,top,east,horizontal_GHI__zone_operative_temperature,0.5040636953459965,4437
kolkata_ssp585_mid_2050s_heatwave_extreme_2059,perimeter_top_zn_2,perimeter,top,east,horizontal_GHI__zone_p_tail,0.5320957226778024,4437
kolkata_ssp585_mid_2050s_heatwave_extreme_2059,perimeter_top_zn_1,perimeter,top,south,horizontal_GHI__zone_operative_temperature,0.5787543354240562,4437
kolkata_ssp585_mid_2050s_heatwave_extreme_2059,perimeter_top_zn_1,perimeter,top,south,horizontal_GHI__zone_p_tail,0.5461338003753647,4437
kolkata_ssp585_mid_2050s_heatwave_extreme_2059,perimeter_top_zn_4,perimeter,top,west,horizontal_GHI__zone_operative_temperature,0.44559204656531126,4437
kolkata_ssp585_mid_2050s_heatwave_extreme_2059,perimeter_top_zn_4,perimeter,top,west,horizontal_GHI__zone_p_tail,0.4583355262217447,4437
kolkata_ssp585_mid_2050s_heatwave_extreme_2059,perimeter_bot_zn_3,perimeter,bottom,north,horizontal_GHI__zone_operative_temperature,0.37031508857776985,4437
kolkata_ssp585_mid_2050s_heatwave_extreme_2059,perimeter_bot_zn_3,perimeter,bottom,north,horizontal_GHI__zone_p_tail,0.35116624341329783,4437
kolkata_ssp585_mid_2050s_heatwave_extreme_2059,perimeter_bot_zn_2,perimeter,bottom,east,horizontal_GHI__zone_operative_temperature,0.44743121648476447,4437
kolkata_ssp585_mid_2050s_heatwave_extreme_2059,perimeter_bot_zn_2,perimeter,bottom,east,horizontal_GHI__zone_p_tail,0.48095992470888155,4437
kolkata_ssp585_mid_2050s_heatwave_extreme_2059,perimeter_bot_zn_1,perimeter,bottom,south,horizontal_GHI__zone_operative_temperature,0.5144893696565576,4437
kolkata_ssp585_mid_2050s_heatwave_extreme_2059,perimeter_bot_zn_1,perimeter,bottom,south,horizontal_GHI__zone_p_tail,0.431108780420782,4437
kolkata_ssp585_mid_2050s_heatwave_extreme_2059,perimeter_bot_zn_4,perimeter,bottom,west,horizontal_GHI__zone_operative_temperature,0.3849298454323923,4437
kolkata_ssp585_mid_2050s_heatwave_extreme_2059,perimeter_bot_zn_4,perimeter,bottom,west,horizontal_GHI__zone_p_tail,0.4204882032894136,4437
kolkata_ssp585_mid_2050s_heatwave_extreme_2059,perimeter_mid_zn_3,perimeter,middle,north,horizontal_GHI__zone_operative_temperature,0.3983087121389257,4437
kolkata_ssp585_mid_2050s_heatwave_extreme_2059,perimeter_mid_zn_3,perimeter,middle,north,horizontal_GHI__zone_p_tail,0.3588162626426648,4437
kolkata_ssp585_mid_2050s_heatwave_extreme_2059,perimeter_mid_zn_2,perimeter,middle,east,horizontal_GHI__zone_operative_temperature,0.4683383577140263,4437
kolkata_ssp585_mid_2050s_heatwave_extreme_2059,perimeter_mid_zn_2,perimeter,middle,east,horizontal_GHI__zone_p_tail,0.4964757130743655,4437
kolkata_ssp585_mid_2050s_heatwave_extreme_2059,perimeter_mid_zn_1,perimeter,middle,south,horizontal_GHI__zone_operative_temperature,0.577506919782851,4437
kolkata_ssp585_mid_2050s_heatwave_extreme_2059,perimeter_mid_zn_1,perimeter,middle,south,horizontal_GHI__zone_p_tail,0.5161602645152018,4437
kolkata_ssp585_mid_2050s_heatwave_extreme_2059,perimeter_mid_zn_4,perimeter,middle,west,horizontal_GHI__zone_operative_temperature,0.4127926714075634,4437
kolkata_ssp585_mid_2050s_heatwave_extreme_2059,perimeter_mid_zn_4,perimeter,middle,west,horizontal_GHI__zone_p_tail,0.43327495287946016,4437
kolkata_ssp585_mid_2050s_hot_2059,core_bottom,core,bottom,core,horizontal_GHI__zone_operative_temperature,0.3272416109685936,4437
kolkata_ssp585_mid_2050s_hot_2059,core_bottom,core,bottom,core,horizontal_GHI__zone_p_tail,0.3253192721873759,4437
kolkata_ssp585_mid_2050s_hot_2059,core_mid,core,middle,core,horizontal_GHI__zone_operative_temperature,0.27778861781935144,4437
kolkata_ssp585_mid_2050s_hot_2059,core_mid,core,middle,core,horizontal_GHI__zone_p_tail,0.2538390849685876,4437
kolkata_ssp585_mid_2050s_hot_2059,core_top,core,top,core,horizontal_GHI__zone_operative_temperature,0.319494493095901,4437
kolkata_ssp585_mid_2050s_hot_2059,core_top,core,top,core,horizontal_GHI__zone_p_tail,0.31119629092072837,4437
kolkata_ssp585_mid_2050s_hot_2059,perimeter_top_zn_3,perimeter,top,north,horizontal_GHI__zone_operative_temperature,0.41982166072433585,4437
kolkata_ssp585_mid_2050s_hot_2059,perimeter_top_zn_3,perimeter,top,north,horizontal_GHI__zone_p_tail,0.41290249580125243,4437
kolkata_ssp585_mid_2050s_hot_2059,perimeter_top_zn_2,perimeter,top,east,horizontal_GHI__zone_operative_temperature,0.5040636953459965,4437
kolkata_ssp585_mid_2050s_hot_2059,perimeter_top_zn_2,perimeter,top,east,horizontal_GHI__zone_p_tail,0.5320957226778024,4437
kolkata_ssp585_mid_2050s_hot_2059,perimeter_top_zn_1,perimeter,top,south,horizontal_GHI__zone_operative_temperature,0.5787543354240562,4437
kolkata_ssp585_mid_2050s_hot_2059,perimeter_top_zn_1,perimeter,top,south,horizontal_GHI__zone_p_tail,0.5461338003753647,4437
kolkata_ssp585_mid_2050s_hot_2059,perimeter_top_zn_4,perimeter,top,west,horizontal_GHI__zone_operative_temperature,0.44559204656531126,4437
kolkata_ssp585_mid_2050s_hot_2059,perimeter_top_zn_4,perimeter,top,west,horizontal_GHI__zone_p_tail,0.4583355262217447,4437
kolkata_ssp585_mid_2050s_hot_2059,perimeter_bot_zn_3,perimeter,bottom,north,horizontal_GHI__zone_operative_temperature,0.37031508857776985,4437
kolkata_ssp585_mid_2050s_hot_2059,perimeter_bot_zn_3,perimeter,bottom,north,horizontal_GHI__zone_p_tail,0.35116624341329783,4437
kolkata_ssp585_mid_2050s_hot_2059,perimeter_bot_zn_2,perimeter,bottom,east,horizontal_GHI__zone_operative_temperature,0.44743121648476447,4437
kolkata_ssp585_mid_2050s_hot_2059,perimeter_bot_zn_2,perimeter,bottom,east,horizontal_GHI__zone_p_tail,0.48095992470888155,4437
kolkata_ssp585_mid_2050s_hot_2059,perimeter_bot_zn_1,perimeter,bottom,south,horizontal_GHI__zone_operative_temperature,0.5144893696565576,4437
kolkata_ssp585_mid_2050s_hot_2059,perimeter_bot_zn_1,perimeter,bottom,south,horizontal_GHI__zone_p_tail,0.431108780420782,4437
kolkata_ssp585_mid_2050s_hot_2059,perimeter_bot_zn_4,perimeter,bottom,west,horizontal_GHI__zone_operative_temperature,0.3849298454323923,4437
kolkata_ssp585_mid_2050s_hot_2059,perimeter_bot_zn_4,perimeter,bottom,west,horizontal_GHI__zone_p_tail,0.4204882032894136,4437
kolkata_ssp585_mid_2050s_hot_2059,perimeter_mid_zn_3,perimeter,middle,north,horizontal_GHI__zone_operative_temperature,0.3983087121389257,4437
kolkata_ssp585_mid_2050s_hot_2059,perimeter_mid_zn_3,perimeter,middle,north,horizontal_GHI__zone_p_tail,0.3588162626426648,4437
kolkata_ssp585_mid_2050s_hot_2059,perimeter_mid_zn_2,perimeter,middle,east,horizontal_GHI__zone_operative_temperature,0.4683383577140263,4437
kolkata_ssp585_mid_2050s_hot_2059,perimeter_mid_zn_2,perimeter,middle,east,horizontal_GHI__zone_p_tail,0.4964757130743655,4437
kolkata_ssp585_mid_2050s_hot_2059,perimeter_mid_zn_1,perimeter,middle,south,horizontal_GHI__zone_operative_temperature,0.577506919782851,4437
kolkata_ssp585_mid_2050s_hot_2059,perimeter_mid_zn_1,perimeter,middle,south,horizontal_GHI__zone_p_tail,0.5161602645152018,4437
kolkata_ssp585_mid_2050s_hot_2059,perimeter_mid_zn_4,perimeter,middle,west,horizontal_GHI__zone_operative_temperature,0.4127926714075634,4437
kolkata_ssp585_mid_2050s_hot_2059,perimeter_mid_zn_4,perimeter,middle,west,horizontal_GHI__zone_p_tail,0.43327495287946016,4437
kolkata_ssp585_mid_2050s_typical_2057,core_bottom,core,bottom,core,horizontal_GHI__zone_operative_temperature,0.3474094749643861,4437
kolkata_ssp585_mid_2050s_typical_2057,core_bottom,core,bottom,core,horizontal_GHI__zone_p_tail,0.3036249406579078,4437
kolkata_ssp585_mid_2050s_typical_2057,core_mid,core,middle,core,horizontal_GHI__zone_operative_temperature,0.31585282348245464,4437
kolkata_ssp585_mid_2050s_typical_2057,core_mid,core,middle,core,horizontal_GHI__zone_p_tail,0.26618542872340645,4437
kolkata_ssp585_mid_2050s_typical_2057,core_top,core,top,core,horizontal_GHI__zone_operative_temperature,0.39305716451008077,4437
kolkata_ssp585_mid_2050s_typical_2057,core_top,core,top,core,horizontal_GHI__zone_p_tail,0.3149914593639862,4437
kolkata_ssp585_mid_2050s_typical_2057,perimeter_top_zn_3,perimeter,top,north,horizontal_GHI__zone_operative_temperature,0.5095982900174432,4437
kolkata_ssp585_mid_2050s_typical_2057,perimeter_top_zn_3,perimeter,top,north,horizontal_GHI__zone_p_tail,0.5129424158365165,4437
kolkata_ssp585_mid_2050s_typical_2057,perimeter_top_zn_2,perimeter,top,east,horizontal_GHI__zone_operative_temperature,0.6079731917629551,4437
kolkata_ssp585_mid_2050s_typical_2057,perimeter_top_zn_2,perimeter,top,east,horizontal_GHI__zone_p_tail,0.6099894614533863,4437
kolkata_ssp585_mid_2050s_typical_2057,perimeter_top_zn_1,perimeter,top,south,horizontal_GHI__zone_operative_temperature,0.6489397694291167,4437
kolkata_ssp585_mid_2050s_typical_2057,perimeter_top_zn_1,perimeter,top,south,horizontal_GHI__zone_p_tail,0.6276440428693827,4437
kolkata_ssp585_mid_2050s_typical_2057,perimeter_top_zn_4,perimeter,top,west,horizontal_GHI__zone_operative_temperature,0.5454794224660264,4437
kolkata_ssp585_mid_2050s_typical_2057,perimeter_top_zn_4,perimeter,top,west,horizontal_GHI__zone_p_tail,0.558017737477686,4437
kolkata_ssp585_mid_2050s_typical_2057,perimeter_bot_zn_3,perimeter,bottom,north,horizontal_GHI__zone_operative_temperature,0.41523868685067,4437
kolkata_ssp585_mid_2050s_typical_2057,perimeter_bot_zn_3,perimeter,bottom,north,horizontal_GHI__zone_p_tail,0.39543702078619475,4437
kolkata_ssp585_mid_2050s_typical_2057,perimeter_bot_zn_2,perimeter,bottom,east,horizontal_GHI__zone_operative_temperature,0.5321822334097881,4437
kolkata_ssp585_mid_2050s_typical_2057,perimeter_bot_zn_2,perimeter,bottom,east,horizontal_GHI__zone_p_tail,0.5535063128778336,4437
kolkata_ssp585_mid_2050s_typical_2057,perimeter_bot_zn_1,perimeter,bottom,south,horizontal_GHI__zone_operative_temperature,0.5902824402755714,4437
kolkata_ssp585_mid_2050s_typical_2057,perimeter_bot_zn_1,perimeter,bottom,south,horizontal_GHI__zone_p_tail,0.58072409090999,4437
kolkata_ssp585_mid_2050s_typical_2057,perimeter_bot_zn_4,perimeter,bottom,west,horizontal_GHI__zone_operative_temperature,0.46907504179710474,4437
kolkata_ssp585_mid_2050s_typical_2057,perimeter_bot_zn_4,perimeter,bottom,west,horizontal_GHI__zone_p_tail,0.47879837271330017,4437
kolkata_ssp585_mid_2050s_typical_2057,perimeter_mid_zn_3,perimeter,middle,north,horizontal_GHI__zone_operative_temperature,0.4736256070548653,4437
kolkata_ssp585_mid_2050s_typical_2057,perimeter_mid_zn_3,perimeter,middle,north,horizontal_GHI__zone_p_tail,0.47826913171235136,4437
kolkata_ssp585_mid_2050s_typical_2057,perimeter_mid_zn_2,perimeter,middle,east,horizontal_GHI__zone_operative_temperature,0.5736551138490137,4437
kolkata_ssp585_mid_2050s_typical_2057,perimeter_mid_zn_2,perimeter,middle,east,horizontal_GHI__zone_p_tail,0.5806119646121658,4437
kolkata_ssp585_mid_2050s_typical_2057,perimeter_mid_zn_1,perimeter,middle,south,horizontal_GHI__zone_operative_temperature,0.653620610220933,4437
kolkata_ssp585_mid_2050s_typical_2057,perimeter_mid_zn_1,perimeter,middle,south,horizontal_GHI__zone_p_tail,0.6382486043108268,4437
kolkata_ssp585_mid_2050s_typical_2057,perimeter_mid_zn_4,perimeter,middle,west,horizontal_GHI__zone_operative_temperature,0.5165181371855626,4437
kolkata_ssp585_mid_2050s_typical_2057,perimeter_mid_zn_4,perimeter,middle,west,horizontal_GHI__zone_p_tail,0.5230604663836751,4437
kolkata_ssp585_near_2030s_heatwave_extreme_2032,core_bottom,core,bottom,core,horizontal_GHI__zone_operative_temperature,0.36463047535940374,4437
kolkata_ssp585_near_2030s_heatwave_extreme_2032,core_bottom,core,bottom,core,horizontal_GHI__zone_p_tail,0.3099025398143945,4437
kolkata_ssp585_near_2030s_heatwave_extreme_2032,core_mid,core,middle,core,horizontal_GHI__zone_operative_temperature,0.3286096609043521,4437
kolkata_ssp585_near_2030s_heatwave_extreme_2032,core_mid,core,middle,core,horizontal_GHI__zone_p_tail,0.24256632448148954,4437
kolkata_ssp585_near_2030s_heatwave_extreme_2032,core_top,core,top,core,horizontal_GHI__zone_operative_temperature,0.4195949892454067,4437
kolkata_ssp585_near_2030s_heatwave_extreme_2032,core_top,core,top,core,horizontal_GHI__zone_p_tail,0.3103809051825307,4437
kolkata_ssp585_near_2030s_heatwave_extreme_2032,perimeter_top_zn_3,perimeter,top,north,horizontal_GHI__zone_operative_temperature,0.5221011814350295,4437
kolkata_ssp585_near_2030s_heatwave_extreme_2032,perimeter_top_zn_3,perimeter,top,north,horizontal_GHI__zone_p_tail,0.5465147647687194,4437
kolkata_ssp585_near_2030s_heatwave_extreme_2032,perimeter_top_zn_2,perimeter,top,east,horizontal_GHI__zone_operative_temperature,0.6287193343478537,4437
kolkata_ssp585_near_2030s_heatwave_extreme_2032,perimeter_top_zn_2,perimeter,top,east,horizontal_GHI__zone_p_tail,0.6630318257411719,4437
kolkata_ssp585_near_2030s_heatwave_extreme_2032,perimeter_top_zn_1,perimeter,top,south,horizontal_GHI__zone_operative_temperature,0.669322247419436,4437
kolkata_ssp585_near_2030s_heatwave_extreme_2032,perimeter_top_zn_1,perimeter,top,south,horizontal_GHI__zone_p_tail,0.6584297303134099,4437
kolkata_ssp585_near_2030s_heatwave_extreme_2032,perimeter_top_zn_4,perimeter,top,west,horizontal_GHI__zone_operative_temperature,0.563561054483855,4437
kolkata_ssp585_near_2030s_heatwave_extreme_2032,perimeter_top_zn_4,perimeter,top,west,horizontal_GHI__zone_p_tail,0.5771108472876214,4437
kolkata_ssp585_near_2030s_heatwave_extreme_2032,perimeter_bot_zn_3,perimeter,bottom,north,horizontal_GHI__zone_operative_temperature,0.4276287872702882,4437
kolkata_ssp585_near_2030s_heatwave_extreme_2032,perimeter_bot_zn_3,perimeter,bottom,north,horizontal_GHI__zone_p_tail,0.41937419760502376,4437
kolkata_ssp585_near_2030s_heatwave_extreme_2032,perimeter_bot_zn_2,perimeter,bottom,east,horizontal_GHI__zone_operative_temperature,0.563332646958064,4437
kolkata_ssp585_near_2030s_heatwave_extreme_2032,perimeter_bot_zn_2,perimeter,bottom,east,horizontal_GHI__zone_p_tail,0.6102330731628905,4437
kolkata_ssp585_near_2030s_heatwave_extreme_2032,perimeter_bot_zn_1,perimeter,bottom,south,horizontal_GHI__zone_operative_temperature,0.6101469446702047,4437
kolkata_ssp585_near_2030s_heatwave_extreme_2032,perimeter_bot_zn_1,perimeter,bottom,south,horizontal_GHI__zone_p_tail,0.5940106618993763,4437
kolkata_ssp585_near_2030s_heatwave_extreme_2032,perimeter_bot_zn_4,perimeter,bottom,west,horizontal_GHI__zone_operative_temperature,0.493729065054399,4437
kolkata_ssp585_near_2030s_heatwave_extreme_2032,perimeter_bot_zn_4,perimeter,bottom,west,horizontal_GHI__zone_p_tail,0.49425273257479074,4437
kolkata_ssp585_near_2030s_heatwave_extreme_2032,perimeter_mid_zn_3,perimeter,middle,north,horizontal_GHI__zone_operative_temperature,0.4895519326946903,4437
kolkata_ssp585_near_2030s_heatwave_extreme_2032,perimeter_mid_zn_3,perimeter,middle,north,horizontal_GHI__zone_p_tail,0.5211758892135587,4437
kolkata_ssp585_near_2030s_heatwave_extreme_2032,perimeter_mid_zn_2,perimeter,middle,east,horizontal_GHI__zone_operative_temperature,0.5993386377543068,4437
kolkata_ssp585_near_2030s_heatwave_extreme_2032,perimeter_mid_zn_2,perimeter,middle,east,horizontal_GHI__zone_p_tail,0.6517574802733987,4437
kolkata_ssp585_near_2030s_heatwave_extreme_2032,perimeter_mid_zn_1,perimeter,middle,south,horizontal_GHI__zone_operative_temperature,0.669551595452596,4437
kolkata_ssp585_near_2030s_heatwave_extreme_2032,perimeter_mid_zn_1,perimeter,middle,south,horizontal_GHI__zone_p_tail,0.6477266558499498,4437
kolkata_ssp585_near_2030s_heatwave_extreme_2032,perimeter_mid_zn_4,perimeter,middle,west,horizontal_GHI__zone_operative_temperature,0.5382098287772623,4437
kolkata_ssp585_near_2030s_heatwave_extreme_2032,perimeter_mid_zn_4,perimeter,middle,west,horizontal_GHI__zone_p_tail,0.5673606854727289,4437
kolkata_ssp585_near_2030s_hot_2030,core_bottom,core,bottom,core,horizontal_GHI__zone_operative_temperature,0.33706243198674407,4437
kolkata_ssp585_near_2030s_hot_2030,core_bottom,core,bottom,core,horizontal_GHI__zone_p_tail,0.2936091245311523,4437
kolkata_ssp585_near_2030s_hot_2030,core_mid,core,middle,core,horizontal_GHI__zone_operative_temperature,0.29643032359512106,4437
kolkata_ssp585_near_2030s_hot_2030,core_mid,core,middle,core,horizontal_GHI__zone_p_tail,0.26009514248600896,4437
kolkata_ssp585_near_2030s_hot_2030,core_top,core,top,core,horizontal_GHI__zone_operative_temperature,0.3721638792707486,4437
kolkata_ssp585_near_2030s_hot_2030,core_top,core,top,core,horizontal_GHI__zone_p_tail,0.32393393735785625,4437
kolkata_ssp585_near_2030s_hot_2030,perimeter_top_zn_3,perimeter,top,north,horizontal_GHI__zone_operative_temperature,0.4812316445544585,4437
kolkata_ssp585_near_2030s_hot_2030,perimeter_top_zn_3,perimeter,top,north,horizontal_GHI__zone_p_tail,0.5138711800515038,4437
kolkata_ssp585_near_2030s_hot_2030,perimeter_top_zn_2,perimeter,top,east,horizontal_GHI__zone_operative_temperature,0.5961132965045501,4437
kolkata_ssp585_near_2030s_hot_2030,perimeter_top_zn_2,perimeter,top,east,horizontal_GHI__zone_p_tail,0.6175064192801607,4437
kolkata_ssp585_near_2030s_hot_2030,perimeter_top_zn_1,perimeter,top,south,horizontal_GHI__zone_operative_temperature,0.6601167322568383,4437
kolkata_ssp585_near_2030s_hot_2030,perimeter_top_zn_1,perimeter,top,south,horizontal_GHI__zone_p_tail,0.651784123530774,4437
kolkata_ssp585_near_2030s_hot_2030,perimeter_top_zn_4,perimeter,top,west,horizontal_GHI__zone_operative_temperature,0.5375780287247665,4437
kolkata_ssp585_near_2030s_hot_2030,perimeter_top_zn_4,perimeter,top,west,horizontal_GHI__zone_p_tail,0.5415320943228729,4437
kolkata_ssp585_near_2030s_hot_2030,perimeter_bot_zn_3,perimeter,bottom,north,horizontal_GHI__zone_operative_temperature,0.38855000808085344,4437
kolkata_ssp585_near_2030s_hot_2030,perimeter_bot_zn_3,perimeter,bottom,north,horizontal_GHI__zone_p_tail,0.3729443755652885,4437
kolkata_ssp585_near_2030s_hot_2030,perimeter_bot_zn_2,perimeter,bottom,east,horizontal_GHI__zone_operative_temperature,0.5086882989895296,4437
kolkata_ssp585_near_2030s_hot_2030,perimeter_bot_zn_2,perimeter,bottom,east,horizontal_GHI__zone_p_tail,0.5506202515438343,4437
kolkata_ssp585_near_2030s_hot_2030,perimeter_bot_zn_1,perimeter,bottom,south,horizontal_GHI__zone_operative_temperature,0.5893007655268453,4437
kolkata_ssp585_near_2030s_hot_2030,perimeter_bot_zn_1,perimeter,bottom,south,horizontal_GHI__zone_p_tail,0.5882649767507024,4437
kolkata_ssp585_near_2030s_hot_2030,perimeter_bot_zn_4,perimeter,bottom,west,horizontal_GHI__zone_operative_temperature,0.44668170425896814,4437
kolkata_ssp585_near_2030s_hot_2030,perimeter_bot_zn_4,perimeter,bottom,west,horizontal_GHI__zone_p_tail,0.45585660842071624,4437
kolkata_ssp585_near_2030s_hot_2030,perimeter_mid_zn_3,perimeter,middle,north,horizontal_GHI__zone_operative_temperature,0.4455402676406531,4437
kolkata_ssp585_near_2030s_hot_2030,perimeter_mid_zn_3,perimeter,middle,north,horizontal_GHI__zone_p_tail,0.49149569233812757,4437
kolkata_ssp585_near_2030s_hot_2030,perimeter_mid_zn_2,perimeter,middle,east,horizontal_GHI__zone_operative_temperature,0.5607791699455761,4437
kolkata_ssp585_near_2030s_hot_2030,perimeter_mid_zn_2,perimeter,middle,east,horizontal_GHI__zone_p_tail,0.5989217703677345,4437
kolkata_ssp585_near_2030s_hot_2030,perimeter_mid_zn_1,perimeter,middle,south,horizontal_GHI__zone_operative_temperature,0.665335035537798,4437
kolkata_ssp585_near_2030s_hot_2030,perimeter_mid_zn_1,perimeter,middle,south,horizontal_GHI__zone_p_tail,0.6714128522892188,4437
kolkata_ssp585_near_2030s_hot_2030,perimeter_mid_zn_4,perimeter,middle,west,horizontal_GHI__zone_operative_temperature,0.5048874507983717,4437
kolkata_ssp585_near_2030s_hot_2030,perimeter_mid_zn_4,perimeter,middle,west,horizontal_GHI__zone_p_tail,0.5296784166758916,4437
kolkata_ssp585_near_2030s_typical_2038,core_bottom,core,bottom,core,horizontal_GHI__zone_operative_temperature,0.3508292761787366,4437
kolkata_ssp585_near_2030s_typical_2038,core_bottom,core,bottom,core,horizontal_GHI__zone_p_tail,0.26422537220640324,4437
kolkata_ssp585_near_2030s_typical_2038,core_mid,core,middle,core,horizontal_GHI__zone_operative_temperature,0.3197723656397073,4437
kolkata_ssp585_near_2030s_typical_2038,core_mid,core,middle,core,horizontal_GHI__zone_p_tail,0.24939620942373766,4437
kolkata_ssp585_near_2030s_typical_2038,core_top,core,top,core,horizontal_GHI__zone_operative_temperature,0.41557601192242877,4437
kolkata_ssp585_near_2030s_typical_2038,core_top,core,top,core,horizontal_GHI__zone_p_tail,0.31283167999536793,4437
kolkata_ssp585_near_2030s_typical_2038,perimeter_top_zn_3,perimeter,top,north,horizontal_GHI__zone_operative_temperature,0.5289763357481659,4437
kolkata_ssp585_near_2030s_typical_2038,perimeter_top_zn_3,perimeter,top,north,horizontal_GHI__zone_p_tail,0.548997658187267,4437
kolkata_ssp585_near_2030s_typical_2038,perimeter_top_zn_2,perimeter,top,east,horizontal_GHI__zone_operative_temperature,0.6426321928962567,4437
kolkata_ssp585_near_2030s_typical_2038,perimeter_top_zn_2,perimeter,top,east,horizontal_GHI__zone_p_tail,0.6508006211226333,4437
kolkata_ssp585_near_2030s_typical_2038,perimeter_top_zn_1,perimeter,top,south,horizontal_GHI__zone_operative_temperature,0.6826279981040143,4437
kolkata_ssp585_near_2030s_typical_2038,perimeter_top_zn_1,perimeter,top,south,horizontal_GHI__zone_p_tail,0.6615427365197541,4437
kolkata_ssp585_near_2030s_typical_2038,perimeter_top_zn_4,perimeter,top,west,horizontal_GHI__zone_operative_temperature,0.5700001953088651,4437
kolkata_ssp585_near_2030s_typical_2038,perimeter_top_zn_4,perimeter,top,west,horizontal_GHI__zone_p_tail,0.5601657583130569,4437
kolkata_ssp585_near_2030s_typical_2038,perimeter_bot_zn_3,perimeter,bottom,north,horizontal_GHI__zone_operative_temperature,0.42000164751381774,4437
kolkata_ssp585_near_2030s_typical_2038,perimeter_bot_zn_3,perimeter,bottom,north,horizontal_GHI__zone_p_tail,0.41164766576613526,4437
kolkata_ssp585_near_2030s_typical_2038,perimeter_bot_zn_2,perimeter,bottom,east,horizontal_GHI__zone_operative_temperature,0.55973788382826,4437
kolkata_ssp585_near_2030s_typical_2038,perimeter_bot_zn_2,perimeter,bottom,east,horizontal_GHI__zone_p_tail,0.5613994172376899,4437
kolkata_ssp585_near_2030s_typical_2038,perimeter_bot_zn_1,perimeter,bottom,south,horizontal_GHI__zone_operative_temperature,0.610668870108804,4437
kolkata_ssp585_near_2030s_typical_2038,perimeter_bot_zn_1,perimeter,bottom,south,horizontal_GHI__zone_p_tail,0.5868971483275395,4437
kolkata_ssp585_near_2030s_typical_2038,perimeter_bot_zn_4,perimeter,bottom,west,horizontal_GHI__zone_operative_temperature,0.4898134027175312,4437
kolkata_ssp585_near_2030s_typical_2038,perimeter_bot_zn_4,perimeter,bottom,west,horizontal_GHI__zone_p_tail,0.48373891172697436,4437
kolkata_ssp585_near_2030s_typical_2038,perimeter_mid_zn_3,perimeter,middle,north,horizontal_GHI__zone_operative_temperature,0.4906252958980668,4437
kolkata_ssp585_near_2030s_typical_2038,perimeter_mid_zn_3,perimeter,middle,north,horizontal_GHI__zone_p_tail,0.5270021491184887,4437
kolkata_ssp585_near_2030s_typical_2038,perimeter_mid_zn_2,perimeter,middle,east,horizontal_GHI__zone_operative_temperature,0.6123111538837865,4437
kolkata_ssp585_near_2030s_typical_2038,perimeter_mid_zn_2,perimeter,middle,east,horizontal_GHI__zone_p_tail,0.6347884969587817,4437
kolkata_ssp585_near_2030s_typical_2038,perimeter_mid_zn_1,perimeter,middle,south,horizontal_GHI__zone_operative_temperature,0.6880005042750253,4437
kolkata_ssp585_near_2030s_typical_2038,perimeter_mid_zn_1,perimeter,middle,south,horizontal_GHI__zone_p_tail,0.6648092737727265,4437
kolkata_ssp585_near_2030s_typical_2038,perimeter_mid_zn_4,perimeter,middle,west,horizontal_GHI__zone_operative_temperature,0.5458085325437702,4437
kolkata_ssp585_near_2030s_typical_2038,perimeter_mid_zn_4,perimeter,middle,west,horizontal_GHI__zone_p_tail,0.5578177373243389,4437
phoenix_ssp245_baseline_2020s_heatwave_extreme_2025,core_bottom,core,bottom,core,horizontal_GHI__zone_operative_temperature,0.43942391275253256,4437
phoenix_ssp245_baseline_2020s_heatwave_extreme_2025,core_bottom,core,bottom,core,horizontal_GHI__zone_p_tail,-0.0050252511773927885,4437
phoenix_ssp245_baseline_2020s_heatwave_extreme_2025,core_mid,core,middle,core,horizontal_GHI__zone_operative_temperature,0.38192501546205415,4437
phoenix_ssp245_baseline_2020s_heatwave_extreme_2025,core_mid,core,middle,core,horizontal_GHI__zone_p_tail,0.03476635004524759,4437
phoenix_ssp245_baseline_2020s_heatwave_extreme_2025,core_top,core,top,core,horizontal_GHI__zone_operative_temperature,0.46023054298654187,4437
phoenix_ssp245_baseline_2020s_heatwave_extreme_2025,core_top,core,top,core,horizontal_GHI__zone_p_tail,0.0655810770213387,4437
phoenix_ssp245_baseline_2020s_heatwave_extreme_2025,perimeter_top_zn_3,perimeter,top,north,horizontal_GHI__zone_operative_temperature,0.45437461725600614,4437
phoenix_ssp245_baseline_2020s_heatwave_extreme_2025,perimeter_top_zn_3,perimeter,top,north,horizontal_GHI__zone_p_tail,0.2525248713803219,4437
phoenix_ssp245_baseline_2020s_heatwave_extreme_2025,perimeter_top_zn_2,perimeter,top,east,horizontal_GHI__zone_operative_temperature,0.6047412476959272,4437
phoenix_ssp245_baseline_2020s_heatwave_extreme_2025,perimeter_top_zn_2,perimeter,top,east,horizontal_GHI__zone_p_tail,0.32768459165135655,4437
phoenix_ssp245_baseline_2020s_heatwave_extreme_2025,perimeter_top_zn_1,perimeter,top,south,horizontal_GHI__zone_operative_temperature,0.6827713295520645,4437
phoenix_ssp245_baseline_2020s_heatwave_extreme_2025,perimeter_top_zn_1,perimeter,top,south,horizontal_GHI__zone_p_tail,0.5274492088458504,4437
phoenix_ssp245_baseline_2020s_heatwave_extreme_2025,perimeter_top_zn_4,perimeter,top,west,horizontal_GHI__zone_operative_temperature,0.41250041691126466,4437
phoenix_ssp245_baseline_2020s_heatwave_extreme_2025,perimeter_top_zn_4,perimeter,top,west,horizontal_GHI__zone_p_tail,0.17856187526841952,4437
phoenix_ssp245_baseline_2020s_heatwave_extreme_2025,perimeter_bot_zn_3,perimeter,bottom,north,horizontal_GHI__zone_operative_temperature,0.3926587059502011,4437
phoenix_ssp245_baseline_2020s_heatwave_extreme_2025,perimeter_bot_zn_3,perimeter,bottom,north,horizontal_GHI__zone_p_tail,0.14828917970389457,4437
phoenix_ssp245_baseline_2020s_heatwave_extreme_2025,perimeter_bot_zn_2,perimeter,bottom,east,horizontal_GHI__zone_operative_temperature,0.5380375524806218,4437
phoenix_ssp245_baseline_2020s_heatwave_extreme_2025,perimeter_bot_zn_2,perimeter,bottom,east,horizontal_GHI__zone_p_tail,0.2980190628201314,4437
phoenix_ssp245_baseline_2020s_heatwave_extreme_2025,perimeter_bot_zn_1,perimeter,bottom,south,horizontal_GHI__zone_operative_temperature,0.515786085889948,4437
phoenix_ssp245_baseline_2020s_heatwave_extreme_2025,perimeter_bot_zn_1,perimeter,bottom,south,horizontal_GHI__zone_p_tail,0.41617266959067106,4437
phoenix_ssp245_baseline_2020s_heatwave_extreme_2025,perimeter_bot_zn_4,perimeter,bottom,west,horizontal_GHI__zone_operative_temperature,0.3291735546876908,4437
phoenix_ssp245_baseline_2020s_heatwave_extreme_2025,perimeter_bot_zn_4,perimeter,bottom,west,horizontal_GHI__zone_p_tail,0.12190314560320764,4437
phoenix_ssp245_baseline_2020s_heatwave_extreme_2025,perimeter_mid_zn_3,perimeter,middle,north,horizontal_GHI__zone_operative_temperature,0.43147731640076653,4437
phoenix_ssp245_baseline_2020s_heatwave_extreme_2025,perimeter_mid_zn_3,perimeter,middle,north,horizontal_GHI__zone_p_tail,0.21232329687698895,4437
phoenix_ssp245_baseline_2020s_heatwave_extreme_2025,perimeter_mid_zn_2,perimeter,middle,east,horizontal_GHI__zone_operative_temperature,0.5879671439811851,4437
phoenix_ssp245_baseline_2020s_heatwave_extreme_2025,perimeter_mid_zn_2,perimeter,middle,east,horizontal_GHI__zone_p_tail,0.2607001576738532,4437
phoenix_ssp245_baseline_2020s_heatwave_extreme_2025,perimeter_mid_zn_1,perimeter,middle,south,horizontal_GHI__zone_operative_temperature,0.6738209003863113,4437
phoenix_ssp245_baseline_2020s_heatwave_extreme_2025,perimeter_mid_zn_1,perimeter,middle,south,horizontal_GHI__zone_p_tail,0.5038350752956581,4437
phoenix_ssp245_baseline_2020s_heatwave_extreme_2025,perimeter_mid_zn_4,perimeter,middle,west,horizontal_GHI__zone_operative_temperature,0.39254020832800396,4437
phoenix_ssp245_baseline_2020s_heatwave_extreme_2025,perimeter_mid_zn_4,perimeter,middle,west,horizontal_GHI__zone_p_tail,0.14485159702669512,4437
phoenix_ssp245_baseline_2020s_hot_2028,core_bottom,core,bottom,core,horizontal_GHI__zone_operative_temperature,0.4255638154687132,4437
phoenix_ssp245_baseline_2020s_hot_2028,core_bottom,core,bottom,core,horizontal_GHI__zone_p_tail,-0.033415924574559844,4437
phoenix_ssp245_baseline_2020s_hot_2028,core_mid,core,middle,core,horizontal_GHI__zone_operative_temperature,0.3700012230282084,4437
phoenix_ssp245_baseline_2020s_hot_2028,core_mid,core,middle,core,horizontal_GHI__zone_p_tail,-0.00140693768766436,4437
phoenix_ssp245_baseline_2020s_hot_2028,core_top,core,top,core,horizontal_GHI__zone_operative_temperature,0.4584804426025278,4437
phoenix_ssp245_baseline_2020s_hot_2028,core_top,core,top,core,horizontal_GHI__zone_p_tail,0.048293001707936295,4437
phoenix_ssp245_baseline_2020s_hot_2028,perimeter_top_zn_3,perimeter,top,north,horizontal_GHI__zone_operative_temperature,0.44860138858140286,4437
phoenix_ssp245_baseline_2020s_hot_2028,perimeter_top_zn_3,perimeter,top,north,horizontal_GHI__zone_p_tail,0.21049534748453524,4437
phoenix_ssp245_baseline_2020s_hot_2028,perimeter_top_zn_2,perimeter,top,east,horizontal_GHI__zone_operative_temperature,0.6033040541371991,4437
phoenix_ssp245_baseline_2020s_hot_2028,perimeter_top_zn_2,perimeter,top,east,horizontal_GHI__zone_p_tail,0.34072231060439184,4437
phoenix_ssp245_baseline_2020s_hot_2028,perimeter_top_zn_1,perimeter,top,south,horizontal_GHI__zone_operative_temperature,0.662154589904019,4437
phoenix_ssp245_baseline_2020s_hot_2028,perimeter_top_zn_1,perimeter,top,south,horizontal_GHI__zone_p_tail,0.4919572583317447,4437
phoenix_ssp245_baseline_2020s_hot_2028,perimeter_top_zn_4,perimeter,top,west,horizontal_GHI__zone_operative_temperature,0.4025913129821355,4437
phoenix_ssp245_baseline_2020s_hot_2028,perimeter_top_zn_4,perimeter,top,west,horizontal_GHI__zone_p_tail,0.17973429950148279,4437
phoenix_ssp245_baseline_2020s_hot_2028,perimeter_bot_zn_3,perimeter,bottom,north,horizontal_GHI__zone_operative_temperature,0.37744992494842655,4437
phoenix_ssp245_baseline_2020s_hot_2028,perimeter_bot_zn_3,perimeter,bottom,north,horizontal_GHI__zone_p_tail,0.0971459172831017,4437
phoenix_ssp245_baseline_2020s_hot_2028,perimeter_bot_zn_2,perimeter,bottom,east,horizontal_GHI__zone_operative_temperature,0.5369572583973319,4437
phoenix_ssp245_baseline_2020s_hot_2028,perimeter_bot_zn_2,perimeter,bottom,east,horizontal_GHI__zone_p_tail,0.3176043590682379,4437
phoenix_ssp245_baseline_2020s_hot_2028,perimeter_bot_zn_1,perimeter,bottom,south,horizontal_GHI__zone_operative_temperature,0.4880001047701685,4437
phoenix_ssp245_baseline_2020s_hot_2028,perimeter_bot_zn_1,perimeter,bottom,south,horizontal_GHI__zone_p_tail,0.3898780750229373,4437
phoenix_ssp245_baseline_2020s_hot_2028,perimeter_bot_zn_4,perimeter,bottom,west,horizontal_GHI__zone_operative_temperature,0.31417227073450954,4437
phoenix_ssp245_baseline_2020s_hot_2028,perimeter_bot_zn_4,perimeter,bottom,west,horizontal_GHI__zone_p_tail,0.1073709990385242,4437
phoenix_ssp245_baseline_2020s_hot_2028,perimeter_mid_zn_3,perimeter,middle,north,horizontal_GHI__zone_operative_temperature,0.42187209765119466,4437
phoenix_ssp245_baseline_2020s_hot_2028,perimeter_mid_zn_3,perimeter,middle,north,horizontal_GHI__zone_p_tail,0.1810012393414709,4437
phoenix_ssp245_baseline_2020s_hot_2028,perimeter_mid_zn_2,perimeter,middle,east,horizontal_GHI__zone_operative_temperature,0.5865692372209769,4437
phoenix_ssp245_baseline_2020s_hot_2028,perimeter_mid_zn_2,perimeter,middle,east,horizontal_GHI__zone_p_tail,0.3219837605530076,4437
phoenix_ssp245_baseline_2020s_hot_2028,perimeter_mid_zn_1,perimeter,middle,south,horizontal_GHI__zone_operative_temperature,0.6488192223544532,4437
phoenix_ssp245_baseline_2020s_hot_2028,perimeter_mid_zn_1,perimeter,middle,south,horizontal_GHI__zone_p_tail,0.4851201117039187,4437
phoenix_ssp245_baseline_2020s_hot_2028,perimeter_mid_zn_4,perimeter,middle,west,horizontal_GHI__zone_operative_temperature,0.3799575176555175,4437
phoenix_ssp245_baseline_2020s_hot_2028,perimeter_mid_zn_4,perimeter,middle,west,horizontal_GHI__zone_p_tail,0.13676558220080204,4437
phoenix_ssp245_baseline_2020s_typical_2026,core_bottom,core,bottom,core,horizontal_GHI__zone_operative_temperature,0.43276941386009976,4437
phoenix_ssp245_baseline_2020s_typical_2026,core_bottom,core,bottom,core,horizontal_GHI__zone_p_tail,-0.02972784600486508,4437
phoenix_ssp245_baseline_2020s_typical_2026,core_mid,core,middle,core,horizontal_GHI__zone_operative_temperature,0.3774937518296942,4437
phoenix_ssp245_baseline_2020s_typical_2026,core_mid,core,middle,core,horizontal_GHI__zone_p_tail,0.006709375152467173,4437
phoenix_ssp245_baseline_2020s_typical_2026,core_top,core,top,core,horizontal_GHI__zone_operative_temperature,0.47779674706300596,4437
phoenix_ssp245_baseline_2020s_typical_2026,core_top,core,top,core,horizontal_GHI__zone_p_tail,0.06595343053236621,4437
phoenix_ssp245_baseline_2020s_typical_2026,perimeter_top_zn_3,perimeter,top,north,horizontal_GHI__zone_operative_temperature,0.47558813623235113,4437
phoenix_ssp245_baseline_2020s_typical_2026,perimeter_top_zn_3,perimeter,top,north,horizontal_GHI__zone_p_tail,0.20631523031708254,4437
phoenix_ssp245_baseline_2020s_typical_2026,perimeter_top_zn_2,perimeter,top,east,horizontal_GHI__zone_operative_temperature,0.6296149020886047,4437
phoenix_ssp245_baseline_2020s_typical_2026,perimeter_top_zn_2,perimeter,top,east,horizontal_GHI__zone_p_tail,0.33077515676141783,4437
phoenix_ssp245_baseline_2020s_typical_2026,perimeter_top_zn_1,perimeter,top,south,horizontal_GHI__zone_operative_temperature,0.7120134316570502,4437
phoenix_ssp245_baseline_2020s_typical_2026,perimeter_top_zn_1,perimeter,top,south,horizontal_GHI__zone_p_tail,0.5371359892231381,4437
phoenix_ssp245_baseline_2020s_typical_2026,perimeter_top_zn_4,perimeter,top,west,horizontal_GHI__zone_operative_temperature,0.4188015455677508,4437
phoenix_ssp245_baseline_2020s_typical_2026,perimeter_top_zn_4,perimeter,top,west,horizontal_GHI__zone_p_tail,0.17390760749679823,4437
phoenix_ssp245_baseline_2020s_typical_2026,perimeter_bot_zn_3,perimeter,bottom,north,horizontal_GHI__zone_operative_temperature,0.3970077552487916,4437
phoenix_ssp245_baseline_2020s_typical_2026,perimeter_bot_zn_3,perimeter,bottom,north,horizontal_GHI__zone_p_tail,0.12471265553004507,4437
phoenix_ssp245_baseline_2020s_typical_2026,perimeter_bot_zn_2,perimeter,bottom,east,horizontal_GHI__zone_operative_temperature,0.5590507399184457,4437
phoenix_ssp245_baseline_2020s_typical_2026,perimeter_bot_zn_2,perimeter,bottom,east,horizontal_GHI__zone_p_tail,0.2883095476036704,4437
phoenix_ssp245_baseline_2020s_typical_2026,perimeter_bot_zn_1,perimeter,bottom,south,horizontal_GHI__zone_operative_temperature,0.5655777165562378,4437
phoenix_ssp245_baseline_2020s_typical_2026,perimeter_bot_zn_1,perimeter,bottom,south,horizontal_GHI__zone_p_tail,0.4565356529983002,4437
phoenix_ssp245_baseline_2020s_typical_2026,perimeter_bot_zn_4,perimeter,bottom,west,horizontal_GHI__zone_operative_temperature,0.3212879514523034,4437
phoenix_ssp245_baseline_2020s_typical_2026,perimeter_bot_zn_4,perimeter,bottom,west,horizontal_GHI__zone_p_tail,0.12046989320706752,4437
phoenix_ssp245_baseline_2020s_typical_2026,perimeter_mid_zn_3,perimeter,middle,north,horizontal_GHI__zone_operative_temperature,0.4508017629493239,4437
phoenix_ssp245_baseline_2020s_typical_2026,perimeter_mid_zn_3,perimeter,middle,north,horizontal_GHI__zone_p_tail,0.1691620099786152,4437
phoenix_ssp245_baseline_2020s_typical_2026,perimeter_mid_zn_2,perimeter,middle,east,horizontal_GHI__zone_operative_temperature,0.6143522605274735,4437
phoenix_ssp245_baseline_2020s_typical_2026,perimeter_mid_zn_2,perimeter,middle,east,horizontal_GHI__zone_p_tail,0.3274820242472641,4437
phoenix_ssp245_baseline_2020s_typical_2026,perimeter_mid_zn_1,perimeter,middle,south,horizontal_GHI__zone_operative_temperature,0.7001153371071506,4437
phoenix_ssp245_baseline_2020s_typical_2026,perimeter_mid_zn_1,perimeter,middle,south,horizontal_GHI__zone_p_tail,0.5088897266231124,4437
phoenix_ssp245_baseline_2020s_typical_2026,perimeter_mid_zn_4,perimeter,middle,west,horizontal_GHI__zone_operative_temperature,0.39703930448390673,4437
phoenix_ssp245_baseline_2020s_typical_2026,perimeter_mid_zn_4,perimeter,middle,west,horizontal_GHI__zone_p_tail,0.14475263218836248,4437
phoenix_ssp245_late_2080s_heatwave_extreme_2086,core_bottom,core,bottom,core,horizontal_GHI__zone_operative_temperature,0.4019040971770487,4437
phoenix_ssp245_late_2080s_heatwave_extreme_2086,core_bottom,core,bottom,core,horizontal_GHI__zone_p_tail,-0.029456886200325706,4437
phoenix_ssp245_late_2080s_heatwave_extreme_2086,core_mid,core,middle,core,horizontal_GHI__zone_operative_temperature,0.34757542640851014,4437
phoenix_ssp245_late_2080s_heatwave_extreme_2086,core_mid,core,middle,core,horizontal_GHI__zone_p_tail,0.046928109673939164,4437
phoenix_ssp245_late_2080s_heatwave_extreme_2086,core_top,core,top,core,horizontal_GHI__zone_operative_temperature,0.41757542943674403,4437
phoenix_ssp245_late_2080s_heatwave_extreme_2086,core_top,core,top,core,horizontal_GHI__zone_p_tail,0.07564827752413616,4437
phoenix_ssp245_late_2080s_heatwave_extreme_2086,perimeter_top_zn_3,perimeter,top,north,horizontal_GHI__zone_operative_temperature,0.4300616232936401,4437
phoenix_ssp245_late_2080s_heatwave_extreme_2086,perimeter_top_zn_3,perimeter,top,north,horizontal_GHI__zone_p_tail,0.19110944714793743,4437
phoenix_ssp245_late_2080s_heatwave_extreme_2086,perimeter_top_zn_2,perimeter,top,east,horizontal_GHI__zone_operative_temperature,0.5780001586357156,4437
phoenix_ssp245_late_2080s_heatwave_extreme_2086,perimeter_top_zn_2,perimeter,top,east,horizontal_GHI__zone_p_tail,0.3687749766779424,4437
phoenix_ssp245_late_2080s_heatwave_extreme_2086,perimeter_top_zn_1,perimeter,top,south,horizontal_GHI__zone_operative_temperature,0.6641602883513319,4437
phoenix_ssp245_late_2080s_heatwave_extreme_2086,perimeter_top_zn_1,perimeter,top,south,horizontal_GHI__zone_p_tail,0.5666686438145039,4437
phoenix_ssp245_late_2080s_heatwave_extreme_2086,perimeter_top_zn_4,perimeter,top,west,horizontal_GHI__zone_operative_temperature,0.39039803942932444,4437
phoenix_ssp245_late_2080s_heatwave_extreme_2086,perimeter_top_zn_4,perimeter,top,west,horizontal_GHI__zone_p_tail,0.13335945162338292,4437
phoenix_ssp245_late_2080s_heatwave_extreme_2086,perimeter_bot_zn_3,perimeter,bottom,north,horizontal_GHI__zone_operative_temperature,0.3829215661157104,4437
phoenix_ssp245_late_2080s_heatwave_extreme_2086,perimeter_bot_zn_3,perimeter,bottom,north,horizontal_GHI__zone_p_tail,0.09204312127387963,4437
phoenix_ssp245_late_2080s_heatwave_extreme_2086,perimeter_bot_zn_2,perimeter,bottom,east,horizontal_GHI__zone_operative_temperature,0.5213642282543451,4437
phoenix_ssp245_late_2080s_heatwave_extreme_2086,perimeter_bot_zn_2,perimeter,bottom,east,horizontal_GHI__zone_p_tail,0.29319317642078924,4437
phoenix_ssp245_late_2080s_heatwave_extreme_2086,perimeter_bot_zn_1,perimeter,bottom,south,horizontal_GHI__zone_operative_temperature,0.5491707308694157,4437
phoenix_ssp245_late_2080s_heatwave_extreme_2086,perimeter_bot_zn_1,perimeter,bottom,south,horizontal_GHI__zone_p_tail,0.4862030728620134,4437
phoenix_ssp245_late_2080s_heatwave_extreme_2086,perimeter_bot_zn_4,perimeter,bottom,west,horizontal_GHI__zone_operative_temperature,0.31829629144769966,4437
phoenix_ssp245_late_2080s_heatwave_extreme_2086,perimeter_bot_zn_4,perimeter,bottom,west,horizontal_GHI__zone_p_tail,0.06192807271545026,4437
phoenix_ssp245_late_2080s_heatwave_extreme_2086,perimeter_mid_zn_3,perimeter,middle,north,horizontal_GHI__zone_operative_temperature,0.41153298186813003,4437
phoenix_ssp245_late_2080s_heatwave_extreme_2086,perimeter_mid_zn_3,perimeter,middle,north,horizontal_GHI__zone_p_tail,0.18001011580678927,4437
phoenix_ssp245_late_2080s_heatwave_extreme_2086,perimeter_mid_zn_2,perimeter,middle,east,horizontal_GHI__zone_operative_temperature,0.5650476321733247,4437
phoenix_ssp245_late_2080s_heatwave_extreme_2086,perimeter_mid_zn_2,perimeter,middle,east,horizontal_GHI__zone_p_tail,0.31488366919537936,4437
phoenix_ssp245_late_2080s_heatwave_extreme_2086,perimeter_mid_zn_1,perimeter,middle,south,horizontal_GHI__zone_operative_temperature,0.6590977049680263,4437
phoenix_ssp245_late_2080s_heatwave_extreme_2086,perimeter_mid_zn_1,perimeter,middle,south,horizontal_GHI__zone_p_tail,0.5497476632924778,4437
phoenix_ssp245_late_2080s_heatwave_extreme_2086,perimeter_mid_zn_4,perimeter,middle,west,horizontal_GHI__zone_operative_temperature,0.37257943052766895,4437
phoenix_ssp245_late_2080s_heatwave_extreme_2086,perimeter_mid_zn_4,perimeter,middle,west,horizontal_GHI__zone_p_tail,0.11031227044705687,4437
phoenix_ssp245_late_2080s_hot_2086,core_bottom,core,bottom,core,horizontal_GHI__zone_operative_temperature,0.4019040971770487,4437
phoenix_ssp245_late_2080s_hot_2086,core_bottom,core,bottom,core,horizontal_GHI__zone_p_tail,-0.029456886200325706,4437
phoenix_ssp245_late_2080s_hot_2086,core_mid,core,middle,core,horizontal_GHI__zone_operative_temperature,0.34757542640851014,4437
phoenix_ssp245_late_2080s_hot_2086,core_mid,core,middle,core,horizontal_GHI__zone_p_tail,0.046928109673939164,4437
phoenix_ssp245_late_2080s_hot_2086,core_top,core,top,core,horizontal_GHI__zone_operative_temperature,0.41757542943674403,4437
phoenix_ssp245_late_2080s_hot_2086,core_top,core,top,core,horizontal_GHI__zone_p_tail,0.07564827752413616,4437
phoenix_ssp245_late_2080s_hot_2086,perimeter_top_zn_3,perimeter,top,north,horizontal_GHI__zone_operative_temperature,0.4300616232936401,4437
phoenix_ssp245_late_2080s_hot_2086,perimeter_top_zn_3,perimeter,top,north,horizontal_GHI__zone_p_tail,0.19110944714793743,4437
phoenix_ssp245_late_2080s_hot_2086,perimeter_top_zn_2,perimeter,top,east,horizontal_GHI__zone_operative_temperature,0.5780001586357156,4437
phoenix_ssp245_late_2080s_hot_2086,perimeter_top_zn_2,perimeter,top,east,horizontal_GHI__zone_p_tail,0.3687749766779424,4437
phoenix_ssp245_late_2080s_hot_2086,perimeter_top_zn_1,perimeter,top,south,horizontal_GHI__zone_operative_temperature,0.6641602883513319,4437
phoenix_ssp245_late_2080s_hot_2086,perimeter_top_zn_1,perimeter,top,south,horizontal_GHI__zone_p_tail,0.5666686438145039,4437
phoenix_ssp245_late_2080s_hot_2086,perimeter_top_zn_4,perimeter,top,west,horizontal_GHI__zone_operative_temperature,0.39039803942932444,4437
phoenix_ssp245_late_2080s_hot_2086,perimeter_top_zn_4,perimeter,top,west,horizontal_GHI__zone_p_tail,0.13335945162338292,4437
phoenix_ssp245_late_2080s_hot_2086,perimeter_bot_zn_3,perimeter,bottom,north,horizontal_GHI__zone_operative_temperature,0.3829215661157104,4437
phoenix_ssp245_late_2080s_hot_2086,perimeter_bot_zn_3,perimeter,bottom,north,horizontal_GHI__zone_p_tail,0.09204312127387963,4437
phoenix_ssp245_late_2080s_hot_2086,perimeter_bot_zn_2,perimeter,bottom,east,horizontal_GHI__zone_operative_temperature,0.5213642282543451,4437
phoenix_ssp245_late_2080s_hot_2086,perimeter_bot_zn_2,perimeter,bottom,east,horizontal_GHI__zone_p_tail,0.29319317642078924,4437
phoenix_ssp245_late_2080s_hot_2086,perimeter_bot_zn_1,perimeter,bottom,south,horizontal_GHI__zone_operative_temperature,0.5491707308694157,4437
phoenix_ssp245_late_2080s_hot_2086,perimeter_bot_zn_1,perimeter,bottom,south,horizontal_GHI__zone_p_tail,0.4862030728620134,4437
phoenix_ssp245_late_2080s_hot_2086,perimeter_bot_zn_4,perimeter,bottom,west,horizontal_GHI__zone_operative_temperature,0.31829629144769966,4437
phoenix_ssp245_late_2080s_hot_2086,perimeter_bot_zn_4,perimeter,bottom,west,horizontal_GHI__zone_p_tail,0.06192807271545026,4437
phoenix_ssp245_late_2080s_hot_2086,perimeter_mid_zn_3,perimeter,middle,north,horizontal_GHI__zone_operative_temperature,0.41153298186813003,4437
phoenix_ssp245_late_2080s_hot_2086,perimeter_mid_zn_3,perimeter,middle,north,horizontal_GHI__zone_p_tail,0.18001011580678927,4437
phoenix_ssp245_late_2080s_hot_2086,perimeter_mid_zn_2,perimeter,middle,east,horizontal_GHI__zone_operative_temperature,0.5650476321733247,4437
phoenix_ssp245_late_2080s_hot_2086,perimeter_mid_zn_2,perimeter,middle,east,horizontal_GHI__zone_p_tail,0.31488366919537936,4437
phoenix_ssp245_late_2080s_hot_2086,perimeter_mid_zn_1,perimeter,middle,south,horizontal_GHI__zone_operative_temperature,0.6590977049680263,4437
phoenix_ssp245_late_2080s_hot_2086,perimeter_mid_zn_1,perimeter,middle,south,horizontal_GHI__zone_p_tail,0.5497476632924778,4437
phoenix_ssp245_late_2080s_hot_2086,perimeter_mid_zn_4,perimeter,middle,west,horizontal_GHI__zone_operative_temperature,0.37257943052766895,4437
phoenix_ssp245_late_2080s_hot_2086,perimeter_mid_zn_4,perimeter,middle,west,horizontal_GHI__zone_p_tail,0.11031227044705687,4437
phoenix_ssp245_late_2080s_typical_2081,core_bottom,core,bottom,core,horizontal_GHI__zone_operative_temperature,0.4255922745530552,4437
phoenix_ssp245_late_2080s_typical_2081,core_bottom,core,bottom,core,horizontal_GHI__zone_p_tail,0.08853546073169326,4437
phoenix_ssp245_late_2080s_typical_2081,core_mid,core,middle,core,horizontal_GHI__zone_operative_temperature,0.3724299775169148,4437
phoenix_ssp245_late_2080s_typical_2081,core_mid,core,middle,core,horizontal_GHI__zone_p_tail,0.1344208024063724,4437
phoenix_ssp245_late_2080s_typical_2081,core_top,core,top,core,horizontal_GHI__zone_operative_temperature,0.45487022572237457,4437
phoenix_ssp245_late_2080s_typical_2081,core_top,core,top,core,horizontal_GHI__zone_p_tail,0.15385247842370164,4437
phoenix_ssp245_late_2080s_typical_2081,perimeter_top_zn_3,perimeter,top,north,horizontal_GHI__zone_operative_temperature,0.45462455402946295,4437
phoenix_ssp245_late_2080s_typical_2081,perimeter_top_zn_3,perimeter,top,north,horizontal_GHI__zone_p_tail,0.1907204192398804,4437
phoenix_ssp245_late_2080s_typical_2081,perimeter_top_zn_2,perimeter,top,east,horizontal_GHI__zone_operative_temperature,0.5933091792190925,4437
phoenix_ssp245_late_2080s_typical_2081,perimeter_top_zn_2,perimeter,top,east,horizontal_GHI__zone_p_tail,0.34664416806880727,4437
phoenix_ssp245_late_2080s_typical_2081,perimeter_top_zn_1,perimeter,top,south,horizontal_GHI__zone_operative_temperature,0.6412954094629236,4437
phoenix_ssp245_late_2080s_typical_2081,perimeter_top_zn_1,perimeter,top,south,horizontal_GHI__zone_p_tail,0.521440054107081,4437
phoenix_ssp245_late_2080s_typical_2081,perimeter_top_zn_4,perimeter,top,west,horizontal_GHI__zone_operative_temperature,0.41671621464724934,4437
phoenix_ssp245_late_2080s_typical_2081,perimeter_top_zn_4,perimeter,top,west,horizontal_GHI__zone_p_tail,0.20029831788758864,4437
phoenix_ssp245_late_2080s_typical_2081,perimeter_bot_zn_3,perimeter,bottom,north,horizontal_GHI__zone_operative_temperature,0.3820907332877079,4437
phoenix_ssp245_late_2080s_typical_2081,perimeter_bot_zn_3,perimeter,bottom,north,horizontal_GHI__zone_p_tail,0.16869163557611944,4437
phoenix_ssp245_late_2080s_typical_2081,perimeter_bot_zn_2,perimeter,bottom,east,horizontal_GHI__zone_operative_temperature,0.5264522085521834,4437
phoenix_ssp245_late_2080s_typical_2081,perimeter_bot_zn_2,perimeter,bottom,east,horizontal_GHI__zone_p_tail,0.3134410960285238,4437
phoenix_ssp245_late_2080s_typical_2081,perimeter_bot_zn_1,perimeter,bottom,south,horizontal_GHI__zone_operative_temperature,0.4850524769993995,4437
phoenix_ssp245_late_2080s_typical_2081,perimeter_bot_zn_1,perimeter,bottom,south,horizontal_GHI__zone_p_tail,0.41744181178126905,4437
phoenix_ssp245_late_2080s_typical_2081,perimeter_bot_zn_4,perimeter,bottom,west,horizontal_GHI__zone_operative_temperature,0.3369478040132191,4437
phoenix_ssp245_late_2080s_typical_2081,perimeter_bot_zn_4,perimeter,bottom,west,horizontal_GHI__zone_p_tail,0.13846747597017292,4437
phoenix_ssp245_late_2080s_typical_2081,perimeter_mid_zn_3,perimeter,middle,north,horizontal_GHI__zone_operative_temperature,0.4313689113534973,4437
phoenix_ssp245_late_2080s_typical_2081,perimeter_mid_zn_3,perimeter,middle,north,horizontal_GHI__zone_p_tail,0.16919312206310586,4437
phoenix_ssp245_late_2080s_typical_2081,perimeter_mid_zn_2,perimeter,middle,east,horizontal_GHI__zone_operative_temperature,0.5777921928372541,4437
phoenix_ssp245_late_2080s_typical_2081,perimeter_mid_zn_2,perimeter,middle,east,horizontal_GHI__zone_p_tail,0.3131264040622332,4437
phoenix_ssp245_late_2080s_typical_2081,perimeter_mid_zn_1,perimeter,middle,south,horizontal_GHI__zone_operative_temperature,0.6335322998103833,4437
phoenix_ssp245_late_2080s_typical_2081,perimeter_mid_zn_1,perimeter,middle,south,horizontal_GHI__zone_p_tail,0.5212242533892714,4437
phoenix_ssp245_late_2080s_typical_2081,perimeter_mid_zn_4,perimeter,middle,west,horizontal_GHI__zone_operative_temperature,0.3954537400261802,4437
phoenix_ssp245_late_2080s_typical_2081,perimeter_mid_zn_4,perimeter,middle,west,horizontal_GHI__zone_p_tail,0.1620435678570978,4437
phoenix_ssp245_mid_2050s_heatwave_extreme_2051,core_bottom,core,bottom,core,horizontal_GHI__zone_operative_temperature,0.39130456393179647,4437
phoenix_ssp245_mid_2050s_heatwave_extreme_2051,core_bottom,core,bottom,core,horizontal_GHI__zone_p_tail,0.09565438380446083,4437
phoenix_ssp245_mid_2050s_heatwave_extreme_2051,core_mid,core,middle,core,horizontal_GHI__zone_operative_temperature,0.3406514256881716,4437
phoenix_ssp245_mid_2050s_heatwave_extreme_2051,core_mid,core,middle,core,horizontal_GHI__zone_p_tail,0.14198975927825214,4437
phoenix_ssp245_mid_2050s_heatwave_extreme_2051,core_top,core,top,core,horizontal_GHI__zone_operative_temperature,0.4225940477896587,4437
phoenix_ssp245_mid_2050s_heatwave_extreme_2051,core_top,core,top,core,horizontal_GHI__zone_p_tail,0.16825594918736153,4437
phoenix_ssp245_mid_2050s_heatwave_extreme_2051,perimeter_top_zn_3,perimeter,top,north,horizontal_GHI__zone_operative_temperature,0.4180985052798469,4437
phoenix_ssp245_mid_2050s_heatwave_extreme_2051,perimeter_top_zn_3,perimeter,top,north,horizontal_GHI__zone_p_tail,0.20001112583128175,4437
phoenix_ssp245_mid_2050s_heatwave_extreme_2051,perimeter_top_zn_2,perimeter,top,east,horizontal_GHI__zone_operative_temperature,0.5700233921871231,4437
phoenix_ssp245_mid_2050s_heatwave_extreme_2051,perimeter_top_zn_2,perimeter,top,east,horizontal_GHI__zone_p_tail,0.3407216943769834,4437
phoenix_ssp245_mid_2050s_heatwave_extreme_2051,perimeter_top_zn_1,perimeter,top,south,horizontal_GHI__zone_operative_temperature,0.6133760166032844,4437
phoenix_ssp245_mid_2050s_heatwave_extreme_2051,perimeter_top_zn_1,perimeter,top,south,horizontal_GHI__zone_p_tail,0.4737184745612009,4437
phoenix_ssp245_mid_2050s_heatwave_extreme_2051,perimeter_top_zn_4,perimeter,top,west,horizontal_GHI__zone_operative_temperature,0.38459223172336604,4437
phoenix_ssp245_mid_2050s_heatwave_extreme_2051,perimeter_top_zn_4,perimeter,top,west,horizontal_GHI__zone_p_tail,0.17116611930406406,4437
phoenix_ssp245_mid_2050s_heatwave_extreme_2051,perimeter_bot_zn_3,perimeter,bottom,north,horizontal_GHI__zone_operative_temperature,0.34910431851588225,4437
phoenix_ssp245_mid_2050s_heatwave_extreme_2051,perimeter_bot_zn_3,perimeter,bottom,north,horizontal_GHI__zone_p_tail,0.13636140970295105,4437
phoenix_ssp245_mid_2050s_heatwave_extreme_2051,perimeter_bot_zn_2,perimeter,bottom,east,horizontal_GHI__zone_operative_temperature,0.5018480644187292,4437
phoenix_ssp245_mid_2050s_heatwave_extreme_2051,perimeter_bot_zn_2,perimeter,bottom,east,horizontal_GHI__zone_p_tail,0.2775830916864046,4437
phoenix_ssp245_mid_2050s_heatwave_extreme_2051,perimeter_bot_zn_1,perimeter,bottom,south,horizontal_GHI__zone_operative_temperature,0.44734541696546753,4437
phoenix_ssp245_mid_2050s_heatwave_extreme_2051,perimeter_bot_zn_1,perimeter,bottom,south,horizontal_GHI__zone_p_tail,0.35657636720330094,4437
phoenix_ssp245_mid_2050s_heatwave_extreme_2051,perimeter_bot_zn_4,perimeter,bottom,west,horizontal_GHI__zone_operative_temperature,0.3030033167829244,4437
phoenix_ssp245_mid_2050s_heatwave_extreme_2051,perimeter_bot_zn_4,perimeter,bottom,west,horizontal_GHI__zone_p_tail,0.10823978106912856,4437
phoenix_ssp245_mid_2050s_heatwave_extreme_2051,perimeter_mid_zn_3,perimeter,middle,north,horizontal_GHI__zone_operative_temperature,0.39625790634144764,4437
phoenix_ssp245_mid_2050s_heatwave_extreme_2051,perimeter_mid_zn_3,perimeter,middle,north,horizontal_GHI__zone_p_tail,0.19185647652863808,4437
phoenix_ssp245_mid_2050s_heatwave_extreme_2051,perimeter_mid_zn_2,perimeter,middle,east,horizontal_GHI__zone_operative_temperature,0.5535677244468958,4437
phoenix_ssp245_mid_2050s_heatwave_extreme_2051,perimeter_mid_zn_2,perimeter,middle,east,horizontal_GHI__zone_p_tail,0.3058122292473811,4437
phoenix_ssp245_mid_2050s_heatwave_extreme_2051,perimeter_mid_zn_1,perimeter,middle,south,horizontal_GHI__zone_operative_temperature,0.6024903621117516,4437
phoenix_ssp245_mid_2050s_heatwave_extreme_2051,perimeter_mid_zn_1,perimeter,middle,south,horizontal_GHI__zone_p_tail,0.4652607300783832,4437
phoenix_ssp245_mid_2050s_heatwave_extreme_2051,perimeter_mid_zn_4,perimeter,middle,west,horizontal_GHI__zone_operative_temperature,0.3640984885897288,4437
phoenix_ssp245_mid_2050s_heatwave_extreme_2051,perimeter_mid_zn_4,perimeter,middle,west,horizontal_GHI__zone_p_tail,0.14715117265187241,4437
phoenix_ssp245_mid_2050s_hot_2058,core_bottom,core,bottom,core,horizontal_GHI__zone_operative_temperature,0.4165660600803301,4437
phoenix_ssp245_mid_2050s_hot_2058,core_bottom,core,bottom,core,horizontal_GHI__zone_p_tail,0.10096783841508174,4437
phoenix_ssp245_mid_2050s_hot_2058,core_mid,core,middle,core,horizontal_GHI__zone_operative_temperature,0.3642360040889072,4437
phoenix_ssp245_mid_2050s_hot_2058,core_mid,core,middle,core,horizontal_GHI__zone_p_tail,0.1635681912955156,4437
phoenix_ssp245_mid_2050s_hot_2058,core_top,core,top,core,horizontal_GHI__zone_operative_temperature,0.44785647255927025,4437
phoenix_ssp245_mid_2050s_hot_2058,core_top,core,top,core,horizontal_GHI__zone_p_tail,0.18997040984290176,4437
phoenix_ssp245_mid_2050s_hot_2058,perimeter_top_zn_3,perimeter,top,north,horizontal_GHI__zone_operative_temperature,0.44575936040806685,4437
phoenix_ssp245_mid_2050s_hot_2058,perimeter_top_zn_3,perimeter,top,north,horizontal_GHI__zone_p_tail,0.24623710217768213,4437
phoenix_ssp245_mid_2050s_hot_2058,perimeter_top_zn_2,perimeter,top,east,horizontal_GHI__zone_operative_temperature,0.594147465062352,4437
phoenix_ssp245_mid_2050s_hot_2058,perimeter_top_zn_2,perimeter,top,east,horizontal_GHI__zone_p_tail,0.4212989451916595,4437
phoenix_ssp245_mid_2050s_hot_2058,perimeter_top_zn_1,perimeter,top,south,horizontal_GHI__zone_operative_temperature,0.631678637528466,4437
phoenix_ssp245_mid_2050s_hot_2058,perimeter_top_zn_1,perimeter,top,south,horizontal_GHI__zone_p_tail,0.5404412534823462,4437
phoenix_ssp245_mid_2050s_hot_2058,perimeter_top_zn_4,perimeter,top,west,horizontal_GHI__zone_operative_temperature,0.395997655025326,4437
phoenix_ssp245_mid_2050s_hot_2058,perimeter_top_zn_4,perimeter,top,west,horizontal_GHI__zone_p_tail,0.18210569868262516,4437
phoenix_ssp245_mid_2050s_hot_2058,perimeter_bot_zn_3,perimeter,bottom,north,horizontal_GHI__zone_operative_temperature,0.39184691305130914,4437
phoenix_ssp245_mid_2050s_hot_2058,perimeter_bot_zn_3,perimeter,bottom,north,horizontal_GHI__zone_p_tail,0.1428935367979934,4437
phoenix_ssp245_mid_2050s_hot_2058,perimeter_bot_zn_2,perimeter,bottom,east,horizontal_GHI__zone_operative_temperature,0.5357413342910932,4437
phoenix_ssp245_mid_2050s_hot_2058,perimeter_bot_zn_2,perimeter,bottom,east,horizontal_GHI__zone_p_tail,0.3720880806226107,4437
phoenix_ssp245_mid_2050s_hot_2058,perimeter_bot_zn_1,perimeter,bottom,south,horizontal_GHI__zone_operative_temperature,0.47569575123097735,4437
phoenix_ssp245_mid_2050s_hot_2058,perimeter_bot_zn_1,perimeter,bottom,south,horizontal_GHI__zone_p_tail,0.429086141627027,4437
phoenix_ssp245_mid_2050s_hot_2058,perimeter_bot_zn_4,perimeter,bottom,west,horizontal_GHI__zone_operative_temperature,0.3259541043111409,4437
phoenix_ssp245_mid_2050s_hot_2058,perimeter_bot_zn_4,perimeter,bottom,west,horizontal_GHI__zone_p_tail,0.11145081989798167,4437
phoenix_ssp245_mid_2050s_hot_2058,perimeter_mid_zn_3,perimeter,middle,north,horizontal_GHI__zone_operative_temperature,0.42899629578642184,4437
phoenix_ssp245_mid_2050s_hot_2058,perimeter_mid_zn_3,perimeter,middle,north,horizontal_GHI__zone_p_tail,0.21949325858664528,4437
phoenix_ssp245_mid_2050s_hot_2058,perimeter_mid_zn_2,perimeter,middle,east,horizontal_GHI__zone_operative_temperature,0.5779717837870668,4437
phoenix_ssp245_mid_2050s_hot_2058,perimeter_mid_zn_2,perimeter,middle,east,horizontal_GHI__zone_p_tail,0.3778778338698645,4437
phoenix_ssp245_mid_2050s_hot_2058,perimeter_mid_zn_1,perimeter,middle,south,horizontal_GHI__zone_operative_temperature,0.6264771087011366,4437
phoenix_ssp245_mid_2050s_hot_2058,perimeter_mid_zn_1,perimeter,middle,south,horizontal_GHI__zone_p_tail,0.5418429119061038,4437
phoenix_ssp245_mid_2050s_hot_2058,perimeter_mid_zn_4,perimeter,middle,west,horizontal_GHI__zone_operative_temperature,0.3770997012314731,4437
phoenix_ssp245_mid_2050s_hot_2058,perimeter_mid_zn_4,perimeter,middle,west,horizontal_GHI__zone_p_tail,0.14655707915134208,4437
phoenix_ssp245_mid_2050s_typical_2054,core_bottom,core,bottom,core,horizontal_GHI__zone_operative_temperature,0.41459326895453286,4437
phoenix_ssp245_mid_2050s_typical_2054,core_bottom,core,bottom,core,horizontal_GHI__zone_p_tail,0.007599497695236267,4437
phoenix_ssp245_mid_2050s_typical_2054,core_mid,core,middle,core,horizontal_GHI__zone_operative_temperature,0.3627254687971806,4437
phoenix_ssp245_mid_2050s_typical_2054,core_mid,core,middle,core,horizontal_GHI__zone_p_tail,0.07174092359280139,4437
phoenix_ssp245_mid_2050s_typical_2054,core_top,core,top,core,horizontal_GHI__zone_operative_temperature,0.4556300683461808,4437
phoenix_ssp245_mid_2050s_typical_2054,core_top,core,top,core,horizontal_GHI__zone_p_tail,0.0977063341955099,4437
phoenix_ssp245_mid_2050s_typical_2054,perimeter_top_zn_3,perimeter,top,north,horizontal_GHI__zone_operative_temperature,0.4525400991760616,4437
phoenix_ssp245_mid_2050s_typical_2054,perimeter_top_zn_3,perimeter,top,north,horizontal_GHI__zone_p_tail,0.1830936988773727,4437
phoenix_ssp245_mid_2050s_typical_2054,perimeter_top_zn_2,perimeter,top,east,horizontal_GHI__zone_operative_temperature,0.6018317415408293,4437
phoenix_ssp245_mid_2050s_typical_2054,perimeter_top_zn_2,perimeter,top,east,horizontal_GHI__zone_p_tail,0.33212976897400315,4437
phoenix_ssp245_mid_2050s_typical_2054,perimeter_top_zn_1,perimeter,top,south,horizontal_GHI__zone_operative_temperature,0.667213453201517,4437
phoenix_ssp245_mid_2050s_typical_2054,perimeter_top_zn_1,perimeter,top,south,horizontal_GHI__zone_p_tail,0.49875172523466965,4437
phoenix_ssp245_mid_2050s_typical_2054,perimeter_top_zn_4,perimeter,top,west,horizontal_GHI__zone_operative_temperature,0.4059574673828561,4437
phoenix_ssp245_mid_2050s_typical_2054,perimeter_top_zn_4,perimeter,top,west,horizontal_GHI__zone_p_tail,0.1494474118877155,4437
phoenix_ssp245_mid_2050s_typical_2054,perimeter_bot_zn_3,perimeter,bottom,north,horizontal_GHI__zone_operative_temperature,0.3815008248731874,4437
phoenix_ssp245_mid_2050s_typical_2054,perimeter_bot_zn_3,perimeter,bottom,north,horizontal_GHI__zone_p_tail,0.06907312679802688,4437
phoenix_ssp245_mid_2050s_typical_2054,perimeter_bot_zn_2,perimeter,bottom,east,horizontal_GHI__zone_operative_temperature,0.535622005566207,4437
phoenix_ssp245_mid_2050s_typical_2054,perimeter_bot_zn_2,perimeter,bottom,east,horizontal_GHI__zone_p_tail,0.2954480007395007,4437
phoenix_ssp245_mid_2050s_typical_2054,perimeter_bot_zn_1,perimeter,bottom,south,horizontal_GHI__zone_operative_temperature,0.5177307736882154,4437
phoenix_ssp245_mid_2050s_typical_2054,perimeter_bot_zn_1,perimeter,bottom,south,horizontal_GHI__zone_p_tail,0.4201378118867223,4437
phoenix_ssp245_mid_2050s_typical_2054,perimeter_bot_zn_4,perimeter,bottom,west,horizontal_GHI__zone_operative_temperature,0.32260906055775807,4437
phoenix_ssp245_mid_2050s_typical_2054,perimeter_bot_zn_4,perimeter,bottom,west,horizontal_GHI__zone_p_tail,0.08438721786561047,4437
phoenix_ssp245_mid_2050s_typical_2054,perimeter_mid_zn_3,perimeter,middle,north,horizontal_GHI__zone_operative_temperature,0.4290863236693972,4437
phoenix_ssp245_mid_2050s_typical_2054,perimeter_mid_zn_3,perimeter,middle,north,horizontal_GHI__zone_p_tail,0.15293687073455076,4437
phoenix_ssp245_mid_2050s_typical_2054,perimeter_mid_zn_2,perimeter,middle,east,horizontal_GHI__zone_operative_temperature,0.5864816985718138,4437
phoenix_ssp245_mid_2050s_typical_2054,perimeter_mid_zn_2,perimeter,middle,east,horizontal_GHI__zone_p_tail,0.2884460127582824,4437
phoenix_ssp245_mid_2050s_typical_2054,perimeter_mid_zn_1,perimeter,middle,south,horizontal_GHI__zone_operative_temperature,0.6604339255392854,4437
phoenix_ssp245_mid_2050s_typical_2054,perimeter_mid_zn_1,perimeter,middle,south,horizontal_GHI__zone_p_tail,0.4879144478258341,4437
phoenix_ssp245_mid_2050s_typical_2054,perimeter_mid_zn_4,perimeter,middle,west,horizontal_GHI__zone_operative_temperature,0.385511103401439,4437
phoenix_ssp245_mid_2050s_typical_2054,perimeter_mid_zn_4,perimeter,middle,west,horizontal_GHI__zone_p_tail,0.09991046336871105,4437
phoenix_ssp245_near_2030s_heatwave_extreme_2039,core_bottom,core,bottom,core,horizontal_GHI__zone_operative_temperature,0.43004284344904203,4437
phoenix_ssp245_near_2030s_heatwave_extreme_2039,core_bottom,core,bottom,core,horizontal_GHI__zone_p_tail,0.12299738220225796,4437
phoenix_ssp245_near_2030s_heatwave_extreme_2039,core_mid,core,middle,core,horizontal_GHI__zone_operative_temperature,0.3778617537529715,4437
phoenix_ssp245_near_2030s_heatwave_extreme_2039,core_mid,core,middle,core,horizontal_GHI__zone_p_tail,0.12632886305965452,4437
phoenix_ssp245_near_2030s_heatwave_extreme_2039,core_top,core,top,core,horizontal_GHI__zone_operative_temperature,0.45149851394574153,4437
phoenix_ssp245_near_2030s_heatwave_extreme_2039,core_top,core,top,core,horizontal_GHI__zone_p_tail,0.1801280665026355,4437
phoenix_ssp245_near_2030s_heatwave_extreme_2039,perimeter_top_zn_3,perimeter,top,north,horizontal_GHI__zone_operative_temperature,0.4528401580557896,4437
phoenix_ssp245_near_2030s_heatwave_extreme_2039,perimeter_top_zn_3,perimeter,top,north,horizontal_GHI__zone_p_tail,0.26550429381706986,4437
phoenix_ssp245_near_2030s_heatwave_extreme_2039,perimeter_top_zn_2,perimeter,top,east,horizontal_GHI__zone_operative_temperature,0.6009137885638919,4437
phoenix_ssp245_near_2030s_heatwave_extreme_2039,perimeter_top_zn_2,perimeter,top,east,horizontal_GHI__zone_p_tail,0.37715928418066685,4437
phoenix_ssp245_near_2030s_heatwave_extreme_2039,perimeter_top_zn_1,perimeter,top,south,horizontal_GHI__zone_operative_temperature,0.6587084639456063,4437
phoenix_ssp245_near_2030s_heatwave_extreme_2039,perimeter_top_zn_1,perimeter,top,south,horizontal_GHI__zone_p_tail,0.555106645972694,4437
phoenix_ssp245_near_2030s_heatwave_extreme_2039,perimeter_top_zn_4,perimeter,top,west,horizontal_GHI__zone_operative_temperature,0.4114821245079036,4437
phoenix_ssp245_near_2030s_heatwave_extreme_2039,perimeter_top_zn_4,perimeter,top,west,horizontal_GHI__zone_p_tail,0.19660225046445234,4437
phoenix_ssp245_near_2030s_heatwave_extreme_2039,perimeter_bot_zn_3,perimeter,bottom,north,horizontal_GHI__zone_operative_temperature,0.3943046356276608,4437
phoenix_ssp245_near_2030s_heatwave_extreme_2039,perimeter_bot_zn_3,perimeter,bottom,north,horizontal_GHI__zone_p_tail,0.1527622209395498,4437
phoenix_ssp245_near_2030s_heatwave_extreme_2039,perimeter_bot_zn_2,perimeter,bottom,east,horizontal_GHI__zone_operative_temperature,0.5396413685141905,4437
phoenix_ssp245_near_2030s_heatwave_extreme_2039,perimeter_bot_zn_2,perimeter,bottom,east,horizontal_GHI__zone_p_tail,0.34200075777531,4437
phoenix_ssp245_near_2030s_heatwave_extreme_2039,perimeter_bot_zn_1,perimeter,bottom,south,horizontal_GHI__zone_operative_temperature,0.5184513804958549,4437
phoenix_ssp245_near_2030s_heatwave_extreme_2039,perimeter_bot_zn_1,perimeter,bottom,south,horizontal_GHI__zone_p_tail,0.463578395824049,4437
phoenix_ssp245_near_2030s_heatwave_extreme_2039,perimeter_bot_zn_4,perimeter,bottom,west,horizontal_GHI__zone_operative_temperature,0.33561947929057734,4437
phoenix_ssp245_near_2030s_heatwave_extreme_2039,perimeter_bot_zn_4,perimeter,bottom,west,horizontal_GHI__zone_p_tail,0.14873201947022294,4437
phoenix_ssp245_near_2030s_heatwave_extreme_2039,perimeter_mid_zn_3,perimeter,middle,north,horizontal_GHI__zone_operative_temperature,0.4334188180479472,4437
phoenix_ssp245_near_2030s_heatwave_extreme_2039,perimeter_mid_zn_3,perimeter,middle,north,horizontal_GHI__zone_p_tail,0.23297596716742427,4437
phoenix_ssp245_near_2030s_heatwave_extreme_2039,perimeter_mid_zn_2,perimeter,middle,east,horizontal_GHI__zone_operative_temperature,0.586619388853547,4437
phoenix_ssp245_near_2030s_heatwave_extreme_2039,perimeter_mid_zn_2,perimeter,middle,east,horizontal_GHI__zone_p_tail,0.3423161736809846,4437
phoenix_ssp245_near_2030s_heatwave_extreme_2039,perimeter_mid_zn_1,perimeter,middle,south,horizontal_GHI__zone_operative_temperature,0.6550536540705403,4437
phoenix_ssp245_near_2030s_heatwave_extreme_2039,perimeter_mid_zn_1,perimeter,middle,south,horizontal_GHI__zone_p_tail,0.5476928708296565,4437
phoenix_ssp245_near_2030s_heatwave_extreme_2039,perimeter_mid_zn_4,perimeter,middle,west,horizontal_GHI__zone_operative_temperature,0.39243577065451557,4437
phoenix_ssp245_near_2030s_heatwave_extreme_2039,perimeter_mid_zn_4,perimeter,middle,west,horizontal_GHI__zone_p_tail,0.16825532738111826,4437
phoenix_ssp245_near_2030s_hot_2039,core_bottom,core,bottom,core,horizontal_GHI__zone_operative_temperature,0.43004284344904203,4437
phoenix_ssp245_near_2030s_hot_2039,core_bottom,core,bottom,core,horizontal_GHI__zone_p_tail,0.12299738220225796,4437
phoenix_ssp245_near_2030s_hot_2039,core_mid,core,middle,core,horizontal_GHI__zone_operative_temperature,0.3778617537529715,4437
phoenix_ssp245_near_2030s_hot_2039,core_mid,core,middle,core,horizontal_GHI__zone_p_tail,0.12632886305965452,4437
phoenix_ssp245_near_2030s_hot_2039,core_top,core,top,core,horizontal_GHI__zone_operative_temperature,0.45149851394574153,4437
phoenix_ssp245_near_2030s_hot_2039,core_top,core,top,core,horizontal_GHI__zone_p_tail,0.1801280665026355,4437
phoenix_ssp245_near_2030s_hot_2039,perimeter_top_zn_3,perimeter,top,north,horizontal_GHI__zone_operative_temperature,0.4528401580557896,4437
phoenix_ssp245_near_2030s_hot_2039,perimeter_top_zn_3,perimeter,top,north,horizontal_GHI__zone_p_tail,0.26550429381706986,4437
phoenix_ssp245_near_2030s_hot_2039,perimeter_top_zn_2,perimeter,top,east,horizontal_GHI__zone_operative_temperature,0.6009137885638919,4437
phoenix_ssp245_near_2030s_hot_2039,perimeter_top_zn_2,perimeter,top,east,horizontal_GHI__zone_p_tail,0.37715928418066685,4437
phoenix_ssp245_near_2030s_hot_2039,perimeter_top_zn_1,perimeter,top,south,horizontal_GHI__zone_operative_temperature,0.6587084639456063,4437
phoenix_ssp245_near_2030s_hot_2039,perimeter_top_zn_1,perimeter,top,south,horizontal_GHI__zone_p_tail,0.555106645972694,4437
phoenix_ssp245_near_2030s_hot_2039,perimeter_top_zn_4,perimeter,top,west,horizontal_GHI__zone_operative_temperature,0.4114821245079036,4437
phoenix_ssp245_near_2030s_hot_2039,perimeter_top_zn_4,perimeter,top,west,horizontal_GHI__zone_p_tail,0.19660225046445234,4437
phoenix_ssp245_near_2030s_hot_2039,perimeter_bot_zn_3,perimeter,bottom,north,horizontal_GHI__zone_operative_temperature,0.3943046356276608,4437
phoenix_ssp245_near_2030s_hot_2039,perimeter_bot_zn_3,perimeter,bottom,north,horizontal_GHI__zone_p_tail,0.1527622209395498,4437
phoenix_ssp245_near_2030s_hot_2039,perimeter_bot_zn_2,perimeter,bottom,east,horizontal_GHI__zone_operative_temperature,0.5396413685141905,4437
phoenix_ssp245_near_2030s_hot_2039,perimeter_bot_zn_2,perimeter,bottom,east,horizontal_GHI__zone_p_tail,0.34200075777531,4437
phoenix_ssp245_near_2030s_hot_2039,perimeter_bot_zn_1,perimeter,bottom,south,horizontal_GHI__zone_operative_temperature,0.5184513804958549,4437
phoenix_ssp245_near_2030s_hot_2039,perimeter_bot_zn_1,perimeter,bottom,south,horizontal_GHI__zone_p_tail,0.463578395824049,4437
phoenix_ssp245_near_2030s_hot_2039,perimeter_bot_zn_4,perimeter,bottom,west,horizontal_GHI__zone_operative_temperature,0.33561947929057734,4437
phoenix_ssp245_near_2030s_hot_2039,perimeter_bot_zn_4,perimeter,bottom,west,horizontal_GHI__zone_p_tail,0.14873201947022294,4437
phoenix_ssp245_near_2030s_hot_2039,perimeter_mid_zn_3,perimeter,middle,north,horizontal_GHI__zone_operative_temperature,0.4334188180479472,4437
phoenix_ssp245_near_2030s_hot_2039,perimeter_mid_zn_3,perimeter,middle,north,horizontal_GHI__zone_p_tail,0.23297596716742427,4437
phoenix_ssp245_near_2030s_hot_2039,perimeter_mid_zn_2,perimeter,middle,east,horizontal_GHI__zone_operative_temperature,0.586619388853547,4437
phoenix_ssp245_near_2030s_hot_2039,perimeter_mid_zn_2,perimeter,middle,east,horizontal_GHI__zone_p_tail,0.3423161736809846,4437
phoenix_ssp245_near_2030s_hot_2039,perimeter_mid_zn_1,perimeter,middle,south,horizontal_GHI__zone_operative_temperature,0.6550536540705403,4437
phoenix_ssp245_near_2030s_hot_2039,perimeter_mid_zn_1,perimeter,middle,south,horizontal_GHI__zone_p_tail,0.5476928708296565,4437
phoenix_ssp245_near_2030s_hot_2039,perimeter_mid_zn_4,perimeter,middle,west,horizontal_GHI__zone_operative_temperature,0.39243577065451557,4437
phoenix_ssp245_near_2030s_hot_2039,perimeter_mid_zn_4,perimeter,middle,west,horizontal_GHI__zone_p_tail,0.16825532738111826,4437
phoenix_ssp245_near_2030s_typical_2034,core_bottom,core,bottom,core,horizontal_GHI__zone_operative_temperature,0.4263757077137287,4437
phoenix_ssp245_near_2030s_typical_2034,core_bottom,core,bottom,core,horizontal_GHI__zone_p_tail,-0.027086666953205708,4437
phoenix_ssp245_near_2030s_typical_2034,core_mid,core,middle,core,horizontal_GHI__zone_operative_temperature,0.36795071734171614,4437
phoenix_ssp245_near_2030s_typical_2034,core_mid,core,middle,core,horizontal_GHI__zone_p_tail,0.02838993412869771,4437
phoenix_ssp245_near_2030s_typical_2034,core_top,core,top,core,horizontal_GHI__zone_operative_temperature,0.4529970512547699,4437
phoenix_ssp245_near_2030s_typical_2034,core_top,core,top,core,horizontal_GHI__zone_p_tail,0.10517908195004545,4437
phoenix_ssp245_near_2030s_typical_2034,perimeter_top_zn_3,perimeter,top,north,horizontal_GHI__zone_operative_temperature,0.45458766689093105,4437
phoenix_ssp245_near_2030s_typical_2034,perimeter_top_zn_3,perimeter,top,north,horizontal_GHI__zone_p_tail,0.23684048143614256,4437
phoenix_ssp245_near_2030s_typical_2034,perimeter_top_zn_2,perimeter,top,east,horizontal_GHI__zone_operative_temperature,0.6105666696994532,4437
phoenix_ssp245_near_2030s_typical_2034,perimeter_top_zn_2,perimeter,top,east,horizontal_GHI__zone_p_tail,0.3441085744714598,4437
phoenix_ssp245_near_2030s_typical_2034,perimeter_top_zn_1,perimeter,top,south,horizontal_GHI__zone_operative_temperature,0.6810135294014528,4437
phoenix_ssp245_near_2030s_typical_2034,perimeter_top_zn_1,perimeter,top,south,horizontal_GHI__zone_p_tail,0.5205245566046801,4437
phoenix_ssp245_near_2030s_typical_2034,perimeter_top_zn_4,perimeter,top,west,horizontal_GHI__zone_operative_temperature,0.4074130213694304,4437
phoenix_ssp245_near_2030s_typical_2034,perimeter_top_zn_4,perimeter,top,west,horizontal_GHI__zone_p_tail,0.17024019341109184,4437
phoenix_ssp245_near_2030s_typical_2034,perimeter_bot_zn_3,perimeter,bottom,north,horizontal_GHI__zone_operative_temperature,0.3954407608666521,4437
phoenix_ssp245_near_2030s_typical_2034,perimeter_bot_zn_3,perimeter,bottom,north,horizontal_GHI__zone_p_tail,0.1410963323647169,4437
phoenix_ssp245_near_2030s_typical_2034,perimeter_bot_zn_2,perimeter,bottom,east,horizontal_GHI__zone_operative_temperature,0.5504432389422738,4437
phoenix_ssp245_near_2030s_typical_2034,perimeter_bot_zn_2,perimeter,bottom,east,horizontal_GHI__zone_p_tail,0.3129046481957887,4437
phoenix_ssp245_near_2030s_typical_2034,perimeter_bot_zn_1,perimeter,bottom,south,horizontal_GHI__zone_operative_temperature,0.5374797864583033,4437
phoenix_ssp245_near_2030s_typical_2034,perimeter_bot_zn_1,perimeter,bottom,south,horizontal_GHI__zone_p_tail,0.4332733292242777,4437
phoenix_ssp245_near_2030s_typical_2034,perimeter_bot_zn_4,perimeter,bottom,west,horizontal_GHI__zone_operative_temperature,0.3256339791624841,4437
phoenix_ssp245_near_2030s_typical_2034,perimeter_bot_zn_4,perimeter,bottom,west,horizontal_GHI__zone_p_tail,0.10405536410966248,4437
phoenix_ssp245_near_2030s_typical_2034,perimeter_mid_zn_3,perimeter,middle,north,horizontal_GHI__zone_operative_temperature,0.43364031833255684,4437
phoenix_ssp245_near_2030s_typical_2034,perimeter_mid_zn_3,perimeter,middle,north,horizontal_GHI__zone_p_tail,0.22383513805151797,4437
phoenix_ssp245_near_2030s_typical_2034,perimeter_mid_zn_2,perimeter,middle,east,horizontal_GHI__zone_operative_temperature,0.5942807569042685,4437
phoenix_ssp245_near_2030s_typical_2034,perimeter_mid_zn_2,perimeter,middle,east,horizontal_GHI__zone_p_tail,0.314502817531439,4437
phoenix_ssp245_near_2030s_typical_2034,perimeter_mid_zn_1,perimeter,middle,south,horizontal_GHI__zone_operative_temperature,0.6705951937430171,4437
phoenix_ssp245_near_2030s_typical_2034,perimeter_mid_zn_1,perimeter,middle,south,horizontal_GHI__zone_p_tail,0.5093366980621252,4437
phoenix_ssp245_near_2030s_typical_2034,perimeter_mid_zn_4,perimeter,middle,west,horizontal_GHI__zone_operative_temperature,0.3881644205699324,4437
phoenix_ssp245_near_2030s_typical_2034,perimeter_mid_zn_4,perimeter,middle,west,horizontal_GHI__zone_p_tail,0.14683822371693744,4437
phoenix_ssp585_baseline_2020s_heatwave_extreme_2025,core_bottom,core,bottom,core,horizontal_GHI__zone_operative_temperature,0.4406479124613434,4437
phoenix_ssp585_baseline_2020s_heatwave_extreme_2025,core_bottom,core,bottom,core,horizontal_GHI__zone_p_tail,0.029271689432036677,4437
phoenix_ssp585_baseline_2020s_heatwave_extreme_2025,core_mid,core,middle,core,horizontal_GHI__zone_operative_temperature,0.38686206917024457,4437
phoenix_ssp585_baseline_2020s_heatwave_extreme_2025,core_mid,core,middle,core,horizontal_GHI__zone_p_tail,0.10587481240974958,4437
phoenix_ssp585_baseline_2020s_heatwave_extreme_2025,core_top,core,top,core,horizontal_GHI__zone_operative_temperature,0.4566704366515054,4437
phoenix_ssp585_baseline_2020s_heatwave_extreme_2025,core_top,core,top,core,horizontal_GHI__zone_p_tail,0.1275206394348541,4437
phoenix_ssp585_baseline_2020s_heatwave_extreme_2025,perimeter_top_zn_3,perimeter,top,north,horizontal_GHI__zone_operative_temperature,0.4490698313513863,4437
phoenix_ssp585_baseline_2020s_heatwave_extreme_2025,perimeter_top_zn_3,perimeter,top,north,horizontal_GHI__zone_p_tail,0.23670147247187023,4437
phoenix_ssp585_baseline_2020s_heatwave_extreme_2025,perimeter_top_zn_2,perimeter,top,east,horizontal_GHI__zone_operative_temperature,0.5978221559103352,4437
phoenix_ssp585_baseline_2020s_heatwave_extreme_2025,perimeter_top_zn_2,perimeter,top,east,horizontal_GHI__zone_p_tail,0.3599564931372752,4437
phoenix_ssp585_baseline_2020s_heatwave_extreme_2025,perimeter_top_zn_1,perimeter,top,south,horizontal_GHI__zone_operative_temperature,0.6714324496854474,4437
phoenix_ssp585_baseline_2020s_heatwave_extreme_2025,perimeter_top_zn_1,perimeter,top,south,horizontal_GHI__zone_p_tail,0.5549861123811578,4437
phoenix_ssp585_baseline_2020s_heatwave_extreme_2025,perimeter_top_zn_4,perimeter,top,west,horizontal_GHI__zone_operative_temperature,0.41373834183419456,4437
phoenix_ssp585_baseline_2020s_heatwave_extreme_2025,perimeter_top_zn_4,perimeter,top,west,horizontal_GHI__zone_p_tail,0.1766539325381386,4437
phoenix_ssp585_baseline_2020s_heatwave_extreme_2025,perimeter_bot_zn_3,perimeter,bottom,north,horizontal_GHI__zone_operative_temperature,0.3921759711013199,4437
phoenix_ssp585_baseline_2020s_heatwave_extreme_2025,perimeter_bot_zn_3,perimeter,bottom,north,horizontal_GHI__zone_p_tail,0.13213699379042376,4437
phoenix_ssp585_baseline_2020s_heatwave_extreme_2025,perimeter_bot_zn_2,perimeter,bottom,east,horizontal_GHI__zone_operative_temperature,0.5339957352285208,4437
phoenix_ssp585_baseline_2020s_heatwave_extreme_2025,perimeter_bot_zn_2,perimeter,bottom,east,horizontal_GHI__zone_p_tail,0.33269257485145104,4437
phoenix_ssp585_baseline_2020s_heatwave_extreme_2025,perimeter_bot_zn_1,perimeter,bottom,south,horizontal_GHI__zone_operative_temperature,0.5250189694465361,4437
phoenix_ssp585_baseline_2020s_heatwave_extreme_2025,perimeter_bot_zn_1,perimeter,bottom,south,horizontal_GHI__zone_p_tail,0.4453804181905282,4437
phoenix_ssp585_baseline_2020s_heatwave_extreme_2025,perimeter_bot_zn_4,perimeter,bottom,west,horizontal_GHI__zone_operative_temperature,0.33765144260838276,4437
phoenix_ssp585_baseline_2020s_heatwave_extreme_2025,perimeter_bot_zn_4,perimeter,bottom,west,horizontal_GHI__zone_p_tail,0.1117277235408085,4437
phoenix_ssp585_baseline_2020s_heatwave_extreme_2025,perimeter_mid_zn_3,perimeter,middle,north,horizontal_GHI__zone_operative_temperature,0.4281345320593173,4437
phoenix_ssp585_baseline_2020s_heatwave_extreme_2025,perimeter_mid_zn_3,perimeter,middle,north,horizontal_GHI__zone_p_tail,0.20400675216152925,4437
phoenix_ssp585_baseline_2020s_heatwave_extreme_2025,perimeter_mid_zn_2,perimeter,middle,east,horizontal_GHI__zone_operative_temperature,0.5828504703004012,4437
phoenix_ssp585_baseline_2020s_heatwave_extreme_2025,perimeter_mid_zn_2,perimeter,middle,east,horizontal_GHI__zone_p_tail,0.2960757898157849,4437
phoenix_ssp585_baseline_2020s_heatwave_extreme_2025,perimeter_mid_zn_1,perimeter,middle,south,horizontal_GHI__zone_operative_temperature,0.6672825139357247,4437
phoenix_ssp585_baseline_2020s_heatwave_extreme_2025,perimeter_mid_zn_1,perimeter,middle,south,horizontal_GHI__zone_p_tail,0.5411925590767938,4437
phoenix_ssp585_baseline_2020s_heatwave_extreme_2025,perimeter_mid_zn_4,perimeter,middle,west,horizontal_GHI__zone_operative_temperature,0.3961156156277394,4437
phoenix_ssp585_baseline_2020s_heatwave_extreme_2025,perimeter_mid_zn_4,perimeter,middle,west,horizontal_GHI__zone_p_tail,0.1408060570154684,4437
phoenix_ssp585_baseline_2020s_hot_2025,core_bottom,core,bottom,core,horizontal_GHI__zone_operative_temperature,0.4406479124613434,4437
phoenix_ssp585_baseline_2020s_hot_2025,core_bottom,core,bottom,core,horizontal_GHI__zone_p_tail,0.029271689432036677,4437
phoenix_ssp585_baseline_2020s_hot_2025,core_mid,core,middle,core,horizontal_GHI__zone_operative_temperature,0.38686206917024457,4437
phoenix_ssp585_baseline_2020s_hot_2025,core_mid,core,middle,core,horizontal_GHI__zone_p_tail,0.10587481240974958,4437
phoenix_ssp585_baseline_2020s_hot_2025,core_top,core,top,core,horizontal_GHI__zone_operative_temperature,0.4566704366515054,4437
phoenix_ssp585_baseline_2020s_hot_2025,core_top,core,top,core,horizontal_GHI__zone_p_tail,0.1275206394348541,4437
phoenix_ssp585_baseline_2020s_hot_2025,perimeter_top_zn_3,perimeter,top,north,horizontal_GHI__zone_operative_temperature,0.4490698313513863,4437
phoenix_ssp585_baseline_2020s_hot_2025,perimeter_top_zn_3,perimeter,top,north,horizontal_GHI__zone_p_tail,0.23670147247187023,4437
phoenix_ssp585_baseline_2020s_hot_2025,perimeter_top_zn_2,perimeter,top,east,horizontal_GHI__zone_operative_temperature,0.5978221559103352,4437
phoenix_ssp585_baseline_2020s_hot_2025,perimeter_top_zn_2,perimeter,top,east,horizontal_GHI__zone_p_tail,0.3599564931372752,4437
phoenix_ssp585_baseline_2020s_hot_2025,perimeter_top_zn_1,perimeter,top,south,horizontal_GHI__zone_operative_temperature,0.6714324496854474,4437
phoenix_ssp585_baseline_2020s_hot_2025,perimeter_top_zn_1,perimeter,top,south,horizontal_GHI__zone_p_tail,0.5549861123811578,4437
phoenix_ssp585_baseline_2020s_hot_2025,perimeter_top_zn_4,perimeter,top,west,horizontal_GHI__zone_operative_temperature,0.41373834183419456,4437
phoenix_ssp585_baseline_2020s_hot_2025,perimeter_top_zn_4,perimeter,top,west,horizontal_GHI__zone_p_tail,0.1766539325381386,4437
phoenix_ssp585_baseline_2020s_hot_2025,perimeter_bot_zn_3,perimeter,bottom,north,horizontal_GHI__zone_operative_temperature,0.3921759711013199,4437
phoenix_ssp585_baseline_2020s_hot_2025,perimeter_bot_zn_3,perimeter,bottom,north,horizontal_GHI__zone_p_tail,0.13213699379042376,4437
phoenix_ssp585_baseline_2020s_hot_2025,perimeter_bot_zn_2,perimeter,bottom,east,horizontal_GHI__zone_operative_temperature,0.5339957352285208,4437
phoenix_ssp585_baseline_2020s_hot_2025,perimeter_bot_zn_2,perimeter,bottom,east,horizontal_GHI__zone_p_tail,0.33269257485145104,4437
phoenix_ssp585_baseline_2020s_hot_2025,perimeter_bot_zn_1,perimeter,bottom,south,horizontal_GHI__zone_operative_temperature,0.5250189694465361,4437
phoenix_ssp585_baseline_2020s_hot_2025,perimeter_bot_zn_1,perimeter,bottom,south,horizontal_GHI__zone_p_tail,0.4453804181905282,4437
phoenix_ssp585_baseline_2020s_hot_2025,perimeter_bot_zn_4,perimeter,bottom,west,horizontal_GHI__zone_operative_temperature,0.33765144260838276,4437
phoenix_ssp585_baseline_2020s_hot_2025,perimeter_bot_zn_4,perimeter,bottom,west,horizontal_GHI__zone_p_tail,0.1117277235408085,4437
phoenix_ssp585_baseline_2020s_hot_2025,perimeter_mid_zn_3,perimeter,middle,north,horizontal_GHI__zone_operative_temperature,0.4281345320593173,4437
phoenix_ssp585_baseline_2020s_hot_2025,perimeter_mid_zn_3,perimeter,middle,north,horizontal_GHI__zone_p_tail,0.20400675216152925,4437
phoenix_ssp585_baseline_2020s_hot_2025,perimeter_mid_zn_2,perimeter,middle,east,horizontal_GHI__zone_operative_temperature,0.5828504703004012,4437
phoenix_ssp585_baseline_2020s_hot_2025,perimeter_mid_zn_2,perimeter,middle,east,horizontal_GHI__zone_p_tail,0.2960757898157849,4437
phoenix_ssp585_baseline_2020s_hot_2025,perimeter_mid_zn_1,perimeter,middle,south,horizontal_GHI__zone_operative_temperature,0.6672825139357247,4437
phoenix_ssp585_baseline_2020s_hot_2025,perimeter_mid_zn_1,perimeter,middle,south,horizontal_GHI__zone_p_tail,0.5411925590767938,4437
phoenix_ssp585_baseline_2020s_hot_2025,perimeter_mid_zn_4,perimeter,middle,west,horizontal_GHI__zone_operative_temperature,0.3961156156277394,4437
phoenix_ssp585_baseline_2020s_hot_2025,perimeter_mid_zn_4,perimeter,middle,west,horizontal_GHI__zone_p_tail,0.1408060570154684,4437
phoenix_ssp585_baseline_2020s_typical_2029,core_bottom,core,bottom,core,horizontal_GHI__zone_operative_temperature,0.4258989622048656,4437
phoenix_ssp585_baseline_2020s_typical_2029,core_bottom,core,bottom,core,horizontal_GHI__zone_p_tail,0.06510493206655975,4437
phoenix_ssp585_baseline_2020s_typical_2029,core_mid,core,middle,core,horizontal_GHI__zone_operative_temperature,0.3712464185665907,4437
phoenix_ssp585_baseline_2020s_typical_2029,core_mid,core,middle,core,horizontal_GHI__zone_p_tail,0.10355743149450633,4437
phoenix_ssp585_baseline_2020s_typical_2029,core_top,core,top,core,horizontal_GHI__zone_operative_temperature,0.4540979597417272,4437
phoenix_ssp585_baseline_2020s_typical_2029,core_top,core,top,core,horizontal_GHI__zone_p_tail,0.1309249537435755,4437
phoenix_ssp585_baseline_2020s_typical_2029,perimeter_top_zn_3,perimeter,top,north,horizontal_GHI__zone_operative_temperature,0.453904961937309,4437
phoenix_ssp585_baseline_2020s_typical_2029,perimeter_top_zn_3,perimeter,top,north,horizontal_GHI__zone_p_tail,0.21253220300518927,4437
phoenix_ssp585_baseline_2020s_typical_2029,perimeter_top_zn_2,perimeter,top,east,horizontal_GHI__zone_operative_temperature,0.6007371731100244,4437
phoenix_ssp585_baseline_2020s_typical_2029,perimeter_top_zn_2,perimeter,top,east,horizontal_GHI__zone_p_tail,0.3387166623507585,4437
phoenix_ssp585_baseline_2020s_typical_2029,perimeter_top_zn_1,perimeter,top,south,horizontal_GHI__zone_operative_temperature,0.6733321561487162,4437
phoenix_ssp585_baseline_2020s_typical_2029,perimeter_top_zn_1,perimeter,top,south,horizontal_GHI__zone_p_tail,0.5490057340627995,4437
phoenix_ssp585_baseline_2020s_typical_2029,perimeter_top_zn_4,perimeter,top,west,horizontal_GHI__zone_operative_temperature,0.4099327333725783,4437
phoenix_ssp585_baseline_2020s_typical_2029,perimeter_top_zn_4,perimeter,top,west,horizontal_GHI__zone_p_tail,0.18839509413393365,4437
phoenix_ssp585_baseline_2020s_typical_2029,perimeter_bot_zn_3,perimeter,bottom,north,horizontal_GHI__zone_operative_temperature,0.387676753812586,4437
phoenix_ssp585_baseline_2020s_typical_2029,perimeter_bot_zn_3,perimeter,bottom,north,horizontal_GHI__zone_p_tail,0.16185182888210017,4437
phoenix_ssp585_baseline_2020s_typical_2029,perimeter_bot_zn_2,perimeter,bottom,east,horizontal_GHI__zone_operative_temperature,0.5351625492571983,4437
phoenix_ssp585_baseline_2020s_typical_2029,perimeter_bot_zn_2,perimeter,bottom,east,horizontal_GHI__zone_p_tail,0.3072080602376301,4437
phoenix_ssp585_baseline_2020s_typical_2029,perimeter_bot_zn_1,perimeter,bottom,south,horizontal_GHI__zone_operative_temperature,0.5291116646191526,4437
phoenix_ssp585_baseline_2020s_typical_2029,perimeter_bot_zn_1,perimeter,bottom,south,horizontal_GHI__zone_p_tail,0.4594758481100908,4437
phoenix_ssp585_baseline_2020s_typical_2029,perimeter_bot_zn_4,perimeter,bottom,west,horizontal_GHI__zone_operative_temperature,0.3259574836183807,4437
phoenix_ssp585_baseline_2020s_typical_2029,perimeter_bot_zn_4,perimeter,bottom,west,horizontal_GHI__zone_p_tail,0.15158389390635327,4437
phoenix_ssp585_baseline_2020s_typical_2029,perimeter_mid_zn_3,perimeter,middle,north,horizontal_GHI__zone_operative_temperature,0.4317040747957878,4437
phoenix_ssp585_baseline_2020s_typical_2029,perimeter_mid_zn_3,perimeter,middle,north,horizontal_GHI__zone_p_tail,0.18717243696614816,4437
phoenix_ssp585_baseline_2020s_typical_2029,perimeter_mid_zn_2,perimeter,middle,east,horizontal_GHI__zone_operative_temperature,0.5864611012357975,4437
phoenix_ssp585_baseline_2020s_typical_2029,perimeter_mid_zn_2,perimeter,middle,east,horizontal_GHI__zone_p_tail,0.3125496725169291,4437
phoenix_ssp585_baseline_2020s_typical_2029,perimeter_mid_zn_1,perimeter,middle,south,horizontal_GHI__zone_operative_temperature,0.6651912140943591,4437
phoenix_ssp585_baseline_2020s_typical_2029,perimeter_mid_zn_1,perimeter,middle,south,horizontal_GHI__zone_p_tail,0.553281553659512,4437
phoenix_ssp585_baseline_2020s_typical_2029,perimeter_mid_zn_4,perimeter,middle,west,horizontal_GHI__zone_operative_temperature,0.38980758136371585,4437
phoenix_ssp585_baseline_2020s_typical_2029,perimeter_mid_zn_4,perimeter,middle,west,horizontal_GHI__zone_p_tail,0.16682792129291696,4437
phoenix_ssp585_late_2080s_heatwave_extreme_2085,core_bottom,core,bottom,core,horizontal_GHI__zone_operative_temperature,0.38862263949681025,4437
phoenix_ssp585_late_2080s_heatwave_extreme_2085,core_bottom,core,bottom,core,horizontal_GHI__zone_p_tail,0.09933176602603347,4437
phoenix_ssp585_late_2080s_heatwave_extreme_2085,core_mid,core,middle,core,horizontal_GHI__zone_operative_temperature,0.34527287357451586,4437
phoenix_ssp585_late_2080s_heatwave_extreme_2085,core_mid,core,middle,core,horizontal_GHI__zone_p_tail,0.1300242760696481,4437
phoenix_ssp585_late_2080s_heatwave_extreme_2085,core_top,core,top,core,horizontal_GHI__zone_operative_temperature,0.4061153896173222,4437
phoenix_ssp585_late_2080s_heatwave_extreme_2085,core_top,core,top,core,horizontal_GHI__zone_p_tail,0.15542218418437873,4437
phoenix_ssp585_late_2080s_heatwave_extreme_2085,perimeter_top_zn_3,perimeter,top,north,horizontal_GHI__zone_operative_temperature,0.40611852923970926,4437
phoenix_ssp585_late_2080s_heatwave_extreme_2085,perimeter_top_zn_3,perimeter,top,north,horizontal_GHI__zone_p_tail,0.19575449491830646,4437
phoenix_ssp585_late_2080s_heatwave_extreme_2085,perimeter_top_zn_2,perimeter,top,east,horizontal_GHI__zone_operative_temperature,0.5403236987785459,4437
phoenix_ssp585_late_2080s_heatwave_extreme_2085,perimeter_top_zn_2,perimeter,top,east,horizontal_GHI__zone_p_tail,0.3603600123083568,4437
phoenix_ssp585_late_2080s_heatwave_extreme_2085,perimeter_top_zn_1,perimeter,top,south,horizontal_GHI__zone_operative_temperature,0.5899303882325175,4437
phoenix_ssp585_late_2080s_heatwave_extreme_2085,perimeter_top_zn_1,perimeter,top,south,horizontal_GHI__zone_p_tail,0.5084178711527206,4437
phoenix_ssp585_late_2080s_heatwave_extreme_2085,perimeter_top_zn_4,perimeter,top,west,horizontal_GHI__zone_operative_temperature,0.37157834046023264,4437
phoenix_ssp585_late_2080s_heatwave_extreme_2085,perimeter_top_zn_4,perimeter,top,west,horizontal_GHI__zone_p_tail,0.15019669730355795,4437
phoenix_ssp585_late_2080s_heatwave_extreme_2085,perimeter_bot_zn_3,perimeter,bottom,north,horizontal_GHI__zone_operative_temperature,0.35686291091570305,4437
phoenix_ssp585_late_2080s_heatwave_extreme_2085,perimeter_bot_zn_3,perimeter,bottom,north,horizontal_GHI__zone_p_tail,0.13552349111999631,4437
phoenix_ssp585_late_2080s_heatwave_extreme_2085,perimeter_bot_zn_2,perimeter,bottom,east,horizontal_GHI__zone_operative_temperature,0.4871772859401906,4437
phoenix_ssp585_late_2080s_heatwave_extreme_2085,perimeter_bot_zn_2,perimeter,bottom,east,horizontal_GHI__zone_p_tail,0.30440702832691263,4437
phoenix_ssp585_late_2080s_heatwave_extreme_2085,perimeter_bot_zn_1,perimeter,bottom,south,horizontal_GHI__zone_operative_temperature,0.4754380336483526,4437
phoenix_ssp585_late_2080s_heatwave_extreme_2085,perimeter_bot_zn_1,perimeter,bottom,south,horizontal_GHI__zone_p_tail,0.4098017030255655,4437
phoenix_ssp585_late_2080s_heatwave_extreme_2085,perimeter_bot_zn_4,perimeter,bottom,west,horizontal_GHI__zone_operative_temperature,0.31206885469867424,4437
phoenix_ssp585_late_2080s_heatwave_extreme_2085,perimeter_bot_zn_4,perimeter,bottom,west,horizontal_GHI__zone_p_tail,0.0994221273446559,4437
phoenix_ssp585_late_2080s_heatwave_extreme_2085,perimeter_mid_zn_3,perimeter,middle,north,horizontal_GHI__zone_operative_temperature,0.3907677321867273,4437
phoenix_ssp585_late_2080s_heatwave_extreme_2085,perimeter_mid_zn_3,perimeter,middle,north,horizontal_GHI__zone_p_tail,0.16416965751602705,4437
phoenix_ssp585_late_2080s_heatwave_extreme_2085,perimeter_mid_zn_2,perimeter,middle,east,horizontal_GHI__zone_operative_temperature,0.5249372974922546,4437
phoenix_ssp585_late_2080s_heatwave_extreme_2085,perimeter_mid_zn_2,perimeter,middle,east,horizontal_GHI__zone_p_tail,0.3088661400982661,4437
phoenix_ssp585_late_2080s_heatwave_extreme_2085,perimeter_mid_zn_1,perimeter,middle,south,horizontal_GHI__zone_operative_temperature,0.590707204382728,4437
phoenix_ssp585_late_2080s_heatwave_extreme_2085,perimeter_mid_zn_1,perimeter,middle,south,horizontal_GHI__zone_p_tail,0.5026583910735718,4437
phoenix_ssp585_late_2080s_heatwave_extreme_2085,perimeter_mid_zn_4,perimeter,middle,west,horizontal_GHI__zone_operative_temperature,0.3548650608450593,4437
phoenix_ssp585_late_2080s_heatwave_extreme_2085,perimeter_mid_zn_4,perimeter,middle,west,horizontal_GHI__zone_p_tail,0.11071003959775635,4437
phoenix_ssp585_late_2080s_hot_2089,core_bottom,core,bottom,core,horizontal_GHI__zone_operative_temperature,0.39726668230532625,4437
phoenix_ssp585_late_2080s_hot_2089,core_bottom,core,bottom,core,horizontal_GHI__zone_p_tail,0.1858150968072585,4437
phoenix_ssp585_late_2080s_hot_2089,core_mid,core,middle,core,horizontal_GHI__zone_operative_temperature,0.3527992120738976,4437
phoenix_ssp585_late_2080s_hot_2089,core_mid,core,middle,core,horizontal_GHI__zone_p_tail,0.1742873855786135,4437
phoenix_ssp585_late_2080s_hot_2089,core_top,core,top,core,horizontal_GHI__zone_operative_temperature,0.4112444025503701,4437
phoenix_ssp585_late_2080s_hot_2089,core_top,core,top,core,horizontal_GHI__zone_p_tail,0.2014467237911584,4437
phoenix_ssp585_late_2080s_hot_2089,perimeter_top_zn_3,perimeter,top,north,horizontal_GHI__zone_operative_temperature,0.4137116109403412,4437
phoenix_ssp585_late_2080s_hot_2089,perimeter_top_zn_3,perimeter,top,north,horizontal_GHI__zone_p_tail,0.25422174060687364,4437
phoenix_ssp585_late_2080s_hot_2089,perimeter_top_zn_2,perimeter,top,east,horizontal_GHI__zone_operative_temperature,0.5348810261801986,4437
phoenix_ssp585_late_2080s_hot_2089,perimeter_top_zn_2,perimeter,top,east,horizontal_GHI__zone_p_tail,0.40517157798128733,4437
phoenix_ssp585_late_2080s_hot_2089,perimeter_top_zn_1,perimeter,top,south,horizontal_GHI__zone_operative_temperature,0.5673118365003348,4437
phoenix_ssp585_late_2080s_hot_2089,perimeter_top_zn_1,perimeter,top,south,horizontal_GHI__zone_p_tail,0.5075007576634143,4437
phoenix_ssp585_late_2080s_hot_2089,perimeter_top_zn_4,perimeter,top,west,horizontal_GHI__zone_operative_temperature,0.3754700702144825,4437
phoenix_ssp585_late_2080s_hot_2089,perimeter_top_zn_4,perimeter,top,west,horizontal_GHI__zone_p_tail,0.23946064630432146,4437
phoenix_ssp585_late_2080s_hot_2089,perimeter_bot_zn_3,perimeter,bottom,north,horizontal_GHI__zone_operative_temperature,0.36193556466153315,4437
phoenix_ssp585_late_2080s_hot_2089,perimeter_bot_zn_3,perimeter,bottom,north,horizontal_GHI__zone_p_tail,0.17597827360681872,4437
phoenix_ssp585_late_2080s_hot_2089,perimeter_bot_zn_2,perimeter,bottom,east,horizontal_GHI__zone_operative_temperature,0.4854299887831871,4437
phoenix_ssp585_late_2080s_hot_2089,perimeter_bot_zn_2,perimeter,bottom,east,horizontal_GHI__zone_p_tail,0.36127449045827825,4437
phoenix_ssp585_late_2080s_hot_2089,perimeter_bot_zn_1,perimeter,bottom,south,horizontal_GHI__zone_operative_temperature,0.4589219516119825,4437
phoenix_ssp585_late_2080s_hot_2089,perimeter_bot_zn_1,perimeter,bottom,south,horizontal_GHI__zone_p_tail,0.41471193064655587,4437
phoenix_ssp585_late_2080s_hot_2089,perimeter_bot_zn_4,perimeter,bottom,west,horizontal_GHI__zone_operative_temperature,0.3193133785689454,4437
phoenix_ssp585_late_2080s_hot_2089,perimeter_bot_zn_4,perimeter,bottom,west,horizontal_GHI__zone_p_tail,0.1877089610331343,4437
phoenix_ssp585_late_2080s_hot_2089,perimeter_mid_zn_3,perimeter,middle,north,horizontal_GHI__zone_operative_temperature,0.39683881770764473,4437
phoenix_ssp585_late_2080s_hot_2089,perimeter_mid_zn_3,perimeter,middle,north,horizontal_GHI__zone_p_tail,0.237772859912102,4437
phoenix_ssp585_late_2080s_hot_2089,perimeter_mid_zn_2,perimeter,middle,east,horizontal_GHI__zone_operative_temperature,0.5197666214171972,4437
phoenix_ssp585_late_2080s_hot_2089,perimeter_mid_zn_2,perimeter,middle,east,horizontal_GHI__zone_p_tail,0.3781066027565893,4437
phoenix_ssp585_late_2080s_hot_2089,perimeter_mid_zn_1,perimeter,middle,south,horizontal_GHI__zone_operative_temperature,0.56796777811785,4437
phoenix_ssp585_late_2080s_hot_2089,perimeter_mid_zn_1,perimeter,middle,south,horizontal_GHI__zone_p_tail,0.5151823443722385,4437
phoenix_ssp585_late_2080s_hot_2089,perimeter_mid_zn_4,perimeter,middle,west,horizontal_GHI__zone_operative_temperature,0.3584562453477709,4437
phoenix_ssp585_late_2080s_hot_2089,perimeter_mid_zn_4,perimeter,middle,west,horizontal_GHI__zone_p_tail,0.21323679840462512,4437
phoenix_ssp585_late_2080s_typical_2081,core_bottom,core,bottom,core,horizontal_GHI__zone_operative_temperature,0.3492763249653589,4437
phoenix_ssp585_late_2080s_typical_2081,core_bottom,core,bottom,core,horizontal_GHI__zone_p_tail,0.14113773039306107,4437
phoenix_ssp585_late_2080s_typical_2081,core_mid,core,middle,core,horizontal_GHI__zone_operative_temperature,0.3013985433789024,4437
phoenix_ssp585_late_2080s_typical_2081,core_mid,core,middle,core,horizontal_GHI__zone_p_tail,0.12755629690801784,4437
phoenix_ssp585_late_2080s_typical_2081,core_top,core,top,core,horizontal_GHI__zone_operative_temperature,0.38190746264183545,4437
phoenix_ssp585_late_2080s_typical_2081,core_top,core,top,core,horizontal_GHI__zone_p_tail,0.17003698512927762,4437
phoenix_ssp585_late_2080s_typical_2081,perimeter_top_zn_3,perimeter,top,north,horizontal_GHI__zone_operative_temperature,0.39305530427225754,4437
phoenix_ssp585_late_2080s_typical_2081,perimeter_top_zn_3,perimeter,top,north,horizontal_GHI__zone_p_tail,0.22000430952404626,4437
phoenix_ssp585_late_2080s_typical_2081,perimeter_top_zn_2,perimeter,top,east,horizontal_GHI__zone_operative_temperature,0.5311710871442413,4437
phoenix_ssp585_late_2080s_typical_2081,perimeter_top_zn_2,perimeter,top,east,horizontal_GHI__zone_p_tail,0.3794826576899321,4437
phoenix_ssp585_late_2080s_typical_2081,perimeter_top_zn_1,perimeter,top,south,horizontal_GHI__zone_operative_temperature,0.5757735051739992,4437
phoenix_ssp585_late_2080s_typical_2081,perimeter_top_zn_1,perimeter,top,south,horizontal_GHI__zone_p_tail,0.49614693302292745,4437
phoenix_ssp585_late_2080s_typical_2081,perimeter_top_zn_4,perimeter,top,west,horizontal_GHI__zone_operative_temperature,0.3473694597358322,4437
phoenix_ssp585_late_2080s_typical_2081,perimeter_top_zn_4,perimeter,top,west,horizontal_GHI__zone_p_tail,0.18247777531539125,4437
phoenix_ssp585_late_2080s_typical_2081,perimeter_bot_zn_3,perimeter,bottom,north,horizontal_GHI__zone_operative_temperature,0.32862006067702626,4437
phoenix_ssp585_late_2080s_typical_2081,perimeter_bot_zn_3,perimeter,bottom,north,horizontal_GHI__zone_p_tail,0.14104612965081967,4437
phoenix_ssp585_late_2080s_typical_2081,perimeter_bot_zn_2,perimeter,bottom,east,horizontal_GHI__zone_operative_temperature,0.47430843489323915,4437
phoenix_ssp585_late_2080s_typical_2081,perimeter_bot_zn_2,perimeter,bottom,east,horizontal_GHI__zone_p_tail,0.31757951107726407,4437
phoenix_ssp585_late_2080s_typical_2081,perimeter_bot_zn_1,perimeter,bottom,south,horizontal_GHI__zone_operative_temperature,0.43296614243431364,4437
phoenix_ssp585_late_2080s_typical_2081,perimeter_bot_zn_1,perimeter,bottom,south,horizontal_GHI__zone_p_tail,0.38425248415860846,4437
phoenix_ssp585_late_2080s_typical_2081,perimeter_bot_zn_4,perimeter,bottom,west,horizontal_GHI__zone_operative_temperature,0.2748174971946073,4437
phoenix_ssp585_late_2080s_typical_2081,perimeter_bot_zn_4,perimeter,bottom,west,horizontal_GHI__zone_p_tail,0.12077488257266326,4437
phoenix_ssp585_late_2080s_typical_2081,perimeter_mid_zn_3,perimeter,middle,north,horizontal_GHI__zone_operative_temperature,0.37197256055161326,4437
phoenix_ssp585_late_2080s_typical_2081,perimeter_mid_zn_3,perimeter,middle,north,horizontal_GHI__zone_p_tail,0.21153002665809434,4437
phoenix_ssp585_late_2080s_typical_2081,perimeter_mid_zn_2,perimeter,middle,east,horizontal_GHI__zone_operative_temperature,0.513012090500231,4437
phoenix_ssp585_late_2080s_typical_2081,perimeter_mid_zn_2,perimeter,middle,east,horizontal_GHI__zone_p_tail,0.34724834126281706,4437
phoenix_ssp585_late_2080s_typical_2081,perimeter_mid_zn_1,perimeter,middle,south,horizontal_GHI__zone_operative_temperature,0.5728350661799141,4437
phoenix_ssp585_late_2080s_typical_2081,perimeter_mid_zn_1,perimeter,middle,south,horizontal_GHI__zone_p_tail,0.5057613504558308,4437
phoenix_ssp585_late_2080s_typical_2081,perimeter_mid_zn_4,perimeter,middle,west,horizontal_GHI__zone_operative_temperature,0.32564490313725775,4437
phoenix_ssp585_late_2080s_typical_2081,perimeter_mid_zn_4,perimeter,middle,west,horizontal_GHI__zone_p_tail,0.14869579888521098,4437
phoenix_ssp585_mid_2050s_heatwave_extreme_2057,core_bottom,core,bottom,core,horizontal_GHI__zone_operative_temperature,0.3927959444446937,4437
phoenix_ssp585_mid_2050s_heatwave_extreme_2057,core_bottom,core,bottom,core,horizontal_GHI__zone_p_tail,0.04312444630038524,4437
phoenix_ssp585_mid_2050s_heatwave_extreme_2057,core_mid,core,middle,core,horizontal_GHI__zone_operative_temperature,0.3401457492658109,4437
phoenix_ssp585_mid_2050s_heatwave_extreme_2057,core_mid,core,middle,core,horizontal_GHI__zone_p_tail,0.07758984197825562,4437
phoenix_ssp585_mid_2050s_heatwave_extreme_2057,core_top,core,top,core,horizontal_GHI__zone_operative_temperature,0.4187030904689584,4437
phoenix_ssp585_mid_2050s_heatwave_extreme_2057,core_top,core,top,core,horizontal_GHI__zone_p_tail,0.09265532949500577,4437
phoenix_ssp585_mid_2050s_heatwave_extreme_2057,perimeter_top_zn_3,perimeter,top,north,horizontal_GHI__zone_operative_temperature,0.41746318873426486,4437
phoenix_ssp585_mid_2050s_heatwave_extreme_2057,perimeter_top_zn_3,perimeter,top,north,horizontal_GHI__zone_p_tail,0.2000725952273354,4437
phoenix_ssp585_mid_2050s_heatwave_extreme_2057,perimeter_top_zn_2,perimeter,top,east,horizontal_GHI__zone_operative_temperature,0.5720932773409317,4437
phoenix_ssp585_mid_2050s_heatwave_extreme_2057,perimeter_top_zn_2,perimeter,top,east,horizontal_GHI__zone_p_tail,0.33884062400399767,4437
phoenix_ssp585_mid_2050s_heatwave_extreme_2057,perimeter_top_zn_1,perimeter,top,south,horizontal_GHI__zone_operative_temperature,0.638964092401253,4437
phoenix_ssp585_mid_2050s_heatwave_extreme_2057,perimeter_top_zn_1,perimeter,top,south,horizontal_GHI__zone_p_tail,0.5222083425119016,4437
phoenix_ssp585_mid_2050s_heatwave_extreme_2057,perimeter_top_zn_4,perimeter,top,west,horizontal_GHI__zone_operative_temperature,0.37857287294359976,4437
phoenix_ssp585_mid_2050s_heatwave_extreme_2057,perimeter_top_zn_4,perimeter,top,west,horizontal_GHI__zone_p_tail,0.1480979139492938,4437
phoenix_ssp585_mid_2050s_heatwave_extreme_2057,perimeter_bot_zn_3,perimeter,bottom,north,horizontal_GHI__zone_operative_temperature,0.348567886927329,4437
phoenix_ssp585_mid_2050s_heatwave_extreme_2057,perimeter_bot_zn_3,perimeter,bottom,north,horizontal_GHI__zone_p_tail,0.14327842840525382,4437
phoenix_ssp585_mid_2050s_heatwave_extreme_2057,perimeter_bot_zn_2,perimeter,bottom,east,horizontal_GHI__zone_operative_temperature,0.501307492439434,4437
phoenix_ssp585_mid_2050s_heatwave_extreme_2057,perimeter_bot_zn_2,perimeter,bottom,east,horizontal_GHI__zone_p_tail,0.29540147009800866,4437
phoenix_ssp585_mid_2050s_heatwave_extreme_2057,perimeter_bot_zn_1,perimeter,bottom,south,horizontal_GHI__zone_operative_temperature,0.4845585134226835,4437
phoenix_ssp585_mid_2050s_heatwave_extreme_2057,perimeter_bot_zn_1,perimeter,bottom,south,horizontal_GHI__zone_p_tail,0.4081501438425481,4437
phoenix_ssp585_mid_2050s_heatwave_extreme_2057,perimeter_bot_zn_4,perimeter,bottom,west,horizontal_GHI__zone_operative_temperature,0.3011156904539227,4437
phoenix_ssp585_mid_2050s_heatwave_extreme_2057,perimeter_bot_zn_4,perimeter,bottom,west,horizontal_GHI__zone_p_tail,0.10238044390218724,4437
phoenix_ssp585_mid_2050s_heatwave_extreme_2057,perimeter_mid_zn_3,perimeter,middle,north,horizontal_GHI__zone_operative_temperature,0.3954472818821549,4437
phoenix_ssp585_mid_2050s_heatwave_extreme_2057,perimeter_mid_zn_3,perimeter,middle,north,horizontal_GHI__zone_p_tail,0.180053519117153,4437
phoenix_ssp585_mid_2050s_heatwave_extreme_2057,perimeter_mid_zn_2,perimeter,middle,east,horizontal_GHI__zone_operative_temperature,0.5544802479649377,4437
phoenix_ssp585_mid_2050s_heatwave_extreme_2057,perimeter_mid_zn_2,perimeter,middle,east,horizontal_GHI__zone_p_tail,0.2935684969317756,4437
phoenix_ssp585_mid_2050s_heatwave_extreme_2057,perimeter_mid_zn_1,perimeter,middle,south,horizontal_GHI__zone_operative_temperature,0.6338164582196683,4437
phoenix_ssp585_mid_2050s_heatwave_extreme_2057,perimeter_mid_zn_1,perimeter,middle,south,horizontal_GHI__zone_p_tail,0.5148862151398301,4437
phoenix_ssp585_mid_2050s_heatwave_extreme_2057,perimeter_mid_zn_4,perimeter,middle,west,horizontal_GHI__zone_operative_temperature,0.3595027397555116,4437
phoenix_ssp585_mid_2050s_heatwave_extreme_2057,perimeter_mid_zn_4,perimeter,middle,west,horizontal_GHI__zone_p_tail,0.11074361489856492,4437
phoenix_ssp585_mid_2050s_hot_2057,core_bottom,core,bottom,core,horizontal_GHI__zone_operative_temperature,0.3927959444446937,4437
phoenix_ssp585_mid_2050s_hot_2057,core_bottom,core,bottom,core,horizontal_GHI__zone_p_tail,0.04312444630038524,4437
phoenix_ssp585_mid_2050s_hot_2057,core_mid,core,middle,core,horizontal_GHI__zone_operative_temperature,0.3401457492658109,4437
phoenix_ssp585_mid_2050s_hot_2057,core_mid,core,middle,core,horizontal_GHI__zone_p_tail,0.07758984197825562,4437
phoenix_ssp585_mid_2050s_hot_2057,core_top,core,top,core,horizontal_GHI__zone_operative_temperature,0.4187030904689584,4437
phoenix_ssp585_mid_2050s_hot_2057,core_top,core,top,core,horizontal_GHI__zone_p_tail,0.09265532949500577,4437
phoenix_ssp585_mid_2050s_hot_2057,perimeter_top_zn_3,perimeter,top,north,horizontal_GHI__zone_operative_temperature,0.41746318873426486,4437
phoenix_ssp585_mid_2050s_hot_2057,perimeter_top_zn_3,perimeter,top,north,horizontal_GHI__zone_p_tail,0.2000725952273354,4437
phoenix_ssp585_mid_2050s_hot_2057,perimeter_top_zn_2,perimeter,top,east,horizontal_GHI__zone_operative_temperature,0.5720932773409317,4437
phoenix_ssp585_mid_2050s_hot_2057,perimeter_top_zn_2,perimeter,top,east,horizontal_GHI__zone_p_tail,0.33884062400399767,4437
phoenix_ssp585_mid_2050s_hot_2057,perimeter_top_zn_1,perimeter,top,south,horizontal_GHI__zone_operative_temperature,0.638964092401253,4437
phoenix_ssp585_mid_2050s_hot_2057,perimeter_top_zn_1,perimeter,top,south,horizontal_GHI__zone_p_tail,0.5222083425119016,4437
phoenix_ssp585_mid_2050s_hot_2057,perimeter_top_zn_4,perimeter,top,west,horizontal_GHI__zone_operative_temperature,0.37857287294359976,4437
phoenix_ssp585_mid_2050s_hot_2057,perimeter_top_zn_4,perimeter,top,west,horizontal_GHI__zone_p_tail,0.1480979139492938,4437
phoenix_ssp585_mid_2050s_hot_2057,perimeter_bot_zn_3,perimeter,bottom,north,horizontal_GHI__zone_operative_temperature,0.348567886927329,4437
phoenix_ssp585_mid_2050s_hot_2057,perimeter_bot_zn_3,perimeter,bottom,north,horizontal_GHI__zone_p_tail,0.14327842840525382,4437
phoenix_ssp585_mid_2050s_hot_2057,perimeter_bot_zn_2,perimeter,bottom,east,horizontal_GHI__zone_operative_temperature,0.501307492439434,4437
phoenix_ssp585_mid_2050s_hot_2057,perimeter_bot_zn_2,perimeter,bottom,east,horizontal_GHI__zone_p_tail,0.29540147009800866,4437
phoenix_ssp585_mid_2050s_hot_2057,perimeter_bot_zn_1,perimeter,bottom,south,horizontal_GHI__zone_operative_temperature,0.4845585134226835,4437
phoenix_ssp585_mid_2050s_hot_2057,perimeter_bot_zn_1,perimeter,bottom,south,horizontal_GHI__zone_p_tail,0.4081501438425481,4437
phoenix_ssp585_mid_2050s_hot_2057,perimeter_bot_zn_4,perimeter,bottom,west,horizontal_GHI__zone_operative_temperature,0.3011156904539227,4437
phoenix_ssp585_mid_2050s_hot_2057,perimeter_bot_zn_4,perimeter,bottom,west,horizontal_GHI__zone_p_tail,0.10238044390218724,4437
phoenix_ssp585_mid_2050s_hot_2057,perimeter_mid_zn_3,perimeter,middle,north,horizontal_GHI__zone_operative_temperature,0.3954472818821549,4437
phoenix_ssp585_mid_2050s_hot_2057,perimeter_mid_zn_3,perimeter,middle,north,horizontal_GHI__zone_p_tail,0.180053519117153,4437
phoenix_ssp585_mid_2050s_hot_2057,perimeter_mid_zn_2,perimeter,middle,east,horizontal_GHI__zone_operative_temperature,0.5544802479649377,4437
phoenix_ssp585_mid_2050s_hot_2057,perimeter_mid_zn_2,perimeter,middle,east,horizontal_GHI__zone_p_tail,0.2935684969317756,4437
phoenix_ssp585_mid_2050s_hot_2057,perimeter_mid_zn_1,perimeter,middle,south,horizontal_GHI__zone_operative_temperature,0.6338164582196683,4437
phoenix_ssp585_mid_2050s_hot_2057,perimeter_mid_zn_1,perimeter,middle,south,horizontal_GHI__zone_p_tail,0.5148862151398301,4437
phoenix_ssp585_mid_2050s_hot_2057,perimeter_mid_zn_4,perimeter,middle,west,horizontal_GHI__zone_operative_temperature,0.3595027397555116,4437
phoenix_ssp585_mid_2050s_hot_2057,perimeter_mid_zn_4,perimeter,middle,west,horizontal_GHI__zone_p_tail,0.11074361489856492,4437
phoenix_ssp585_mid_2050s_typical_2050,core_bottom,core,bottom,core,horizontal_GHI__zone_operative_temperature,0.40545912391998956,4437
phoenix_ssp585_mid_2050s_typical_2050,core_bottom,core,bottom,core,horizontal_GHI__zone_p_tail,0.10490155932341115,4437
phoenix_ssp585_mid_2050s_typical_2050,core_mid,core,middle,core,horizontal_GHI__zone_operative_temperature,0.3548923348888115,4437
phoenix_ssp585_mid_2050s_typical_2050,core_mid,core,middle,core,horizontal_GHI__zone_p_tail,0.0800347727460362,4437
phoenix_ssp585_mid_2050s_typical_2050,core_top,core,top,core,horizontal_GHI__zone_operative_temperature,0.4359982002900675,4437
phoenix_ssp585_mid_2050s_typical_2050,core_top,core,top,core,horizontal_GHI__zone_p_tail,0.14636810918635332,4437
phoenix_ssp585_mid_2050s_typical_2050,perimeter_top_zn_3,perimeter,top,north,horizontal_GHI__zone_operative_temperature,0.42225448540239824,4437
phoenix_ssp585_mid_2050s_typical_2050,perimeter_top_zn_3,perimeter,top,north,horizontal_GHI__zone_p_tail,0.20141503620901158,4437
phoenix_ssp585_mid_2050s_typical_2050,perimeter_top_zn_2,perimeter,top,east,horizontal_GHI__zone_operative_temperature,0.5635604080715124,4437
phoenix_ssp585_mid_2050s_typical_2050,perimeter_top_zn_2,perimeter,top,east,horizontal_GHI__zone_p_tail,0.3482823464669941,4437
phoenix_ssp585_mid_2050s_typical_2050,perimeter_top_zn_1,perimeter,top,south,horizontal_GHI__zone_operative_temperature,0.5883119499979926,4437
phoenix_ssp585_mid_2050s_typical_2050,perimeter_top_zn_1,perimeter,top,south,horizontal_GHI__zone_p_tail,0.41885052190048816,4437
phoenix_ssp585_mid_2050s_typical_2050,perimeter_top_zn_4,perimeter,top,west,horizontal_GHI__zone_operative_temperature,0.3925920522565731,4437
phoenix_ssp585_mid_2050s_typical_2050,perimeter_top_zn_4,perimeter,top,west,horizontal_GHI__zone_p_tail,0.17508476937790043,4437
phoenix_ssp585_mid_2050s_typical_2050,perimeter_bot_zn_3,perimeter,bottom,north,horizontal_GHI__zone_operative_temperature,0.35860882337196637,4437
phoenix_ssp585_mid_2050s_typical_2050,perimeter_bot_zn_3,perimeter,bottom,north,horizontal_GHI__zone_p_tail,0.13343779820269747,4437
phoenix_ssp585_mid_2050s_typical_2050,perimeter_bot_zn_2,perimeter,bottom,east,horizontal_GHI__zone_operative_temperature,0.49662240874761165,4437
phoenix_ssp585_mid_2050s_typical_2050,perimeter_bot_zn_2,perimeter,bottom,east,horizontal_GHI__zone_p_tail,0.2769581198283709,4437
phoenix_ssp585_mid_2050s_typical_2050,perimeter_bot_zn_1,perimeter,bottom,south,horizontal_GHI__zone_operative_temperature,0.4307940160133465,4437
phoenix_ssp585_mid_2050s_typical_2050,perimeter_bot_zn_1,perimeter,bottom,south,horizontal_GHI__zone_p_tail,0.3220258334526147,4437
phoenix_ssp585_mid_2050s_typical_2050,perimeter_bot_zn_4,perimeter,bottom,west,horizontal_GHI__zone_operative_temperature,0.3170795539830872,4437
phoenix_ssp585_mid_2050s_typical_2050,perimeter_bot_zn_4,perimeter,bottom,west,horizontal_GHI__zone_p_tail,0.12554726823325268,4437
phoenix_ssp585_mid_2050s_typical_2050,perimeter_mid_zn_3,perimeter,middle,north,horizontal_GHI__zone_operative_temperature,0.39973736180436154,4437
phoenix_ssp585_mid_2050s_typical_2050,perimeter_mid_zn_3,perimeter,middle,north,horizontal_GHI__zone_p_tail,0.18187345711440686,4437
phoenix_ssp585_mid_2050s_typical_2050,perimeter_mid_zn_2,perimeter,middle,east,horizontal_GHI__zone_operative_temperature,0.5489366129959138,4437
phoenix_ssp585_mid_2050s_typical_2050,perimeter_mid_zn_2,perimeter,middle,east,horizontal_GHI__zone_p_tail,0.3273788382287935,4437
phoenix_ssp585_mid_2050s_typical_2050,perimeter_mid_zn_1,perimeter,middle,south,horizontal_GHI__zone_operative_temperature,0.5760739176827991,4437
phoenix_ssp585_mid_2050s_typical_2050,perimeter_mid_zn_1,perimeter,middle,south,horizontal_GHI__zone_p_tail,0.4195018996693727,4437
phoenix_ssp585_mid_2050s_typical_2050,perimeter_mid_zn_4,perimeter,middle,west,horizontal_GHI__zone_operative_temperature,0.37167175921053325,4437
phoenix_ssp585_mid_2050s_typical_2050,perimeter_mid_zn_4,perimeter,middle,west,horizontal_GHI__zone_p_tail,0.15091230052095558,4437
phoenix_ssp585_near_2030s_heatwave_extreme_2033,core_bottom,core,bottom,core,horizontal_GHI__zone_operative_temperature,0.4015300967230034,4437
phoenix_ssp585_near_2030s_heatwave_extreme_2033,core_bottom,core,bottom,core,horizontal_GHI__zone_p_tail,0.01790032266215971,4437
phoenix_ssp585_near_2030s_heatwave_extreme_2033,core_mid,core,middle,core,horizontal_GHI__zone_operative_temperature,0.3493152433545783,4437
phoenix_ssp585_near_2030s_heatwave_extreme_2033,core_mid,core,middle,core,horizontal_GHI__zone_p_tail,0.08409403482506131,4437
phoenix_ssp585_near_2030s_heatwave_extreme_2033,core_top,core,top,core,horizontal_GHI__zone_operative_temperature,0.4303173605889105,4437
phoenix_ssp585_near_2030s_heatwave_extreme_2033,core_top,core,top,core,horizontal_GHI__zone_p_tail,0.1242239266295214,4437
phoenix_ssp585_near_2030s_heatwave_extreme_2033,perimeter_top_zn_3,perimeter,top,north,horizontal_GHI__zone_operative_temperature,0.4293444619788889,4437
phoenix_ssp585_near_2030s_heatwave_extreme_2033,perimeter_top_zn_3,perimeter,top,north,horizontal_GHI__zone_p_tail,0.2195186805102302,4437
phoenix_ssp585_near_2030s_heatwave_extreme_2033,perimeter_top_zn_2,perimeter,top,east,horizontal_GHI__zone_operative_temperature,0.583939603145219,4437
phoenix_ssp585_near_2030s_heatwave_extreme_2033,perimeter_top_zn_2,perimeter,top,east,horizontal_GHI__zone_p_tail,0.34776120457988335,4437
phoenix_ssp585_near_2030s_heatwave_extreme_2033,perimeter_top_zn_1,perimeter,top,south,horizontal_GHI__zone_operative_temperature,0.6460068800899346,4437
phoenix_ssp585_near_2030s_heatwave_extreme_2033,perimeter_top_zn_1,perimeter,top,south,horizontal_GHI__zone_p_tail,0.5173014308543864,4437
phoenix_ssp585_near_2030s_heatwave_extreme_2033,perimeter_top_zn_4,perimeter,top,west,horizontal_GHI__zone_operative_temperature,0.3865303028888979,4437
phoenix_ssp585_near_2030s_heatwave_extreme_2033,perimeter_top_zn_4,perimeter,top,west,horizontal_GHI__zone_p_tail,0.15869840292066828,4437
phoenix_ssp585_near_2030s_heatwave_extreme_2033,perimeter_bot_zn_3,perimeter,bottom,north,horizontal_GHI__zone_operative_temperature,0.36847794789284866,4437
phoenix_ssp585_near_2030s_heatwave_extreme_2033,perimeter_bot_zn_3,perimeter,bottom,north,horizontal_GHI__zone_p_tail,0.10303005129660911,4437
phoenix_ssp585_near_2030s_heatwave_extreme_2033,perimeter_bot_zn_2,perimeter,bottom,east,horizontal_GHI__zone_operative_temperature,0.5176950395978713,4437
phoenix_ssp585_near_2030s_heatwave_extreme_2033,perimeter_bot_zn_2,perimeter,bottom,east,horizontal_GHI__zone_p_tail,0.2934137134744943,4437
phoenix_ssp585_near_2030s_heatwave_extreme_2033,perimeter_bot_zn_1,perimeter,bottom,south,horizontal_GHI__zone_operative_temperature,0.5083657099502338,4437
phoenix_ssp585_near_2030s_heatwave_extreme_2033,perimeter_bot_zn_1,perimeter,bottom,south,horizontal_GHI__zone_p_tail,0.4239604993389745,4437
phoenix_ssp585_near_2030s_heatwave_extreme_2033,perimeter_bot_zn_4,perimeter,bottom,west,horizontal_GHI__zone_operative_temperature,0.3076346701311003,4437
phoenix_ssp585_near_2030s_heatwave_extreme_2033,perimeter_bot_zn_4,perimeter,bottom,west,horizontal_GHI__zone_p_tail,0.10974346321236575,4437
phoenix_ssp585_near_2030s_heatwave_extreme_2033,perimeter_mid_zn_3,perimeter,middle,north,horizontal_GHI__zone_operative_temperature,0.4093984704155475,4437
phoenix_ssp585_near_2030s_heatwave_extreme_2033,perimeter_mid_zn_3,perimeter,middle,north,horizontal_GHI__zone_p_tail,0.21067214415370641,4437
phoenix_ssp585_near_2030s_heatwave_extreme_2033,perimeter_mid_zn_2,perimeter,middle,east,horizontal_GHI__zone_operative_temperature,0.5677972553792869,4437
phoenix_ssp585_near_2030s_heatwave_extreme_2033,perimeter_mid_zn_2,perimeter,middle,east,horizontal_GHI__zone_p_tail,0.31037889128100943,4437
phoenix_ssp585_near_2030s_heatwave_extreme_2033,perimeter_mid_zn_1,perimeter,middle,south,horizontal_GHI__zone_operative_temperature,0.6367528200179137,4437
phoenix_ssp585_near_2030s_heatwave_extreme_2033,perimeter_mid_zn_1,perimeter,middle,south,horizontal_GHI__zone_p_tail,0.5052018471687624,4437
phoenix_ssp585_near_2030s_heatwave_extreme_2033,perimeter_mid_zn_4,perimeter,middle,west,horizontal_GHI__zone_operative_temperature,0.36784614634951807,4437
phoenix_ssp585_near_2030s_heatwave_extreme_2033,perimeter_mid_zn_4,perimeter,middle,west,horizontal_GHI__zone_p_tail,0.14284127822460518,4437
phoenix_ssp585_near_2030s_hot_2033,core_bottom,core,bottom,core,horizontal_GHI__zone_operative_temperature,0.4015300967230034,4437
phoenix_ssp585_near_2030s_hot_2033,core_bottom,core,bottom,core,horizontal_GHI__zone_p_tail,0.01790032266215971,4437
phoenix_ssp585_near_2030s_hot_2033,core_mid,core,middle,core,horizontal_GHI__zone_operative_temperature,0.3493152433545783,4437
phoenix_ssp585_near_2030s_hot_2033,core_mid,core,middle,core,horizontal_GHI__zone_p_tail,0.08409403482506131,4437
phoenix_ssp585_near_2030s_hot_2033,core_top,core,top,core,horizontal_GHI__zone_operative_temperature,0.4303173605889105,4437
phoenix_ssp585_near_2030s_hot_2033,core_top,core,top,core,horizontal_GHI__zone_p_tail,0.1242239266295214,4437
phoenix_ssp585_near_2030s_hot_2033,perimeter_top_zn_3,perimeter,top,north,horizontal_GHI__zone_operative_temperature,0.4293444619788889,4437
phoenix_ssp585_near_2030s_hot_2033,perimeter_top_zn_3,perimeter,top,north,horizontal_GHI__zone_p_tail,0.2195186805102302,4437
phoenix_ssp585_near_2030s_hot_2033,perimeter_top_zn_2,perimeter,top,east,horizontal_GHI__zone_operative_temperature,0.583939603145219,4437
phoenix_ssp585_near_2030s_hot_2033,perimeter_top_zn_2,perimeter,top,east,horizontal_GHI__zone_p_tail,0.34776120457988335,4437
phoenix_ssp585_near_2030s_hot_2033,perimeter_top_zn_1,perimeter,top,south,horizontal_GHI__zone_operative_temperature,0.6460068800899346,4437
phoenix_ssp585_near_2030s_hot_2033,perimeter_top_zn_1,perimeter,top,south,horizontal_GHI__zone_p_tail,0.5173014308543864,4437
phoenix_ssp585_near_2030s_hot_2033,perimeter_top_zn_4,perimeter,top,west,horizontal_GHI__zone_operative_temperature,0.3865303028888979,4437
phoenix_ssp585_near_2030s_hot_2033,perimeter_top_zn_4,perimeter,top,west,horizontal_GHI__zone_p_tail,0.15869840292066828,4437
phoenix_ssp585_near_2030s_hot_2033,perimeter_bot_zn_3,perimeter,bottom,north,horizontal_GHI__zone_operative_temperature,0.36847794789284866,4437
phoenix_ssp585_near_2030s_hot_2033,perimeter_bot_zn_3,perimeter,bottom,north,horizontal_GHI__zone_p_tail,0.10303005129660911,4437
phoenix_ssp585_near_2030s_hot_2033,perimeter_bot_zn_2,perimeter,bottom,east,horizontal_GHI__zone_operative_temperature,0.5176950395978713,4437
phoenix_ssp585_near_2030s_hot_2033,perimeter_bot_zn_2,perimeter,bottom,east,horizontal_GHI__zone_p_tail,0.2934137134744943,4437
phoenix_ssp585_near_2030s_hot_2033,perimeter_bot_zn_1,perimeter,bottom,south,horizontal_GHI__zone_operative_temperature,0.5083657099502338,4437
phoenix_ssp585_near_2030s_hot_2033,perimeter_bot_zn_1,perimeter,bottom,south,horizontal_GHI__zone_p_tail,0.4239604993389745,4437
phoenix_ssp585_near_2030s_hot_2033,perimeter_bot_zn_4,perimeter,bottom,west,horizontal_GHI__zone_operative_temperature,0.3076346701311003,4437
phoenix_ssp585_near_2030s_hot_2033,perimeter_bot_zn_4,perimeter,bottom,west,horizontal_GHI__zone_p_tail,0.10974346321236575,4437
phoenix_ssp585_near_2030s_hot_2033,perimeter_mid_zn_3,perimeter,middle,north,horizontal_GHI__zone_operative_temperature,0.4093984704155475,4437
phoenix_ssp585_near_2030s_hot_2033,perimeter_mid_zn_3,perimeter,middle,north,horizontal_GHI__zone_p_tail,0.21067214415370641,4437
phoenix_ssp585_near_2030s_hot_2033,perimeter_mid_zn_2,perimeter,middle,east,horizontal_GHI__zone_operative_temperature,0.5677972553792869,4437
phoenix_ssp585_near_2030s_hot_2033,perimeter_mid_zn_2,perimeter,middle,east,horizontal_GHI__zone_p_tail,0.31037889128100943,4437
phoenix_ssp585_near_2030s_hot_2033,perimeter_mid_zn_1,perimeter,middle,south,horizontal_GHI__zone_operative_temperature,0.6367528200179137,4437
phoenix_ssp585_near_2030s_hot_2033,perimeter_mid_zn_1,perimeter,middle,south,horizontal_GHI__zone_p_tail,0.5052018471687624,4437
phoenix_ssp585_near_2030s_hot_2033,perimeter_mid_zn_4,perimeter,middle,west,horizontal_GHI__zone_operative_temperature,0.36784614634951807,4437
phoenix_ssp585_near_2030s_hot_2033,perimeter_mid_zn_4,perimeter,middle,west,horizontal_GHI__zone_p_tail,0.14284127822460518,4437
phoenix_ssp585_near_2030s_typical_2034,core_bottom,core,bottom,core,horizontal_GHI__zone_operative_temperature,0.42513959644759614,4437
phoenix_ssp585_near_2030s_typical_2034,core_bottom,core,bottom,core,horizontal_GHI__zone_p_tail,0.02985194387400952,4437
phoenix_ssp585_near_2030s_typical_2034,core_mid,core,middle,core,horizontal_GHI__zone_operative_temperature,0.36834147491192015,4437
phoenix_ssp585_near_2030s_typical_2034,core_mid,core,middle,core,horizontal_GHI__zone_p_tail,0.08518569764909462,4437
phoenix_ssp585_near_2030s_typical_2034,core_top,core,top,core,horizontal_GHI__zone_operative_temperature,0.4566950339172284,4437
phoenix_ssp585_near_2030s_typical_2034,core_top,core,top,core,horizontal_GHI__zone_p_tail,0.12550629812690156,4437
phoenix_ssp585_near_2030s_typical_2034,perimeter_top_zn_3,perimeter,top,north,horizontal_GHI__zone_operative_temperature,0.45452337579717583,4437
phoenix_ssp585_near_2030s_typical_2034,perimeter_top_zn_3,perimeter,top,north,horizontal_GHI__zone_p_tail,0.20479236364571587,4437
phoenix_ssp585_near_2030s_typical_2034,perimeter_top_zn_2,perimeter,top,east,horizontal_GHI__zone_operative_temperature,0.6065393564527818,4437
phoenix_ssp585_near_2030s_typical_2034,perimeter_top_zn_2,perimeter,top,east,horizontal_GHI__zone_p_tail,0.3305521240972019,4437
phoenix_ssp585_near_2030s_typical_2034,perimeter_top_zn_1,perimeter,top,south,horizontal_GHI__zone_operative_temperature,0.6768234777314533,4437
phoenix_ssp585_near_2030s_typical_2034,perimeter_top_zn_1,perimeter,top,south,horizontal_GHI__zone_p_tail,0.5360383128226269,4437
phoenix_ssp585_near_2030s_typical_2034,perimeter_top_zn_4,perimeter,top,west,horizontal_GHI__zone_operative_temperature,0.4084012028372249,4437
phoenix_ssp585_near_2030s_typical_2034,perimeter_top_zn_4,perimeter,top,west,horizontal_GHI__zone_p_tail,0.17895733125961033,4437
phoenix_ssp585_near_2030s_typical_2034,perimeter_bot_zn_3,perimeter,bottom,north,horizontal_GHI__zone_operative_temperature,0.38531987245073124,4437
phoenix_ssp585_near_2030s_typical_2034,perimeter_bot_zn_3,perimeter,bottom,north,horizontal_GHI__zone_p_tail,0.1401939851051777,4437
phoenix_ssp585_near_2030s_typical_2034,perimeter_bot_zn_2,perimeter,bottom,east,horizontal_GHI__zone_operative_temperature,0.5376205033492438,4437
phoenix_ssp585_near_2030s_typical_2034,perimeter_bot_zn_2,perimeter,bottom,east,horizontal_GHI__zone_p_tail,0.3241937711325138,4437
phoenix_ssp585_near_2030s_typical_2034,perimeter_bot_zn_1,perimeter,bottom,south,horizontal_GHI__zone_operative_temperature,0.5144112837999981,4437
phoenix_ssp585_near_2030s_typical_2034,perimeter_bot_zn_1,perimeter,bottom,south,horizontal_GHI__zone_p_tail,0.43031008205271315,4437
phoenix_ssp585_near_2030s_typical_2034,perimeter_bot_zn_4,perimeter,bottom,west,horizontal_GHI__zone_operative_temperature,0.32254175633281423,4437
phoenix_ssp585_near_2030s_typical_2034,perimeter_bot_zn_4,perimeter,bottom,west,horizontal_GHI__zone_p_tail,0.11380406056319903,4437
phoenix_ssp585_near_2030s_typical_2034,perimeter_mid_zn_3,perimeter,middle,north,horizontal_GHI__zone_operative_temperature,0.43039024802258874,4437
phoenix_ssp585_near_2030s_typical_2034,perimeter_mid_zn_3,perimeter,middle,north,horizontal_GHI__zone_p_tail,0.19251020737299948,4437
phoenix_ssp585_near_2030s_typical_2034,perimeter_mid_zn_2,perimeter,middle,east,horizontal_GHI__zone_operative_temperature,0.5888928372843183,4437
phoenix_ssp585_near_2030s_typical_2034,perimeter_mid_zn_2,perimeter,middle,east,horizontal_GHI__zone_p_tail,0.294153949679963,4437
phoenix_ssp585_near_2030s_typical_2034,perimeter_mid_zn_1,perimeter,middle,south,horizontal_GHI__zone_operative_temperature,0.6675772480055204,4437
phoenix_ssp585_near_2030s_typical_2034,perimeter_mid_zn_1,perimeter,middle,south,horizontal_GHI__zone_p_tail,0.5298524659052682,4437
phoenix_ssp585_near_2030s_typical_2034,perimeter_mid_zn_4,perimeter,middle,west,horizontal_GHI__zone_operative_temperature,0.38769628830153374,4437
phoenix_ssp585_near_2030s_typical_2034,perimeter_mid_zn_4,perimeter,middle,west,horizontal_GHI__zone_p_tail,0.1488464394419472,4437
